date,return_no_overlay,nav_no_overlay,return_amount_ma15_zz3_cyb5_scale0,nav_amount_ma15_zz3_cyb5_scale0,current_rule_weight,current_rule_holding
2010-09-29,0.0001211499702025165,1.0001211499702025,0.0001211499702025165,1.0001211499702025,0.0,cash
2010-09-30,0.0001211499702025165,1.0002423146177204,0.0001211499702025165,1.0002423146177204,0.0,cash
2010-10-08,0.0001211499702025165,1.0003634939443315,0.0001211499702025165,1.0003634939443315,0.0,cash
2010-10-11,0.0001211499702025165,1.0004846879518146,0.0001211499702025165,1.0004846879518146,0.0,cash
2010-10-12,0.0001211499702025165,1.000605896641948,0.0001211499702025165,1.000605896641948,0.0,cash
2010-10-13,0.0001211499702025165,1.0007271200165107,0.0001211499702025165,1.0007271200165107,0.0,cash
2010-10-14,-0.0008789711797676514,0.9998475097192042,-0.0008789711797676514,0.9998475097192042,1.0,1.H00016
2010-10-15,0.04329755804443258,1.0431384653068527,0.04329755804443258,1.0431384653068527,1.0,1.H00016
2010-10-18,-0.005623550115990694,1.037272323869282,-0.005623550115990694,1.037272323869282,1.0,1.H00016
2010-10-19,0.01634260339321192,1.054224054069033,0.01634260339321192,1.054224054069033,1.0,1.H00016
2010-10-20,0.0030117501790825063,1.0573991135526686,0.0030117501790825063,1.0573991135526686,1.0,1.H00016
2010-10-21,-0.017487511738571215,1.0389078341420614,-0.017487511738571215,1.0389078341420614,1.0,1.H00016
2010-10-22,-0.006321132824108622,1.0323407597304424,-0.006321132824108622,1.0323407597304424,1.0,1.H00016
2010-10-25,0.028411846487115477,1.0616714669182958,0.028411846487115477,1.0616714669182958,1.0,1.H00016
2010-10-26,-0.009694964277573881,1.0513785999720036,-0.009694964277573881,1.0513785999720036,1.0,1.H00016
2010-10-27,-0.02061152006984246,1.0297080888576777,-0.02061152006984246,1.0297080888576777,1.0,1.H00016
2010-10-28,-0.0005105327774199697,1.0291823891271414,-0.0005105327774199697,1.0291823891271414,1.0,1.H00016
2010-10-29,-0.015623796493361652,1.0131026529248672,-0.015623796493361652,1.0131026529248672,1.0,1.H00016
2010-11-01,0.020329757310940888,1.0336987839899001,0.020329757310940888,1.0336987839899001,1.0,0.399606
2010-11-02,-0.029232961720243922,1.0034807070072607,-0.029232961720243922,1.0034807070072607,1.0,0.399606
2010-11-03,-0.03211090153957641,0.971258036827686,-0.03211090153957641,0.971258036827686,1.0,0.399606
2010-11-04,0.016424916723464245,0.9872108691995761,0.016424916723464245,0.9872108691995761,1.0,0.399606
2010-11-05,0.013713379044596907,1.000748866045856,0.013713379044596907,1.000748866045856,1.0,0.399606
2010-11-08,0.03248737585480854,1.033260570593361,0.03248737585480854,1.033260570593361,1.0,0.399606
2010-11-09,0.007760262044197219,1.0412789433811023,0.007760262044197219,1.0412789433811023,1.0,0.399606
2010-11-10,0.023244777536017835,1.0654832407729358,0.023244777536017835,1.0654832407729358,1.0,0.399606
2010-11-11,-0.0077618418404402645,1.0572131283744166,-0.0077618418404402645,1.0572131283744166,1.0,0.399606
2010-11-12,-0.044563012611341546,1.0101005264017917,-0.044563012611341546,1.0101005264017917,1.0,0.399606
2010-11-15,0.06126254188319802,1.071981852206722,0.06126254188319802,1.071981852206722,1.0,0.399606
2010-11-16,-0.01947396802755419,1.0511061118907299,-0.01947396802755419,1.0511061118907299,1.0,0.399606
2010-11-17,-0.03625316006564061,1.013000193770382,-0.03625316006564061,1.013000193770382,1.0,0.399606
2010-11-18,0.016116265370738514,1.0293259737137952,0.016116265370738514,1.0293259737137952,1.0,0.399606
2010-11-19,0.04563447132673293,1.0762987203470988,0.04563447132673293,1.0762987203470988,1.0,0.399606
2010-11-22,0.018876096918665652,1.0966150393058065,0.018876096918665652,1.0966150393058065,1.0,0.399606
2010-11-23,0.007286423615834536,1.1046054410256836,0.007286423615834536,1.1046054410256836,1.0,0.399606
2010-11-24,0.02108497294742273,1.127896016867286,0.02108497294742273,1.127896016867286,1.0,0.399606
2010-11-25,-0.018285374180588843,1.107272016162072,-0.018285374180588843,1.107272016162072,1.0,0.399606
2010-11-26,0.008150961190309891,1.1162973473929252,0.008150961190309891,1.1162973473929252,1.0,0.399606
2010-11-29,0.020137479432375427,1.1387767622664655,0.020137479432375427,1.1387767622664655,1.0,0.399606
2010-11-30,-0.03164453323290051,1.1027407031680696,-0.03164453323290051,1.1027407031680696,1.0,0.399606
2010-12-01,-0.0036610215349234254,1.0987035457063348,-0.0036610215349234254,1.0987035457063348,1.0,0.399606
2010-12-02,0.0005685675492190789,1.0993282328886353,0.0005685675492190789,1.0993282328886353,1.0,0.399606
2010-12-03,-0.016894671223930624,1.0807554438267972,-0.016894671223930624,1.0807554438267972,1.0,0.399606
2010-12-06,-0.02132214985118419,1.057711414301039,-0.02132214985118419,1.057711414301039,0.0,cash
2010-12-07,0.0001211499702025165,1.0578395560073646,0.0001211499702025165,1.0578395560073646,0.0,cash
2010-12-08,0.0001211499702025165,1.0579677132380538,0.0001211499702025165,1.0579677132380538,0.0,cash
2010-12-09,0.0001211499702025165,1.0580958859949878,0.0001211499702025165,1.0580958859949878,0.0,cash
2010-12-10,0.0001211499702025165,1.0582240742800475,0.0001211499702025165,1.0582240742800475,0.0,cash
2010-12-13,0.0001211499702025165,1.058352278095114,0.0001211499702025165,1.058352278095114,0.0,cash
2010-12-14,0.0001211499702025165,1.058480497442069,0.0001211499702025165,1.058480497442069,0.0,cash
2010-12-15,0.0001211499702025165,1.058608732322794,0.0001211499702025165,1.058608732322794,0.0,cash
2010-12-16,0.0001211499702025165,1.058736982739171,0.0001211499702025165,1.058736982739171,0.0,cash
2010-12-17,0.0001211499702025165,1.0588652486930823,0.0001211499702025165,1.0588652486930823,0.0,cash
2010-12-20,0.0001211499702025165,1.05899353018641,0.0001211499702025165,1.05899353018641,0.0,cash
2010-12-21,0.0001211499702025165,1.0591218272210368,0.0001211499702025165,1.0591218272210368,0.0,cash
2010-12-22,0.0001211499702025165,1.0592501397988454,0.0001211499702025165,1.0592501397988454,0.0,cash
2010-12-23,0.0001211499702025165,1.059378467921719,0.0001211499702025165,1.059378467921719,0.0,cash
2010-12-24,0.0001211499702025165,1.059506811591541,0.0001211499702025165,1.059506811591541,0.0,cash
2010-12-27,0.0001211499702025165,1.0596351708101945,0.0001211499702025165,1.0596351708101945,0.0,cash
2010-12-28,0.0001211499702025165,1.0597635455795638,0.0001211499702025165,1.0597635455795638,0.0,cash
2010-12-29,0.0001211499702025165,1.0598919359015324,0.0001211499702025165,1.0598919359015324,0.0,cash
2010-12-30,0.0001211499702025165,1.0600203417779848,0.0001211499702025165,1.0600203417779848,0.0,cash
2010-12-31,0.0001211499702025165,1.0601487632108053,0.0001211499702025165,1.0601487632108053,0.0,cash
2011-01-04,0.0001211499702025165,1.0602772002018785,0.0001211499702025165,1.0602772002018785,0.0,cash
2011-01-05,0.0001211499702025165,1.0604056527530894,0.0001211499702025165,1.0604056527530894,0.0,cash
2011-01-06,0.0001211499702025165,1.060534120866323,0.0001211499702025165,1.060534120866323,0.0,cash
2011-01-07,0.0001211499702025165,1.0606626045434648,0.0001211499702025165,1.0606626045434648,0.0,cash
2011-01-10,0.0001211499702025165,1.0607911037864002,0.0001211499702025165,1.0607911037864002,0.0,cash
2011-01-11,0.0001211499702025165,1.060919618597015,0.0001211499702025165,1.060919618597015,0.0,cash
2011-01-12,0.0001211499702025165,1.0610481489771952,0.0001211499702025165,1.0610481489771952,0.0,cash
2011-01-13,0.0001211499702025165,1.0611766949288273,0.0001211499702025165,1.0611766949288273,0.0,cash
2011-01-14,0.0001211499702025165,1.0613052564537975,0.0001211499702025165,1.0613052564537975,0.0,cash
2011-01-17,0.0001211499702025165,1.0614338335539926,0.0001211499702025165,1.0614338335539926,0.0,cash
2011-01-18,0.0001211499702025165,1.0615624262312995,0.0001211499702025165,1.0615624262312995,0.0,cash
2011-01-19,0.0001211499702025165,1.0616910344876056,0.0001211499702025165,1.0616910344876056,0.0,cash
2011-01-20,0.0001211499702025165,1.061819658324798,0.0001211499702025165,1.061819658324798,0.0,cash
2011-01-21,0.0001211499702025165,1.0619482977447645,0.0001211499702025165,1.0619482977447645,0.0,cash
2011-01-24,0.0001211499702025165,1.062076952749393,0.0001211499702025165,1.062076952749393,0.0,cash
2011-01-25,0.0001211499702025165,1.0622056233405712,0.0001211499702025165,1.0622056233405712,0.0,cash
2011-01-26,0.0001211499702025165,1.0623343095201878,0.0001211499702025165,1.0623343095201878,0.0,cash
2011-01-27,0.0001211499702025165,1.0624630112901312,0.0001211499702025165,1.0624630112901312,0.0,cash
2011-01-28,0.0001211499702025165,1.0625917286522903,0.0001211499702025165,1.0625917286522903,0.0,cash
2011-01-31,0.0001211499702025165,1.062720461608554,0.0001211499702025165,1.062720461608554,0.0,cash
2011-02-01,0.0001211499702025165,1.0628492101608114,0.0001211499702025165,1.0628492101608114,0.0,cash
2011-02-09,0.0001211499702025165,1.0629779743109522,0.0001211499702025165,1.0629779743109522,0.0,cash
2011-02-10,0.0001211499702025165,1.0631067540608659,0.0001211499702025165,1.0631067540608659,0.0,cash
2011-02-11,0.0001211499702025165,1.0632355494124424,0.0001211499702025165,1.0632355494124424,0.0,cash
2011-02-14,-0.0010367780714127806,1.0621332101100651,-0.0010367780714127806,1.0621332101100651,1.157787775660833,1.H20955
2011-02-15,-0.005070291195336196,1.05674788544657,-0.005070291195336196,1.05674788544657,0.0,cash
2011-02-16,-0.0010890970783318243,1.0555969844119968,-0.0010890970783318243,1.0555969844119968,1.2101004449015003,1.H00905
2011-02-17,0.008471569551600666,1.064539547683903,0.008471569551600666,1.064539547683903,1.2179730160081677,1.H00905
2011-02-18,-0.011272437371322441,1.0525395923033403,-0.011272437371322441,1.0525395923033403,1.2167872891621692,1.H00905
2011-02-21,0.02496822966034684,1.0788196425705778,0.02496822966034684,1.0788196425705778,1.223834371520416,1.H00905
2011-02-22,-0.03236721538122789,1.0439012548419966,-0.03236721538122789,1.0439012548419966,1.2128873964774949,1.H00905
2011-02-23,0.017094227203664936,1.0617459400704565,0.017094227203664936,1.0617459400704565,1.2149880757142604,1.H00905
2011-02-24,0.011849966758403108,1.074327594166161,0.011849966758403108,1.074327594166161,1.212021885539137,1.H00905
2011-02-25,0.0011843922241072669,1.0756000194148352,0.0011843922241072669,1.0756000194148352,1.2231958220986967,1.H00905
2011-02-28,0.012657411336860491,1.089214331294504,0.012657411336860491,1.089214331294504,1.2232405747693842,1.H00852
2011-03-01,0.005918552197311966,1.0956609031683306,0.005918552197311966,1.0956609031683306,1.2276906302679786,1.H00852
2011-03-02,-0.002547165819934083,1.092870073165542,-0.002547165819934083,1.092870073165542,1.2420044123459604,1.H00852
2011-03-03,-0.022248944694844064,1.0685548673490317,-0.022248944694844064,1.0685548673490317,1.2729171662681658,1.H00852
2011-03-04,0.015342890780991825,1.084949587972265,0.015342890780991825,1.084949587972265,1.3002680359518646,1.H00852
2011-03-07,0.01187710257058372,1.0978356455125242,0.01187710257058372,1.0978356455125242,1.304500934020855,1.H00905
2011-03-08,0.006938353171251244,1.1054528169450788,0.005626957398407129,1.104013119920276,0.0,cash
2011-03-09,0.0038777118085091544,1.1097394443870965,0.0001211499702025165,1.1041468710768576,0.0,cash
2011-03-10,-0.009897125879566038,1.0987562134124778,-0.0012262235504383323,1.1027929401804004,1.347210306152378,1.H00905
2011-03-11,-0.0010227388325309006,1.0976324727655362,-0.0010256776030928005,1.1016618301608085,1.369016214776611,1.H00905
2011-03-14,0.01331991395090637,1.1122528428524938,0.01334855775560606,1.1163674267278567,1.372035662966128,1.H00905
2011-03-15,-0.015625484386001087,1.094873353423217,-0.015661071424569184,1.0988839167218092,1.470211972660211,1.H00905
2011-03-16,0.016357841706142517,1.1127831184267873,0.01640679878353013,1.1169130840299213,1.5,1.H00852
2011-03-17,-0.028622163678186596,1.080932857872853,-0.028622163678186596,1.0849446149245088,1.5,1.H00852
2011-03-18,0.011232368566595596,1.0930742941282243,0.011232368566595596,1.097131112713684,1.5,1.H00852
2011-03-21,-0.009403924074835146,1.0827951064580885,-0.009403924074835146,1.0868137750295852,0.0,cash
2011-03-22,-0.0013790317547527353,1.081301897622392,-0.0013790317547527353,1.0853150243223166,1.5,1.H00852
2011-03-23,0.01620199907630271,1.0988211499688745,0.01620199907630271,1.1028992973438843,1.5,1.H00852
2011-03-24,0.006965502328751594,1.1064749912478642,0.005455054075258481,1.1089156726504596,0.0,cash
2011-03-25,0.007945997266665339,1.1152670385039534,0.0001211499702025165,1.1090500177511584,0.0,cash
2011-03-28,-0.0025067371393636684,1.1124713571982274,-0.0013790317547527353,1.1075206025590705,1.5,1.H00852
2011-03-29,-0.025806062234904115,1.0837628521198217,-0.025806062234904115,1.0789398569629927,0.0,cash
2011-03-30,0.0001211499702025165,1.0838941499570627,0.0001211499702025165,1.079070570494514,0.0,cash
2011-03-31,0.0001211499702025165,1.0840254637010327,0.0001211499702025165,1.0792012998619758,0.0,cash
2011-04-01,0.0001211499702025165,1.0841567933536589,0.0001211499702025165,1.0793320450672965,0.0,cash
2011-04-06,-0.0013790317547527353,1.0826617067084934,0.0001211499702025165,1.079462806112395,0.0,cash
2011-04-07,-0.0010054529590841632,1.0815731412917962,0.0001211499702025165,1.0795935829991903,0.0,cash
2011-04-08,0.007465892053949652,1.089648049613132,0.0001211499702025165,1.0797243757296016,0.0,cash
2011-04-11,-0.006478739773700171,1.0825885034547686,0.0001211499702025165,1.0798551843055482,0.0,cash
2011-04-12,-0.0070470909264575,1.0749594038349854,0.0001211499702025165,1.07998600872895,0.0,cash
2011-04-13,0.023070342008379097,1.099759084926582,0.0001211499702025165,1.0801168490017266,0.0,cash
2011-04-14,-0.00625363613261154,1.0928815917759171,0.0001211499702025165,1.0802477051257984,0.0,cash
2011-04-15,0.007430316140693893,1.101002047507157,0.0001211499702025165,1.0803785771030856,0.0,cash
2011-04-18,0.00013605929153026608,1.1011518490657142,0.0001211499702025165,1.0805094649355091,0.0,cash
2011-04-19,-0.0337297811782693,1.064010238152681,-0.0013790317547527353,1.079019408072052,1.5,1.H00016
2011-04-20,-0.008405492983601714,1.0550667075614082,-0.008405492983601714,1.0699497180083324,1.5,1.H20955
2011-04-21,0.013733616664862502,1.0695565892789152,0.013733616664862502,1.0846439972861366,1.5,1.H20955
2011-04-22,-0.0022587913957459183,1.0671406840577886,-0.0022587913957459183,1.0821940127576193,1.5,1.H20955
2011-04-25,-0.01715666824975348,1.0488321053655942,-0.01715666824975348,1.0636271690988672,1.5,1.H20955
2011-04-26,-0.020443414127965798,1.0273903962848991,-0.020443414127965798,1.0418829984032232,0.0,cash
2011-04-27,0.0001211499702025165,1.0275148646007954,0.0001211499702025165,1.0420092224974342,0.0,cash
2011-04-28,0.0001211499702025165,1.0276393479960244,0.0001211499702025165,1.0421354618836904,0.0,cash
2011-04-29,0.0001211499702025165,1.027763846472413,0.0001211499702025165,1.0422617165638446,0.0,cash
2011-05-03,0.0001211499702025165,1.0278883600317883,0.0001211499702025165,1.0423879865397496,0.0,cash
2011-05-04,0.0001211499702025165,1.0280128886759776,0.0001211499702025165,1.0425142718132583,0.0,cash
2011-05-05,0.0001211499702025165,1.0281374324068084,0.0001211499702025165,1.0426405723862242,0.0,cash
2011-05-06,0.0001211499702025165,1.0282619912261086,0.0001211499702025165,1.0427668882605008,0.0,cash
2011-05-09,0.0001211499702025165,1.028386565135706,0.0001211499702025165,1.0428932194379417,0.0,cash
2011-05-10,0.0001211499702025165,1.028511154137429,0.0001211499702025165,1.043019565920401,0.0,cash
2011-05-11,0.0001211499702025165,1.0286357582331056,0.0001211499702025165,1.0431459277097328,0.0,cash
2011-05-12,0.0001211499702025165,1.0287603774245648,0.0001211499702025165,1.0432723048077917,0.0,cash
2011-05-13,0.0001211499702025165,1.0288850117136354,0.0001211499702025165,1.0433986972164322,0.0,cash
2011-05-16,0.0001211499702025165,1.0290096611021464,0.0001211499702025165,1.0435251049375094,0.0,cash
2011-05-17,0.0001211499702025165,1.029134325591927,0.0001211499702025165,1.0436515279728782,0.0,cash
2011-05-18,0.0001211499702025165,1.0292590051848067,0.0001211499702025165,1.043777966324394,0.0,cash
2011-05-19,0.0001211499702025165,1.0293836998826156,0.0001211499702025165,1.0439044199939123,0.0,cash
2011-05-20,0.0001211499702025165,1.0295084096871834,0.0001211499702025165,1.0440308889832888,0.0,cash
2011-05-23,0.0001211499702025165,1.0296331346003402,0.0001211499702025165,1.0441573732943796,0.0,cash
2011-05-24,0.0001211499702025165,1.0297578746239167,0.0001211499702025165,1.044283872929041,0.0,cash
2011-05-25,0.0001211499702025165,1.0298826297597432,0.0001211499702025165,1.0444103878891293,0.0,cash
2011-05-26,0.0001211499702025165,1.0300074000096506,0.0001211499702025165,1.0445369181765012,0.0,cash
2011-05-27,0.0001211499702025165,1.0301321853754701,0.0001211499702025165,1.0446634637930137,0.0,cash
2011-05-30,0.0001211499702025165,1.030256985859033,0.0001211499702025165,1.044790024740524,0.0,cash
2011-05-31,0.0001211499702025165,1.0303818014621706,0.0001211499702025165,1.0449166010208892,0.0,cash
2011-06-01,0.0001211499702025165,1.030506632186715,0.0001211499702025165,1.0450431926359671,0.0,cash
2011-06-02,0.0001211499702025165,1.0306314780344978,0.0001211499702025165,1.0451697995876152,0.0,cash
2011-06-03,0.0001211499702025165,1.0307563390073515,0.0001211499702025165,1.045296421877692,0.0,cash
2011-06-07,0.0001211499702025165,1.0308812151071083,0.0001211499702025165,1.0454230595080551,0.0,cash
2011-06-08,0.0001211499702025165,1.0310061063356009,0.0001211499702025165,1.0455497124805635,0.0,cash
2011-06-09,0.0001211499702025165,1.031131012694662,0.0001211499702025165,1.0456763807970757,0.0,cash
2011-06-10,0.0001211499702025165,1.031255934186125,0.0001211499702025165,1.0458030644594507,0.0,cash
2011-06-13,0.0001211499702025165,1.0313808708118228,0.0001211499702025165,1.0459297634695477,0.0,cash
2011-06-14,0.0001211499702025165,1.0315058225735891,0.0001211499702025165,1.046056477829226,0.0,cash
2011-06-15,0.0001211499702025165,1.0316307894732577,0.0001211499702025165,1.0461832075403452,0.0,cash
2011-06-16,0.0001211499702025165,1.0317557715126624,0.0001211499702025165,1.046309952604765,0.0,cash
2011-06-17,0.0001211499702025165,1.0318807686936375,0.0001211499702025165,1.0464367130243457,0.0,cash
2011-06-20,0.0001211499702025165,1.0320057810180174,0.0001211499702025165,1.0465634888009474,0.0,cash
2011-06-21,0.0001211499702025165,1.0321308084876366,0.0001211499702025165,1.0466902799364306,0.0,cash
2011-06-22,0.0001211499702025165,1.03225585110433,0.0001211499702025165,1.0468170864326563,0.0,cash
2011-06-23,0.0001211499702025165,1.0323809088699327,0.0001211499702025165,1.046943908291485,0.0,cash
2011-06-24,0.0001211499702025165,1.03250598178628,0.0001211499702025165,1.0470707455147783,0.0,cash
2011-06-27,-0.0013790317547527353,1.0310821232504246,-0.0013790317547527353,1.0456268017072408,1.5,0.399606
2011-06-28,-0.0009964793213805834,1.0300546712359604,-0.0009964793213805834,1.0445848562214581,0.0,cash
2011-06-29,0.0001211499702025165,1.0301794623286875,0.0001211499702025165,1.0447114076456634,0.0,cash
2011-06-30,0.0001211499702025165,1.0303042685398518,0.0001211499702025165,1.04483797440157,0.0,cash
2011-07-01,0.0001211499702025165,1.030429089871285,0.0001211499702025165,1.044964556491035,0.0,cash
2011-07-04,0.0001211499702025165,1.0305539263248187,0.0001211499702025165,1.0450911539159167,0.0,cash
2011-07-05,-0.0013790317547527353,1.0291327597354316,-0.0013790317547527353,1.0436499400280554,1.5,0.399606
2011-07-06,0.018383637173916778,1.0480519629941996,0.018383637173916778,1.0628360218621111,1.5,0.399606
2011-07-07,0.009232713195657105,1.0577283261826704,0.009232713195657105,1.0726488820259772,1.5,0.399606
2011-07-08,-0.00820420298240887,1.0490505082944241,-0.00820420298240887,1.0638486528689821,1.5,0.399606
2011-07-11,0.014018931510999089,1.0637570755217824,0.014018931510999089,1.078762674271621,1.5,0.399606
2011-07-12,-0.019614967853628595,1.0428915146813527,-0.019614967853628595,1.0576027790940887,1.5,0.399606
2011-07-13,0.036240390590513094,1.0806863105169366,0.036240390590513094,1.0959307168980705,1.5,0.399606
2011-07-14,0.03228360317156875,1.1155747585186122,0.03228360317156875,1.1313113092659408,1.5,0.399606
2011-07-15,0.029684919815158528,1.148690505773052,0.029684919815158528,1.1648941947674822,1.5,0.399606
2011-07-18,-0.007966847816747391,1.1395390633250155,-0.007966847816747391,1.1556136599951572,1.5,0.399606
2011-07-19,-0.029901611656839133,1.1054650087856728,-0.029901611656839133,1.1210589491086436,1.5,0.399606
2011-07-20,0.005640160490066881,1.111700008851377,0.005640160490066881,1.127381901500442,1.5,0.399606
2011-07-21,-0.024968855348566965,1.0839421321393665,-0.024968855348566965,1.0992324658792851,1.5,0.399606
2011-07-22,0.01407609576657709,1.099199805396788,0.01407609576657709,1.1147053673387326,1.5,0.399606
2011-07-25,-0.060011582763690896,1.0332350853013856,-0.060011582763690896,1.0478101339295538,1.5,0.399606
2011-07-26,0.009205730579158855,1.0427467691216044,0.007691921983290273,1.0558698077330408,0.0,cash
2011-07-27,0.03859560688970376,1.0829922135081305,0.0001211499702025165,1.0559977263287854,0.0,cash
2011-07-28,0.0062500783084744604,1.0897609996500244,0.0001211499702025165,1.056125660421864,0.0,cash
2011-07-29,-0.010037576054065633,1.0788224407352827,0.0001211499702025165,1.0562536100141542,0.0,cash
2011-08-01,0.02155771538388196,1.1020793878623987,0.0001211499702025165,1.0563815751075336,0.0,cash
2011-08-02,0.0001211499702025165,1.102212904747399,0.0001211499702025165,1.0565095557038804,0.0,cash
2011-08-03,0.0001211499702025165,1.102346437807966,0.0001211499702025165,1.0566375518050726,0.0,cash
2011-08-04,0.0001211499702025165,1.1024799870460593,0.0001211499702025165,1.0567655634129887,0.0,cash
2011-08-05,0.0001211499702025165,1.102613552463639,0.0001211499702025165,1.0568935905295072,0.0,cash
2011-08-08,0.0001211499702025165,1.1027471340626647,0.0001211499702025165,1.057021633156507,0.0,cash
2011-08-09,0.0001211499702025165,1.1028807318450973,0.0001211499702025165,1.0571496912958673,0.0,cash
2011-08-10,0.0001211499702025165,1.1030143458128971,0.0001211499702025165,1.0572777649494673,0.0,cash
2011-08-11,0.0001211499702025165,1.1031479759680254,0.0001211499702025165,1.0574058541191869,0.0,cash
2011-08-12,0.0001211499702025165,1.1032816223124429,0.0001211499702025165,1.0575339588069053,0.0,cash
2011-08-15,0.0001211499702025165,1.103415284848111,0.0001211499702025165,1.0576620790145028,0.0,cash
2011-08-16,0.0001211499702025165,1.1035489635769913,0.0001211499702025165,1.0577902147438598,0.0,cash
2011-08-17,0.0001211499702025165,1.1036826585010457,0.0001211499702025165,1.0579183659968565,0.0,cash
2011-08-18,0.0001211499702025165,1.1038163696222363,0.0001211499702025165,1.0580465327753736,0.0,cash
2011-08-19,0.0001211499702025165,1.103950096942525,0.0001211499702025165,1.0581747150812923,0.0,cash
2011-08-22,0.0001211499702025165,1.1040838404638749,0.0001211499702025165,1.0583029129164936,0.0,cash
2011-08-23,0.0001211499702025165,1.1042176001882482,0.0001211499702025165,1.0584311262828587,0.0,cash
2011-08-24,0.0001211499702025165,1.104351376117608,0.0001211499702025165,1.0585593551822694,0.0,cash
2011-08-25,0.0001211499702025165,1.1044851682539178,0.0001211499702025165,1.0586875996166074,0.0,cash
2011-08-26,0.0001211499702025165,1.104618976599141,0.0001211499702025165,1.0588158595877548,0.0,cash
2011-08-29,0.0001211499702025165,1.1047528011552412,0.0001211499702025165,1.0589441350975939,0.0,cash
2011-08-30,0.0001211499702025165,1.1048866419241823,0.0001211499702025165,1.0590724261480071,0.0,cash
2011-08-31,0.0001211499702025165,1.1050204989079286,0.0001211499702025165,1.0592007327408772,0.0,cash
2011-09-01,0.0001211499702025165,1.1051543721084445,0.0001211499702025165,1.0593290548780874,0.0,cash
2011-09-02,0.0001211499702025165,1.1052882615276947,0.0001211499702025165,1.0594573925615205,0.0,cash
2011-09-05,0.0001211499702025165,1.1054221671676439,0.0001211499702025165,1.0595857457930602,0.0,cash
2011-09-06,0.0001211499702025165,1.1055560890302574,0.0001211499702025165,1.05971411457459,0.0,cash
2011-09-07,0.0001211499702025165,1.1056900271175005,0.0001211499702025165,1.059842498907994,0.0,cash
2011-09-08,0.0001211499702025165,1.105823981431339,0.0001211499702025165,1.059970898795156,0.0,cash
2011-09-09,0.0001211499702025165,1.1059579519737388,0.0001211499702025165,1.0600993142379604,0.0,cash
2011-09-13,0.0001211499702025165,1.1060919387466657,0.0001211499702025165,1.060227745238292,0.0,cash
2011-09-14,0.0001211499702025165,1.106225941752086,0.0001211499702025165,1.0603561917980355,0.0,cash
2011-09-15,0.0001211499702025165,1.1063599609919665,0.0001211499702025165,1.060484653919076,0.0,cash
2011-09-16,0.0001211499702025165,1.106493996468274,0.0001211499702025165,1.0606131316032985,0.0,cash
2011-09-19,0.0001211499702025165,1.1066280481829756,0.0001211499702025165,1.0607416248525887,0.0,cash
2011-09-20,0.0001211499702025165,1.106762116138038,0.0001211499702025165,1.0608701336688322,0.0,cash
2011-09-21,0.0001211499702025165,1.1068962003354295,0.0001211499702025165,1.060998658053915,0.0,cash
2011-09-22,0.0001211499702025165,1.1070303007771174,0.0001211499702025165,1.0611271980097232,0.0,cash
2011-09-23,0.0001211499702025165,1.1071644174650699,0.0001211499702025165,1.0612557535381433,0.0,cash
2011-09-26,0.0001211499702025165,1.1072985504012551,0.0001211499702025165,1.0613843246410617,0.0,cash
2011-09-27,0.0001211499702025165,1.1074326995876416,0.0001211499702025165,1.0615129113203654,0.0,cash
2011-09-28,0.0001211499702025165,1.1075668650261978,0.0001211499702025165,1.0616415135779413,0.0,cash
2011-09-29,-0.0013790317547527353,1.1060394951488148,-0.0013790317547527353,1.0601774762185536,1.5,1.H11077
2011-09-30,0.005083962006569465,1.1116625579199166,0.005083962006569465,1.0655673782278694,1.5,1.H11077
2011-10-10,0.011511690639898653,1.124459673382649,0.011511690639898653,1.0778338602419966,1.5,1.H11077
2011-10-11,0.006771482384798855,1.1320739322533764,0.006771482384798855,1.085132393240365,1.5,1.H11077
2011-10-12,-0.010913362945741745,1.1197191985492823,-0.010913362945741745,1.0732899495887516,1.5,1.H11077
2011-10-13,-0.00020633341479692202,1.119488163063432,-0.00020633341479692202,1.0730684940083857,1.5,1.H11077
2011-10-14,0.005916101399738194,1.1261111685519218,0.005916101399738194,1.0794168760278036,1.5,1.H11077
2011-10-17,-0.0019480979741632876,1.1239173936657831,-0.0019480979741632876,1.077314066198336,1.5,1.H11077
2011-10-18,0.006481390512087959,1.1312019411974592,0.006481390512087959,1.084296559365533,1.5,1.H11077
2011-10-19,-0.000205320715102153,1.1309696820059676,-0.000205320715102153,1.0840739308205811,1.5,1.H11077
2011-10-20,-6.057498510125825e-05,1.1309011735343302,-6.057498510125825e-05,1.084008263058373,1.5,1.H11077
2011-10-21,-0.0017976913718993348,1.1288681622521968,-0.0017976913718993348,1.0820595507568054,1.5,1.H11077
2011-10-24,-0.0038758464414641036,1.1244928426026495,-0.0038758464414641036,1.0778656540975524,0.0,cash
2011-10-25,0.0001211499702025165,1.1246290748770238,0.0001211499702025165,1.0779962374894287,0.0,cash
2011-10-26,0.0001211499702025165,1.124765323655934,0.0001211499702025165,1.078126836701479,0.0,cash
2011-10-27,0.0001211499702025165,1.1249015889413798,0.0001211499702025165,1.0782574517356198,0.0,cash
2011-10-28,-0.0013790317547527353,1.1233503139292578,-0.0013790317547527353,1.0767705004698775,1.5,1.H00016
2011-10-31,-0.012518081129234693,1.1092881235629402,-0.012518081129234693,1.063291399987429,1.5,1.H00016
2011-11-01,0.002736714290719977,1.112323928223221,0.002736714290719977,1.0662013247569742,1.5,1.H00016
2011-11-02,0.025053354815379736,1.1401913742666343,0.025053354815379736,1.0929132448507386,1.5,1.H00016
2011-11-03,-0.00831099784038758,1.1307152462174757,-0.00831099784038758,1.0838300452330532,1.5,0.399606
2011-11-04,0.007792384150111964,1.1395262137803908,0.007792384150111964,1.0922756652989423,1.5,0.399606
2011-11-07,-0.005999765770356658,1.1326893234085271,-0.005999765770356658,1.085722267150488,1.5,0.399606
2011-11-08,-0.0280450807389776,1.100922959881357,-0.0280450807389776,1.0552730985081469,1.5,0.399606
2011-11-09,0.04996416695075401,1.1559296584487875,0.04996416695075401,1.1079989397806473,1.5,0.399606
2011-11-10,0.0069219964275610835,1.163930999415082,0.0069219964275610835,1.1156685044835504,1.5,0.399606
2011-11-11,-0.006894401595456845,1.1559063916757129,-0.006894401595456845,1.1079766377662381,1.5,0.399606
2011-11-14,0.04166455363118793,1.2040667155243185,0.04166455363118793,1.1541399898125528,1.5,0.399606
2011-11-15,0.008113856217498938,1.213836339730359,0.008113856217498938,1.1635045157447577,1.5,0.399606
2011-11-16,-0.04478434469082182,1.159475474693629,-0.04478434469082182,1.1113977284623167,1.5,0.399606
2011-11-17,0.00803618631038061,1.1687932356305841,0.00803618631038061,1.1203291276731737,1.5,0.399606
2011-11-18,-0.048728302167443616,1.111839925673513,-0.048728302167443616,1.065737391412927,1.5,0.399606
2011-11-21,-0.010507569333448541,1.1001571905668022,-0.010507569333448541,1.0545390818814069,1.5,0.399606
2011-11-22,0.009148967987017365,1.1102224934839848,0.009148967987017365,1.0641870261825985,1.5,0.399606
2011-11-23,-0.006317074316598559,1.1032091354846871,-0.007807598705123597,1.0558782809349658,0.0,cash
2011-11-24,0.0042143712891085094,1.107858468391156,0.0001211499702025165,1.0560062005572386,0.0,cash
2011-11-25,0.0001211499702025165,1.1079926854115902,0.0001211499702025165,1.0561341356769698,0.0,cash
2011-11-28,0.0001211499702025165,1.1081269186924125,0.0001211499702025165,1.056262086296037,0.0,cash
2011-11-29,0.0001211499702025165,1.1082611682355927,0.0001211499702025165,1.056390052416318,0.0,cash
2011-11-30,0.0001211499702025165,1.108395434043101,0.0001211499702025165,1.0565180340396905,0.0,cash
2011-12-01,0.0001211499702025165,1.1085297161169079,0.0001211499702025165,1.0566460311680328,0.0,cash
2011-12-02,0.0001211499702025165,1.108664014458984,0.0001211499702025165,1.0567740438032234,0.0,cash
2011-12-05,-0.0013790317547527353,1.1071351315776936,-0.0013790317547527353,1.0553167188392203,1.5,1.H11077
2011-12-06,-0.0013308045673370295,1.1056617510879307,-0.0013308045673370295,1.053912298529802,1.5,1.H11077
2011-12-07,-0.002547794603836251,1.1028447520448408,-0.002547794603836251,1.051227146462691,0.0,cash
2011-12-08,0.0001211499702025165,1.102978361653689,0.0001211499702025165,1.051354502600161,0.0,cash
2011-12-09,0.0001211499702025165,1.1031119874493374,0.0001211499702025165,1.0514818741668233,0.0,cash
2011-12-12,0.0001211499702025165,1.103245629433747,0.0001211499702025165,1.0516092611645471,0.0,cash
2011-12-13,0.0001211499702025165,1.1033792876088788,0.0001211499702025165,1.051736663595202,0.0,cash
2011-12-14,0.0001211499702025165,1.1035129619766948,0.0001211499702025165,1.0518640814606575,0.0,cash
2011-12-15,0.0001211499702025165,1.1036466525391564,0.0001211499702025165,1.0519915147627834,0.0,cash
2011-12-16,0.0001211499702025165,1.1037803592982256,0.0001211499702025165,1.0521189635034502,0.0,cash
2011-12-19,0.0001211499702025165,1.1039140822558646,0.0001211499702025165,1.0522464276845283,0.0,cash
2011-12-20,0.0001211499702025165,1.1040478214140361,0.0001211499702025165,1.052373907307888,0.0,cash
2011-12-21,0.0001211499702025165,1.1041815767747025,0.0001211499702025165,1.0525014023754002,0.0,cash
2011-12-22,0.0001211499702025165,1.104315348339827,0.0001211499702025165,1.0526289128889361,0.0,cash
2011-12-23,0.0001211499702025165,1.1044491361113724,0.0001211499702025165,1.052756438850367,0.0,cash
2011-12-26,0.0001211499702025165,1.1045829400913025,0.0001211499702025165,1.0528839802615642,0.0,cash
2011-12-27,0.0001211499702025165,1.1047167602815808,0.0001211499702025165,1.0530115371243995,0.0,cash
2011-12-28,0.0001211499702025165,1.104850596684171,0.0001211499702025165,1.0531391094407452,0.0,cash
2011-12-29,0.0001211499702025165,1.1049844493010377,0.0001211499702025165,1.0532666972124731,0.0,cash
2011-12-30,0.0001211499702025165,1.1051183181341449,0.0001211499702025165,1.0533943004414557,0.0,cash
2012-01-04,0.0001211499702025165,1.105252203185457,0.0001211499702025165,1.0535219191295657,0.0,cash
2012-01-05,0.0001211499702025165,1.1053861044569393,0.0001211499702025165,1.053649553278676,0.0,cash
2012-01-06,0.0001211499702025165,1.1055200219505565,0.0001211499702025165,1.0537772028906596,0.0,cash
2012-01-09,0.0001211499702025165,1.105653955668274,0.0001211499702025165,1.05390486796739,0.0,cash
2012-01-10,0.0001211499702025165,1.1057879056120576,0.0001211499702025165,1.0540325485107405,0.0,cash
2012-01-11,0.0001211499702025165,1.1059218717838728,0.0001211499702025165,1.054160244522585,0.0,cash
2012-01-12,-0.0013790317547527353,1.1043967704044073,-0.0013790317547527353,1.0527065240707905,1.5,1.H00016
2012-01-13,-0.013759098076450704,1.0892012669250977,-0.013759098076450704,1.0382222317603809,1.5,1.H00016
2012-01-16,-0.02133795377186476,1.0659599406431934,-0.02133795377186476,1.0160686937741557,1.5,1.H00016
2012-01-17,0.06727398854421018,1.1376713174786106,0.06727398854421018,1.0844236874392488,1.5,1.H00016
2012-01-18,-0.018978914519913737,1.1160795507924264,-0.018978914519913737,1.0638425029719696,1.5,1.H00016
2012-01-19,0.031273102967858346,1.1509828215046791,0.031273102967858346,1.097112159108996,1.5,1.H00016
2012-01-20,0.020993549000295708,1.1751460357664363,0.020993549000295708,1.120144436980071,1.5,1.H00016
2012-01-30,-0.02733221278139908,1.1430266942676504,-0.02733221278139908,1.0895284108826313,1.5,1.H00016
2012-01-31,0.0015643703414642829,1.1448148113276646,0.0015643703414642829,1.0912328368147988,1.5,1.H00016
2012-02-01,-0.02673266074220748,1.1142108653637879,-0.02673266074220748,1.062061279597472,1.5,1.H00016
2012-02-02,0.04218475048623094,1.1612135727082067,0.0406214733605017,1.1052037735738611,0.0,cash
2012-02-03,0.008662636605601959,1.1712727439100705,-0.0013790317547527353,1.1036796624746301,1.5,1.H00016
2012-02-06,-0.00928366470700892,1.1603990404751512,-0.00928366470700892,1.093433470544271,1.5,1.H00905
2012-02-07,-0.025949431089815067,1.1302873455376536,-0.025949431089815067,1.0650594940490852,0.0,cash
2012-02-08,-0.0013790317547527353,1.128728643396162,-0.0013790317547527353,1.0635907431860907,1.5,1.H00852
2012-02-09,0.014358967967250225,1.1449360218304054,0.014358967967250225,1.0788628085977636,1.5,1.H00852
2012-02-10,0.008453763889630705,1.1546150406276927,0.008453763889630705,1.087983260050953,1.5,1.H00852
2012-02-13,0.021187581604253936,1.1790785410224909,0.021187581604253936,1.1110349941573447,1.5,1.H00852
2012-02-14,0.0012600395567288203,1.1805642266246694,0.0012600395567288203,1.112434942198893,1.5,1.H00852
2012-02-15,0.026962454024371585,1.2123951353078548,0.026962454024371585,1.1424289181830352,1.5,1.H00852
2012-02-16,0.0007480156671977323,1.2133020258638993,0.0007480156671977323,1.1432834729124959,0.0,cash
2012-02-17,-0.0013790317547527353,1.2116288438421272,-0.0013790317547527353,1.1417068486986655,1.5,0.399606
2012-02-20,0.006845273210668301,1.2199227743081527,0.006845273210668301,1.149522144004499,1.5,0.399606
2012-02-21,0.032762182126496064,1.2598901064202968,0.032762182126496064,1.1871829978448145,1.5,0.399606
2012-02-22,0.04609917613606562,1.3179700023482526,0.04609917613606562,1.241911155968205,1.5,0.399606
2012-02-23,-0.005312867963752299,1.31096780174559,-0.005312867963752299,1.2353130459738348,1.5,0.399606
2012-02-24,0.010618591135260314,1.3248884328238173,0.010618591135260314,1.2484303301330841,1.5,0.399606
2012-02-27,-0.0038294682713937434,1.319814814607182,-0.0038294682713937434,1.2436495057947938,1.5,0.399606
2012-02-28,-0.024923535047748246,1.2869203638187825,-0.024923535047748246,1.2126533637500025,1.5,0.399606
2012-02-29,-0.025004171534537267,1.2547419862905687,-0.025004171534537267,1.182331971030864,1.5,0.399606
2012-03-01,0.01587124411688645,1.2746563026586932,0.01587124411688645,1.2010970503702942,1.5,0.399606
2012-03-02,0.029264781566364917,1.3119588409281902,0.029264781566364917,1.2362468931893862,1.5,0.399606
2012-03-05,0.0036919791093086296,1.3168025655611697,0.0036919791093086296,1.240811090892989,1.5,0.399606
2012-03-06,-0.01691472776995606,1.2945292086379228,-0.01691472776995606,1.2198231090765919,1.5,0.399606
2012-03-07,-0.0032120436884401915,1.2903711242638158,-0.0032120436884401915,1.215904983958069,1.5,0.399606
2012-03-08,0.02484673433693274,1.322432632784448,0.02484673433693274,1.2461162520734275,1.5,0.399606
2012-03-09,0.03143446239734615,1.3640025916527343,0.03143446239734615,1.2852872465419516,1.5,0.399606
2012-03-12,0.016051996137293134,1.3858975559852018,0.016051996137293134,1.305918672458755,1.5,0.399606
2012-03-13,0.012018487972438985,1.4025539490928425,0.012018487972438985,1.3216138403166842,1.5,0.399606
2012-03-14,-0.0680682378203501,1.3070845733301197,-0.0680682378203501,1.231653915127342,1.5,0.399606
2012-03-15,-0.019924948277717736,1.2810409808119143,-0.019923213028588682,1.2071154117987648,1.4875969984618942,0.399606
2012-03-16,0.037986962990006035,1.3297038371386976,0.03803231211221392,1.253024801895759,1.4779166962050025,0.399606
2012-03-19,0.026891724153705887,1.3654618659331557,0.02692833988684229,1.2867666796478512,1.4971405552292179,0.399606
2012-03-20,-0.047481597849716284,1.3006275547357944,-0.0475231487371095,1.2256154753409898,0.0,cash
2012-03-21,0.0001211499702025165,1.3007851257252951,0.0001211499702025165,1.2257639586193072,0.0,cash
2012-03-22,0.0001211499702025165,1.3009427158045166,0.0001211499702025165,1.2259124598863693,0.0,cash
2012-03-23,0.0001211499702025165,1.3011003249757715,0.0001211499702025165,1.2260609791443555,0.0,cash
2012-03-26,0.0001211499702025165,1.3012579532413728,0.0001211499702025165,1.2262095163954454,0.0,cash
2012-03-27,0.0001211499702025165,1.3014156006036337,0.0001211499702025165,1.2263580716418188,0.0,cash
2012-03-28,0.0001211499702025165,1.3015732670648679,0.0001211499702025165,1.2265066448856559,0.0,cash
2012-03-29,0.0001211499702025165,1.3017309526273892,0.0001211499702025165,1.226655236129137,0.0,cash
2012-03-30,0.0001211499702025165,1.3018886572935118,0.0001211499702025165,1.2268038453744428,0.0,cash
2012-04-05,0.0001211499702025165,1.3020463810655498,0.0001211499702025165,1.2269524726237542,0.0,cash
2012-04-06,0.0001211499702025165,1.3022041239458182,0.0001211499702025165,1.2271011178792524,0.0,cash
2012-04-09,0.0001211499702025165,1.3023618859366317,0.0001211499702025165,1.227249781143119,0.0,cash
2012-04-10,0.0001211499702025165,1.3025196670403059,0.0001211499702025165,1.2273984624175354,0.0,cash
2012-04-11,0.0001211499702025165,1.302677467259156,0.0001211499702025165,1.2275471617046838,0.0,cash
2012-04-12,0.0001211499702025165,1.3028352865954977,0.0001211499702025165,1.2276958790067465,0.0,cash
2012-04-13,0.0001211499702025165,1.3029931250516475,0.0001211499702025165,1.2278446143259059,0.0,cash
2012-04-16,0.0001211499702025165,1.3031509826299217,0.0001211499702025165,1.2279933676643449,0.0,cash
2012-04-17,0.0001211499702025165,1.3033088593326367,0.0001211499702025165,1.2281421390242462,0.0,cash
2012-04-18,0.0001211499702025165,1.3034667551621095,0.0001211499702025165,1.2282909284077934,0.0,cash
2012-04-19,0.0001211499702025165,1.3036246701206573,0.0001211499702025165,1.2284397358171701,0.0,cash
2012-04-20,-0.0013735707882623904,1.3018340493549214,-0.0013744498897548807,1.2267513069577056,1.495418690027678,1.H00016
2012-04-23,-0.013205939049262927,1.284642108246885,-0.013213777211529276,1.2105412884936142,1.495418690027678,1.H00016
2012-04-24,0.0073675914127102615,1.2941068264120108,0.007371918682497869,1.2194653004341953,1.4894492268539448,1.H00016
2012-04-25,0.008459673983535865,1.3050545482633247,0.008464901677212477,1.2297879543011432,1.4888761019203696,1.H00016
2012-04-26,0.0023905342570349486,1.3081743258682474,0.0023918610519231276,1.2327294362111603,1.488019196957218,1.H00016
2012-04-27,0.00020850094083257886,1.3084470814459639,0.0002085632081541,1.2329865382171625,1.4881453616082965,1.H00016
2012-05-02,0.032758909708387796,1.3513103812452558,0.0327773788977892,1.27340060515618,1.4881551729267763,1.H00016
2012-05-03,0.001149959778640408,1.352864333832147,-0.00031689561947401135,1.2729970700825703,0.0,cash
2012-05-04,0.009812711435537524,1.3661396011514726,-0.001344661136157943,1.2712853203959873,1.4656335449001683,1.H00016
2012-05-07,-0.0061942648149909685,1.3576773706876943,-0.006195980754514996,1.2634084610173164,1.4656335449001683,1.H00016
2012-05-08,-0.003369947874904189,1.35310206871754,-0.0033737767169277344,1.2591460029675667,1.4638134830312943,1.H00016
2012-05-09,-0.02538904226680505,1.3187481031035688,-0.025418645200758205,1.2271402174621813,1.4630674002121988,1.H00016
2012-05-10,-0.0003012633689083444,1.3183508126072863,-0.0003015324462561919,1.2267701948705105,1.4440947836916724,1.H00016
2012-05-11,-0.010986443527204237,1.3038668258555326,-0.011001422480146794,1.213273977670688,1.444048529816125,1.H00016
2012-05-14,-0.013576705445581205,1.2861646100206272,-0.013595199061655405,1.1967792764279286,0.0,cash
2012-05-15,0.0001211499702025165,1.2863204288248067,0.0001211499702025165,1.1969242662016069,0.0,cash
2012-05-16,0.0001211499702025165,1.2864762665064298,0.0001211499702025165,1.197069273540792,0.0,cash
2012-05-17,0.0001211499702025165,1.2866321230677833,0.0001211499702025165,1.1972142984476117,0.0,cash
2012-05-18,0.0001211499702025165,1.2867879985111546,0.0001211499702025165,1.1973593409241947,0.0,cash
2012-05-21,0.0001211499702025165,1.286943892838831,0.0001211499702025165,1.1975044009726694,0.0,cash
2012-05-22,0.0001211499702025165,1.2870998060531007,0.0001211499702025165,1.1976494785951646,0.0,cash
2012-05-23,-0.0013790317547527353,1.2853248545490175,-0.0013790317547527353,1.1959978819331187,1.5,0.399606
2012-05-24,-0.0009316551244740179,1.284127375061663,-0.0009316551244740179,1.1948836243775556,1.5,0.399606
2012-05-25,-0.0221363640097324,1.255701464052436,-0.0221363640097324,1.1684332455190656,0.0,cash
2012-05-28,0.0001211499702025165,1.2558535922473892,0.0001211499702025165,1.168574801171944,0.0,cash
2012-05-29,0.0001211499702025165,1.2560057388726686,0.0001211499702025165,1.1687163739742852,0.0,cash
2012-05-30,0.0001211499702025165,1.2561579039305073,0.0001211499702025165,1.1688579639281673,0.0,cash
2012-05-31,-0.0013790317547527353,1.2544256222920036,-0.0013790317547527353,1.1672460716791146,1.5,1.H11077
2012-06-01,-0.004850434699229855,1.2483411127260355,-0.004850434699229855,1.1615844208305026,0.0,cash
2012-06-04,0.0001211499702025165,1.248492349214645,0.0001211499702025165,1.161725146748474,0.0,cash
2012-06-05,0.0001211499702025165,1.2486436040255504,0.0001211499702025165,1.161865889715386,0.0,cash
2012-06-06,0.0001211499702025165,1.2487948771609716,0.0001211499702025165,1.1620066497333044,0.0,cash
2012-06-07,0.0001211499702025165,1.2489461686231287,0.0001211499702025165,1.1621474268042946,0.0,cash
2012-06-08,0.0001211499702025165,1.249097478414242,0.0001211499702025165,1.1622882209304228,0.0,cash
2012-06-11,-0.0013790317547527353,1.247374933326727,-0.0013790317547527353,1.1606853885655848,1.5,0.399606
2012-06-12,0.0016270304902410437,1.249404450376012,0.0016270304902410437,1.1625738590823582,1.5,0.399606
2012-06-13,0.022877107298900246,1.2779872100469876,0.022877107298900246,1.1891701859994819,1.5,0.399606
2012-06-14,-0.011188669965928488,1.263688232933094,-0.011188669965928488,1.1758649532550118,1.5,0.399606
2012-06-15,0.0026874801353087285,1.2670843699563252,0.0026874801353087285,1.1790250669586904,1.5,0.399606
2012-06-18,0.021565630887897758,1.294409843782628,0.021565630887897758,1.2044514863603004,1.5,0.399606
2012-06-19,-0.0105240507923956,1.2807874088404827,-0.0105240507923956,1.1917757777408682,1.5,0.399606
2012-06-20,0.001912641884587618,1.2832370964838835,0.001912641884587618,1.1940552180104123,1.5,0.399606
2012-06-21,-0.0185844458172304,1.2593888461936187,-0.0185844458172304,1.1718643635085164,1.5,0.399606
2012-06-25,-0.03751169100308516,1.2121470409424717,-0.03751169100308516,1.127905749607058,1.5,0.399606
2012-06-26,-0.011286531516246923,1.1984661051625491,-0.011286531516246923,1.1151756058167617,0.0,cash
2012-06-27,0.0001211499702025165,1.1986112992954783,0.0001211499702025165,1.1153107093081769,0.0,cash
2012-06-28,0.0001211499702025165,1.1987565110186724,0.0001211499702025165,1.1154458291673761,0.0,cash
2012-06-29,0.0001211499702025165,1.1989017403342623,0.0001211499702025165,1.1155809653963422,0.0,cash
2012-07-02,0.0001211499702025165,1.1990469872443796,0.0001211499702025165,1.1157161179970585,0.0,cash
2012-07-03,0.0001211499702025165,1.1991922517511557,0.0001211499702025165,1.1158512869715083,0.0,cash
2012-07-04,0.0001211499702025165,1.1993375338567225,0.0001211499702025165,1.1159864723216752,0.0,cash
2012-07-05,0.0001211499702025165,1.199482833563212,0.0001211499702025165,1.1161216740495434,0.0,cash
2012-07-06,0.0001211499702025165,1.1996281508727566,0.0001211499702025165,1.116256892157097,0.0,cash
2012-07-09,0.0001211499702025165,1.1997734857874889,0.0001211499702025165,1.1163921266463201,0.0,cash
2012-07-10,0.0001211499702025165,1.1999188383095418,0.0001211499702025165,1.1165273775191977,0.0,cash
2012-07-11,0.0001211499702025165,1.2000642084410484,0.0001211499702025165,1.1166626447777144,0.0,cash
2012-07-12,0.0001211499702025165,1.2002095961841421,0.0001211499702025165,1.1167979284238554,0.0,cash
2012-07-13,0.0001211499702025165,1.2003550015409565,0.0001211499702025165,1.116933228459606,0.0,cash
2012-07-16,0.0001211499702025165,1.2005004245136257,0.0001211499702025165,1.1170685448869522,0.0,cash
2012-07-17,0.0001211499702025165,1.2006458651042837,0.0001211499702025165,1.1172038777078794,0.0,cash
2012-07-18,0.0001211499702025165,1.2007913233150649,0.0001211499702025165,1.1173392269243738,0.0,cash
2012-07-19,0.0001211499702025165,1.200936799148104,0.0001211499702025165,1.1174745925384217,0.0,cash
2012-07-20,0.0001211499702025165,1.2010822926055358,0.0001211499702025165,1.1176099745520098,0.0,cash
2012-07-23,0.0001211499702025165,1.2012278036894957,0.0001211499702025165,1.117745372967125,0.0,cash
2012-07-24,0.0001211499702025165,1.2013733324021192,0.0001211499702025165,1.117880787785754,0.0,cash
2012-07-25,0.0001211499702025165,1.2015188787455418,0.0001211499702025165,1.1180162190098841,0.0,cash
2012-07-26,0.0001211499702025165,1.2016644427218994,0.0001211499702025165,1.118151666641503,0.0,cash
2012-07-27,0.0001211499702025165,1.2018100243333285,0.0001211499702025165,1.1182871306825986,0.0,cash
2012-07-30,0.0001211499702025165,1.2019556235819655,0.0001211499702025165,1.1184226111351585,0.0,cash
2012-07-31,0.0001211499702025165,1.2021012404699472,0.0001211499702025165,1.1185581080011713,0.0,cash
2012-08-01,0.0001211499702025165,1.2022468749994104,0.0001211499702025165,1.1186936212826255,0.0,cash
2012-08-02,0.0001211499702025165,1.2023925271724927,0.0001211499702025165,1.1188291509815096,0.0,cash
2012-08-03,0.0001211499702025165,1.2025381969913314,0.0001211499702025165,1.1189646970998126,0.0,cash
2012-08-06,0.0001211499702025165,1.2026838844580643,0.0001211499702025165,1.1191002596395239,0.0,cash
2012-08-07,0.0001211499702025165,1.2028295895748293,0.0001211499702025165,1.1192358386026329,0.0,cash
2012-08-08,0.0001211499702025165,1.202975312343765,0.0001211499702025165,1.1193714339911291,0.0,cash
2012-08-09,0.0001211499702025165,1.2031210527670098,0.0001211499702025165,1.1195070458070027,0.0,cash
2012-08-10,-0.0013790317547527353,1.2014619106304325,-0.0013790317547527353,1.1179632100411654,1.5,0.399606
2012-08-13,-0.0312121927527671,1.1639616498907277,-0.0312121927527671,1.0830691268388584,1.5,0.399606
2012-08-14,0.01636525343613826,1.183010177281135,0.01636525343613826,1.1007938275884332,0.0,cash
2012-08-15,0.0001211499702025165,1.183153498928862,0.0001211499702025165,1.1009271887278447,0.0,cash
2012-08-16,0.0001211499702025165,1.1832968379400022,0.0001211499702025165,1.1010605660239543,0.0,cash
2012-08-17,0.0001211499702025165,1.1834401943166593,0.0001211499702025165,1.1011939594787192,0.0,cash
2012-08-20,0.0001211499702025165,1.1835835680609372,0.0001211499702025165,1.1013273690940972,0.0,cash
2012-08-21,0.0001211499702025165,1.18372695917494,0.0001211499702025165,1.1014607948720463,0.0,cash
2012-08-22,0.0001211499702025165,1.183870367660772,0.0001211499702025165,1.1015942368145242,0.0,cash
2012-08-23,-0.0013790317547527353,1.182237772830257,-0.0013790317547527353,1.1000751033811043,1.5,1.H00852
2012-08-24,-0.03551735034627568,1.1402478196600443,-0.03551735034627568,1.0610033505271022,0.0,cash
2012-08-27,0.0001211499702025165,1.1403859606494195,0.0001211499702025165,1.0611318910514034,0.0,cash
2012-08-28,0.0001211499702025165,1.1405241183745716,0.0001211499702025165,1.0612604471483853,0.0,cash
2012-08-29,0.0001211499702025165,1.1406622928375278,0.0001211499702025165,1.0613890188199344,0.0,cash
2012-08-30,0.0001211499702025165,1.1408004840403163,0.0001211499702025165,1.0615176060679377,0.0,cash
2012-08-31,0.0001211499702025165,1.140938691984965,0.0001211499702025165,1.0616462088942822,0.0,cash
2012-09-03,0.0001211499702025165,1.1410769166735018,0.0001211499702025165,1.0617748273008554,0.0,cash
2012-09-04,0.0001211499702025165,1.1412151581079555,0.0001211499702025165,1.0619034612895446,0.0,cash
2012-09-05,0.0001211499702025165,1.141353416290355,0.0001211499702025165,1.0620321108622377,0.0,cash
2012-09-06,0.0001211499702025165,1.141491691222729,0.0001211499702025165,1.0621607760208227,0.0,cash
2012-09-07,0.0001211499702025165,1.141629982907107,0.0001211499702025165,1.062289456767188,0.0,cash
2012-09-10,0.0001211499702025165,1.1417682913455185,0.0001211499702025165,1.0624181531032217,0.0,cash
2012-09-11,0.0001211499702025165,1.1419066165399931,0.0001211499702025165,1.0625468650308127,0.0,cash
2012-09-12,0.0001211499702025165,1.142044958492561,0.0001211499702025165,1.06267559255185,0.0,cash
2012-09-13,0.0001211499702025165,1.1421833172052522,0.0001211499702025165,1.0628043356682226,0.0,cash
2012-09-14,0.0001211499702025165,1.1423216926800974,0.0001211499702025165,1.06293309438182,0.0,cash
2012-09-17,0.0001211499702025165,1.1424600849191273,0.0001211499702025165,1.0630618686945317,0.0,cash
2012-09-18,0.0001211499702025165,1.1425984939243727,0.0001211499702025165,1.0631906586082474,0.0,cash
2012-09-19,0.0001211499702025165,1.1427369196978652,0.0001211499702025165,1.0633194641248573,0.0,cash
2012-09-20,0.0001211499702025165,1.1428753622416359,0.0001211499702025165,1.063448285246252,0.0,cash
2012-09-21,0.0001211499702025165,1.1430138215577166,0.0001211499702025165,1.0635771219743213,0.0,cash
2012-09-24,0.0001211499702025165,1.1431522976481394,0.0001211499702025165,1.0637059743109565,0.0,cash
2012-09-25,0.0001211499702025165,1.1432907905149363,0.0001211499702025165,1.0638348422580486,0.0,cash
2012-09-26,0.0001211499702025165,1.14342930016014,0.0001211499702025165,1.0639637258174885,0.0,cash
2012-09-27,0.0001211499702025165,1.1435678265857832,0.0001211499702025165,1.064092624991168,0.0,cash
2012-09-28,0.0001211499702025165,1.1437063697938985,0.0001211499702025165,1.0642215397809784,0.0,cash
2012-10-08,0.0001211499702025165,1.1438449297865194,0.0001211499702025165,1.0643504701888118,0.0,cash
2012-10-09,0.0001211499702025165,1.1439835065656794,0.0001211499702025165,1.0644794162165603,0.0,cash
2012-10-10,0.0001211499702025165,1.1441221001334119,0.0001211499702025165,1.0646083778661162,0.0,cash
2012-10-11,0.0001211499702025165,1.144260710491751,0.0001211499702025165,1.064737355139372,0.0,cash
2012-10-12,0.0001211499702025165,1.144399337642731,0.0001211499702025165,1.0648663480382206,0.0,cash
2012-10-15,0.0001211499702025165,1.1445379815883863,0.0001211499702025165,1.0649953565645551,0.0,cash
2012-10-16,0.0001211499702025165,1.1446766423307513,0.0001211499702025165,1.0651243807202688,0.0,cash
2012-10-17,0.0001211499702025165,1.1448153198718611,0.0001211499702025165,1.065253420507255,0.0,cash
2012-10-18,-0.0013790317547527353,1.1432365831924305,-0.0013790317547527353,1.0637844022135166,1.5,1.H00016
2012-10-19,-0.0033004883806047047,1.1394633441333217,-0.0033004883806047047,1.0602733941545424,0.0,cash
2012-10-22,-0.0013790317547527353,1.137891987998385,-0.0013790317547527353,1.0588112434752839,1.5,1.H00016
2012-10-23,-0.01606313455542896,1.1196138758856224,-0.01606313455542896,1.0418034160025393,1.5,1.H00016
2012-10-24,-0.0020566200061220563,1.1173112555893443,-0.0020566200061220563,1.0396608222547423,1.5,1.H00016
2012-10-25,-0.012912789051452656,1.1028836510411053,-0.012912789051452656,1.0262359013719071,1.5,1.H20955
2012-10-26,-0.030997302504986557,1.0686972328819802,-0.030997302504986557,0.9944253566956046,0.0,cash
2012-10-29,0.0001211499702025165,1.0688267055198992,0.0001211499702025165,0.9945458312979369,0.0,cash
2012-10-30,-0.0013790317547527353,1.0673527595526595,0.0001211499702025165,0.9946663204957638,0.0,cash
2012-10-31,0.003304952454281196,1.0708803096749269,0.0001211499702025165,0.9947868242908533,0.0,cash
2012-11-01,0.0001211499702025165,1.0710100467925345,0.0001211499702025165,0.9949073426849739,0.0,cash
2012-11-02,0.0001211499702025165,1.07113979962779,0.0001211499702025165,0.9950278756798945,0.0,cash
2012-11-05,0.0001211499702025165,1.0712695681825977,0.0001211499702025165,0.9951484232773837,0.0,cash
2012-11-06,0.0001211499702025165,1.0713993524588619,0.0001211499702025165,0.9952689854792108,0.0,cash
2012-11-07,0.0001211499702025165,1.0715291524584873,0.0001211499702025165,0.9953895622871451,0.0,cash
2012-11-08,0.0001211499702025165,1.0716589681833788,0.0001211499702025165,0.9955101537029561,0.0,cash
2012-11-09,0.0001211499702025165,1.0717887996354414,0.0001211499702025165,0.9956307597284135,0.0,cash
2012-11-12,0.0001211499702025165,1.0719186468165807,0.0001211499702025165,0.9957513803652873,0.0,cash
2012-11-13,0.0001211499702025165,1.072048509728702,0.0001211499702025165,0.9958720156153477,0.0,cash
2012-11-14,0.0001211499702025165,1.0721783883737113,0.0001211499702025165,0.995992665480365,0.0,cash
2012-11-15,0.0001211499702025165,1.0723082827535144,0.0001211499702025165,0.9961133299621099,0.0,cash
2012-11-16,0.0001211499702025165,1.072438192870018,0.0001211499702025165,0.9962340090623532,0.0,cash
2012-11-19,0.0001211499702025165,1.0725681187251281,0.0001211499702025165,0.9963547027828658,0.0,cash
2012-11-20,0.0001211499702025165,1.0726980603207519,0.0001211499702025165,0.996475411125419,0.0,cash
2012-11-21,0.0001211499702025165,1.072828017658796,0.0001211499702025165,0.9965961340917844,0.0,cash
2012-11-22,0.0001211499702025165,1.072957990741168,0.0001211499702025165,0.9967168716837336,0.0,cash
2012-11-23,0.0001211499702025165,1.0730879795697748,0.0001211499702025165,0.9968376239030384,0.0,cash
2012-11-26,0.0001211499702025165,1.0732179841465244,0.0001211499702025165,0.9969583907514711,0.0,cash
2012-11-27,0.0001211499702025165,1.0733480044733246,0.0001211499702025165,0.9970791722308038,0.0,cash
2012-11-28,0.0001211499702025165,1.0734780405520834,0.0001211499702025165,0.9971999683428091,0.0,cash
2012-11-29,0.0001211499702025165,1.0736080923847093,0.0001211499702025165,0.9973207790892598,0.0,cash
2012-11-30,0.0001211499702025165,1.0737381599731108,0.0001211499702025165,0.9974416044719288,0.0,cash
2012-12-03,0.0001211499702025165,1.0738682433191968,0.0001211499702025165,0.9975624444925892,0.0,cash
2012-12-04,0.0001211499702025165,1.0739983424248765,0.0001211499702025165,0.9976832991530147,0.0,cash
2012-12-05,0.0001211499702025165,1.0741284572920589,0.0001211499702025165,0.9978041684549787,0.0,cash
2012-12-06,0.0001211499702025165,1.0742585879226534,0.0001211499702025165,0.997925052400255,0.0,cash
2012-12-07,0.0001211499702025165,1.07438873431857,0.0001211499702025165,0.9980459509906177,0.0,cash
2012-12-10,-0.0013790317547527353,1.0729071181369962,-0.0013790317547527353,0.9966696139314992,1.5,1.H00016
2012-12-11,-0.007567965072218241,1.0647873945412012,-0.007567965072218241,0.9891268531047244,1.5,1.H00016
2012-12-12,0.010989930382960589,1.076489333879863,0.010989930382960589,0.9999972883602621,1.5,1.H00016
2012-12-13,-0.01952670625730457,1.0554690428680693,-0.01952670625730457,0.9804706350523502,1.5,1.H00016
2012-12-14,0.08470876766516588,1.1448765247981556,0.08470876766516588,1.0635250942795174,1.5,1.H00016
2012-12-17,0.009306662627500462,1.1555315043645973,0.009306662627500462,1.0734229635278574,1.5,1.H00016
2012-12-18,0.005121889399397173,1.1614500089274717,0.005121889399397173,1.0789209172258203,1.5,1.H00016
2012-12-19,-0.0007793242132483336,1.160544862813037,-0.0007793242132483336,1.078080088030846,1.5,1.H00016
2012-12-20,0.0067448693703831,1.1683725863111802,0.0067448693703831,1.0853515973954253,1.5,1.H00016
2012-12-21,-0.014965178358740783,1.1508876821675702,-0.014965178358740783,1.0691091171584586,1.5,1.H00905
2012-12-24,0.004957123520018536,1.1565927745657427,0.004957123520018536,1.074408823108591,1.5,1.H00852
2012-12-25,0.03118715120017468,1.192663608303154,0.03118715120017468,1.1079165735256804,1.5,0.399606
2012-12-26,0.03226737743630892,1.231147735106822,0.03226737743630892,1.1436661357715756,1.5,0.399606
2012-12-27,-0.020166754464461256,1.2063194810234452,-0.020166754464461256,1.120602101622151,1.5,0.399606
2012-12-28,0.01730507306547846,1.227194927782866,0.01730507306547846,1.139994202868051,1.5,0.399606
2012-12-31,0.013064607309097198,1.243227747606065,0.013064607309097198,1.1548877794631693,1.5,0.399606
2013-01-04,-0.017966645562969452,1.220891115310778,-0.017966645562969452,1.1341383200645498,1.5,0.399606
2013-01-07,0.02709167829657999,1.2539671046419303,0.02709167829657999,1.1648640305755622,1.5,0.399606
2013-01-08,0.03133100191639193,1.293255150400559,0.03133100191639193,1.201360387749861,1.5,0.399606
2013-01-09,0.002734705883647992,1.2967918228694175,0.002734705883647992,1.2046457550706222,1.5,0.399606
2013-01-10,0.0135686720274375,1.3143875658017954,0.0135686720274375,1.2209911982304202,1.5,0.399606
2013-01-11,-0.0194749607266671,1.2887899195781858,-0.0194749607266671,1.1972124425972765,1.5,0.399606
2013-01-14,0.059329203604752134,1.365252799120592,0.059329203604752134,1.268242103362273,1.5,0.399606
2013-01-15,0.03554986195515397,1.4137873476632166,0.03554986195515397,1.313327935062516,1.5,0.399606
2013-01-16,-0.00799457821677163,1.4024847141304408,-0.00799457821677163,1.3028284321613874,1.5,0.399606
2013-01-17,-0.01203438109447108,1.3856066786014247,-0.01203438109447108,1.287149698308045,1.5,0.399606
2013-01-18,0.0371861244315399,1.43713202096507,0.0371861244315399,1.335013807151347,1.5,0.399606
2013-01-21,0.009882128081969643,1.4513339436669468,0.009882128081969643,1.3482065845848146,1.5,0.399606
2013-01-22,-0.03311489046129168,1.4032731790996613,-0.03311489046129168,1.3035608712170963,1.5,0.399606
2013-01-23,0.00640633598709095,1.412263018566647,0.00640633598709095,1.311911920137738,1.5,0.399606
2013-01-24,-0.039774979742496885,1.3560902856120811,-0.039774979742496885,1.2597306500903194,1.5,0.399606
2013-01-25,0.009802470692278131,1.3693833208928765,0.009802470692278131,1.2720791228679942,1.5,0.399606
2013-01-28,0.04301854835763774,1.4282922035028494,0.04301854835763774,1.3268021201298323,1.5,0.399606
2013-01-29,0.013146759500508143,1.447069617598752,0.013146759500508143,1.3442452685079436,1.5,0.399606
2013-01-30,-0.015201179616052829,1.4250724524247005,-0.015201179616052829,1.3238111547333251,1.5,0.399606
2013-01-31,-0.014753546439473464,1.4040475798182384,-0.016231416119814157,1.3023238250167968,0.0,cash
2013-02-01,0.009195163984220933,1.4169580275563156,0.0001211499702025165,1.3024816015093916,0.0,cash
2013-02-04,0.006995999201170333,1.4268710647851914,0.0001211499702025165,1.302639397116604,0.0,cash
2013-02-05,0.0025247361077405106,1.4304735376835447,0.0001211499702025165,1.3027972118407491,0.0,cash
2013-02-06,0.006857137358047272,1.4402824912184926,0.0001211499702025165,1.3029550456841437,0.0,cash
2013-02-07,-0.021651498213227205,1.409098217433333,0.0001211499702025165,1.3031128986491036,0.0,cash
2013-02-08,-0.004566785224422554,1.4026631685141984,-0.0013790317547527353,1.3013158645818386,1.5,1.H00016
2013-02-18,-0.020513566654511095,1.3738895441130545,-0.020513566654511095,1.2746212348551662,1.5,1.H00016
2013-02-19,-0.024999927306399217,1.3395424053832061,-0.024999927306399217,1.2427557966405942,1.5,1.H00016
2013-02-20,-0.005155541645333939,1.3326363387265623,-0.005155541645333939,1.2363487173760335,1.5,0.399606
2013-02-21,-0.02043785501097717,1.3054001104533093,-0.02043785501097717,1.2110804015472945,1.5,0.399606
2013-02-22,-0.0010267189581194547,1.3040598314119756,-0.0010267189581194547,1.209836962339219,1.5,0.399606
2013-02-25,0.03022558794730701,1.3434758065348686,0.03022558794730701,1.2464049958463057,1.5,0.399606
2013-02-26,-0.007917315816032167,1.3328390842833335,-0.007917315816032167,1.2365368138595103,1.5,0.399606
2013-02-27,-0.00908451180022296,1.3207308918943632,-0.00908451180022296,1.2253034805825935,1.5,0.399606
2013-02-28,0.02653034994694048,1.3557703446420555,0.02653034994694048,1.2578112107136539,1.5,0.399606
2013-03-01,0.04139111892413072,1.4118871962109445,0.04139111892413072,1.3098734241204075,1.5,0.399606
2013-03-04,-0.03633764768306347,1.360582536706803,-0.036320395156097196,1.2622983037518842,1.4949821063825512,0.399606
2013-03-05,0.04198601558605852,1.4177079762990938,0.04249284194694081,1.3159369460631045,1.4562410359038087,0.399606
2013-03-06,0.02390293940253896,1.4515953641470671,0.02418132106125892,1.347758039852229,1.4219087144491396,0.399606
2013-03-07,-0.03987316518607631,1.3937156624090885,-0.040320093101951726,1.2934163102064833,1.4127846119753613,0.399606
2013-03-08,-0.02022250189444008,1.36553124478571,-0.02044737376027761,1.266969343484052,1.3687750939313446,0.399606
2013-03-11,0.0069210178162784075,1.3749821108595568,0.006991270959872953,1.2758270694622014,1.3567243639835516,0.399606
2013-03-12,-0.046507648005378766,1.3110349268340078,-0.04698249129644083,1.2158855352754299,0.0,cash
2013-03-13,0.0001211499702025165,1.3111937586763283,0.0001211499702025165,1.216032839771798,0.0,cash
2013-03-14,0.0001211499702025165,1.3113526097611217,0.0001211499702025165,1.2161801621141017,0.0,cash
2013-03-15,0.0001211499702025165,1.3115114800907193,0.0001211499702025165,1.2163275023045028,0.0,cash
2013-03-18,0.0001211499702025165,1.3116703696674525,0.0001211499702025165,1.2164748603451636,0.0,cash
2013-03-19,0.0001211499702025165,1.3118292784936534,0.0001211499702025165,1.2166222362382466,0.0,cash
2013-03-20,0.0001211499702025165,1.3119882065716537,0.0001211499702025165,1.2167696299859145,0.0,cash
2013-03-21,0.0001211499702025165,1.312147153903786,0.0001211499702025165,1.2169170415903308,0.0,cash
2013-03-22,0.0001211499702025165,1.3123061204923827,0.0001211499702025165,1.2170644710536584,0.0,cash
2013-03-25,0.0001211499702025165,1.312465106339777,0.0001211499702025165,1.2172119183780612,0.0,cash
2013-03-26,0.0001211499702025165,1.312624111448302,0.0001211499702025165,1.2173593835657028,0.0,cash
2013-03-27,0.0001211499702025165,1.312783135820291,0.0001211499702025165,1.2175068666187476,0.0,cash
2013-03-28,0.0001211499702025165,1.312942179458078,0.0001211499702025165,1.2176543675393598,0.0,cash
2013-03-29,0.0001211499702025165,1.313101242363997,0.0001211499702025165,1.2178018863297042,0.0,cash
2013-04-01,0.0001211499702025165,1.3132603245403822,0.0001211499702025165,1.2179494229919456,0.0,cash
2013-04-02,0.0001211499702025165,1.3134194259895684,0.0001211499702025165,1.2180969775282493,0.0,cash
2013-04-03,0.0001211499702025165,1.3135785467138905,0.0001211499702025165,1.2182445499407806,0.0,cash
2013-04-08,0.0001211499702025165,1.3137376867156836,0.0001211499702025165,1.2183921402317053,0.0,cash
2013-04-09,0.0001211499702025165,1.313896845997283,0.0001211499702025165,1.2185397484031892,0.0,cash
2013-04-10,0.0001211499702025165,1.3140560245610249,0.0001211499702025165,1.218687374457399,0.0,cash
2013-04-11,0.0001211499702025165,1.314215222409245,0.0001211499702025165,1.2188350183965007,0.0,cash
2013-04-12,0.0001211499702025165,1.3143744395442796,0.0001211499702025165,1.218982680222661,0.0,cash
2013-04-15,0.0001211499702025165,1.3145336759684654,0.0001211499702025165,1.2191303599380474,0.0,cash
2013-04-16,0.0001211499702025165,1.3146929316841391,0.0001211499702025165,1.219278057544827,0.0,cash
2013-04-17,0.0001211499702025165,1.3148522066936381,0.0001211499702025165,1.2194257730451672,0.0,cash
2013-04-18,0.0001211499702025165,1.3150115009992998,0.0001211499702025165,1.2195735064412359,0.0,cash
2013-04-19,0.0001211499702025165,1.3151708146034617,0.0001211499702025165,1.219721257735201,0.0,cash
2013-04-22,0.0001211499702025165,1.3153301475084622,0.0001211499702025165,1.219869026929231,0.0,cash
2013-04-23,0.0001211499702025165,1.3154894997166393,0.0001211499702025165,1.2200168140254943,0.0,cash
2013-04-24,-0.0013154010959905982,1.313759103386948,-0.0013323157948246234,1.2183913663542165,1.4532896990233242,0.399606
2013-04-25,-0.030812944136813014,1.2732783175250564,-0.031177179436755242,1.1804053601011977,1.4533817011945651,0.399606
2013-04-26,-0.024077560859270153,1.2426208813440578,-0.024362120372077634,1.1516481826305667,0.0,cash
2013-05-02,-0.0012813600860573926,1.2410286365446022,-0.0012971325373548614,1.150154342301291,1.4181107034878222,0.399606
2013-05-03,0.03918615822833971,1.2896597810621395,0.03962544807912316,1.1957297234751287,1.4190943566701486,0.399606
2013-05-06,0.028133531024364666,1.3259424645235265,0.028448845729803107,1.229746853912813,1.4069908042092347,0.399606
2013-05-07,-0.0007913013542422132,1.3248932444557018,-0.0008014662989913601,1.2287612532531111,1.4097872140203325,0.399606
2013-05-08,0.033005646242652675,1.3686222021914871,0.03337099537133059,1.269766239347891,1.4196505743182672,0.399606
2013-05-09,0.01776537037735837,1.3929362825200948,0.017963588544093856,1.292575797618718,1.400306370998889,0.399606
2013-05-10,-0.005335159139925327,1.385504745781074,-0.00539495992094241,1.2856024029957849,1.3967618164168425,0.399606
2013-05-13,0.009763559865427984,1.3990322043103423,0.009868389781833686,1.2982892286130092,1.4037458410793087,0.399606
2013-05-14,-0.026133175975582068,1.3624710495195935,-0.026421913156440158,1.2639859433626546,1.4157683375468995,0.399606
2013-05-15,0.05205305840578345,1.433391834636426,0.05263389241682748,1.3305144435219867,1.4163828236342455,0.399606
2013-05-16,-0.004242276447855464,1.4273109902157997,-0.004292572277894813,1.3248031141063856,1.3561657033797485,0.399606
2013-05-17,0.018634248711407064,1.4539078581960057,0.018824363248340914,1.3497416891588574,1.3582653973237355,0.399606
2013-05-20,0.037267184725321645,1.508090910920993,0.03765032698211912,1.400559905097086,1.3597481898972545,0.399606
2013-05-21,0.02798964967902484,1.550301847201793,0.02827630017804128,1.4401625573909402,1.3941649529040532,0.399606
2013-05-22,-0.045718839206713824,1.479423846327703,-0.04621502325784821,1.3736054113060359,1.3998831587919776,1.H00852
2013-05-23,-0.007408473043038266,1.4684635746429562,-0.007491734040218856,1.3633147248883255,1.3552957937485302,1.H00852
2013-05-24,0.023704670798678107,1.5032730202597175,0.023947113495000227,1.3959621773346313,1.3570127243297196,1.H00852
2013-05-27,0.016180959880250256,1.5275974206896026,0.016346182401024256,1.4187808297102742,1.3697161197397703,1.H00852
2013-05-28,-0.01235932911198745,1.5087173414166766,-0.012490055806578804,1.4010601779698888,1.365598356425421,1.H00905
2013-05-29,0.010156419888420087,1.5240405082290451,0.010260734249738501,1.415436084123929,1.3862324686526106,1.H00905
2013-05-30,0.0034292927585217736,1.529266889307609,0.0034647849799762653,1.4203402658083182,1.3847699230657475,1.H00905
2013-05-31,-0.008396381846663359,1.5164265805595232,-0.008488382548941797,1.4082838742824715,1.4209829405163312,1.H00905
2013-06-03,-0.00928539870891043,1.5023459551462384,-0.009391242064243688,1.3950583395239138,1.4196680268306943,1.H00905
2013-06-04,-0.02745216044814891,1.4611033129369364,-0.027762989061051013,1.3563273501041835,1.4558807198201935,1.H00905
2013-06-05,0.005960937648135767,1.469812858682838,0.006029801449283889,1.3645057347255451,1.4383457989993416,1.H00905
2013-06-06,-0.02484771465076485,1.433291368180262,-0.025137448796784923,1.3302055416859624,1.4434442688039804,1.H00905
2013-06-07,-0.02924124939206696,1.391380137831806,-0.029583378552768713,1.2908535675932757,0.0,cash
2013-06-13,0.0001211499702025165,1.3915487034940448,0.0001211499702025165,1.2910099544645255,0.0,cash
2013-06-14,0.0001211499702025165,1.3917172895780086,0.0001211499702025165,1.29116636028204,0.0,cash
2013-06-17,0.0001211499702025165,1.3918858960861713,0.0001211499702025165,1.2913227850481146,0.0,cash
2013-06-18,0.0001211499702025165,1.3920545230210075,0.0001211499702025165,1.291479228765045,0.0,cash
2013-06-19,0.0001211499702025165,1.3922231703849919,0.0001211499702025165,1.291635691435127,0.0,cash
2013-06-20,0.0001211499702025165,1.3923918381805993,0.0001211499702025165,1.291792173060657,0.0,cash
2013-06-21,0.0001211499702025165,1.3925605264103051,0.0001211499702025165,1.2919486736439312,0.0,cash
2013-06-24,0.0001211499702025165,1.392729235076585,0.0001211499702025165,1.2921051931872463,0.0,cash
2013-06-25,0.0001211499702025165,1.3928979641819146,0.0001211499702025165,1.2922617316928995,0.0,cash
2013-06-26,0.0001211499702025165,1.3930667137287704,0.0001211499702025165,1.292418289163188,0.0,cash
2013-06-27,0.0001211499702025165,1.3932354837196288,0.0001211499702025165,1.2925748656004092,0.0,cash
2013-06-28,0.0001211499702025165,1.3934042741569665,0.0001211499702025165,1.2927314610068612,0.0,cash
2013-07-01,0.0001211499702025165,1.3935730850432608,0.0001211499702025165,1.292888075384842,0.0,cash
2013-07-02,0.0001211499702025165,1.3937419163809888,0.0001211499702025165,1.2930447087366501,0.0,cash
2013-07-03,0.0001211499702025165,1.3939107681726284,0.0001211499702025165,1.293201361064584,0.0,cash
2013-07-04,0.0001211499702025165,1.3940796404206575,0.0001211499702025165,1.2933580323709428,0.0,cash
2013-07-05,0.0001211499702025165,1.3942485331275543,0.0001211499702025165,1.2935147226580257,0.0,cash
2013-07-08,0.0001211499702025165,1.3944174462957977,0.0001211499702025165,1.2936714319281322,0.0,cash
2013-07-09,0.0001211499702025165,1.3945863799278664,0.0001211499702025165,1.2938281601835622,0.0,cash
2013-07-10,0.0001211499702025165,1.3947553340262395,0.0001211499702025165,1.2939849074266156,0.0,cash
2013-07-11,0.0001211499702025165,1.3949243085933967,0.0001211499702025165,1.294141673659593,0.0,cash
2013-07-12,0.0001211499702025165,1.3950933036318176,0.0001211499702025165,1.2942984588847948,0.0,cash
2013-07-15,0.0001211499702025165,1.3952623191439824,0.0001211499702025165,1.2944552631045219,0.0,cash
2013-07-16,0.0001211499702025165,1.3954313551323714,0.0001211499702025165,1.2946120863210755,0.0,cash
2013-07-17,0.0001211499702025165,1.3956004115994654,0.0001211499702025165,1.2947689285367572,0.0,cash
2013-07-18,0.0001211499702025165,1.3957694885477452,0.0001211499702025165,1.2949257897538686,0.0,cash
2013-07-19,0.0001211499702025165,1.3959385859796922,0.0001211499702025165,1.2950826699747118,0.0,cash
2013-07-22,-0.0013790317547527353,1.3940135423419415,-0.0013790317547527353,1.2932967098477868,1.5,1.H00905
2013-07-23,0.036203939778021166,1.4444823246786351,0.036203939778021166,1.340119146046229,1.5,1.H00905
2013-07-24,0.005952439178732893,1.4530805178610393,0.005952439178732893,1.3480961237553246,1.5,1.H00852
2013-07-25,-0.03498828327729442,1.4022397250773997,-0.03498828327729442,1.3009285546923508,1.5,1.H00852
2013-07-26,0.002098860273251457,1.4051828303299396,0.002098860273251457,1.303659021954133,1.5,1.H00852
2013-07-29,-0.025673846210913842,1.369106382445832,-0.025673846210913842,1.2701890807130123,1.5,1.H00852
2013-07-30,-0.007221019929978145,1.3592200379719304,-0.007221019929978145,1.261017020046343,1.5,1.H00852
2013-07-31,0.006962644282564323,1.3686838035980624,0.006962644282564323,1.269797032991185,1.5,1.H00852
2013-08-01,0.048412506250095966,1.4349452167941588,0.048412506250095966,1.331271089787224,1.5,1.H00852
2013-08-02,0.004553360081764435,1.4414790390638281,0.004553360081764435,1.3373328464254681,1.5,1.H00852
2013-08-05,0.023468963315380176,1.4753090577515067,0.023468963315380176,1.3687186619386804,1.5,1.H00852
2013-08-06,0.01622244050841304,1.4992421711724033,0.01622244050841304,1.3909226190047355,1.5,1.H00852
2013-08-07,-0.018993681732624612,1.4707660425330256,-0.018993681732624612,1.3645038774646507,1.5,1.H00852
2013-08-08,0.006807391714808819,1.4807781231053871,0.006807391714808819,1.3737925898549281,1.5,1.H00852
2013-08-09,-0.0012933332020326205,1.4788629835939313,-0.0012933332020326205,1.3720158182857625,0.0,cash
2013-08-12,0.0001211499702025165,1.4790421478003273,0.0001211499702025165,1.3721820379612653,0.0,cash
2013-08-13,0.0001211499702025165,1.4792213337124616,0.0001211499702025165,1.3723482777742766,0.0,cash
2013-08-14,-0.0013790317547527353,1.4771814405209645,-0.0013790317547527353,1.3704557659206456,1.5,1.H00016
2013-08-15,-0.01409854940583033,1.456355325000404,-0.01409854940583033,1.3511343275963084,1.5,1.H00016
2013-08-16,-0.0022769404601004073,1.4530392906366278,-0.0022769404601004073,1.3480578751787737,1.5,1.H00016
2013-08-19,0.015075516025598201,1.4749446077484443,0.015075516025598201,1.3683805432794651,1.5,1.H00016
2013-08-20,-0.01341683543997263,1.4551555186632084,-0.01341683543997263,1.3500212067110242,1.5,1.H00016
2013-08-21,-0.00613825608374885,1.4462234014479731,-0.00762904869962322,1.3397218291795017,0.0,cash
2013-08-22,-0.004694614783634976,1.4394339396870965,-0.0013790317547527353,1.3378743102345276,1.5,1.H00016
2013-08-23,-0.01553412582450564,1.4170735917519333,-0.01553412582450564,1.3170916023619708,1.5,1.H00016
2013-08-26,0.033545518919926964,1.4646100607349766,0.033545518919926964,1.3612741236282813,1.5,1.H00016
2013-08-27,0.0005185574640549362,1.4653695452139006,0.0005185574640549362,1.3619800224857135,1.5,1.H00016
2013-08-28,-0.008611216478790595,1.4527509308386368,-0.008611216478790595,1.350251717672301,1.5,1.H00016
2013-08-29,-0.0074846013515400545,1.441877669258231,-0.0074846013515400545,1.3401456218412917,1.5,1.H20955
2013-08-30,0.02409439745452735,1.4766188429021463,0.02409439745452735,1.3724356231008805,1.5,1.H20955
2013-09-02,-0.005802719478337437,1.4680504379803578,-0.005802719478337437,1.364471764177949,1.5,1.H20955
2013-09-03,0.012823943901818957,1.4868766344420588,0.012823943901818957,1.381969673537383,1.5,1.H20955
2013-09-04,0.012748849661390338,1.5058326011195946,0.012748849661390338,1.3995881971419117,1.5,1.H20955
2013-09-05,-0.002892377764243448,1.5014771643874434,-0.002892377764243448,1.395540059361401,1.5,1.H20955
2013-09-06,0.02400991918730533,1.5375275097659702,0.02400991918730533,1.4290468634093154,1.5,1.H20955
2013-09-09,0.04254200616853643,1.6029370145707285,0.04254200616853643,1.4898413838876021,1.5,1.H20955
2013-09-10,0.033719675762311496,1.656987530969461,0.033719675762311496,1.5400783522895656,1.5,1.H20955
2013-09-11,0.005223939776407782,1.6656435340415041,0.005223939776407782,1.5481236288528757,1.5,1.H20955
2013-09-12,0.007270928794916642,1.6777543095752332,0.007270928794916642,1.5593799255239928,1.5,1.H20955
2013-09-13,-0.01650162758408258,1.650068632781033,-0.01650162758408258,1.5336476187309014,1.5,1.H20955
2013-09-16,-0.003923581124032571,1.6435944546400951,-0.003923581124032571,1.5276302278831313,1.5,1.H20955
2013-09-17,-0.04303839437848378,1.5728567883030058,-0.04303839437848378,1.461883475671004,1.5,1.H00016
2013-09-18,0.0016619806789659464,1.5754708458959459,0.0016619806789659464,1.4643130977624688,1.5,1.H00016
2013-09-23,0.010968782714125824,1.5927518432770185,0.010968782714125824,1.4803748299572739,1.5,1.H00016
2013-09-24,-0.034673545238287584,1.5375254901857869,-0.034673545238287584,1.429044986321128,1.5,1.H00016
2013-09-25,-0.010774914068280572,1.520958785151244,-0.010774914068280572,1.4136471493938108,1.5,1.H00016
2013-09-26,-0.02615865600855538,1.4811725474872823,-0.02615865600855538,1.3766680398953433,1.5,1.H00016
2013-09-27,0.002857253288101047,1.4854046326188353,0.002857253288101047,1.380601529178958,1.5,0.399606
2013-09-30,0.049968202630341185,1.5596276322895808,0.049968202630341185,1.449587706140731,1.5,0.399606
2013-10-08,0.021597213392670955,1.593311243077245,0.021597213392670955,1.4808947611616448,1.5,0.399606
2013-10-09,0.030390489323942615,1.6417327513997018,0.030390489323942615,1.5258998775906103,1.5,0.399606
2013-10-10,-0.03998523762273676,1.5760876772219552,-0.03998523762273676,1.4648864083966449,1.5,0.399606
2013-10-11,0.0018424656272737483,1.5789915645928063,0.0018424656272737483,1.4675854112519762,1.5,0.399606
2013-10-14,0.014836536199942962,1.602418330100292,0.014836536199942962,1.4893592953325243,1.5,0.399606
2013-10-15,-0.004213457120348596,1.595666609177554,-0.004213457120348596,1.4830839438048482,1.5,0.399606
2013-10-16,-0.05903707856614393,1.5014631142061663,-0.05903707856614393,1.3955270004942548,1.5,0.399606
2013-10-17,-0.013668704745202875,1.4809400582122694,-0.013668704745202875,1.3764519539605402,1.5,0.399606
2013-10-18,0.028948971884700248,1.5238117503203827,0.028948971884700248,1.4162988228763846,0.0,cash
2013-10-21,0.0001211499702025165,1.5239963600685282,0.0001211499702025165,1.416470407436574,0.0,cash
2013-10-22,-0.0013790317547527353,1.5218947206938662,-0.0013790317547527353,1.4145170497650514,1.5,1.H00905
2013-10-23,-0.03957414225841838,1.4616670425147913,-0.03957414225841838,1.358538750810691,0.0,cash
2013-10-24,0.0001211499702025165,1.461844123433438,0.0001211499702025165,1.3587033377398707,0.0,cash
2013-10-25,0.0001211499702025165,1.4620212258054328,0.0001211499702025165,1.358867944608752,0.0,cash
2013-10-28,0.0001211499702025165,1.4621983496333746,0.0001211499702025165,1.3590325714197504,0.0,cash
2013-10-29,0.0001211499702025165,1.4623754949198629,0.0001211499702025165,1.3591972181752823,0.0,cash
2013-10-30,0.0001211499702025165,1.4625526616674973,0.0001211499702025165,1.3593618848777635,0.0,cash
2013-10-31,0.0001211499702025165,1.4627298498788779,0.0001211499702025165,1.359526571529611,0.0,cash
2013-11-01,0.0001211499702025165,1.462907059556605,0.0001211499702025165,1.3596912781332413,0.0,cash
2013-11-04,0.0001211499702025165,1.4630842907032793,0.0001211499702025165,1.3598560046910717,0.0,cash
2013-11-05,0.0001211499702025165,1.4632615433215017,0.0001211499702025165,1.3600207512055198,0.0,cash
2013-11-06,0.0001211499702025165,1.4634388174138735,0.0001211499702025165,1.3601855176790032,0.0,cash
2013-11-07,0.0001211499702025165,1.4636161129829963,0.0001211499702025165,1.36035030411394,0.0,cash
2013-11-08,0.0001211499702025165,1.463793430031472,0.0001211499702025165,1.3605151105127484,0.0,cash
2013-11-11,0.0001211499702025165,1.463970768561903,0.0001211499702025165,1.360679936877847,0.0,cash
2013-11-12,0.0001211499702025165,1.4641481285768916,0.0001211499702025165,1.360844783211655,0.0,cash
2013-11-13,0.0001211499702025165,1.4643255100790407,0.0001211499702025165,1.3610096495165913,0.0,cash
2013-11-14,0.0001211499702025165,1.4645029130709535,0.0001211499702025165,1.3611745357950755,0.0,cash
2013-11-15,0.0001211499702025165,1.4646803375552335,0.0001211499702025165,1.3613394420495275,0.0,cash
2013-11-18,0.0001211499702025165,1.4648577835344845,0.0001211499702025165,1.3615043682823673,0.0,cash
2013-11-19,0.0001211499702025165,1.4650352510113107,0.0001211499702025165,1.3616693144960152,0.0,cash
2013-11-20,0.0001211499702025165,1.4652127399883164,0.0001211499702025165,1.361834280692892,0.0,cash
2013-11-21,0.0001211499702025165,1.4653902504681062,0.0001211499702025165,1.3619992668754188,0.0,cash
2013-11-22,0.0001211499702025165,1.4655677824532856,0.0001211499702025165,1.3621642730460166,0.0,cash
2013-11-25,-0.0013790317547527353,1.4635467179425399,-0.0013790317547527353,1.3602858052582965,1.5,1.H00852
2013-11-26,0.005625006225622231,1.4717791773424556,0.005625006225622231,1.3679374213814999,1.5,1.H00852
2013-11-27,0.022969827036828816,1.5055856904824179,0.022969827036828816,1.3993587073478386,1.5,1.H00852
2013-11-28,0.00620493137229583,1.514927746366972,0.00620493137229583,1.4080416320921565,1.5,0.399606
2013-11-29,0.03379939593047343,1.566131389072489,0.03379939593047343,1.4556325887018293,1.5,0.399606
2013-12-02,-0.12659528520766328,1.3678665392001834,-0.12659528520766328,1.271356365977552,1.5,1.H00852
2013-12-03,0.024891333854653475,1.4019145618960247,0.024891682640287183,1.303002565162174,1.266043982418042,1.H00852
2013-12-04,0.008282443629734848,1.413525840228633,0.008284597290732387,1.313797416683334,1.256791871206716,1.H00905
2013-12-05,-0.0014009471226384962,1.4115455652699895,-0.0014013795285579,1.3119562878789217,1.262614341476916,1.H00905
2013-12-06,-0.0032287942165611927,1.4069879751124332,-0.003229707450899677,1.3077190528807046,1.266607703773673,1.H00905
2013-12-09,0.009305143673365546,1.4200802003675521,0.009307474907050528,1.3198906151508636,1.2720124943312094,1.H00905
2013-12-10,0.0008637468641732315,1.421306790187494,-0.00040799463991791907,1.3193521068546041,0.0,cash
2013-12-11,-0.01408793895423277,1.4012835068920961,0.0001211499702025165,1.3195119463230363,0.0,cash
2013-12-12,0.0032741012540797865,1.4058714509793329,-0.00114985208076257,1.3179947027659658,1.2708480877570998,1.H00905
2013-12-13,0.001434402439046245,1.4078880364176032,0.0014392544153993825,1.3198916324613947,0.0,cash
2013-12-16,0.0001211499702025165,1.4080586020112638,0.0001211499702025165,1.320051537293338,0.0,cash
2013-12-17,0.0001211499702025165,1.4082291882689408,0.0001211499702025165,1.3202114614977467,0.0,cash
2013-12-18,0.0001211499702025165,1.408399795193138,0.0001211499702025165,1.3203714050769682,0.0,cash
2013-12-19,0.0001211499702025165,1.408570422786359,0.0001211499702025165,1.3205313680333495,0.0,cash
2013-12-20,0.0001211499702025165,1.4087410710511077,0.0001211499702025165,1.3206913503692381,0.0,cash
2013-12-23,0.0001211499702025165,1.4089117399898885,0.0001211499702025165,1.320851352086982,0.0,cash
2013-12-24,0.0001211499702025165,1.4090824296052062,0.0001211499702025165,1.3210113731889292,0.0,cash
2013-12-25,0.0001211499702025165,1.4092531398995658,0.0001211499702025165,1.3211714136774282,0.0,cash
2013-12-26,0.0001211499702025165,1.4094238708754725,0.0001211499702025165,1.3213314735548276,0.0,cash
2013-12-27,0.0001211499702025165,1.4095946225354319,0.0001211499702025165,1.3214915528234765,0.0,cash
2013-12-30,-0.0011788078686522097,1.4079329813027772,-0.001183855447480231,1.3199270978498674,1.3048473354669765,0.399606
2013-12-31,-0.003560240721603547,1.4029204009694545,-0.0035745634903352475,1.3152089346359892,1.3052520792489135,0.399606
2014-01-02,0.02842176020524012,1.4427938681928476,0.028532353727388715,1.3527349411844454,1.3146714642800974,0.399606
2014-01-03,0.019435754913313064,1.4708356562054747,0.01951000898255595,1.3791268120379712,1.297397726268526,0.399606
2014-01-06,-0.028229974721130424,1.429314002811857,-0.02834056983554878,1.3400415723093313,1.2921072050896012,0.399606
2014-01-07,0.02809918022001101,1.4694765545678525,0.02820817310629664,1.3778416969506668,1.2767996297797415,0.399606
2014-01-08,0.04957232052842464,1.5423219173398952,0.04975202703368642,1.4463921143054967,1.2605945009846542,0.399606
2014-01-09,-0.022222592806135144,1.508047525394873,-0.02230497746470439,1.4141303707907864,1.2200592645115815,0.399606
2014-01-10,-0.023768988139683533,1.4722027616496833,-0.02385421207922578,1.3803974050182688,1.2345946506712,0.399606
2014-01-13,0.00859063587529918,1.4848499195096256,0.008619707175961722,1.3922960264359836,1.239087401522801,0.399606
2014-01-14,0.034532528149175734,1.536125541152393,0.03464216324248981,1.440528172665649,1.2378033289978339,0.399606
2014-01-15,0.012636620026823975,1.5555369759294353,0.012676656412611953,1.4587892533632192,1.2135044634067884,0.399606
2014-01-16,-0.017256608966990883,1.5286936826021256,-0.018504369089133776,1.4317952785957242,0.0,cash
2014-01-17,0.0002651306929835062,1.5290989862175535,0.0001211499702025165,1.4319687405510622,0.0,cash
2014-01-20,-0.01969197324848415,1.4989880098866732,0.0001211499702025165,1.4321422235213108,0.0,cash
2014-01-21,0.030703698643798738,1.5450124860129013,0.0001211499702025165,1.4323157275090161,0.0,cash
2014-01-22,0.021232897008047313,1.5778175770045604,-0.0011111288451675083,1.4307242401887938,1.2321295429126553,0.399606
2014-01-23,0.024948349069178644,1.617181520683156,0.025591847405696422,1.4673391166233365,1.2502390430847783,0.399606
2014-01-24,0.018906824972017677,1.6477572886426937,0.01955245735101796,1.4960292021205945,1.2389745002674117,0.399606
2014-01-27,-0.005495010540305101,1.6387028449737375,-0.005683059779204469,1.4875271787335076,1.243283485333035,0.399606
2014-01-28,-0.005179120688751149,1.6302158051666187,-0.005355964816940784,1.4795600354999678,1.24239817001055,0.399606
2014-01-29,0.020527428098964462,1.6636799428929718,0.021206538202397374,1.5109363819155384,1.2773754839227267,0.399606
2014-01-30,-0.0004815978124309561,1.6628787182718894,-0.0005033718061923098,1.510175819139932,1.2745046080671678,0.399606
2014-02-07,0.0301590959097775,1.7130296370225793,0.02992564926105068,1.5553688110260335,0.0,cash
2014-02-10,0.014244887259943662,1.737431551074908,-0.0011745494481795182,1.5535419534473274,1.2955424634512414,1.H00905
2014-02-11,0.0017268682095084031,1.7404318663866563,0.0017902244488579022,1.5563231422347152,1.2955026399853098,1.H00905
2014-02-12,0.013711848677804062,1.7642964047725782,0.014259776383602984,1.5785159622236087,1.298418980319474,1.H00905
2014-02-13,-0.01847686377398461,1.7316977404446645,-0.019234579166941046,1.5481538719819385,1.2953171074667063,1.H00905
2014-02-14,0.02128440334157866,1.768555893617989,0.022131878298263796,1.5824174250636287,1.3506848337011472,1.H00905
2014-02-17,0.024574023011832535,1.8120164268454695,0.025626728987704572,1.6229696075611557,1.3454954254622118,1.H00905
2014-02-18,-0.0015813915142106616,1.8091509194444457,-0.0016534015538733904,1.6202861870901248,1.3475311729165738,1.H00905
2014-02-19,5.3640800649290554e-05,1.8092479637482601,5.080112364996836e-05,1.6203684994490635,1.3472695496347944,1.H00905
2014-02-20,-0.01813467496971244,1.7764378399860714,-0.018907764723495424,1.5897309530961172,1.3472620224890235,1.H00905
2014-02-21,-0.008511659336808086,1.7613174062590948,-0.008878588714231084,1.5756163857972942,1.3683544923080369,1.H00905
2014-02-24,-0.005173086154917628,1.7522059595703605,-0.006760814715415564,1.564963935350346,0.0,cash
2014-02-25,-0.04604642578441542,1.6715231378939934,-0.0012430535812216759,1.5630186013260259,1.3640382982249177,1.H00905
2014-02-26,0.007238338790774623,1.6836221886626888,0.007546523356905643,1.5748139577082108,0.0,cash
2014-02-27,0.0001211499702025165,1.6838261594406776,0.0001211499702025165,1.5750047463722616,0.0,cash
2014-02-28,0.0001211499702025165,1.68403015492972,0.0001211499702025165,1.5751955581503534,0.0,cash
2014-03-03,0.0001211499702025165,1.68423417513281,0.0001211499702025165,1.5753863930452865,0.0,cash
2014-03-04,0.0001211499702025165,1.6844382200529415,0.0001211499702025165,1.5755772510598614,0.0,cash
2014-03-05,0.0001211499702025165,1.684642289693109,0.0001211499702025165,1.575768132196879,0.0,cash
2014-03-06,0.0001211499702025165,1.6848463840563073,0.0001211499702025165,1.5759590364591407,0.0,cash
2014-03-07,0.0001211499702025165,1.6850505031455314,0.0001211499702025165,1.576149963849448,0.0,cash
2014-03-10,0.0001211499702025165,1.6852546469637772,0.0001211499702025165,1.576340914370603,0.0,cash
2014-03-11,0.0001211499702025165,1.6854588155140406,0.0001211499702025165,1.576531888025408,0.0,cash
2014-03-12,0.0001211499702025165,1.6856630087993176,0.0001211499702025165,1.5767228848166657,0.0,cash
2014-03-13,0.0001211499702025165,1.6858672268226051,0.0001211499702025165,1.5769139047471787,0.0,cash
2014-03-14,0.0001211499702025165,1.6860714695869001,0.0001211499702025165,1.5771049478197507,0.0,cash
2014-03-17,0.0001211499702025165,1.6862757370952,0.0001211499702025165,1.5772960140371854,0.0,cash
2014-03-18,0.0001211499702025165,1.6864800293505022,0.0001211499702025165,1.5774871034022866,0.0,cash
2014-03-19,0.0001211499702025165,1.6866843463558052,0.0001211499702025165,1.5776782159178586,0.0,cash
2014-03-20,0.0001211499702025165,1.6868886881141072,0.0001211499702025165,1.5778693515867062,0.0,cash
2014-03-21,0.0001211499702025165,1.687093054628407,0.0001211499702025165,1.5780605104116343,0.0,cash
2014-03-24,0.0001211499702025165,1.6872974459017043,0.0001211499702025165,1.5782516923954484,0.0,cash
2014-03-25,0.0001211499702025165,1.6875018619369981,0.0001211499702025165,1.5784428975409541,0.0,cash
2014-03-26,0.0001211499702025165,1.6877063027372885,0.0001211499702025165,1.5786341258509575,0.0,cash
2014-03-27,0.0001211499702025165,1.6879107683055756,0.0001211499702025165,1.578825377328265,0.0,cash
2014-03-28,0.0001211499702025165,1.6881152586448605,0.0001211499702025165,1.5790166519756832,0.0,cash
2014-03-31,0.0001211499702025165,1.6883197737581437,0.0001211499702025165,1.5792079497960194,0.0,cash
2014-04-01,0.0001211499702025165,1.6885243136484267,0.0001211499702025165,1.5793992707920808,0.0,cash
2014-04-02,-0.0013790317547527353,1.6861957850012335,0.0001211499702025165,1.5795906149666752,0.0,cash
2014-04-03,-0.015432803170588483,1.6601730573442335,0.0001211499702025165,1.5797819823226105,0.0,cash
2014-04-04,-0.0013790317547527353,1.657883625979771,0.0001211499702025165,1.5799733728626952,0.0,cash
2014-04-08,0.04464116173777821,1.731893477069548,0.0001211499702025165,1.5801647865897384,0.0,cash
2014-04-09,-0.0038490092618770344,1.7252274030357229,-0.0013790317547527353,1.5779856891712891,1.5,1.H00016
2014-04-10,0.038671129144538074,1.7919438947422133,0.038671129144538074,1.639008177545465,1.5,1.H00016
2014-04-11,-0.004925482888918031,1.7831177057507595,-0.004925482888918031,1.630935270812168,1.5,1.H00016
2014-04-14,-0.007353722781180516,1.7700051524564537,-0.007353722781180516,1.6189418249565657,1.5,1.H00016
2014-04-15,-0.03326083613480235,1.7111333011228438,-0.03326083613480235,1.5650944662049076,1.5,1.H00016
2014-04-16,0.0037154880587340067,1.7174909964700678,0.0037154880587340067,1.5709095560048825,1.5,1.H00016
2014-04-17,-0.006439198272398805,1.7064317314127373,-0.0079295394749902,1.5584529666689024,0.0,cash
2014-04-18,0.0006466192082315025,1.7075351429478045,0.0001211499702025165,1.5586417731993765,0.0,cash
2014-04-21,-0.02719252783912074,1.6611029460369193,-0.0013790317547527353,1.5564923566998503,1.5,1.H00016
2014-04-22,0.015793573544999884,1.6873376975809693,0.015793573544999884,1.5810749332076195,1.5,1.H00016
2014-04-23,-0.0025538103929095834,1.683028557032539,-0.0025538103929095834,1.5770371676112251,1.5,1.H00016
2014-04-24,0.0031669443883117765,1.6883586148766017,0.0031669443883117765,1.5820315566193506,1.5,1.H00016
2014-04-25,-0.010720023360279218,1.6702593710845959,-0.010720023360279218,1.5650721413756923,0.0,cash
2014-04-28,0.0001211499702025165,1.6704617229576333,0.0001211499702025165,1.5652617498189847,0.0,cash
2014-04-29,0.0001211499702025165,1.6706640993455941,0.0001211499702025165,1.5654513812333344,0.0,cash
2014-04-30,0.0001211499702025165,1.6708665002514482,0.0001211499702025165,1.5656410356215242,0.0,cash
2014-05-05,0.0001211499702025165,1.6710689256781661,0.0001211499702025165,1.5658307129863376,0.0,cash
2014-05-06,0.0001211499702025165,1.6712713756287183,0.0001211499702025165,1.566020413330558,0.0,cash
2014-05-07,0.0001211499702025165,1.671473850106076,0.0001211499702025165,1.5662101366569694,0.0,cash
2014-05-08,0.0001211499702025165,1.6716763491132105,0.0001211499702025165,1.5663998829683563,0.0,cash
2014-05-09,-0.0013790317547527353,1.6693710543441143,-0.0013790317547527353,1.564239767789102,1.5,1.H11077
2014-05-12,0.0017098989571540102,1.6722255101690404,0.0017098989571540102,1.5669144597367834,1.5,1.H11077
2014-05-13,-0.0015569021819816786,1.669622018623493,-0.0015569021819816786,1.5644749271954406,1.5,1.H11077
2014-05-14,-0.004415672031120255,1.6622495153733146,-0.004415672031120255,1.5575667190160347,0.0,cash
2014-05-15,0.0001211499702025165,1.662450896852571,0.0001211499702025165,1.5577554181776319,0.0,cash
2014-05-16,0.0001211499702025165,1.662652302729188,0.0001211499702025165,1.5579441402001268,0.0,cash
2014-05-19,0.0001211499702025165,1.6628537330061208,0.0001211499702025165,1.5581328850862892,0.0,cash
2014-05-20,0.0001211499702025165,1.6630551876863258,0.0001211499702025165,1.558321652838889,0.0,cash
2014-05-21,0.0001211499702025165,1.663256666772759,0.0001211499702025165,1.5585104434606964,0.0,cash
2014-05-22,0.0001211499702025165,1.6634581702683777,0.0001211499702025165,1.558699256954482,0.0,cash
2014-05-23,0.0001211499702025165,1.663659698176139,0.0001211499702025165,1.5588880933230167,0.0,cash
2014-05-26,0.0001211499702025165,1.663861250499,0.0001211499702025165,1.5590769525690718,0.0,cash
2014-05-27,0.0001211499702025165,1.6640628272399192,0.0001211499702025165,1.559265834695419,0.0,cash
2014-05-28,0.0001211499702025165,1.6642644284018544,0.0001211499702025165,1.55945473970483,0.0,cash
2014-05-29,0.0001211499702025165,1.6644660539877645,0.0001211499702025165,1.5596436676000773,0.0,cash
2014-05-30,0.0001211499702025165,1.6646677040006082,0.0001211499702025165,1.5598326183839337,0.0,cash
2014-06-03,0.0001211499702025165,1.6648693784433448,0.0001211499702025165,1.5600215920591718,0.0,cash
2014-06-04,0.0001211499702025165,1.6650710773189343,0.0001211499702025165,1.560210588628565,0.0,cash
2014-06-05,-0.0013790317547527353,1.6627748914293912,-0.0013790317547527353,1.5580590086827448,1.5,0.399606
2014-06-06,-0.005489659365711552,1.6536468236735857,-0.005489659365711552,1.5495057954533984,1.5,0.399606
2014-06-09,-0.026461336088124066,1.6098891193013,-0.026461336088124066,1.50850380182941,1.5,0.399606
2014-06-10,0.030686871898335966,1.659291580475824,0.030686871898335966,1.5547950647543018,1.5,0.399606
2014-06-11,0.014907289398283119,1.6840271202621115,0.014907289398283119,1.5779728447396166,1.5,0.399606
2014-06-12,-0.003754893280162541,1.6777037781446278,-0.003754893280162541,1.572047725108625,1.5,0.399606
2014-06-13,0.020886335247523036,1.7127448617009926,0.020886335247523036,1.6048820409203495,1.5,0.399606
2014-06-16,0.013915793270386168,1.7365790651213397,0.013915793270386168,1.6272152476251525,1.5,0.399606
2014-06-17,-0.019461499535899263,1.7027826324514284,-0.019461499535899263,1.5955471988386873,1.5,0.399606
2014-06-18,-0.014619155435209419,1.677889388475246,-0.014619155435209419,1.5722216463346517,1.5,0.399606
2014-06-19,-0.04755615247882439,1.5980954248743158,-0.048984818250106144,1.4952066547400662,0.0,cash
2014-06-20,0.015121409943408493,1.6222608809225258,0.0001211499702025165,1.4953877989817346,0.0,cash
2014-06-23,0.030633599028769165,1.6719565702687644,0.0001211499702025165,1.4955689651690225,0.0,cash
2014-06-24,0.008922295388577695,1.6868742606655756,0.0001211499702025165,1.4957501533045885,0.0,cash
2014-06-25,-0.011813705956679188,1.6669460241641818,0.0001211499702025165,1.4959313633910918,0.0,cash
2014-06-26,0.03037588862861118,1.717580990944099,-0.0013790317547527353,1.4938684265380449,1.5,0.399606
2014-06-27,0.002686754876936037,1.7221957100480507,0.002686754876936037,1.4978820848185468,1.5,0.399606
2014-06-30,0.017191794326274934,1.7518033444847898,0.017191794326274934,1.5236333655457592,1.5,0.399606
2014-07-01,0.00441684783261409,1.7595407932900435,0.00441684783261409,1.5303630222740685,1.5,1.H00852
2014-07-02,0.009094525252937302,1.7755429814681931,0.009094525252937302,1.5442809474263015,1.5,1.H00852
2014-07-03,0.010656104145831513,1.7944633523941185,0.010656104145831513,1.5607369660324995,1.5,1.H00852
2014-07-04,-0.0007433360399475841,1.7931294631119188,-0.0007433360399475841,1.559576813996769,1.5,1.H00852
2014-07-07,-0.0020200653439457206,1.7895072244262784,-0.0020200653439457206,1.5564263669235927,1.5,1.H00852
2014-07-08,0.013250667938561334,1.8132193904308076,0.013250667938561334,1.5770500558825187,1.5,1.H00852
2014-07-09,-0.023211391875612497,1.771132044603059,-0.023211391875612497,1.540444529027973,1.5,1.H00852
2014-07-10,-0.0004486287641031206,1.7703374638228253,-0.0004486287641031206,1.5397534413027456,1.5,1.H00852
2014-07-11,0.009328087021120979,1.7868513257421152,0.009328087021120979,1.554116395394288,1.5,1.H00852
2014-07-14,0.014844384112879139,1.8133760331740385,0.014844384112879139,1.577186296123644,1.5,1.H00905
2014-07-15,0.000918092118043834,1.815040879417145,0.000918092118043834,1.578634298430802,1.5,1.H00905
2014-07-16,-0.011309612291057425,1.7945134707785173,-0.011309612291057425,1.560780556566184,1.5,1.H00905
2014-07-17,-0.011346541061966198,1.7741519499960774,-0.012829521250373177,1.540756489248549,0.0,cash
2014-07-18,0.004163529742251981,1.7815386844071603,0.0001211499702025165,1.5409431518513108,0.0,cash
2014-07-21,-0.004521205522078908,1.7734839818694215,0.0001211499702025165,1.5411298370682414,0.0,cash
2014-07-22,0.016661767192529764,1.8030333590950105,0.0001211499702025165,1.5413165449020805,0.0,cash
2014-07-23,0.0056372558104273995,1.8131975193749632,0.0001211499702025165,1.541503275355568,0.0,cash
2014-07-24,0.018966393982716045,1.8475873378959122,0.0001211499702025165,1.5416900284314443,0.0,cash
2014-07-25,0.019404650316294347,1.8834391241165955,0.0001211499702025165,1.5418768041324502,0.0,cash
2014-07-28,0.031778807550668864,1.943292573575297,0.0001211499702025165,1.5420636024613268,0.0,cash
2014-07-29,0.0027872687903258697,1.9487090523160955,-0.0013790317547527353,1.5399370477856842,1.5,1.H00016
2014-07-30,-0.007294527941847928,1.9344941396834436,-0.007294527941847928,1.5287039339619246,1.5,1.H00016
2014-07-31,0.0191169137562468,1.9714756973137368,0.0191169137562468,1.5579280352263098,1.5,1.H00016
2014-08-01,-0.012893076029607209,1.946057311257748,-0.012893076029607209,1.5378415506194805,1.5,1.H00016
2014-08-04,0.034141158805760075,2.0124979629665094,0.034141158805760075,1.5903452432172764,1.5,1.H00016
2014-08-05,-0.011214358884216846,1.9899290885560477,-0.011214358884216846,1.5725105409100308,1.5,1.H00016
2014-08-06,-0.012372729995206777,1.9653082332337357,-0.012372729995206777,1.5530542925727344,1.5,1.H00016
2014-08-07,-0.023767600396162547,1.918597572490948,-0.023767600396162547,1.5161419187533207,1.5,1.H00016
2014-08-08,0.002278333929078169,1.9229687784366012,0.002278333929078169,1.5195961963281142,1.5,1.H00016
2014-08-11,0.022116885133380837,1.965498858024361,0.022116885133380837,1.5532049308514255,1.5,1.H00016
2014-08-12,-0.0105730749228381,1.9447174913377168,-0.0105730749228381,1.5367827787470119,1.5,1.H00016
2014-08-13,-0.000982413886769895,1.9428069738683822,-0.000982413886769895,1.5352730220042219,1.5,0.399606
2014-08-14,-0.004401102731468098,1.9342564807889748,-0.004401102731468098,1.5285161277135297,1.5,0.399606
2014-08-15,0.013136153832158826,1.959665171471469,0.013136153832158826,1.5485949507021104,1.5,0.399606
2014-08-18,0.03902723643261741,2.0361454874472518,0.03902723643261741,1.6090323319815192,1.5,0.399606
2014-08-19,0.007983086718358123,2.0524002134447366,0.007983086718358123,1.6218773766203696,1.5,0.399606
2014-08-20,-0.009452327841547814,2.033000253765194,-0.009452327841547814,1.6065468599377644,1.5,0.399606
2014-08-21,0.021456886240556416,2.076622108937256,0.021456886240556416,1.641018353151572,1.5,0.399606
2014-08-22,0.014303130971908384,2.106324306940546,0.014303130971908384,1.6644900535840044,1.5,0.399606
2014-08-25,-0.018448527866179898,2.0674657242687413,-0.018448527866179898,1.6337826624474805,1.5,0.399606
2014-08-26,-0.03398986791439407,1.9971928373833097,-0.03398986791439407,1.5782506055500636,1.5,0.399606
2014-08-27,0.009922820471730098,2.0170106233560894,0.009922820471730098,1.5939113029683363,1.5,0.399606
2014-08-28,-0.01773939940829794,1.9812300662975957,-0.01773939940829794,1.5656362737435803,1.5,0.399606
2014-08-29,0.02202620688282142,2.0248690496203325,0.020493167572497306,1.5977211202589878,0.0,cash
2014-09-01,0.0298245530940191,2.08525986409917,0.0001211499702025165,1.597914684125099,0.0,cash
2014-09-02,0.012517220638267545,2.111361521906223,-0.0013790317547527353,1.5957111090343048,1.5,0.399606
2014-09-03,0.012880499986859695,2.1385569139613922,0.012880499986859695,1.6162646659532531,1.5,0.399606
2014-09-04,0.018050003171666162,2.177157873041184,0.018050003171666162,1.6454382482999612,1.5,0.399606
2014-09-05,-0.005755617177822803,2.164626985788276,-0.005755617177822803,1.6359677356529994,1.5,0.399606
2014-09-09,0.00415846256531216,2.173628506076541,0.00415846256531216,1.6427708462397708,1.5,0.399606
2014-09-10,0.01087229847339577,2.1972608439648864,0.01087229847339577,1.6606315412034824,1.5,0.399606
2014-09-11,0.008011912659050324,2.214865105935884,0.008011912659050324,1.6739363760704689,1.5,0.399606
2014-09-12,0.010956788044882426,2.23913291344963,0.010956788044882426,1.6922773421436916,1.5,0.399606
2014-09-15,0.0019201472608658676,2.243432378380105,0.0019201472608658676,1.6955267638468343,1.5,0.399606
2014-09-16,-0.052160366025313154,2.12641412437076,-0.052160366025313154,1.6070874672388686,1.5,0.399606
2014-09-17,0.0060377908640498745,2.1392529681440724,0.0060377908640498745,1.6167907252662925,1.5,0.399606
2014-09-18,0.011771255267574166,2.164434660914012,0.011771255267574166,1.6358223816076485,1.5,0.399606
2014-09-19,0.008332976263170533,2.182470843566592,0.006820476798775843,1.6469794702083216,0.0,cash
2014-09-22,-0.017316048685824925,2.1446790721839997,0.0001211499702025165,1.6471790017220616,0.0,cash
2014-09-23,-0.0013790317547527353,2.1417214916397045,0.0001211499702025165,1.6473785574090385,0.0,cash
2014-09-24,0.0184835240236787,2.1813080522824557,0.0001211499702025165,1.647578137272181,0.0,cash
2014-09-25,0.0001211499702025165,2.1815723176879924,0.0001211499702025165,1.6477777413144177,0.0,cash
2014-09-26,0.0001211499702025165,2.181836615109275,0.0001211499702025165,1.6479773695386783,0.0,cash
2014-09-29,0.0001211499702025165,2.182100944550182,0.0001211499702025165,1.6481770219478924,0.0,cash
2014-09-30,0.0001211499702025165,2.1823653060145936,0.0001211499702025165,1.64837669854499,0.0,cash
2014-10-08,-0.0013790317547527353,2.179355754957129,-0.0013790317547527353,1.646103534733902,1.5,1.H11077
2014-10-09,-0.006554298284244919,2.165071607271654,-0.006554298284244919,1.635314481160506,0.0,cash
2014-10-10,-0.0013790317547527353,2.162085904773913,-0.0013790317547527353,1.6330593305619787,1.5,1.H00852
2014-10-13,-0.00013696210576974455,2.16178978093554,-0.00013696210576974455,1.632835663317218,1.5,1.H00852
2014-10-14,-0.003111585661323635,2.155063186850385,-0.003111585661323635,1.6277549552799424,1.5,1.H00852
2014-10-15,0.004483515918366265,2.164725446953714,0.004483515918366265,1.6350530205331395,1.5,1.H00852
2014-10-16,-0.024210154369449732,2.1123171097154883,-0.024210154369449732,1.595468134503797,1.5,1.H11077
2014-10-17,-0.0005807310319151382,2.111090421620631,-0.0005807310319151382,1.594541596647659,1.5,1.H11077
2014-10-20,0.0072241357945361795,2.1263412255009633,0.0072241357945361795,1.6060607816718782,1.5,1.H11077
2014-10-21,0.0016223455292680988,2.129790885681853,0.0016223455292680988,1.6086663672007564,1.5,1.H11077
2014-10-22,-0.0014829887782046303,2.126632429698464,-0.0014829887782046303,1.6062807330303224,1.5,1.H11077
2014-10-23,-0.0010960396498695957,2.124301556234816,-0.0010960396498695957,1.6045201856580995,1.5,1.H11077
2014-10-24,-0.0008377099475398442,2.1225220076895837,-0.0008377099475398442,1.6031760631375453,1.5,1.H11077
2014-10-27,0.0016240902416806424,2.1259691749700247,0.0016240902416806424,1.6057797657373831,1.5,1.H11077
2014-10-28,0.0005866462782748716,2.127216366874248,0.0005866462782748716,1.606721790460682,1.5,1.H11077
2014-10-29,0.004079854584466469,2.135895100320792,0.004079854584466469,1.6132769817234553,1.5,1.H11077
2014-10-30,-0.0009638007915527824,2.1338365229324294,-0.0009638007915527824,1.6117221040914764,1.5,1.H11077
2014-10-31,-0.0010934549988731446,2.131503268719651,-0.0010934549988731446,1.6099597584999632,1.5,1.H11077
2014-11-03,0.0023942053766559113,2.136606525305979,0.0023942053766559113,1.6138143328099634,1.5,1.H11077
2014-11-04,0.006388818771885685,2.1502569171829875,0.006388818771885685,1.624124700113758,1.5,1.H11077
2014-11-05,0.0020616206109045354,2.154689931162192,0.0020616206109045354,1.6274730290701918,1.5,1.H20955
2014-11-06,0.0007847583778652911,2.1563808421373736,0.0007847583778652911,1.6287502021645044,1.5,1.H20955
2014-11-07,-0.010867608005136642,2.132946140435238,-0.010867608005136642,1.6110495834290934,1.5,1.H20955
2014-11-10,0.0425056223195428,2.223608343508505,0.0425056223195428,1.6795282485603873,1.5,1.H20955
2014-11-11,-0.011617684542210904,2.197775163228195,-0.011617684542210904,1.6600160191888806,1.5,1.H20955
2014-11-12,0.015301311999649014,2.231404006705829,0.015301311999649014,1.685416442222905,1.5,1.H00016
2014-11-13,-0.004120926789237034,2.2222085541569845,-0.004120926789237034,1.6784709644551281,1.5,1.H00016
2014-11-14,0.0020800436023706848,2.226830844843192,0.0005769235369672554,1.6794393138606385,0.0,cash
2014-11-17,-0.018027323925631444,2.186687043875616,0.0001211499702025165,1.6796427778834697,0.0,cash
2014-11-18,-0.025237565718422728,2.1315003859001815,0.0001211499702025165,1.6798462665559613,0.0,cash
2014-11-19,-0.006999792711146924,2.1165803250351507,0.0001211499702025165,1.6800497798810994,0.0,cash
2014-11-20,0.004375157464617363,2.1258406972436905,0.0001211499702025165,1.6802533178618708,0.0,cash
2014-11-21,0.03403851935524638,2.19820116696299,0.0001211499702025165,1.6804568805012625,0.0,cash
2014-11-24,0.037893693021284314,2.2814991271829146,-0.0013790317547527353,1.6781394771005587,1.5,1.H00016
2014-11-25,0.016638223837075694,2.3194592203450766,0.016638223837075694,1.7060607373503909,1.5,1.H00016
2014-11-26,0.0360671424062029,2.403115486350643,0.0360671424062029,1.767593472918039,1.5,1.H00016
2014-11-27,0.026732957595232865,2.4673578707437023,0.026732957595232865,1.8148464742751673,1.5,1.H00016
2014-11-28,0.049672867838710166,2.5899186121679554,0.049672867838710166,1.9049951033393868,1.5,1.H00016
2014-12-01,0.00458852421250322,2.6018025164283007,0.00458852421250322,1.9137362194957597,1.5,1.H00016
2014-12-02,0.07895629955635153,2.807231215301883,0.07895629955635153,2.0648377497141066,1.5,1.H00016
2014-12-03,0.011845514464896567,2.8404843132690503,0.011845514464896567,2.0892968151460094,1.5,1.H00016
2014-12-04,0.09054408830717842,3.0976733757648383,0.09054408830717842,2.278470290476496,1.5,1.H00016
2014-12-05,0.02588645294187719,3.177861151835881,0.02588645294187719,2.337451804430381,0.0,cash
2014-12-08,0.0001211499702025165,3.1782461496197336,0.0001211499702025165,2.3377349866468378,0.0,cash
2014-12-09,0.0001211499702025165,3.1786311940460563,0.0001211499702025165,2.338018203170811,0.0,cash
2014-12-10,0.0001211499702025165,3.1790162851205,0.0001211499702025165,2.338301454006458,0.0,cash
2014-12-11,0.0001211499702025165,3.1794014228487155,0.0001211499702025165,2.3385847391579357,0.0,cash
2014-12-12,0.0001211499702025165,3.1797866072363554,0.0001211499702025165,2.3388680586294006,0.0,cash
2014-12-15,0.0001211499702025165,3.1801718382890725,0.0001211499702025165,2.3391514124250112,0.0,cash
2014-12-16,0.0001211499702025165,3.18055711601252,0.0001211499702025165,2.3394348005489256,0.0,cash
2014-12-17,0.0001211499702025165,3.1809424404123523,0.0001211499702025165,2.3397182230053026,0.0,cash
2014-12-18,0.0001211499702025165,3.1813278114942243,0.0001211499702025165,2.340001679798302,0.0,cash
2014-12-19,0.0001211499702025165,3.1817132292637913,0.0001211499702025165,2.3402851709320833,0.0,cash
2014-12-22,0.0001211499702025165,3.1820986937267097,0.0001211499702025165,2.340568696410807,0.0,cash
2014-12-23,0.0001211499702025165,3.1824842048886364,0.0001211499702025165,2.3408522562386342,0.0,cash
2014-12-24,0.0001211499702025165,3.1828697627552285,0.0001211499702025165,2.341135850419726,0.0,cash
2014-12-25,-0.001355544385006513,3.178555241520119,0.0001211499702025165,2.3414194789582448,0.0,cash
2014-12-26,0.036043923261060984,3.2931228427265133,0.0001211499702025165,2.341703141858352,0.0,cash
2014-12-29,0.006840036263456417,3.3156479223907795,0.0001211499702025165,2.3419868391242114,0.0,cash
2014-12-30,-0.008448003497923517,3.287637317144539,0.0001211499702025165,2.342270570759986,0.0,cash
2014-12-31,0.026294972999181487,3.374085651629956,0.0001211499702025165,2.34255433676984,0.0,cash
2015-01-05,0.0623846222701292,3.5845767105139537,0.0001211499702025165,2.3428381371579374,0.0,cash
2015-01-06,-0.00355287555682815,3.571841155537593,0.0001211499702025165,2.3431219719284435,0.0,cash
2015-01-07,0.001652062235049101,3.5777420594202507,0.0001211499702025165,2.3434058410855236,0.0,cash
2015-01-08,0.0001211499702025165,3.5781755027641418,0.0001211499702025165,2.3436897446333433,0.0,cash
2015-01-09,0.0001211499702025165,3.578608998619681,0.0001211499702025165,2.3439736825760695,0.0,cash
2015-01-12,0.0001211499702025165,3.5790425469932305,0.0001211499702025165,2.344257654917869,0.0,cash
2015-01-13,0.0001211499702025165,3.5794761478911523,0.0001211499702025165,2.3445416616629093,0.0,cash
2015-01-14,-0.0012820011938298181,3.5748872551962707,-0.0013790317547527353,2.3413084642611355,1.5,1.H11077
2015-01-15,-0.0010973461245293858,3.5709643665211517,-0.0011816266184079272,2.3385419118578605,0.0,cash
2015-01-16,0.0001211499702025165,3.57139698874775,0.0001211499702025165,2.3388252261407994,0.0,cash
2015-01-19,0.0001211499702025165,3.571829663386518,0.0001211499702025165,2.339108574747255,0.0,cash
2015-01-20,-0.0013580892459068572,3.5669787999324614,-0.0013790317547527353,2.3358828697448644,1.5,0.399606
2015-01-21,0.018833314064177653,3.634156831931853,0.019099304997753475,2.380496609113149,1.5,0.399606
2015-01-22,0.01834853395501579,3.7008382819604075,0.018629115212968728,2.4248431547083995,1.5,0.399606
2015-01-23,-0.03993302840965296,3.553052601707351,-0.04027393150451419,2.3271851875864833,1.5,0.399606
2015-01-26,0.037090043824064,3.6848354784138815,0.03750643225397132,2.4144696011671414,1.5,0.399606
2015-01-27,0.003137057660884679,3.6963950197805393,0.0032917361540700796,2.4224173980462065,1.5,0.399606
2015-01-28,-0.01001636768468317,3.6593705681545856,-0.010613532098730838,2.396706993235519,1.5,0.399606
2015-01-29,-0.01646241816841676,3.599128479628428,-0.01742537043084269,2.354943486064199,1.5,0.399606
2015-01-30,-0.025451611132954466,3.5075248611473837,-0.02704331353000411,2.291258011025124,1.5,0.399606
2015-02-02,0.013459263617906503,3.5547335628999273,0.012915426861238588,2.320850586286746,0.0,cash
2015-02-03,0.04097919395475258,3.700403679031472,0.0001211499702025165,2.321131757266119,0.0,cash
2015-02-04,-0.00032757737918454044,3.69919151049237,0.0001211499702025165,2.321412962309348,0.0,cash
2015-02-05,0.00010938972495000421,3.69959616403424,-0.0013790317547527353,2.3182116601184286,1.5,1.H00852
2015-02-06,-0.02579722587707678,3.604156846136682,-0.028721122057773663,2.251630020072413,1.5,1.H00852
2015-02-09,-0.01083920018393425,3.5650906685871098,-0.01204089146182108,2.2245183873885432,1.5,1.H00852
2015-02-10,0.016537406703071467,3.6240480229068597,0.01717770135383967,2.2627304999032285,0.0,cash
2015-02-11,0.01820072641602488,3.690008329490323,0.0001211499702025165,2.263004629635868,0.0,cash
2015-02-12,0.011644827388682444,3.7329778395500384,0.0001211499702025165,2.2632787925793165,0.0,cash
2015-02-13,0.02217042316406226,3.8157395379149297,-0.0013790317547527353,2.2601576592544914,1.5,1.H00852
2015-02-16,0.026372493115094597,3.9163701026075852,0.02973203116781198,2.327356737223615,1.5,0.399606
2015-02-17,-0.0016720346374436978,3.9098217961429764,-0.0018979435248418497,2.3229395455742043,1.5,0.399606
2015-02-25,-0.012242369632546546,3.861956312517207,-0.013969348211290145,2.290489594188302,1.5,0.399606
2015-02-26,0.002509589476099361,3.8716482374362555,0.00285287609481788,2.297024077196991,1.5,0.399606
2015-02-27,0.03310814746820512,3.9998313382263113,0.037950229119424694,2.384196667219452,1.5,0.399606
2015-03-02,0.03995262935952426,4.159635117183077,0.04579040703366877,2.493370003059747,1.492309396197631,0.399606
2015-03-03,-0.016497451712621403,4.091011737695225,-0.019056588969728505,2.4458548757619867,1.4541234771217375,0.399606
2015-03-04,0.03117772225514126,4.218560165395609,0.03557565908311644,2.532867774988873,1.4408238774683058,0.399606
2015-03-05,0.0030725264056066237,4.2315218028974275,0.0034796468081839116,2.541681260257665,1.419990121326717,0.399606
2015-03-06,-0.04182979193015601,4.054518126334309,-0.047438344319516434,2.4211081094830993,1.41985423296133,1.H00852
2015-03-09,0.019099657232874545,4.131958032791771,0.021640360462147123,2.473501761690141,1.36214161448127,1.H00852
2015-03-10,0.018719215800263145,4.209305046885231,0.021103581452910802,2.5257015075918874,1.3568504749363917,1.H00852
2015-03-11,-5.3600211017745814e-05,4.20907942724648,-7.276095919661607e-05,2.5255177351275506,1.3565669449259554,1.H00852
2015-03-12,-0.00832132709314315,4.174054300571342,-0.009368365624676245,2.5018577615932713,1.38207773526819,1.H00852
2015-03-13,0.021913237091056414,4.265521342090706,0.02476402396200128,2.563813827150886,1.3829317571988817,1.H00852
2015-03-16,0.040579485643703395,4.438614004154986,0.04587192402122775,2.681420900234525,1.3771662662057544,1.H00852
2015-03-17,0.013853358907464086,4.500103717006241,0.015614146749099111,2.723288999666888,1.3426443904252587,1.H00852
2015-03-18,0.0236611723869935,4.606581446813676,0.026457197921741615,2.795339595729177,1.3409787193350564,1.H00852
2015-03-19,0.00964801157312456,4.651025797925075,0.010763899032970148,2.8254283489004695,1.3323808868159825,1.H00852
2015-03-20,0.014964777022228759,4.720627361915658,0.016544546140940808,2.8721737785867756,1.3328073119745565,1.H00852
2015-03-23,0.03550208831575952,4.888219491424178,0.03867462562241819,2.983254024196145,1.3314032975513312,1.H00852
2015-03-24,0.013566762819833933,4.95453680587562,0.014703821281234042,3.0271192582044475,1.3098072612269698,1.H00852
2015-03-25,0.01812875461408403,5.044356387855786,0.019565438751505848,3.0863461746443503,1.3096227249663859,1.H00852
2015-03-26,-0.025245481824828553,4.917009180348215,-0.0271056616469999,3.002688719508928,0.0,cash
2015-03-27,0.0001211499702025165,4.9176048758638995,0.0001211499702025165,3.003052495157824,0.0,cash
2015-03-30,0.0001211499702025165,4.9182006435480785,0.0001211499702025165,3.003416314878129,0.0,cash
2015-03-31,0.0001211499702025165,4.918796483409494,0.0001211499702025165,3.003780178675182,0.0,cash
2015-04-01,-0.0011159931399460365,4.913307140277219,-0.0012133427605449665,3.000135563741118,1.3343310765773744,1.H20955
2015-04-02,0.016861976243725207,4.996155208554699,0.018174935235339085,3.0546628333093504,1.3336775976231974,1.H00905
2015-04-03,0.019247377426917955,5.092318093537213,0.020734987784624792,3.1180012298441673,1.4348509705211765,1.H00905
2015-04-07,0.02881530991364345,5.239054817581342,0.031548552799524066,3.216369656272887,1.4286901850835803,1.H20955
2015-04-08,-0.005331849804021238,5.211120964178964,-0.00578833818349378,3.1977522209792517,1.5,1.H20955
2015-04-09,-0.02835510913540895,5.063359060521853,-0.029920388742467274,3.1020742314254646,1.5,1.H20955
2015-04-10,0.029575536300478156,5.213110620218671,0.03113779034580144,3.1986659684807037,1.5,1.H20955
2015-04-13,0.045628216495016805,5.45097556021048,0.04899123216400314,3.3553725555576377,1.5,1.H20955
2015-04-14,0.011669424599058953,5.51458530850167,0.012576318420993271,3.3975707892373923,1.498510874949453,1.H00016
2015-04-15,0.00035674998284762616,5.51655263671589,0.00038011990772202076,3.398862273532276,1.4965796320295763,1.H00016
2015-04-16,0.05764866030569382,5.834574505728404,0.06365765520779276,3.6152258762395686,1.4966502144318272,1.H00016
2015-04-17,0.022052501413749814,5.963241468264608,0.02286928172845215,3.6979034953152814,0.0,cash
2015-04-20,-0.02857201657748909,5.792859634177781,0.0001211499702025165,3.6983514962135504,0.0,cash
2015-04-21,0.02043910814099159,5.911260518686326,0.0001211499702025165,3.6987995513871152,0.0,cash
2015-04-22,0.033556784524513494,6.109623414180147,-0.0012914017114303844,3.694022915316216,1.412380571768693,1.H00016
2015-04-23,-0.009974173907409067,6.048684967738336,-0.011087143497834795,3.6530667531698153,1.412380571768693,1.H00016
2015-04-24,-0.019040426659543863,5.933515425223429,-0.021387758107320076,3.574935845103126,1.4060821427847083,1.H00016
2015-04-27,0.032785388868613374,6.128048035797295,0.03678632220287459,3.7064445869556955,1.389301828865942,1.H00016
2015-04-28,-0.009820966545145415,6.067864681050685,-0.011039335248204551,3.6655279025813985,1.3685869694241164,1.H00016
2015-04-29,0.0003221904331842662,6.069819689000776,0.00034540361772839034,3.6667939891798347,1.3627408484447485,1.H00016
2015-04-30,-0.011899352759202064,5.9975927633366055,-0.014617698543062385,3.6131939000264905,0.0,cash
2015-05-04,0.008111429861658026,6.046241816375198,0.0001211499702025165,3.6136316383598146,0.0,cash
2015-05-05,-0.04608583023645596,5.7675957424571695,0.0001211499702025165,3.6140694297251246,0.0,cash
2015-05-06,-0.0062385038629493295,5.731614574137921,0.0001211499702025165,3.6145072741288455,0.0,cash
2015-05-07,-0.016789816344571884,5.6353818180802735,0.0001211499702025165,3.614945171577403,0.0,cash
2015-05-08,0.07241125332183729,6.04344687847456,0.0001211499702025165,3.6153831220772235,0.0,cash
2015-05-11,0.06876771881364485,6.459040934078699,0.0001211499702025165,3.6158211256347337,0.0,cash
2015-05-12,0.0001211499702025165,6.459823446695399,0.0001211499702025165,3.616259182256362,0.0,cash
2015-05-13,0.0001211499702025165,6.460606054113479,0.0001211499702025165,3.6166972919485367,0.0,cash
2015-05-14,0.0001211499702025165,6.461388756344426,0.0001211499702025165,3.6171354547176877,0.0,cash
2015-05-15,0.0001211499702025165,6.462171553399724,0.0001211499702025165,3.6175736705702453,0.0,cash
2015-05-18,0.0001211499702025165,6.462954445290862,0.0001211499702025165,3.61801193951264,0.0,cash
2015-05-19,0.0001211499702025165,6.463737432029329,0.0001211499702025165,3.6184502615513043,0.0,cash
2015-05-20,0.0001211499702025165,6.464520513626616,0.0001211499702025165,3.6188886366926707,0.0,cash
2015-05-21,0.0001211499702025165,6.465303690094216,0.0001211499702025165,3.6193270649431724,0.0,cash
2015-05-22,-0.0009414955395723457,6.459216635508012,-0.0012340360290024055,3.614860684944289,1.3550218383495538,1.H00852
2015-05-25,0.014887718915383763,6.5553796371910265,0.018946963425289898,3.683351318129447,0.0,cash
2015-05-26,0.0001211499702025165,6.556173821238739,0.0001211499702025165,3.6837975560318834,0.0,cash
2015-05-27,0.0001211499702025165,6.556968101501824,0.0001211499702025165,3.684243847996029,0.0,cash
2015-05-28,0.0001211499702025165,6.55776247799194,0.0001211499702025165,3.6846901940284322,0.0,cash
2015-05-29,0.0001211499702025165,6.558556950720743,0.0001211499702025165,3.685136594135644,0.0,cash
2015-06-01,0.0001211499702025165,6.559351519699895,0.0001211499702025165,3.685583048324216,0.0,cash
2015-06-02,0.0001211499702025165,6.560146184941055,0.0001211499702025165,3.6860295566006993,0.0,cash
2015-06-03,0.0001211499702025165,6.560940946455885,0.0001211499702025165,3.686476118971647,0.0,cash
2015-06-04,0.0001211499702025165,6.561735804256048,0.0001211499702025165,3.6869227354436127,0.0,cash
2015-06-05,-0.0010062525843845815,6.555133040644966,-0.0013387477086946875,3.681986876079403,1.4597208337616399,1.H20955
2015-06-08,0.010568102531367085,6.624408358725255,0.013649251467517498,3.73224324085111,1.4597208337616399,1.H20955
2015-06-09,-0.00597207632406449,6.584846886405177,-0.007767837221736018,3.703251782884254,1.4595221362095114,1.H20955
2015-06-10,0.011370894667195763,6.659722486750102,0.014668089034214127,3.7575714097517126,1.4850962177581464,1.H20955
2015-06-11,0.01500528212922636,6.75965350156614,0.017989978828895747,3.82517003986121,0.0,cash
2015-06-12,0.018801530527690957,6.886745333232449,0.0001211499702025165,3.8256334590975585,0.0,cash
2015-06-15,-0.006422567024184533,6.842514749751274,0.0001211499702025165,3.826096934477134,0.0,cash
2015-06-16,0.0001211499702025165,6.843343720209317,0.0001211499702025165,3.826560466006738,0.0,cash
2015-06-17,-0.001022089401394921,6.836349211122789,0.0001211499702025165,3.827024053693173,0.0,cash
2015-06-18,-0.0348216546738751,6.598296219663053,0.0001211499702025165,3.827487697543242,0.0,cash
2015-06-19,0.0001211499702025165,6.599095603053452,0.0001211499702025165,3.8279513975637496,0.0,cash
2015-06-23,0.0001211499702025165,6.599895083289125,0.0001211499702025165,3.828415153761501,0.0,cash
2015-06-24,0.0001211499702025165,6.600694660381805,0.0001211499702025165,3.8288789661433023,0.0,cash
2015-06-25,0.0001211499702025165,6.601494334343227,0.0001211499702025165,3.8293428347159595,0.0,cash
2015-06-26,0.0001211499702025165,6.602294105185124,0.0001211499702025165,3.8298067594862806,0.0,cash
2015-06-29,0.0001211499702025165,6.603093972919235,0.0001211499702025165,3.830270740461074,0.0,cash
2015-06-30,0.0001211499702025165,6.603893937557299,0.0001211499702025165,3.830734777647148,0.0,cash
2015-07-01,0.0001211499702025165,6.6046939991110545,0.0001211499702025165,3.831198871051314,0.0,cash
2015-07-02,0.0001211499702025165,6.6054941575922435,0.0001211499702025165,3.8316630206803817,0.0,cash
2015-07-03,0.0001211499702025165,6.606294413012608,0.0001211499702025165,3.832127226541163,0.0,cash
2015-07-06,0.0001211499702025165,6.607094765383894,0.0001211499702025165,3.8325914886404706,0.0,cash
2015-07-07,0.0001211499702025165,6.607895214717845,0.0001211499702025165,3.8330558069851177,0.0,cash
2015-07-08,0.0001211499702025165,6.60869576102621,0.0001211499702025165,3.8335201815819184,0.0,cash
2015-07-09,0.0001211499702025165,6.609496404320736,0.0001211499702025165,3.8339846124376877,0.0,cash
2015-07-10,0.0001211499702025165,6.610297144613173,0.0001211499702025165,3.8344490995592415,0.0,cash
2015-07-13,0.0001211499702025165,6.611097981915273,0.0001211499702025165,3.834913642953396,0.0,cash
2015-07-14,0.0001211499702025165,6.611898916238788,0.0001211499702025165,3.835378242626969,0.0,cash
2015-07-15,0.0001211499702025165,6.612699947595472,0.0001211499702025165,3.8358428985867787,0.0,cash
2015-07-16,0.0001211499702025165,6.613501075997082,0.0001211499702025165,3.836307610839644,0.0,cash
2015-07-17,0.0001211499702025165,6.614302301455373,0.0001211499702025165,3.836772379392385,0.0,cash
2015-07-20,0.0001211499702025165,6.615103623982105,0.0001211499702025165,3.837237204251822,0.0,cash
2015-07-21,0.0001211499702025165,6.615905043589037,0.0001211499702025165,3.837702085424777,0.0,cash
2015-07-22,0.0001211499702025165,6.6167065602879305,0.0001211499702025165,3.8381670229180727,0.0,cash
2015-07-23,0.0001211499702025165,6.617508174090548,0.0001211499702025165,3.8386320167385315,0.0,cash
2015-07-24,0.0001211499702025165,6.618309885008654,0.0001211499702025165,3.8390970668929776,0.0,cash
2015-07-27,0.0001211499702025165,6.6191116930540135,0.0001211499702025165,3.839562173388236,0.0,cash
2015-07-28,0.0001211499702025165,6.619913598238394,0.0001211499702025165,3.840027336231133,0.0,cash
2015-07-29,0.0001211499702025165,6.620715600573564,0.0001211499702025165,3.840492555428494,0.0,cash
2015-07-30,0.0001211499702025165,6.621517700071292,0.0001211499702025165,3.840957830987147,0.0,cash
2015-07-31,0.0001211499702025165,6.622319896743352,0.0001211499702025165,3.8414231629139204,0.0,cash
2015-08-03,-0.001207634325279483,6.614322555923063,-0.0013790317547527353,3.8361257183888195,1.5,1.H00905
2015-08-04,0.07077983997580639,7.082483247979664,0.07829931262160494,4.1364917252687246,0.0,cash
2015-08-05,-0.018825974437509774,6.949148599399108,0.0001211499702025165,4.136992861117984,0.0,cash
2015-08-06,0.0001211499702025165,6.9499904885448585,0.0001211499702025165,4.137494057679837,0.0,cash
2015-08-07,0.0001211499702025165,6.950832479685453,0.0001211499702025165,4.137995314961638,0.0,cash
2015-08-10,0.0001211499702025165,6.95167457283325,0.0001211499702025165,4.138496632970744,0.0,cash
2015-08-11,0.0001211499702025165,6.952516768000606,0.0001211499702025165,4.138998011714512,0.0,cash
2015-08-12,0.0001211499702025165,6.953359065199882,0.0001211499702025165,4.139499451200299,0.0,cash
2015-08-13,0.0001211499702025165,6.954201464443438,0.0001211499702025165,4.140000951435465,0.0,cash
2015-08-14,0.0001211499702025165,6.955043965743638,0.0001211499702025165,4.14050251242737,0.0,cash
2015-08-17,0.0001211499702025165,6.955886569112844,0.0001211499702025165,4.141004134183374,0.0,cash
2015-08-18,0.0001211499702025165,6.956729274563425,0.0001211499702025165,4.141505816710839,0.0,cash
2015-08-19,0.0001211499702025165,6.957572082107745,0.0001211499702025165,4.142007560017127,0.0,cash
2015-08-20,0.0001211499702025165,6.958414991758175,0.0001211499702025165,4.142509364109602,0.0,cash
2015-08-21,0.0001211499702025165,6.959258003527083,0.0001211499702025165,4.143011228995627,0.0,cash
2015-08-24,0.0001211499702025165,6.9601011174268415,0.0001211499702025165,4.1435131546825685,0.0,cash
2015-08-25,0.0001211499702025165,6.960944333469824,0.0001211499702025165,4.144015141177792,0.0,cash
2015-08-26,0.0001211499702025165,6.961787651668405,0.0001211499702025165,4.144517188488664,0.0,cash
2015-08-27,0.0001211499702025165,6.96263107203496,0.0001211499702025165,4.145019296622554,0.0,cash
2015-08-28,0.0001211499702025165,6.963474594581869,0.0001211499702025165,4.145521465586828,0.0,cash
2015-08-31,0.0001211499702025165,6.964318219321508,0.0001211499702025165,4.146023695388858,0.0,cash
2015-09-01,0.0001211499702025165,6.965161946266259,0.0001211499702025165,4.146525986036013,0.0,cash
2015-09-02,0.0001211499702025165,6.966005775428505,0.0001211499702025165,4.147028337535666,0.0,cash
2015-09-07,0.0001211499702025165,6.966849706820629,0.0001211499702025165,4.147530749895187,0.0,cash
2015-09-08,0.0001211499702025165,6.967693740455016,0.0001211499702025165,4.148033223121951,0.0,cash
2015-09-09,0.0001211499702025165,6.968537876344053,0.0001211499702025165,4.148535757223331,0.0,cash
2015-09-10,0.0001211499702025165,6.969382114500127,0.0001211499702025165,4.149038352206703,0.0,cash
2015-09-11,0.0001211499702025165,6.970226454935629,0.0001211499702025165,4.149541008079442,0.0,cash
2015-09-14,0.0001211499702025165,6.971070897662949,0.0001211499702025165,4.150043724848925,0.0,cash
2015-09-15,0.0001211499702025165,6.971915442694481,0.0001211499702025165,4.15054650252253,0.0,cash
2015-09-16,0.0001211499702025165,6.972760090042618,0.0001211499702025165,4.151049341107634,0.0,cash
2015-09-17,0.0001211499702025165,6.973604839719756,0.0001211499702025165,4.151552240611618,0.0,cash
2015-09-18,0.0001211499702025165,6.974449691738292,0.0001211499702025165,4.152055201041863,0.0,cash
2015-09-21,0.0001211499702025165,6.975294646110625,0.0001211499702025165,4.152558222405748,0.0,cash
2015-09-22,0.0001211499702025165,6.976139702849156,0.0001211499702025165,4.153061304710657,0.0,cash
2015-09-23,0.0001211499702025165,6.976984861966284,0.0001211499702025165,4.153564447963972,0.0,cash
2015-09-24,0.0001211499702025165,6.977830123474415,0.0001211499702025165,4.154067652173077,0.0,cash
2015-09-25,0.0001211499702025165,6.978675487385952,0.0001211499702025165,4.154570917345357,0.0,cash
2015-09-28,-0.0013790317547527353,6.969051672282732,-0.0013790317547527353,4.1488416321229655,1.5,0.399606
2015-09-29,-0.018278369376168335,6.8416687716151445,-0.018278369376168335,4.073007572287797,0.0,cash
2015-09-30,-0.0013790317547527353,6.832233893123587,0.0001211499702025165,4.073501017033815,0.0,cash
2015-10-08,0.07746227105910952,7.361474246891961,-0.0013790317547527353,4.067883529778308,1.5,0.399606
2015-10-09,0.017975776733722082,7.493802464385136,0.017975776733722082,4.141006895888387,1.5,0.399606
2015-10-12,0.0676960560447486,8.001103336002428,0.0676960560447486,4.421336730794138,1.5,0.399606
2015-10-13,0.016294085842010864,8.131474000590051,0.016294085842010864,4.493378371022134,1.5,0.399606
2015-10-14,-0.023781245144771535,7.938097423993684,-0.023781245144771535,4.3865202384526425,1.5,0.399606
2015-10-15,0.06470751820688436,8.451752007584776,0.06470751820688436,4.6703610766471835,1.5,0.399606
2015-10-16,0.02769714356079045,8.68584139627905,0.02769714356079045,4.799716737867809,1.5,0.399606
2015-10-19,-0.009507466423088529,8.603261050847655,-0.009507466423088529,4.7540835921421944,1.5,0.399606
2015-10-20,0.047748285239553434,9.014052013493869,0.047748285239553434,4.981082931552481,1.5,0.399606
2015-10-21,-0.09947533915244389,8.117376132313796,-0.09947533915244389,4.485588017589849,1.5,0.399606
2015-10-22,0.07233713596797786,8.704563873300197,0.07248195751258324,4.8107122176997485,1.4979676906135515,0.399606
2015-10-23,0.04435997087437227,9.090698073193908,0.048722444282554456,5.045101875686028,1.3870194680203833,0.399606
2015-10-26,-0.005559937821266625,9.040154357155041,-0.006044439788193801,5.014607061173141,1.3470368031372157,0.399606
2015-10-27,0.017995948471271728,9.202840509138746,0.019400415150677697,5.1118925199774194,1.3453298661496726,0.399606
2015-10-28,-0.03833188935761023,8.850078244966706,-0.041351968175561415,4.900505703174423,1.3397588425033202,0.399606
2015-10-29,-4.56219472273478e-05,8.849674487164057,-6.329991786435674e-05,4.900195501565918,1.2967021914990813,0.399606
2015-10-30,-0.003429074585007408,8.819328293294534,-0.004982098839471205,4.875782243244384,0.0,cash
2015-11-02,-0.02255841648858037,8.620378212504875,0.0001211499702025165,4.8763729441178665,0.0,cash
2015-11-03,-0.0014153385800725893,8.6081774586459,0.0001211499702025165,4.876963716554743,0.0,cash
2015-11-04,0.07617695256452617,9.263922184580192,0.0001211499702025165,4.877554560563682,0.0,cash
2015-11-05,-0.009168476578301776,9.178986131007658,-0.0011748953784948002,4.871823944252119,1.2958883518621427,0.399606
2015-11-06,0.04138816350505192,9.558887509808407,0.04881649380849851,5.109649307662798,1.2958883518621427,0.399606
2015-11-09,0.02598854880614465,9.80730912438951,0.030696391347618812,5.266497102459904,1.2521350575816406,0.399606
2015-11-10,0.008623399059282333,9.891881464666861,0.010061407399139188,5.319485475374139,1.237955444663795,0.399606
2015-11-11,0.02245455659917628,10.113999276887565,0.026142751796461416,5.458551463841727,1.2374256334281035,0.399606
2015-11-12,-0.008111989698333155,10.031954618944503,-0.00947146392416609,5.406850990573746,1.2274624376800287,0.399606
2015-11-13,-0.027779931096225785,9.753267610869761,-0.03228290905211473,5.2323021117867174,1.2239940394620017,0.399606
2015-11-16,0.03382047838811042,10.08312778731664,0.03923500321697437,5.437591501974851,1.197940255385591,0.399606
2015-11-17,-0.03169095350192819,9.763583853454788,-0.036622049963563996,5.238455754308077,1.1742270714181973,1.H00852
2015-11-18,-0.018297337759806354,9.584936261941934,-0.021040197694736973,5.128237609622303,1.1473187589488936,1.H00852
2015-11-19,0.030993070810906742,9.882002870226328,0.0354176306448013,5.309867635138684,1.1364996223777617,1.H00852
2015-11-20,0.019928668345720713,10.078938028018529,0.022726059375203667,5.430540002289319,1.1175396259685841,1.H00852
2015-11-23,-0.009320526588391331,9.984997018145634,-0.010606950134229964,5.372938535283095,1.1111186772732844,1.H00852
2015-11-24,0.011195173803354441,10.096780795189751,0.01267716851246714,5.441052182502007,1.1075130010926437,1.H00852
2015-11-25,0.022116395062643512,10.32008518811708,0.02504955392978858,5.577348112582385,1.1062421257570123,1.H00852
2015-11-26,-0.006893055359164846,10.248948269604092,-0.00782637842845113,5.533697675626107,1.0981665186066427,1.H00852
2015-11-27,-0.06288446506972167,9.60444864014279,-0.07108306395399566,5.140345489847499,1.0958476215361104,1.H00852
2015-11-30,0.006546382127156969,9.667323031061818,0.007364407407730589,5.178201088251227,1.0046555713435337,1.H00852
2015-12-01,-0.004142511905855573,9.627276030307891,-0.004620279295950325,5.1542763529729125,1.004511853663018,1.H00852
2015-12-02,-0.012964949112958424,9.502458886478545,-0.014426754904785843,5.079916871317039,0.0,cash
2015-12-03,0.0001211499702025165,9.503610109089491,0.0001211499702025165,5.08053230309463,0.0,cash
2015-12-04,0.0001211499702025165,9.504761471171024,0.0001211499702025165,5.081147809431763,0.0,cash
2015-12-07,0.0001211499702025165,9.505912972740038,0.0001211499702025165,5.08176339033747,0.0,cash
2015-12-08,0.0001211499702025165,9.507064613813434,0.0001211499702025165,5.082379045820786,0.0,cash
2015-12-09,0.0001211499702025165,9.50821639440811,0.0001211499702025165,5.082994775890745,0.0,cash
2015-12-10,0.0001211499702025165,9.509368314540973,0.0001211499702025165,5.083610580556384,0.0,cash
2015-12-11,0.0001211499702025165,9.510520374228925,0.0001211499702025165,5.0842264598267395,0.0,cash
2015-12-14,0.0001211499702025165,9.511672573488873,0.0001211499702025165,5.0848424137108506,0.0,cash
2015-12-15,0.0001211499702025165,9.512824912337727,0.0001211499702025165,5.085458442217756,0.0,cash
2015-12-16,0.0001211499702025165,9.513977390792398,0.0001211499702025165,5.086074545356497,0.0,cash
2015-12-17,0.0001211499702025165,9.5151300088698,0.0001211499702025165,5.0866907231361145,0.0,cash
2015-12-18,0.0001211499702025165,9.516282766586848,0.0001211499702025165,5.087306975565652,0.0,cash
2015-12-21,0.0001211499702025165,9.517435663960459,0.0001211499702025165,5.087923302654153,0.0,cash
2015-12-22,-0.0008145427228152258,9.509683306000518,-0.0009259245974992947,5.083212269318036,1.0469477300155514,1.H20955
2015-12-23,-0.0014968871593010746,9.495448383170746,-0.0016894931400224245,5.074624217059745,1.0469477300155514,1.H20955
2015-12-24,-0.00484011943855267,9.449489278873589,-0.0054306711247792405,5.047065601855054,1.0467616565549522,1.H20955
2015-12-25,0.002956778456735476,9.477429325200514,0.0022451080183587546,5.058396809306961,0.0,cash
2015-12-28,-0.02441183930831259,9.24606784345783,0.0001211499702025165,5.059009633929681,0.0,cash
2015-12-29,0.007598947029079595,9.316328223227542,-0.0009248405061439424,5.05433085689925,1.045863769981785,1.H11077
2015-12-30,-0.0016294261840800184,9.30114795408113,-0.0018618789710336259,5.044920304564143,0.0,cash
2015-12-31,0.0001211499702025165,9.302274787878616,0.0001211499702025165,5.0455314965087155,0.0,cash
2016-01-04,0.0001211499702025165,9.303401758191983,0.0001211499702025165,5.046142762499174,0.0,cash
2016-01-05,0.0001211499702025165,9.30452886503777,0.0001211499702025165,5.046754102544488,0.0,cash
2016-01-06,0.0001211499702025165,9.305656108432519,0.0001211499702025165,5.047365516653631,0.0,cash
2016-01-07,0.0001211499702025165,9.306783488392771,0.0001211499702025165,5.047977004835575,0.0,cash
2016-01-08,0.0001211499702025165,9.307911004935072,0.0001211499702025165,5.048588567099293,0.0,cash
2016-01-11,0.0001211499702025165,9.309038658075968,0.0001211499702025165,5.049200203453762,0.0,cash
2016-01-12,0.0001211499702025165,9.310166447832009,0.0001211499702025165,5.049811913907957,0.0,cash
2016-01-13,-0.0008014649500613924,9.302704675744833,-0.0009247605175866092,5.045142047228737,1.0457837911139523,1.H11077
2016-01-14,0.0014352050599639732,9.316055964566813,0.001610811550269986,5.053268820311166,1.0457837911139523,1.H11077
2016-01-15,-0.002904346854487927,9.288998906729889,-0.003308371266880994,5.036550730942222,0.0,cash
2016-01-18,0.0001211499702025165,9.29012426867065,0.0001211499702025165,5.0371609089132,0.0,cash
2016-01-19,0.0001211499702025165,9.291249766948978,0.0001211499702025165,5.03777116080722,0.0,cash
2016-01-20,0.0001211499702025165,9.292375401581388,0.0001211499702025165,5.038381486633239,0.0,cash
2016-01-21,0.0001211499702025165,9.293501172584401,0.0001211499702025165,5.038991886400213,0.0,cash
2016-01-22,0.0001211499702025165,9.294627079974537,0.0001211499702025165,5.039602360117101,0.0,cash
2016-01-25,0.0001211499702025165,9.29575312376832,0.0001211499702025165,5.040212907792862,0.0,cash
2016-01-26,0.0001211499702025165,9.296879303982275,0.0001211499702025165,5.040823529436455,0.0,cash
2016-01-27,0.0001211499702025165,9.298005620632928,0.0001211499702025165,5.041434225056842,0.0,cash
2016-01-28,0.0001211499702025165,9.29913207373681,0.0001211499702025165,5.0420449946629855,0.0,cash
2016-01-29,0.0001211499702025165,9.300258663310453,0.0001211499702025165,5.0426558382638484,0.0,cash
2016-02-01,0.0001211499702025165,9.301385389370388,0.0001211499702025165,5.0432667558683955,0.0,cash
2016-02-02,0.0001211499702025165,9.302512251933152,0.0001211499702025165,5.043877747485592,0.0,cash
2016-02-03,0.0001211499702025165,9.303639251015282,0.0001211499702025165,5.044488813124405,0.0,cash
2016-02-04,0.0001211499702025165,9.304766386633318,0.0001211499702025165,5.045099952793802,0.0,cash
2016-02-05,0.0001211499702025165,9.3058936588038,0.0001211499702025165,5.045711166502751,0.0,cash
2016-02-15,0.0001211499702025165,9.307021067543271,0.0001211499702025165,5.046322454260223,0.0,cash
2016-02-16,0.0001211499702025165,9.308148612868278,0.0001211499702025165,5.046933816075189,0.0,cash
2016-02-17,0.0001211499702025165,9.309276294795367,0.0001211499702025165,5.04754525195662,0.0,cash
2016-02-18,0.0001211499702025165,9.31040411334109,0.0001211499702025165,5.048156761913491,0.0,cash
2016-02-19,0.0001211499702025165,9.311532068521995,0.0001211499702025165,5.048768345954774,0.0,cash
2016-02-22,0.0001211499702025165,9.312660160354636,0.0001211499702025165,5.049380004089446,0.0,cash
2016-02-23,0.0001211499702025165,9.313788388855569,0.0001211499702025165,5.049991736326483,0.0,cash
2016-02-24,0.0001211499702025165,9.31491675404135,0.0001211499702025165,5.050603542674862,0.0,cash
2016-02-25,0.0001211499702025165,9.316045255928541,0.0001211499702025165,5.051215423143562,0.0,cash
2016-02-26,0.0001211499702025165,9.317173894533703,0.0001211499702025165,5.051827377741562,0.0,cash
2016-02-29,0.0001211499702025165,9.318302669873397,0.0001211499702025165,5.052439406477844,0.0,cash
2016-03-01,0.0001211499702025165,9.31943158196419,0.0001211499702025165,5.053051509361389,0.0,cash
2016-03-02,0.0001211499702025165,9.32056063082265,0.0001211499702025165,5.05366368640118,0.0,cash
2016-03-03,-0.0011928784372308154,9.309442335023238,-0.0013790317547527353,5.0466945236997915,1.5,1.H00016
2016-03-04,0.04391957386319523,9.718309075281448,0.05034620038513893,5.300776417472565,1.5,1.H00016
2016-03-07,-0.010427600642002877,9.61697042932886,-0.010383980174768825,5.245733260242647,1.4911952612456594,1.H00016
2016-03-08,0.0050297292585121944,9.665341186875503,0.0037350098587012326,5.265326125685771,0.0,cash
2016-03-09,-0.0023560915601087418,9.642568758079534,0.0001211499702025165,5.2659640197890045,0.0,cash
2016-03-10,-0.03590538173937852,9.296348645872483,0.0001211499702025165,5.26660199117309,0.0,cash
2016-03-11,0.006684462226262289,9.358489737237981,0.0001211499702025165,5.267240039847389,0.0,cash
2016-03-14,0.0055075528079957525,9.410032113668906,0.0001211499702025165,5.267878165821266,0.0,cash
2016-03-15,0.01632625189315995,9.56366266827939,0.0001211499702025165,5.268516369104085,0.0,cash
2016-03-16,0.024937176004463435,9.802153407485589,0.0001211499702025165,5.2691546497052135,0.0,cash
2016-03-17,-0.0033234883796372516,9.76957606454039,-0.0013790317547527353,5.261888318122567,1.5,1.H00016
2016-03-18,0.006762141538694033,9.83563932066185,0.006762141538694033,5.297469951690513,1.5,1.H00016
2016-03-21,0.03495898558911481,10.179483293932599,0.03495898558911481,5.4826641273904295,0.0,cash
2016-03-22,0.0001211499702025165,10.180716538030335,0.0001211499702025165,5.483328351986093,0.0,cash
2016-03-23,-0.0013790317547527353,10.166677006638254,-0.0013790317547527353,5.475766668066968,1.5,0.399606
2016-03-24,-0.02617989787471231,9.90051444087928,-0.02617989787471231,5.332411655911221,1.5,0.399606
2016-03-25,-0.0025182483876136086,9.87558248635199,-0.0025182483876136086,5.31898331885663,1.5,0.399606
2016-03-28,-0.011161231440243391,9.765358824614601,-0.011161231440243391,5.259616915008078,1.5,0.399606
2016-03-29,-0.03220215666836801,9.450893209821531,-0.03220215666836801,5.090245907095389,1.5,0.399606
2016-03-30,0.0670021286089677,10.084123172135614,0.0670021286089677,5.431303218013866,1.5,0.399606
2016-03-31,-0.007066595548170573,10.012862752220197,-0.007066595548170573,5.392922394872685,1.5,0.399606
2016-04-01,-0.021820710866794046,9.79437496915511,-0.021820710866794046,5.27524499456711,1.5,0.399606
2016-04-05,0.05039206987664313,10.287933796998818,0.05039206987664313,5.541075508949748,1.5,0.399606
2016-04-06,0.00843459591425888,10.37470836136915,0.00843459591425888,5.587812241798136,1.5,1.H00852
2016-04-07,-0.02451921408810831,10.120328665955052,-0.02451921408810831,5.450803477157335,1.5,1.H00852
2016-04-08,-0.011524292512120282,10.00369903808979,-0.011524292512120282,5.3879868234604915,1.5,1.H00852
2016-04-11,0.03411515887405603,10.344976820102465,0.03411515887405603,5.571798849954167,1.5,1.H00852
2016-04-12,-0.011983551005771309,10.221007262725244,-0.013465575679262654,5.496771370870481,0.0,cash
2016-04-13,0.021106397426722268,10.436735904113737,-0.0013790317547527353,5.489191148601435,1.5,1.H00852
2016-04-14,0.018361403195808368,10.62836902009734,0.018361403195808368,5.589980400499768,1.5,1.H00852
2016-04-15,0.0006489204559441131,10.635265986167804,0.0006489204559441131,5.5936078531299795,1.5,1.H00852
2016-04-18,-0.02129155992234788,10.408824583133203,-0.022759622582464334,5.4662994495184325,0.0,cash
2016-04-19,0.0065995073194251574,10.477517697156204,0.0001211499702025165,5.46696169153386,0.0,cash
2016-04-20,-0.07717976247629266,9.668865369948534,0.0001211499702025165,5.467624013779887,0.0,cash
2016-04-21,0.0001211499702025165,9.670036752699996,0.0001211499702025165,5.468286416266236,0.0,cash
2016-04-22,0.0001211499702025165,9.671208277364443,0.0001211499702025165,5.468948899002625,0.0,cash
2016-04-25,0.0001211499702025165,9.672379943959067,0.0001211499702025165,5.469611461998778,0.0,cash
2016-04-26,0.0001211499702025165,9.673551752501066,0.0001211499702025165,5.470274105264419,0.0,cash
2016-04-27,0.0001211499702025165,9.674723703007635,0.0001211499702025165,5.470936828809272,0.0,cash
2016-04-28,0.0001211499702025165,9.675895795495972,0.0001211499702025165,5.471599632643062,0.0,cash
2016-04-29,0.0001211499702025165,9.677068029983278,0.0001211499702025165,5.472262516775516,0.0,cash
2016-05-03,0.0001211499702025165,9.678240406486758,0.0001211499702025165,5.472925481216364,0.0,cash
2016-05-04,0.0001211499702025165,9.679412925023616,0.0001211499702025165,5.473588525975334,0.0,cash
2016-05-05,0.0001211499702025165,9.68058558561106,0.0001211499702025165,5.474251651062157,0.0,cash
2016-05-06,0.0001211499702025165,9.681758388266301,0.0001211499702025165,5.474914856486564,0.0,cash
2016-05-09,0.0001211499702025165,9.682931333006547,0.0001211499702025165,5.475578142258289,0.0,cash
2016-05-10,0.0001211499702025165,9.684104419849014,0.0001211499702025165,5.476241508387066,0.0,cash
2016-05-11,0.0001211499702025165,9.685277648810917,0.0001211499702025165,5.476904954882628,0.0,cash
2016-05-12,0.0001211499702025165,9.686451019909473,0.0001211499702025165,5.477568481754714,0.0,cash
2016-05-13,0.0001211499702025165,9.687624533161904,0.0001211499702025165,5.478232089013061,0.0,cash
2016-05-16,0.0001211499702025165,9.688798188585428,0.0001211499702025165,5.478895776667407,0.0,cash
2016-05-17,0.0001211499702025165,9.689971986197273,0.0001211499702025165,5.479559544727493,0.0,cash
2016-05-18,0.0001211499702025165,9.691145926014665,0.0001211499702025165,5.48022339320306,0.0,cash
2016-05-19,0.0001211499702025165,9.69232000805483,0.0001211499702025165,5.480887322103849,0.0,cash
2016-05-20,0.0001211499702025165,9.693494232334999,0.0001211499702025165,5.481551331439606,0.0,cash
2016-05-23,0.0001211499702025165,9.694668598872404,0.0001211499702025165,5.482215421220073,0.0,cash
2016-05-24,0.0001211499702025165,9.695843107684281,0.0001211499702025165,5.4828795914549975,0.0,cash
2016-05-25,0.0001211499702025165,9.697017758787865,0.0001211499702025165,5.483543842154126,0.0,cash
2016-05-26,0.0001211499702025165,9.698192552200396,0.0001211499702025165,5.4842081733272074,0.0,cash
2016-05-27,0.0001211499702025165,9.699367487939114,0.0001211499702025165,5.48487258498399,0.0,cash
2016-05-30,0.0001211499702025165,9.70054256602126,0.0001211499702025165,5.485537077134226,0.0,cash
2016-05-31,0.0001211499702025165,9.701717786464082,0.0001211499702025165,5.486201649787666,0.0,cash
2016-06-01,0.0001211499702025165,9.702893149284826,0.0001211499702025165,5.486866302954063,0.0,cash
2016-06-02,0.0001211499702025165,9.70406865450074,0.0001211499702025165,5.487531036643171,0.0,cash
2016-06-03,-0.0013790317547527353,9.690686435675882,-0.0013790317547527353,5.479963557088449,1.5,0.399606
2016-06-06,-0.003904855301596122,9.652845707371428,-0.003904855301596122,5.458565092339999,1.5,0.399606
2016-06-07,-0.0018160647403444585,9.635315514638286,-0.0018160647403444585,5.448651984742925,1.5,0.399606
2016-06-08,-0.009997026875538495,9.538991006484155,-0.009997026875538495,5.394181664415994,1.5,1.H00852
2016-06-13,-0.07667358320538376,8.807602385853084,-0.07667358320538376,4.980590427744438,1.5,1.H00852
2016-06-14,0.007051278976771824,8.869707247392215,0.00709414448117629,5.015923455840421,1.5,1.H00852
2016-06-15,0.05480310322093018,9.355794729210483,0.05640141797132414,5.298828651185445,1.5,1.H00852
2016-06-16,0.003093045160794894,9.384732624823059,0.00325392677542391,5.316070651611921,1.5,1.H00852
2016-06-17,0.009420326053413142,9.473139866072996,0.010177853546853743,5.370176840148754,1.5,1.H00852
2016-06-20,0.007249071085214442,9.541811330362338,0.007832407065169189,5.412238251172743,1.5,1.H00852
2016-06-21,-0.01752567537084837,9.374584642536524,-0.0189891834802437,5.309464265982431,1.5,1.H00852
2016-06-22,0.026992274348282885,9.62762600310907,0.029252192795532928,5.464777738331942,1.5,1.H00852
2016-06-23,-0.0028452899750307514,9.600232615359078,-0.004590042739495481,5.439694174951155,0.0,cash
2016-06-24,-0.010657870669245284,9.49791457774991,-0.0013790317547527353,5.432192663947754,1.5,1.H00852
2016-06-27,0.03509082489544757,9.83120423506965,0.03869051289279857,5.64236698424839,1.5,1.H00852
2016-06-28,0.013255219211329328,9.961519002316848,0.014667566687486033,5.725126778265123,1.5,1.H00852
2016-06-29,0.0024138511740610102,9.985564626656021,0.002708924036014526,5.7406357118039955,1.5,1.H00852
2016-06-30,-0.0006622354760391636,9.978951831511967,-0.0007639417674329962,5.7362502004121305,1.5,1.H00852
2016-07-01,-0.004675045727929428,9.932299775382843,-0.005246656408816053,5.706154066535566,1.5,1.H00852
2016-07-04,0.025749426347285054,10.18805079690822,0.028120905803014296,5.8666162875381,1.5,1.H00852
2016-07-05,0.006302033060269219,10.252256229850037,0.006880257613923302,5.9069801189184,1.5,1.H00852
2016-07-06,0.004901997740934361,10.302512766728242,0.005391426649322684,5.938827168948556,1.5,1.H00852
2016-07-07,-0.0002674044239168172,10.29975782923696,-0.00030741602170747395,5.93700147832667,0.0,cash
2016-07-08,-0.0012673570683432445,10.286704358349853,-0.0013790317547527353,5.928814164760044,1.5,0.399606
2016-07-11,-0.01534428733762705,10.128862210918113,-0.016584802674959098,5.830485951740996,1.5,1.H00905
2016-07-12,0.01816629533537628,10.312866113252984,0.019614253221085898,5.944846579600427,1.5,1.H00905
2016-07-13,0.011156155187698857,10.427918048042395,0.012047645194117163,6.016467981924914,1.5,1.H00905
2016-07-14,0.0020238797252505325,10.449022899956402,0.0006687835221688143,6.020491696572882,0.0,cash
2016-07-15,-0.002950350940112645,10.418194615420257,0.0001211499702025165,6.021221078962526,0.0,cash
2016-07-18,-0.006275581969863886,10.352814381133193,0.0001211499702025165,6.021950549716825,0.0,cash
2016-07-19,0.0043709057498879655,10.39806555703921,0.0001211499702025165,6.022680108846485,0.0,cash
2016-07-20,-0.003028686080006615,10.36657308062761,0.0001211499702025165,6.023409756362211,0.0,cash
2016-07-21,0.005402424968076636,10.422577713871783,0.0001211499702025165,6.024139492274712,0.0,cash
2016-07-22,-0.011375883034036693,10.30401168888562,0.0001211499702025165,6.024869316594696,0.0,cash
2016-07-25,0.00401863049554807,10.345419704485058,0.0001211499702025165,6.025599229332876,0.0,cash
2016-07-26,0.01906257983343762,10.542630093512223,0.0001211499702025165,6.026329230499962,0.0,cash
2016-07-27,-0.062343816008118,9.88536230272065,-0.0013790317547527353,6.018018731126507,1.5,1.H20955
2016-07-28,0.01783381884959745,10.061656063290009,0.01787300953199411,6.12557883727165,1.5,1.H20955
2016-07-29,-0.002851218063024241,10.03296808777842,-0.0029244652692423934,6.107664794708043,1.5,1.H20955
2016-08-01,-0.013270126754523992,9.899829329529506,-0.01502240103883079,6.015913004751191,0.0,cash
2016-08-02,0.005350049871695628,9.952793910163765,0.0001211499702025165,6.016641832432457,0.0,cash
2016-08-03,-0.0004774457176408564,9.948041991332795,0.0001211499702025165,6.017370748411175,0.0,cash
2016-08-04,0.0001211499702025165,9.949247196323618,0.0001211499702025165,6.018099752698043,0.0,cash
2016-08-05,0.0001211499702025165,9.950452547324991,0.0001211499702025165,6.018828845303758,0.0,cash
2016-08-08,0.0001211499702025165,9.9516580443546,0.0001211499702025165,6.019558026239021,0.0,cash
2016-08-09,0.0001211499702025165,9.95286368743014,0.0001211499702025165,6.020287295514532,0.0,cash
2016-08-10,0.0001211499702025165,9.954069476569302,0.0001211499702025165,6.021016653140994,0.0,cash
2016-08-11,0.0001211499702025165,9.955275411789781,0.0001211499702025165,6.021746099129111,0.0,cash
2016-08-12,0.0001211499702025165,9.956481493109278,0.0001211499702025165,6.022475633489588,0.0,cash
2016-08-15,-0.0013790317547527353,9.942751188964673,-0.0013790317547527353,6.014170448348781,1.5,1.H00016
2016-08-16,-0.019703408168608827,9.746845103969582,-0.019703408168608827,5.89567079320938,1.5,1.H00016
2016-08-17,-0.002696357732704935,9.720564122804015,-0.002696357732704935,5.879773955676627,1.5,1.H00016
2016-08-18,-0.006061535138725871,9.6616425818054,-0.006061535138725871,5.844133499236528,1.5,1.H00016
2016-08-19,0.004600517286407424,9.706091135518086,0.004600517286407424,5.871019536423838,1.5,1.H00016
2016-08-22,-0.008208831680746265,9.626415467108634,-0.008208831680746265,5.8228253252549615,1.5,1.H00016
2016-08-23,0.0031774673869962022,9.657003088309049,0.0031774673869962022,5.8413271628261345,1.5,1.H00016
2016-08-24,-0.006579125415397402,9.593468453854184,-0.006579125415397402,5.802896338829534,1.5,1.H00016
2016-08-25,-0.008308542171675315,9.5137607166327,-0.008308542171675315,5.754682729880509,0.0,cash
2016-08-26,-0.0013790317547527353,9.500640938497344,-0.0013790317547527353,5.746746839657477,1.5,0.399606
2016-08-29,0.002303652987401872,9.522527118377546,0.002303652987401872,5.759985350182496,1.5,0.399606
2016-08-30,0.0015329328479924964,9.537124512993206,0.0015329328479924964,5.768815020929746,1.5,0.399606
2016-08-31,-0.0026365440558587805,9.511979464048489,-0.0026365440558587805,5.753605285976965,1.5,0.399606
2016-09-01,-0.007199682828195275,9.443496228839033,-0.007199682828195275,5.712181152799303,1.5,0.399606
2016-09-02,-0.007260415431850742,9.374932523088546,-0.008749524808702946,5.66220228209108,0.0,cash
2016-09-05,0.008115886958278473,9.451018415687422,0.0001211499702025165,5.662888257728836,0.0,cash
2016-09-06,0.0275248987914245,9.711156741055108,-0.0013790317547527353,5.655078954997812,1.5,0.399606
2016-09-07,-0.007334749382617023,9.639927840144157,-0.007334749382617023,5.613600368123992,1.5,0.399606
2016-09-08,0.007681724235205634,9.713979107459426,0.007681724235205634,5.656722498118569,1.5,0.399606
2016-09-09,-0.015320906360208553,9.565152143169017,-0.015320906360208553,5.570056382419209,0.0,cash
2016-09-12,0.0001211499702025165,9.566310961066145,0.0001211499702025165,5.570731194583966,0.0,cash
2016-09-13,0.0001211499702025165,9.567469919354027,0.0001211499702025165,5.571406088502196,0.0,cash
2016-09-14,0.0001211499702025165,9.56862901804967,0.0001211499702025165,5.572081064183805,0.0,cash
2016-09-19,0.0001211499702025165,9.569788257170085,0.0001211499702025165,5.5727561216386965,0.0,cash
2016-09-20,0.0001211499702025165,9.570947636732285,0.0001211499702025165,5.573431260876779,0.0,cash
2016-09-21,0.0001211499702025165,9.572107156753285,0.0001211499702025165,5.57410648190796,0.0,cash
2016-09-22,0.0001211499702025165,9.5732668172501,0.0001211499702025165,5.574781784742149,0.0,cash
2016-09-23,0.0001211499702025165,9.574426618239752,0.0001211499702025165,5.5754571693892565,0.0,cash
2016-09-26,0.0001211499702025165,9.575586559739257,0.0001211499702025165,5.576132635859193,0.0,cash
2016-09-27,0.0001211499702025165,9.576746641765641,0.0001211499702025165,5.576808184161873,0.0,cash
2016-09-28,0.0001211499702025165,9.577906864335928,0.0001211499702025165,5.577483814307209,0.0,cash
2016-09-29,0.0001211499702025165,9.579067227467144,0.0001211499702025165,5.578159526305117,0.0,cash
2016-09-30,0.0001211499702025165,9.58022773117632,0.0001211499702025165,5.578835320165514,0.0,cash
2016-10-10,0.0001211499702025165,9.581388375480486,0.0001211499702025165,5.579511195898317,0.0,cash
2016-10-11,0.0001211499702025165,9.582549160396674,0.0001211499702025165,5.580187153513445,0.0,cash
2016-10-12,0.0001211499702025165,9.58371008594192,0.0001211499702025165,5.580863193020818,0.0,cash
2016-10-13,0.0001211499702025165,9.584871152133262,0.0001211499702025165,5.581539314430357,0.0,cash
2016-10-14,0.0001211499702025165,9.586032358987739,0.0001211499702025165,5.582215517751984,0.0,cash
2016-10-17,0.0001211499702025165,9.58719370652239,0.0001211499702025165,5.582891802995624,0.0,cash
2016-10-18,0.0001211499702025165,9.58835519475426,0.0001211499702025165,5.5835681701712,0.0,cash
2016-10-19,-0.0013790317547527353,9.575132548464847,-0.0013790317547527353,5.575868252359707,1.5,1.H00852
2016-10-20,0.006841980429030503,9.640645417966816,0.006841980429030503,5.614018233817204,1.5,1.H00852
2016-10-21,-0.008782724700771904,9.555974283323055,-0.008782724700771904,5.5647118572044745,1.5,1.H00852
2016-10-24,0.009615637897975038,9.647861071793852,0.009615637897975038,5.618220111429921,1.5,1.H00852
2016-10-25,0.006402881868545096,9.709635186520682,0.006402881868545096,5.654192911114891,1.5,1.H00852
2016-10-26,-0.006486812926681296,9.6466505994794,-0.006486812926681296,5.617515219449121,1.5,1.H00852
2016-10-27,-0.0006719791820335441,9.6401682511002,-0.0006719791820335441,5.613740366166895,1.5,1.H00852
2016-10-28,-0.013798153917530476,9.507151725780629,-0.013798153917530476,5.53628111254147,1.5,1.H00852
2016-10-31,-0.000753241591195275,9.499990543686966,-0.000753241591195275,5.532110955346955,1.5,1.H00852
2016-11-01,0.013099169046087766,9.624432525754957,0.013099169046087766,5.604577011932759,1.5,1.H00016
2016-11-02,-0.01247558524641823,9.5043620973315,-0.01247558524641823,5.534656633650275,1.5,1.H00016
2016-11-03,0.019244082338054413,9.68726482410323,0.019244082338054413,5.641166021621101,1.5,1.H00016
2016-11-04,-0.00118646610520301,9.675771212737306,-0.00118646610520301,5.6344729693426245,1.5,1.H00016
2016-11-07,0.003259003962267082,9.707304589457607,0.003259003962267082,5.652835739074999,1.5,1.H00016
2016-11-08,0.003539037829654923,9.741659107623681,0.003539037829654923,5.672841338600411,1.5,1.H00016
2016-11-09,-0.012216647489007526,9.622648692347763,-0.012216647489007526,5.60353823570566,1.5,1.H00016
2016-11-10,0.016854602363975513,9.784834609745513,0.016854602363975513,5.6979836444998115,1.5,1.H00016
2016-11-11,0.012374034678462209,9.90591249252952,0.012374034678462209,5.768490691714162,1.5,1.H00016
2016-11-14,0.0060111318225701815,9.96545823834496,0.0060111318225701815,5.803165849679325,1.5,1.H00016
2016-11-15,-0.0045080864258044695,9.920533091333755,-0.0045080864258044695,5.777004676485694,1.5,1.H00016
2016-11-16,-0.00068150170581327,9.913772231109435,-0.00068150170581327,5.773067637944178,1.5,1.H00016
2016-11-17,0.004337406747124017,9.956772293674101,0.004337406747124017,5.7981077804686,1.5,1.H00016
2016-11-18,-0.006174974710267178,9.895289476564775,-0.006174974710267178,5.762304611556803,1.5,1.H00016
2016-11-21,0.017755699965643856,10.070987267583853,0.016229066415695437,5.855821435805226,0.0,cash
2016-11-22,0.01171030102899362,10.188921560146422,-0.0013790317547527353,5.847746072095089,1.5,1.H00016
2016-11-23,0.004613066910504449,10.235923737049259,0.004613066910504449,5.874722116001303,1.5,1.H00016
2016-11-24,0.005279424431292146,10.289963522903479,0.005279424431292146,5.905737267467573,1.5,1.H00016
2016-11-25,0.01590259438732433,10.453600639068576,0.01590259438732433,5.999653811790215,1.5,1.H00016
2016-11-28,0.005698346308042668,10.513168875675964,0.005698346308042668,6.033841916938163,1.5,1.H00016
2016-11-29,0.023937896449839347,10.764832023581569,0.023937896449839347,6.178279399940529,1.5,1.H00016
2016-11-30,-0.013680953365512893,10.61755885867937,-0.015160431935464569,6.084614015619448,0.0,cash
2016-12-01,0.007312577377565521,10.695200579394319,0.0001211499702025165,6.085351166426134,0.0,cash
2016-12-02,-0.009187080724774921,10.596942908303763,0.0001211499702025165,6.086088406538619,0.0,cash
2016-12-05,-0.025669566396517185,10.324923978718958,0.0001211499702025165,6.086825735967721,0.0,cash
2016-12-06,-0.004211977956326662,10.281435626519846,0.0001211499702025165,6.087563154724261,0.0,cash
2016-12-07,0.00515398442662951,10.334425985622323,0.0001211499702025165,6.088300662819062,0.0,cash
2016-12-08,0.0012578664529176997,10.347425313379798,0.0001211499702025165,6.089038260262947,0.0,cash
2016-12-09,0.02031148123186588,10.557596848430645,0.0001211499702025165,6.089775947066739,0.0,cash
2016-12-12,-0.015089662004958981,10.398286280403207,-0.0013790317547527353,6.081377952656405,1.5,1.H00016
2016-12-13,-0.01048652329141686,10.28924440913294,-0.01048652329141686,6.017605441111964,0.0,cash
2016-12-14,0.0001211499702025165,10.290490950786513,0.0001211499702025165,6.018334473831845,0.0,cash
2016-12-15,0.0001211499702025165,10.29173764345857,0.0001211499702025165,6.0190635948740185,0.0,cash
2016-12-16,0.0001211499702025165,10.292984487167407,0.0001211499702025165,6.019792804249184,0.0,cash
2016-12-19,0.0001211499702025165,10.294231481931323,0.0001211499702025165,6.020522101968044,0.0,cash
2016-12-20,0.0001211499702025165,10.295478627768617,0.0001211499702025165,6.021251488041301,0.0,cash
2016-12-21,0.0001211499702025165,10.296725924697592,0.0001211499702025165,6.021980962479659,0.0,cash
2016-12-22,0.0001211499702025165,10.297973372736552,0.0001211499702025165,6.022710525293824,0.0,cash
2016-12-23,0.0001211499702025165,10.299220971903805,0.0001211499702025165,6.023440176494502,0.0,cash
2016-12-26,0.0001211499702025165,10.30046872221766,0.0001211499702025165,6.024169916092401,0.0,cash
2016-12-27,0.0001211499702025165,10.301716623696429,0.0001211499702025165,6.024899744098231,0.0,cash
2016-12-28,0.0001211499702025165,10.302964676358425,0.0001211499702025165,6.025629660522701,0.0,cash
2016-12-29,0.0001211499702025165,10.304212880221963,0.0001211499702025165,6.026359665376525,0.0,cash
2016-12-30,0.0001211499702025165,10.305461235305362,0.0001211499702025165,6.027089758670415,0.0,cash
2017-01-03,0.0001211499702025165,10.306709741626943,0.0001211499702025165,6.027819940415085,0.0,cash
2017-01-04,0.0001211499702025165,10.307958399205027,0.0001211499702025165,6.028550210621253,0.0,cash
2017-01-05,0.0001211499702025165,10.30920720805794,0.0001211499702025165,6.029280569299634,0.0,cash
2017-01-06,0.0001211499702025165,10.310456168204007,0.0001211499702025165,6.030011016460947,0.0,cash
2017-01-09,0.0001211499702025165,10.31170527966156,0.0001211499702025165,6.030741552115912,0.0,cash
2017-01-10,-0.0013790317547527353,10.297485110635256,-0.0013790317547527353,6.022424968010838,1.5,1.H00852
2017-01-11,-0.017165655477358155,10.120722028942865,-0.017165655477358155,5.919046095871724,0.0,cash
2017-01-12,0.0001211499702025165,10.121948154115099,0.0001211499702025165,5.919763188129866,0.0,cash
2017-01-13,0.0001211499702025165,10.123174427832362,0.0001211499702025165,5.920480367263714,0.0,cash
2017-01-16,0.0001211499702025165,10.124400850112648,0.0001211499702025165,5.921197633283793,0.0,cash
2017-01-17,-0.0013790317547527353,10.110438979842497,-0.0013790317547527353,5.913032113721328,1.5,1.H20955
2017-01-18,0.008664471074816493,10.19804058593704,0.008664471074816493,5.964265409435127,1.5,1.H20955
2017-01-19,-0.0044291647396086375,10.152871784160709,-0.005922520992499125,5.9289419223429105,0.0,cash
2017-01-20,0.008661129863934303,10.240807125175198,0.0001211499702025165,5.929660213480135,0.0,cash
2017-01-23,0.0030281248314874,10.271817567525414,0.0001211499702025165,5.930378591638309,0.0,cash
2017-01-24,0.0075862022084534075,10.349741652641006,0.0001211499702025165,5.9310970568279755,0.0,cash
2017-01-25,-0.0013002709791979372,10.33628418392788,0.0001211499702025165,5.9318156090596785,0.0,cash
2017-01-26,0.0033266929108020094,10.370669827246587,0.0001211499702025165,5.932534248343963,0.0,cash
2017-02-03,-0.015307783710000855,10.211917856603264,0.0001211499702025165,5.933252974691375,0.0,cash
2017-02-06,-0.0005171007746422873,10.206637265969032,0.0001211499702025165,5.933971788112463,0.0,cash
2017-02-07,1.0255382912882638e-05,10.206741938942448,0.0001211499702025165,5.934690688617775,0.0,cash
2017-02-08,0.001980606512357763,10.226957478496672,0.0001211499702025165,5.935409676217862,0.0,cash
2017-02-09,0.0001211499702025165,10.228196474090455,0.0001211499702025165,5.936128750923276,0.0,cash
2017-02-10,0.0001211499702025165,10.229435619788516,0.0001211499702025165,5.936847912744568,0.0,cash
2017-02-13,0.0001211499702025165,10.230674915609042,0.0001211499702025165,5.937567161692294,0.0,cash
2017-02-14,0.0001211499702025165,10.231914361570219,0.0001211499702025165,5.938286497777009,0.0,cash
2017-02-15,0.0001211499702025165,10.233153957690238,0.0001211499702025165,5.939005921009269,0.0,cash
2017-02-16,0.0001211499702025165,10.23439370398729,0.0001211499702025165,5.939725431399632,0.0,cash
2017-02-17,0.0001211499702025165,10.23563360047957,0.0001211499702025165,5.940445028958657,0.0,cash
2017-02-20,-0.0013790317547527353,10.221518336714494,-0.0013790317547527353,5.93225296662636,1.5,1.H00852
2017-02-21,0.014652549721282826,10.371289642370208,0.014652549721282826,6.019175598179081,1.5,1.H00852
2017-02-22,0.005370384518122773,10.42698745569856,0.005370384518122773,6.051500885623405,1.5,1.H00852
2017-02-23,0.00036098090884317813,10.430751399106814,0.00036098090884317813,6.0536853619129625,1.5,1.H00852
2017-02-24,0.0053576667084396234,10.48663588862182,0.0053576667084396234,6.086118990439852,1.5,1.H00852
2017-02-27,-0.011743068142569868,10.363490608795415,-0.011743068142569868,6.014649280411328,1.5,1.H00852
2017-02-28,0.0024400490660292373,10.388778034376209,0.0039482336935108275,6.038396521354899,0.0,cash
2017-03-01,0.003678309919433076,10.426991179670843,-0.0013790317547527353,6.0300693808041625,1.5,0.399606
2017-03-02,-0.010522047598169881,10.317277882172649,-0.010522047598169881,5.966620703759074,0.0,cash
2017-03-03,-0.0013790317547527353,10.303050028350524,-0.0013790317547527353,5.958392544340025,1.5,0.399606
2017-03-06,0.026765551416478628,10.578816843630891,0.026765551416478628,6.117872206345122,1.5,0.399606
2017-03-07,0.011469647838978414,10.70015214738039,0.011469647838978414,6.188042046075774,1.5,0.399606
2017-03-08,-0.010095466206587078,10.592129122971171,-0.010095466206587078,6.125570876714676,1.5,0.399606
2017-03-09,-0.008214874502485037,10.505116111511846,-0.008214874502485037,6.075250080706388,1.5,0.399606
2017-03-10,-0.003080430348621599,10.47275583302615,-0.003080430348621599,6.056535695982314,1.5,0.399606
2017-03-13,0.015991071814234648,10.640226423645016,0.014467085206513408,6.14415611395238,0.0,cash
2017-03-14,-0.009844111181733228,10.535482851731839,0.0001211499702025165,6.144900478282505,0.0,cash
2017-03-15,2.087271066963936e-05,10.535702755817168,0.0001211499702025165,6.145644932792346,0.0,cash
2017-03-16,0.006765852123169047,10.606985762676691,-0.0013790317547527353,6.137169893276591,1.5,0.399606
2017-03-17,-0.013076686661275927,10.468281533437553,-0.013076686661275927,6.056916045595196,1.5,0.399606
2017-03-20,0.0031364351908087507,10.50111462002632,0.0031364351908087507,6.075913170228375,1.5,0.399606
2017-03-21,0.005503746093536099,10.558910088594065,0.005503746093536099,6.109353453603684,1.5,0.399606
2017-03-22,-0.011096203160128715,10.441746277101492,-0.011096203160128715,6.041562826505464,0.0,cash
2017-03-23,0.0001211499702025165,10.443011294351825,0.0001211499702025165,6.042294761661871,0.0,cash
2017-03-24,0.0001211499702025165,10.44427646485896,0.0001211499702025165,6.043026785492201,0.0,cash
2017-03-27,0.0001211499702025165,10.445541788641465,0.0001211499702025165,6.043758898007197,0.0,cash
2017-03-28,0.0001211499702025165,10.446807265717908,0.0001211499702025165,6.044491099217602,0.0,cash
2017-03-29,0.0001211499702025165,10.448072896106861,0.0001211499702025165,6.045223389134161,0.0,cash
2017-03-30,0.0001211499702025165,10.449338679826898,0.0001211499702025165,6.045955767767622,0.0,cash
2017-03-31,0.0001211499702025165,10.450604616896594,0.0001211499702025165,6.046688235128733,0.0,cash
2017-04-05,0.0001211499702025165,10.45187070733453,0.0001211499702025165,6.047420791228243,0.0,cash
2017-04-06,0.0001211499702025165,10.453136951159284,0.0001211499702025165,6.048153436076902,0.0,cash
2017-04-07,-0.0013790317547527353,10.438721743366855,0.0001211499702025165,6.0488861696854626,0.0,cash
2017-04-10,0.0020876544286903,10.46051418704426,-0.0013790317547527353,6.0405445635765815,1.5,1.H20955
2017-04-11,0.004602294415797292,10.508656553073664,0.004602294415797292,6.068344928089905,1.5,1.H20955
2017-04-12,0.00045157911374804627,10.513402042886582,0.00045157911374804627,6.07108526591445,1.5,1.H20955
2017-04-13,0.0054423155892773245,10.570619294720924,0.0054423155892773245,6.104126027900968,1.5,1.H20955
2017-04-14,-0.012293740245927887,10.44066684687303,-0.013775299635558902,6.020039862853418,0.0,cash
2017-04-17,-0.004448179152097831,10.39422489027077,0.0001211499702025165,6.020769190503421,0.0,cash
2017-04-18,-0.006743485001286409,10.324131590623232,0.0001211499702025165,6.021498606511447,0.0,cash
2017-04-19,-0.008559539222769308,10.235761781332261,0.0001211499702025165,6.0222281108882,0.0,cash
2017-04-20,0.0001211499702025165,10.23700184356707,0.0001211499702025165,6.022957703644387,0.0,cash
2017-04-21,0.0001211499702025165,10.23824205603538,0.0001211499702025165,6.023687384790715,0.0,cash
2017-04-24,0.0001211499702025165,10.239482418755395,0.0001211499702025165,6.0244171543378915,0.0,cash
2017-04-25,0.0001211499702025165,10.240722931745317,0.0001211499702025165,6.025147012296627,0.0,cash
2017-04-26,0.0001211499702025165,10.24196359502335,0.0001211499702025165,6.025876958677633,0.0,cash
2017-04-27,0.0001211499702025165,10.243204408607703,0.0001211499702025165,6.026606993491621,0.0,cash
2017-04-28,0.0001211499702025165,10.244445372516584,0.0001211499702025165,6.027337116749305,0.0,cash
2017-05-02,0.0001211499702025165,10.245686486768205,0.0001211499702025165,6.0280673284613995,0.0,cash
2017-05-03,0.0001211499702025165,10.246927751380781,0.0001211499702025165,6.028797628638621,0.0,cash
2017-05-04,0.0001211499702025165,10.248169166372529,0.0001211499702025165,6.029528017291688,0.0,cash
2017-05-05,0.0001211499702025165,10.249410731761666,0.0001211499702025165,6.030258494431318,0.0,cash
2017-05-08,0.0001211499702025165,10.250652447566411,0.0001211499702025165,6.030989060068232,0.0,cash
2017-05-09,0.0001211499702025165,10.251894313804991,0.0001211499702025165,6.031719714213151,0.0,cash
2017-05-10,0.0001211499702025165,10.253136330495627,0.0001211499702025165,6.032450456876798,0.0,cash
2017-05-11,0.0001211499702025165,10.254378497656548,0.0001211499702025165,6.033181288069897,0.0,cash
2017-05-12,0.0001211499702025165,10.255620815305985,0.0001211499702025165,6.033912207803173,0.0,cash
2017-05-15,0.0001211499702025165,10.256863283462167,0.0001211499702025165,6.034643216087352,0.0,cash
2017-05-16,0.0001211499702025165,10.25810590214333,0.0001211499702025165,6.035374312933164,0.0,cash
2017-05-17,0.0001211499702025165,10.25934867136771,0.0001211499702025165,6.036105498351337,0.0,cash
2017-05-18,0.0001211499702025165,10.260591591153542,0.0001211499702025165,6.0368367723526015,0.0,cash
2017-05-19,0.0001211499702025165,10.261834661519071,0.0001211499702025165,6.03756813494769,0.0,cash
2017-05-22,0.0001211499702025165,10.263077882482538,0.0001211499702025165,6.0382995861473345,0.0,cash
2017-05-23,-0.0013790317547527353,10.248924772181093,0.0001211499702025165,6.03903112596227,0.0,cash
2017-05-24,-0.002688935293850614,10.221366076637155,0.0001211499702025165,6.039762754403233,0.0,cash
2017-05-25,0.04163849466570846,10.646968373495465,0.0001211499702025165,6.040494471480959,0.0,cash
2017-05-26,-0.0014410525006123276,10.6316255330969,0.0001211499702025165,6.041226277206188,0.0,cash
2017-05-31,0.0047106327007626625,10.681707215995369,0.0001211499702025165,6.041958171589658,0.0,cash
2017-06-01,0.01044994477874317,10.793330466545223,0.0001211499702025165,6.042690154642111,0.0,cash
2017-06-02,-0.012668972627739361,10.656590058302417,0.0001211499702025165,6.043422226374289,0.0,cash
2017-06-05,-0.015280025764126126,10.493757087653826,0.0001211499702025165,6.044154386796936,0.0,cash
2017-06-06,0.009558436708599238,10.59406100061158,0.0001211499702025165,6.044886635920795,0.0,cash
2017-06-07,0.0109050165992719,10.709589411676948,-0.0013790317547527353,6.03655054529598,1.5,1.H00016
2017-06-08,0.01382831390378736,10.857684975842295,0.01382831390378736,6.120025861132412,1.5,1.H00016
2017-06-09,0.008038169983652477,10.944960893307066,0.008038169983652477,6.169219669308543,1.5,1.H00016
2017-06-12,0.001066796814238824,10.956636942720014,0.001066796814238824,6.1758009731981005,1.5,1.H00016
2017-06-13,-0.003372013757552361,10.919691012212656,-0.003372013757552361,6.154976087352571,1.5,1.H00016
2017-06-14,-0.017364590281468417,10.73007505178535,-0.01883854339604618,6.039025303229353,0.0,cash
2017-06-15,-0.010836086768092112,10.613803027496063,0.0001211499702025165,6.0397569309648915,0.0,cash
2017-06-16,0.0001211499702025165,10.61508888941658,0.0001211499702025165,6.040488647337108,0.0,cash
2017-06-19,0.0001211499702025165,10.61637490711923,0.0001211499702025165,6.041220452356741,0.0,cash
2017-06-20,0.0001211499702025165,10.617661080622886,0.0001211499702025165,6.041952346034531,0.0,cash
2017-06-21,-0.0013790317547527353,10.603018988831504,-0.0013790317547527353,6.0336203018886465,1.5,1.H00852
2017-06-22,-0.02643414295262425,10.322737269151343,-0.02643414295262425,5.874126720306666,1.5,1.H00852
2017-06-23,0.0011103203440698817,10.33419881434777,0.0011103203440698817,5.880648882707868,1.5,1.H00852
2017-06-26,0.01741772114005702,10.514197007501988,0.01741772114005702,5.983076385069461,1.5,1.H00852
2017-06-27,0.0024089283660948535,10.539524954920068,0.0024089283660948535,5.997489187489967,1.5,1.H00852
2017-06-28,-0.00999856416813849,10.434144838356604,-0.011483566321886185,5.928616622640631,0.0,cash
2017-06-29,0.006769411230895805,10.504777855610168,0.0001211499702025165,5.9293348743678065,0.0,cash
2017-06-30,0.0019461024839775298,10.525221229888603,0.0001211499702025165,5.930053213111157,0.0,cash
2017-07-03,0.014348751321214603,10.676245011917043,0.0001211499702025165,5.930771638881225,0.0,cash
2017-07-04,-0.0026687451110716243,10.647752835236886,0.0001211499702025165,5.931490151688553,0.0,cash
2017-07-05,0.012866773555739952,10.784755059845368,0.0001211499702025165,5.932208751543687,0.0,cash
2017-07-06,0.0027230140941261194,10.814122099875025,-0.0013790317547527353,5.924028047299486,1.5,1.H00852
2017-07-07,0.004440336805265455,10.862140444251734,0.004440336805265455,5.950332727073334,1.5,1.H00852
2017-07-10,-0.009000001920981493,10.764381159387497,-0.009000001920981493,5.896779721099195,1.5,1.H00852
2017-07-11,-0.02003143284981701,10.548755181023392,-0.02003143284981701,5.778658774085834,0.0,cash
2017-07-12,0.0001211499702025165,10.550033162399247,0.0001211499702025165,5.779358858424125,0.0,cash
2017-07-13,0.0001211499702025165,10.551311298602506,0.0001211499702025165,5.780059027577613,0.0,cash
2017-07-14,0.0001211499702025165,10.55258958965193,0.0001211499702025165,5.7807592815565725,0.0,cash
2017-07-17,-0.0013790317547527353,10.538037233512927,-0.0013790317547527353,5.772787430940724,1.5,1.H00016
2017-07-18,-0.004110548897623967,10.49472011617959,-0.004110548897623967,5.749058105930253,1.5,1.H00016
2017-07-19,0.020119758695100742,10.705871352489742,0.020119758695100742,5.864727767745682,1.5,1.H00016
2017-07-20,0.0043145766360459525,10.752062654895708,0.0043145766360459525,5.890031585149168,1.5,1.H00016
2017-07-21,-0.014683566749648325,10.594184025206145,-0.014683566749648325,5.803544913211093,1.5,1.H00016
2017-07-24,0.00855844964068364,10.684853815670007,0.007045611966222776,5.844434438698125,0.0,cash
2017-07-25,-0.006448727250184083,10.615950107704663,0.0001211499702025165,5.845142491756223,0.0,cash
2017-07-26,-0.0038426417207819696,10.575156814915056,0.0001211499702025165,5.845850630594929,0.0,cash
2017-07-27,0.0009417110801366313,10.585115557261844,-0.0013790317547527353,5.837789016941797,1.5,1.H00016
2017-07-28,-0.00019270315795316684,10.58307577206666,-0.00019270315795316684,5.8366640565627685,1.5,1.H00016
2017-07-31,-0.0005773063732629202,10.576966094974722,-0.0005773063732629202,5.83329451320432,0.0,cash
2017-08-01,0.0001211499702025165,10.57824749410196,0.0001211499702025165,5.834001216660778,0.0,cash
2017-08-02,0.0001211499702025165,10.579529048470667,0.0001211499702025165,5.8347080057343375,0.0,cash
2017-08-03,0.0001211499702025165,10.580810758099645,0.0001211499702025165,5.835414880435373,0.0,cash
2017-08-04,0.0001211499702025165,10.582092623007707,0.0001211499702025165,5.836121840774257,0.0,cash
2017-08-07,0.0001211499702025165,10.583374643213665,0.0001211499702025165,5.8368288867613645,0.0,cash
2017-08-08,0.0001211499702025165,10.584656818736333,0.0001211499702025165,5.837536018407072,0.0,cash
2017-08-09,0.0001211499702025165,10.585939149594527,0.0001211499702025165,5.838243235721759,0.0,cash
2017-08-10,0.0001211499702025165,10.587221635807065,0.0001211499702025165,5.838950538715801,0.0,cash
2017-08-11,0.0001211499702025165,10.58850427739277,0.0001211499702025165,5.839657927399581,0.0,cash
2017-08-14,-0.0013790317547527353,10.57390239375891,-0.0013790317547527353,5.831604853680804,1.5,0.399606
2017-08-15,0.004195290882854419,10.61826299006764,0.002688997946530103,5.847286027157327,0.0,cash
2017-08-16,0.022135431014973506,10.853302817983128,0.0001211499702025165,5.8479944256852825,0.0,cash
2017-08-17,0.006685767786974939,10.925865480345884,-0.0013790317547527353,5.839929855670645,1.5,0.399606
2017-08-18,-0.009541717435273545,10.821613959196615,-0.009541717435273545,5.784206895146018,1.5,0.399606
2017-08-21,0.0060421596513433595,10.886999878423287,0.0060421596513433595,5.819155996662891,1.5,0.399606
2017-08-22,-0.011791442124501783,10.758626449447402,-0.011791442124501783,5.750539755514793,1.5,0.399606
2017-08-23,-0.006297581222107551,10.690873125543693,-0.0077881348502742975,5.70575377643698,0.0,cash
2017-08-24,-0.009710131153327195,10.587063345351082,0.0001211499702025165,5.7064450283369785,0.0,cash
2017-08-25,0.014302970000890536,10.738489794777166,0.0001211499702025165,5.707136363982124,0.0,cash
2017-08-28,0.024716072422314106,11.00390308625116,-0.0013790317547527353,5.699266041707489,1.5,0.399606
2017-08-29,-0.00920377150912366,10.902625676536763,-0.00920377150912366,5.646811299289905,1.5,0.399606
2017-08-30,0.005702728575094795,10.96480039152591,0.005702728575094795,5.679013531444534,1.5,0.399606
2017-08-31,0.008704026156359346,11.060238300933012,0.008704026156359346,5.728443813764546,1.5,0.399606
2017-09-01,0.012811385477552006,11.20193527727985,0.012811385477552006,5.801833115649182,1.5,0.399606
2017-09-04,0.014716989470506814,11.366794040804876,0.014716989470506814,5.8872186325218285,1.5,0.399606
2017-09-05,0.0011703432340175457,11.380097091303004,0.0011703432340175457,5.894108699015582,1.5,0.399606
2017-09-06,0.014018444754555492,11.539628353678912,0.014018444754555492,5.976734936190077,1.5,0.399606
2017-09-07,-0.009899171547142371,11.425395593015576,-0.009899171547142371,5.917570211764932,1.5,0.399606
2017-09-08,-0.004113414258027914,11.378398207879657,-0.004113414258027914,5.893228794082977,1.5,0.399606
2017-09-11,0.008769829308899357,11.478184817971448,0.008769829308899357,5.944911404685375,1.5,0.399606
2017-09-12,-0.00946201177980377,11.369578098013037,-0.00946201177980377,5.888660582944352,1.5,0.399606
2017-09-13,0.0030802661387747676,11.404599424440502,0.0030802661387747676,5.906799224740733,1.5,0.399606
2017-09-14,-0.010328959982397468,11.286801773370183,-0.010328959982397468,5.84578813192433,1.5,1.H00852
2017-09-15,-0.006881997015475205,11.209126037251588,-0.006881997015475205,5.8055574354473265,1.5,1.H00852
2017-09-18,0.011572044209111176,11.338838539300163,0.011572044209111176,5.872739602748857,1.5,1.H00852
2017-09-19,-0.006846107297074577,11.26121163403591,-0.008335838136128926,5.823785396004709,0.0,cash
2017-09-20,0.013162206893538198,11.40943403143501,0.0001211499702025165,5.824490947431901,0.0,cash
2017-09-21,-0.01676811637075426,11.218119313871464,0.0001211499702025165,5.825196584336627,0.0,cash
2017-09-22,-0.007059308496111472,11.138927148888659,0.0001211499702025165,5.825902306729243,0.0,cash
2017-09-25,-0.02404827806930454,10.871055131418458,0.0001211499702025165,5.826608114620106,0.0,cash
2017-09-26,0.0001211499702025165,10.8723721594237,0.0001211499702025165,5.827314008019574,0.0,cash
2017-09-27,0.0001211499702025165,10.873689346986845,0.0001211499702025165,5.828019986938006,0.0,cash
2017-09-28,0.0001211499702025165,10.875006694127224,0.0001211499702025165,5.828726051385764,0.0,cash
2017-09-29,0.0001211499702025165,10.87632420086417,0.0001211499702025165,5.829432201373208,0.0,cash
2017-10-09,0.0001211499702025165,10.877641867217017,0.0001211499702025165,5.830138436910701,0.0,cash
2017-10-10,0.0001211499702025165,10.878959693205104,0.0001211499702025165,5.83084475800861,0.0,cash
2017-10-11,0.0001211499702025165,10.88027767884777,0.0001211499702025165,5.831551164677298,0.0,cash
2017-10-12,0.0001211499702025165,10.881595824164357,0.0001211499702025165,5.8322576569271325,0.0,cash
2017-10-13,0.0001211499702025165,10.88291412917421,0.0001211499702025165,5.8329642347684825,0.0,cash
2017-10-16,0.0001211499702025165,10.884232593896677,0.0001211499702025165,5.833670898211717,0.0,cash
2017-10-17,0.0001211499702025165,10.885551218351104,0.0001211499702025165,5.834377647267207,0.0,cash
2017-10-18,-0.0013790317547527353,10.87053969755301,-0.0013790317547527353,5.8263318552224055,1.5,1.H00016
2017-10-19,0.0015854542234499114,10.887774440627675,8.30760421148824e-05,5.826815883812985,0.0,cash
2017-10-20,-0.010072077793139567,10.778111929467517,0.0001211499702025165,5.827521802383685,0.0,cash
2017-10-23,-0.0018548089139696078,10.758120591384978,0.0001211499702025165,5.828227806476398,0.0,cash
2017-10-24,0.010517213704644535,10.87126604470491,0.0001211499702025165,5.828933896101486,0.0,cash
2017-10-25,-0.0008813684187537474,10.861684454141237,0.0001211499702025165,5.829640071269311,0.0,cash
2017-10-26,0.010241550217837903,10.972924940928634,0.0001211499702025165,5.830346331990237,0.0,cash
2017-10-27,0.023338628755541047,11.229017962487385,0.0001211499702025165,5.831052678274627,0.0,cash
2017-10-30,-0.0028118326650330427,11.19744384298422,-0.0013790317547527353,5.823011471467651,1.5,1.H00016
2017-10-31,-0.008281717341509953,11.104709778129193,-0.008281717341509953,5.774786936384586,1.5,1.H00016
2017-11-01,-0.002375501051649409,11.078330528372986,-0.002375501051649409,5.761068923944153,1.5,1.H00016
2017-11-02,0.002466514342826631,11.105655389515793,0.0009628145713125313,5.766615765050462,0.0,cash
2017-11-03,0.0033592734843763683,11.142962323192414,0.0001211499702025165,5.7673143903785675,0.0,cash
2017-11-06,-0.004475489004151401,11.093092117841293,0.0001211499702025165,5.768013100345111,0.0,cash
2017-11-07,0.01590808343387451,11.269561952791568,-0.0013790317547527353,5.760058827117905,1.5,1.H00016
2017-11-08,-0.0011192249882732153,11.25694877744711,-0.0011192249882732153,5.753612025344671,1.5,1.H00016
2017-11-09,0.006855268366880551,11.334118182308739,0.006855268366880551,5.793054579857319,1.5,1.H00016
2017-11-10,0.01549678859668635,11.509760615709837,0.01549678859668635,5.882828322010433,1.5,1.H00016
2017-11-13,0.005791241540709979,11.576416419511164,0.005791241540709979,5.9168972017657255,1.5,1.H00016
2017-11-14,-0.006368593177114024,11.502690932886434,-0.006368593177114024,5.8792148906168755,1.5,1.H00016
2017-11-15,-0.006023755765280692,11.433401532063218,-0.006023755765280692,5.843799936024198,1.5,1.H00016
2017-11-16,0.01538387498466931,11.609291551882006,0.01538387498466931,5.933700223675413,1.5,1.H00016
2017-11-17,0.03088268340256972,11.967817627406905,0.03088268340256972,6.116948809088938,1.5,1.H00016
2017-11-20,0.0011425439866128428,11.981491385469978,0.0011425439866128428,6.123937692167181,1.5,1.H00016
2017-11-21,0.023411876903346895,12.262000586905112,0.023411876903346895,6.267310567579965,1.5,1.H00016
2017-11-22,0.012584819584171125,12.416315652032313,0.011065942354794966,6.336664265040403,0.0,cash
2017-11-23,-0.03572958087360112,11.972685897790866,0.0001211499702025165,6.337431951727296,0.0,cash
2017-11-24,-0.002046700012052094,11.94818140141956,0.0001211499702025165,6.338199731419408,0.0,cash
2017-11-27,-0.010034845583227425,11.828283246055925,0.0001211499702025165,6.338967604128007,0.0,cash
2017-11-28,-0.010446798281231406,11.70471555697111,0.0001211499702025165,6.339735569864362,0.0,cash
2017-11-29,-0.002037984115684899,11.680861532587393,0.0001211499702025165,6.340503628639743,0.0,cash
2017-11-30,-0.015529476048588231,11.499463873190201,0.0001211499702025165,6.341271780465422,0.0,cash
2017-12-01,-0.01268411876931852,11.353603307639169,0.0001211499702025165,6.342040025352671,0.0,cash
2017-12-04,0.0001211499702025165,11.35497879634158,0.0001211499702025165,6.342808363312765,0.0,cash
2017-12-05,0.0001211499702025165,11.356354451684407,0.0001211499702025165,6.343576794356981,0.0,cash
2017-12-06,0.0001211499702025165,11.357730273687837,0.0001211499702025165,6.344345318496594,0.0,cash
2017-12-07,0.0001211499702025165,11.359106262372062,0.0001211499702025165,6.3451139357428845,0.0,cash
2017-12-08,0.0001211499702025165,11.360482417757275,0.0001211499702025165,6.345882646107131,0.0,cash
2017-12-11,0.0001211499702025165,11.361858739863672,0.0001211499702025165,6.346651449600616,0.0,cash
2017-12-12,0.0001211499702025165,11.363235228711453,0.0001211499702025165,6.347420346234621,0.0,cash
2017-12-13,0.0001211499702025165,11.364611884320816,0.0001211499702025165,6.34818933602043,0.0,cash
2017-12-14,0.0001211499702025165,11.365988706711965,0.0001211499702025165,6.348958418969328,0.0,cash
2017-12-15,0.0001211499702025165,11.367365695905105,0.0001211499702025165,6.349727595092603,0.0,cash
2017-12-18,0.0001211499702025165,11.368742851920446,0.0001211499702025165,6.350496864401543,0.0,cash
2017-12-19,0.0001211499702025165,11.370120174778197,0.0001211499702025165,6.351266226907437,0.0,cash
2017-12-20,0.0001211499702025165,11.371497664498571,0.0001211499702025165,6.352035682621575,0.0,cash
2017-12-21,0.0001211499702025165,11.372875321101784,0.0001211499702025165,6.35280523155525,0.0,cash
2017-12-22,0.0001211499702025165,11.374253144608053,0.0001211499702025165,6.353574873719755,0.0,cash
2017-12-25,0.0001211499702025165,11.375631135037597,0.0001211499702025165,6.354344609126386,0.0,cash
2017-12-26,0.0001211499702025165,11.377009292410643,0.0001211499702025165,6.355114437786439,0.0,cash
2017-12-27,0.0001211499702025165,11.378387616747412,0.0001211499702025165,6.35588435971121,0.0,cash
2017-12-28,0.0001211499702025165,11.379766108068134,0.0001211499702025165,6.356654374911999,0.0,cash
2017-12-29,0.0001211499702025165,11.381144766393039,0.0001211499702025165,6.3574244834001075,0.0,cash
2018-01-02,0.0001211499702025165,11.382523591742357,0.0001211499702025165,6.358194685186836,0.0,cash
2018-01-03,-0.0013790317547527353,11.366826730260122,-0.0013790317547527353,6.349426532813063,1.5,1.H00905
2018-01-04,0.006814788225509405,11.444289247222905,0.006814788225509405,6.392696529987615,1.5,1.H00905
2018-01-05,-0.00012650531163349577,11.44284148384526,-0.00012650531163349577,6.39188781992091,1.5,1.H00905
2018-01-08,0.006700770846713722,11.519517342463777,0.006700770846713722,6.434718395480101,1.5,1.H00905
2018-01-09,-0.00016008969210457025,11.517673186479229,-0.00016008969210457025,6.433688263393389,1.5,1.H00905
2018-01-10,-0.00932452667279926,11.410276335643319,-0.00932452667279926,6.3736971655769015,1.5,1.H00905
2018-01-11,0.00462255721643956,11.463020990860217,0.00462255721643956,6.403159945405039,1.5,1.H00905
2018-01-12,-0.00775326704677981,11.374145127955236,-0.00775326704677981,6.35351453640507,0.0,cash
2018-01-15,0.0001211499702025165,11.375523105298567,0.0001211499702025165,6.354284264501837,0.0,cash
2018-01-16,-0.0013790317547527353,11.359835897709438,-0.0013790317547527353,6.345521504722363,1.5,1.H20955
2018-01-17,0.004671134827137324,11.412899222801792,0.004671134827137324,6.375162291219421,1.5,1.H00016
2018-01-18,0.014750503740583731,11.581245235478635,0.013228377984972894,6.459495347723217,0.0,cash
2018-01-19,0.005378044253924408,11.64352968487059,0.0001211499702025165,6.460277915392117,0.0,cash
2018-01-22,0.00595771314627469,11.712898494743182,0.0001211499702025165,6.461060577869067,0.0,cash
2018-01-23,0.022064847685534072,11.971341815985813,0.0001211499702025165,6.461843335165552,0.0,cash
2018-01-24,0.0017499514295631347,11.992291082710485,-0.0013790317547527353,6.452932248012122,1.5,1.H00016
2018-01-25,-0.010850828223584519,11.86216479216477,-0.010850828223584519,6.382912588650513,1.5,1.H00016
2018-01-26,0.007781566336451107,11.954471014388915,0.007781566336451107,6.432581646378866,1.5,1.H00016
2018-01-29,-0.027610320052671278,11.624404243621255,-0.027610320052671278,6.254976008357406,1.5,1.H20955
2018-01-30,-0.009621433162327664,11.512560815139375,-0.011107001012584106,6.185501983498892,0.0,cash
2018-01-31,-0.011824009736319585,11.376436183971196,-0.0013790317547527353,6.17697197984456,1.5,1.H20955
2018-02-01,-0.015097453199369282,11.204680971108079,-0.015097453199369282,6.0837154344650415,1.5,1.H20955
2018-02-02,0.001544800679273095,11.221989969883285,0.001544800679273095,6.093113562200707,0.0,cash
2018-02-05,-0.0013790317547527353,11.2065144893633,-0.0013790317547527353,6.084710965113118,1.5,1.H20955
2018-02-06,-0.040685540632771855,10.750571388754564,-0.040685540632771855,5.837151209903335,0.0,cash
2018-02-07,0.0001211499702025165,10.751873820157972,0.0001211499702025165,5.837858380598482,0.0,cash
2018-02-08,0.0001211499702025165,10.753176409350905,0.0001211499702025165,5.838565636967338,0.0,cash
2018-02-09,0.0001211499702025165,10.754479156352481,0.0001211499702025165,5.839272979020283,0.0,cash
2018-02-12,0.0001211499702025165,10.755782061181817,0.0001211499702025165,5.839980406767696,0.0,cash
2018-02-13,0.0001211499702025165,10.757085123858033,0.0001211499702025165,5.840687920219959,0.0,cash
2018-02-14,0.0001211499702025165,10.758388344400254,0.0001211499702025165,5.841395519387456,0.0,cash
2018-02-22,0.0001211499702025165,10.759691722827606,0.0001211499702025165,5.842103204280571,0.0,cash
2018-02-23,0.0001211499702025165,10.760995259159214,0.0001211499702025165,5.84281097490969,0.0,cash
2018-02-26,0.0001211499702025165,10.762298953414211,0.0001211499702025165,5.843518831285199,0.0,cash
2018-02-27,0.0001211499702025165,10.763602805611727,0.0001211499702025165,5.844226773417487,0.0,cash
2018-02-28,0.0001211499702025165,10.7649068157709,0.0001211499702025165,5.844934801316944,0.0,cash
2018-03-01,0.0001211499702025165,10.766210983910863,0.0001211499702025165,5.845642914993959,0.0,cash
2018-03-02,0.0001211499702025165,10.767515310050758,0.0001211499702025165,5.846351114458924,0.0,cash
2018-03-05,0.0001211499702025165,10.768819794209726,0.0001211499702025165,5.847059399722235,0.0,cash
2018-03-06,0.0001211499702025165,10.770124436406912,0.0001211499702025165,5.847767770794284,0.0,cash
2018-03-07,-0.0013790317547527353,10.755272092806468,-0.0013790317547527353,5.839703513343939,1.5,0.399606
2018-03-08,0.00661842434807447,10.826455047495664,0.00661842434807447,5.878353149262191,1.5,0.399606
2018-03-09,0.052837424843577896,11.39849705239009,0.052837424843577896,6.188950191990341,1.5,0.399606
2018-03-12,0.020906891698113883,11.636804195785679,0.020906891698113883,6.318341903379304,1.5,0.399606
2018-03-13,-0.007817850299523421,11.54582940261816,-0.007817850299523421,6.268946052237479,1.5,0.399606
2018-03-14,-0.025198993933117086,11.25488611754878,-0.025198993933117086,6.110974918700109,1.5,0.399606
2018-03-15,0.005985068449679165,11.322247381355654,0.005985068449679165,6.147549521882802,1.5,0.399606
2018-03-16,-0.022284355130923084,11.069938399829361,-0.022284355130923084,6.010555345152229,1.5,0.399606
2018-03-19,0.017729642767164044,11.266204453112847,0.017729642767164044,6.1171203442540465,1.5,0.399606
2018-03-20,0.01759926216932084,11.46448133893635,0.01607286327606694,6.215439983190489,0.0,cash
2018-03-21,-0.027979801021420836,11.143707432259118,-0.0013790317547527353,6.2068686940839095,1.5,0.399606
2018-03-22,-0.013424996158270974,10.994103202792145,-0.013424996158270974,6.123541505710941,1.5,1.H00852
2018-03-23,-0.08166593629964247,10.096259470961225,-0.08166593629964247,5.623456755177335,0.0,cash
2018-03-26,0.0001211499702025165,10.09748263249529,0.0001211499702025165,5.62413803679566,0.0,cash
2018-03-27,0.0001211499702025165,10.098705942215336,0.0001211499702025165,5.624819400951233,0.0,cash
2018-03-28,0.0001211499702025165,10.099929400139319,0.0001211499702025165,5.6255008476540524,0.0,cash
2018-03-29,0.0001211499702025165,10.101153006285193,0.0001211499702025165,5.62618237691412,0.0,cash
2018-03-30,0.0001211499702025165,10.102376760670916,0.0001211499702025165,5.626863988741437,0.0,cash
2018-04-02,0.0001211499702025165,10.103600663314445,0.0001211499702025165,5.627545683146007,0.0,cash
2018-04-03,0.0001211499702025165,10.104824714233745,0.0001211499702025165,5.6282274601378335,0.0,cash
2018-04-04,0.0001211499702025165,10.106048913446775,0.0001211499702025165,5.628909319726922,0.0,cash
2018-04-09,0.0001211499702025165,10.107273260971505,0.0001211499702025165,5.62959126192328,0.0,cash
2018-04-10,0.0001211499702025165,10.1084977568259,0.0001211499702025165,5.630273286736914,0.0,cash
2018-04-11,0.0001211499702025165,10.10972240102793,0.0001211499702025165,5.6309553941778345,0.0,cash
2018-04-12,0.0001211499702025165,10.110947193595571,0.0001211499702025165,5.631637584256051,0.0,cash
2018-04-13,0.0001211499702025165,10.112172134546794,0.0001211499702025165,5.632319856981575,0.0,cash
2018-04-16,0.0001211499702025165,10.113397223899577,0.0001211499702025165,5.63300221236442,0.0,cash
2018-04-17,0.0001211499702025165,10.1146224616719,0.0001211499702025165,5.633684650414598,0.0,cash
2018-04-18,0.0001211499702025165,10.11584784788174,0.0001211499702025165,5.634367171142126,0.0,cash
2018-04-19,0.0001211499702025165,10.117073382547085,0.0001211499702025165,5.635049774557021,0.0,cash
2018-04-20,-0.0013790317547527353,10.103121617087389,-0.0013790317547527353,5.6272788619782945,1.5,1.H11077
2018-04-23,-0.0005150171573347073,10.09791833611195,-0.0005150171573347073,5.624380716815269,1.5,1.H11077
2018-04-24,-0.004397346763732823,10.05351428759621,-0.004397346763732823,5.59964836447218,0.0,cash
2018-04-25,0.0001211499702025165,10.054732270552583,0.0001211499702025165,5.60032676170468,0.0,cash
2018-04-26,0.0001211499702025165,10.055950401067554,0.0001211499702025165,5.601005241124985,0.0,cash
2018-04-27,0.0001211499702025165,10.057168679159,0.0001211499702025165,5.601683802743051,0.0,cash
2018-05-02,0.0001211499702025165,10.058387104844801,0.0001211499702025165,5.602362446568837,0.0,cash
2018-05-03,0.0001211499702025165,10.05960567814284,0.0001211499702025165,5.603041172612302,0.0,cash
2018-05-04,0.0001211499702025165,10.060824399070995,0.0001211499702025165,5.603719980883408,0.0,cash
2018-05-07,0.0001211499702025165,10.062043267647155,0.0001211499702025165,5.604398871392116,0.0,cash
2018-05-08,0.0001211499702025165,10.063262283889207,0.0001211499702025165,5.605077844148388,0.0,cash
2018-05-09,0.0001211499702025165,10.06448144781504,0.0001211499702025165,5.6057568991621896,0.0,cash
2018-05-10,0.0001211499702025165,10.065700759442548,0.0001211499702025165,5.606436036443486,0.0,cash
2018-05-11,0.0001211499702025165,10.06692021878962,0.0001211499702025165,5.607115256002244,0.0,cash
2018-05-14,0.0001211499702025165,10.068139825874159,0.0001211499702025165,5.607794557848431,0.0,cash
2018-05-15,0.0001211499702025165,10.069359580714059,0.0001211499702025165,5.608473941992016,0.0,cash
2018-05-16,0.0001211499702025165,10.07057948332722,0.0001211499702025165,5.60915340844297,0.0,cash
2018-05-17,-0.0013790317547527353,10.05669183443095,-0.0013790317547527353,5.601418207775448,1.5,1.H00016
2018-05-18,0.021966093890167793,10.277598071490544,0.021966093890167793,5.724459486045539,1.5,1.H00016
2018-05-21,0.002824833094041468,10.306630570650148,0.002824833094041468,5.74063012864722,1.5,1.H00016
2018-05-22,-0.009787768220058335,10.205751659494856,-0.009787768220058335,5.684442171510938,1.5,1.H00016
2018-05-23,-0.025885852161589562,9.941567080839276,-0.025885852161589562,5.5372955418381,0.0,cash
2018-05-24,-0.0013790317547527353,9.927857344142794,-0.0013790317547527353,5.529659435450455,1.5,1.H20955
2018-05-25,-0.005529719149612422,9.872959081272267,-0.005529719149612422,5.499081971779409,0.0,cash
2018-05-28,-0.0013790317547527353,9.859343957185818,-0.0013790317547527353,5.491498563118337,1.5,1.H20955
2018-05-29,-0.008010560369040576,9.780365087217644,-0.008010560369040576,5.447508582361978,0.0,cash
2018-05-30,0.0001211499702025165,9.78154997815653,0.0001211499702025165,5.44816854786441,0.0,cash
2018-05-31,0.0001211499702025165,9.782735012644919,0.0001211499702025165,5.448828593321641,0.0,cash
2018-06-01,0.0001211499702025165,9.783920190700199,0.0001211499702025165,5.4494887187433605,0.0,cash
2018-06-04,0.0001211499702025165,9.785105512339767,0.0001211499702025165,5.450148924139255,0.0,cash
2018-06-05,0.0001211499702025165,9.786290977581015,0.0001211499702025165,5.450809209519014,0.0,cash
2018-06-06,0.0001211499702025165,9.787476586441342,0.0001211499702025165,5.451469574892327,0.0,cash
2018-06-07,0.0001211499702025165,9.788662338938147,0.0001211499702025165,5.452130020268885,0.0,cash
2018-06-08,0.0001211499702025165,9.789848235088833,0.0001211499702025165,5.452790545658381,0.0,cash
2018-06-11,0.0001211499702025165,9.791034274910801,0.0001211499702025165,5.453451151070508,0.0,cash
2018-06-12,0.0001211499702025165,9.79222045842146,0.0001211499702025165,5.4541118365149615,0.0,cash
2018-06-13,0.0001211499702025165,9.793406785638213,0.0001211499702025165,5.454772602001436,0.0,cash
2018-06-14,0.0001211499702025165,9.794593256578475,0.0001211499702025165,5.45543344753963,0.0,cash
2018-06-15,0.0001211499702025165,9.795779871259654,0.0001211499702025165,5.4560943731392415,0.0,cash
2018-06-18,0.0001211499702025165,9.796966629699167,0.0001211499702025165,5.456755378809969,0.0,cash
2018-06-19,0.0001211499702025165,9.79815353191443,0.0001211499702025165,5.457416464561515,0.0,cash
2018-06-20,0.0001211499702025165,9.79934057792286,0.0001211499702025165,5.458077630403579,0.0,cash
2018-06-21,0.0001211499702025165,9.80052776774188,0.0001211499702025165,5.4587388763458655,0.0,cash
2018-06-22,0.0001211499702025165,9.801715101388911,0.0001211499702025165,5.459400202398078,0.0,cash
2018-06-25,0.0001211499702025165,9.802902578881378,0.0001211499702025165,5.460061608569922,0.0,cash
2018-06-26,0.0001211499702025165,9.804090200236708,0.0001211499702025165,5.4607230948711045,0.0,cash
2018-06-27,0.0001211499702025165,9.80527796547233,0.0001211499702025165,5.461384661311333,0.0,cash
2018-06-28,0.0001211499702025165,9.806465874605674,0.0001211499702025165,5.462046307900315,0.0,cash
2018-06-29,0.0001211499702025165,9.807653927654174,0.0001211499702025165,5.462708034647762,0.0,cash
2018-07-02,0.0001211499702025165,9.808842124635266,0.0001211499702025165,5.4633698415633845,0.0,cash
2018-07-03,0.0001211499702025165,9.810030465566387,0.0001211499702025165,5.464031728656895,0.0,cash
2018-07-04,0.0001211499702025165,9.811218950464976,0.0001211499702025165,5.464693695938007,0.0,cash
2018-07-05,0.0001211499702025165,9.812407579348475,0.0001211499702025165,5.465355743416436,0.0,cash
2018-07-06,0.0001211499702025165,9.813596352234327,0.0001211499702025165,5.466017871101897,0.0,cash
2018-07-09,0.0001211499702025165,9.81478526913998,0.0001211499702025165,5.4666800790041075,0.0,cash
2018-07-10,0.0001211499702025165,9.81597433008288,0.0001211499702025165,5.467342367132786,0.0,cash
2018-07-11,0.0001211499702025165,9.817163535080478,0.0001211499702025165,5.468004735497651,0.0,cash
2018-07-12,0.0001211499702025165,9.818352884150226,0.0001211499702025165,5.468667184108424,0.0,cash
2018-07-13,0.0001211499702025165,9.81954237730958,0.0001211499702025165,5.469329712974826,0.0,cash
2018-07-16,0.0001211499702025165,9.820732014575993,0.0001211499702025165,5.469992322106581,0.0,cash
2018-07-17,-0.0013790317547527353,9.807188913272975,-0.0013790317547527353,5.462449028996143,1.5,0.399606
2018-07-18,-0.012708144685104061,9.682557737608954,-0.012708144685104061,5.393031436400654,1.5,0.399606
2018-07-19,-0.016645790212858502,9.521383912784826,-0.016645790212858502,5.303260166498978,1.5,0.399606
2018-07-20,0.01836731964745164,9.696266214597049,0.01836731964745164,5.400666841150662,1.5,0.399606
2018-07-23,0.010589712403606066,9.798946885198434,0.009073827835000658,5.44967156226146,0.0,cash
2018-07-24,0.004911073426939083,9.84707023285832,-0.0013790317547527353,5.442156292124128,1.5,1.H00016
2018-07-25,3.3106227488310935e-06,9.847102832793041,3.3106227488310935e-06,5.442174309050552,1.5,1.H00016
2018-07-26,-0.01919137022767159,9.658123436658956,-0.01919137022767159,5.33773152704204,1.5,1.H00016
2018-07-27,-0.0026230183654558648,9.63279000150876,-0.0026230183654558648,5.323730559216736,1.5,1.H00016
2018-07-30,0.009571512961176865,9.724990375860495,0.009571512961176865,5.374686715266093,1.5,1.H00016
2018-07-31,0.0021936113609699603,9.746323225234306,0.000690320943928624,5.378396974072696,0.0,cash
2018-08-01,-0.035306343956823305,9.402216185129808,0.0001211499702025165,5.379048566705842,0.0,cash
2018-08-02,-0.025594255336833793,9.161573463355484,0.0001211499702025165,5.379700238279416,0.0,cash
2018-08-03,-0.005570682657432657,9.110537244948375,0.0001211499702025165,5.380351988802983,0.0,cash
2018-08-06,-0.014573508923378165,8.977764749112351,0.0001211499702025165,5.381003818286105,0.0,cash
2018-08-07,0.0001211499702025165,8.978852405044192,0.0001211499702025165,5.381655726738351,0.0,cash
2018-08-08,0.0001211499702025165,8.979940192745516,0.0001211499702025165,5.382307714169285,0.0,cash
2018-08-09,0.0001211499702025165,8.981028112232288,0.0001211499702025165,5.382959780588478,0.0,cash
2018-08-10,0.0001211499702025165,8.982116163520473,0.0001211499702025165,5.383611926005497,0.0,cash
2018-08-13,0.0001211499702025165,8.983204346626039,0.0001211499702025165,5.384264150429915,0.0,cash
2018-08-14,0.0001211499702025165,8.984292661564956,0.0001211499702025165,5.384916453871302,0.0,cash
2018-08-15,0.0001211499702025165,8.985381108353195,0.0001211499702025165,5.385568836339232,0.0,cash
2018-08-16,0.0001211499702025165,8.98646968700673,0.0001211499702025165,5.386221297843278,0.0,cash
2018-08-17,0.0001211499702025165,8.987558397541537,0.0001211499702025165,5.386873838393016,0.0,cash
2018-08-20,0.0001211499702025165,8.988647239973593,0.0001211499702025165,5.387526457998022,0.0,cash
2018-08-21,0.0001211499702025165,8.989736214318876,0.0001211499702025165,5.388179156667873,0.0,cash
2018-08-22,0.0001211499702025165,8.99082532059337,0.0001211499702025165,5.388831934412149,0.0,cash
2018-08-23,0.0001211499702025165,8.991914558813056,0.0001211499702025165,5.389484791240429,0.0,cash
2018-08-24,0.0001211499702025165,8.99300392899392,0.0001211499702025165,5.390137727162295,0.0,cash
2018-08-27,0.0001211499702025165,8.99409343115195,0.0001211499702025165,5.3907907421873285,0.0,cash
2018-08-28,0.0001211499702025165,8.995183065303133,0.0001211499702025165,5.391443836325112,0.0,cash
2018-08-29,0.0001211499702025165,8.996272831463461,0.0001211499702025165,5.392097009585231,0.0,cash
2018-08-30,0.0001211499702025165,8.997362729648927,0.0001211499702025165,5.392750261977271,0.0,cash
2018-08-31,0.0001211499702025165,8.998452759875525,0.0001211499702025165,5.393403593510819,0.0,cash
2018-09-03,0.0001211499702025165,8.999542922159252,0.0001211499702025165,5.394057004195464,0.0,cash
2018-09-04,0.0001211499702025165,9.000633216516109,0.0001211499702025165,5.394710494040792,0.0,cash
2018-09-05,0.0001211499702025165,9.001723642962093,0.0001211499702025165,5.395364063056396,0.0,cash
2018-09-06,0.0001211499702025165,9.002814201513209,0.0001211499702025165,5.396017711251868,0.0,cash
2018-09-07,0.0001211499702025165,9.00390489218546,0.0001211499702025165,5.396671438636798,0.0,cash
2018-09-10,0.0001211499702025165,9.004995714994855,0.0001211499702025165,5.397325245220782,0.0,cash
2018-09-11,0.0001211499702025165,9.006086669957401,0.0001211499702025165,5.397979131013414,0.0,cash
2018-09-12,0.0001211499702025165,9.007177757089108,0.0001211499702025165,5.39863309602429,0.0,cash
2018-09-13,0.0001211499702025165,9.008268976405988,0.0001211499702025165,5.399287140263008,0.0,cash
2018-09-14,0.0001211499702025165,9.009360327924057,0.0001211499702025165,5.399941263739166,0.0,cash
2018-09-17,0.0001211499702025165,9.010451811659328,0.0001211499702025165,5.400595466462363,0.0,cash
2018-09-18,0.0001211499702025165,9.011543427627823,0.0001211499702025165,5.401249748442201,0.0,cash
2018-09-19,0.0001211499702025165,9.012635175845558,0.0001211499702025165,5.401904109688281,0.0,cash
2018-09-20,0.0001211499702025165,9.013727056328557,0.0001211499702025165,5.402558550210206,0.0,cash
2018-09-21,0.0001211499702025165,9.014819069092844,0.0001211499702025165,5.403213070017582,0.0,cash
2018-09-25,0.0001211499702025165,9.015911214154446,0.0001211499702025165,5.403867669120013,0.0,cash
2018-09-26,0.0001211499702025165,9.01700349152939,0.0001211499702025165,5.404522347527105,0.0,cash
2018-09-27,-0.0013790317547527353,9.004568757381856,-0.0013790317547527353,5.397069339590594,1.5,1.H00016
2018-09-28,0.018121422290624745,9.167744350379339,0.018121422290624745,5.494871912225098,1.5,1.H00016
2018-10-08,-0.07041939367157801,8.522157351889591,-0.07041939367157801,5.107926363863222,0.0,cash
2018-10-09,0.0001211499702025165,8.523189810998835,0.0001211499702025165,5.108545188990001,0.0,cash
2018-10-10,0.0001211499702025165,8.524222395190467,0.0001211499702025165,5.109164089087425,0.0,cash
2018-10-11,0.0001211499702025165,8.525255104479644,0.0001211499702025165,5.109783064164578,0.0,cash
2018-10-12,0.0001211499702025165,8.52628793888152,0.0001211499702025165,5.110402114230543,0.0,cash
2018-10-15,0.0001211499702025165,8.527320898411254,0.0001211499702025165,5.111021239294405,0.0,cash
2018-10-16,0.0001211499702025165,8.528353983084004,0.0001211499702025165,5.1116404393652495,0.0,cash
2018-10-17,0.0001211499702025165,8.529387192914932,0.0001211499702025165,5.112259714452165,0.0,cash
2018-10-18,0.0001211499702025165,8.5304205279192,0.0001211499702025165,5.112879064564238,0.0,cash
2018-10-19,0.0001211499702025165,8.531453988111972,0.0001211499702025165,5.113498489710559,0.0,cash
2018-10-22,0.0001211499702025165,8.532487573508416,0.0001211499702025165,5.114117989900218,0.0,cash
2018-10-23,0.0001211499702025165,8.5335212841237,0.0001211499702025165,5.114737565142307,0.0,cash
2018-10-24,0.0001211499702025165,8.534555119972993,0.0001211499702025165,5.1153572154459175,0.0,cash
2018-10-25,0.0001211499702025165,8.53558908107147,0.0001211499702025165,5.115976940820144,0.0,cash
2018-10-26,0.0001211499702025165,8.536623167434302,0.0001211499702025165,5.116596741274082,0.0,cash
2018-10-29,0.0001211499702025165,8.537657379076666,0.0001211499702025165,5.117216616816825,0.0,cash
2018-10-30,0.0001211499702025165,8.53869171601374,0.0001211499702025165,5.117836567457473,0.0,cash
2018-10-31,0.0001211499702025165,8.539726178260704,0.0001211499702025165,5.118456593205122,0.0,cash
2018-11-01,0.0001211499702025165,8.540760765832738,0.0001211499702025165,5.1190766940688714,0.0,cash
2018-11-02,0.0001211499702025165,8.541795478745026,0.0001211499702025165,5.1196968700578225,0.0,cash
2018-11-05,0.0001211499702025165,8.542830317012752,0.0001211499702025165,5.120317121181076,0.0,cash
2018-11-06,0.0001211499702025165,8.543865280651104,0.0001211499702025165,5.1209374474477345,0.0,cash
2018-11-07,0.0001211499702025165,8.54490036967527,0.0001211499702025165,5.121557848866901,0.0,cash
2018-11-08,-0.0013790317547527353,8.533116680724289,-0.0013790317547527353,5.114495057959511,1.5,0.399606
2018-11-09,-0.010662392097029572,8.442133244864703,-0.010662392097029572,5.059962306273227,1.5,1.H00852
2018-11-12,0.04470752625049812,8.819560138519694,0.04470752625049812,5.286180703907468,1.5,1.H00852
2018-11-13,0.029670386346960953,9.08123989523983,0.029670386346960953,5.443023727692252,1.5,1.H00852
2018-11-14,0.0001834211423177301,9.082905586635077,0.0001834211423177301,5.444022093322048,1.5,1.H00852
2018-11-15,0.02494055172136944,9.309438263198864,0.02494055172136944,5.579799007912825,1.5,1.H00852
2018-11-16,0.016227589257260977,9.460508003549885,0.016227589257260977,5.670345694351306,1.5,1.H00852
2018-11-19,0.005579329147968437,9.51329129160868,0.005579329147968437,5.701982419362858,1.5,1.H00852
2018-11-20,-0.039699742311850805,9.135616078794241,-0.039699742311850805,5.475615186647449,1.5,1.H00852
2018-11-21,0.010896682734829355,9.235163988792067,0.010896682734829355,5.53528122811436,1.5,1.H00852
2018-11-22,0.0008982052140535934,9.24345906123944,0.0008982052140535934,5.540253046574705,1.5,1.H00852
2018-11-23,-0.06439428061661112,8.64823316458183,-0.06579768919568618,5.175717198550729,0.0,cash
2018-11-26,-0.0027696237540464352,8.624280812578672,0.0001211499702025165,5.17634423653511,0.0,cash
2018-11-27,0.012211464337292366,8.72959591015627,0.0001211499702025165,5.1769713504851245,0.0,cash
2018-11-28,0.018219204516063403,8.888642203385999,0.0001211499702025165,5.177598540409975,0.0,cash
2018-11-29,-0.036790080598838926,8.561628340309186,0.0001211499702025165,5.178225806318866,0.0,cash
2018-11-30,0.0001211499702025165,8.562665581327499,0.0001211499702025165,5.178853148221004,0.0,cash
2018-12-03,0.0001211499702025165,8.563702948007531,0.0001211499702025165,5.179480566125593,0.0,cash
2018-12-04,0.0001211499702025165,8.564740440364506,0.0001211499702025165,5.180108060041844,0.0,cash
2018-12-05,0.0001211499702025165,8.565778058413649,0.0001211499702025165,5.180735629978964,0.0,cash
2018-12-06,0.0001211499702025165,8.566815802170186,0.0001211499702025165,5.181363275946164,0.0,cash
2018-12-07,0.0001211499702025165,8.567853671649349,0.0001211499702025165,5.181990997952653,0.0,cash
2018-12-10,0.0001211499702025165,8.568891666866369,0.0001211499702025165,5.182618796007644,0.0,cash
2018-12-11,0.0001211499702025165,8.569929787836479,0.0001211499702025165,5.183246670120352,0.0,cash
2018-12-12,0.0001211499702025165,8.570968034574912,0.0001211499702025165,5.1838746202999895,0.0,cash
2018-12-13,0.0001211499702025165,8.572006407096907,0.0001211499702025165,5.184502646555773,0.0,cash
2018-12-14,0.0001211499702025165,8.573044905417703,0.0001211499702025165,5.185130748896918,0.0,cash
2018-12-17,0.0001211499702025165,8.574083529552539,0.0001211499702025165,5.1857589273326425,0.0,cash
2018-12-18,0.0001211499702025165,8.575122279516657,0.0001211499702025165,5.186387181872166,0.0,cash
2018-12-19,0.0001211499702025165,8.576161155325304,0.0001211499702025165,5.187015512524709,0.0,cash
2018-12-20,0.0001211499702025165,8.577200156993724,0.0001211499702025165,5.187643919299491,0.0,cash
2018-12-21,0.0001211499702025165,8.578239284537165,0.0001211499702025165,5.188272402205736,0.0,cash
2018-12-24,0.0001211499702025165,8.579278537970877,0.0001211499702025165,5.188900961252665,0.0,cash
2018-12-25,0.0001211499702025165,8.580317917310111,0.0001211499702025165,5.189529596449505,0.0,cash
2018-12-26,0.0001211499702025165,8.581357422570122,0.0001211499702025165,5.19015830780548,0.0,cash
2018-12-27,0.0001211499702025165,8.582397053766163,0.0001211499702025165,5.190787095329817,0.0,cash
2018-12-28,0.0001211499702025165,8.583436810913494,0.0001211499702025165,5.191415959031744,0.0,cash
2019-01-02,0.0001211499702025165,8.584476694027371,0.0001211499702025165,5.192044898920489,0.0,cash
2019-01-03,0.0001211499702025165,8.585516703123057,0.0001211499702025165,5.192673915005283,0.0,cash
2019-01-04,0.0001211499702025165,8.586556838215813,0.0001211499702025165,5.193303007295357,0.0,cash
2019-01-07,0.0001211499702025165,8.587597099320906,0.0001211499702025165,5.193932175799944,0.0,cash
2019-01-08,0.0001211499702025165,8.5886374864536,0.0001211499702025165,5.1945614205282755,0.0,cash
2019-01-09,0.0001211499702025165,8.589677999629163,0.0001211499702025165,5.195190741489587,0.0,cash
2019-01-10,0.0001211499702025165,8.590718638862867,0.0001211499702025165,5.195820138693115,0.0,cash
2019-01-11,0.0001211499702025165,8.591759404169984,0.0001211499702025165,5.196449612148095,0.0,cash
2019-01-14,0.0001211499702025165,8.592800295565787,0.0001211499702025165,5.1970791618637655,0.0,cash
2019-01-15,0.0001211499702025165,8.593841313065552,0.0001211499702025165,5.197708787849366,0.0,cash
2019-01-16,0.0001211499702025165,8.594882456684555,0.0001211499702025165,5.198338490114135,0.0,cash
2019-01-17,0.0001211499702025165,8.595923726438077,0.0001211499702025165,5.198968268667315,0.0,cash
2019-01-18,-0.0013790317547527353,8.584069674657886,-0.0013790317547527353,5.191798726332871,1.5,1.H00016
2019-01-21,0.00932375538649488,8.664105440525026,0.0078097697534151855,5.232345478991604,0.0,cash
2019-01-22,-0.019333681412449177,8.496596386214048,0.0001211499702025165,5.232979377490473,0.0,cash
2019-01-23,-0.0026725220399839156,8.473889045107043,0.0001211499702025165,5.233613352786127,0.0,cash
2019-01-24,0.009017829416549494,8.550305131010585,0.0001211499702025165,5.234247404887868,0.0,cash
2019-01-25,0.018649590976910435,8.709764824431712,0.0001211499702025165,5.2348815338050025,0.0,cash
2019-01-28,-0.0028964082838089933,8.6845377894442,0.0001211499702025165,5.235515739546837,0.0,cash
2019-01-29,0.011558480563350626,8.784917850685174,0.0001211499702025165,5.236150022122677,0.0,cash
2019-01-30,-0.009762380205427856,8.699156142553335,0.0001211499702025165,5.236784381541834,0.0,cash
2019-01-31,0.026654975897844047,8.931031939864676,0.0001211499702025165,5.237418817813615,0.0,cash
2019-02-01,0.009708589121098843,9.017739659396232,0.0001211499702025165,5.238053330947332,0.0,cash
2019-02-11,0.0166378360567232,9.167775333451479,0.0001211499702025165,5.238687920952295,0.0,cash
2019-02-12,0.0033283516540985048,9.198288913646975,-0.0013790317547527353,5.231463603956063,1.5,1.H00016
2019-02-13,0.028023848493962777,9.456060368566716,0.028023848493962777,5.378069347395008,1.5,1.H00016
2019-02-14,-0.0025625687174806178,9.431828564075618,-0.0025625687174806178,5.364287675124932,1.5,1.H00016
2019-02-15,-0.037221304539897804,9.080763600724053,-0.037221304539897804,5.164621889929487,1.5,0.399606
2019-02-18,0.061536022315235916,9.63955767229759,0.061536022315235916,5.482432177797944,1.5,0.399606
2019-02-19,-0.0080832112449859,9.561639091324183,-0.0080832112449859,5.438116520368495,1.5,0.399606
2019-02-20,0.0024447037526185156,9.585014466291927,0.0024447037526185156,5.451411104233016,1.5,0.399606
2019-02-21,0.0043621043791175484,9.626825299869244,0.0043621043791175484,5.475190728483161,1.5,0.399606
2019-02-22,0.046408303841687815,10.073589933416423,0.046408303841687815,5.7292850434018,1.5,0.399606
2019-02-25,0.08241513853273519,10.903806243300904,0.08241513853273519,6.201464863947288,1.5,0.399606
2019-02-26,0.010303407070545889,11.016152597643993,0.010303407070545889,6.265361080874224,1.5,0.399606
2019-02-27,-0.02582050685966153,10.731709953929448,-0.02582050685966153,6.103586282107255,1.5,0.399606
2019-02-28,0.01499866367102598,10.892671262143438,0.01499866367102598,6.195131919939669,1.5,0.399606
2019-03-01,0.0313809616593943,11.234493761389148,0.0313809616593943,6.389541117194186,1.5,0.399606
2019-03-04,0.049526169408603105,11.790895202635602,0.04953088152419616,6.706020721263911,1.5,0.399606
2019-03-05,0.05238453377900387,12.40855575066276,0.052593958467678004,7.058716896561454,1.5,0.399606
2019-03-06,0.020532662941022295,12.663336443476002,0.02132286913068393,7.209228993177382,1.4723016162874791,0.399606
2019-03-07,-0.008072627253915887,12.561110048576891,-0.008519660129294171,7.147808812361257,0.0,cash
2019-03-08,0.0001211499702025165,12.562631826684987,0.0001211499702025165,7.148674769185888,0.0,cash
2019-03-11,-0.0012675408328560733,12.546708177876527,-0.0013420876761010003,7.139080620877709,1.46306039658001,0.399606
2019-03-12,0.03518383918814716,12.988149540747544,0.03706318600712333,7.403677693849149,0.0,cash
2019-03-13,0.0001211499702025165,12.989723054677391,0.0001211499702025165,7.404574649181148,0.0,cash
2019-03-14,-0.0012783018002743285,12.973118268311532,-0.0013546089972573672,7.394544345740504,1.4755802009625394,0.399606
2019-03-15,0.010478409329600424,13.109055911808218,0.011040683569991883,7.476185170006097,1.491015796046032,0.399606
2019-03-18,0.037678140361159906,13.60298076045562,0.038240877865145295,7.762081053989511,0.0,cash
2019-03-19,-0.0013516473452781508,13.58459432762288,0.0001211499702025165,7.763021429877911,0.0,cash
2019-03-20,-0.003742900265571558,13.53374854590634,0.0001211499702025165,7.7639619196928225,0.0,cash
2019-03-21,0.015139466380553301,13.73864227701995,0.0001211499702025165,7.764902523448047,0.0,cash
2019-03-22,0.005476657836775534,13.813884119913048,0.0001211499702025165,7.765843241157388,0.0,cash
2019-03-25,-0.012729796604169508,13.638036184752988,0.0001211499702025165,7.7667840728346516,0.0,cash
2019-03-26,-0.04175358431196108,13.068599291063327,0.0001211499702025165,7.767725018493645,0.0,cash
2019-03-27,0.007926966148194659,13.172193635247908,0.0001211499702025165,7.768666078148177,0.0,cash
2019-03-28,0.0001211499702025165,13.17378944611432,0.0001211499702025165,7.769607251812058,0.0,cash
2019-03-29,0.0001211499702025165,13.17538545031317,0.0001211499702025165,7.7705485394991,0.0,cash
2019-04-01,0.0001211499702025165,13.176981647867882,0.0001211499702025165,7.771489941223118,0.0,cash
2019-04-02,0.0001211499702025165,13.17857803880188,0.0001211499702025165,7.772431456997927,0.0,cash
2019-04-03,-0.0013790317547527353,13.160404361203886,-0.0013790317547527353,7.761713027207088,1.5,1.H00016
2019-04-04,0.016369113096488697,13.375828508587956,0.016369113096488697,7.88876538557193,1.5,1.H00016
2019-04-08,0.0063274329873290736,13.460463167126052,0.0063274329873290736,7.938681019901898,1.5,1.H00016
2019-04-09,0.002590113411751638,13.495327293303614,0.002590113411751638,7.959243104083164,1.5,1.H00016
2019-04-10,0.0057950544706666385,13.573533450067783,0.0057950544706666385,8.005367351416604,1.5,1.H00016
2019-04-11,-0.025572043844923176,13.22643045755212,-0.025572043844923176,7.800653746511462,1.5,1.H00016
2019-04-12,-0.0041140877822846145,13.172015761603467,-0.0041140877822846145,7.768561172239107,1.5,1.H00016
2019-04-15,0.002204089554491473,13.201048063955215,0.0007007834201597785,7.774005251107109,0.0,cash
2019-04-16,0.05024760858834276,13.864369160028737,0.0001211499702025165,7.774947071611635,0.0,cash
2019-04-17,-0.002883341443329246,13.82439344984401,0.0001211499702025165,7.775889006217687,0.0,cash
2019-04-18,-0.006105759446032755,13.739985028951951,0.0001211499702025165,7.776831054939088,0.0,cash
2019-04-19,0.018170389315560476,13.98964590611798,0.0001211499702025165,7.777773217789664,0.0,cash
2019-04-22,-0.034521734236637736,13.506699068082309,0.0001211499702025165,7.778715494783241,0.0,cash
2019-04-23,0.00399815488451738,13.56070094293507,0.0001211499702025165,7.779657885933648,0.0,cash
2019-04-24,-0.00336374776418491,13.515086165457491,0.0001211499702025165,7.780600391254715,0.0,cash
2019-04-25,0.0001211499702025165,13.51672351774372,0.0001211499702025165,7.781543010760273,0.0,cash
2019-04-26,0.0001211499702025165,13.51836106839513,0.0001211499702025165,7.782485744464156,0.0,cash
2019-04-29,0.0001211499702025165,13.519998817435752,0.0001211499702025165,7.7834285923802,0.0,cash
2019-04-30,0.0001211499702025165,13.521636764889623,0.0001211499702025165,7.78437155452224,0.0,cash
2019-05-06,0.0001211499702025165,13.523274910780778,0.0001211499702025165,7.785314630904115,0.0,cash
2019-05-07,0.0001211499702025165,13.52491325513326,0.0001211499702025165,7.7862578215396665,0.0,cash
2019-05-08,0.0001211499702025165,13.526551797971111,0.0001211499702025165,7.787201126442735,0.0,cash
2019-05-09,0.0001211499702025165,13.528190539318379,0.0001211499702025165,7.788144545627165,0.0,cash
2019-05-10,0.0001211499702025165,13.529829479199112,0.0001211499702025165,7.789088079106801,0.0,cash
2019-05-13,0.0001211499702025165,13.531468617637362,0.0001211499702025165,7.7900317268954895,0.0,cash
2019-05-14,0.0001211499702025165,13.533107954657185,0.0001211499702025165,7.79097548900708,0.0,cash
2019-05-15,0.0001211499702025165,13.534747490282639,0.0001211499702025165,7.7919193654554215,0.0,cash
2019-05-16,0.0001211499702025165,13.536387224537785,0.0001211499702025165,7.792863356254367,0.0,cash
2019-05-17,0.0001211499702025165,13.538027157446688,0.0001211499702025165,7.79380746141777,0.0,cash
2019-05-20,0.0001211499702025165,13.539667289033414,0.0001211499702025165,7.794751680959485,0.0,cash
2019-05-21,0.0001211499702025165,13.541307619322032,0.0001211499702025165,7.79569601489337,0.0,cash
2019-05-22,0.0001211499702025165,13.542948148336615,0.0001211499702025165,7.796640463233282,0.0,cash
2019-05-23,0.0001211499702025165,13.54458887610124,0.0001211499702025165,7.797585025993082,0.0,cash
2019-05-24,0.0001211499702025165,13.546229802639985,0.0001211499702025165,7.798529703186633,0.0,cash
2019-05-27,0.0001211499702025165,13.54787092797693,0.0001211499702025165,7.799474494827797,0.0,cash
2019-05-28,0.0001211499702025165,13.549512252136163,0.0001211499702025165,7.8004194009304415,0.0,cash
2019-05-29,0.0001211499702025165,13.551153775141767,0.0001211499702025165,7.801364421508431,0.0,cash
2019-05-30,0.0001211499702025165,13.552795497017835,0.0001211499702025165,7.8023095565756355,0.0,cash
2019-05-31,0.0001211499702025165,13.55443741778846,0.0001211499702025165,7.803254806145925,0.0,cash
2019-06-03,0.0001211499702025165,13.556079537477737,0.0001211499702025165,7.804200170233172,0.0,cash
2019-06-04,0.0001211499702025165,13.557721856109765,0.0001211499702025165,7.8051456488512505,0.0,cash
2019-06-05,0.0001211499702025165,13.559364373708647,0.0001211499702025165,7.806091242014035,0.0,cash
2019-06-06,0.0001211499702025165,13.561007090298487,0.0001211499702025165,7.807036949735403,0.0,cash
2019-06-10,0.0001211499702025165,13.562650005903393,0.0001211499702025165,7.807982772029233,0.0,cash
2019-06-11,0.0001211499702025165,13.564293120547475,0.0001211499702025165,7.808928708909407,0.0,cash
2019-06-12,0.0001211499702025165,13.565936434254848,0.0001211499702025165,7.809874760389804,0.0,cash
2019-06-13,0.0001211499702025165,13.567579947049627,0.0001211499702025165,7.810820926484311,0.0,cash
2019-06-14,0.0001211499702025165,13.569223658955933,0.0001211499702025165,7.811767207206812,0.0,cash
2019-06-17,-0.0013778130206065775,13.550527805919101,-0.0013790317547527353,7.800994532167338,1.5,1.H00016
2019-06-18,0.006778487259632815,13.642379886012824,0.00678512786354446,7.853925277530904,1.5,1.H00016
2019-06-19,0.025046663449153517,13.984075983663288,0.025046663449153517,8.05063990071202,1.5,1.H00016
2019-06-20,0.05269356144596937,14.720946750773555,0.05269356144596937,8.474856788999562,1.5,1.H00016
2019-06-21,-0.002027804852930859,14.6910955435126,-0.002027804852930859,8.457671433274934,1.5,1.H00016
2019-06-24,0.005567462876244544,14.772887672562467,0.005567462876244544,8.504759204999166,1.5,1.H00016
2019-06-25,-0.020096498623097814,14.476004355791636,-0.020096498623097814,8.333843323346121,1.5,1.H00016
2019-06-26,-0.0027987036107230967,14.435490310132238,-0.0027987036107230967,8.310519365945872,1.5,1.H00016
2019-06-27,0.017448174460356736,14.687363263484214,0.017448174460356736,8.455522757699068,1.5,1.H00016
2019-06-28,-0.004055022666006547,14.627805672546913,-0.004055022666006547,8.421235421263665,1.5,0.399606
2019-07-01,0.05671447403204244,15.457413977508338,0.05671447403204244,8.89884135888064,1.5,0.399606
2019-07-02,0.0022373220909077673,15.491997191268524,0.0022373220909077673,8.918750933236348,1.5,0.399606
2019-07-03,-0.025044855897291995,15.104002354051952,-0.025044855897291995,8.695382101329605,1.5,0.399606
2019-07-04,-0.011339463880821521,14.932731064902336,-0.011339463880821521,8.596781130061636,1.5,0.399606
2019-07-05,0.015057807431609893,15.157585253705655,0.013535220720462426,8.713140460142526,0.0,cash
2019-07-08,-0.039839051922048174,14.553721427770403,0.0001211499702025165,8.714196056849643,0.0,cash
2019-07-09,0.01123225745257539,14.717192573740183,0.0001211499702025165,8.71525178144227,0.0,cash
2019-07-10,-0.007226478789408519,14.610839093766408,0.0001211499702025165,8.716307633935898,0.0,cash
2019-07-11,0.0037563388123356134,14.665722355735113,0.0001211499702025165,8.717363614346025,0.0,cash
2019-07-12,0.0038030542569003067,14.72149689357061,0.0001211499702025165,8.718419722688148,0.0,cash
2019-07-15,0.028978155824520346,15.148098724522692,0.0001211499702025165,8.719475958977766,0.0,cash
2019-07-16,-0.002157795248418859,15.115412229072337,0.0001211499702025165,8.720532323230378,0.0,cash
2019-07-17,0.003258951537052912,15.16467262498946,0.0001211499702025165,8.721588815461487,0.0,cash
2019-07-18,0.0001211499702025165,15.16650982462611,0.0001211499702025165,8.7226454356866,0.0,cash
2019-07-19,0.0001211499702025165,15.168347246839438,0.0001211499702025165,8.72370218392122,0.0,cash
2019-07-22,0.0001211499702025165,15.170184891656415,0.0001211499702025165,8.724759060180858,0.0,cash
2019-07-23,0.0001211499702025165,15.172022759104006,0.0001211499702025165,8.725816064481023,0.0,cash
2019-07-24,0.0001211499702025165,15.173860849209184,0.0001211499702025165,8.726873196837227,0.0,cash
2019-07-25,0.0001211499702025165,15.175699161998923,0.0001211499702025165,8.727930457264986,0.0,cash
2019-07-26,0.0001211499702025165,15.1775376975002,0.0001211499702025165,8.728987845779812,0.0,cash
2019-07-29,0.0001211499702025165,15.17937645574,0.0001211499702025165,8.730045362397227,0.0,cash
2019-07-30,0.0001211499702025165,15.181215436745306,0.0001211499702025165,8.731103007132749,0.0,cash
2019-07-31,0.0001211499702025165,15.183054640543107,0.0001211499702025165,8.732160780001898,0.0,cash
2019-08-01,-0.0013790317547527353,15.162116726059653,0.0001211499702025165,8.7332186810202,0.0,cash
2019-08-02,-0.017856567488607977,14.891373365470617,0.0001211499702025165,8.734276710203178,0.0,cash
2019-08-05,0.0001211499702025165,14.893177454910118,0.0001211499702025165,8.73533486756636,0.0,cash
2019-08-06,0.0001211499702025165,14.894981762915002,0.0001211499702025165,8.736393153125274,0.0,cash
2019-08-07,0.0001211499702025165,14.896786289511747,0.0001211499702025165,8.737451566895453,0.0,cash
2019-08-08,0.0001211499702025165,14.898591034726834,0.0001211499702025165,8.738510108892429,0.0,cash
2019-08-09,0.0001211499702025165,14.90039599858675,0.0001211499702025165,8.739568779131735,0.0,cash
2019-08-12,0.0001211499702025165,14.902201181117984,0.0001211499702025165,8.74062757762891,0.0,cash
2019-08-13,0.0001211499702025165,14.904006582347028,0.0001211499702025165,8.74168650439949,0.0,cash
2019-08-14,0.0001211499702025165,14.905812202300378,0.0001211499702025165,8.742745559459019,0.0,cash
2019-08-15,0.0001211499702025165,14.90761804100453,0.0001211499702025165,8.743804742823036,0.0,cash
2019-08-16,0.0001211499702025165,14.909424098485989,0.0001211499702025165,8.744864054507085,0.0,cash
2019-08-19,0.0001211499702025165,14.911230374771257,0.0001211499702025165,8.745923494526714,0.0,cash
2019-08-20,0.0001211499702025165,14.913036869886843,0.0001211499702025165,8.746983062897469,0.0,cash
2019-08-21,0.0001211499702025165,14.914843583859259,0.0001211499702025165,8.7480427596349,0.0,cash
2019-08-22,0.0001211499702025165,14.916650516715018,0.0001211499702025165,8.74910258475456,0.0,cash
2019-08-23,0.0001211499702025165,14.91845766848064,0.0001211499702025165,8.750162538272003,0.0,cash
2019-08-26,0.0001211499702025165,14.920265039182643,0.0001211499702025165,8.751222620202782,0.0,cash
2019-08-27,0.0001211499702025165,14.922072628847554,0.0001211499702025165,8.752282830562455,0.0,cash
2019-08-28,0.0001211499702025165,14.923880437501898,0.0001211499702025165,8.753343169366582,0.0,cash
2019-08-29,0.0001211499702025165,14.925688465172207,0.0001211499702025165,8.754403636630723,0.0,cash
2019-08-30,0.0001211499702025165,14.927496711885015,0.0001211499702025165,8.755464232370441,0.0,cash
2019-09-02,-0.0013790317547527353,14.906911219900358,-0.0013790317547527353,8.7433901691664,1.5,1.H00852
2019-09-03,0.011087992189406481,15.07219893507479,0.011087992189406481,8.840336811071051,1.5,1.H00852
2019-09-04,0.01048274055631504,15.230196886124347,0.01048274055631504,8.93300776829195,1.5,1.H00852
2019-09-05,0.014083372538803651,15.444689422710963,0.014083372538803651,9.058814644584833,1.5,1.H00852
2019-09-06,0.006241419025188488,15.541086201112,0.006241419025188488,9.1153545026532,1.5,1.H00852
2019-09-09,0.03663731971417672,16.110469944967722,0.03663731971417672,9.449316659874967,1.5,1.H00852
2019-09-10,0.0032411647107504216,16.162686631626958,0.0032411647107504216,9.479943451573659,1.5,1.H00852
2019-09-11,-0.012928194661660397,15.953732272597868,-0.012928194661660397,9.357384897250181,1.5,1.H00852
2019-09-12,0.007083736943954699,16.06674431529123,0.007083736943954699,9.423670150345636,1.5,1.H00852
2019-09-16,0.009140885152704836,16.213608579855183,0.009140885152704836,9.509810836906919,1.5,1.H00852
2019-09-17,-0.03604999292209443,15.629108105309795,-0.03604999292209443,9.166982223545967,1.5,1.H00852
2019-09-18,-0.001791469161987469,15.601109040109764,-0.001791469161987469,9.150559857583996,1.5,1.H00852
2019-09-19,0.017583434758403182,15.875430123075267,0.01605705960626569,9.297490942647924,0.0,cash
2019-09-20,0.0015918997087640552,15.900702215664694,0.0001211499702025165,9.298617333398584,0.0,cash
2019-09-23,-0.014979196126880368,15.662522478621131,0.0001211499702025165,9.29974386061145,0.0,cash
2019-09-24,0.007507875530694985,15.780114747887332,0.0001211499702025165,9.300870524303054,0.0,cash
2019-09-25,-0.029118499231803652,15.320621488723202,0.0001211499702025165,9.30199732448993,0.0,cash
2019-09-26,-0.05059575401351535,14.545463092545585,0.0001211499702025165,9.303124261188616,0.0,cash
2019-09-27,0.0001211499702025165,14.547225274965829,0.0001211499702025165,9.30425133441565,0.0,cash
2019-09-30,0.0001211499702025165,14.54898767087442,0.0001211499702025165,9.30537854418757,0.0,cash
2019-10-08,0.0001211499702025165,14.550750280297223,0.0001211499702025165,9.306505890520922,0.0,cash
2019-10-09,0.0001211499702025165,14.552513103260106,0.0001211499702025165,9.307633373432248,0.0,cash
2019-10-10,0.0001211499702025165,14.554276139788938,0.0001211499702025165,9.308760992938096,0.0,cash
2019-10-11,0.0001211499702025165,14.556039389909593,0.0001211499702025165,9.309888749055013,0.0,cash
2019-10-14,0.0001211499702025165,14.557802853647948,0.0001211499702025165,9.311016641799549,0.0,cash
2019-10-15,0.0001211499702025165,14.559566531029882,0.0001211499702025165,9.312144671188259,0.0,cash
2019-10-16,0.0001211499702025165,14.561330422081278,0.0001211499702025165,9.313272837237694,0.0,cash
2019-10-17,0.0001211499702025165,14.563094526828023,0.0001211499702025165,9.314401139964414,0.0,cash
2019-10-18,0.0001211499702025165,14.564858845296005,0.0001211499702025165,9.315529579384975,0.0,cash
2019-10-21,0.0001211499702025165,14.566623377511116,0.0001211499702025165,9.316658155515938,0.0,cash
2019-10-22,0.0001211499702025165,14.568388123499252,0.0001211499702025165,9.317786868373865,0.0,cash
2019-10-23,0.0001211499702025165,14.570153083286312,0.0001211499702025165,9.318915717975322,0.0,cash
2019-10-24,0.0001211499702025165,14.571918256898199,0.0001211499702025165,9.320044704336874,0.0,cash
2019-10-25,0.0001211499702025165,14.573683644360816,0.0001211499702025165,9.321173827475091,0.0,cash
2019-10-28,0.0001211499702025165,14.57544924570007,0.0001211499702025165,9.322303087406542,0.0,cash
2019-10-29,0.0001211499702025165,14.577215060941876,0.0001211499702025165,9.3234324841478,0.0,cash
2019-10-30,0.0001211499702025165,14.578981090112144,0.0001211499702025165,9.32456201771544,0.0,cash
2019-10-31,-0.0013790317547527353,14.55887621223694,-0.0013790317547527353,9.31170315059385,1.5,0.399606
2019-11-01,0.014018779831654449,14.762973892452601,0.014018779831654449,9.442241866919748,1.5,0.399606
2019-11-04,0.011426864403134562,14.931668393308673,0.009909724106530016,9.53581187876805,0.0,cash
2019-11-05,0.01174103090315537,15.106981573350179,0.0001211499702025165,9.536967142093019,0.0,cash
2019-11-06,-0.009056375838208508,14.970167070441029,0.0001211499702025165,9.538122545378107,0.0,cash
2019-11-07,0.011001556625044318,15.13486221115286,0.0001211499702025165,9.539278088640268,0.0,cash
2019-11-08,-0.0038728981817066632,15.076246430814905,0.0001211499702025165,9.54043377189646,0.0,cash
2019-11-11,-0.03489507023478089,14.550159752734753,0.0001211499702025165,9.541589595163645,0.0,cash
2019-11-12,0.0001211499702025165,14.55192250415524,0.0001211499702025165,9.542745558458783,0.0,cash
2019-11-13,0.0001211499702025165,14.553685469133008,0.0001211499702025165,9.543901661798841,0.0,cash
2019-11-14,0.0001211499702025165,14.55544864769393,0.0001211499702025165,9.545057905200784,0.0,cash
2019-11-15,0.0001211499702025165,14.557212039863883,0.0001211499702025165,9.546214288681579,0.0,cash
2019-11-18,0.0001211499702025165,14.558975645668744,0.0001211499702025165,9.5473708122582,0.0,cash
2019-11-19,0.0001211499702025165,14.560739465134395,0.0001211499702025165,9.548527475947617,0.0,cash
2019-11-20,0.0001211499702025165,14.562503498286722,0.0001211499702025165,9.549684279766806,0.0,cash
2019-11-21,0.0001211499702025165,14.564267745151612,0.0001211499702025165,9.550841223732743,0.0,cash
2019-11-22,0.0001211499702025165,14.56603220575496,0.0001211499702025165,9.551998307862407,0.0,cash
2019-11-25,0.0001211499702025165,14.567796880122655,0.0001211499702025165,9.553155532172779,0.0,cash
2019-11-26,0.0001211499702025165,14.569561768280598,0.0001211499702025165,9.554312896680841,0.0,cash
2019-11-27,0.0001211499702025165,14.571326870254689,0.0001211499702025165,9.55547040140358,0.0,cash
2019-11-28,0.0001211499702025165,14.57309218607083,0.0001211499702025165,9.556628046357982,0.0,cash
2019-11-29,0.0001211499702025165,14.574857715754932,0.0001211499702025165,9.557785831561034,0.0,cash
2019-12-02,0.0001211499702025165,14.576623459332902,0.0001211499702025165,9.55894375702973,0.0,cash
2019-12-03,0.0001211499702025165,14.578389416830653,0.0001211499702025165,9.560101822781062,0.0,cash
2019-12-04,0.0001211499702025165,14.580155588274103,0.0001211499702025165,9.561260028832026,0.0,cash
2019-12-05,0.0001211499702025165,14.58192197368917,0.0001211499702025165,9.562418375199616,0.0,cash
2019-12-06,0.0001211499702025165,14.583688573101778,0.0001211499702025165,9.563576861900836,0.0,cash
2019-12-09,-0.0013790317547527353,14.563577203458046,-0.0013790317547527353,9.550388385719257,1.5,1.H00905
2019-12-10,0.007277722932315545,14.6695668832482,0.007277722932315545,9.619893466286527,1.5,1.H00905
2019-12-11,-0.006530374680454143,14.573769115100607,-0.006530374680454143,9.557071957565624,1.5,1.H00905
2019-12-12,-0.004618316970674385,14.506462829869648,-0.004618316970674385,9.512934369954042,1.5,1.H00905
2019-12-13,0.01534597233597168,14.72907860714963,0.01534597233597168,9.658919597629271,1.5,1.H00852
2019-12-16,0.02812260531777966,15.143298671513051,0.02812260531777966,9.930553581269567,1.5,1.H00852
2019-12-17,0.018735384405245137,15.427014193287286,0.018735384405245137,10.116606319971536,1.5,1.H00852
2019-12-18,-0.0005556311249702572,15.418442464036138,-0.0005556311249702572,10.110985218621089,1.5,1.H00852
2019-12-19,0.0065230802549252065,15.519018201634992,0.0065230802549252065,10.176939986658516,1.5,1.H00852
2019-12-20,-0.01809839759857912,15.238148839882216,-0.01809839759857912,9.99275368044309,1.5,1.H00852
2019-12-23,-0.033890037743306234,14.72172740056049,-0.033890037743306234,9.654098881053311,1.5,1.H00852
2019-12-24,0.026341423760499083,15.109518660505204,0.026341423760499083,9.908401590704896,1.5,1.H00852
2019-12-25,0.008899438598394926,15.243984894075671,0.008899438598394926,9.996580802269612,1.5,1.H00852
2019-12-26,0.010633673480638706,15.40608445198306,0.009117722970417796,10.087726856676104,0.0,cash
2019-12-27,-0.01216480966563982,15.218672366931914,-0.0013790317547527353,10.073815561007477,1.5,1.H00852
2019-12-30,0.008431898957964368,15.346994674604248,0.008431898957964368,10.158756955939062,1.5,1.H00852
2019-12-31,0.009986835418979378,15.500262584595474,0.009986835418979378,10.260210789719437,1.5,1.H00852
2020-01-02,0.02945053538429865,15.956753616309022,0.02945053538429865,10.562379490632432,1.5,1.H00852
2020-01-03,0.007731518029019835,16.080123544578143,0.007731518029019835,10.644042718093607,1.5,1.H00852
2020-01-06,0.015367362843997201,16.32723263766398,0.015367362843997201,10.807613584669557,1.5,1.H00852
2020-01-07,0.022740575709102817,16.69852330758091,0.022740575709102817,11.053384939626463,1.5,1.H00852
2020-01-08,-0.020536757145891427,16.355589789718113,-0.020536757145891427,10.826384257481301,1.5,1.H00852
2020-01-09,0.023769833430421716,16.74435943467602,0.023769833430421716,11.08372560793537,1.5,1.H00852
2020-01-10,-0.0032045913729598086,16.69070060488592,-0.0032045913729598086,11.048206796471927,1.5,1.H00852
2020-01-13,0.01912177201653087,17.00985637664872,0.01912177201653087,11.25946808802555,1.5,1.H00852
2020-01-14,-0.0032537102928384964,16.954511231876314,-0.0032537102928384964,11.222833040815654,1.5,1.H00852
2020-01-15,-0.00021138251228181026,16.95092734469761,-0.00021138251228181026,11.220460730172567,1.5,1.H00852
2020-01-16,-0.0029474155482354103,16.90096591788484,-0.0029474155482354103,11.187389369758092,1.5,1.H00852
2020-01-17,-0.008818436906767091,16.75192581627455,-0.008818436906767091,11.088734082449443,1.5,0.399606
2020-01-20,0.03848434626720998,17.396612730030675,0.03692661974780931,11.498203549396628,0.0,cash
2020-01-21,-0.011523002896615342,17.196151511151236,0.0001211499702025165,11.49959655641402,0.0,cash
2020-01-22,0.020431425785909063,17.54749340455457,0.0001211499702025165,11.500989732194169,0.0,cash
2020-01-23,-0.04983357776611441,16.67303902737832,-0.0013790317547527353,11.485129502142389,1.5,0.399606
2020-02-03,-0.10408869801321985,14.937564103094909,-0.10408869801321985,10.289657325751168,0.0,cash
2020-02-04,-0.0013790317547527353,14.916964727858087,-0.0013790317547527353,10.275467561553434,1.5,1.H11077
2020-02-05,-0.001584552227040792,14.89332801817787,-0.001584552227040792,10.25918554654489,1.5,1.H11077
2020-02-06,0.0008547413075288279,14.906057960841583,0.0008547413075288279,10.267954496213125,1.5,1.H11077
2020-02-07,0.0026836993068082293,14.946061338258337,0.0026836993068082293,10.295510598576952,1.5,1.H11077
2020-02-10,0.0017656001924435394,14.972450107033438,0.0017656001924435394,10.313688354071104,1.5,1.H11077
2020-02-11,-0.0008712214756776415,14.95940578695668,-0.0008712214756776415,10.304702847283592,1.5,1.H11077
2020-02-12,-0.005486347974576367,14.877333281316544,-0.005486347974576367,10.248167661688786,1.5,0.399606
2020-02-13,-0.014938185839893148,14.65509291195821,-0.014938185839893148,10.095078628640096,1.5,0.399606
2020-02-14,0.0033001059659900633,14.703456271509102,0.0033001059659900633,10.12839345784961,1.5,0.399606
2020-02-17,0.055727076010542165,15.522836896769173,0.055727076010542165,10.692819209939874,1.5,0.399606
2020-02-18,0.017256799805111633,15.79071138550412,0.017256799805111633,10.877343050398057,1.5,0.399606
2020-02-19,-0.021836817813676968,15.445892497830512,-0.021836817813676968,10.639816491909649,1.5,0.399606
2020-02-20,0.03310159400239998,15.957176160298413,0.03310159400239998,10.992011377684882,1.5,0.399606
2020-02-21,0.027307663981314567,16.392929364974485,0.027312755631850205,11.292233498346107,1.5,0.399606
2020-02-24,0.024986060153625367,16.80252408418187,0.025085332579104502,11.575502931213023,1.5,0.399606
2020-02-25,0.012200870916853512,17.007529511610294,0.012361263700167768,11.718590775407812,1.5,1.H00852
2020-02-26,-0.04245450435817799,16.285483275837795,-0.043443360774576334,11.209495808582147,1.5,1.H00852
2020-02-27,0.0023066302675842643,16.323047864484078,0.002412030014756761,11.236533448922737,1.5,1.H00852
2020-02-28,-0.08203571880800664,14.983974899783629,-0.08698031626584812,10.259176215803656,1.5,1.H00852
2020-03-02,0.05822836065103032,15.856467194234217,0.0617301829052912,10.892477040062829,1.3553154297066272,1.H00852
2020-03-03,0.017067736100848885,16.127101191797173,0.0181773479917009,11.090473385711663,1.2922896014988303,1.H00852
2020-03-04,0.005991434348494806,16.223725659819358,0.006351912268563353,11.16091909967454,1.2893522811994704,1.H00852
2020-03-05,0.01739744686747491,16.505977064978556,0.018456603264007443,11.366911755558917,1.2902612328868404,1.H00852
2020-03-06,-0.0061194881805617385,16.404968933420797,-0.006499988554860003,11.29302695924368,1.2846294667067781,1.H20955
2020-03-09,-0.023500469941108548,16.019444454116123,-0.024920273947143023,11.011601633726855,1.2838652206600012,1.H20955
2020-03-10,0.015755179628381466,16.271833679037602,0.015378018177867547,11.180938243817742,0.0,cash
2020-03-11,-0.01342088923037943,16.05345120165608,0.0001211499702025165,11.182292814152817,0.0,cash
2020-03-12,0.0001211499702025165,16.05539607679081,0.0001211499702025165,11.183647548594047,0.0,cash
2020-03-13,0.0001211499702025165,16.057341187547102,0.0001211499702025165,11.185002447161315,0.0,cash
2020-03-16,0.0001211499702025165,16.059286533953504,0.0001211499702025165,11.186357509874505,0.0,cash
2020-03-17,0.0001211499702025165,16.061232116038568,0.0001211499702025165,11.1877127367535,0.0,cash
2020-03-18,0.0001211499702025165,16.06317793383084,0.0001211499702025165,11.189068127818192,0.0,cash
2020-03-19,0.0001211499702025165,16.06512398735888,0.0001211499702025165,11.190423683088472,0.0,cash
2020-03-20,0.0001211499702025165,16.06707027665125,0.0001211499702025165,11.191779402584231,0.0,cash
2020-03-23,0.0001211499702025165,16.06901680173651,0.0001211499702025165,11.193135286325367,0.0,cash
2020-03-24,0.0001211499702025165,16.070963562643225,0.0001211499702025165,11.194491334331778,0.0,cash
2020-03-25,0.0001211499702025165,16.072910559399965,0.0001211499702025165,11.195847546623364,0.0,cash
2020-03-26,0.0001211499702025165,16.074857792035303,0.0001211499702025165,11.19720392322003,0.0,cash
2020-03-27,0.0001211499702025165,16.076805260577817,0.0001211499702025165,11.19856046414168,0.0,cash
2020-03-30,0.0001211499702025165,16.078752965056086,0.0001211499702025165,11.199917169408222,0.0,cash
2020-03-31,0.0001211499702025165,16.080700905498695,0.0001211499702025165,11.201274039039566,0.0,cash
2020-04-01,0.0001211499702025165,16.082649081934232,0.0001211499702025165,11.202631073055626,0.0,cash
2020-04-02,0.0001211499702025165,16.084597494391286,0.0001211499702025165,11.203988271476316,0.0,cash
2020-04-03,0.0001211499702025165,16.086546142898452,0.0001211499702025165,11.205345634321555,0.0,cash
2020-04-07,0.0001211499702025165,16.088495027484328,0.0001211499702025165,11.206703161611262,0.0,cash
2020-04-08,0.0001211499702025165,16.09044414817751,0.0001211499702025165,11.20806085336536,0.0,cash
2020-04-09,0.0001211499702025165,16.09239350500661,0.0001211499702025165,11.209418709603774,0.0,cash
2020-04-10,0.0001211499702025165,16.094343098000227,0.0001211499702025165,11.21077673034643,0.0,cash
2020-04-13,0.0001211499702025165,16.09629292718698,0.0001211499702025165,11.212134915613259,0.0,cash
2020-04-14,-0.0010903438617098082,16.078742432997537,-0.0011441275083433622,11.199306803629048,1.2651242087856616,1.H00016
2020-04-15,-0.009259073315445066,15.929868177990254,-0.00967567725430818,11.090945925525155,1.2658418421080384,1.H00016
2020-04-16,0.001626135108152349,15.955772295902724,0.0016938261462069448,11.109732059719976,1.2667315854600603,1.H00016
2020-04-17,0.017854117942825987,16.240648536342647,0.018634065877152883,11.316751538798314,1.2773252916636506,1.H00016
2020-04-20,0.004637323919272518,16.315961684264728,0.004836781998655448,11.37148819892443,1.2753880273148754,1.H00016
2020-04-21,-0.01530179946702881,16.066298110460384,-0.015982106248335404,11.189747866327528,1.2752910182172335,1.H00016
2020-04-22,0.008609684038321408,16.204623860856927,0.008984050950236133,11.290277131278911,1.2688566424325824,1.H00016
2020-04-23,-0.0028825572580807313,16.157913104732344,-0.0030137193562503883,11.256251404550945,1.2740061248218741,1.H00016
2020-04-24,-0.00947870301848397,16.004757045014117,-0.009905720782477423,11.144750121080094,1.2946332479177154,1.H00016
2020-04-27,0.012979607821385075,16.21249251473495,0.013575040257013615,11.296040552628114,1.3010438069106307,1.H00016
2020-04-28,0.008799076637074688,16.355147478850103,0.009197476928421544,11.399935624993425,1.2987093528635438,1.H00016
2020-04-29,0.008618372047954903,16.496102224722005,0.007697962607882802,11.487691903166896,0.0,cash
2020-04-30,0.007430947445721037,16.618683893413156,0.0001211499702025165,11.48908363669866,0.0,cash
2020-05-06,0.000812572081132279,16.632187771970106,0.0001211499702025165,11.4904755388389,0.0,cash
2020-05-07,-0.004121757349545119,16.56363392978197,0.0001211499702025165,11.491867609608043,0.0,cash
2020-05-08,0.011223628811289021,16.749538008775918,0.0001211499702025165,11.493259849026519,0.0,cash
2020-05-11,-0.0005427008309232262,16.740448020580974,0.0001211499702025165,11.494652257114758,0.0,cash
2020-05-12,-0.0035212731157868715,16.681500331019876,0.0001211499702025165,11.496044833893196,0.0,cash
2020-05-13,0.009744134046839825,16.844047106347737,0.0001211499702025165,11.497437579382268,0.0,cash
2020-05-14,-0.0135554097331273,16.615719146257096,0.0001211499702025165,11.498830493602416,0.0,cash
2020-05-15,0.004484083810680328,16.69022542348364,0.0001211499702025165,11.50022357657408,0.0,cash
2020-05-18,-0.005698177359858114,16.595121558844617,-0.0012211559719320642,11.486180009874992,1.3421433415086839,0.399606
2020-05-19,0.017623966311566708,16.88759342213405,0.018570683010703082,11.699486217842255,1.3482394427803042,0.399606
2020-05-20,-0.015357380101567397,16.62824423094961,-0.01620945071975599,11.509843972547676,1.3413521772724863,0.399606
2020-05-21,-0.011099473498905166,16.44367947477486,-0.01171600864077027,11.37499454111139,1.3347237941807957,0.399606
2020-05-22,-0.03296591878671129,15.90159847265472,-0.0347522737561371,10.97968761684412,0.0,cash
2020-05-25,0.0001211499702025165,15.903524950835855,0.0001211499702025165,10.981017805671735,0.0,cash
2020-05-26,0.0001211499702025165,15.905451662409764,0.0001211499702025165,10.982348155651685,0.0,cash
2020-05-27,0.0001211499702025165,15.907378607404722,0.0001211499702025165,10.983678666803495,0.0,cash
2020-05-28,0.0001211499702025165,15.909305785849009,0.0001211499702025165,10.985009339146693,0.0,cash
2020-05-29,0.0001211499702025165,15.911233197770907,0.0001211499702025165,10.986340172700805,0.0,cash
2020-06-01,0.0001211499702025165,15.913160843198701,0.0001211499702025165,10.987671167485363,0.0,cash
2020-06-02,0.0001211499702025165,15.915088722160682,0.0001211499702025165,10.989002323519898,0.0,cash
2020-06-03,0.0001211499702025165,15.917016834685143,0.0001211499702025165,10.990333640823948,0.0,cash
2020-06-04,0.0001211499702025165,15.918945180800378,0.0001211499702025165,10.99166511941705,0.0,cash
2020-06-05,0.0001211499702025165,15.920873760534688,0.0001211499702025165,10.992996759318743,0.0,cash
2020-06-08,-0.0013790317547527353,15.898918370055501,-0.0013790317547527353,10.977837067707748,1.5,1.H00852
2020-06-09,0.010315414938757428,16.062922310120058,0.010315414938757428,11.091078012191225,1.5,1.H00852
2020-06-10,0.0018272054260766168,16.092272568923757,0.0018272054260766168,11.11134369011614,1.5,1.H00852
2020-06-11,-0.005267235841103779,16.00751077408391,-0.005267235841103779,11.052817622388737,1.5,1.H00852
2020-06-12,0.0013963837382378053,16.02986340181851,0.0013963837382378053,11.06825159717835,1.5,1.H00852
2020-06-15,-0.0035028536293132406,15.973713136624054,-0.0035028536293132406,11.02948113190102,1.5,0.399606
2020-06-16,0.027899280146504335,16.419368234402626,0.027899280146504335,11.33719571587051,1.5,0.399606
2020-06-17,0.0023118027758917137,16.457326575465306,0.0023118027758917137,11.363405076397289,1.5,0.399606
2020-06-18,0.0013143562683364252,16.47895736580983,0.0013143562683364252,11.378340639089098,1.5,0.399606
2020-06-19,0.035342701847294045,17.061368242743917,0.035342701847294045,11.780481939813374,1.5,0.399606
2020-06-22,0.015122302746678251,17.319375418583252,0.015122302746678251,11.958629954209007,1.5,0.399606
2020-06-23,0.025049030435384978,17.7532089805652,0.023511456889731885,12.23979476683765,0.0,cash
2020-06-24,0.00022451820473512463,17.757194899173804,0.0001211499702025165,12.241277617608937,0.0,cash
2020-06-29,-0.00631955668322115,17.64497729947347,0.0001211499702025165,12.24276064802755,0.0,cash
2020-06-30,0.04147307930064703,18.37676884227265,0.0001211499702025165,12.244243858115256,0.0,cash
2020-07-01,-0.011288467352068565,18.169323287160143,-0.0013790317547527353,12.227358657021979,1.5,0.399606
2020-07-02,0.0029210325885717925,18.222396472594234,0.0029210325885717925,12.263075170131295,1.5,0.399606
2020-07-03,0.023575760361849163,18.65200332505072,0.023575760361849163,12.552186491641653,1.5,0.399606
2020-07-06,0.04070010726998596,19.411141861180422,0.04070010726998596,13.063061828324336,1.5,0.399606
2020-07-07,0.03347545843429511,20.060938733716572,0.03347545843429511,13.500353811583034,1.5,1.H00016
2020-07-08,0.021328621978640827,20.488810912504686,0.021328621978640827,13.788297754608191,1.5,1.H00016
2020-07-09,0.005219154303246265,20.595745178147084,0.005219154303246265,13.860261008168596,1.5,1.H00016
2020-07-10,-0.035600281206369266,19.862530858150322,-0.035600281206369266,13.366831818684119,1.5,1.H00016
2020-07-13,0.018904592386279617,20.238023907783553,0.018904592386279617,13.619526325712295,1.5,1.H00016
2020-07-14,-0.019741821720570485,19.838488447819447,-0.019741821720570485,13.350652065071467,1.5,0.399606
2020-07-15,-0.025336881284761636,19.33584302114793,-0.025336881284761636,13.012388178624594,0.0,cash
2020-07-16,0.0001211499702025165,19.338185557953782,0.0001211499702025165,13.013964629064699,0.0,cash
2020-07-17,-0.0013790317547527353,19.311517585990064,-0.0013790317547527353,12.99601795858599,1.5,0.399606
2020-07-20,0.01960337090629194,19.690088427991608,0.01960337090629194,13.250783718932981,1.5,0.399606
2020-07-21,0.018679731592613935,20.057893994861324,0.02021234904235203,13.518613184544769,0.0,cash
2020-07-22,0.010013936271502821,20.258752467066426,0.0001211499702025165,13.520250964129255,0.0,cash
2020-07-23,-0.0012186379744166809,20.23406438199575,0.0001211499702025165,13.52188894213069,0.0,cash
2020-07-24,-0.07061722414121707,18.805190922244538,0.0001211499702025165,13.523527118573112,0.0,cash
2020-07-27,-0.0011190911775932344,18.7841461989905,0.0001211499702025165,13.52516549348056,0.0,cash
2020-07-28,0.0001211499702025165,18.786421897742787,0.0001211499702025165,13.52680406687708,0.0,cash
2020-07-29,0.0001211499702025165,18.78869787219591,0.0001211499702025165,13.528442838786718,0.0,cash
2020-07-30,0.0001211499702025165,18.790974122383272,0.0001211499702025165,13.530081809233524,0.0,cash
2020-07-31,0.0001211499702025165,18.793250648338276,0.0001211499702025165,13.53172097824155,0.0,cash
2020-08-03,0.0001211499702025165,18.79552745009433,0.0001211499702025165,13.533360345834852,0.0,cash
2020-08-04,0.0001211499702025165,18.79780452768485,0.0001211499702025165,13.53499991203749,0.0,cash
2020-08-05,0.0001211499702025165,18.800081881143253,0.0001211499702025165,13.536639676873524,0.0,cash
2020-08-06,0.0001211499702025165,18.80235951050296,0.0001211499702025165,13.53827964036702,0.0,cash
2020-08-07,0.0001211499702025165,18.804637415797394,0.0001211499702025165,13.539919802542043,0.0,cash
2020-08-10,0.0001211499702025165,18.806915597059987,0.0001211499702025165,13.541560163422666,0.0,cash
2020-08-11,0.0001211499702025165,18.809194054324173,0.0001211499702025165,13.54320072303296,0.0,cash
2020-08-12,0.0001211499702025165,18.811472787623387,0.0001211499702025165,13.544841481397002,0.0,cash
2020-08-13,0.0001211499702025165,18.813751796991074,0.0001211499702025165,13.546482438538872,0.0,cash
2020-08-14,0.0001211499702025165,18.816031082460675,0.0001211499702025165,13.54812359448265,0.0,cash
2020-08-17,0.0001211499702025165,18.818310644065644,0.0001211499702025165,13.549764949252422,0.0,cash
2020-08-18,-0.0013790317547527353,18.792359596116675,0.0001211499702025165,13.551406502872275,0.0,cash
2020-08-19,-0.0046298818139483,18.705353192181438,0.0001211499702025165,13.553048255366301,0.0,cash
2020-08-20,-0.017851426806987813,18.371435948772355,0.0001211499702025165,13.554690206758591,0.0,cash
2020-08-21,0.010220551942204947,18.559202164139673,0.0001211499702025165,13.556332357073245,0.0,cash
2020-08-24,-0.0010355888838879945,18.53998246068466,0.0001211499702025165,13.55797470633436,0.0,cash
2020-08-25,0.0001211499702025165,18.542228579007325,0.0001211499702025165,13.559617254566039,0.0,cash
2020-08-26,0.0001211499702025165,18.544474969447162,0.0001211499702025165,13.561260001792387,0.0,cash
2020-08-27,0.0001211499702025165,18.54672163203713,0.0001211499702025165,13.562902948037513,0.0,cash
2020-08-28,0.0001211499702025165,18.548968566810206,0.0001211499702025165,13.564546093325527,0.0,cash
2020-08-31,0.0001211499702025165,18.551215773799363,0.0001211499702025165,13.566189437680544,0.0,cash
2020-09-01,0.0001211499702025165,18.55346325303758,0.0001211499702025165,13.567832981126681,0.0,cash
2020-09-02,0.0001211499702025165,18.55571100455784,0.0001211499702025165,13.569476723688057,0.0,cash
2020-09-03,0.0001211499702025165,18.557959028393128,0.0001211499702025165,13.571120665388795,0.0,cash
2020-09-04,0.0001211499702025165,18.56020732457644,0.0001211499702025165,13.572764806253021,0.0,cash
2020-09-07,0.0001211499702025165,18.562455893140765,0.0001211499702025165,13.574409146304864,0.0,cash
2020-09-08,0.0001211499702025165,18.564704734119104,0.0001211499702025165,13.576053685568455,0.0,cash
2020-09-09,0.0001211499702025165,18.56695384754446,0.0001211499702025165,13.577698424067929,0.0,cash
2020-09-10,0.0001211499702025165,18.569203233449844,0.0001211499702025165,13.579343361827423,0.0,cash
2020-09-11,0.0001211499702025165,18.57145289186826,0.0001211499702025165,13.580988498871077,0.0,cash
2020-09-14,0.0001211499702025165,18.57370282283273,0.0001211499702025165,13.582633835223037,0.0,cash
2020-09-15,0.0001211499702025165,18.575953026376265,0.0001211499702025165,13.584279370907446,0.0,cash
2020-09-16,0.0001211499702025165,18.578203502531895,0.0001211499702025165,13.585925105948453,0.0,cash
2020-09-17,0.0001211499702025165,18.580454251332643,0.0001211499702025165,13.587571040370213,0.0,cash
2020-09-18,0.0001211499702025165,18.58270527281154,0.0001211499702025165,13.589217174196879,0.0,cash
2020-09-21,0.0001211499702025165,18.584956567001626,0.0001211499702025165,13.590863507452609,0.0,cash
2020-09-22,0.0001211499702025165,18.587208133935935,0.0001211499702025165,13.592510040161564,0.0,cash
2020-09-23,0.0001211499702025165,18.58945997364751,0.0001211499702025165,13.594156772347906,0.0,cash
2020-09-24,0.0001211499702025165,18.591712086169398,0.0001211499702025165,13.595803704035804,0.0,cash
2020-09-25,0.0001211499702025165,18.59396447153465,0.0001211499702025165,13.597450835249427,0.0,cash
2020-09-28,0.0001211499702025165,18.596217129776324,0.0001211499702025165,13.599098166012947,0.0,cash
2020-09-29,0.0001211499702025165,18.598470060927475,0.0001211499702025165,13.60074569635054,0.0,cash
2020-09-30,0.0001211499702025165,18.60072326502117,0.0001211499702025165,13.602393426286385,0.0,cash
2020-10-09,0.0001211499702025165,18.602976742090473,0.0001211499702025165,13.604041355844663,0.0,cash
2020-10-12,0.0001211499702025165,18.605230492168456,0.0001211499702025165,13.605689485049558,0.0,cash
2020-10-13,-0.0013790317547527353,18.579573288515263,-0.0013790317547527353,13.58692680720437,1.5,0.399606
2020-10-14,-0.011088306785789648,18.373557279943142,-0.011088306785789648,13.436270794490017,1.5,0.399606
2020-10-15,-0.014320715131385331,18.110434800186887,-0.014320715131385331,13.243853788013974,1.5,0.399606
2020-10-16,-0.007439816715083314,17.97569648464303,-0.007439816715083314,13.145321943229789,1.5,0.399606
2020-10-19,-0.01923559089941307,17.629923340932418,-0.01923559089941307,12.892463908088743,1.5,0.399606
2020-10-20,0.028330575624844867,18.12938921740292,0.028330575624844867,13.257714831827434,1.5,0.399606
2020-10-21,-0.02198116765106617,17.730884073603754,-0.023448195899589463,12.94684533726985,0.0,cash
2020-10-22,-0.01502366463449678,17.46450121760879,0.0001211499702025165,12.948413847196678,0.0,cash
2020-10-23,-0.04231407749748717,16.725506959631936,0.0001211499702025165,12.949982547148435,0.0,cash
2020-10-26,0.0001211499702025165,16.72753325430172,0.0001211499702025165,12.951551437148145,0.0,cash
2020-10-27,-0.0013790317547527353,16.704465454765355,0.0001211499702025165,12.953120517218832,0.0,cash
2020-10-28,0.011097750199359657,16.889847439596174,-0.0013790317547527353,12.935257752702448,1.5,0.399606
2020-10-29,0.016479202013807814,17.168178647535676,0.016479202013807814,13.148420478309905,1.5,0.399606
2020-10-30,-0.026000014427293605,16.721805755009395,-0.026000014427293605,12.806561356177726,0.0,cash
2020-11-02,0.0001211499702025165,16.72383160127835,0.0001211499702025165,12.808112870704424,0.0,cash
2020-11-03,0.0001211499702025165,16.725857692978515,0.0001211499702025165,12.80966457319706,0.0,cash
2020-11-04,0.0001211499702025165,16.72788403013963,0.0001211499702025165,12.811216463678406,0.0,cash
2020-11-05,0.0001211499702025165,16.729910612791432,0.0001211499702025165,12.812768542171238,0.0,cash
2020-11-06,0.0001211499702025165,16.731937440963662,0.0001211499702025165,12.814320808698334,0.0,cash
2020-11-09,0.0001211499702025165,16.733964514686065,0.0001211499702025165,12.815873263282473,0.0,cash
2020-11-10,0.0001211499702025165,16.73599183398839,0.0001211499702025165,12.81742590594644,0.0,cash
2020-11-11,0.0001211499702025165,16.738019398900388,0.0001211499702025165,12.818978736713017,0.0,cash
2020-11-12,0.0001211499702025165,16.740047209451813,0.0001211499702025165,12.820531755604996,0.0,cash
2020-11-13,0.0001211499702025165,16.742075265672426,0.0001211499702025165,12.822084962645167,0.0,cash
2020-11-16,0.0001211499702025165,16.744103567591992,0.0001211499702025165,12.823638357856327,0.0,cash
2020-11-17,0.0001211499702025165,16.746132115240275,0.0001211499702025165,12.825191941261268,0.0,cash
2020-11-18,-0.0013790317547527353,16.723038667284076,0.0001211499702025165,12.826745712882794,0.0,cash
2020-11-19,-0.0024938393425072425,16.681334095529333,0.0001211499702025165,12.828299672743704,0.0,cash
2020-11-20,0.007313516440714096,16.803333306690032,0.0001211499702025165,12.829853820866806,0.0,cash
2020-11-23,0.023973841922833472,17.206173763161303,0.0001211499702025165,12.831408157274906,0.0,cash
2020-11-24,-0.0033512001300743943,17.148512431408115,0.0001211499702025165,12.832962681990816,0.0,cash
2020-11-25,-0.013988511658302838,16.90863026533881,0.0001211499702025165,12.834517395037349,0.0,cash
2020-11-26,0.0055133255934067815,17.001853049330155,0.0001211499702025165,12.83607229643732,0.0,cash
2020-11-27,0.014370900742476156,17.246184991940243,0.0001211499702025165,12.837627386213551,0.0,cash
2020-11-30,-0.009442528039551146,17.08333740657856,0.0001211499702025165,12.839182664388861,0.0,cash
2020-12-01,0.020734203407986485,17.437546799253827,0.0001211499702025165,12.840738130986077,0.0,cash
2020-12-02,0.002353585302884653,17.478587553118913,0.0001211499702025165,12.842293786028025,0.0,cash
2020-12-03,-0.01368997923231352,17.239306052506542,0.0001211499702025165,12.843849629537534,0.0,cash
2020-12-04,-0.01089915855156165,17.051412122521377,0.0001211499702025165,12.845405661537438,0.0,cash
2020-12-07,-0.01343743110389295,16.82228494690091,0.0001211499702025165,12.846961882050572,0.0,cash
2020-12-08,-0.004692723307782032,16.743342618240437,0.0001211499702025165,12.848518291099776,0.0,cash
2020-12-09,-0.014629368394024511,16.498398090930827,0.0001211499702025165,12.850074888707889,0.0,cash
2020-12-10,0.0001211499702025165,16.500396871367933,0.0001211499702025165,12.851631674897757,0.0,cash
2020-12-11,0.0001211499702025165,16.502395893957228,0.0001211499702025165,12.853188649692225,0.0,cash
2020-12-14,0.0001211499702025165,16.50439515872805,0.0001211499702025165,12.854745813114143,0.0,cash
2020-12-15,-0.0013790317547527353,16.48163507371118,-0.0013790317547527353,12.837018710438583,1.5,0.399606
2020-12-16,0.0009125928983100273,16.496676096831983,-0.0005887759910373491,12.82946058202538,0.0,cash
2020-12-17,0.013508874388379999,16.719527622049878,-0.0013790317547527353,12.811768348486419,1.5,0.399606
2020-12-18,-0.0026933197694932742,16.67449658776882,-0.0026933197694932742,12.777262159511272,1.5,0.399606
2020-12-21,0.054805947136993494,17.588358166294057,0.054805947136993494,13.477532113980955,1.5,0.399606
2020-12-22,-0.036847653752459575,16.94026843450821,-0.036847653752459575,12.980916677207329,1.5,0.399606
2020-12-23,0.016594197808417643,17.221378599838133,0.016594197808417643,13.196324576283494,1.5,0.399606
2020-12-24,-0.011780761739335177,17.018497641730555,-0.011780761739335177,13.040861820615365,1.5,0.399606
2020-12-25,0.010599715100361617,17.198888868169075,0.010599715100361617,13.17909124057707,1.5,0.399606
2020-12-28,0.0009989262037286561,17.216069288934506,0.0009989262037286561,13.192256180158614,1.5,0.399606
2020-12-29,-0.015787784449262654,16.944265697937237,-0.015787784449262654,12.983979683186817,1.5,0.399606
2020-12-30,0.04661631697286328,17.734144958584693,0.04661631697286328,13.589244995667471,1.5,0.399606
2020-12-31,0.03392470585465723,18.33577060988853,0.03392470585465723,14.050256134932363,1.5,0.399606
2021-01-04,0.05650490835109023,19.371831647746895,0.05650490835109023,14.84416457014606,1.5,0.399606
2021-01-05,0.009621198124451169,19.558211878063382,0.009621198124451169,14.986983218467394,1.5,0.399606
2021-01-06,0.008227221838441823,19.71912162594746,0.008227221838441823,15.11028445409473,1.5,0.399606
2021-01-07,0.022715633607046648,20.16705396785527,0.022715633607046648,15.453524139452199,1.5,0.399606
2021-01-08,-0.00557004042247744,20.054722662052033,-0.00557004042247744,15.36744738532572,1.5,0.399606
2021-01-11,-0.027633214029297637,19.500546218433342,-0.027633214029297637,14.942795422643044,1.5,0.399606
2021-01-12,0.04236984223743567,20.326781285252185,0.04080628747407955,15.552555428325777,0.0,cash
2021-01-13,-0.023666843923878078,19.845710525099317,0.0001211499702025165,15.554439619952491,0.0,cash
2021-01-14,-0.019764867646888673,19.453462683212265,0.0001211499702025165,15.556324039848965,0.0,cash
2021-01-15,0.00030993882454311006,19.459492066569595,0.0001211499702025165,15.558208688042853,0.0,cash
2021-01-18,0.025618205171580533,19.958009326865717,0.0001211499702025165,15.560093564561814,0.0,cash
2021-01-19,-0.015921864979587586,19.64024059710201,0.0001211499702025165,15.56197866943351,0.0,cash
2021-01-20,0.0022875075043711224,19.685167794855538,0.0001211499702025165,15.563864002685603,0.0,cash
2021-01-21,0.01081846975377454,19.89813118724216,0.0001211499702025165,15.565749564345765,0.0,cash
2021-01-22,0.0339781083360875,20.574232044407957,0.0001211499702025165,15.567635354441665,0.0,cash
2021-01-25,-0.0013986434538124648,20.545456029441826,0.0001211499702025165,15.56952137300098,0.0,cash
2021-01-26,-0.04337605147640011,19.654275271102644,0.0001211499702025165,15.571407620051385,0.0,cash
2021-01-27,0.01037798625416908,19.858247069701804,0.0001211499702025165,15.573294095620566,0.0,cash
2021-01-28,-0.0545370427359283,18.775237000600853,0.0001211499702025165,15.575180799736206,0.0,cash
2021-01-29,-0.017192214195707933,18.45244910451134,0.0001211499702025165,15.577067732425993,0.0,cash
2021-02-01,0.0001211499702025165,18.454684618170518,0.0001211499702025165,15.578954893717619,0.0,cash
2021-02-02,0.0001211499702025165,18.456920402662107,0.0001211499702025165,15.580842283638779,0.0,cash
2021-02-03,0.0001211499702025165,18.45915645801892,0.0001211499702025165,15.582729902217173,0.0,cash
2021-02-04,0.0001211499702025165,18.461392784273773,0.0001211499702025165,15.5846177494805,0.0,cash
2021-02-05,0.0001211499702025165,18.463629381459484,0.0001211499702025165,15.586505825456468,0.0,cash
2021-02-08,0.0001211499702025165,18.46586624960888,0.0001211499702025165,15.588394130172784,0.0,cash
2021-02-09,0.0001211499702025165,18.468103388754784,0.0001211499702025165,15.59028266365716,0.0,cash
2021-02-10,0.0001211499702025165,18.470340798930028,0.0001211499702025165,15.59217142593731,0.0,cash
2021-02-18,-0.0013755560688151203,18.444933809550978,0.0001211499702025165,15.594060417040955,0.0,cash
2021-02-19,-1.4976866445470804e-05,18.444657562240717,-0.0013790317547527353,15.572555712540323,1.5,1.H00016
2021-02-22,-0.0510275365359143,17.503472124591053,-0.0510275365359143,14.777926556961111,0.0,cash
2021-02-23,0.0001211499702025165,17.505592669717387,0.0001211499702025165,14.779716902323141,0.0,cash
2021-02-24,0.0001211499702025165,17.5077134717477,0.0001211499702025165,14.78150746458546,0.0,cash
2021-02-25,-0.0013747085899783462,17.483645467647207,-0.0013790317547527353,14.761123296408682,1.5,1.H20955
2021-02-26,-0.029594943275966568,16.966217971775077,-0.029678276178878416,14.323038602507388,1.5,1.H20955
2021-03-01,0.018192874899469746,17.274882252852716,0.016703132885815375,14.562278219613733,0.0,cash
2021-03-02,-0.011410805833753646,17.077761925664458,0.0001211499702025165,14.56404243918612,0.0,cash
2021-03-03,0.04176828574506719,17.79107076566184,0.0001211499702025165,14.565806872493654,0.0,cash
2021-03-04,0.0023332974487253466,17.83258262568945,0.0001211499702025165,14.567571519562232,0.0,cash
2021-03-05,-0.015639206250029347,17.553695188035604,0.0001211499702025165,14.56933638041775,0.0,cash
2021-03-08,0.0009141777848613586,17.569742386218735,0.0001211499702025165,14.571101455086108,0.0,cash
2021-03-09,-0.0014345146590808433,17.54453833320943,0.0001211499702025165,14.57286674359321,0.0,cash
2021-03-10,-0.014566457344533879,17.288976563949195,0.0001211499702025165,14.574632245964962,0.0,cash
2021-03-11,0.03614824992447585,17.913942809721235,0.0001211499702025165,14.576397962227272,0.0,cash
2021-03-12,0.019447347588944508,18.262321482230355,0.0001211499702025165,14.578163892406057,0.0,cash
2021-03-15,0.015483836264327921,18.545092277867727,0.0001211499702025165,14.579930036527228,0.0,cash
2021-03-16,0.005756306195803473,18.651843507448564,0.0001211499702025165,14.581696394616708,0.0,cash
2021-03-17,-0.014312975197928401,18.38488013393081,0.0001211499702025165,14.583462966700418,0.0,cash
2021-03-18,-0.00048229721349557497,18.376013157471764,0.0001211499702025165,14.585229752804283,0.0,cash
2021-03-19,-0.009842859006517046,18.195140650860868,0.0001211499702025165,14.586996752954231,0.0,cash
2021-03-22,0.01834358820493387,18.52890481829111,0.0001211499702025165,14.588763967176195,0.0,cash
2021-03-23,-0.015486634950260925,18.241954433342105,0.0001211499702025165,14.590531395496111,0.0,cash
2021-03-24,-0.012539583264929544,18.01320792681016,0.0001211499702025165,14.592299037939915,0.0,cash
2021-03-25,-0.007436162897936804,17.879258778351993,0.0001211499702025165,14.594066894533547,0.0,cash
2021-03-26,-0.0012580390706333766,17.856765972254863,-0.0013790317547527353,14.573941212855,1.5,1.H20955
2021-03-29,0.011602198395477048,18.063943713766566,0.012609805979135302,14.757715783900426,1.5,1.H20955
2021-03-30,-0.002515966481310694,18.018495436862445,-0.0027463834558446587,14.717185437425465,0.0,cash
2021-03-31,0.0001211499702025165,18.020678377047716,0.0001211499702025165,14.718968424002675,0.0,cash
2021-04-01,0.0001211499702025165,18.022861581696123,0.0001211499702025165,14.720751626588655,0.0,cash
2021-04-02,0.0001211499702025165,18.025045050839708,0.0001211499702025165,14.722535045209575,0.0,cash
2021-04-06,-0.0012737201916263041,18.00208618700348,0.0001211499702025165,14.724318679891608,0.0,cash
2021-04-07,-0.012066110770712735,17.78487102096718,0.0001211499702025165,14.72610253066093,0.0,cash
2021-04-08,0.010053741992614551,17.963675525583913,0.0001211499702025165,14.727886597543717,0.0,cash
2021-04-09,-0.022989481870047013,17.550699932769096,0.0001211499702025165,14.729670880566156,0.0,cash
2021-04-12,0.0001211499702025165,17.552826199542984,0.0001211499702025165,14.73145537975443,0.0,cash
2021-04-13,-0.0012664306419947202,17.530596762590275,-0.0013790317547527353,14.711140234992024,1.5,0.399606
2021-04-14,0.031089552248068975,18.075615166580654,0.0336026145712065,15.20547301021143,1.5,0.399606
2021-04-15,-0.0068792429142888745,17.951268619024543,-0.008914082824995173,15.069930164405177,0.0,cash
2021-04-16,-0.004930582693675745,17.862758404642054,0.0001211499702025165,15.071755885995548,0.0,cash
2021-04-19,-0.0012437410574233088,17.840541758615366,-0.0013790317547527353,15.05097145602888,1.5,0.399606
2021-04-20,-0.0009692441493318604,17.823249917894916,-0.0010742300889521328,15.034803249622854,1.5,0.399606
2021-04-21,0.009812082243765952,17.998133111940497,0.010750929977690005,15.196441366587896,1.5,0.399606
2021-04-22,0.010412993117442593,18.18554754816195,0.011472448907270172,15.370781763738403,1.5,0.399606
2021-04-23,0.026734896757567794,18.6717362843419,0.028153193641495378,15.803518359154097,1.5,0.399606
2021-04-26,-0.012230654192789903,18.443368734669146,-0.012591229578573948,15.60453263134478,1.5,0.399606
2021-04-27,0.008035798190330956,18.591575923770808,0.008338203720237303,15.734646403384023,1.5,0.399606
2021-04-28,0.031167361181159814,19.17102628551393,0.03236377922353828,16.243879025743585,1.5,0.399606
2021-04-29,0.0003441401742514394,19.177623805840405,0.000374576623570988,16.249963603102742,1.5,0.399606
2021-04-30,0.018662504144646874,19.53552628960138,0.018129545619539167,16.544568059561044,0.0,cash
2021-05-06,-0.03554004371769104,18.841232831220843,0.0001211499702025165,16.546572433488475,0.0,cash
2021-05-07,-0.050977434827651935,17.880755112494665,0.0001211499702025165,16.548577050245747,0.0,cash
2021-05-10,0.005605479883189268,17.980985325573986,0.0001211499702025165,16.550581909862277,0.0,cash
2021-05-11,-0.00024814342340073736,17.97652346231918,-0.0013790317547527353,16.52775813184894,1.5,0.399606
2021-05-12,0.019731011921412023,18.33121846105974,0.020101131146712747,16.859984765618385,1.5,0.399606
2021-05-13,-0.008381113149014352,18.1775824449783,-0.010013953582410529,16.691149660775334,0.0,cash
2021-05-14,0.04533366629983071,19.001638901676607,-0.0013790317547527353,16.668132035369794,1.5,0.399606
2021-05-17,0.03851544170716803,19.73349541713479,0.03917038039492238,17.32102910766802,1.5,0.399606
2021-05-18,-0.01050061273134284,19.52628162392373,-0.0109131170710145,17.13200268922559,1.5,0.399606
2021-05-19,0.011506341397340414,19.75095768650921,0.011917168886697471,17.33616765864045,1.5,0.399606
2021-05-20,0.013480366189093873,20.017207828708653,0.013857142346104911,17.57639740162217,1.5,0.399606
2021-05-21,-0.014172788649754242,19.73350817279416,-0.014496950160223676,17.32159324449457,1.5,0.399606
2021-05-24,0.012363331256607824,19.97748007118939,0.012693439831862996,17.541463846135564,1.5,0.399606
2021-05-25,0.041176625335503036,20.800085283228235,0.04185310701699674,18.275628609722656,1.5,0.399606
2021-05-26,-0.014028257259397492,20.5082963358577,-0.014191424935388941,18.01627139816073,1.5,0.399606
2021-05-27,0.013357340714182486,20.782232637483173,0.013917679101823621,18.267016082091693,1.5,0.399606
2021-05-28,0.003245965240832316,20.849691042251333,0.003403911116127256,18.329195381192,1.5,0.399606
2021-05-31,0.034612196213470225,21.571344639595967,0.03557369909112795,18.98123266226502,1.5,0.399606
2021-06-01,-0.0037699622472423533,21.490021484682437,-0.003858906731651901,18.907985855769553,1.5,0.399606
2021-06-02,-0.025545547122180157,20.941047128188817,-0.0259171911447027,18.41794397218424,1.5,0.399606
2021-06-03,-0.01881668227275246,20.547006097918953,-0.01905606384641556,18.066970455930594,1.5,0.399606
2021-06-04,0.019350329535741118,20.944597436886568,0.019350329535741118,18.41657228796535,1.5,0.399606
2021-06-07,-0.00670041751893824,20.804259889293345,-0.00670041751893824,18.293173564368274,1.5,0.399606
2021-06-08,-0.012069901581929443,20.55315451994469,-0.012069901581929443,18.072376759825197,1.5,1.H00852
2021-06-09,0.0032231590203271043,20.619400605331826,0.0032231590203271043,18.130626903997378,1.5,1.H00852
2021-06-10,0.016882429778607655,20.967506188128322,0.016882429778607655,18.436715939546247,1.5,1.H00852
2021-06-11,-0.009513460665759421,20.768032642748494,-0.009513460665759421,18.261318967649594,1.5,1.H00852
2021-06-15,-0.008270007075812824,20.596280865842253,-0.008270007075812824,18.110297730573457,1.5,1.H00852
2021-06-16,-0.03109903466239039,19.955756413279097,-0.03109903466239039,17.547084953704143,1.5,1.H00852
2021-06-17,0.025990589923873042,20.474418294837335,0.026004754420817733,18.003392588726445,1.5,1.H00852
2021-06-18,0.01711579831835852,20.824854309057482,0.01728866558509834,18.314647222590175,1.5,1.H00852
2021-06-21,0.02251757096110829,21.293779443716424,0.022955961711320416,18.735077562988295,1.5,1.H00852
2021-06-22,0.006789398909870625,21.43835140665862,0.006979430689462385,18.865837738300872,1.5,1.H00852
2021-06-23,0.010007868465703895,21.652903607657997,0.010007868465703895,19.0546445608811,1.5,1.H00852
2021-06-24,-0.015120984154463724,21.32549039530847,-0.015120984154463724,18.76651958240708,1.5,1.H00852
2021-06-25,0.005734630900492643,21.447784211497567,0.005734630900492643,18.874138645499052,1.5,1.H00852
2021-06-28,0.013545440594874503,21.738303898426093,0.013545440594874503,19.129797169301085,1.5,1.H00852
2021-06-29,-0.012514696831261496,21.46625561551146,-0.012514696831261496,18.89039355728376,1.5,1.H00852
2021-06-30,0.017056133884584712,21.83238694529034,0.017056133884584712,19.212590638929285,1.5,1.H00852
2021-07-01,-0.027114493360729464,21.24041283441339,-0.027114493360729464,18.691650977607623,1.5,0.399606
2021-07-02,-0.05279031434059944,20.119124764160606,-0.05279031434059944,17.704912846954944,1.5,0.399606
2021-07-05,0.008238824437334147,20.284882700925348,0.008249065494034369,17.850961832595644,1.5,0.399606
2021-07-06,-0.028232977250852942,19.7121800690939,-0.028426011437639565,17.343530187369414,0.0,cash
2021-07-07,0.0001211499702025165,19.7145681991219,0.0001211499702025165,17.34563135553482,0.0,cash
2021-07-08,0.0001211499702025165,19.716956618471777,0.0001211499702025165,17.347732778256688,0.0,cash
2021-07-09,-0.0013790317547527353,19.68976630918782,-0.0013790317547527353,17.323809703882507,1.5,1.H00852
2021-07-12,0.029771424462063045,20.27595869953748,0.029771424462063045,17.8395641958768,1.5,1.H00852
2021-07-13,0.009828165703032354,20.475234181424373,0.009828165703032354,18.01489438886376,1.5,1.H00852
2021-07-14,-0.017930339052608657,20.10810629036987,-0.017930339052608657,17.691881224474493,1.5,1.H00852
2021-07-15,-0.0003817368604259741,20.100430285005473,-0.00038038262112360943,17.68515154032172,1.5,1.H00852
2021-07-16,-0.0024166704589732024,20.05185416892305,-0.0024189494858868343,17.64237205209543,1.5,1.H00852
2021-07-19,-0.006322929053094839,19.925067717629947,-0.00632868256584429,17.530719079669193,0.0,cash
2021-07-20,0.0001211499702025165,19.92748163899022,0.0001211499702025165,17.532842925763322,0.0,cash
2021-07-21,-0.0013790317547527353,19.9000010090178,-0.0013790317547527353,17.5086645786176,1.5,1.H00852
2021-07-22,0.009741264765713797,20.093852187684615,0.009741264765713797,17.67922111597199,1.5,1.H00852
2021-07-23,-0.013463715447314728,19.823314279589226,-0.013463715447314728,17.441193113536386,1.5,1.H00852
2021-07-26,-0.0189403151860148,19.447854459102377,-0.0189403151860148,17.110851418745856,1.5,1.H00852
2021-07-27,-0.040990420488231094,18.65067872722985,-0.040990420488231094,16.40947042417982,0.0,cash
2021-07-28,0.0001211499702025165,18.65293825640191,0.0001211499702025165,16.41145843103275,0.0,cash
2021-07-29,0.0001211499702025165,18.65519805931586,0.0001211499702025165,16.413446678732647,0.0,cash
2021-07-30,0.0001211499702025165,18.65745813600487,0.0001211499702025165,16.415435167308697,0.0,cash
2021-08-02,-0.001348240637473519,18.632303392753947,-0.0013790317547527353,16.392797760944894,1.5,1.H11077
2021-08-03,-0.001392232783224867,18.60636288914356,-0.001423945757028866,16.369455306127364,1.5,1.H11077
2021-08-04,-0.0021932935853357094,18.565553672772374,-0.0022417662072292677,16.332758814391337,0.0,cash
2021-08-05,0.0001211499702025165,18.567802889046625,0.0001211499702025165,16.334737527635024,0.0,cash
2021-08-06,0.0001211499702025165,18.570052377813358,0.0001211499702025165,16.336716480599762,0.0,cash
2021-08-09,0.0001211499702025165,18.572302139105588,0.0001211499702025165,16.338695673314593,0.0,cash
2021-08-10,0.0001211499702025165,18.574552172956334,0.0001211499702025165,16.340675105808565,0.0,cash
2021-08-11,-0.0013790317547527353,18.548937275679517,-0.0013790317547527353,16.318140795943556,1.5,1.H00852
2021-08-12,0.01011750388525745,18.7366062206336,0.008602327629429585,16.458514789373424,0.0,cash
2021-08-13,-0.0030864451015936156,18.67877671414344,0.0001211499702025165,16.460508737949734,0.0,cash
2021-08-16,-0.01601954424268448,18.379551224171994,0.0001211499702025165,16.462502928092857,0.0,cash
2021-08-17,0.0001211499702025165,18.381777906255138,0.0001211499702025165,16.464497359832055,0.0,cash
2021-08-18,0.0001211499702025165,18.38400485810075,0.0001211499702025165,16.466492033196598,0.0,cash
2021-08-19,0.0001211499702025165,18.38623207974151,0.0001211499702025165,16.46848694821576,0.0,cash
2021-08-20,0.0001211499702025165,18.38845957121011,0.0001211499702025165,16.470482104918815,0.0,cash
2021-08-23,0.0001211499702025165,18.390687332539233,0.0001211499702025165,16.472477503335046,0.0,cash
2021-08-24,-0.0013790317547527353,18.365325990715935,-0.0013790317547527353,16.449761433778498,1.5,1.H20955
2021-08-25,0.008547733132702184,18.522307896179655,0.008547733132702184,16.590369604611052,1.5,1.H20955
2021-08-26,-0.0020444116005513546,18.484440675047722,-0.0020444116005513546,16.55645206053395,1.5,1.H20955
2021-08-27,0.001728571540887458,18.516392353147832,0.001728571540887458,16.585071072383855,1.5,1.H20955
2021-08-30,-0.002757435965542898,18.46533458692116,-0.002757435965542898,16.53933880091778,1.5,1.H20955
2021-08-31,0.022012495194106307,18.871802675773328,0.022012495194106307,16.903410916786676,1.5,1.H20955
2021-09-01,0.019928120233419833,19.24788222851751,0.019928120233419833,17.2402641218913,1.5,1.H20955
2021-09-02,0.01931306407802369,19.619617811363124,0.01931306407802369,17.57322644759944,1.5,1.H20955
2021-09-03,0.010474625510457303,19.82512596059545,0.010474625510457303,17.757299413648507,1.5,1.H20955
2021-09-06,0.01693021500535319,20.16076960561654,0.01693021500535319,18.057934310636007,1.5,1.H20955
2021-09-07,0.021014296166153246,20.58443398904655,0.021014296166153246,18.437409090388652,1.5,1.H20955
2021-09-08,0.021003816542983333,21.016785664193634,0.021003816542983333,18.82466504845111,1.5,1.H20955
2021-09-09,0.02465880434801182,21.535034469911086,0.02465880434801182,19.28885878079772,1.5,1.H20955
2021-09-10,-0.014151090391691046,21.23029025053919,-0.014151090391691046,19.015900396638088,1.5,1.H20955
2021-09-13,0.02050857659677585,21.66569328431416,0.018977813731880788,19.376780612309485,0.0,cash
2021-09-14,-0.03281105278574803,20.9548190783227,0.0001211499702025165,19.379128108703288,0.0,cash
2021-09-15,-0.0012328925103090027,20.928984038826155,0.0001211499702025165,19.38147588949621,0.0,cash
2021-09-16,-0.01626493588255029,20.58857545534773,0.0001211499702025165,19.3838239547227,0.0,cash
2021-09-17,-0.002437421214586344,20.538392424754754,0.0001211499702025165,19.386172304417226,0.0,cash
2021-09-22,0.024532803449788698,21.042256769285892,0.0001211499702025165,19.388520938614246,0.0,cash
2021-09-23,0.021977424924993993,21.50471138768532,0.0001211499702025165,19.39086985734823,0.0,cash
2021-09-24,-0.026512378433249828,20.93457034127719,0.0001211499702025165,19.393219060653646,0.0,cash
2021-09-27,-0.034797446759416095,20.206100744395346,-0.0013790317547527353,19.36647519574213,1.5,1.H20955
2021-09-28,0.029597276741028633,20.80414629998432,0.02805288082591706,19.90976061642636,0.0,cash
2021-09-29,-0.02638450263845238,20.255239247041636,0.0001211499702025165,19.91217268333178,0.0,cash
2021-09-30,0.0001211499702025165,20.257693168672862,0.0001211499702025165,19.91458504245903,0.0,cash
2021-10-08,0.0001211499702025165,20.260147387596618,0.0001211499702025165,19.91699769384352,0.0,cash
2021-10-11,0.0001211499702025165,20.262601903848925,0.0001211499702025165,19.919410637520652,0.0,cash
2021-10-12,0.0001211499702025165,20.2650567174658,0.0001211499702025165,19.921823873525838,0.0,cash
2021-10-13,0.0001211499702025165,20.267511828483272,0.0001211499702025165,19.924237401894494,0.0,cash
2021-10-14,0.0001211499702025165,20.269967236937372,0.0001211499702025165,19.92665122266204,0.0,cash
2021-10-15,-0.0013790317547527353,20.24201430844984,0.0001211499702025165,19.929065335863903,0.0,cash
2021-10-18,-0.03120164732083075,19.610430116934378,0.0001211499702025165,19.931479741535508,0.0,cash
2021-10-19,0.0001211499702025165,19.612805919958703,0.0001211499702025165,19.933894439712287,0.0,cash
2021-10-20,0.0001211499702025165,19.615182010811495,0.0001211499702025165,19.936309430429677,0.0,cash
2021-10-21,-0.0013790317547527353,19.58813205194333,-0.0013790317547527353,19.908816626652538,1.5,1.H00016
2021-10-22,0.018050818096239762,19.941713860458083,0.018050818096239762,20.268187054091637,1.5,1.H00016
2021-10-25,-0.0038619915351784107,19.864699130332045,-0.0038619915351784107,20.189911487255323,1.5,0.399606
2021-10-26,-0.005041763721962855,19.76454601090903,-0.005041763721962855,20.088118723969238,1.5,0.399606
2021-10-27,-0.008431124868443995,19.59790865552295,-0.008431124868443995,19.918753286635326,1.5,0.399606
2021-10-28,-0.013933741897172558,19.32483645459253,-0.013933741897172558,19.64121051942589,1.5,0.399606
2021-10-29,0.03302181743913657,19.962977676037255,0.03302181743913657,20.28979898748202,1.5,0.399606
2021-11-01,-0.008453188476602369,19.794226863187507,-0.008453188476602369,20.118285492488457,1.5,0.399606
2021-11-02,0.0033965031499361142,19.861458017078874,0.0033965031499361142,20.18661731253501,1.5,0.399606
2021-11-03,-0.005681221408632808,19.748620676585585,-0.005681221408632808,20.071932670091158,1.5,0.399606
2021-11-04,0.015793988527676328,20.060530164989007,0.015793988527676328,20.38894854441087,1.5,0.399606
2021-11-05,-0.004298963392355359,19.97429068017848,-0.004298963392355359,20.30129720100983,1.5,0.399606
2021-11-08,0.012262220085780928,20.21921982855619,0.012262220085780928,20.55023617531546,1.5,0.399606
2021-11-09,0.013094944528780683,20.48398939062636,0.013094944528780683,20.81934037808456,1.5,0.399606
2021-11-10,-0.00458244099470928,20.390122717907563,-0.00458244099470928,20.72393697925322,1.5,0.399606
2021-11-11,0.014755518238513954,20.690989545557187,0.014755518238513954,21.029729409324407,1.5,0.399606
2021-11-12,-0.001414080564552167,20.661730819379464,-0.001414080564552167,20.99999167768889,1.5,0.399606
2021-11-15,-0.01242144168260273,20.405082334944908,-0.01242144168260273,20.739141505729336,1.5,0.399606
2021-11-16,-0.0036576675077849563,20.330447328294703,-0.0036576675077849563,20.663284621704474,1.5,0.399606
2021-11-17,0.012142508219373127,20.577309952082054,0.012142508219373127,20.91418872506277,1.5,0.399606
2021-11-18,-0.019416808990236456,20.177764255209585,-0.019416808990236456,20.508101917402467,1.5,1.H00852
2021-11-19,0.017237589436187584,20.52558027118107,0.017237589436187584,20.861612158370143,1.5,1.H00852
2021-11-22,0.027541642455018556,21.09088846419172,0.027541642455018556,21.43617522147124,1.5,1.H00852
2021-11-23,-0.0011234225207419346,21.06719448510859,-0.0011234225207419346,21.41209333946887,1.5,1.H00852
2021-11-24,-0.0005863421742405839,21.05484190048904,-0.0005863421742405839,21.399538526105164,1.5,1.H00852
2021-11-25,-0.0024644321929943036,21.00295367029107,-0.0024644321929943036,21.34680081444621,1.5,1.H00852
2021-11-26,0.0027841221677833428,21.061428459193454,0.0027841221677833428,21.406232915804964,1.5,1.H00852
2021-11-29,0.011091527347375951,21.2950318689234,0.011091527347375951,21.643660733594913,1.5,1.H00852
2021-11-30,0.010151911353758702,21.511217144732175,0.010151911353758702,21.863385258733196,1.5,1.H00852
2021-12-01,0.00022326419762341843,21.516019829367895,0.00022326419762341843,21.868266569900317,1.5,1.H00852
2021-12-02,-0.016360397463403786,21.16400919312896,-0.016360397463403786,21.51049303698108,1.5,1.H00852
2021-12-03,0.010431146055721374,21.384774064147116,0.010431146055721374,21.73487213158041,1.5,1.H00852
2021-12-06,-0.02197137359842405,20.914921203865852,-0.02197137359842405,21.25732713586348,1.5,1.H00852
2021-12-07,-0.023833603248648028,20.416443269916176,-0.02529785284377495,20.71956240212842,0.0,cash
2021-12-08,0.024059082491921346,20.90764416273872,0.0001211499702025165,20.72207257649605,0.0,cash
2021-12-09,0.010081896384542599,21.11843286483234,0.0001211499702025165,20.724583054971227,0.0,cash
2021-12-10,-0.012663820558099781,20.850992820563825,0.0001211499702025165,20.727093837590797,0.0,cash
2021-12-13,0.0005098153745928258,20.86162297727927,-0.0013790317547527353,20.69851051700502,1.5,1.H20955
2021-12-14,-0.011635513463681746,20.618887282252885,-0.011635513463681746,20.45767271920625,1.5,1.H00016
2021-12-15,-0.014171879088473949,20.326678904749922,-0.014171879088473949,20.167749054998087,1.5,1.H00016
2021-12-16,0.005306124114874633,20.43453478586173,0.005306124114874633,20.274761634601553,1.5,1.H00016
2021-12-17,-0.026386187820676144,19.89534531297384,-0.026386187820676144,19.73978796609152,1.5,1.H20955
2021-12-20,0.00844903299888955,20.06344174204746,0.00844903299888955,19.90657008600811,1.5,1.H20955
2021-12-21,0.02704238968566619,20.606005152071567,0.02704238968566619,20.444891311578967,1.5,1.H20955
2021-12-22,-0.006288743194505897,20.476419277405522,-0.006288743194505897,20.316318640480862,1.5,1.H20955
2021-12-23,-0.006483614261226789,20.343658073359677,-0.006483614261226789,20.184595467207814,1.5,1.H20955
2021-12-24,-0.0027509565157601834,20.287693554628373,-0.0027509565157601834,20.129068522789314,1.5,1.H20955
2021-12-27,0.013264555930797561,20.55680080049062,0.011744659096901477,20.365477570527645,0.0,cash
2021-12-28,-0.006227853716489928,20.42877605222614,0.0001211499702025165,20.367944847528474,0.0,cash
2021-12-29,-0.0036737942273836754,20.35372493269296,0.0001211499702025165,20.370412423439838,0.0,cash
2021-12-30,0.010655605051269834,20.57060618689792,0.0001211499702025165,20.37288029829795,0.0,cash
2021-12-31,0.02121975584999891,21.00710942787037,0.0001211499702025165,20.375348472139027,0.0,cash
2022-01-04,0.031009106312507306,21.658521117437676,-0.0013790317547527353,20.347250219581795,1.5,1.H20955
2022-01-05,-0.00637898276451021,21.52036178452476,-0.00637898276451021,20.217455461125905,1.5,1.H20955
2022-01-06,0.012474602274226143,21.788819738584163,0.012474602274226143,20.469660177000332,1.5,1.H20955
2022-01-07,0.00840518889997588,21.971958884394486,0.00840518889997588,20.641711537506332,1.5,1.H20955
2022-01-10,0.012911829004654374,22.255657060407085,0.012911829004654374,20.908233787242015,1.5,1.H20955
2022-01-11,0.004253837489500034,22.3503290087641,0.004253837489500034,20.997174015965417,1.5,1.H20955
2022-01-12,-0.010161516209843624,22.123215778246205,-0.01164627393552875,20.752635175503517,0.0,cash
2022-01-13,-0.009206517872057729,21.919537996796393,-0.0013790317547527353,20.7240166326017,1.5,1.H20955
2022-01-14,-0.018493505604847638,21.514168897996967,-0.018493505604847638,20.340756914851724,1.5,1.H20955
2022-01-17,0.00711974480912092,21.66734429033103,0.00711974480912092,20.48557791330983,1.5,1.H20955
2022-01-18,0.008999155692163807,21.862332095035434,0.008999155692163807,20.669930818395656,1.5,1.H20955
2022-01-19,0.008177777176029632,22.041117375456995,0.008177777176029632,20.838964906872445,1.5,1.H20955
2022-01-20,-0.004686722996710024,21.937816763780255,-0.004686722996710024,20.741298450815773,1.5,1.H20955
2022-01-21,-0.01713170529484931,21.561984552170767,-0.01713170529484931,20.385964638323884,1.5,1.H20955
2022-01-24,-0.008701207936148037,21.37436924106632,-0.008701207936148037,20.20858212102687,0.0,cash
2022-01-25,0.0001211499702025165,21.37695874526297,0.0001211499702025165,20.211030390148665,0.0,cash
2022-01-26,0.0001211499702025165,21.37954856317798,0.0001211499702025165,20.213478955878195,0.0,cash
2022-01-27,0.0001211499702025165,21.382138694849353,0.0001211499702025165,20.215927818251387,0.0,cash
2022-01-28,0.0001211499702025165,21.3847291403151,0.0001211499702025165,20.218376977304185,0.0,cash
2022-02-07,0.0001211499702025165,21.387319899613235,0.0001211499702025165,20.220826433072528,0.0,cash
2022-02-08,0.0001211499702025165,21.389910972781784,0.0001211499702025165,20.223276185592365,0.0,cash
2022-02-09,0.0001211499702025165,21.39250235985877,0.0001211499702025165,20.225726234899646,0.0,cash
2022-02-10,0.0001211499702025165,21.395094060882226,0.0001211499702025165,20.22817658103033,0.0,cash
2022-02-11,0.0001211499702025165,21.39768607589018,0.0001211499702025165,20.230627224020374,0.0,cash
2022-02-14,0.0001211499702025165,21.400278404920677,0.0001211499702025165,20.23307816390574,0.0,cash
2022-02-15,0.0001211499702025165,21.402871048011757,0.0001211499702025165,20.235529400722402,0.0,cash
2022-02-16,0.0001211499702025165,21.405464005201473,0.0001211499702025165,20.237980934506332,0.0,cash
2022-02-17,0.0001211499702025165,21.408057276527874,0.0001211499702025165,20.240432765293505,0.0,cash
2022-02-18,0.0001211499702025165,21.41065086202902,0.0001211499702025165,20.242884893119907,0.0,cash
2022-02-21,0.0001211499702025165,21.41324476174297,0.0001211499702025165,20.245337318021523,0.0,cash
2022-02-22,0.0001211499702025165,21.415838975707793,0.0001211499702025165,20.247790040034342,0.0,cash
2022-02-23,0.0001211499702025165,21.418433503961563,0.0001211499702025165,20.25024305919436,0.0,cash
2022-02-24,0.0001211499702025165,21.421028346542354,0.0001211499702025165,20.252696375537575,0.0,cash
2022-02-25,0.0001211499702025165,21.423623503488244,0.0001211499702025165,20.25514998909999,0.0,cash
2022-02-28,0.0001211499702025165,21.426218974837322,0.0001211499702025165,20.25760389991762,0.0,cash
2022-03-01,-0.0013790317547527353,21.396671538486736,-0.0013790317547527353,20.22966802086443,1.5,1.H00852
2022-03-02,-0.0031172947323583333,21.32997180700981,-0.0031172947323583333,20.166606183305632,1.5,1.H00852
2022-03-03,-0.014564870023928256,21.019303540026655,-0.014564870023928256,19.872882185422036,1.5,1.H00852
2022-03-04,-0.020703931315569024,20.584121323232846,-0.022172875418595583,19.432243244516247,0.0,cash
2022-03-07,-0.033791025255802465,19.888562759730984,0.0001211499702025165,19.434597460206287,0.0,cash
2022-03-08,0.0001211499702025165,19.890972258516697,0.0001211499702025165,19.43695196110949,0.0,cash
2022-03-09,0.0001211499702025165,19.893382049213116,0.0001211499702025165,19.439306747260407,0.0,cash
2022-03-10,0.0001211499702025165,19.895792131855604,0.0001211499702025165,19.441661818693596,0.0,cash
2022-03-11,0.0001211499702025165,19.898202506479535,0.0001211499702025165,19.44401717544362,0.0,cash
2022-03-14,0.0001211499702025165,19.900613173120277,0.0001211499702025165,19.44637281754504,0.0,cash
2022-03-15,0.0001211499702025165,19.90302413181321,0.0001211499702025165,19.448728745032433,0.0,cash
2022-03-16,0.0001211499702025165,19.90543538259372,0.0001211499702025165,19.45108495794037,0.0,cash
2022-03-17,0.0001211499702025165,19.90784692549719,0.0001211499702025165,19.45344145630343,0.0,cash
2022-03-18,0.0001211499702025165,19.91025876055901,0.0001211499702025165,19.4557982401562,0.0,cash
2022-03-21,0.0001211499702025165,19.912670887814578,0.0001211499702025165,19.45815530953326,0.0,cash
2022-03-22,0.0001211499702025165,19.915083307299287,0.0001211499702025165,19.460512664469206,0.0,cash
2022-03-23,0.0001211499702025165,19.917496019048546,0.0001211499702025165,19.46287030499863,0.0,cash
2022-03-24,0.0001211499702025165,19.919909023097762,0.0001211499702025165,19.465228231156136,0.0,cash
2022-03-25,0.0001211499702025165,19.922322319482348,0.0001211499702025165,19.467586442976327,0.0,cash
2022-03-28,0.0001211499702025165,19.924735908237718,0.0001211499702025165,19.469944940493807,0.0,cash
2022-03-29,0.0001211499702025165,19.927149789399294,0.0001211499702025165,19.47230372374319,0.0,cash
2022-03-30,0.0001211499702025165,19.9295639630025,0.0001211499702025165,19.474662792759098,0.0,cash
2022-03-31,0.0001211499702025165,19.93197842908277,0.0001211499702025165,19.477022147576143,0.0,cash
2022-04-01,0.0001211499702025165,19.93439318767553,0.0001211499702025165,19.479381788228956,0.0,cash
2022-04-06,0.0001211499702025165,19.93680823881622,0.0001211499702025165,19.481741714752165,0.0,cash
2022-04-07,-0.0013790317547527353,19.909314747166476,0.0001211499702025165,19.4841019271804,0.0,cash
2022-04-08,0.010423291229721077,20.116835332960374,0.0001211499702025165,19.4864624255483,0.0,cash
2022-04-11,-0.025138869668086095,19.611120831390735,0.0001211499702025165,19.48882320989051,0.0,cash
2022-04-12,0.013845319090229014,19.882643057018377,0.0001211499702025165,19.49118428024167,0.0,cash
2022-04-13,-0.018288442346735767,19.51902048576937,0.0001211499702025165,19.49354563663643,0.0,cash
2022-04-14,0.015670049195128932,19.824884497022108,0.0001211499702025165,19.49590727910945,0.0,cash
2022-04-15,-0.005399173656123635,19.717846502910092,0.0001211499702025165,19.498269207695383,0.0,cash
2022-04-18,-0.014365318385366033,19.434593360022014,0.0001211499702025165,19.500631422428896,0.0,cash
2022-04-19,0.0001211499702025165,19.43694786042848,0.0001211499702025165,19.502993923344654,0.0,cash
2022-04-20,0.0001211499702025165,19.4393026460826,0.0001211499702025165,19.505356710477326,0.0,cash
2022-04-21,0.0001211499702025165,19.44165771701893,0.0001211499702025165,19.50771978386159,0.0,cash
2022-04-22,0.0001211499702025165,19.444013073272036,0.0001211499702025165,19.51008314353212,0.0,cash
2022-04-25,0.0001211499702025165,19.44636871487648,0.0001211499702025165,19.512446789523608,0.0,cash
2022-04-26,0.0001211499702025165,19.448724641866836,0.0001211499702025165,19.514810721870738,0.0,cash
2022-04-27,0.0001211499702025165,19.451080854277674,0.0001211499702025165,19.5171749406082,0.0,cash
2022-04-28,0.0001211499702025165,19.453437352143577,0.0001211499702025165,19.519539445770693,0.0,cash
2022-04-29,0.0001211499702025165,19.455794135499126,0.0001211499702025165,19.521904237392913,0.0,cash
2022-05-05,0.0001211499702025165,19.458151204378908,0.0001211499702025165,19.52426931550957,0.0,cash
2022-05-06,0.0001211499702025165,19.460508558817516,0.0001211499702025165,19.52663468015537,0.0,cash
2022-05-09,0.0001211499702025165,19.462866198849543,0.0001211499702025165,19.52900033136503,0.0,cash
2022-05-10,0.0001211499702025165,19.46522412450959,0.0001211499702025165,19.531366269173258,0.0,cash
2022-05-11,0.0001211499702025165,19.467582335832258,0.0001211499702025165,19.53373249361478,0.0,cash
2022-05-12,0.0001211499702025165,19.46994083285216,0.0001211499702025165,19.536099004724328,0.0,cash
2022-05-13,0.0001211499702025165,19.472299615603905,0.0001211499702025165,19.538465802536624,0.0,cash
2022-05-16,0.0001211499702025165,19.47465868412211,0.0001211499702025165,19.540832887086406,0.0,cash
2022-05-17,0.0001211499702025165,19.477018038441397,0.0001211499702025165,19.543200258408408,0.0,cash
2022-05-18,0.0001211499702025165,19.47937767859639,0.0001211499702025165,19.545567916537376,0.0,cash
2022-05-19,0.0001211499702025165,19.481737604621713,0.0001211499702025165,19.547935861508055,0.0,cash
2022-05-20,0.0001211499702025165,19.484097816552005,0.0001211499702025165,19.550304093355198,0.0,cash
2022-05-23,-0.0013790317547527353,19.457228626950272,-0.0013790317547527353,19.52334360319539,1.5,1.H00852
2022-05-24,-0.06330245487840991,18.225538289733848,-0.06330245487840991,18.28746802567842,0.0,cash
2022-05-25,-0.0013790317547527353,18.200404693684842,-0.0013790317547527353,18.262249026556987,1.5,1.H00852
2022-05-26,0.009943381007786467,18.381378252050055,0.009943381007786467,18.44383752668712,1.5,1.H00852
2022-05-27,-0.0038033655115461418,18.311467151951526,-0.0038033655115461418,18.373688871137556,1.5,1.H00852
2022-05-30,0.01794228965620359,18.640016799621897,0.01794228965620359,18.70335491891647,1.5,1.H00852
2022-05-31,0.017648465351916,18.968984490269158,0.017648465351916,19.033440430167555,1.5,1.H00852
2022-06-01,0.004863183634158164,19.061234145198835,0.004863183634158164,19.126003546169272,1.5,1.H00852
2022-06-02,0.016886318333938055,19.38310821281239,0.016886318333938055,19.448971330505916,1.5,1.H00852
2022-06-06,0.03777875254129137,20.115377861465305,0.03777875254129137,20.18372920558377,1.5,1.H00852
2022-06-07,-0.0015538182655063792,20.0841222199266,-0.0015538182655063792,20.1523673584781,1.5,1.H00852
2022-06-08,0.002869015739306535,20.141743882685724,0.002869015739306535,20.21018481761386,1.5,1.H00852
2022-06-09,-0.029805846719143436,19.541402151862147,-0.029805846719143436,19.6078031467745,1.5,0.399606
2022-06-10,0.03413576332782675,20.208462830812,0.03413576332782675,20.27713047437141,1.5,0.399606
2022-06-13,-0.005787589140654803,20.091504550783064,-0.005787589140654803,20.1597747742343,1.5,0.399606
2022-06-14,0.001118982295082116,20.113986588656953,0.001118982295082116,20.182333205279512,1.5,0.399606
2022-06-15,0.015740783560887373,20.430596498095593,0.015740783560887373,20.500018944017526,1.5,0.399606
2022-06-16,0.006032754327191858,20.55384926752659,0.006032754327191858,20.623690522009564,1.5,0.399606
2022-06-17,0.041562515661464516,21.408118949611545,0.041562515661464516,21.480862982327785,1.5,0.399606
2022-06-20,0.02981742012061872,22.046453826324292,0.02981742012061872,22.1213668984253,1.5,0.399606
2022-06-21,-0.009537137323274547,21.836193768691405,-0.009537137323274547,21.91039238453648,1.5,0.399606
2022-06-22,-0.008773991144527704,21.644603197934718,-0.008773991144527704,21.71815079578143,1.5,0.399606
2022-06-23,0.04643963468780887,22.649770663409384,0.04643963468780887,22.726733784832266,1.5,0.399606
2022-06-24,0.03491880006362269,23.440673476691885,0.03491880006362269,23.520324057964004,1.5,0.399606
2022-06-27,0.0034172711351130314,23.520776613551394,0.0034172711351130314,23.60069938245579,1.5,0.399606
2022-06-28,0.005208565925176156,23.64328612915442,0.005208565925176156,23.723625181069576,1.5,0.399606
2022-06-29,-0.03775395670365467,22.750658528302203,-0.03775395670365467,22.827964463129742,1.5,0.399606
2022-06-30,0.022887104912751477,23.27135523687364,0.022887104912751477,23.350430480741956,1.5,0.399606
2022-07-01,-0.01535142043976756,22.914106878429205,-0.01535142043976756,22.991968204982523,1.5,0.399606
2022-07-04,0.02839076077729863,23.564655805240143,0.02839076077729863,23.644727674089438,1.5,0.399606
2022-07-05,-0.005117460827470333,23.444064602244005,-0.005117460827470333,23.52372670644108,1.5,0.399606
2022-07-06,-0.011891614044575727,23.165276834358018,-0.011891614044575727,23.243991627558007,1.5,0.399606
2022-07-07,0.025140762147004114,23.74766954932012,0.025140762147004114,23.828363292413396,1.5,0.399606
2022-07-08,-0.01680861128645772,23.348504202906348,-0.01828339836952797,23.392699833844365,0.0,cash
2022-07-11,-0.026658314044557985,22.72607244539459,0.0001211499702025165,23.39553385873219,0.0,cash
2022-07-12,-0.0351645322874472,21.926920737121648,0.0001211499702025165,23.39836822696205,0.0,cash
2022-07-13,0.024470135098016543,22.463475449842516,0.0001211499702025165,23.401202938575533,0.0,cash
2022-07-14,0.037866732682726445,23.314093869826692,0.0001211499702025165,23.404037993614246,0.0,cash
2022-07-15,0.0001211499702025165,23.31691837160432,0.0001211499702025165,23.406873392119792,0.0,cash
2022-07-18,0.0001211499702025165,23.319743215570256,0.0001211499702025165,23.40970913413378,0.0,cash
2022-07-19,0.0001211499702025165,23.322568401765952,0.0001211499702025165,23.41254521969783,0.0,cash
2022-07-20,0.0001211499702025165,23.325393930232874,0.0001211499702025165,23.41538164885356,0.0,cash
2022-07-21,0.0001211499702025165,23.328219801012484,0.0001211499702025165,23.4182184216426,0.0,cash
2022-07-22,0.0001211499702025165,23.331046014146253,0.0001211499702025165,23.42105553810658,0.0,cash
2022-07-25,0.0001211499702025165,23.33387256967566,0.0001211499702025165,23.423892998287133,0.0,cash
2022-07-26,0.0001211499702025165,23.336699467642184,0.0001211499702025165,23.426730802225904,0.0,cash
2022-07-27,0.0001211499702025165,23.339526708087313,0.0001211499702025165,23.429568949964537,0.0,cash
2022-07-28,0.0001211499702025165,23.342354291052537,0.0001211499702025165,23.432407441544683,0.0,cash
2022-07-29,0.0001211499702025165,23.345182216579353,0.0001211499702025165,23.435246277007998,0.0,cash
2022-08-01,0.0001211499702025165,23.348010484709263,0.0001211499702025165,23.438085456396145,0.0,cash
2022-08-02,0.0001211499702025165,23.350839095483774,0.0001211499702025165,23.44092497975079,0.0,cash
2022-08-03,0.0001211499702025165,23.353668048944396,0.0001211499702025165,23.443764847113606,0.0,cash
2022-08-04,0.0001211499702025165,23.356497345132645,0.0001211499702025165,23.44660505852627,0.0,cash
2022-08-05,0.0001211499702025165,23.359326984090043,0.0001211499702025165,23.44944561403046,0.0,cash
2022-08-08,0.0001211499702025165,23.362156965858116,0.0001211499702025165,23.452286513667865,0.0,cash
2022-08-09,0.0001211499702025165,23.364987290478396,0.0001211499702025165,23.455127757480177,0.0,cash
2022-08-10,0.0001211499702025165,23.36781795799242,0.0001211499702025165,23.457969345509092,0.0,cash
2022-08-11,0.0001211499702025165,23.370648968441728,0.0001211499702025165,23.460811277796314,0.0,cash
2022-08-12,0.0001211499702025165,23.373480321867866,0.0001211499702025165,23.463653554383544,0.0,cash
2022-08-15,0.0001211499702025165,23.37631201831239,0.0001211499702025165,23.4664961753125,0.0,cash
2022-08-16,0.0001211499702025165,23.379144057816852,0.0001211499702025165,23.469339140624896,0.0,cash
2022-08-17,0.0001211499702025165,23.381976440422818,0.0001211499702025165,23.472182450362457,0.0,cash
2022-08-18,0.0001211499702025165,23.384809166171852,0.0001211499702025165,23.475026104566908,0.0,cash
2022-08-19,0.0001211499702025165,23.387642235105524,0.0001211499702025165,23.47787010327998,0.0,cash
2022-08-22,0.0001211499702025165,23.390475647265415,0.0001211499702025165,23.48071444654341,0.0,cash
2022-08-23,0.0001211499702025165,23.393309402693102,0.0001211499702025165,23.48355913439894,0.0,cash
2022-08-24,0.0001211499702025165,23.396143501430178,0.0001211499702025165,23.486404166888324,0.0,cash
2022-08-25,0.0001211499702025165,23.39897794351823,0.0001211499702025165,23.48924954405331,0.0,cash
2022-08-26,0.0001211499702025165,23.401812728998856,0.0001211499702025165,23.49209526593565,0.0,cash
2022-08-29,0.0001211499702025165,23.40464785791366,0.0001211499702025165,23.494941332577113,0.0,cash
2022-08-30,-0.0013790317547527353,23.37237210530879,0.0001211499702025165,23.497787744019465,0.0,cash
2022-08-31,-0.007994558176239841,23.185520316796175,0.0001211499702025165,23.50063450030448,0.0,cash
2022-09-01,0.002148878091466022,23.23534317344418,0.0001211499702025165,23.50348160147393,0.0,cash
2022-09-02,0.005206678078251592,23.356322125386004,0.0001211499702025165,23.506329047569604,0.0,cash
2022-09-05,0.01247307542757703,23.64764729296673,0.0001211499702025165,23.509176838633287,0.0,cash
2022-09-06,0.008768818090848729,23.85500921035531,0.0001211499702025165,23.512024974706772,0.0,cash
2022-09-07,-0.004155760675753184,23.755873501159183,0.0001211499702025165,23.514873455831857,0.0,cash
2022-09-08,-0.0001331742631014432,23.752709830211334,0.0001211499702025165,23.517722282050347,0.0,cash
2022-09-09,0.008834174562492692,23.96254541518366,0.0001211499702025165,23.52057145340405,0.0,cash
2022-09-13,-0.003177624478975294,23.886401444293814,0.0001211499702025165,23.523420969934776,0.0,cash
2022-09-14,-0.012894881639461842,23.578389124876974,0.0001211499702025165,23.526270831684343,0.0,cash
2022-09-15,0.0001211499702025165,23.581245646016875,0.0001211499702025165,23.529121038694576,0.0,cash
2022-09-16,0.0001211499702025165,23.584102513224227,0.0001211499702025165,23.531971591007306,0.0,cash
2022-09-19,0.0001211499702025165,23.586959726540957,0.0001211499702025165,23.534822488664364,0.0,cash
2022-09-20,0.0001211499702025165,23.589817286008994,0.0001211499702025165,23.53767373170759,0.0,cash
2022-09-21,0.0001211499702025165,23.592675191670278,0.0001211499702025165,23.540525320178823,0.0,cash
2022-09-22,0.0001211499702025165,23.595533443566747,0.0001211499702025165,23.543377254119914,0.0,cash
2022-09-23,0.0001211499702025165,23.598392041740347,0.0001211499702025165,23.546229533572717,0.0,cash
2022-09-26,0.0001211499702025165,23.60125098623303,0.0001211499702025165,23.54908215857909,0.0,cash
2022-09-27,0.0001211499702025165,23.604110277086754,0.0001211499702025165,23.551935129180897,0.0,cash
2022-09-28,0.0001211499702025165,23.60696991434348,0.0001211499702025165,23.55478844542001,0.0,cash
2022-09-29,0.0001211499702025165,23.609829898045174,0.0001211499702025165,23.5576421073383,0.0,cash
2022-09-30,0.0001211499702025165,23.61269022823381,0.0001211499702025165,23.560496114977646,0.0,cash
2022-10-10,0.0001211499702025165,23.615550904951363,0.0001211499702025165,23.56335046837993,0.0,cash
2022-10-11,0.0001211499702025165,23.618411928239812,0.0001211499702025165,23.566205167587047,0.0,cash
2022-10-12,0.0001211499702025165,23.621273298141148,0.0001211499702025165,23.569060212640885,0.0,cash
2022-10-13,0.0001211499702025165,23.624135014697362,0.0001211499702025165,23.57191560358335,0.0,cash
2022-10-14,0.0001211499702025165,23.626997077950453,0.0001211499702025165,23.57477134045634,0.0,cash
2022-10-17,0.0001211499702025165,23.629859487942422,0.0001211499702025165,23.577627423301767,0.0,cash
2022-10-18,0.0001211499702025165,23.632722244715275,0.0001211499702025165,23.580483852161546,0.0,cash
2022-10-19,0.0001211499702025165,23.635585348311025,0.0001211499702025165,23.583340627077597,0.0,cash
2022-10-20,0.0001211499702025165,23.63844879877169,0.0001211499702025165,23.58619774809184,0.0,cash
2022-10-21,0.0001211499702025165,23.641312596139297,0.0001211499702025165,23.589055215246212,0.0,cash
2022-10-24,0.0001211499702025165,23.64417674045587,0.0001211499702025165,23.591913028582645,0.0,cash
2022-10-25,0.0001211499702025165,23.64704123176344,0.0001211499702025165,23.594771188143078,0.0,cash
2022-10-26,0.0001211499702025165,23.649906070104045,0.0001211499702025165,23.597629693969456,0.0,cash
2022-10-27,0.0001211499702025165,23.65277125551973,0.0001211499702025165,23.60048854610373,0.0,cash
2022-10-28,0.0001211499702025165,23.655636788052544,0.0001211499702025165,23.603347744587854,0.0,cash
2022-10-31,0.0001211499702025165,23.65850266774454,0.0001211499702025165,23.60620728946379,0.0,cash
2022-11-01,0.0001211499702025165,23.66136889463777,0.0001211499702025165,23.6090671807735,0.0,cash
2022-11-02,-0.0013790317547527353,23.628739115571147,-0.0013790317547527353,23.576509527431124,1.5,1.H00852
2022-11-03,0.009671296652217887,23.857259661075698,0.009671296652217887,23.80452494509475,1.5,1.H00852
2022-11-04,0.03255987313251829,24.634049008929868,0.03255987313251829,24.579597257286903,1.5,1.H00852
2022-11-07,0.0008320405399464548,24.654545536368325,0.0008320405399464548,24.600048478660522,1.5,1.H00852
2022-11-08,-0.004234400978806785,24.55014830461709,-0.004234400978806785,24.495882009303788,1.5,1.H00852
2022-11-09,-0.0043067649504923144,24.444416586369375,-0.0043067649504923144,24.390384003234722,1.5,1.H00852
2022-11-10,-0.016395345774655734,24.043641924176118,-0.016395345774655734,23.990495223925056,1.5,1.H00852
2022-11-11,0.009070889373459678,24.261739140205396,0.009070889373459678,24.208110352115792,1.5,1.H00852
2022-11-14,-0.011407148835808512,23.984981870817514,-0.011407148835808512,23.93196483429553,0.0,cash
2022-11-15,0.0001211499702025165,23.98788765065647,0.0001211499702025165,23.934864191122095,0.0,cash
2022-11-16,-0.0013790317547527353,23.954807591856774,-0.0013790317547527353,23.901857253356845,1.5,1.H00016
2022-11-17,-0.007565635649416924,23.773574245564898,-0.007565635649416924,23.721024510033573,1.5,1.H00016
2022-11-18,-0.00785288248055882,23.586883160871636,-0.00785288248055882,23.534746092237825,1.5,1.H00016
2022-11-21,-0.018825044810691693,23.14285902842368,-0.018825044810691693,23.091703442443198,1.5,1.H00016
2022-11-22,0.00977460659649898,23.369071370944756,0.00977460659649898,23.317415759236102,1.5,1.H00016
2022-11-23,0.0024161715482300394,23.42553505629979,0.0024161715482300394,23.373754635771817,1.5,1.H00016
2022-11-24,-0.008912556216627454,23.216753658205942,-0.008912556216627454,23.165434733586846,1.5,1.H00016
2022-11-25,0.014251390249285789,23.54762467491057,0.012730013163911869,23.460331022693147,0.0,cash
2022-11-28,-0.024223914059657403,22.977209038476467,0.0001211499702025165,23.463173241097486,0.0,cash
2022-11-29,0.06232788854607163,24.409329962526417,0.0001211499702025165,23.466015803836502,0.0,cash
2022-11-30,-0.0007577113248719014,24.390834736781276,0.0001211499702025165,23.46885871095191,0.0,cash
2022-12-01,0.014133688496621444,24.735567197123515,-0.0013790317547527353,23.4364944095417,1.5,1.H00016
2022-12-02,-0.009520609792651236,24.500069513839797,-0.009520609792651236,23.213364691360802,1.5,1.H00016
2022-12-05,0.03523849493151188,25.36341508922493,0.03523849493151188,24.031368725380656,1.5,1.H00016
2022-12-06,0.004819521760031975,25.485654620156172,0.004819521760031975,24.14718842987598,1.5,1.H00016
2022-12-07,-0.007995669232645941,25.28187975563595,-0.007995669232645941,23.954115498292314,1.5,1.H00016
2022-12-08,0.001205195012715432,25.31234935102951,0.001205195012715432,23.982984878824865,1.5,1.H00016
2022-12-09,0.018932025523231033,25.791563394996142,0.017403627484946282,24.400375813633033,0.0,cash
2022-12-12,-0.01823845463183016,25.321165136132535,-0.0013790317547527353,24.366726920558133,1.5,1.H00016
2022-12-13,0.0016005383038049104,25.361692630829886,0.0016005383038049104,24.40572680033284,1.5,1.H00016
2022-12-14,0.008092636374330109,25.566935587128718,0.008092636374330109,24.603233472779177,1.5,1.H00016
2022-12-15,-0.006303987758661256,25.40576193816098,-0.006303987758661256,24.44813499014329,1.5,1.H00016
2022-12-16,0.00728318227127378,25.590796733097193,0.005772257497866917,24.58925592064901,0.0,cash
2022-12-19,-0.02355702133001747,24.98795378860348,0.0001211499702025165,24.5922349082711,0.0,cash
2022-12-20,-0.026525537944037447,24.325134872240024,0.0001211499702025165,24.595214256797448,0.0,cash
2022-12-21,0.004516253859862651,24.43499335649846,0.0001211499702025165,24.598193966271783,0.0,cash
2022-12-22,0.00703769740498883,24.60695944583441,0.0001211499702025165,24.60117403673783,0.0,cash
2022-12-23,-0.0037773183104101715,24.514011127356138,0.0001211499702025165,24.60415446823933,0.0,cash
2022-12-26,0.0001211499702025165,24.516980999073763,0.0001211499702025165,24.607135260820016,0.0,cash
2022-12-27,0.0001211499702025165,24.519951230591257,0.0001211499702025165,24.610116414523635,0.0,cash
2022-12-28,0.0001211499702025165,24.52292182195221,0.0001211499702025165,24.613097929393934,0.0,cash
2022-12-29,0.0001211499702025165,24.52589277320022,0.0001211499702025165,24.616079805474673,0.0,cash
2022-12-30,0.0001211499702025165,24.52886408437888,0.0001211499702025165,24.61906204280961,0.0,cash
2023-01-03,0.0001211499702025165,24.531835755531805,0.0001211499702025165,24.62204464144251,0.0,cash
2023-01-04,0.0001211499702025165,24.5348077867026,0.0001211499702025165,24.625027601417145,0.0,cash
2023-01-05,0.0001211499702025165,24.537780177934884,0.0001211499702025165,24.628010922777293,0.0,cash
2023-01-06,0.0001211499702025165,24.540752929272276,0.0001211499702025165,24.630994605566734,0.0,cash
2023-01-09,0.0001211499702025165,24.543726040758404,0.0001211499702025165,24.633978649829256,0.0,cash
2023-01-10,-0.0013790317547527353,24.509879463168247,-0.0013790317547527353,24.60000761102524,1.5,0.399606
2023-01-11,-0.017058849291141986,24.091769123262004,-0.017058849291141986,24.180359788627815,1.5,0.399606
2023-01-12,0.0076164550355235505,24.275262999515544,0.0076164550355235505,24.36452841170068,1.5,0.399606
2023-01-13,0.02106915597705128,24.786722302036278,0.02106915597705128,24.877868461114097,1.5,0.399606
2023-01-16,0.027852205538530406,25.47708718621907,0.02631042723022259,25.532415808903288,0.0,cash
2023-01-17,0.0035041136288638253,25.566361794652053,0.0001211499702025165,25.535509060317736,0.0,cash
2023-01-18,-0.001034962002082307,25.5399015816631,0.0001211499702025165,25.5386026864795,0.0,cash
2023-01-19,0.016178747531810256,25.953105201340108,0.0001211499702025165,25.54169668743398,0.0,cash
2023-01-20,0.008413539456315844,26.1714626759655,0.0001211499702025165,25.544791063226583,0.0,cash
2023-01-30,0.0161313290628744,26.593643152448234,-0.0013790317547527353,25.50956398518187,1.5,0.399606
2023-01-31,-0.019022807778630635,26.087757390625715,-0.019022807778630635,25.024300452975076,1.5,0.399606
2023-02-01,0.01903041308393627,26.584218190202833,0.01903041308393627,25.500523227731726,1.5,0.399606
2023-02-02,-0.006585531020730118,26.409146996649394,-0.006585531020730118,25.33258874097065,1.5,0.399606
2023-02-03,-0.01286056062528007,26.069510560637053,-0.01286056062528007,25.00679744767211,1.5,0.399606
2023-02-06,-0.02393516424118003,25.44553254368103,-0.02393516424118003,24.408255643616155,1.5,1.H00852
2023-02-07,0.007101661567273654,25.6262381042053,0.007101661567273654,24.581594814644614,1.5,1.H00852
2023-02-08,-0.010155108922484724,25.366000864983565,-0.010155108922484724,24.331966041813512,1.5,1.H00852
2023-02-09,0.02642922597202757,26.036404633850864,0.024889582133069688,24.937578509070292,0.0,cash
2023-02-10,-0.005159356620195732,25.90207353723711,0.0001211499702025165,24.940599695963588,0.0,cash
2023-02-13,0.016451415194334018,26.32819930339237,-0.0013790317547527353,24.906205817000277,1.5,1.H00852
2023-02-14,0.001912507583377021,26.37855218421677,0.001912507583377021,24.95383912449844,1.5,1.H00852
2023-02-15,0.00039607230283578154,26.388999998125847,0.00039607230283578154,24.963722649025073,1.5,1.H00852
2023-02-16,-0.02944973617345492,25.61185091029974,-0.02944973617345492,24.228547603103983,1.5,1.H00852
2023-02-17,-0.01233328625064023,25.295972621614293,-0.01233328625064023,23.92972999007764,1.5,1.H00852
2023-02-20,0.01977167737804164,25.796116431252624,0.01977167737804164,24.402860891185103,1.5,1.H00852
2023-02-21,0.006646265667892726,25.967564274254624,0.00513629626939105,24.528201214542968,0.0,cash
2023-02-22,0.0016469504016600744,26.01033156466624,0.0001211499702025165,24.531172805389232,0.0,cash
2023-02-23,-0.009823658481981412,25.75481495037186,0.0001211499702025165,24.534144756243638,0.0,cash
2023-02-24,-0.005564619074316823,25.61149921584352,0.0001211499702025165,24.5371170671498,0.0,cash
2023-02-27,-0.007305620109327782,25.42439133214222,0.0001211499702025165,24.54008973815134,0.0,cash
2023-02-28,0.010191761999471805,25.68351067758085,0.0001211499702025165,24.543062769291886,0.0,cash
2023-03-01,0.012914343248819904,26.015196350305857,0.0001211499702025165,24.546036160615063,0.0,cash
2023-03-02,0.009660433099361931,26.26651441421475,-0.0013790317547527353,24.512186397296265,1.5,1.H20955
2023-03-03,0.012209382597321294,26.587212338195954,0.012209382597321294,24.811465059317708,1.5,1.H20955
2023-03-06,-0.005540136820503916,26.43991554416656,-0.005540136820503916,24.674006148171937,1.5,1.H20955
2023-03-07,-0.011208179150895115,26.143572234013003,-0.012691366882168764,24.360859283692598,0.0,cash
2023-03-08,0.00015130015206876735,26.147527760467632,0.0001211499702025165,24.363810601068923,0.0,cash
2023-03-09,-0.003880540876052385,26.046061210185425,0.0001211499702025165,24.366762275997264,0.0,cash
2023-03-10,-0.025880292198528387,25.37198153544507,0.0001211499702025165,24.369714308520933,0.0,cash
2023-03-13,0.016562363470335573,25.792201515597753,0.0001211499702025165,24.372666698683254,0.0,cash
2023-03-14,-0.012989756938869834,25.457167086991788,0.0001211499702025165,24.375619446527555,0.0,cash
2023-03-15,0.0001211499702025165,25.460251222025818,0.0001211499702025165,24.378572552097168,0.0,cash
2023-03-16,0.0001211499702025165,25.463335730702713,0.0001211499702025165,24.381526015435433,0.0,cash
2023-03-17,0.0001211499702025165,25.466420613067744,0.0001211499702025165,24.384479836585694,0.0,cash
2023-03-20,0.0001211499702025165,25.46950586916618,0.0001211499702025165,24.3874340155913,0.0,cash
2023-03-21,0.0001211499702025165,25.472591499043304,0.0001211499702025165,24.390388552495605,0.0,cash
2023-03-22,0.0001211499702025165,25.475677502744393,0.0001211499702025165,24.393343447341966,0.0,cash
2023-03-23,0.0001211499702025165,25.47876388031474,0.0001211499702025165,24.39629870017375,0.0,cash
2023-03-24,0.0001211499702025165,25.481850631799638,0.0001211499702025165,24.39925431103433,0.0,cash
2023-03-27,0.0001211499702025165,25.484937757244385,0.0001211499702025165,24.402210279967075,0.0,cash
2023-03-28,0.0001211499702025165,25.48802525669429,0.0001211499702025165,24.40516660701537,0.0,cash
2023-03-29,0.0001211499702025165,25.49111313019466,0.0001211499702025165,24.408123292222598,0.0,cash
2023-03-30,0.0001211499702025165,25.494201377790812,0.0001211499702025165,24.41108033563215,0.0,cash
2023-03-31,0.0001211499702025165,25.497289999528068,0.0001211499702025165,24.414037737287423,0.0,cash
2023-04-03,0.0001211499702025165,25.500378995451754,0.0001211499702025165,24.416995497231817,0.0,cash
2023-04-04,0.0001211499702025165,25.503468365607205,0.0001211499702025165,24.419953615508742,0.0,cash
2023-04-06,-0.0013790317547527353,25.4682982728747,-0.0013790317547527353,24.386277724023365,1.5,0.399606
2023-04-07,0.012537868396963248,25.78761644491461,0.012537868396963248,24.692029664818968,1.5,0.399606
2023-04-10,-0.0021619125122031013,25.731865874262457,-0.0021619125122031013,24.638647656934907,1.5,0.399606
2023-04-11,-0.0025948914650389954,25.665094475125805,-0.0025948914650389954,24.574713040419823,1.5,0.399606
2023-04-12,-0.006269246065291334,25.504193682572293,-0.006269246065291334,24.420648117385507,1.5,0.399606
2023-04-13,-0.014594229237925527,25.13197963344038,-0.014594229237925527,24.064247580621668,1.5,0.399606
2023-04-14,0.013864011334521642,25.480409683937363,0.013864011334521642,24.39787458183614,1.5,0.399606
2023-04-17,0.0038631508618656163,25.578844350568556,0.0038631508618656163,24.49212725205465,1.5,0.399606
2023-04-18,-0.0017813590641075905,25.533279244335272,-0.003278687025511373,24.411825232206166,0.0,cash
2023-04-19,-0.012492788838202262,25.214297378388938,0.0001211499702025165,24.41478272410564,0.0,cash
2023-04-20,-0.008806144040680808,24.992256643790284,0.0001211499702025165,24.417740574305164,0.0,cash
2023-04-21,-0.02960244500296072,24.252424740992602,0.0001211499702025165,24.420698782848152,0.0,cash
2023-04-24,-0.0013790317547527353,24.21897987714502,-0.0013790317547527353,24.387021863753354,1.5,1.H20955
2023-04-25,0.008924902964818404,24.43513192245543,0.008924902964818404,24.604673667488257,1.5,1.H20955
2023-04-26,-0.006462775674428323,24.277213146265538,-0.006462775674428323,24.445659181032767,1.5,1.H20955
2023-04-27,0.007894732627141021,24.468875252987417,0.007894732627141021,24.638651124161235,1.5,1.H20955
2023-04-28,0.024449923533512496,25.067137381874016,0.024449923533512496,25.24106426011587,1.5,1.H20955
2023-05-04,0.03863391857307796,26.035579126345496,0.03863391857307796,26.216225481439015,1.5,1.H20955
2023-05-05,0.002389730331332718,26.097797139477535,0.002389730331332718,26.278875190645067,1.5,1.H20955
2023-05-08,0.03153944845259149,26.920907267084278,0.029992139279912733,27.06703487548234,0.0,cash
2023-05-09,-0.012100919880904115,26.595139525124043,0.0001211499702025165,27.070314045950973,0.0,cash
2023-05-10,-0.029933838543616864,25.79904491253402,0.0001211499702025165,27.073593613691013,0.0,cash
2023-05-11,-0.0005327764535858481,25.785299788879616,0.0001211499702025165,27.076873578750586,0.0,cash
2023-05-12,-0.00983154212724302,25.531790527741656,0.0001211499702025165,27.08015394117783,0.0,cash
2023-05-15,-0.0009739341135315271,25.50692424596715,0.0001211499702025165,27.083434701020884,0.0,cash
2023-05-16,-0.01189922506079144,25.203411613755826,0.0001211499702025165,27.086715858327896,0.0,cash
2023-05-17,-0.004564022959657743,25.08838266448894,0.0001211499702025165,27.089997413147017,0.0,cash
2023-05-18,0.0001211499702025165,25.09142212130117,0.0001211499702025165,27.093279365526406,0.0,cash
2023-05-19,0.0001211499702025165,25.094461946343507,0.0001211499702025165,27.096561715514227,0.0,cash
2023-05-22,0.0001211499702025165,25.097502139660556,0.0001211499702025165,27.099844463158654,0.0,cash
2023-05-23,0.0001211499702025165,25.100542701296934,0.0001211499702025165,27.103127608507858,0.0,cash
2023-05-24,0.0001211499702025165,25.103583631297262,0.0001211499702025165,27.106411151610025,0.0,cash
2023-05-25,0.0001211499702025165,25.10662492970617,0.0001211499702025165,27.10969509251334,0.0,cash
2023-05-26,0.0001211499702025165,25.109666596568292,0.0001211499702025165,27.112979431265998,0.0,cash
2023-05-29,0.0001211499702025165,25.11270863192826,0.0001211499702025165,27.116264167916196,0.0,cash
2023-05-30,0.0001211499702025165,25.115751035830723,0.0001211499702025165,27.11954930251214,0.0,cash
2023-05-31,0.0001211499702025165,25.118793808320326,0.0001211499702025165,27.122834835102047,0.0,cash
2023-06-01,0.0001211499702025165,25.12183694944173,0.0001211499702025165,27.12612076573413,0.0,cash
2023-06-02,0.0001211499702025165,25.124880459239588,0.0001211499702025165,27.129407094456607,0.0,cash
2023-06-05,0.0001211499702025165,25.127924337758568,0.0001211499702025165,27.132693821317712,0.0,cash
2023-06-06,0.0001211499702025165,25.130968585043338,0.0001211499702025165,27.135980946365677,0.0,cash
2023-06-07,0.0001211499702025165,25.134013201138576,0.0001211499702025165,27.139268469648744,0.0,cash
2023-06-08,0.0001211499702025165,25.137058186088964,0.0001211499702025165,27.14255639121516,0.0,cash
2023-06-09,0.0001211499702025165,25.140103539939187,0.0001211499702025165,27.145844711113174,0.0,cash
2023-06-12,0.0001211499702025165,25.14314926273394,0.0001211499702025165,27.149133429391046,0.0,cash
2023-06-13,0.0001211499702025165,25.146195354517918,0.0001211499702025165,27.152422546097043,0.0,cash
2023-06-14,0.0001211499702025165,25.149241815335824,0.0001211499702025165,27.155712061279427,0.0,cash
2023-06-15,0.0001211499702025165,25.152288645232368,0.0001211499702025165,27.15900197498648,0.0,cash
2023-06-16,0.0001211499702025165,25.155335844252264,0.0001211499702025165,27.16229228726648,0.0,cash
2023-06-19,0.0001211499702025165,25.15838341244023,0.0001211499702025165,27.165582998167714,0.0,cash
2023-06-20,0.0001211499702025165,25.161431349840992,0.0001211499702025165,27.168874107738475,0.0,cash
2023-06-21,0.0001211499702025165,25.164479656499278,0.0001211499702025165,27.172165616027062,0.0,cash
2023-06-26,0.0001211499702025165,25.167528332459824,0.0001211499702025165,27.175457523081782,0.0,cash
2023-06-27,0.0001211499702025165,25.170577377767373,0.0001211499702025165,27.17874982895094,0.0,cash
2023-06-28,0.0001211499702025165,25.17362679246667,0.0001211499702025165,27.18204253368286,0.0,cash
2023-06-29,0.0001211499702025165,25.176676576602468,0.0001211499702025165,27.18533563732586,0.0,cash
2023-06-30,0.0001211499702025165,25.17972673021952,0.0001211499702025165,27.188629139928267,0.0,cash
2023-07-03,0.0001211499702025165,25.182777253362595,0.0001211499702025165,27.191923041538416,0.0,cash
2023-07-04,0.0001211499702025165,25.185828146076457,0.0001211499702025165,27.195217342204646,0.0,cash
2023-07-05,0.0001211499702025165,25.188879408405878,0.0001211499702025165,27.198512041975306,0.0,cash
2023-07-06,0.0001211499702025165,25.19193104039564,0.0001211499702025165,27.201807140898744,0.0,cash
2023-07-07,0.0001211499702025165,25.194983042090527,0.0001211499702025165,27.20510263902332,0.0,cash
2023-07-10,0.0001211499702025165,25.19803541353533,0.0001211499702025165,27.208398536397393,0.0,cash
2023-07-11,0.0001211499702025165,25.20108815477484,0.0001211499702025165,27.211694833069334,0.0,cash
2023-07-12,0.0001211499702025165,25.204141265853863,0.0001211499702025165,27.21499152908752,0.0,cash
2023-07-13,0.0001211499702025165,25.2071947468172,0.0001211499702025165,27.21828862450033,0.0,cash
2023-07-14,0.0001211499702025165,25.21024859770967,0.0001211499702025165,27.221586119356154,0.0,cash
2023-07-17,0.0001211499702025165,25.21330281857608,0.0001211499702025165,27.224884013703377,0.0,cash
2023-07-18,0.0001211499702025165,25.216357409461256,0.0001211499702025165,27.228182307590405,0.0,cash
2023-07-19,0.0001211499702025165,25.21941237041003,0.0001211499702025165,27.23148100106564,0.0,cash
2023-07-20,0.0001211499702025165,25.22246770146723,0.0001211499702025165,27.234780094177488,0.0,cash
2023-07-21,0.0001211499702025165,25.225523402677698,0.0001211499702025165,27.23807958697437,0.0,cash
2023-07-24,-0.0013790317547527353,25.19073660487515,0.0001211499702025165,27.241379479504705,0.0,cash
2023-07-25,0.0469501868819151,26.373446396167136,0.0001211499702025165,27.244679771816923,0.0,cash
2023-07-26,-0.001202346837653856,26.341736366294672,0.0001211499702025165,27.247980463959454,0.0,cash
2023-07-27,-0.0006559319404234598,26.324457980045803,0.0001211499702025165,27.251281555980743,0.0,cash
2023-07-28,0.04214516737330021,27.433906667626243,0.0001211499702025165,27.25458304792923,0.0,cash
2023-07-31,0.003544718535684943,27.531152145097227,-0.0013790317547527353,27.21699811244359,1.5,1.H00016
2023-08-01,-0.004285381093900753,27.41317066620132,-0.004285381093900753,27.100362903299793,1.5,1.H00016
2023-08-02,-0.014351020184663499,27.01976370064504,-0.014351020184663499,26.71144504826283,1.5,1.H00016
2023-08-03,0.0139421191918907,27.396476466696154,0.012421206013102815,27.04323341011498,0.0,cash
2023-08-04,0.0020349854512939913,27.452227897722597,-0.0013790317547527353,27.00593993249124,1.5,1.H00016
2023-08-07,-0.008139879452989218,27.228770071919147,-0.008139879452989218,26.786114836926096,1.5,1.H00016
2023-08-08,-0.001882569056390393,27.177510031938183,-0.001882569056390393,26.73568812599318,1.5,1.H00016
2023-08-09,-0.0014721659567105139,27.137500226881006,-0.0014721659567105139,26.69632875610486,1.5,1.H00016
2023-08-10,0.0006096565889650574,27.154044782702364,-0.0008912578959183737,26.672535442308952,0.0,cash
2023-08-11,-0.03604820806708808,26.175190126512483,0.0001211499702025165,26.675766819183014,0.0,cash
2023-08-14,0.0001211499702025165,26.178361250016355,0.0001211499702025165,26.67899858753829,0.0,cash
2023-08-15,-0.0013790317547527353,26.142260458565193,0.0001211499702025165,26.682230747422203,0.0,cash
2023-08-16,0.0012931195597025713,26.176065526899002,0.0001211499702025165,26.68546329888219,0.0,cash
2023-08-17,-0.0022853385101110346,26.116244356307188,0.0001211499702025165,26.68869624196569,0.0,cash
2023-08-18,0.0001211499702025165,26.119408338532757,0.0001211499702025165,26.69192957672015,0.0,cash
2023-08-21,0.0001211499702025165,26.122572704074678,0.0001211499702025165,26.695163303193016,0.0,cash
2023-08-22,0.0001211499702025165,26.12573745297939,0.0001211499702025165,26.69839742143175,0.0,cash
2023-08-23,0.0001211499702025165,26.128902585293336,0.0001211499702025165,26.70163193148381,0.0,cash
2023-08-24,0.0001211499702025165,26.13206810106297,0.0001211499702025165,26.704866833396668,0.0,cash
2023-08-25,0.0001211499702025165,26.135234000334744,0.0001211499702025165,26.708102127217796,0.0,cash
2023-08-28,0.0001211499702025165,26.13840028315512,0.0001211499702025165,26.711337812994675,0.0,cash
2023-08-29,0.0001211499702025165,26.141566949570567,0.0001211499702025165,26.714573890774787,0.0,cash
2023-08-30,0.0001211499702025165,26.144733999627555,0.0001211499702025165,26.71781036060563,0.0,cash
2023-08-31,0.0001211499702025165,26.147901433372564,0.0001211499702025165,26.721047222534693,0.0,cash
2023-09-01,0.0001211499702025165,26.151069250852075,0.0001211499702025165,26.724284476609483,0.0,cash
2023-09-04,0.0001211499702025165,26.15423745211258,0.0001211499702025165,26.72752212287751,0.0,cash
2023-09-05,0.0001211499702025165,26.157406037200573,0.0001211499702025165,26.730760161386282,0.0,cash
2023-09-06,0.0001211499702025165,26.160575006162556,0.0001211499702025165,26.733998592183326,0.0,cash
2023-09-07,0.0001211499702025165,26.163744359045033,0.0001211499702025165,26.737237415316162,0.0,cash
2023-09-08,0.0001211499702025165,26.16691409589452,0.0001211499702025165,26.740476630832326,0.0,cash
2023-09-11,0.0001211499702025165,26.17008421675753,0.0001211499702025165,26.743716238779353,0.0,cash
2023-09-12,0.0001211499702025165,26.17325472168059,0.0001211499702025165,26.746956239204785,0.0,cash
2023-09-13,0.0001211499702025165,26.176425610710222,0.0001211499702025165,26.75019663215617,0.0,cash
2023-09-14,0.0001211499702025165,26.17959688389297,0.0001211499702025165,26.75343741768107,0.0,cash
2023-09-15,0.0001211499702025165,26.18276854127537,0.0001211499702025165,26.756678595827037,0.0,cash
2023-09-18,0.0001211499702025165,26.185940582903964,0.0001211499702025165,26.75992016664164,0.0,cash
2023-09-19,0.0001211499702025165,26.189113008825306,0.0001211499702025165,26.76316213017245,0.0,cash
2023-09-20,0.0001211499702025165,26.192285819085956,0.0001211499702025165,26.766404486467046,0.0,cash
2023-09-21,0.0001211499702025165,26.195459013732474,0.0001211499702025165,26.76964723557301,0.0,cash
2023-09-22,0.0001211499702025165,26.19863259281143,0.0001211499702025165,26.772890377537934,0.0,cash
2023-09-25,0.0001211499702025165,26.201806556369394,0.0001211499702025165,26.776133912409406,0.0,cash
2023-09-26,0.0001211499702025165,26.204980904452952,0.0001211499702025165,26.779377840235032,0.0,cash
2023-09-27,0.0001211499702025165,26.208155637108685,0.0001211499702025165,26.782622161062417,0.0,cash
2023-09-28,0.0001211499702025165,26.211330754383184,0.0001211499702025165,26.785866874939174,0.0,cash
2023-10-09,0.0001211499702025165,26.214506256323045,0.0001211499702025165,26.78911198191292,0.0,cash
2023-10-10,0.0001211499702025165,26.217682142974873,0.0001211499702025165,26.79235748203128,0.0,cash
2023-10-11,0.0001211499702025165,26.220858414385273,0.0001211499702025165,26.795603375341884,0.0,cash
2023-10-12,0.0001211499702025165,26.22403507060086,0.0001211499702025165,26.798849661892366,0.0,cash
2023-10-13,0.0001211499702025165,26.22721211166825,0.0001211499702025165,26.802096341730365,0.0,cash
2023-10-16,0.0001211499702025165,26.230389537634075,0.0001211499702025165,26.805343414903533,0.0,cash
2023-10-17,0.0001211499702025165,26.23356734854496,0.0001211499702025165,26.808590881459516,0.0,cash
2023-10-18,0.0001211499702025165,26.23674554444754,0.0001211499702025165,26.811838741445975,0.0,cash
2023-10-19,0.0001211499702025165,26.239924125388463,0.0001211499702025165,26.815086994910576,0.0,cash
2023-10-20,0.0001211499702025165,26.24310309141437,0.0001211499702025165,26.818335641900987,0.0,cash
2023-10-23,0.0001211499702025165,26.246282442571914,0.0001211499702025165,26.821584682464884,0.0,cash
2023-10-24,0.0001211499702025165,26.24946217890776,0.0001211499702025165,26.82483411664995,0.0,cash
2023-10-25,0.0001211499702025165,26.252642300468565,0.0001211499702025165,26.82808394450387,0.0,cash
2023-10-26,0.0001211499702025165,26.255822807301005,0.0001211499702025165,26.83133416607434,0.0,cash
2023-10-27,0.0001211499702025165,26.259003699451753,0.0001211499702025165,26.834584781409053,0.0,cash
2023-10-30,0.0001211499702025165,26.26218497696749,0.0001211499702025165,26.83783579055572,0.0,cash
2023-10-31,0.0001211499702025165,26.265366639894903,0.0001211499702025165,26.841087193562046,0.0,cash
2023-11-01,0.0001211499702025165,26.268548688280685,0.0001211499702025165,26.844338990475748,0.0,cash
2023-11-02,0.0001211499702025165,26.271731122171534,0.0001211499702025165,26.84759118134455,0.0,cash
2023-11-03,0.0001211499702025165,26.274913941614155,0.0001211499702025165,26.85084376621618,0.0,cash
2023-11-06,0.0001211499702025165,26.278097146655256,0.0001211499702025165,26.85409674513837,0.0,cash
2023-11-07,0.0001211499702025165,26.28128073734155,0.0001211499702025165,26.85735011815886,0.0,cash
2023-11-08,0.0001211499702025165,26.284464713719764,0.0001211499702025165,26.860603885325393,0.0,cash
2023-11-09,0.0001211499702025165,26.28764907583662,0.0001211499702025165,26.86385804668572,0.0,cash
2023-11-10,0.0001211499702025165,26.29083382373885,0.0001211499702025165,26.8671126022876,0.0,cash
2023-11-13,-0.0013790317547527353,26.254577929036987,-0.0013790317547527353,26.83006200085053,1.5,0.399606
2023-11-14,-0.0033501853567232676,26.166620226512176,-0.0033501853567232676,26.7401763200153,1.5,0.399606
2023-11-15,0.007837960986321502,26.37171317499147,0.007837960986321502,26.94976477877894,1.5,0.399606
2023-11-16,-0.02778158357412619,25.63906522142756,-0.02778158357412619,26.20105763627425,1.5,0.399606
2023-11-17,0.003293617966693363,25.72351050729008,0.003293617966693363,26.28735391045145,1.5,1.H00852
2023-11-20,0.013018940335256968,26.058403355797843,0.013018940335256968,26.6295874025834,1.5,1.H00852
2023-11-21,-0.00993283316766791,25.799569582648907,-0.00993283316766791,26.36508015358971,1.5,1.H00852
2023-11-22,-0.01917395586265469,25.304889774195708,-0.01917395586265469,25.859557270409425,1.5,1.H00852
2023-11-23,0.015740129600535502,25.703192018768814,0.015740129600535502,26.26659005325814,1.5,1.H00852
2023-11-24,-0.019921992198906446,25.191133227883906,-0.019921992198906446,25.743307251125255,1.5,1.H00852
2023-11-27,-0.002429634671354264,25.129927977182735,-0.002429634671354264,25.680760419272595,0.0,cash
2023-11-28,0.0001211499702025165,25.13297246720836,0.0001211499702025165,25.683871642632166,0.0,cash
2023-11-29,0.0001211499702025165,25.136017326073866,0.0001211499702025165,25.686983242916355,0.0,cash
2023-11-30,0.0001211499702025165,25.13906255382393,0.0001211499702025165,25.69009522017083,0.0,cash
2023-12-01,0.0001211499702025165,25.142108150503244,0.0001211499702025165,25.693207574441253,0.0,cash
2023-12-04,0.0001211499702025165,25.145154116156505,0.0001211499702025165,25.696320305773302,0.0,cash
2023-12-05,0.0001211499702025165,25.148200450828416,0.0001211499702025165,25.69943341421266,0.0,cash
2023-12-06,0.0001211499702025165,25.15124715456368,0.0001211499702025165,25.702546899805014,0.0,cash
2023-12-07,0.0001211499702025165,25.15429422740701,0.0001211499702025165,25.705660762596054,0.0,cash
2023-12-08,0.0001211499702025165,25.157341669403127,0.0001211499702025165,25.70877500263148,0.0,cash
2023-12-11,0.0001211499702025165,25.16038948059675,0.0001211499702025165,25.71188961995699,0.0,cash
2023-12-12,0.0001211499702025165,25.163437661032606,0.0001211499702025165,25.7150046146183,0.0,cash
2023-12-13,0.0001211499702025165,25.166486210755433,0.0001211499702025165,25.71811998666112,0.0,cash
2023-12-14,0.0001211499702025165,25.16953512980997,0.0001211499702025165,25.721235736131167,0.0,cash
2023-12-15,0.0001211499702025165,25.172584418240955,0.0001211499702025165,25.724351863074173,0.0,cash
2023-12-18,0.0001211499702025165,25.175634076093147,0.0001211499702025165,25.727468367535863,0.0,cash
2023-12-19,0.0001211499702025165,25.178684103411296,0.0001211499702025165,25.730585249561976,0.0,cash
2023-12-20,0.0001211499702025165,25.181734500240164,0.0001211499702025165,25.733702509198253,0.0,cash
2023-12-21,0.0001211499702025165,25.184785266624516,0.0001211499702025165,25.73682014649044,0.0,cash
2023-12-22,0.0001211499702025165,25.187836402609125,0.0001211499702025165,25.739938161484297,0.0,cash
2023-12-25,0.0001211499702025165,25.190887908238768,0.0001211499702025165,25.743056554225575,0.0,cash
2023-12-26,0.0001211499702025165,25.193939783558225,0.0001211499702025165,25.746175324760042,0.0,cash
2023-12-27,0.0001211499702025165,25.196992028612286,0.0001211499702025165,25.749294473133464,0.0,cash
2023-12-28,0.0001211499702025165,25.200044643445747,0.0001211499702025165,25.75241399939162,0.0,cash
2023-12-29,0.0001211499702025165,25.203097628103404,0.0001211499702025165,25.75553390358029,0.0,cash
2024-01-02,0.0001211499702025165,25.20615098263006,0.0001211499702025165,25.758654185745257,0.0,cash
2024-01-03,0.0001211499702025165,25.209204707070526,0.0001211499702025165,25.76177484593232,0.0,cash
2024-01-04,0.0001211499702025165,25.212258801469616,0.0001211499702025165,25.76489588418727,0.0,cash
2024-01-05,0.0001211499702025165,25.21531326587215,0.0001211499702025165,25.768017300555908,0.0,cash
2024-01-08,0.0001211499702025165,25.21836810032296,0.0001211499702025165,25.77113909508405,0.0,cash
2024-01-09,0.0001211499702025165,25.221423304866867,0.0001211499702025165,25.774261267817504,0.0,cash
2024-01-10,0.0001211499702025165,25.224478879548716,0.0001211499702025165,25.777383818802093,0.0,cash
2024-01-11,0.0001211499702025165,25.227534824413347,0.0001211499702025165,25.78050674808364,0.0,cash
2024-01-12,0.0001211499702025165,25.230591139505606,0.0001211499702025165,25.783630055707974,0.0,cash
2024-01-15,0.0001211499702025165,25.23364782487035,0.0001211499702025165,25.786753741720936,0.0,cash
2024-01-16,0.0001211499702025165,25.236704880552434,0.0001211499702025165,25.789877806168366,0.0,cash
2024-01-17,0.0001211499702025165,25.239762306596724,0.0001211499702025165,25.79300224909611,0.0,cash
2024-01-18,0.0001211499702025165,25.242820103048086,0.0001211499702025165,25.79612707055002,0.0,cash
2024-01-19,0.0001211499702025165,25.245878269951397,0.0001211499702025165,25.79925227057596,0.0,cash
2024-01-22,0.0001211499702025165,25.248936807351537,0.0001211499702025165,25.802377849219788,0.0,cash
2024-01-23,0.0001211499702025165,25.251995715293393,0.0001211499702025165,25.805503806527376,0.0,cash
2024-01-24,0.0001211499702025165,25.255054993821854,0.0001211499702025165,25.808630142544597,0.0,cash
2024-01-25,-0.0013790317547527353,25.22022747101735,-0.0013790317547527353,25.77303922203136,1.5,1.H00016
2024-01-26,-0.000576325880901396,25.20569240120358,-0.000576325880901396,25.75818555249822,0.0,cash
2024-01-29,0.0001211499702025165,25.20874607008692,0.0001211499702025165,25.761306155910376,0.0,cash
2024-01-30,0.0001211499702025165,25.211800108922155,0.0001211499702025165,25.764427137383542,0.0,cash
2024-01-31,0.0001211499702025165,25.2148545177541,0.0001211499702025165,25.76754849696352,0.0,cash
2024-02-01,0.0001211499702025165,25.21790929662759,0.0001211499702025165,25.77067023469612,0.0,cash
2024-02-02,0.0001211499702025165,25.220964445587445,0.0001211499702025165,25.77379235062715,0.0,cash
2024-02-05,0.0001211499702025165,25.224019964678508,0.0001211499702025165,25.776914844802434,0.0,cash
2024-02-06,-0.0013790317547527353,25.1892352401647,-0.0013790317547527353,25.741367660691893,1.5,1.H00016
2024-02-07,0.016309306282609404,25.60005419272124,0.016309306282609404,26.161191510003373,1.5,1.H00016
2024-02-08,0.0053304201161950004,25.736513236565806,0.0053304201161950004,26.300641651491926,1.5,1.H00016
2024-02-19,0.012037788043523623,26.046323927886924,0.012037788043523623,26.617243201101253,1.5,1.H00016
2024-02-20,-0.0016201001874540655,26.004126273608865,-0.0016201001874540655,26.57412060040164,1.5,1.H00016
2024-02-21,0.0244488614727556,26.639897554592373,0.0244488614727556,27.223827593721158,0.0,cash
2024-02-22,0.0001211499702025165,26.64312497738731,0.0001211499702025165,27.227125759622936,0.0,cash
2024-02-23,0.0001211499702025165,26.646352791184423,0.0001211499702025165,27.230424325097413,0.0,cash
2024-02-26,-0.0013790317547527353,26.609606624537037,-0.0013790317547527353,27.192872705257713,1.5,0.399606
2024-02-27,0.036134305873415595,27.571126289479324,0.036134305873415595,28.17546828516635,1.5,0.399606
2024-02-28,-0.037689038793055296,26.531997041186912,-0.037689038793055296,27.113561967954215,1.5,0.399606
2024-02-29,0.04973749796303384,27.851632189978165,0.04973749796303384,28.46212270110593,1.5,0.399606
2024-03-01,0.01405102515032075,28.242976174357032,0.01405102515032075,28.862044703010685,1.5,0.399606
2024-03-04,0.005793440970975228,28.40660018966783,0.005793440970975228,29.029255255299226,1.5,1.H00852
2024-03-05,-0.014762196756209489,27.987256368492975,-0.014762196756209489,28.600719677534272,1.5,1.H00852
2024-03-06,0.0017049229950494293,28.034972485443962,0.0017049229950494293,28.64948170218746,1.5,1.H00852
2024-03-07,-0.021851793739148695,27.422358049209333,-0.021851793739148695,28.023439137297746,1.5,1.H00852
2024-03-08,0.018917872804158353,27.94113073077436,0.018917872804158353,28.55358299443222,1.5,1.H00852
2024-03-11,0.0268296975282849,28.690782816879302,0.0268296975282849,29.319666989521615,1.5,1.H00852
2024-03-12,0.008089520148379936,28.92287748254924,0.008089520148379936,29.55684902637714,1.5,1.H00852
2024-03-13,0.006879805053136678,29.121861241204936,0.006879805053136678,29.760194385663606,1.5,1.H00852
2024-03-14,-0.009605160075611296,28.84214110228342,-0.009605160075611296,29.474342954708,1.5,1.H00852
2024-03-15,0.018801495665214052,29.384416493193495,0.018801495665214052,30.028504686005974,1.5,1.H00852
2024-03-18,0.024905206035951366,30.116241440202685,0.024905206035951366,30.776370782162484,1.5,1.H00852
2024-03-19,-0.01082505221025809,29.790231554235753,-0.01082505221025809,30.443214961603314,1.5,1.H00852
2024-03-20,0.013762382166838893,30.20021610572377,0.013762382166838893,30.862186120292126,1.5,1.H00852
2024-03-21,-0.0002903144873482866,30.191448545467228,-0.0002903144873482866,30.853226380550165,1.5,1.H00852
2024-03-22,-0.01660198417514147,29.690210594490782,-0.01660198417514147,30.341001604428214,1.5,1.H00852
2024-03-25,-0.03486079726197011,28.655186182291043,-0.03486079726197011,29.283290098771133,1.5,1.H00852
2024-03-26,-0.006577329739142379,28.4667115740336,-0.006577329739142379,29.09068424394455,0.0,cash
2024-03-27,-0.0013790317547527353,28.42745507481962,-0.0013790317547527353,29.050567266604666,1.5,1.H00852
2024-03-28,0.03143121611187061,29.320964558786766,0.03143121611187061,29.963661924533753,0.0,cash
2024-03-29,0.0001211499702025165,29.324516792769373,0.0001211499702025165,29.96729202128307,0.0,cash
2024-04-01,0.0001211499702025165,29.32806945710502,0.0001211499702025165,29.970922557818497,0.0,cash
2024-04-02,0.0001211499702025165,29.331622551845847,0.0001211499702025165,29.97455353419332,0.0,cash
2024-04-03,0.0001211499702025165,29.335176077043993,0.0001211499702025165,29.97818495046082,0.0,cash
2024-04-08,0.0001211499702025165,29.338730032751613,0.0001211499702025165,29.981816806674296,0.0,cash
2024-04-09,0.0001211499702025165,29.34228441902086,0.0001211499702025165,29.985449102887042,0.0,cash
2024-04-10,0.0001211499702025165,29.3458392359039,0.0001211499702025165,29.989081839152366,0.0,cash
2024-04-11,-0.0013790317547527353,29.30537039172772,0.0001211499702025165,29.99271501552358,0.0,cash
2024-04-12,-0.006644850729945695,29.11064057988892,0.0001211499702025165,29.996348632054,0.0,cash
2024-04-15,0.017582018448695447,29.62246439961787,0.0001211499702025165,29.99998268879696,0.0,cash
2024-04-16,-0.019241104755339133,29.052495458993516,0.0001211499702025165,30.003617185805783,0.0,cash
2024-04-17,-0.0013790317547527353,29.012431145200754,0.0001211499702025165,30.00725212313381,0.0,cash
2024-04-18,0.003152934403196417,29.103905437478826,0.0001211499702025165,30.010887500834386,0.0,cash
2024-04-19,0.01197289571412341,29.452363462155468,0.0001211499702025165,30.014523318960862,0.0,cash
2024-04-22,-0.021276173859360537,28.82572985656557,0.0001211499702025165,30.018159577566596,0.0,cash
2024-04-23,-0.021220517780524917,28.214032943607712,0.0001211499702025165,30.021796276704954,0.0,cash
2024-04-24,0.002821305936715035,28.293633362250187,0.0001211499702025165,30.0254334164293,0.0,cash
2024-04-25,0.010472137854770303,28.589928191231998,0.0001211499702025165,30.02907099679302,0.0,cash
2024-04-26,-0.004338236138237472,28.46589833156318,-0.0013790317547527353,29.98765995432272,1.5,1.H20955
2024-04-29,0.005246402427350194,28.6152418896666,0.005246402427350194,30.14498728629763,1.5,1.H20955
2024-04-30,-0.0005831180034043815,28.598555826948964,-0.0005831180034043815,30.127409201498594,0.0,cash
2024-05-06,0.0001211499702025165,28.602020541135232,0.0001211499702025165,30.131059136225634,0.0,cash
2024-05-07,0.0001211499702025165,28.605485675071524,0.0001211499702025165,30.13470951314216,0.0,cash
2024-05-08,0.0001211499702025165,28.60895122880869,0.0001211499702025165,30.138360332301737,0.0,cash
2024-05-09,-0.0013790317547527353,28.56949857659399,-0.0013790317547527353,30.096798576367313,1.5,1.H00852
2024-05-10,-0.013924231182294466,28.17169027365126,-0.013924231182294466,29.677723795143024,1.5,1.H00852
2024-05-13,-0.014375459197650486,27.76670928959354,-0.014375459197650486,29.251092887646806,1.5,1.H00852
2024-05-14,0.00861984302023755,28.006053964858406,0.00861984302023755,29.50323271650871,1.5,1.H00852
2024-05-15,-0.014729245810128466,27.593545911838284,-0.014729245810128466,29.06867234963383,1.5,1.H00852
2024-05-16,-0.001972234402885187,27.539124971293365,-0.0034692760512807785,28.967825100808717,0.0,cash
2024-05-17,0.02043613162703295,28.101918154100026,0.0001211499702025165,28.971334551956513,0.0,cash
2024-05-20,0.009048951008439055,28.356211034719642,0.0001211499702025165,28.97484442827421,0.0,cash
2024-05-21,-0.018910144999564005,27.819990972414857,0.0001211499702025165,28.97835472981332,0.0,cash
2024-05-22,0.01207132841263947,28.155815219879543,0.0001211499702025165,28.981865456625354,0.0,cash
2024-05-23,0.0001211499702025165,28.15922629605446,0.0001211499702025165,28.985376608761836,0.0,cash
2024-05-24,-0.0013790317547527353,28.120393828802932,0.0001211499702025165,28.988888186274295,0.0,cash
2024-05-27,0.01635938326272668,28.580426128947135,0.0001211499702025165,28.992400189214266,0.0,cash
2024-05-28,-0.012443172678524905,28.22479495139882,0.0001211499702025165,28.995912617633287,0.0,cash
2024-05-29,0.0001211499702025165,28.228214384466156,0.0001211499702025165,28.99942547158291,0.0,cash
2024-05-30,0.0001211499702025165,28.231634231797706,0.0001211499702025165,29.002938751114684,0.0,cash
2024-05-31,0.0001211499702025165,28.235054493443656,0.0001211499702025165,29.006452456280165,0.0,cash
2024-06-03,0.0001211499702025165,28.2384751694542,0.0001211499702025165,29.009966587130926,0.0,cash
2024-06-04,0.0001211499702025165,28.241896259879546,0.0001211499702025165,29.013481143718533,0.0,cash
2024-06-05,0.0001211499702025165,28.245317764769894,0.0001211499702025165,29.016996126094565,0.0,cash
2024-06-06,0.0001211499702025165,28.248739684175455,0.0001211499702025165,29.020511534310607,0.0,cash
2024-06-07,0.0001211499702025165,28.25216201814645,0.0001211499702025165,29.02402736841825,0.0,cash
2024-06-11,0.0001211499702025165,28.255584766733104,0.0001211499702025165,29.02754362846909,0.0,cash
2024-06-12,0.0001211499702025165,28.25900792998565,0.0001211499702025165,29.031060314514733,0.0,cash
2024-06-13,0.0001211499702025165,28.26243150795432,0.0001211499702025165,29.034577426606784,0.0,cash
2024-06-14,0.0001211499702025165,28.265855500689362,0.0001211499702025165,29.038094964796862,0.0,cash
2024-06-17,0.0001211499702025165,28.269279908241018,0.0001211499702025165,29.041612929136583,0.0,cash
2024-06-18,0.0001211499702025165,28.272704730659548,0.0001211499702025165,29.04513131967758,0.0,cash
2024-06-19,0.0001211499702025165,28.27612996799521,0.0001211499702025165,29.048650136471487,0.0,cash
2024-06-20,0.0001211499702025165,28.279555620298275,0.0001211499702025165,29.052169379569943,0.0,cash
2024-06-21,0.0001211499702025165,28.282981687619014,0.0001211499702025165,29.055689049024597,0.0,cash
2024-06-24,0.0001211499702025165,28.286408170007707,0.0001211499702025165,29.0592091448871,0.0,cash
2024-06-25,0.0001211499702025165,28.28983506751464,0.0001211499702025165,29.062729667209112,0.0,cash
2024-06-26,0.0001211499702025165,28.293262380190104,0.0001211499702025165,29.066250616042296,0.0,cash
2024-06-27,0.0001211499702025165,28.296690108084395,0.0001211499702025165,29.06977199143833,0.0,cash
2024-06-28,0.0001211499702025165,28.30011825124782,0.0001211499702025165,29.073293793448887,0.0,cash
2024-07-01,0.0001211499702025165,28.303546809730687,0.0001211499702025165,29.07681602212565,0.0,cash
2024-07-02,0.0001211499702025165,28.30697578358331,0.0001211499702025165,29.080338677520317,0.0,cash
2024-07-03,0.0001211499702025165,28.310405172856015,0.0001211499702025165,29.083861759684577,0.0,cash
2024-07-04,0.0001211499702025165,28.31383497759913,0.0001211499702025165,29.087385268670136,0.0,cash
2024-07-05,0.0001211499702025165,28.317265197862984,0.0001211499702025165,29.090909204528703,0.0,cash
2024-07-08,0.0001211499702025165,28.320695833697922,0.0001211499702025165,29.094433567311995,0.0,cash
2024-07-09,0.0001211499702025165,28.32412688515429,0.0001211499702025165,29.097958357071732,0.0,cash
2024-07-10,0.0001211499702025165,28.327558352282438,0.0001211499702025165,29.101483573859646,0.0,cash
2024-07-11,0.0001211499702025165,28.330990235132727,0.0001211499702025165,29.105009217727467,0.0,cash
2024-07-12,0.0001211499702025165,28.33442253375552,0.0001211499702025165,29.108535288726937,0.0,cash
2024-07-15,0.0001211499702025165,28.33785524820119,0.0001211499702025165,29.112061786909806,0.0,cash
2024-07-16,-0.0013790317547527353,28.298776445952335,-0.0013790317547527353,29.071915329259333,1.5,1.H00016
2024-07-17,0.006023758840743021,28.46924145075085,0.004514723202482029,29.203166979936935,0.0,cash
2024-07-18,0.007138944793632085,28.672481793784343,0.0001211499702025165,29.206704942746374,0.0,cash
2024-07-19,0.01008025730423645,28.961507787816725,0.0001211499702025165,29.2102433341799,0.0,cash
2024-07-22,-0.016339419136832567,28.488293573236948,0.0001211499702025165,29.213782154289444,0.0,cash
2024-07-23,0.0001211499702025165,28.491744929154468,0.0001211499702025165,29.217321403126938,0.0,cash
2024-07-24,0.0001211499702025165,28.495196703203653,0.0001211499702025165,29.220861080744324,0.0,cash
2024-07-25,0.0001211499702025165,28.49864889543516,0.0001211499702025165,29.22440118719355,0.0,cash
2024-07-26,0.0001211499702025165,28.502101505899653,0.0001211499702025165,29.227941722526566,0.0,cash
2024-07-29,0.0001211499702025165,28.5055545346478,0.0001211499702025165,29.23148268679533,0.0,cash
2024-07-30,0.0001211499702025165,28.509007981730278,0.0001211499702025165,29.23502408005181,0.0,cash
2024-07-31,0.0001211499702025165,28.512461847197766,0.0001211499702025165,29.23856590234798,0.0,cash
2024-08-01,0.0001211499702025165,28.515916131100955,0.0001211499702025165,29.242108153735813,0.0,cash
2024-08-02,0.0001211499702025165,28.519370833490534,0.0001211499702025165,29.2456508342673,0.0,cash
2024-08-05,0.0001211499702025165,28.522825954417204,0.0001211499702025165,29.249193943994424,0.0,cash
2024-08-06,0.0001211499702025165,28.526281493931673,0.0001211499702025165,29.252737482969188,0.0,cash
2024-08-07,0.0001211499702025165,28.529737452084653,0.0001211499702025165,29.25628145124359,0.0,cash
2024-08-08,0.0001211499702025165,28.53319382892686,0.0001211499702025165,29.259825848869646,0.0,cash
2024-08-09,0.0001211499702025165,28.536650624509015,0.0001211499702025165,29.263370675899367,0.0,cash
2024-08-12,0.0001211499702025165,28.540107838881855,0.0001211499702025165,29.266915932384777,0.0,cash
2024-08-13,0.0001211499702025165,28.543565472096113,0.0001211499702025165,29.270461618377905,0.0,cash
2024-08-14,0.0001211499702025165,28.54702352420253,0.0001211499702025165,29.274007733930784,0.0,cash
2024-08-15,0.0001211499702025165,28.550481995251857,0.0001211499702025165,29.277554279095458,0.0,cash
2024-08-16,0.0001211499702025165,28.55394088529485,0.0001211499702025165,29.281101253923975,0.0,cash
2024-08-19,0.0001211499702025165,28.557400194382268,0.0001211499702025165,29.284648658468384,0.0,cash
2024-08-20,0.0001211499702025165,28.56085992256488,0.0001211499702025165,29.28819649278075,0.0,cash
2024-08-21,0.0001211499702025165,28.56432006989346,0.0001211499702025165,29.291744756913136,0.0,cash
2024-08-22,0.0001211499702025165,28.56778063641878,0.0001211499702025165,29.295293450917615,0.0,cash
2024-08-23,0.0001211499702025165,28.571241622191636,0.0001211499702025165,29.29884257484627,0.0,cash
2024-08-26,0.0001211499702025165,28.574703027262814,0.0001211499702025165,29.30239212875118,0.0,cash
2024-08-27,0.0001211499702025165,28.578164851683113,0.0001211499702025165,29.30594211268444,0.0,cash
2024-08-28,0.0001211499702025165,28.581627095503336,0.0001211499702025165,29.30949252669815,0.0,cash
2024-08-29,0.0001211499702025165,28.585089758774295,0.0001211499702025165,29.31304337084441,0.0,cash
2024-08-30,0.0001211499702025165,28.588552841546807,0.0001211499702025165,29.316594645175336,0.0,cash
2024-09-02,0.0001211499702025165,28.592016343871695,0.0001211499702025165,29.320146349743037,0.0,cash
2024-09-03,0.0001211499702025165,28.595480265799786,0.0001211499702025165,29.323698484599642,0.0,cash
2024-09-04,0.0001211499702025165,28.598944607381913,0.0001211499702025165,29.32725104979728,0.0,cash
2024-09-05,0.0001211499702025165,28.60240936866892,0.0001211499702025165,29.330804045388085,0.0,cash
2024-09-06,0.0001211499702025165,28.605874549711654,0.0001211499702025165,29.334357471424198,0.0,cash
2024-09-09,0.0001211499702025165,28.609340150560968,0.0001211499702025165,29.33791132795777,0.0,cash
2024-09-10,0.0001211499702025165,28.61280617126772,0.0001211499702025165,29.341465615040956,0.0,cash
2024-09-11,0.0001211499702025165,28.61627261188278,0.0001211499702025165,29.345020332725916,0.0,cash
2024-09-12,0.0001211499702025165,28.619739472457017,0.0001211499702025165,29.348575481064817,0.0,cash
2024-09-13,0.0001211499702025165,28.62320675304131,0.0001211499702025165,29.352131060109834,0.0,cash
2024-09-18,0.0001211499702025165,28.62667445368654,0.0001211499702025165,29.355687069913145,0.0,cash
2024-09-19,0.0001211499702025165,28.630142574443603,0.0001211499702025165,29.35924351052694,0.0,cash
2024-09-20,0.0001211499702025165,28.63361111536339,0.0001211499702025165,29.36280038200341,0.0,cash
2024-09-23,0.0001211499702025165,28.637080076496808,0.0001211499702025165,29.366357684394753,0.0,cash
2024-09-24,0.0001211499702025165,28.640549457894764,0.0001211499702025165,29.369915417753173,0.0,cash
2024-09-25,-0.0013790317547527353,28.60105323071876,-0.0013790317547527353,29.32941337175769,1.5,0.399606
2024-09-26,0.0665046525840387,30.50315633936531,0.0665046525840387,31.279955818540092,1.5,0.399606
2024-09-27,0.14992341476834103,35.076293698975526,0.14992341476834103,35.96955360865846,1.5,0.399606
2024-09-30,0.23040188304823928,43.15793781757258,0.23040188304823928,44.25700649249796,1.5,0.399606
2024-10-08,0.25679672977738655,54.24075511306102,0.25679672977738655,55.622061029508,0.0,cash
2024-10-09,0.0001211499702025165,54.24732637892673,0.0001211499702025165,55.62879964054432,0.0,cash
2024-10-10,0.0001211499702025165,54.253898440901104,0.0001211499702025165,55.63553906796318,0.0,cash
2024-10-11,0.0001211499702025165,54.26047129908059,0.0001211499702025165,55.64227931186346,0.0,cash
2024-10-14,0.0001211499702025165,54.26704495356165,0.0001211499702025165,55.6490203723441,0.0,cash
2024-10-15,0.0001211499702025165,54.27361940444075,0.0001211499702025165,55.65576224950401,0.0,cash
2024-10-16,0.0001211499702025165,54.280194651814384,0.0001211499702025165,55.66250494344214,0.0,cash
2024-10-17,-0.0005613514607644143,54.24972438525601,-0.0005621708251961621,55.631213107105594,0.6832380211327408,0.399606
2024-10-18,0.05427864089961765,57.19432569406655,0.054343658670662265,58.654416763633016,0.6832380211327408,0.399606
2024-10-21,0.004089703815186585,57.4282335460646,0.004094464371255935,58.89457518328851,0.0,cash
2024-10-22,0.0001211499702025165,57.43519097484749,0.0001211499702025165,58.901710259317056,0.0,cash
2024-10-23,0.0001211499702025165,57.44214924652267,0.0001211499702025165,58.90884619975985,0.0,cash
2024-10-24,0.0001211499702025165,57.44910836119225,0.0001211499702025165,58.91598300472162,0.0,cash
2024-10-25,-0.0005345107469576504,57.41840119537006,-0.0005352231983796196,58.884449803862154,0.6562936586249605,1.H00852
2024-10-28,0.011803271684007965,58.09612618434038,0.011815965664307315,59.580226440906216,0.6562936586249605,1.H00852
2024-10-29,-0.010525856293024383,57.4846147089426,-0.010537428994683018,58.95240403529803,0.6559832961533179,1.H00852
2024-10-30,0.003938241282473776,57.71100299169646,0.003942365841355766,59.184815979232596,0.6535983202561403,1.H00852
2024-10-31,0.010641520970663176,58.325135840270605,0.010652855307445641,59.81530326025716,0.6538298615256067,1.H00852
2024-11-01,-0.019846755385852566,57.16757113640213,-0.019868257080582152,58.626877437729384,0.6536966869433227,1.H00852
2024-11-04,0.013568410167858813,57.943244189881085,0.01358282069492911,59.423195801869646,0.6472316098684749,1.H00852
2024-11-05,0.022179448028891047,59.2283933630159,0.022202781472234756,60.74255603264037,0.0,cash
2024-11-06,-0.0005215786915458986,59.19750109510325,-0.0005222423759618788,60.71083369585589,0.6433144086429388,1.H00852
2024-11-07,0.011359314834653578,59.86994414746728,0.011370919412649005,61.4011716932862,0.6433144086429388,1.H00852
2024-11-08,0.002036077896575561,59.991844017415154,0.002038052268484636,61.52631049054332,0.6431508696124071,1.H00852
2024-11-11,0.015637615471619126,60.92997340559285,0.015653565856617258,62.48941664372172,0.6433239070284942,1.H00852
2024-11-12,-0.00909406571084459,60.37587222368237,-0.00910353152354193,61.92054226941785,0.0,cash
2024-11-13,0.0001211499702025165,60.38318675880322,0.0001211499702025165,61.92804394126871,0.0,cash
2024-11-14,-0.000518922142398015,60.35185258616552,-0.0005195729335170096,61.89586780581118,0.6406452895617151,1.H00905
2024-11-15,-0.01676326966786379,59.340158206308466,-0.016780426255534664,60.85722876057344,0.0,cash
2024-11-18,0.0001211499702025165,59.347347264706976,0.0001211499702025165,60.864601612024394,0.0,cash
2024-11-19,0.0001211499702025165,59.354537194059695,0.0001211499702025165,60.871975356696076,0.0,cash
2024-11-20,0.0001211499702025165,59.36172799447214,0.0001211499702025165,60.87934999469671,0.0,cash
2024-11-21,0.0001211499702025165,59.36891966604984,0.0001211499702025165,60.88672552613452,0.0,cash
2024-11-22,0.0001211499702025165,59.37611220889834,0.0001211499702025165,60.89410195111774,0.0,cash
2024-11-25,0.0001211499702025165,59.38330562312319,0.0001211499702025165,60.901479269754624,0.0,cash
2024-11-26,0.0001211499702025165,59.39049990882996,0.0001211499702025165,60.908857482153444,0.0,cash
2024-11-27,0.0001211499702025165,59.39769506612423,0.0001211499702025165,60.91623658842248,0.0,cash
2024-11-28,0.0001211499702025165,59.40489109511159,0.0001211499702025165,60.923616588670015,0.0,cash
2024-11-29,0.0001211499702025165,59.41208799589764,0.0001211499702025165,60.93099748300436,0.0,cash
2024-12-02,0.0001211499702025165,59.41928576858802,0.0001211499702025165,60.93837927153384,0.0,cash
2024-12-03,0.0001211499702025165,59.426484413288335,0.0001211499702025165,60.94576195436677,0.0,cash
2024-12-04,0.0001211499702025165,59.433683930104245,0.0001211499702025165,60.95314553161151,0.0,cash
2024-12-05,0.0001211499702025165,59.440884319141404,0.0001211499702025165,60.96053000337641,0.0,cash
2024-12-06,0.0001211499702025165,59.44808558050548,0.0001211499702025165,60.96791536976985,0.0,cash
2024-12-09,0.0001211499702025165,59.45528771430215,0.0001211499702025165,60.975301630900205,0.0,cash
2024-12-10,0.0001211499702025165,59.46249072063712,0.0001211499702025165,60.982688786875876,0.0,cash
2024-12-11,0.0001211499702025165,59.46969459961609,0.0001211499702025165,60.990076837805276,0.0,cash
2024-12-12,-0.0005147182420380814,59.43908446295723,-0.0005147182420380814,60.958684132673554,0.6357911861573305,1.H11077
2024-12-13,0.0021356569298440764,59.566025955594135,0.0021356569298440764,61.088870968875675,0.6357911861573305,1.H11077
2024-12-16,0.0022676073273706354,59.70109831251339,0.0022676073273706354,61.2273965403055,0.6359608891666431,1.H11077
2024-12-17,-0.0001638721489862771,59.691314965236074,-0.0001638721489862771,61.2173630752576,0.6361399926246327,1.H11077
2024-12-18,-0.000614372149780329,59.654642283737665,-0.000614372149780329,61.179752832301176,0.6361085870397295,1.H11077
2024-12-19,-0.0003722551235828542,59.63243553750204,-0.0003722551235828542,61.156978355849816,0.636024026313053,1.H11077
2024-12-20,0.00202228806748761,59.75302950032476,0.00202228806748761,61.28065538342245,0.6359687100024471,1.H11077
2024-12-23,0.0003207022256204173,59.77219242987307,0.0003207022256204173,61.30030822599139,0.6361326522204133,1.H11077
2024-12-24,-0.0007514934102648141,59.72727402114494,-0.0007514934102648141,61.25424144831235,0.6361536511947034,1.H11077
2024-12-25,-0.0006140640192653368,59.69059765119976,-0.0006140640192653368,61.21662742261155,0.6360518083206089,1.H11077
2024-12-26,-0.0003026332808738763,59.672533289795254,-0.0003026332808738763,61.19810123381061,0.6359673186990307,1.H11077
2024-12-27,0.0022634733496080806,59.80760047860031,0.0022634733496080806,61.33662150499996,0.6359201342062064,1.H11077
2024-12-30,-0.0005780651907560941,59.77302778662098,-0.0005780651907560941,61.30116493918934,0.6360993220678203,1.H11077
2024-12-31,0.0015317554221676577,59.864585446032514,0.0015317554221676577,61.39506333097014,0.6360190126860962,1.H11077
2025-01-02,0.0028740920630112576,60.03664177591842,0.0028740920630112576,61.57151839519776,0.6361487059706756,1.H11077
2025-01-03,0.001212372323148303,60.10942853878231,0.001212372323148303,61.64616599999431,0.6363632332883234,1.H11077
2025-01-06,0.0004557457821932065,60.1368231573089,0.0004557457821932065,61.67426098013719,0.6364687293089853,1.H11077
2025-01-07,-0.0005390914665215352,60.10440390912108,-0.0005390914665215352,61.64101291233878,0.6365039144638364,1.H11077
2025-01-08,-0.0006268057901767099,60.06673012073573,-0.0006268057901767099,61.60237596853297,0.0,cash
2025-01-09,0.0001211499702025165,60.07400720330001,0.0001211499702025165,61.60983909454596,0.0,cash
2025-01-10,0.0001211499702025165,60.08128516748264,0.0001211499702025165,61.61730312471645,0.0,cash
2025-01-13,0.0001211499702025165,60.08856401339041,0.0001211499702025165,61.62476805915397,0.0,cash
2025-01-14,0.0001211499702025165,60.095843741130146,0.0001211499702025165,61.63223389796808,0.0,cash
2025-01-15,0.0001211499702025165,60.10312435080868,0.0001211499702025165,61.639700641268334,0.0,cash
2025-01-16,0.0001211499702025165,60.110405842532856,0.0001211499702025165,61.64716828916431,0.0,cash
2025-01-17,0.0001211499702025165,60.11768821640954,0.0001211499702025165,61.654636841765615,0.0,cash
2025-01-20,0.0001211499702025165,60.1249714725456,0.0001211499702025165,61.66210629918184,0.0,cash
2025-01-21,0.0001211499702025165,60.13225561104793,0.0001211499702025165,61.66957666152261,0.0,cash
2025-01-22,0.0001211499702025165,60.13954063202342,0.0001211499702025165,61.67704792889756,0.0,cash
2025-01-23,0.0001211499702025165,60.14682653557898,0.0001211499702025165,61.684520101416325,0.0,cash
2025-01-24,0.0001211499702025165,60.15411332182154,0.0001211499702025165,61.69199317918857,0.0,cash
2025-01-27,0.0001211499702025165,60.16140099085804,0.0001211499702025165,61.69946716232396,0.0,cash
2025-02-05,0.0001211499702025165,60.16868954279543,0.0001211499702025165,61.70694205093219,0.0,cash
2025-02-06,0.0001211499702025165,60.17597897774066,0.0001211499702025165,61.71441784512295,0.0,cash
2025-02-07,-0.0013790317547527353,60.092994391857026,-0.0013790317547527353,61.62931170318845,1.5,0.399606
2025-02-10,0.003490030260471677,60.30272076072696,0.003490030260471677,61.84439986596462,1.5,1.H00852
2025-02-11,-0.004974741722587495,60.002730299773035,-0.004974741722587495,61.53673994964302,1.5,1.H00852
2025-02-12,0.02282394939791632,61.37222957987188,0.02282394939791632,62.94125138836641,1.5,1.H00852
2025-02-13,-0.017272584900517973,60.31217253391946,-0.017272584900517973,61.85409328001601,1.5,1.H00852
2025-02-14,0.00871329244050889,60.83769013092993,0.00871329244050889,62.393046083407306,1.5,1.H00852
2025-02-17,0.007796531673907481,61.31201310900309,0.007796531673907481,62.87949544342816,1.5,1.H00852
2025-02-18,-0.03335437120606277,59.26698946437441,-0.03335437120606277,60.78218941115813,1.5,1.H00852
2025-02-19,0.03258331305008544,61.19810433562824,0.03258331305008544,62.76267451661148,1.5,0.399606
2025-02-20,-0.001001584551006629,61.13680925977478,-0.001001584551006629,62.699812391435785,1.5,0.399606
2025-02-21,0.037634207031359335,63.43764459669387,0.037634207031359335,65.05947011180247,1.5,0.399606
2025-02-24,-0.013067941517363235,62.608645167105,-0.013067941517363235,64.2092767612308,1.5,1.H00852
2025-02-25,-0.006696677341519575,62.189375271631214,-0.006696677341519575,63.779287952428504,1.5,1.H00852
2025-02-26,0.020680465456783814,63.47548049871515,0.020680465456783814,65.09827331378698,1.5,1.H00852
2025-02-27,-0.005779799101297778,63.10860497357423,-0.005779799101297778,64.72201837219191,1.5,1.H00852
2025-02-28,-0.0529364778706809,59.76785770294108,-0.0529364778706809,61.29586267888657,1.5,1.H00852
2025-03-03,0.0007159020397362603,59.810645634181284,0.0007159020397362603,61.33974451200578,1.5,1.H00852
2025-03-04,0.020014326445625397,61.00771542082741,0.020014326445625397,62.56741818276032,1.5,1.H00852
2025-03-05,0.00951951436818721,61.58847924434625,0.008005235096635088,63.0682850747028,0.0,cash
2025-03-06,0.03200310693525532,63.55950193158282,-0.0013790317547527353,62.981311906866985,1.5,1.H00852
2025-03-07,-0.006305586177528966,63.158722014752406,-0.006305586177528966,62.5841778170644,1.5,1.H00852
2025-03-10,0.002982732846533498,63.34710760945089,0.002982732846533498,62.77084969991265,1.5,1.H00852
2025-03-11,0.007017330537607558,63.7916352021478,0.007017330537607558,63.211333500383425,1.5,1.H00852
2025-03-12,0.0034275207804470575,64.01028235742186,0.0034275207804470575,63.42799165951576,1.5,1.H00852
2025-03-13,-0.022911659505783888,62.54370056317952,-0.022911659505783888,61.97475111147724,1.5,1.H00852
2025-03-14,0.02413764639801963,64.05335829179717,0.022601439928422673,63.37546972580224,0.0,cash
2025-03-17,0.004142022473127227,64.31866874132106,0.0001211499702025165,63.38314766207109,0.0,cash
2025-03-18,0.005029322509462197,64.64214806980043,0.0001211499702025165,63.39082652852169,0.0,cash
2025-03-19,-0.013748320058101893,63.7534271288936,0.0001211499702025165,63.39850632526674,0.0,cash
2025-03-20,-0.01577321025889611,62.747830918064345,0.0001211499702025165,63.40618705241893,0.0,cash
2025-03-21,-0.025159314128584076,61.16913852910948,0.0001211499702025165,63.41386871009099,0.0,cash
2025-03-24,-0.0013790317547527353,61.08478434466697,0.0001211499702025165,63.42155129839564,0.0,cash
2025-03-25,0.01144762509239583,61.78406005469457,0.0001211499702025165,63.42923481744564,0.0,cash
2025-03-26,-0.0009706589660924969,61.72408880284088,0.0001211499702025165,63.436919267353744,0.0,cash
2025-03-27,-0.001978275856995948,61.60198152816715,0.0001211499702025165,63.444604648232726,0.0,cash
2025-03-28,-0.0013790317547527353,61.51703043948412,0.0001211499702025165,63.45229096019537,0.0,cash
2025-03-31,-0.005933070722240363,61.15204554726444,0.0001211499702025165,63.45997820335448,0.0,cash
2025-04-01,-0.0013790317547527353,61.06771493458668,0.0001211499702025165,63.46766637782287,0.0,cash
2025-04-02,0.001970087366446549,61.18802366827707,0.0001211499702025165,63.47535548371337,0.0,cash
2025-04-03,0.006265190827110967,61.571378312892605,0.0001211499702025165,63.48304552113882,0.0,cash
2025-04-07,-0.09485432564259433,55.73106674413812,0.0001211499702025165,63.49073649021207,0.0,cash
2025-04-08,0.0001211499702025165,55.73781856121352,0.0001211499702025165,63.498428391046,0.0,cash
2025-04-09,0.0001211499702025165,55.744571196271366,0.0001211499702025165,63.50612122375348,0.0,cash
2025-04-10,0.0001211499702025165,55.75132464941075,0.0001211499702025165,63.513814988447415,0.0,cash
2025-04-11,0.0001211499702025165,55.758078920730775,0.0001211499702025165,63.521509685240716,0.0,cash
2025-04-14,0.0001211499702025165,55.764834010330574,0.0001211499702025165,63.529205314246305,0.0,cash
2025-04-15,0.0001211499702025165,55.771589918309274,0.0001211499702025165,63.536901875577115,0.0,cash
2025-04-16,-0.0013790317547527353,55.69467912479888,-0.0013790317547527353,63.44928247029208,1.5,1.H11077
2025-04-17,-0.002207006542091716,55.57176060361075,-0.002207006542091716,63.30924948878912,0.0,cash
2025-04-18,0.0001211499702025165,55.57849312075198,0.0001211499702025165,63.316919402478234,0.0,cash
2025-04-21,0.0001211499702025165,55.58522645353746,0.0001211499702025165,63.32459024537716,0.0,cash
2025-04-22,0.0001211499702025165,55.591960602066,0.0001211499702025165,63.332262017598474,0.0,cash
2025-04-23,0.0001211499702025165,55.59869556643644,0.0001211499702025165,63.339934719254764,0.0,cash
2025-04-24,0.0001211499702025165,55.605431346747615,0.0001211499702025165,63.34760835045863,0.0,cash
2025-04-25,0.0001211499702025165,55.61216794309837,0.0001211499702025165,63.35528291132269,0.0,cash
2025-04-28,0.0001211499702025165,55.61890535558757,0.0001211499702025165,63.36295840195957,0.0,cash
2025-04-29,0.0001211499702025165,55.6256435843141,0.0001211499702025165,63.37063482248191,0.0,cash
2025-04-30,0.0001211499702025165,55.632382629376835,0.0001211499702025165,63.37831217300237,0.0,cash
2025-05-06,0.0001211499702025165,55.639122490874676,0.0001211499702025165,63.38599045363362,0.0,cash
2025-05-07,0.0001211499702025165,55.64586316890654,0.0001211499702025165,63.393669664488336,0.0,cash
2025-05-08,-0.0013790317547527353,55.56912575657599,-0.0013790317547527353,63.3062477809707,1.5,0.399606
2025-05-09,-0.013112055451542037,54.84050029826206,-0.013112055451542037,62.476172749637556,1.5,0.399606
2025-05-12,0.039417210572687544,57.00215984643019,0.039417210572687544,64.93880920668562,1.5,0.399606
2025-05-13,-0.001836613648604768,56.89746890165628,-0.001836613648604768,64.81954170337248,1.5,0.399606
2025-05-14,0.015123056394844347,57.757932532579936,0.015123056394844347,65.79981128804054,1.5,0.399606
2025-05-15,-0.028736208331377133,56.0981885505341,-0.028736208331377133,63.90897420270211,1.5,0.399606
2025-05-16,-0.0028492619005109354,55.93835011920938,-0.0028492619005109354,63.72688079740561,1.5,0.399606
2025-05-19,-0.004685851811038422,55.676231299996786,-0.004685851811038422,63.42826607760926,1.5,0.399606
2025-05-20,0.011565201072325948,56.320138109930575,0.011565201072325948,64.1618267284658,1.5,0.399606
2025-05-21,0.012533620906871157,57.02603337042307,0.011014820475510945,64.8685577312607,0.0,cash
2025-05-22,-0.014337869424609573,56.20840155015452,0.0001211499702025165,64.87641655509691,0.0,cash
2025-05-23,-0.017299351129690277,55.23603267529977,0.0001211499702025165,64.88427633102941,0.0,cash
2025-05-26,-0.011253196794429265,54.6144507294611,0.0001211499702025165,64.89213705917352,0.0,cash
2025-05-27,-0.010088138904880806,54.063492564288524,0.0001211499702025165,64.89999873964462,0.0,cash
2025-05-28,-0.0041546405266021935,53.83887818707127,0.0001211499702025165,64.90786137255807,0.0,cash
2025-05-29,0.01959887438604624,54.894059597745326,0.0001211499702025165,64.91572495802927,0.0,cash
2025-05-30,0.0001211499702025165,54.90071001142989,0.0001211499702025165,64.92358949617362,0.0,cash
2025-06-03,0.0001211499702025165,54.907361230811865,0.0001211499702025165,64.93145498710652,0.0,cash
2025-06-04,-0.0013790317547527353,54.8316422361049,-0.0013790317547527353,64.841912448797,1.5,0.399606
2025-06-05,0.015961214826553993,55.70682185712812,0.015961214826553993,65.87686814315686,0.0,cash
2025-06-06,0.0001211499702025165,55.713570736936184,0.0001211499702025165,65.88484912376943,0.0,cash
2025-06-09,0.0001211499702025165,55.72032043437084,0.0001211499702025165,65.89283107127757,0.0,cash
2025-06-10,0.0001211499702025165,55.72707094953114,0.0001211499702025165,65.90081398579841,0.0,cash
2025-06-11,0.0001211499702025165,55.73382228251615,0.0001211499702025165,65.90879786744911,0.0,cash
2025-06-12,0.0001211499702025165,55.74057443342495,0.0001211499702025165,65.91678271634683,0.0,cash
2025-06-13,0.0001211499702025165,55.74732740235663,0.0001211499702025165,65.92476853260877,0.0,cash
2025-06-16,0.0001211499702025165,55.7540811894103,0.0001211499702025165,65.9327553163521,0.0,cash
2025-06-17,0.0001211499702025165,55.760835794685065,0.0001211499702025165,65.94074306769404,0.0,cash
2025-06-18,0.0001211499702025165,55.76759121828006,0.0001211499702025165,65.94873178675182,0.0,cash
2025-06-19,0.0001211499702025165,55.77434746029442,0.0001211499702025165,65.95672147364267,0.0,cash
2025-06-20,0.0001211499702025165,55.7811045208273,0.0001211499702025165,65.96471212848387,0.0,cash
2025-06-23,0.0001211499702025165,55.78786239997786,0.0001211499702025165,65.97270375139266,0.0,cash
2025-06-24,-0.0013790317547527353,55.71092916619852,-0.0013790317547527353,65.8817252979726,1.5,0.399606
2025-06-25,0.046857149196347425,58.321384486006224,0.046857149196347425,68.96875512957247,1.5,0.399606
2025-06-26,-0.00990140508206494,57.74392083326342,-0.00990140508206494,68.28586754702883,1.5,0.399606
2025-06-27,0.0069774315332344905,58.14682508733802,0.0069774315332344905,68.76232751252574,1.5,0.399606
2025-06-30,0.02032903927464469,59.328894178234414,0.02032903927464469,70.16019956914386,1.5,0.399606
2025-07-01,-0.0035886229665538227,59.11598514600616,-0.0035886229665538227,69.90842106563203,1.5,0.399606
2025-07-02,-0.016959350729001232,58.11341642022462,-0.016959350729001232,68.72281963386928,1.5,0.399606
2025-07-03,0.028450512660093796,59.76677290980952,0.028450512660093796,70.67801908390003,1.5,0.399606
2025-07-04,-0.0053756343198831935,59.44548859416688,-0.0053756343198831935,70.29807989885126,1.5,0.399606
2025-07-07,-0.01818219932674303,58.36463887147211,-0.01818219932674303,69.01990619784303,1.5,0.399606
2025-07-08,0.035779079331065056,60.452871915783476,0.035779079331065056,71.48937489711832,1.5,0.399606
2025-07-09,0.002476528074347062,60.60258515025782,0.002476528074347062,71.66642034106856,1.5,0.399606
2025-07-10,0.003304101294137496,60.80282223028087,0.003304101294137496,71.90321345326369,1.5,0.399606
2025-07-11,0.012042493107561114,61.535039797909285,0.012042493107561114,72.76910740568611,1.5,0.399606
2025-07-14,-0.006862446165320946,61.11275890001525,-0.006862446165320946,72.26973332361614,1.5,0.399606
2025-07-15,0.025869709727490697,62.69372823340477,0.025869709727490697,74.13933034678125,1.5,0.399606
2025-07-16,-0.003258157685390062,62.48946218093535,-0.003258157685390062,73.8977727178222,1.5,0.399606
2025-07-17,0.026286150270380393,64.13206957413867,0.026286150270380393,75.8402606761293,1.5,0.399606
2025-07-18,0.005156057687471627,64.46273822447988,0.005156057687471627,76.23129743520832,1.5,0.399606
2025-07-21,0.012938785864770264,65.29680779062316,0.012938785864770264,77.21763786891609,1.5,0.399606
2025-07-22,0.00906056796200172,65.88843395531187,0.00906056796200172,77.91727352469263,1.5,0.399606
2025-07-23,-0.00017793439830415814,65.87671013646083,-0.00017793439830415814,77.90340936151051,1.5,0.399606
2025-07-24,0.022462458601878232,67.35646301072902,0.022462458601878232,79.65331146923862,1.5,0.399606
2025-07-25,-0.003454384029862423,67.12378792059674,-0.003454384029862423,79.37815834217362,1.5,0.399606
2025-07-28,0.014385680848257643,68.08940931094858,0.014385680848257643,80.5200671944066,1.5,0.399606
2025-07-29,0.02787333714006479,69.98728837234052,0.02787333714006479,82.76443017385697,1.5,0.399606
2025-07-30,-0.02431155914833716,68.28578827144463,-0.02431155914833716,80.75229783430682,1.5,0.399606
2025-07-31,-0.02500215841770448,66.57849617540414,-0.02500215841770448,78.73331609125982,1.5,0.399606
2025-08-01,-0.003723841757116819,66.33056839122013,-0.003723841757116819,78.44012568112291,1.5,0.399606
2025-08-04,0.004465767765511108,66.62678530540967,0.004465767765511108,78.79042106591231,1.5,1.H00905
2025-08-05,0.009893292456723213,67.2859435778874,0.009893292456723213,79.56991774430576,1.5,1.H00905
2025-08-06,0.009818474236151786,67.94658888136205,0.009818474236151786,80.35117293165094,1.5,1.H00852
2025-08-07,0.00016606577976396864,67.95787248462693,0.00016606577976396864,80.36451651183879,1.5,1.H00852
2025-08-08,-0.005272525083424462,67.59956289733557,-0.005272525083424462,79.94079258271283,1.5,1.H00852
2025-08-11,0.02317401172627176,69.16611596060928,0.02317401172627176,81.79334144743207,1.5,1.H00852
2025-08-12,0.004192176444713924,69.4560725227117,0.004192176444713924,82.13623356678244,1.5,1.H00852
2025-08-13,0.021664713390674883,70.96081842715817,0.021664713390674883,83.91569152599631,1.5,1.H00852
2025-08-14,-0.01869383963516802,69.6342882671006,-0.01869383963516802,82.34698504573511,1.5,1.H00852
2025-08-15,0.030293591291377098,71.74376093573008,0.030293591291377098,84.84157095478776,1.5,1.H00852
2025-08-18,0.02217324770511886,73.33455311825486,0.02217324770511886,86.72278412325969,1.5,0.399606
2025-08-19,-0.002625646994424913,73.14200246927243,-0.002625646994424913,86.49508070577829,1.5,0.399606
2025-08-20,0.00428093639594751,73.45511872971562,0.00428093639594751,86.86536064484207,1.5,0.399606
2025-08-21,-0.007071134998405282,72.93570766885391,-0.007071134998405282,86.25112395303724,1.5,0.399606
2025-08-22,0.050272367333903833,76.60235835654076,0.050272367333903833,90.5871721393664,1.5,0.399606
2025-08-25,0.04491512611314885,80.04296294268941,0.04491512611314885,94.65590640023957,1.5,0.399606
2025-08-26,-0.011370780000959924,79.13281202044311,-0.011370780000959924,93.579594912771,1.5,0.399606
2025-08-27,-0.010413957254707507,78.30872629861742,-0.010413957254707507,92.60506101143656,1.5,0.399606
2025-08-28,0.057211618466756375,82.78889527023156,0.057211618466756375,97.90314643011357,1.5,0.399606
2025-08-29,0.033353391998774296,85.55018574732507,0.033353391998774296,101.16854845091055,1.5,0.399606
2025-09-01,0.03432264024172893,88.4864939953436,0.03432264024172893,104.64092014316907,1.5,0.399606
2025-09-02,-0.04419419632949195,84.57590450720497,-0.04419419632949195,100.01639877426317,0.0,cash
2025-09-03,-0.0013790317547527353,84.45927164920259,-0.0013790317547527353,99.87847298435744,1.5,0.399606
2025-09-04,-0.0637597941489274,79.07416587488109,-0.0637597941489274,93.5102421069656,1.5,0.399606
2025-09-05,0.0984527374002706,86.8592339629062,0.09685045730766317,102.56675181797553,0.0,cash
2025-09-08,-0.0125021563452552,85.77330623987285,0.0001211499702025165,102.57917777690204,0.0,cash
2025-09-09,-0.029127697269389796,83.27492734192317,0.0001211499702025165,102.59160524123311,0.0,cash
2025-09-10,0.01651539352206477,84.65024553749639,0.0001211499702025165,102.60403421115112,0.0,cash
2025-09-11,0.06579766351471772,90.22003390981081,0.0001211499702025165,102.61646468683846,0.0,cash
2025-09-12,-0.014039985773378616,88.95334591724333,0.0001211499702025165,102.62889666847755,0.0,cash
2025-09-15,0.018210323953540053,90.57321516314764,0.0001211499702025165,102.64133015625086,0.0,cash
2025-09-16,0.008182671296617539,91.31434601110548,0.0001211499702025165,102.65376515034083,0.0,cash
2025-09-17,0.023678478472645148,93.47653078737312,0.0001211499702025165,102.66620165092998,0.0,cash
2025-09-18,-0.01984249146618522,91.62172352293607,-0.001217166612457965,102.54123977805259,1.3381544652867952,0.399606
2025-09-19,-0.0018774767839320194,91.44970586411792,-0.002078581805730839,102.32809942271284,1.3381544652867952,0.399606
2025-09-22,0.006513007709985752,92.04531850348684,0.007269002493321963,103.07192263255344,1.3374973335894325,0.399606
2025-09-23,0.0013961831632198773,92.17383062743463,0.001544122414007143,103.23107829854517,0.0,cash
2025-09-24,0.0001211499702025165,92.18499748426859,0.0001211499702025165,103.24358474060502,0.0,cash
2025-09-25,0.0001211499702025165,92.19616569396693,0.0001211499702025165,103.25609269781994,0.0,cash
2025-09-26,0.0001211499702025165,92.20733525669354,0.0001211499702025165,103.26860217037351,0.0,cash
2025-09-29,-0.0010789776254053196,92.10784560505331,0.0001211499702025165,103.28111315844932,0.0,cash
2025-09-30,0.010124170319020687,93.04036112167694,0.0001211499702025165,103.29362566223094,0.0,cash
2025-10-09,0.022082391945502655,95.09491484271692,0.0001211499702025165,103.30613968190202,0.0,cash
2025-10-10,-0.025140100739997173,92.70421910370956,0.0001211499702025165,103.31865521764622,0.0,cash
2025-10-13,0.0001211499702025165,92.71545021709163,0.0001211499702025165,103.33117226964721,0.0,cash
2025-10-14,0.0001211499702025165,92.72668269112275,0.0001211499702025165,103.34369083808868,0.0,cash
2025-10-15,0.0001211499702025165,92.73791652596775,0.0001211499702025165,103.35621092315432,0.0,cash
2025-10-16,0.0001211499702025165,92.7491517217915,0.0001211499702025165,103.36873252502791,0.0,cash
2025-10-17,0.0001211499702025165,92.76038827875891,0.0001211499702025165,103.38125564389318,0.0,cash
2025-10-20,0.0001211499702025165,92.77162619703486,0.0001211499702025165,103.39378027993394,0.0,cash
2025-10-21,0.0001211499702025165,92.78286547678427,0.0001211499702025165,103.40630643333398,0.0,cash
2025-10-22,-0.0010574273171953807,92.68475434026145,0.0001211499702025165,103.41883410427714,0.0,cash
2025-10-23,0.007436408114000814,93.37399599948154,0.0001211499702025165,103.43136329294725,0.0,cash
2025-10-24,-0.008086040484142298,92.61897008766358,0.0001211499702025165,103.4438939995282,0.0,cash
2025-10-27,0.003603436414279404,92.95271665713052,-0.0012548851330672628,103.31408379484161,1.3758684168520872,1.H20955
2025-10-28,-0.005843260846714271,92.40956968729219,-0.00672550598912558,102.61924430551838,1.3753128741940708,1.H20955
2025-10-29,-0.0009432807793225972,92.3224015163807,-0.001101371494581005,102.50622239504483,1.3765429090523376,1.H20955
2025-10-30,-0.000166014201990472,92.3070746865671,-0.00020872900106505554,102.48482637364135,1.377263926333563,1.H20955
2025-10-31,-0.0001727777876947556,92.29112607441418,-0.0002181722908828343,102.46246702429069,1.3866432464027938,1.H20955
2025-11-03,0.011302354317103802,93.33423308163171,0.012975263414565008,103.79194452403704,1.3970792746830867,1.H20955
2025-11-04,0.0034947481734541874,93.66041272221449,0.004010771324251428,104.20823027882234,1.3977838580310409,1.H20955
2025-11-05,0.0022242359581203797,93.86873558004363,0.002542645490279938,104.47319486559084,1.409548422445924,1.H20955
2025-11-06,0.006497821982109242,94.47867791352844,0.007475066950612286,105.2541389917555,1.4295255321277855,1.H20955
2025-11-07,0.005568377952966719,95.00477090064759,0.006436098766919196,105.93156502593348,1.4295265197493565,1.H20955
2025-11-10,0.011350803637240503,96.08315139974185,0.011689367851548838,107.16983805661188,0.0,cash
2025-11-11,0.00098170010962928,96.17747624000451,0.0001211499702025165,107.18282167929905,0.0,cash
2025-11-12,0.004144017213113305,96.57603735705689,0.0001211499702025165,107.19580687495173,0.0,cash
2025-11-13,0.0008269679867214386,96.6559026482356,0.0001211499702025165,107.20879364376046,0.0,cash
2025-11-14,-0.006634399568348881,96.01464876942777,0.0001211499702025165,107.22178198591585,0.0,cash
2025-11-17,-0.008073015993191879,95.23952097433147,0.0001211499702025165,107.23477190160851,0.0,cash
2025-11-18,-0.012309212301863437,94.06719749113064,0.0001211499702025165,107.24776339102907,0.0,cash
2025-11-19,0.0001211499702025165,94.07859372930373,0.0001211499702025165,107.26075645436818,0.0,cash
2025-11-20,0.0001211499702025165,94.08999134813074,0.0001211499702025165,107.27375109181652,0.0,cash
2025-11-21,0.0001211499702025165,94.10139034777892,0.0001211499702025165,107.28674730356481,0.0,cash
2025-11-24,0.0001211499702025165,94.11279072841556,0.0001211499702025165,107.29974508980376,0.0,cash
2025-11-25,0.0001211499702025165,94.12419249020799,0.0001211499702025165,107.31274445072413,0.0,cash
2025-11-26,0.0001211499702025165,94.13559563332352,0.0001211499702025165,107.32574538651669,0.0,cash
2025-11-27,0.0001211499702025165,94.1470001579295,0.0001211499702025165,107.33874789737223,0.0,cash
2025-11-28,0.0001211499702025165,94.15840606419329,0.0001211499702025165,107.35175198348158,0.0,cash
2025-12-01,0.0001211499702025165,94.16981335228228,0.0001211499702025165,107.36475764503557,0.0,cash
2025-12-02,0.0001211499702025165,94.18122202236388,0.0001211499702025165,107.37776488222507,0.0,cash
2025-12-03,0.0001211499702025165,94.19263207460553,0.0001211499702025165,107.39077369524097,0.0,cash
2025-12-04,0.0001211499702025165,94.20404350917467,0.0001211499702025165,107.40378408427416,0.0,cash
2025-12-05,0.0001211499702025165,94.21545632623877,0.0001211499702025165,107.41679604951561,0.0,cash
2025-12-08,0.0001211499702025165,94.22687052596531,0.0001211499702025165,107.42980959115626,0.0,cash
2025-12-09,0.0001211499702025165,94.2382861085218,0.0001211499702025165,107.44282470938708,0.0,cash
2025-12-10,0.0001211499702025165,94.24970307407578,0.0001211499702025165,107.4558414043991,0.0,cash
2025-12-11,0.0001211499702025165,94.2611214227948,0.0001211499702025165,107.46885967638332,0.0,cash
2025-12-12,-0.001166998142357878,94.15111886919783,-0.0013790317547527353,107.32065670624252,1.5,0.399606
2025-12-15,-0.02409783197956661,91.8822810259997,-0.028078690713423615,104.30723317942642,0.0,cash
2025-12-16,0.0001211499702025165,91.89341256160814,0.0001211499702025165,104.31986999761801,0.0,cash
2025-12-17,-0.0011788122723148664,91.78508747913563,0.0001211499702025165,104.33250834675975,0.0,cash
2025-12-18,-0.028212146851928965,89.1956331123571,0.0001211499702025165,104.34514822703711,0.0,cash
2025-12-19,0.006291762734162987,89.7568308728235,0.0001211499702025165,104.3577896386356,0.0,cash
2025-12-22,0.02591035011611864,92.08246178605161,-0.0013790317547527353,104.2138769328681,1.5,1.H00905
2025-12-23,0.00015078706661819652,92.0963466303513,0.00018098271220434725,104.23273784296474,1.5,1.H00905
2025-12-24,0.01705276648061016,93.66684412315601,0.019662350201812062,106.28219843692678,1.5,1.H00905
2025-12-25,0.010596350653505837,94.65937084809225,0.011909608883236,107.54797785156106,1.5,1.H00905
2025-12-26,0.008603528279686579,95.47377542212115,0.009679843620207684,108.58902545883373,1.5,1.H00905
2025-12-29,-0.005119580929605627,94.9849897021926,-0.0057128498853061815,107.96867265719573,1.5,1.H00905
2025-12-30,0.005233501925671513,95.48209382870893,0.005661877916085745,108.57997810054259,1.5,1.H00905
2025-12-31,0.0011903359297653626,95.59574959564246,0.0012843895002743189,108.71943708435494,1.5,1.H00905
2026-01-05,0.03547456077759503,98.98696682475283,0.03723442072458205,112.76754234569354,1.5,1.H00905
2026-01-06,0.031377676299562784,102.09294782765548,0.031882753423045695,116.36288209242416,1.5,1.H00905
2026-01-07,0.011193396367976005,103.23571465906552,0.011639202898544365,117.71725328695727,1.5,1.H00905
2026-01-08,0.0036720587522598436,103.61480226862514,0.0036720587522598436,118.14951795718163,1.5,1.H00905
2026-01-09,0.030816437501655747,106.80784134698264,0.030816437501655747,121.79046519315987,1.5,1.H00905
2026-01-12,0.03576807633509649,110.6281523694684,0.03576807633509649,126.14667584907573,1.5,1.H00905
2026-01-13,-0.01930340324425095,108.49265253411411,-0.01930340324425095,123.71161569723921,1.5,1.H00905
2026-01-14,0.015520085879508372,110.17646781873923,0.015520085879508372,125.6316305971531,1.5,1.H00905
2026-01-15,-0.0008655308496257064,110.08110668693931,-0.0008655308496257064,125.52289254518249,1.5,1.H00905
2026-01-16,0.001656018556509764,110.263403042334,0.001656018556509764,125.73076078450408,1.5,1.H00905
2026-01-19,0.010009948036173055,111.36713397707938,0.010009948036173055,126.98931916650548,1.5,1.H00905
2026-01-20,-0.007290411256578588,110.55522176991998,-0.007290411256578588,126.06351480458873,1.5,1.H00905
2026-01-21,0.016727123706698155,112.40449264088689,0.015202033021138206,127.97993651940884,0.0,cash
2026-01-22,0.008478742391170524,113.35754137759919,0.0001211499702025165,127.99544128490469,0.0,cash
2026-01-23,0.03616693081195277,117.45733573361589,0.0001211499702025165,128.0109479288024,0.0,cash
2026-01-26,-0.014637258856347257,115.73808230590608,-0.0013790317547527353,127.8344167666526,1.5,1.H00905
2026-01-27,0.007403708970239897,116.59497338407267,0.007403708970239897,128.78086558477324,1.5,1.H00905
2026-01-28,0.009104126706191096,117.65646879506625,0.009104126706191096,129.95330290238996,1.5,1.H00905
2026-01-29,-0.01459177449051785,115.93965213505798,-0.016069886828781965,127.86496803172213,0.0,cash
2026-01-30,-0.02595246345139457,112.93073255045549,0.0001211499702025165,127.88045886878912,0.0,cash
2026-02-02,-0.06122980019790558,106.01600636018799,0.0001211499702025165,127.89595158257056,0.0,cash
2026-02-03,0.0001211499702025165,106.02885019619951,0.0001211499702025165,127.91144617329381,0.0,cash
2026-02-04,0.0001211499702025165,106.0416955882414,0.0001211499702025165,127.92694264118627,0.0,cash
2026-02-05,-0.0013790317547527353,105.8954607226974,0.0001211499702025165,127.94244098647535,0.0,cash
2026-02-06,-0.005263068451841657,105.33812566417453,0.0001211499702025165,127.9579412093885,0.0,cash
2026-02-09,0.0001211499702025165,105.35088737495992,0.0001211499702025165,127.97344331015319,0.0,cash
2026-02-10,-0.0013790317547527353,105.20560515587847,0.0001211499702025165,127.98894728899693,0.0,cash
2026-02-11,0.0016068277614960103,105.37465244290793,0.0001211499702025165,128.00445314614723,0.0,cash
2026-02-12,-0.008684927822325106,104.45948119213868,0.0001211499702025165,128.01996088183168,0.0,cash
2026-02-13,-0.016196452076502887,102.76760821107385,0.0001211499702025165,128.03547049627784,0.0,cash
2026-02-24,0.015698458648412572,104.38090125897166,0.0001211499702025165,128.05098198971334,0.0,cash
2026-02-25,-0.0011292928398426438,104.26302465456358,0.0001211499702025165,128.0664953623658,0.0,cash
2026-02-26,-0.0013790317547527353,104.11924263271837,-0.0013790317547527353,127.88988759854121,1.5,1.H20955
2026-02-27,0.007900578954200821,104.94184492978975,0.007900578954200821,128.90029175295734,1.5,1.H20955
2026-03-02,0.012454182175893003,106.24880978441966,0.012454182175893003,130.50563946897444,1.5,1.H20955
2026-03-03,0.0019330604885399172,106.45419516056832,0.0019330604885399172,130.75791476416356,1.5,1.H20955
2026-03-04,-0.020745376973208995,104.24576275158277,-0.020745376973208995,128.04529253015025,1.5,1.H20955
2026-03-05,-0.0012296663036459599,104.11757524982929,-0.0012296663036459599,127.88783954858543,0.0,cash
2026-03-06,0.0001211499702025165,104.13018909096836,0.0001211499702025165,127.90333315653601,0.0,cash
2026-03-09,0.0001211499702025165,104.14280446027391,0.0001211499702025165,127.91882864153672,0.0,cash
2026-03-10,-0.0013790317547527353,103.99918822589419,-0.0013790317547527353,127.74242451480927,1.5,1.H20955
2026-03-11,0.015735190625072892,105.63563527748147,0.015735190625072892,129.75247591545877,1.5,1.H20955
2026-03-12,0.008044424808020034,106.4854132025186,0.008044424808020034,130.7962599516151,1.5,1.H20955
2026-03-13,-0.0028768512266731383,106.17907051092413,-0.0028768512266731383,130.41997857072903,1.5,1.H20955
2026-03-16,-0.0009743837205575812,106.07561135315436,-0.0024729221449767413,130.0974601175741,0.0,cash
2026-03-17,-0.0012086534756255984,105.94740269681326,0.0001211499702025165,130.11322142099075,0.0,cash
2026-03-18,0.0001211499702025165,105.96023822149301,0.0001211499702025165,130.12898463388885,0.0,cash
2026-03-19,0.0001211499702025165,105.9730753011962,0.0001211499702025165,130.14474975649972,0.0,cash
2026-03-20,0.0001211499702025165,105.98591393611122,0.0001211499702025165,130.16051678905472,0.0,cash
2026-03-23,0.0001211499702025165,105.99875412642646,0.0001211499702025165,130.17628573178527,0.0,cash
2026-03-24,0.0001211499702025165,106.01159587233039,0.0001211499702025165,130.19205658492274,0.0,cash
2026-03-25,0.0001211499702025165,106.02443917401145,0.0001211499702025165,130.2078293486986,0.0,cash
2026-03-26,0.0001211499702025165,106.03728403165812,0.0001211499702025165,130.22360402334434,0.0,cash
2026-03-27,0.0001211499702025165,106.0501304454589,0.0001211499702025165,130.23938060909143,0.0,cash
2026-03-30,0.0001211499702025165,106.06297841560234,0.0001211499702025165,130.25515910617142,0.0,cash
2026-03-31,0.0001211499702025165,106.07582794227699,0.0001211499702025165,130.27093951481586,0.0,cash
2026-04-01,0.0001211499702025165,106.0886790256714,0.0001211499702025165,130.28672183525634,0.0,cash
2026-04-02,0.0001211499702025165,106.10153166597418,0.0001211499702025165,130.30250606772447,0.0,cash
2026-04-03,0.0001211499702025165,106.11438586337395,0.0001211499702025165,130.3182922124519,0.0,cash
2026-04-07,0.0001211499702025165,106.12724161805936,0.0001211499702025165,130.33408026967027,0.0,cash
2026-04-08,0.0001211499702025165,106.14009893021907,0.0001211499702025165,130.3498702396113,0.0,cash
2026-04-09,0.0001211499702025165,106.15295780004176,0.0001211499702025165,130.36566212250673,0.0,cash
2026-04-10,0.0001211499702025165,106.16581822771614,0.0001211499702025165,130.3814559185883,0.0,cash
2026-04-13,0.0001211499702025165,106.17868021343095,0.0001211499702025165,130.3972516280878,0.0,cash
2026-04-14,0.0001211499702025165,106.19154375737494,0.0001211499702025165,130.41304925123703,0.0,cash
2026-04-15,-0.0013790317547527353,106.04510224644731,-0.0013790317547527353,130.23320551508544,1.5,0.399606
2026-04-16,0.04744036123401019,111.07592020411631,0.04744036123401019,136.41151582938417,1.5,0.399606
2026-04-17,0.021457927695077483,113.45937926852044,0.021457927695077483,139.33862427282702,1.5,0.399606
2026-04-20,-0.0003547056085111411,113.4191345903557,-0.0003547056085111411,139.28920008131522,1.5,0.399606
2026-04-21,0.005003141299692482,113.98658654680008,0.005003141299692482,139.98608363084318,1.5,0.399606
2026-04-22,0.030388092061094607,117.45042143251418,0.030388092061094607,144.23999362748933,1.5,0.399606
2026-04-23,-0.013056669212172523,115.91691013103959,-0.013056669212172523,142.35669974352933,1.5,0.399606
2026-04-24,-0.021210709415456996,113.45823023391246,-0.021210709415456996,139.33721315192588,1.5,0.399606
2026-04-27,-0.007822769569206578,112.57067264306258,-0.007822769569206578,138.24721024102294,1.5,0.399606
2026-04-28,-0.02141050848591408,110.16047730117323,-0.02141050848591408,135.28726717300358,1.5,0.399606
2026-04-29,0.037720411970258105,114.31577588781376,0.037720411970258105,140.39035862509965,1.5,0.399606
2026-04-30,-0.0038441888298379467,113.87632445907157,-0.0038441888298379467,139.8506715766561,1.5,0.399606
2026-05-06,0.04116599707802315,118.56415689900973,0.04116599707802315,145.60776391414032,1.5,0.399606
2026-05-07,0.021733040781444446,121.14091655611348,0.021733040781444446,148.77226338538128,1.5,0.399606
2026-05-08,-0.017414383453420945,119.03132218330646,-0.017414383453420945,146.1814861435549,1.5,1.H00905
2026-05-11,0.025371629417091146,122.0513407787677,0.025371629417091146,149.89034863762882,1.5,1.H00905
2026-05-12,-0.009162907935983622,120.93299557974848,-0.009162907935983622,148.51691717256975,1.5,1.H00905
2026-05-13,0.022520862208672998,123.65651090968205,0.022520862208672998,151.86164619987008,1.5,1.H00905
2026-05-14,-0.04152100453594665,118.52216835930182,-0.04152100453594665,145.55619809916894,1.5,1.H00905
2026-05-15,-0.02311770543053826,115.78220778418282,-0.02311770543053826,142.19127278792328,1.5,1.H00905
2026-05-18,0.0001906814369592169,115.80428530193741,0.0001906814369592169,142.21838602414155,1.5,1.H00852
2026-05-19,0.015321519039997344,117.57858286410433,0.015321519039997344,144.39738773344814,1.5,1.H00852
2026-05-20,0.0001761055701119396,117.59928910747257,-0.001324158588243196,144.206182692361,0.0,cash
2026-05-21,-0.05199473453058667,111.48474528934382,0.0001211499702025165,144.2236532670972,0.0,cash
2026-05-22,-0.0013790317547527353,111.3310042854193,-0.0013790317547527353,144.02476426945543,1.5,1.H00852
2026-05-25,0.01845087806508361,113.38515907035287,0.01845087806508361,146.68214763334356,1.5,1.H00852
2026-05-26,-0.021955286972889176,110.89575536449658,-0.021955286972889176,143.4616989882538,1.5,0.399606
2026-05-27,0.001092002769481848,111.01685383647839,0.001092002769481848,143.61835956086355,1.5,0.399606
2026-05-28,0.029623807927239287,114.30559579121662,0.028079372215348508,147.65107293593078,0.0,cash
