date,V7.5_mt0_fee0.0005,V7.5_mt0_fee0.001,V7.5_mt0_fee0.002,V7.5_mt0_fee0.003
2008-12-15,0.0065454853568076565,0.006545786913327856,0.006546080494985951,0.006545961409624601
2008-12-16,0.009715958141646386,0.009716252884336418,0.009716539832360649,0.009716423437796662
2008-12-17,0.00715509822210314,0.00715526186169102,0.007155421173721477,0.007155356552073
2008-12-18,-4.995740279167826e-05,-5.019475732981338e-05,-5.042583487002705e-05,-5.0332103018635443e-05
2008-12-19,-0.001211174399879389,-0.0014856586934441918,-0.0020343547125306616,-0.002582696640663351
2008-12-22,0.00033807935650664867,0.0003381054194733224,0.0003380482170818322,0.00033784541615111685
2008-12-23,-0.003701197434931025,-0.0037012238561848765,-0.003701165867432965,-0.0037009602786008955
2008-12-24,0.002397753690361659,0.0023977804060950625,0.002397721771026262,0.0023975138907923466
2008-12-26,0.008291750498970352,0.0082810082613749,0.008259216409951753,0.008237018231579851
2008-12-29,0.0007606885796802576,0.0007607282536734594,0.0007606593118338889,0.0007603928733219689
2008-12-30,0.0034883218735517474,0.00348829376009796,0.003488342613088502,0.003488531414520768
2008-12-31,-0.006999402555880163,-0.006999372226796363,-0.0069994249299062394,-0.006999628610838249
2009-01-02,-0.009681779791410272,-0.009720509675364863,-0.009797917706058978,-0.00987524641065951
2009-01-05,-0.015775802869647526,-0.01577583108228764,-0.015775610627917547,-0.015775021507020592
2009-01-06,-0.001192204034480504,-0.0011921936415785206,-0.001192274852008901,-0.0011924918708939858
2009-01-07,-0.006836778706618252,-0.00683681969616623,-0.006836499402675278,-0.006835643481386211
2009-01-08,0.005833046656322338,0.005833076898045908,0.005832840588360755,0.00583220909725668
2009-01-09,-0.0016778848900459442,-0.00173238977082113,-0.0018412809028381938,-0.0019500120452082825
2009-01-12,-0.006497823549930892,-0.006497988099759544,-0.006497821280693983,-0.0064969938939972716
2009-01-13,0.0012646831828138083,0.0012646839649965713,0.0012646831720271035,0.0012646792390695882
2009-01-14,0.0023783773748091708,0.002378316831665561,0.0023783782097339667,0.0023786826317551135
2009-01-15,0.002672851523646269,0.0026728838066782945,0.0026728510784446158,0.0026726887534433974
2009-01-16,0.0019651061304353235,0.001957036965063663,0.0019405041250220023,0.0019234466953337304
2009-01-20,0.005304194972034271,0.00530430360496803,0.005304202954059756,0.0053036788036435745
2009-01-21,-0.011693430488811662,-0.011693458645502641,-0.011693432557681738,-0.01169329670255237
2009-01-22,-0.00530145074414623,-0.005301428254551932,-0.005301449091677624,-0.005301557603248019
2009-01-23,0.00956507556635744,0.009552577310558696,0.00952696901408201,0.009500552332922796
2009-01-26,-0.002001031405466147,-0.002001014477813534,-0.0020010426186581887,-0.002001153332336192
2009-01-27,0.006677977425551651,0.006677957052749539,0.006677990920874732,0.006678124167220689
2009-01-28,-0.012069402859693046,-0.012069438433299107,-0.012069379295074678,-0.012069146629338112
2009-01-29,-0.0020950470735764393,-0.0020949658992159836,-0.002095100844982767,-0.002095631758051719
2009-01-30,0.0060897822587400174,0.005900213719568059,0.005520827646217086,0.005141110222106393
2009-02-02,-0.004408271836742306,-0.004408447301369689,-0.004408418589080254,-0.004407884107058835
2009-02-03,-0.005834944966074618,-0.0058349658494770695,-0.005834962432205382,-0.005834898819366052
2009-02-04,0.002103356787142685,0.002103403543522342,0.002103395892506077,0.0021032534681058035
2009-02-05,0.003027113805306847,0.003027183428641278,0.0030271720357732956,0.0030269599564438643
2009-02-06,-0.003071824022241154,-0.003073564045203536,-0.0030771697274176724,-0.003080934672354929
2009-02-09,-0.0029479153585941775,-0.002948490593428721,-0.0029494092702984087,-0.0029500184027748677
2009-02-10,0.010005332902071729,0.010006135922498105,0.010007418383585875,0.0100082687246843
2009-02-11,0.008974387692149088,0.008975252300071901,0.008976633119264665,0.008977548677109315
2009-02-12,0.0011903814783449373,0.001190735682202737,0.0011913013622897317,0.0011916764387978063
2009-02-13,-0.006529608064280712,-0.006799295704512542,-0.007338528899444197,-0.007877575101376544
2009-02-17,0.0231980787608983,0.023199081648425324,0.023200629830195663,0.023201567245304977
2009-02-18,0.007233075900133112,0.007233558511369642,0.007234303530026631,0.0072347546345150615
2009-02-19,-0.00963670982770004,-0.009637086332484057,-0.009637667552039986,-0.009638019477119952
2009-02-20,0.013695037813815869,0.013684469803815436,0.01366306136549933,0.01364128614955784
2009-02-23,0.0010975250836797734,0.0010975124234939848,0.0010974941594859011,0.0010974853080547575
2009-02-24,-0.018077189870679855,-0.018077952813490672,-0.018079053460348105,-0.01807958687557254
2009-02-25,-0.01170365954155106,-0.011704072039256497,-0.011704667122265033,-0.01170495552206785
2009-02-26,-0.0022873091071157203,-0.0022873391895590345,-0.002287382587499498,-0.0022874036197879644
2009-02-27,-0.0009702690179471674,-0.0011133960712855773,-0.0014002056824363729,-0.0016878312224664072
2009-03-02,-0.004821562311153049,-0.004819568361396076,-0.004815105228627492,-0.004810011680450366
2009-03-03,-0.005482537010045085,-0.005481529559859033,-0.005479274546199564,-0.005476701012919305
2009-03-04,-0.005841693961566419,-0.005840466338643102,-0.005837718504061118,-0.005834582539134381
2009-03-05,0.019510538602489413,0.019507012656394984,0.019499120398578373,0.019490113363049844
2009-03-06,0.00018103926537116344,0.0001726057127275915,0.00015560147568338678,0.00013844572219134932
2009-03-09,-0.009200945812249395,-0.009199127908232407,-0.009194938520750151,-0.009190014694474558
2009-03-10,-0.0151480197138536,-0.015145402622959714,-0.015139371497153165,-0.015132283058606477
2009-03-11,0.007280313771103497,0.007279118549888608,0.007276364144403802,0.00727312686588566
2009-03-12,0.00990920404318496,0.00990710620431634,0.009902271702706633,0.009896589667765854
2009-03-13,0.00013725494560490326,0.00010988300712821975,5.538333133059403e-05,1.2630076460240502e-06
2009-03-16,-0.005157897241103382,-0.005157675355697888,-0.005157117368175368,-0.005156407216273529
2009-03-17,-0.004146577035383792,-0.004146196317892481,-0.0041452389065239625,-0.004144020407046867
2009-03-18,0.02079047406592105,0.020789054174779276,0.020785483495857626,0.02078093908522982
2009-03-19,0.005522102701629228,0.0055215040551694905,0.005519998605750365,0.005518082617085085
2009-03-20,-0.004172145639603109,-0.004187853064766767,-0.004218993372003599,-0.004249745130485372
2009-03-23,-0.007850771652668342,-0.00785027862689558,-0.007848993754612676,-0.007847310523332873
2009-03-24,-0.0032211204572684116,-0.0032207570165379007,-0.0032198098552596033,-0.003218569038166863
2009-03-25,0.002224800669093474,0.0022244723497764074,0.0022236167182587696,0.002222495808613667
2009-03-26,0.0017913427974307616,0.0017913526243160671,0.00179137823411879,0.0017914117839288313
2009-03-27,-0.003959151396092819,-0.003970858177271053,-0.003993976553956946,-0.00401669937303184
2009-03-30,-0.002609553645602669,-0.0026092696657826764,-0.0026085602194735324,-0.002607662193942706
2009-03-31,0.0024297167425231248,0.002429576105373421,0.0024292247617223595,0.0024287800267726034
2009-04-01,0.005057644596884625,0.005057341146250449,0.005056583057410524,0.005055623459588654
2009-04-02,-0.012396600966094296,-0.012395711385808084,-0.012393489011518821,-0.012390675903852566
2009-04-03,-0.007711886569991444,-0.007786676914454449,-0.007935895907473345,-0.00808461246384018
2009-04-06,-0.009728180777210937,-0.009727790564569516,-0.00972660288035998,-0.00972487241831288
2009-04-07,0.006219375304259422,0.006219119211349655,0.0062183397453023925,0.006217204059232984
2009-04-08,0.0012329065267704387,0.0012329352810551697,0.0012330228000285715,0.00123315031562643
2009-04-09,-0.003637673091086424,-0.003637631353713644,-0.003637504318314888,-0.0036373192270805488
2009-04-13,0.007741182384846779,0.007659862606339329,0.007497230002377897,0.007334625123869731
2009-04-14,-0.001690124791660974,-0.0016898131752848267,-0.001689092085810251,-0.0016882406893534707
2009-04-15,0.0003193603791522559,0.00031927398247644234,0.0003190740580234497,0.0003188380055267892
2009-04-16,-0.00911792425146607,-0.009116764727835291,-0.009114081555994913,-0.009110913512252017
2009-04-17,-0.005673904918475525,-0.005864943988824534,-0.006247619501641211,-0.006631098823080661
2009-04-20,0.006591741587517408,0.006592893288860813,0.006594857740286342,0.006596369513990341
2009-04-21,0.00014844533192337472,0.00014841793823294758,0.00014837121294752897,0.0001483352547877459
2009-04-22,0.00043831601316246527,0.00043860501792925,0.00043909797196572953,0.0004394773323002088
2009-04-23,0.009294792170738475,0.009295709130842322,0.009297273185268073,0.009298476827323654
2009-04-24,0.004938381325110042,0.0047287267969307045,0.004308954067766546,0.003888581879407438
2009-04-27,-0.0029217107916560403,-0.002921793096905101,-0.0029218421223240476,-0.0029217370599351478
2009-04-28,-0.0091144706586197,-0.009114632802708189,-0.009114721278803861,-0.009114495278872536
2009-04-29,0.003232144257319769,0.003232230209160969,0.003232268954419526,0.003232130012256862
2009-04-30,-0.003920773811881384,-0.00392089501979187,-0.003920974092130103,-0.003920835504545694
2009-05-01,-0.0018047368457422275,-0.002130909441923401,-0.002783278504825293,-0.003435644584026676
2009-05-04,0.024171122360156394,0.024171432590453623,0.024171573033213267,0.024171073611931604
2009-05-05,-0.004109438545148003,-0.004109547742134456,-0.004109664667450219,-0.004109646285586188
2009-05-06,0.01070017206314322,0.010700544671848888,0.010700966838160575,0.010700958191628418
2009-05-07,-0.010131008010471287,-0.010130764571905093,-0.010130216912631829,-0.010129588550942703
2009-05-08,0.009061428571103036,0.009019159169323165,0.00893445442800167,0.008849517617898428
2009-05-11,-0.0029830150351523033,-0.002983106780717004,-0.002983230229110956,-0.0029832735891001105
2009-05-12,0.007001325782616252,0.00700164295606176,0.007002069729307392,0.007002219629056672
2009-05-13,-0.004087015239142011,-0.004086863981151767,-0.004086660455716817,-0.004086588969483884
2009-05-14,0.003270192890230339,0.0032701661304694873,0.0032701301238298175,0.0032701174768647867
2009-05-15,0.002786037084173465,0.00263210767658828,0.0023240780090223456,0.0020158256868649804
2009-05-18,-0.002474130198771962,-0.002474674355615214,-0.0024754794848386164,-0.002475906761406521
2009-05-19,0.006347749284252968,0.0063480226192085265,0.006348427042975668,0.006348641667900834
2009-05-20,0.01205558437168186,0.012056184358685051,0.012057072093674792,0.012057543208557675
2009-05-21,0.006371000073883026,0.0063716652155771936,0.0063726493528204475,0.006373171627719332
2009-05-22,0.0013285954055968219,0.0013177807541122633,0.001296125620788624,0.0012744341232562295
2009-05-26,0.0009019520043009877,0.0009018052675755506,0.0009016010554101506,0.0009015159067156109
2009-05-27,-0.006600184527479236,-0.006600295792080879,-0.006600450638014399,-0.006600515202870527
2009-05-28,0.013028583348861034,0.01302887516978224,0.013029281294302697,0.013029450632758177
2009-05-29,0.02050428522747061,0.020428014435817543,0.020275051018769252,0.02012152516512722
2009-06-01,0.0023834358081911144,0.0023833091455767175,0.0023831391306083916,0.00238308022022915
2009-06-02,0.003996711782670248,0.003996915052669303,0.003997187895154353,0.003997282435384886
2009-06-03,-0.02017271032002199,-0.020173348870678454,-0.020174205975753368,-0.020174502963633878
2009-06-04,0.017758797686178607,0.01775939312343411,0.017760192358840632,0.01776046929481523
2009-06-05,-0.021739359616052667,-0.021948660232426365,-0.02236469075734082,-0.02277951694978697
2009-06-08,-0.004430207588546287,-0.004430741893215129,-0.004431021306374849,-0.004431042644889693
2009-06-09,0.004300684861348492,0.004301783508280366,0.0043023691641626005,0.004302416305883128
2009-06-10,0.0004030080799601876,0.00040284047727312533,0.0004027359881213499,0.00040272435011212693
2009-06-11,0.0013919647372828692,0.0013916385230490214,0.0013914768134286604,0.0013914663933800586
2009-06-12,-0.015409618504018896,-0.015588538050678946,-0.01594192190106436,-0.016294287484211134
2009-06-15,-0.019437381035979473,-0.01943314018747544,-0.019423731200717498,-0.019412903084950806
2009-06-16,-0.0013981182601806585,-0.0013986432020567374,-0.0013998206401211188,-0.00140122159714684
2009-06-17,0.004497591272272006,0.004495759002695943,0.004491694591377993,0.004487019910936363
2009-06-18,-0.005823725841000105,-0.005822127540009769,-0.005818575600739728,-0.005814466867143708
2009-06-19,0.005513254887379082,0.005235959376151733,0.004680835470124212,0.004124993835744606
2009-06-22,-0.016531194698390705,-0.016526102838751,-0.01651546601847298,-0.016503794523749837
2009-06-23,0.0024103688801599965,0.002409566934942209,0.00240787511430951,0.002406021676886416
2009-06-24,0.008778065413102887,0.008775755515714856,0.008770938022645502,0.008765650519854562
2009-06-25,0.011884969906208687,0.011881693074262456,0.011874848881650246,0.011867338745446432
2009-06-26,0.00022149828775042124,4.1983641686504924e-05,-0.0003169763599814024,-0.0006758620037844443
2009-06-29,0.0006586270539434835,0.0006589027436707529,0.0006595159294022768,0.0006602272421887267
2009-06-30,-0.007606163916124453,-0.007604768552988528,-0.007601733148720258,-0.007598248846747313
2009-07-01,0.009196406811795343,0.009194502157423123,0.009190347090278994,0.009185571030245088
2009-07-02,-0.014043263876898804,-0.014040413818611097,-0.014034304345797555,-0.014027341347202404
2009-07-06,-0.0058399298439779646,-0.005930283885832055,-0.006110561059534669,-0.006290090536134496
2009-07-07,-0.0066912065682716015,-0.006690401326210016,-0.006688746806476464,-0.006686858985991306
2009-07-08,-0.006867360069800599,-0.006866033853239584,-0.006863057988745758,-0.006859592467511888
2009-07-09,0.002746431987828979,0.002746111400464546,0.0027454082931464008,0.00274459364829438
2009-07-10,-0.000376583456052515,-0.0004812432236810382,-0.0006906914490024674,-0.0009003641703909659
2009-07-13,0.00575159159967531,0.00574999614002758,0.005746611126113299,0.005742813833242044
2009-07-14,0.0033553320066515013,0.0033544634924491668,0.0033525658087656396,0.0033503942996246927
2009-07-15,0.016126142723603243,0.016122844152120175,0.016115802963875936,0.01610787099540345
2009-07-16,0.0016047300964074918,0.001604489819922339,0.0016040511128612156,0.00160361415322674
2009-07-17,0.0007761347441019861,0.0004789358559007528,-0.00011533593283530319,-0.0007094768456282763
2009-07-20,0.017147894037708777,0.01714382804901393,0.01713521276326313,0.017125718373000476
2009-07-21,0.002297254925638814,0.0022969926368230364,0.0022964172862358634,0.002295766246436015
2009-07-22,0.0034646145663326244,0.003463159672692173,0.003460059508787028,0.0034566278923207072
2009-07-23,0.008013008833549051,0.008011445486110436,0.008008075902230738,0.00800431304119864
2009-07-24,-0.0016435370171727914,-0.001887207281632386,-0.0023741823774653392,-0.002860642661981827
2009-07-27,0.005465448606818857,0.005464111446141562,0.005461165824043324,0.005457801902811088
2009-07-28,-0.011056363226886523,-0.011053322633846951,-0.01104657510629814,-0.01103882310368065
2009-07-29,-0.00567017437544981,-0.00566970059778138,-0.005668611540427082,-0.005667325342996521
2009-07-30,0.008894187458776015,0.008892906630155961,0.008890075880844117,0.00888683451160377
2009-07-31,0.0025324955437540098,0.0020937576675992275,0.0012168772073783973,0.0003409484069032409
2009-08-03,0.01633847482511208,0.016335309986493796,0.016328311411116347,0.01632032062100275
2009-08-04,-0.002551969624238648,-0.002551969624238648,-0.002551969624238648,-0.002551969624238648
2009-08-05,-0.00708992977177092,-0.007088291346465714,-0.007084668209749068,-0.007080531407115065
2009-08-06,-0.005953237098686448,-0.005951372865953153,-0.005947250389302772,-0.0059425434534071675
2009-08-07,0.005797994042048282,0.005660604910808997,0.005384641295134829,0.005106950596274196
2009-08-10,-0.006581862609019162,-0.006581750087862104,-0.006581283227670154,-0.006580495109940965
2009-08-11,-0.0075946044002966895,-0.007594466791595256,-0.007593895840971587,-0.007592932005723196
2009-08-12,0.010701315759773733,0.01070106675540261,0.010700033614333693,0.010698289544465833
2009-08-13,0.010429019453079835,0.010428931009845765,0.010428564051077727,0.010427944579304071
2009-08-14,-0.010745273016292911,-0.01076712546086589,-0.01081042244708108,-0.010853171784771631
2009-08-17,-0.0280379551216956,-0.028037697730496358,-0.028036232708830378,-0.028033504195226655
2009-08-18,0.0143231968660118,0.014323070088815948,0.014322348497172399,0.014321004576695717
2009-08-19,0.006527158433622615,0.006527097070398558,0.0065267478026183046,0.006526097312654855
2009-08-20,0.00952556407389804,0.009525460256111895,0.00952486934505381,0.009523768809206468
2009-08-21,0.013048098005671305,0.012956874720073452,0.012774066226226788,0.012590799956170962
2009-08-24,0.00043758597901089047,0.00043759126428311035,0.0004376274742896591,0.0004376977892128764
2009-08-25,0.0043870295402062,0.004387013666887096,0.00438690491695759,0.004386693739338643
2009-08-26,-0.0016644187324975634,-0.0016644095023248262,-0.0016643462653538332,-0.001664223467729653
2009-08-27,0.002634808016536372,0.0026347948016902656,0.00263470426526613,0.0026345284558051407
2009-08-28,0.0011897746824598432,0.0011757964984970837,0.0011478139088378914,0.001119800602505494
2009-08-31,-0.009888499278033258,-0.009888474218790244,-0.009888174384445336,-0.009887542225325618
2009-09-01,-0.016425003818516304,-0.016424957507120475,-0.016424403390340347,-0.01642323511198307
2009-09-02,0.006003095971062189,0.006003097859442974,0.0060031204539570115,0.00600316809135526
2009-09-03,0.009096594088425336,0.009096577714385878,0.009096381798675335,0.009095968737579563
2009-09-04,0.009396650460310019,0.008981274298101694,0.008150467285219731,0.007319755653390603
2009-09-08,0.0077444770680257236,0.007744471277819631,0.007744485595712947,0.0077445344003821415
2009-09-09,0.0026607979511517055,0.0026607776644091974,0.0026608278290165543,0.0026609988225423375
2009-09-10,0.01081796188890971,0.010817997954858605,0.01081790877177946,0.010817604777988432
2009-09-11,0.006701186530737813,0.006399885453089338,0.005796775406331278,0.005193195628019565
2009-09-14,-0.0016637776574701668,-0.0016634199554272922,-0.0016628434436368744,-0.0016624529103628216
2009-09-15,0.0052959487725436905,0.005296238412116905,0.005296705226976339,0.005297021450752615
2009-09-16,0.017636986489989015,0.017638341068130226,0.017640524254624923,0.01764200316101361
2009-09-17,-0.0025891982118274592,-0.0025892201246328073,-0.00258925544171007,-0.002589279365754815
2009-09-18,0.00025936578342267147,0.00011226957701504503,-0.00018203801245986195,-0.0004764544179138852
2009-09-21,-0.0030625761822323794,-0.0030621768141119166,-0.003061528796223567,-0.00306108305077768
2009-09-22,0.009160129471863288,0.009160374482190203,0.009160772037894782,0.009161045500476694
2009-09-23,-0.008003165589751227,-0.008003776912812954,-0.00800476885047452,-0.008005451164501909
2009-09-24,-0.012863887618581482,-0.012865054788138486,-0.012866948646743315,-0.012868251355917737
2009-09-25,-0.0029172714749486905,-0.0029510900553393338,-0.0030183138536703513,-0.003084974657599826
2009-09-28,0.01440427511827691,0.014406651732741693,0.014410526003238111,0.01441322051759486
2009-09-29,-0.0024196326819569958,-0.002420258059082747,-0.0024212775261368558,-0.0024219865547440156
2009-09-30,0.0033590097670241903,0.003359108910754527,0.003359270531259284,0.003359382936619415
2009-10-01,-0.024135617988370273,-0.02413974755271253,-0.02414647941836834,-0.024151161360084883
2009-10-02,-0.003935296001562505,-0.003987841256342661,-0.0040927974718864,-0.004197546546899522
2009-10-05,0.012634596672864928,0.012635548097266192,0.012637097826924126,0.012638173766242655
2009-10-06,0.015604946370262773,0.01560703420317533,0.015610434974252074,0.015612796046259758
2009-10-07,0.003193348358343062,0.0031936855642566986,0.00319423482282577,0.0031946161595883815
2009-10-08,0.007499898881719869,0.007500403247602039,0.007501224785041005,0.007501795158349367
2009-10-09,-0.005231027724048487,-0.0056316944370741195,-0.006433336931211842,-0.007235116306969047
2009-10-12,0.007050066455434267,0.007050761522469529,0.007051882871474291,0.007052644008119557
2009-10-13,0.003863734126475782,0.003864405191123188,0.0038654878171668905,0.0038662226698766844
2009-10-14,0.012246003018749896,0.012245926839321575,0.012245803939339384,0.01224572051867412
2009-10-15,-0.007214593217477416,-0.007215851114207195,-0.007217880474217675,-0.007219257940344503
2009-10-16,-0.005376448522789512,-0.005493551368734639,-0.0057277898229916024,-0.005962038916529355
2009-10-19,0.016087179884864078,0.01608780972341317,0.016088575881576972,0.01608868265562524
2009-10-20,-0.0077780017708337645,-0.007778482753305949,-0.007779067837607623,-0.007779149376671679
2009-10-21,-0.0012096203161287011,-0.0012094228257123474,-0.00120918259129843,-0.001209149111526031
2009-10-22,0.005606650602324459,0.005606752014556182,0.00560687537602611,0.005606892568042143
2009-10-23,-0.00871362841102663,-0.008790113371440644,-0.008942857132299586,-0.009095304188060926
2009-10-26,-0.014855131288855072,-0.01485617569459552,-0.014857475363625028,-0.014857720680303665
2009-10-27,-0.009402856027715623,-0.009402862539047763,-0.009402870641814998,-0.009402872171238252
2009-10-28,-0.0271317382113222,-0.027132467393185422,-0.02713337479444522,-0.02713354606932994
2009-10-29,0.029873856200983262,0.02987514646259326,0.02987675207714502,0.02987705514201755
2009-10-30,-0.02503972684746747,-0.02514127217750406,-0.025342219378188702,-0.025543295039435532
2009-11-02,0.01287140975819634,0.0128677956511567,0.012859432909820612,0.012849566904519882
2009-11-03,0.012144892762793846,0.012139850839853583,0.012127909635921474,0.012113505215311626
2009-11-04,0.008693290013633392,0.008691727971375629,0.008688112070533549,0.00868384449470505
2009-11-05,0.01248770907210206,0.012480246441053833,0.012464669889548752,0.012448243872036358
2009-11-06,0.0033688232859134803,0.003314693074567998,0.003205751486477171,0.0030959587290970703
2009-11-09,0.020356943340587907,0.020347342367865506,0.020327654109095095,0.020307142047551796
2009-11-10,-0.000638260627851106,-0.0006397837534442008,-0.0006429406648881253,-0.0006462735569586764
2009-11-11,0.009326388175110889,0.009320886627432357,0.009309276826712898,0.009296751614597865
2009-11-12,-0.014713878088572496,-0.01470819291170089,-0.014696142703245707,-0.014683075034164772
2009-11-13,0.014501780372627282,0.014274393489774662,0.013818795065199563,0.01336210614710498
2009-11-16,0.018495555472828995,0.01848842628814218,0.018472972990015712,0.018455783145172378
2009-11-17,0.0021695597793127686,0.0021679302872685824,0.0021644084922904927,0.0021605036674781086
2009-11-18,-0.003077135899270611,-0.0030762211203778644,-0.003074292760850139,-0.003072215018397495
2009-11-19,-0.010525179422464781,-0.010521011952526305,-0.010512100189907447,-0.010502337211719559
2009-11-20,-0.0005789141928637109,-0.0005918340098737263,-0.0006168884444114342,-0.0006408934416373135
2009-11-23,0.0168100702126861,0.016806340562583122,0.01679767847596292,0.01678727896971033
2009-11-24,-0.00038351470189235126,-0.0003834467959042964,-0.0003833641200180482,-0.00038335374694065116
2009-11-25,0.012560394522204366,0.012557898027104608,0.012551943640381813,0.01254460979398031
2009-11-27,-0.02058274278260741,-0.020597332560480686,-0.020625174362144727,-0.02065107442014613
2009-11-30,0.004892047949951017,0.004891343120069447,0.004889645685836053,0.004887536484207811
2009-12-01,0.01712486947416547,0.017121804835811938,0.01711456736654271,0.017105737525836773
2009-12-02,0.008846687431046218,0.008844822436713695,0.008840293756092965,0.008834623994516067
2009-12-03,-0.005953863235202306,-0.005952859360581653,-0.005950507368754132,-0.005947659740487277
2009-12-04,-0.018497682651121172,-0.018547762487848285,-0.018645997354749366,-0.018741493107105267
2009-12-07,-0.006325696655566482,-0.006324007940179843,-0.006320226676874485,-0.006315857769026212
2009-12-08,-0.015778441835392898,-0.015773800020286055,-0.01576349109153119,-0.015751683388716575
2009-12-09,0.004260679716578064,0.004259718050013239,0.004257487841398788,0.004254817241806652
2009-12-10,0.002094409628460525,0.002093828875820991,0.0020925016525765727,0.0020909354330804764
2009-12-11,-0.006816404866293646,-0.0070394506019347824,-0.007484424898289488,-0.00792776630827341
2009-12-14,0.009290062410234778,0.009288517592944023,0.009284826928196654,0.009280284172803022
2009-12-15,-0.0059184741353141,-0.005917817498982791,-0.005916264063462906,-0.005914369451283985
2009-12-16,0.005992711870151268,0.005991901545314482,0.005989919868565563,0.005987428431107222
2009-12-17,-0.022981246854927195,-0.022977832840643253,-0.022969571203224737,-0.022959281887638405
2009-12-18,0.013014622053894698,0.01298547564616026,0.012926239322403665,0.012865671043095439
2009-12-21,-0.0004938872164003127,-0.0004943577510664321,-0.0004953690695478352,-0.0004964831175424678
2009-12-22,0.0032297575426374348,0.0032293173185213853,0.0032283422445931187,0.003227231863215607
2009-12-23,0.007399218626165327,0.0073977464853860475,0.00739440396642399,0.007390498032609161
2009-12-24,0.010999155101075742,0.010996365808129793,0.010990000360997065,0.010982523579062153
2009-12-28,0.003925914415432663,0.003911281095897223,0.0038819835900192334,0.0038526524718789368
2009-12-29,-0.004937877834422566,-0.004936898035783899,-0.004934592772992574,-0.004931794800277056
2009-12-30,0.0015690609226017838,0.0015689930584674716,0.0015688370490769543,0.001568651915777819
2009-12-31,-0.003829963497911981,-0.0038291294252179586,-0.0038271823514147707,-0.003824836793075659
2010-01-04,0.02158104245088599,0.02148294425357755,0.021286168295302943,0.02108855782173724
2010-01-05,0.0022740719380092145,0.0022740615646084095,0.0022740577994426747,0.002274076029722405
2010-01-06,0.0004210533481534551,0.00042123612209543637,0.0004215380347067921,0.00042175077604511557
2010-01-07,-0.0027846868381236067,-0.0027847388352674196,-0.002784751115643691,-0.002784644792518831
2010-01-08,0.008088002795204163,0.00807168649727763,0.008038339492157487,0.008003302109213184
2010-01-11,0.0009242419251573875,0.0009244435203741297,0.0009247404093291056,0.0009248950854068294
2010-01-12,-0.015261636792759381,-0.015264186482464637,-0.015268294560086493,-0.01527114661275586
2010-01-13,0.009350026778554454,0.009351975479498176,0.009355129567112153,0.009357345701962894
2010-01-14,0.0025864662726420296,0.0025867975516919994,0.002587327901648173,0.0025876898191841136
2010-01-15,-0.01262948283026799,-0.012648452342849503,-0.012685524376762292,-0.012721479125691215
2010-01-19,0.015847973427683737,0.015849669259099475,0.015852223925237663,0.015853718523654248
2010-01-20,-0.02128678872566092,-0.02128908782879768,-0.021292551838392293,-0.02129457170910698
2010-01-21,-0.018109956589573484,-0.01811142474097449,-0.018113636760090368,-0.01811492675445503
2010-01-22,-0.02216302095275935,-0.022272202302165534,-0.02248951481897621,-0.02270545709444982
2010-01-25,0.004806543241459904,0.004806830607037904,0.0048071965909461944,0.0048072954245323984
2010-01-26,-0.004352524163404925,-0.004352448871373427,-0.004352353290031807,-0.004352328070152178
2010-01-27,-0.00017601579587245286,-0.00017597783172818016,-0.00017593632299173212,-0.00017593820318428932
2010-01-28,-0.01571505711317578,-0.015716403061237116,-0.015718102755211016,-0.01571853404793122
2010-01-29,-0.012026376791923643,-0.012132931000319425,-0.01234566504571688,-0.01255788987704376
2010-02-01,0.020517590084012882,0.020514125620133106,0.020506146844151196,0.020496803458582402
2010-02-02,0.010347372978936065,0.010345615842715983,0.010341592442009162,0.010336907800126749
2010-02-03,-0.002313755932155992,-0.0023139928629228868,-0.0023145152501732325,-0.0023151001816090755
2010-02-04,-0.04075957173152456,-0.04075236292484874,-0.04073579246691483,-0.04071642442856449
2010-02-05,0.0022041066856646196,0.0021379538965446976,0.0020053853704373736,0.0018724725778636042
2010-02-08,-0.008914589475886636,-0.00891354786016807,-0.008911078122448401,-0.008908096089893514
2010-02-09,0.018600251002721446,0.018598460713711962,0.01859420318949967,0.0185890483372686
2010-02-10,-0.0036281370397633905,-0.0036277687842233286,-0.0036268928257794375,-0.0036258320213805595
2010-02-11,0.02058018226837488,0.020577570819462432,0.020571360890416557,0.020563842601462934
2010-02-12,-0.003615604711015852,-0.00372041929928002,-0.003929278875873687,-0.00413706169144501
2010-02-16,0.020148914267288598,0.020150095314668937,0.020151804484169977,0.020152633172086487
2010-02-17,0.002148233588147086,0.002148308178030245,0.0021484186200984023,0.0021484763791774775
2010-02-18,0.005895066358637235,0.005895482066711644,0.0058960845837301434,0.005896378262567392
2010-02-19,-0.0037386649699778784,-0.0037956621040994287,-0.003909552584673404,-0.004023302348962643
2010-02-22,-0.0018434326532220657,-0.0018433324489900427,-0.0018430323491739342,-0.0018425974858693461
2010-02-23,-0.014435115518555253,-0.014434655833402088,-0.014433315772009236,-0.01443140669427223
2010-02-24,0.004678209342256601,0.004678013344061593,0.004677523214781543,0.004676899574627358
2010-02-25,0.000728371865746924,0.0007282691395147367,0.0007279143847886971,0.0007273582175313376
2010-02-26,0.0077947108493015005,0.007702245590026413,0.007517066460398514,0.007331554109965888
2010-03-01,0.010240390210523698,0.010240085773258523,0.010239201484131266,0.010237942591902804
2010-03-02,0.009295415468676849,0.009295178187615383,0.009294401813784825,0.00929321602387545
2010-03-03,0.003134735910969244,0.0031346437485406664,0.003134346335296634,0.0031338954776292116
2010-03-04,-0.0020791080058600864,-0.002079088590660194,-0.0020789919149951652,-0.0020788170657147775
2010-03-05,0.012523471851034085,0.012476051221521622,0.012381025211624541,0.012285758795483659
2010-03-08,-0.002117904035563334,-0.002117636217918384,-0.002117006653228115,-0.0021162496756712557
2010-03-09,0.003210039481369664,0.003209646324468629,0.0032087590925151677,0.003207734316632349
2010-03-10,0.0015091687634927187,0.001509078688078258,0.0015089037670532601,0.0015087352917557695
2010-03-11,0.0027094177697237765,0.002709030964034964,0.002708152330488156,0.0027071306975043896
2010-03-12,-0.002650354514700859,-0.002732374529743953,-0.002896302030971243,-0.0030600675330599847
2010-03-15,-0.002033528641834259,-0.002033566056344749,-0.0020336447798671164,-0.002033728958428016
2010-03-16,0.013707598520705133,0.013706110045086817,0.013702666362950477,0.013698587474254342
2010-03-17,0.0016372537976228063,0.001637474907596026,0.0016379757568913966,0.0016385566102599114
2010-03-18,0.0019346540613831564,0.0019340407459973452,0.001932619648966405,0.001930933931784562
2010-03-19,-0.01329928175412387,-0.013310553400471714,-0.013332608058893025,-0.013353995104108951
2010-03-22,0.0036836457336559825,0.0036832340943255826,0.00368227090146922,0.0036811190965984064
2010-03-23,0.0074583804435113255,0.007457441585454028,0.007455280423108501,0.0074527367656735954
2010-03-24,-0.013859545546211494,-0.013857877550184639,-0.013854052684339924,-0.013849567927355255
2010-03-25,0.0002736533999176949,0.0002734853859085451,0.00027310051615470066,0.0002726497137528483
2010-03-26,0.006558250700197776,0.0063690158669666985,0.005990112982257045,0.0056106557966966175
2010-03-29,0.007421233079231593,0.007421220337152423,0.007421009217261076,0.007420548500369328
2010-03-30,0.0011032994738069402,0.0011032648289233116,0.0011031976010453803,0.0011031328233155335
2010-03-31,-0.00016925843540815944,-0.00016921257989255256,-0.00016910470459197136,-0.00016897468117171854
2010-04-01,0.009535851560434239,0.009535889460061231,0.009535773604766762,0.009535400532697302
2010-04-05,0.010627089398280054,0.01051942084157309,0.01030227185024346,0.010082845739946222
2010-04-06,0.003127161752237928,0.003128153874596862,0.0031299134103215387,0.0031313705849029816
2010-04-07,-0.00015966330546279828,-0.0001590041529383468,-0.00015786440791565326,-0.00015696440201729
2010-04-08,0.002908724595407808,0.002909549597877037,0.0029110118597073242,0.00291222151639281
2010-04-09,0.009943204687912655,0.009876579599457314,0.009743517905670629,0.009610609498200251
2010-04-12,-0.002706315133762738,-0.0027063605431106863,-0.0027064163413540454,-0.002706425460453188
2010-04-13,0.0030772564381462697,0.0030773654501989878,0.003077499402376338,0.0030775212941622776
2010-04-14,0.01546036614740287,0.015460741458420024,0.01546120263428774,0.015461278004196277
2010-04-15,0.004280043640156217,0.004280235926208853,0.004280472204077457,0.004280510818936989
2010-04-16,-0.024873728013754426,-0.02492042112990689,-0.025013353375426317,-0.025105672457668704
2010-04-19,-0.0018600816864490222,-0.0018601078966770102,-0.0018601393543086209,-0.0018601428731962466
2010-04-20,0.008263086345711379,0.008263252185126468,0.008263451226327101,0.008263473491309625
2010-04-21,0.006252039330344683,0.006252284233386751,0.006252578167102785,0.006252611046873691
2010-04-22,0.0037562845139746948,0.0037563714552391048,0.0037564758025296907,0.0037564874749402843
2010-04-23,0.008920457098909207,0.008814709621764782,0.008602972949239618,0.008390922732986583
2010-04-26,-0.0031017414854227487,-0.0031018071362179933,-0.0031018514551569565,-0.003101779929158943
2010-04-27,-0.017679496613720258,-0.017679653992336286,-0.017679760234054154,-0.01767958877135478
2010-04-28,0.000944121262081099,0.0009441053152299261,0.0009440945499754605,0.0009441119239377294
2010-04-29,0.016715316452647455,0.016715564292868912,0.016715731602580552,0.016715461582710978
2010-04-30,-0.01262970479798664,-0.012760552315732365,-0.013019326273277287,-0.013274412588345608
2010-05-03,0.01217566300257844,0.01218301665445587,0.012196617587975744,0.012208723003198863
2010-05-04,-0.033412849116713494,-0.033428680985222003,-0.03345795778588956,-0.03348400819920383
2010-05-05,-0.0072760288585357324,-0.007278365023175026,-0.007282713787806094,-0.0072866245333018664
2010-05-06,-0.02289541553008545,-0.02290847295622689,-0.02293295854903432,-0.022955234060696883
2010-05-07,-0.009629540516378654,-0.010030719356396989,-0.010833154770671594,-0.011635619213857251
2010-05-10,0.023486841620754317,0.02348494772279275,0.023480001646086324,0.023473526198548145
2010-05-11,-0.0005486971898310822,-0.001097314687292017,-0.0021942571322376425,-0.003290721977376454
2010-05-12,0.0,0.0,0.0,0.0
2010-05-13,0.0,0.0,0.0,0.0
2010-05-14,0.0,0.0,0.0,0.0
2010-05-17,0.0,0.0,0.0,0.0
2010-05-18,0.0,0.0,0.0,0.0
2010-05-19,0.0,0.0,0.0,0.0
2010-05-20,0.0,0.0,0.0,0.0
2010-05-21,0.0,0.0,0.0,0.0
2010-05-24,0.0,0.0,0.0,0.0
2010-05-25,0.0008396668785957129,0.00032337050557673663,-0.0007088225283417016,-0.0017403696071938146
2010-05-26,0.003257894307586273,0.0032570320391127616,0.003255068969276742,0.0032527907117148036
2010-05-27,0.009239114753571753,0.009236371979682412,0.009230339360944306,0.009223586598192446
2010-05-28,-0.0021301114079181893,-0.0023493009822629363,-0.0027873915178084907,-0.0032250239725362118
2010-06-01,0.0010562803900000528,0.001055424553198181,0.0010535363926016394,0.0010514151510274683
2010-06-02,0.007822584785095454,0.007820956183700156,0.007817306664784196,0.007813138465202485
2010-06-03,-0.006042575451236432,-0.006040597204923004,-0.006036222016431947,-0.006031293762362333
2010-06-04,-0.007208065773788963,-0.007277142617406529,-0.007414621965129098,-0.0075511664742466955
2010-06-07,0.002023477406057239,0.0020225866905727585,0.0020205726399435964,0.002018251229272794
2010-06-08,-0.0008253377684639407,-0.0008242209521709398,-0.0008218052142583421,-0.0008191499669089053
2010-06-09,-0.004747324120700669,-0.004745245561035061,-0.004740778331288276,-0.0047359037025500594
2010-06-10,0.005439413119875169,0.005437391426594607,0.005433136397977378,0.005428604920629354
2010-06-11,0.002893373515254982,0.0026123462623042215,0.0020505481413353177,0.0014892314459640232
2010-06-14,-0.001597755384144972,-0.0015969855593962468,-0.0015953552129939208,-0.0015936055547064454
2010-06-15,0.009506889283600994,0.00950148825974062,0.009490181183945401,0.009478211584198926
2010-06-16,-0.001823814267811863,-0.00182302751638741,-0.0018213272846483441,-0.0018194598636090964
2010-06-17,0.005335698588996074,0.005332459893385488,0.0053255937685936505,0.005318216163839873
2010-06-18,0.0022073437722236466,0.0016735478277036808,0.0006062533248538671,-0.00046056822369466843
2010-06-21,-0.01317451191312946,-0.013166517573639958,-0.013149352344547505,-0.01313063694014116
2010-06-22,0.0008935223849824148,0.0008918577637131442,0.0008882835340375816,0.0008843865191210387
2010-06-23,-0.0032169650572195785,-0.0032149250552466757,-0.003210544818297967,-0.003205769006367265
2010-06-24,-0.006190577075786297,-0.006189055252635023,-0.006185787635208495,-0.006182224922398061
2010-06-25,0.010766393741649116,0.010363758154917635,0.009557676244918323,0.00875050960464141
2010-06-28,-0.007063604441498894,-0.007058847041873317,-0.007048730870905406,-0.007037823907938834
2010-06-29,-0.005920476418720955,-0.0059160276652868715,-0.005906858783444102,-0.0058973372766015775
2010-06-30,-9.932121339562006e-05,-9.842960225225905e-05,-9.665067600350685e-05,-9.487909892724744e-05
2010-07-01,-0.018489117942027455,-0.018476708659993957,-0.01845027168396296,-0.018421705804655186
2010-07-02,0.004387325731582958,0.0041387147104379185,0.003641270520204909,0.0031435458898845248
2010-07-06,-0.002915999856728857,-0.0029149770570588984,-0.002912102705250441,-0.0029081257532383997
2010-07-07,0.008190103453894926,0.008187412377053116,0.00818084228096616,0.008172693275587894
2010-07-08,-0.0022810601344198655,-0.002281071646172972,-0.002280958651389664,-0.0022806644634943973
2010-07-09,0.00572942160396539,0.005478866211449995,0.004975160549585356,0.0044678509700961655
2010-07-12,-0.006036098460979078,-0.006038133984440863,-0.0060419399618241165,-0.006045388490128589
2010-07-13,0.009079778907441272,0.009084163033763026,0.009092679189883102,0.009100849943507683
2010-07-14,0.0007921868493563355,0.0007927946139358877,0.0007940279890408242,0.0007952837722851047
2010-07-15,-0.0006476423901679018,-0.0006476801639851981,-0.0006477376019342618,-0.0006477708441759988
2010-07-16,-0.019110789861705002,-0.019148900484170173,-0.019224852477734533,-0.01930043454249797
2010-07-19,0.0004838192819738296,0.00048282207896677143,0.00048108645562217056,0.00047969683456017265
2010-07-20,0.012559327595053071,0.012565040764721314,0.012576257601714103,0.01258719210178505
2010-07-21,-0.007564300593569828,-0.00756998053631075,-0.007581168138293459,-0.007592123116405336
2010-07-22,0.016297782640552594,0.01630681131851941,0.01632467002350646,0.016342259378098634
2010-07-23,-0.001960113437854738,-0.002032343200390807,-0.002176259160609484,-0.002319411358277512
2010-07-26,-2.2589159223151967e-06,-2.5334390230113968e-06,-2.9171956630325013e-06,-3.0801150734394156e-06
2010-07-27,-0.011494038046255817,-0.011496938036642312,-0.011502003480756695,-0.011506088606317744
2010-07-28,-0.0010900591555238481,-0.0010901671175315153,-0.0010904508257165713,-0.001090825238076687
2010-07-29,0.0016793271040163038,0.0016796394501574774,0.001680089319693101,0.001680305629050638
2010-07-30,0.005562030604570278,0.005240540997272669,0.004597073217772252,0.003953206933578812
2010-08-02,0.010787747240420975,0.010788517049135082,0.010789957343988243,0.010791266361054763
2010-08-03,-0.0007784591758752679,-0.000778399871472546,-0.0007782889142640137,-0.0007781880704129662
2010-08-04,0.0036153593847407794,0.0036161307744551063,0.0036175740273243218,0.0036188857327943413
2010-08-05,-0.000891759672504655,-0.0008917214877113278,-0.0008916500448187259,-0.0008915851136933606
2010-08-06,0.003000065643795402,0.002496807775761889,0.0014890580171122991,0.00047991335888086795
2010-08-09,0.0012163461539278497,0.0012162830874773434,0.0012161181815069089,0.0012159015379968885
2010-08-10,-0.004815106585345341,-0.004815624722409706,-0.004816509407961078,-0.004817191431963241
2010-08-11,-0.020111393127004606,-0.02011674215721082,-0.020126329194188664,-0.020134430099160716
2010-08-12,0.005520648982999532,0.005523145789080086,0.005527770186722236,0.005531900350413066
2010-08-13,-0.00041486873741725105,-0.0006373022548920027,-0.0010818446766290846,-0.001526084185774268
2010-08-16,0.009264963941948423,0.009267728826449106,0.009272702929779886,0.00927693264177587
2010-08-17,0.0052180655946827414,0.005220052783104556,0.005223957072093999,0.005227766621310748
2010-08-18,0.002933727831955668,0.002935520536093028,0.0029388202439588618,0.0029417370245197194
2010-08-19,-0.0037164590868151715,-0.0037183707227743668,-0.003722199054768449,-0.0037260331637700705
2010-08-20,-0.004047072224361403,-0.004234427422840525,-0.004608714526100899,-0.004982605722420486
2010-08-23,-0.004501533314994921,-0.004502200298766357,-0.004503395180057268,-0.004504403670834378
2010-08-24,0.0004886440535569747,0.0004887543115477122,0.0004887113972780188,0.0004883165604947504
2010-08-25,0.0032312290544480593,0.0032330706915197904,0.0032361633467028472,0.003238465456148587
2010-08-26,-0.0026584803410987234,-0.002659536716389077,-0.002661387835887319,-0.0026628885311884565
2010-08-27,0.0016580607081588816,0.0013627323431986138,0.0007724068755763369,0.00018234970408048667
2010-08-30,0.0010905244325443153,0.0010905523257493943,0.0010907280351677429,0.001091063799562475
2010-08-31,0.009711991876869552,0.00971232215586082,0.009712171196596175,0.009710936684662164
2010-09-01,-0.001747844736639026,-0.0017481318065979412,-0.001748542425536348,-0.0017487345115686503
2010-09-02,0.002648612503091341,0.0026486792823670058,0.002648376948032105,0.0026474927002215765
2010-09-03,-0.0028500623752760745,-0.003028023470607266,-0.0033838115370925514,-0.003739337850965252
2010-09-07,0.004498343322055343,0.004498634973572058,0.004498301463429444,0.004496748015002883
2010-09-08,0.0028390354226897063,0.0028387909803173628,0.002838008107092893,0.0028368362016986115
2010-09-09,-0.008880029808544854,-0.00888031852590876,-0.008879526351287081,-0.008876912672862725
2010-09-10,0.001613577147184797,0.0015203183519880703,0.001333246851413783,0.0011454840909848052
2010-09-13,0.008668491957246172,0.00866725742217156,0.008664243394084448,0.008660510145449996
2010-09-14,0.017226485717727558,0.017223916363823255,0.017215218218166406,0.017201796708696815
2010-09-15,-0.0009364935035643951,-0.0009370272473319119,-0.0009383018072174343,-0.0009398493529334528
2010-09-16,0.002301758966678502,0.0023007677981796704,0.002297641854178689,0.0022929991223594737
2010-09-17,-0.0005821052127725768,-0.0007711865916965044,-0.0011495463779542803,-0.001527875684760982
2010-09-20,0.014073848331163097,0.014074406209020118,0.014074710610468832,0.01407393305974347
2010-09-21,0.0063028352980063485,0.006303265801681945,0.006303500702459663,0.006302900681431689
2010-09-22,0.0004608722659364961,0.00046087854997733935,0.0004608819788125551,0.0004608732203350563
2010-09-23,-0.001686644734451903,-0.0016866170316037765,-0.0016866019157733003,-0.0016866405270380413
2010-09-24,0.016397055639185032,0.016360062875501846,0.016285043622008555,0.016208664899039826
2010-09-27,-0.0022933227563451952,-0.00229340003132239,-0.002293338637092801,-0.0022929896815512274
2010-09-28,0.008410945459301766,0.008411165819534494,0.008410990745439273,0.008409995650687785
2010-09-29,0.00041505607337577466,0.0004150511251415079,0.0004150550564663291,0.00041507740152302297
2010-09-30,-0.001179491040738334,-0.001179567359356426,-0.0011795067249450453,-0.0011791620880956533
2010-10-01,0.008040235282311459,0.007965755408674058,0.007816394837536933,0.007666539845529785
2010-10-04,-0.008644746965033367,-0.008645005026216568,-0.008644824078798852,-0.008643714779956957
2010-10-05,0.029756291768299414,0.029757140904986823,0.029756545507069854,0.029752895417846092
2010-10-06,0.0006362926488834297,0.0006362912626285411,0.000636292234643232,0.0006362981935819079
2010-10-07,-0.008093750182158077,-0.008093937307140253,-0.00809380609878918,-0.008093001725487325
2010-10-08,0.012104422489389588,0.012032734831961767,0.011886712429247881,0.011736864233621747
2010-10-11,0.0025308909863615003,0.0025301361560963187,0.0025280709197266216,0.0025252673654052593
2010-10-12,-0.0002657018264429212,-0.0002661888567184745,-0.00026749062102049415,-0.000269227809810868
2010-10-13,0.018501409748574726,0.018498031773062973,0.01848881943217684,0.018476342803229073
2010-10-14,0.0009310560997966011,0.0009305568513444662,0.0009291803827684575,0.0009273015951292152
2010-10-15,0.0036308349456359856,0.003622594735848139,0.003605117993654261,0.0035863184149163008
2010-10-18,0.0015386294866548411,0.001538582300511404,0.0015383275423930254,0.0015378592368171518
2010-10-19,-0.03193832812510755,-0.031936963385749806,-0.031930355534650734,-0.031918583894507746
2010-10-20,0.014300326808029284,0.014299784831654172,0.014297184017983744,0.014292563611279618
2010-10-21,-0.007819824257333075,-0.007819389613051397,-0.007817252817035603,-0.0078134284153617
2010-10-22,0.004890278789588365,0.004788449823192709,0.004584335100335402,0.0043797074946767545
2010-10-25,0.009589083238130014,0.009589686883627158,0.009590162667177049,0.009589661311475206
2010-10-26,-0.00022741295005246354,-0.0002272707696733267,-0.00022715744730139598,-0.00022727260409316496
2010-10-27,-0.009140971131309517,-0.009141260645700755,-0.009141484477615203,-0.009141233869515264
2010-10-28,0.009003577212531644,0.009004243612492635,0.009004766243916995,0.0090042066782825
2010-10-29,0.004309629690216754,0.00425894823015005,0.004157272872035822,0.00405519516900088
2010-11-01,0.0011188546427813861,0.001118614307135779,0.001118274127494212,0.0011181219959164324
2010-11-02,0.012583735918188843,0.012584813110359194,0.012586340936757923,0.01258703009112594
2010-11-03,0.0004193178808422626,0.00041927615477477254,0.00041921806995959265,0.00041919393173439623
2010-11-04,0.027526314043361477,0.027529190356393007,0.02753326633084252,0.027535098070484265
2010-11-05,-0.0016715583337442164,-0.0017671695022641876,-0.0019584670911977353,-0.002149823615836932
2010-11-08,0.002990190870608478,0.0029910769924228475,0.0029925587623602645,0.002993652557541804
2010-11-09,-0.013780342885241215,-0.013782149072146477,-0.013785154378729514,-0.013787348899313101
2010-11-10,0.009233808641406549,0.009235309751179033,0.009237804337550948,0.009239620950175942
2010-11-11,-0.006023952743832828,-0.006024552154493157,-0.006025524661397275,-0.0060261949897328915
2010-11-12,-0.02816243543544139,-0.028298705138758762,-0.028570089375503427,-0.028839927452418257
2010-11-15,-0.005859841945216715,-0.005860657385229118,-0.005861949288071933,-0.005862789433607407
2010-11-16,-0.0230540596146237,-0.02305585139855515,-0.023058545778352757,-0.023060055316344363
2010-11-17,0.0010339705627946394,0.0010339176854967658,0.0010337773469430989,0.0010335909907817076
2010-11-18,0.02279589273388294,0.022797783899663804,0.022800650387686305,0.022802296491129637
2010-11-19,9.06755433960349e-05,-1.4654396902180622e-05,-0.0002264026551865861,-0.00043960661379283117
2010-11-22,0.006039842465569878,0.006037961856166785,0.006033649088662774,0.006028602656140247
2010-11-23,-0.017053595792571485,-0.017052060260708934,-0.017048538853282502,-0.01704441840279569
2010-11-24,0.018402736388267726,0.018400214681310922,0.0183944316963911,0.01838766494090316
2010-11-26,-0.014217901334949823,-0.014290238821949575,-0.01443422958036844,-0.014577303908958616
2010-11-29,0.0023003737382560896,0.0023002334817097125,0.002299900113502007,0.00229949639117355
2010-11-30,-0.004444365202832423,-0.0044433155550588355,-0.004441152393774406,-0.004438904594106341
2010-12-01,0.020771293181717443,0.020767070640575147,0.02075785250335027,0.020747606288935128
2010-12-02,0.01145486490744374,0.011452950667718564,0.011448782512196054,0.0114441626500974
2010-12-03,0.010652563193815245,0.010612397649589322,0.01053136192632298,0.010449407668476907
2010-12-06,0.002088290518558411,0.0020870842641118603,0.00208447753329577,0.002081613021654327
2010-12-07,-0.00822616141270538,-0.008223045187997102,-0.008216317035845466,-0.008208930982443907
2010-12-08,-0.004418083762910419,-0.004417016374816396,-0.0044146588587477,-0.004412005546225672
2010-12-09,0.001430519764933802,0.0014294858477117423,0.0014272702268640636,0.0014248585173588513
2010-12-10,0.004934560167951796,0.0049180275366815795,0.004884752540384341,0.00485120431883268
2010-12-13,0.0023021561244616073,0.0023023557125407823,0.0023027315218933087,0.0023030762564262286
2010-12-14,0.0018081549427697574,0.001807378868244669,0.0018057432605171897,0.0018039964622877935
2010-12-15,-0.011528951574309443,-0.011525425669776324,-0.011517935836104165,-0.01150986250407271
2010-12-16,0.002358796478308278,0.002357594086795478,0.0023551329199476,0.0023525965422734885
2010-12-17,0.0017604071285728384,0.0017190320101734269,0.0016368380837916696,0.001555433942253881
2010-12-20,0.002417382329193307,0.0024151512093169014,0.002410427638236179,0.0024053575668669946
2010-12-21,0.007979981653242874,0.007976834179620917,0.007970249284939612,0.007963280373772363
2010-12-22,-5.37790582277875e-05,-5.313770764492354e-05,-5.177943234890847e-05,-5.032095055135244e-05
2010-12-23,-0.0029702801260169664,-0.0029683262333533023,-0.0029642195610002364,-0.002959849345732124
2010-12-27,0.0007153490618694303,0.0006095264467185224,0.00039805309497942254,0.00018684041429017917
2010-12-28,0.005988099620783061,0.005984621466177176,0.005977258457645851,0.005969356998390518
2010-12-29,0.005781926213840549,0.005779776610600473,0.005775274669805652,0.005770504665005616
2010-12-30,-0.00315064052574876,-0.0031480222605547725,-0.0031425343930091554,-0.0031367141577778312
2010-12-31,0.0035561766792842064,0.0033764460906409166,0.0030176232501128997,0.002659724297134458
2011-01-03,0.01294965068968379,0.012939794674692973,0.012919301164419972,0.012897777948003286
2011-01-04,-0.006300118669926524,-0.0062948834266205456,-0.0062838662216178065,-0.006272126886493701
2011-01-05,0.005501419749475822,0.005496047911663027,0.005484878260629378,0.005473147328705297
2011-01-06,-0.0019236662870559806,-0.0019251141160835372,-0.0019281082809529115,-0.0019312320247188985
2011-01-07,-0.0034051208679055645,-0.003506888249988682,-0.003709862107230122,-0.0039120732451434215
2011-01-10,0.0011813632858987955,0.001178317941809226,0.001171870210003867,0.0011649525423791385
2011-01-11,0.006544519581588304,0.006542382606536501,0.006537838481113889,0.006532938459723692
2011-01-12,0.012309641284645512,0.012304677939151576,0.012294185480243192,0.01228294860816348
2011-01-13,-0.005831813398769481,-0.005829669366659407,-0.005825081310322333,-0.005820097677940561
2011-01-14,0.004578800249014803,0.004348866522600803,0.003888227824177415,0.0034266615452180904
2011-01-18,0.002443582862677429,0.0024423885029221104,0.002439711187931737,0.0024366517838523283
2011-01-19,-0.010645548278859107,-0.010642878181471804,-0.010636721733422672,-0.010629483441479404
2011-01-20,-0.012859929365158562,-0.01285649907648212,-0.012848842679013872,-0.012840132870370558
2011-01-21,-0.006807015973234853,-0.006847735155263268,-0.006928231464780055,-0.0070074762118075284
2011-01-24,0.01024499783131727,0.010243834653660855,0.010240527709891367,0.010235917259236116
2011-01-25,-0.0033546066335824465,-0.0033546538134588966,-0.0033548253536652695,-0.003355099570489073
2011-01-26,0.012177517806514881,0.012176576208889012,0.01217415641351205,0.012171023858447816
2011-01-27,-0.00227734084427178,-0.0022767641303874653,-0.0022756930729219693,-0.0022747327241423587
2011-01-28,-0.022936048743176007,-0.0230044037184417,-0.023139952796092933,-0.02327387722021812
2011-01-31,0.008903358068549805,0.00890341371805925,0.008903347485609059,0.008903044802526683
2011-02-01,0.024013256125865245,0.024013471488726124,0.024013215170026303,0.02401204379052735
2011-02-02,-0.001979072113588387,-0.001979090236270964,-0.001979068667174011,-0.001978970096145005
2011-02-03,0.002345378185396818,0.002345398352848971,0.0023453743501258284,0.002345264657396706
2011-02-04,0.0008918169664859921,0.0005854326696397294,-2.794777633063905e-05,-0.0006421368410768347
2011-02-07,0.0028379059826284525,0.0028365863069637065,0.0028337181485027507,0.0028305485553723475
2011-02-08,0.009417975755829255,0.009414313906199734,0.00940653709892203,0.00939816583007591
2011-02-09,-0.0015133801227826815,-0.0015128184970684133,-0.0015116057287269946,-0.0015102751360051014
2011-02-10,-0.0027912049792027105,-0.0027913567085035007,-0.002791714948913171,-0.0027921457469464173
2011-02-11,0.0031074322169133417,0.0030733312646935573,0.0030044307052456976,0.002934541465496876
2011-02-14,0.003840047064049834,0.003838305328003333,0.0038345890672648597,0.0038305671705471944
2011-02-15,-0.0033746656975176537,-0.003375762497786483,-0.0033780114800537886,-0.003380331515578594
2011-02-16,0.009047631563013248,0.00904531126942798,0.009040255731989744,0.009034653485349597
2011-02-17,0.0029824723272295905,0.002981173089779743,0.002978468449960525,0.0029756256503050693
2011-02-18,-0.00010530884539494689,-0.000138321368738481,-0.0002039018455634034,-0.00026888210356501574
2011-02-22,-0.024153041629678684,-0.02414334702043419,-0.024122262593364474,-0.024098944212830764
2011-02-23,0.0030810506058740472,0.0030820082167364315,0.0030842705129272563,0.003086992572063796
2011-02-24,-0.00042020144502141754,-0.0004203790036864108,-0.00042092451290054456,-0.0004217230385693549
2011-02-25,0.018365235439567806,0.018278261102109283,0.018104486518607965,0.01793103488833081
2011-02-28,0.004141624919764553,0.004140947657633287,0.0041394736321567205,0.004137841186424129
2011-03-01,-0.0032723278455302207,-0.003271947106015749,-0.0032706876011074915,-0.0032687652262071154
2011-03-02,0.0054313379328641,0.005430497520946487,0.005428590633748787,0.005426383581166538
2011-03-03,0.010716751869803032,0.010715095753088821,0.010711067479265424,0.01070608736132761
2011-03-04,-0.0010015796313466163,-0.0010423022527008552,-0.0011235180798933042,-0.001204417197972374
2011-03-07,-0.010092832179793843,-0.010091861071170105,-0.010089420677759309,-0.010086314493986004
2011-03-08,0.00025879391941785457,0.00025868091458858267,0.0002583245773017939,0.00025779423965355264
2011-03-09,-0.0019721289537547593,-0.001971541206549854,-0.0019701040270659886,-0.001968317019796606
2011-03-10,-0.02186977910080601,-0.021867177514295788,-0.021861242072124143,-0.021854326513429112
2011-03-11,0.0025518810620013266,0.002269135714953574,0.0017032150168891924,0.001136856822995913
2011-03-14,0.0009792051904375931,0.0009791755590711215,0.000979021870431751,0.0009787421054634482
2011-03-15,-0.028357653130164917,-0.02835558772900959,-0.02835009509553499,-0.028342781034521924
2011-03-16,-0.012118448413801719,-0.012116785094221205,-0.01211261580000722,-0.012107318732478944
2011-03-17,0.017644794269874087,0.01764384890839721,0.01764138942732507,0.01763816908331428
2011-03-18,0.00744904157580728,0.007346876476271635,0.0071421551086936486,0.006936926956510048
2011-03-21,0.01320563076395631,0.013206529829921987,0.01320733404555563,0.01320680975194266
2011-03-22,0.0006966140226665196,0.0006965239112901589,0.0006964433065510534,0.0006964958553303813
2011-03-23,0.008923676757443655,0.008924307262690334,0.008924871250424182,0.00892450356897867
2011-03-24,0.003471160142586749,0.00347135628977302,0.003471531743677314,0.0034714173597265585
2011-03-25,0.0023052427391168084,0.0022032901321684673,0.0019992620202391453,0.0017950850448169575
2011-03-28,-0.009026633943388207,-0.009027291945358007,-0.009028110062269223,-0.009028263371618994
2011-03-29,0.004956914532440848,0.0049573411461472094,0.004957924599350738,0.0049581477507048
2011-03-30,0.004038463787314539,0.004038960056859109,0.004039582368702055,0.004039710323369805
2011-03-31,0.009361687665502494,0.009362323356403968,0.009363080562731163,0.009363151264587533
2011-04-01,-0.0020431632825659296,-0.002366492487685834,-0.003012777323610716,-0.003658391132768779
2011-04-04,0.003736067903855611,0.003736305667537687,0.003736888107823466,0.0037376124384715936
2011-04-05,0.0022871992191357826,0.0022912587780292704,0.002299247560382023,0.002307052355681183
2011-04-06,0.003899088625084479,0.0039007367194248133,0.0039038523220538135,0.0039067230692402255
2011-04-07,0.00018845517548715662,0.00018848694667772392,0.00018857409007710935,0.0001886926082050877
2011-04-08,0.006847123690415513,0.006758554979429787,0.006581030878245464,0.00640297261727274
2011-04-11,-0.011666394631848376,-0.011669177365264738,-0.011674419575913086,-0.011679222974559145
2011-04-12,-0.015885956146102553,-0.01588952673840216,-0.015896122586714356,-0.01590198172726498
2011-04-13,0.00897591879762305,0.008978329392085094,0.008982587046257207,0.008986087473676685
2011-04-14,0.0039120261978724535,0.003915580715923017,0.003922580257166963,0.003929422859979104
2011-04-15,0.005261374443474187,0.004915426302485315,0.004223581743622917,0.003532132400930754
2011-04-18,-0.0038161032042105525,-0.0038165146718802667,-0.003817647089013776,-0.003819190002602668
2011-04-19,0.004060233598371932,0.004062627768835592,0.004067305805026011,0.004071830239290808
2011-04-20,0.016637332486212575,0.016647518389190097,0.016667209446773024,0.016685965721925156
2011-04-21,0.006559112625637908,0.006562793180108661,0.006569896026968669,0.006576644763931272
2011-04-25,-0.0010681552418808637,-0.0011294594298353333,-0.001251891522683457,-0.0013738804277256822
2011-04-26,0.0003360703816350785,0.0003367026357279368,0.0003381752638444979,0.0003399221067024172
2011-04-27,0.01644414652999271,0.016454641357960043,0.016473120206877967,0.016488217426718688
2011-04-28,-0.00046332986991470815,-0.0004621389709649204,-0.0004601994862752923,-0.00045885305599557835
2011-04-29,0.013089366161152194,0.012811671604199715,0.012254589390501947,0.011695547460878863
2011-05-02,-0.011052303361168359,-0.011055286761706862,-0.011059848659855431,-0.011062531697325628
2011-05-03,-0.007477869502284906,-0.007479571696168197,-0.007482174509643946,-0.0074837053298981715
2011-05-04,-0.013193423975168317,-0.013196637660311317,-0.013201551685134483,-0.013204441822595059
2011-05-05,-0.03658299097601181,-0.03658994768204771,-0.036600585135509345,-0.036606841453668104
2011-05-06,0.006807249399800597,0.006537512967665249,0.00599624930153464,0.005452733367402152
2011-05-09,0.013617144287986882,0.013622900390032333,0.013632936088610048,0.013640985399600014
2011-05-10,0.009882726692056698,0.009887556568844325,0.009895977404198897,0.009902731485346594
2011-05-11,-0.015226299224577411,-0.01523217483842898,-0.015242418904484412,-0.015250635340325336
2011-05-12,0.0049640746061137,0.004966847785295991,0.004971682791721221,0.004975560794837408
2011-05-13,-0.012921435643303392,-0.012997574951371327,-0.013148709161696193,-0.01329821766518835
2011-05-16,-0.013799575526063923,-0.013805932163617474,-0.013816760767135006,-0.013825054632736866
2011-05-17,0.000719277206774116,0.0007193522508164296,0.0007194800891860975,0.0007195780034050525
2011-05-18,0.010912454237019587,0.01091656368898608,0.010923564186598567,0.010928926021691376
2011-05-19,0.0022223125283713507,0.002223397755932277,0.0022252464532799276,0.0022266624112392552
2011-05-20,-0.0011184714587999522,-0.0012383223885199524,-0.0014777899713983578,-0.0017169362904005947
2011-05-23,-0.014471268657140213,-0.014473800498945977,-0.01447747261719523,-0.014479277211316366
2011-05-24,0.00013722273739769086,0.00013664108036803846,0.0001358114084522022,0.00013542939048427627
2011-05-25,0.005879257219135958,0.005879988272059267,0.005881050382306574,0.005881575672458839
2011-05-26,0.0052478414040073584,0.005248735704061147,0.005250027907935273,0.005250653968934316
2011-05-27,0.009283666524232848,0.009109278900621076,0.008759336997307798,0.008407896206695575
2011-05-31,0.011920033517204276,0.011922761069844912,0.011926720998720164,0.011928672966524223
2011-06-01,-0.015967077861298362,-0.01597059295917469,-0.015975701256921826,-0.01597822852419084
2011-06-02,0.0017424538012074109,0.0017424894567117377,0.0017425518014602126,0.0017426021056003993
2011-06-03,-0.005311231621058177,-0.005512743036315548,-0.005915201429139594,-0.006316758358489993
2011-06-06,-0.00594763407325416,-0.005948594712160138,-0.005950090757471549,-0.005951015919758662
2011-06-07,0.0017817015645109624,0.0017812519628817025,0.001780514171399794,0.0017799930716122514
2011-06-08,-0.004860499285946451,-0.004863056551546174,-0.0048673086115750275,-0.004870402835775778
2011-06-09,0.005881024026842541,0.005882892795856076,0.005886063625191618,0.0058884736840350005
2011-06-10,-0.012816769477642764,-0.013110724351547476,-0.013697331707996585,-0.014282149348172846
2011-06-13,-0.008443165197742575,-0.008445496177154621,-0.008449086962353913,-0.00845124281046239
2011-06-14,0.007944558954493308,0.007946184124566491,0.007948705446066961,0.007950250460406982
2011-06-15,-0.007410669254570124,-0.007410233240112474,-0.007409587458824696,-0.007409245166316358
2011-06-16,-0.0021184388993675807,-0.0021187391787089727,-0.002119206710393562,-0.002119496118407338
2011-06-17,0.003046000411513372,0.00289788798997459,0.0026006315533495528,0.002302062439022201
2011-06-20,-0.0007875484764002794,-0.0007876971427736024,-0.0007880764614262015,-0.000788564407590564
2011-06-21,0.006060423797000114,0.006059784623823727,0.006057922750239975,0.006055286166397611
2011-06-22,0.0005627826099350308,0.0005629289145963057,0.0005631270117338882,0.0005631986987828519
2011-06-23,-0.014788616290923873,-0.01478854095860127,-0.014786756940368129,-0.014782798030201216
2011-06-24,-0.01210608544706493,-0.01229864467940922,-0.012682575093723947,-0.013064831696940726
2011-06-27,-0.0016147241104471632,-0.001614931260459862,-0.0016151052529423948,-0.0016149585355941243
2011-06-28,0.005477421427873885,0.005477630339418393,0.0054775777388726965,0.005476898484400472
2011-06-29,0.0069118255878029,0.006912190111326932,0.006912250127422359,0.00691141852442434
2011-06-30,-0.004977229352213786,-0.004977694117929143,-0.004977918293771921,-0.00497720196411211
2011-07-01,0.002024349318558105,0.001622176744411341,0.000817527920228045,1.2450421637888454e-05
2011-07-05,0.014050745811345688,0.01405020137592139,0.014046669930164901,0.014039890374138553
2011-07-06,0.0046624105163100005,0.004662138457965925,0.0046603928785589055,0.004657049623674192
2011-07-07,0.011760436445435118,0.0117601237122964,0.011758366971058809,0.011755106113193747
2011-07-08,0.0013966168237276033,0.0012776347513752118,0.0010388545262438598,0.0007991224120729168
2011-07-11,-0.01131988884394175,-0.011317189287738505,-0.011310522597238526,-0.011302189900146309
2011-07-12,-0.00015125596278098286,-0.00015086592332491655,-0.00015016156506786338,-0.0001495604778030124
2011-07-13,0.012388042743794125,0.01238540548182554,0.012378188034606108,0.012368406753316297
2011-07-14,-0.0074569815226651626,-0.007454684673422474,-0.007448813506324203,-0.0074412604510665226
2011-07-15,0.01312134434329093,0.012803681809625989,0.012166386067891777,0.01152673708004781
2011-07-18,0.0013030194619525481,0.001301203862664746,0.0012965099930104529,0.001290417710319236
2011-07-19,0.004834484730771527,0.0048347968532960195,0.004835091049259832,0.0048349444910993356
2011-07-20,0.004240984723403951,0.004239020114744196,0.00423390460731965,0.004227227555003044
2011-07-21,-0.004212434767111528,-0.004211155641613673,-0.004207916313192062,-0.00420378157420942
2011-07-22,0.013004075195558684,0.012972304621764463,0.012906344936032932,0.01283714924678514
2011-07-25,0.0019422770802510758,0.001943967452538109,0.0019458986780755971,0.001945885123534774
2011-07-26,0.005704648407377277,0.005705785318024237,0.005707088045419972,0.005707088239579106
2011-07-27,-0.015731181175557496,-0.015736505489870045,-0.015742620173839095,-0.015742654750184326
2011-07-28,0.00047001032112392593,0.00047051650763263453,0.0004710971114008089,0.00047109863620953263
2011-07-29,0.0006019351824742003,0.0005323237926024849,0.00039246366258960386,0.00025175943623967356
2011-08-01,-0.003497712676237441,-0.0034987371227478414,-0.0034997303416840486,-0.0034993093699670075
2011-08-02,0.008376351769170398,0.008377970366354459,0.008379337379312402,0.008378197820913647
2011-08-03,-0.0018011140810731963,-0.0018002543435786666,-0.0017993855626575739,-0.0017996561598068173
2011-08-04,-0.031298560965687394,-0.03130373849106172,-0.03130890034445433,-0.03130710622827759
2011-08-05,0.0036737410967118134,0.0032735090377060683,0.0024715607249308214,0.0016675764102265234
2011-08-08,0.020940735472924965,0.020944969147561165,0.020949552193478604,0.020948938595991118
2011-08-09,-0.0006004037509935722,-0.001200888258949262,-0.0024018228865289037,-0.003602248115223472
2011-08-10,0.0,0.0,0.0,0.0
2011-08-11,0.0,0.0,0.0,0.0
2011-08-12,0.0,0.0,0.0,0.0
2011-08-15,0.0,0.0,0.0,0.0
2011-08-16,0.0,0.0,0.0,0.0
2011-08-17,0.0,0.0,0.0,0.0
2011-08-18,0.0,0.0,0.0,0.0
2011-08-19,0.0,0.0,0.0,0.0
2011-08-22,0.0,0.0,0.0,0.0
2011-08-23,0.0,0.0,0.0,0.0
2011-08-24,0.0,0.0,0.0,0.0
2011-08-25,0.0,0.0,0.0,0.0
2011-08-26,0.0,0.0,0.0,0.0
2011-08-29,0.0,0.0,0.0,0.0
2011-08-30,0.0,0.0,0.0,0.0
2011-08-31,0.0,0.0,0.0,0.0
2011-09-01,0.0,0.0,0.0,0.0
2011-09-02,0.020415550833555063,0.019896524070718957,0.01885636724758788,0.017813400482146413
2011-09-06,0.0014388641994358409,0.001438345696779253,0.0014373684349084925,0.0014364714623615882
2011-09-07,-0.016183090770636843,-0.016191276164846613,-0.016206499813945507,-0.016220183183154657
2011-09-08,0.012590093975895167,0.012597935669754756,0.012612646483659562,0.012626050714956483
2011-09-09,-0.0034370179372613663,-0.0034778050992249065,-0.0035592141595583993,-0.0036403609134807446
2011-09-12,-0.008138795700839085,-0.008144159580263821,-0.0081542161027367,-0.008163370344055676
2011-09-13,0.00032647952323627827,0.0003303143022403976,0.00033766376547039734,0.00034458182867802556
2011-09-14,-0.0006654062712825315,-0.000666549880450007,-0.0006686102638935321,-0.0006703663241621749
2011-09-15,-0.008924007373136589,-0.00892745122661498,-0.00893386017781772,-0.008939625918630845
2011-09-16,0.0064485553754207725,0.006334136621595654,0.006104642718474773,0.0058743148380879795
2011-09-19,-0.0007771855848689446,-0.000779745414777433,-0.0007845328754069181,-0.0007888773058002396
2011-09-20,0.005868900694624646,0.005870924841890002,0.005874656574651915,0.005877965765187287
2011-09-21,0.0029891722417112465,0.002985748721890724,0.00297910000377688,0.002972714099827023
2011-09-22,-0.004032639735060517,-0.004039495112014291,-0.004052780139295997,-0.0040655005611099915
2011-09-23,-0.028449621250675405,-0.02851873199219135,-0.02865589409272218,-0.028791624635981172
2011-09-26,-0.01002585552546853,-0.010028080590503419,-0.010032157573924061,-0.010035735870944973
2011-09-27,0.00435091571388968,0.004355636305119814,0.004364584435786689,0.004372874675053762
2011-09-28,-0.01407036352283808,-0.01407705253666347,-0.014089733798550164,-0.014101485358895216
2011-09-29,0.0062039071648549715,0.006205185459226437,0.006207482658050267,0.006209433042129842
2011-09-30,0.005048661662454101,0.005026112835050167,0.004980697627261721,0.004934865281592149
2011-10-03,0.014238984017195033,0.014240509113529587,0.014243079524245195,0.014245007390734088
2011-10-04,-0.010767765172565724,-0.010769771109144677,-0.010773237023948168,-0.010775971702097986
2011-10-05,0.0046841926165190895,0.004686607660099984,0.0046911029429184126,0.004695149511041441
2011-10-06,-0.0013609060301548181,-0.0013594517192788702,-0.0013567380231310766,-0.0013542855838605261
2011-10-07,-0.0070153570200994775,-0.0070608682393040745,-0.007151615354379248,-0.00724196480991246
2011-10-10,0.009988380987290713,0.009993614404904871,0.010003083119719092,0.010011212454076324
2011-10-11,-0.0032101188474585873,-0.0032109915289167956,-0.0032125022046646245,-0.003213698359908368
2011-10-12,-0.0014445178003962278,-0.001443216914735701,-0.0014408840300200731,-0.001438911841083912
2011-10-13,0.0016979355106985228,0.0016973480231217142,0.0016963561541432082,0.0016956095722366893
2011-10-14,0.0007768697551311377,0.0006959006696338754,0.0005333406501160098,0.00036995264209371825
2011-10-17,0.0015159209300430465,0.0015135412898612532,0.0015090267166539828,0.0015048446841638974
2011-10-18,-0.002319554032735427,-0.0023192787204926457,-0.002318626977309779,-0.002317841200733972
2011-10-19,-0.008396865413099808,-0.008400996671894312,-0.008408744016360714,-0.008415793634207525
2011-10-20,-0.008958273745886758,-0.008961200496860444,-0.008966584112258036,-0.008971333594587239
2011-10-21,0.0028631221095916093,0.002839433717694906,0.00279126005781527,0.0027420114707099597
2011-10-24,0.007751346772247647,0.007753778416609736,0.007758163889101999,0.007761905509609424
2011-10-25,0.018666187959518243,0.018668783132728795,0.01867314771348627,0.018676404369715627
2011-10-26,-0.0022472591069868653,-0.0022458885091248826,-0.0022435147239925346,-0.0022416345341966792
2011-10-27,-0.0033553904126149003,-0.0033520969424473135,-0.003346162831622146,-0.0033411083153589427
2011-10-28,0.005283777956213376,0.004970714296180789,0.004346135489832648,0.0037236991021936117
2011-10-31,-0.002188350744229073,-0.0021850949582311596,-0.002177316019511766,-0.002167849151210377
2011-11-01,0.0010995820718688876,0.001101251188615926,0.0011054355521229464,0.0011107474993243827
2011-11-02,0.005529661162008148,0.005527462622677781,0.005522249283714142,0.005515948952446337
2011-11-03,0.013214070702596503,0.013210156804251083,0.013200807170885787,0.013189430700573324
2011-11-04,-0.005103235632399894,-0.005174313488984006,-0.00531607120835853,-0.005457203289881085
2011-11-07,0.02129839582984494,0.021293429723806545,0.021281314935860163,0.021266311654331016
2011-11-08,-0.004553403420312185,-0.004552665742466155,-0.004551085764495699,-0.004549369079886123
2011-11-09,-0.01439203941420042,-0.01438804905670632,-0.014377799761998489,-0.01436454404095222
2011-11-10,-0.008051464787130813,-0.008050427626174028,-0.008047914138727297,-0.008044819578073237
2011-11-11,0.014091513650154486,0.013888090702028677,0.013480256598396245,0.013071188724865568
2011-11-14,0.0005128150357303074,0.0005135107773435177,0.0005151967118064427,0.0005172737759568946
2011-11-15,0.0020368481669332805,0.0020360496329183686,0.0020342935409687346,0.0020323271595026338
2011-11-16,-0.007045630581738238,-0.00704383402477704,-0.007039521987044495,-0.0070342551974097445
2011-11-17,-0.01805290475725385,-0.018049654193183384,-0.018041591420096426,-0.018031453275858977
2011-11-18,0.0005548492346127976,0.0005168843439646853,0.0004413111206320597,0.0003662672795039512
2011-11-21,-0.015872106459591362,-0.01587148306417685,-0.015869095562199287,-0.015865171096050235
2011-11-22,0.010225976517854285,0.010225965550654026,0.010225448417553018,0.010224264380406245
2011-11-23,-0.0025139527481244928,-0.002512924706981501,-0.0025106249855579854,-0.0025079959102134453
2011-11-25,-0.010522480718323068,-0.010678888438953704,-0.010990061010960672,-0.011298969250960411
2011-11-28,0.012417997076780596,0.012423534428486205,0.01243398534038942,0.012443594114906364
2011-11-29,4.663957330697244e-05,4.71319534172121e-05,4.805573568167354e-05,4.889725540246914e-05
2011-11-30,0.007891251946134048,0.007896671201567562,0.007906901989591653,0.007916312303539508
2011-12-01,-0.0035345911741200275,-0.003535378268985867,-0.003536866555550855,-0.0035382388403776277
2011-12-02,0.007672303550692261,0.007555568767263265,0.007320840700773434,0.007084424201362571
2011-12-05,-0.007878850843823337,-0.007878634876374635,-0.007877655628355407,-0.007875947552993257
2011-12-06,-0.0006096069230157042,-0.0006096925126168884,-0.0006100485827945645,-0.0006106508242741393
2011-12-07,0.003508436447354768,0.0035083402132236596,0.003507871858115408,0.0035070360813631574
2011-12-08,-0.005762582222793355,-0.005762286046954168,-0.0057609431149262535,-0.005758600675559666
2011-12-09,-0.006178799641555988,-0.006186630068792165,-0.006202191609770646,-0.006217623351458257
2011-12-12,-0.008891794414782606,-0.00889423985365101,-0.008898121143854909,-0.008900652744776805
2011-12-13,-0.005534147994865957,-0.005536164450910319,-0.005539364878936803,-0.0055414523823484885
2011-12-14,-0.01239972832182712,-0.012402985129504551,-0.012408155745381455,-0.01241153092049918
2011-12-15,-0.003603969608887869,-0.003604288613985429,-0.003604793367101844,-0.0036051199949496127
2011-12-16,0.010809077812390377,0.01038039217765152,0.009522132895717794,0.008662896585377666
2011-12-19,0.0035243266053037736,0.0035241887982564446,0.003523954014488684,0.003523773447891232
2011-12-20,-0.004932516370844575,-0.0049319733160879675,-0.0049310481062068146,-0.004930336549347825
2011-12-21,-0.005819833463368451,-0.00581994657963969,-0.005820139297391558,-0.005820287512019351
2011-12-22,0.0010849432916004709,0.0010848864232735345,0.001084789535920283,0.0010847150221671154
2011-12-23,-0.003197627287176319,-0.003300682826709145,-0.003508383087530431,-0.003718098224956723
2011-12-27,-0.0002969603153738509,-0.0002991538234716762,-0.00030338039326571753,-0.00030738841152377905
2011-12-28,-0.0004744906373260749,-0.0004827989473327188,-0.0004988078474811308,-0.0005139889440241019
2011-12-29,9.639773851954914e-05,9.575115530324751e-05,9.450528386367729e-05,9.332383514282228e-05
2011-12-30,0.003529881905503851,0.0034364361264929144,0.0032486298806568836,0.0030596554962867284
2012-01-03,0.0008399427085590272,0.0008455785220851109,0.0008564069507508432,0.0008666281124678488
2012-01-04,-0.002788074744069613,-0.0027869333844745547,-0.002784740421399867,-0.002782670441450308
2012-01-05,0.0012797434862714674,0.0012815031475983396,0.0012848840911063864,0.0012880754285955476
2012-01-06,0.002049613751053281,0.0019030158712936007,0.001608987833296105,0.0013139035073186367
2012-01-09,-0.0022050464605118947,-0.002207114097975804,-0.0022111184476791834,-0.002214941893505906
2012-01-10,0.004004164646342012,0.004009783458142957,0.004020665292004955,0.004031055518970428
2012-01-11,0.006336389174541601,0.006338747761032382,0.006343315585556342,0.006347677050190237
2012-01-12,0.0013079783396738875,0.0013101813593257017,0.0013144479008466714,0.001318521693492336
2012-01-13,0.0013474403470390417,0.0010289321230219084,0.0003914938673592605,-0.0002461072976880363
2012-01-17,0.00819759771544093,0.008203044625596956,0.008212991944655634,0.008221660014000376
2012-01-18,0.004420999448203622,0.004427735677577482,0.004440021729824828,0.004450704601606903
2012-01-19,-0.0021448484135447865,-0.002143186725150681,-0.0021401791121553604,-0.002137597735749619
2012-01-20,-0.001976963796166409,-0.00214511538583384,-0.0024795250161917526,-0.002811698032287424
2012-01-23,0.0013699441523227218,0.0013699963764779444,0.001370089339368219,0.0013701668150496449
2012-01-24,-0.0028755118972525473,-0.002875798983338562,-0.0028763100179783896,-0.002876735916492845
2012-01-25,0.01659776502504129,0.01659972593874648,0.01660321651135832,0.016606125569911256
2012-01-26,0.0030761452495833286,0.0030756030130778544,0.0030746377916661682,0.0030738333719002586
2012-01-27,0.007449476931615351,0.007329075257451967,0.0070869045886792215,0.0068353766632969215
2012-01-30,0.00046231695645748694,0.00046009339473673805,0.0004560336099179718,0.0004552158213440016
2012-01-31,0.007506936588792534,0.007511329356668206,0.007519340177079004,0.007521184431416472
2012-02-01,0.0027666670953709893,0.0027718469849074,0.002781272647555344,0.002783942459288591
2012-02-02,0.006198529188303992,0.006204440987563231,0.006215217310098664,0.0062178114476416635
2012-02-03,-0.006115191114596685,-0.006246304431378746,-0.0065065894570546234,-0.006770217483393459
2012-02-06,0.0004063476886615458,0.0004057775790327067,0.0004047581643578102,0.0004039018721715415
2012-02-07,0.0065527759001589025,0.0065553824639248415,0.0065600432681274246,0.006563958269862669
2012-02-08,0.0011061506469316473,0.001106346714871309,0.001106697304521287,0.001106991794276313
2012-02-09,0.0029873126297448316,0.0029885331279895233,0.0029907155044281986,0.002992548666082895
2012-02-10,-0.0061398422228788885,-0.006195313597615826,-0.006305806948352366,-0.006415672350345347
2012-02-13,0.009376418128707487,0.009378804044029243,0.009383034772892929,0.00938653554262947
2012-02-14,0.002212450084946971,0.0022127423778759425,0.0022132606746152472,0.0022136895457618433
2012-02-15,-0.0034034656750346892,-0.0034043240451638868,-0.0034058461156447617,-0.003407105571981428
2012-02-16,0.009962465135195941,0.009965504919766888,0.009970895096109933,0.00997535526522575
2012-02-17,-0.0037236893194699805,-0.003839632915472513,-0.004071316164865335,-0.0043027162448707745
2012-02-21,0.008236327708176061,0.008239670958115619,0.00824556883947114,0.008250403595498224
2012-02-22,0.004500915268238481,0.004501416774361333,0.0045023014894334246,0.004503026729781645
2012-02-23,0.005450751226995232,0.0054521446192814516,0.005454602725176949,0.0054566177440584784
2012-02-24,0.0028564447582406505,0.0027737265381386766,0.0026082331224741573,0.0024426680186622196
2012-02-27,0.0008696852264891142,0.0008695737527246727,0.0008693795323393427,0.0008692239859078299
2012-02-28,0.012261428388994577,0.012264538923788537,0.01226995839867584,0.012274298725660993
2012-02-29,-0.027382017495794275,-0.02738920229884556,-0.027401720358371406,-0.027411745770923757
2012-03-01,0.011476298207877766,0.011479443629279329,0.011484923886992071,0.011489312893479209
2012-03-02,-0.00024255349540636129,-0.00048091153286100585,-0.0009578713073302714,-0.0014350234912610116
2012-03-05,-0.014153089911871253,-0.014154727726934935,-0.014157597743471917,-0.014159922191530838
2012-03-06,-0.014090719928190887,-0.014092276003647042,-0.014095002784216493,-0.01409721122438412
2012-03-07,0.007739061948404791,0.007740284216442683,0.00774242605135389,0.007744160739617145
2012-03-08,0.011599719601971925,0.01160142761350702,0.011604420638458235,0.011606844711960385
2012-03-09,0.004220675253670869,0.004004672710864687,0.0035707514161920084,0.0031342078214064983
2012-03-12,-0.000799738689350904,-0.0007985580708428364,-0.0007960902006146631,-0.0007935285073590315
2012-03-13,0.005381278210061957,0.005377254769392881,0.005367784019056243,0.005356682760459419
2012-03-14,-0.00711222513186327,-0.007110629293051951,-0.007107454599686869,-0.007104352234002298
2012-03-15,0.0034520367634789384,0.0034493510062465482,0.0034435314882921286,0.00343724462316386
2012-03-16,-0.0011174672302629585,-0.0013641207413510603,-0.0018571349879503707,-0.002349707540713508
2012-03-19,0.004264664274664209,0.004262890677948494,0.0042585719300660685,0.004253407516043639
2012-03-20,-0.0016974863970248277,-0.0016969476483282842,-0.0016958756201383984,-0.0016948339840916482
2012-03-21,0.0004128453278997579,0.00041276073115859013,0.0004125657329985266,0.0004123435701499645
2012-03-22,-0.0031369598906036966,-0.003136086051901743,-0.003134038004102613,-0.00313166884838878
2012-03-23,0.0027496235556494497,0.002727401870760371,0.002682780380580896,0.0026379446873947554
2012-03-26,0.015442142752658539,0.015436324396003176,0.015422808211601913,0.015407318071199771
2012-03-27,-0.00025569372979517,-0.00025528245617723044,-0.0002544933513971559,-0.00025376426485002046
2012-03-28,-0.005583498523946129,-0.005581533436523234,-0.005577066714712031,-0.005572051176983672
2012-03-29,-0.0036310208636154417,-0.0036299739753751226,-0.003627515655454605,-0.003624670517642259
2012-03-30,0.00012961245279607958,8.01310673617106e-05,-1.843770297804692e-05,-0.00011634852472097723
2012-04-02,0.009747663447140509,0.009745937674537686,0.009741570913883724,0.009735950711474484
2012-04-03,-0.005600722246145939,-0.005598716004295956,-0.005594332588924722,-0.005589433742175798
2012-04-04,-0.013901204871499706,-0.013897798918551918,-0.013889619862776259,-0.013879563713890097
2012-04-05,0.005864186843724584,0.005862686236538739,0.00585907604401581,0.005854629819953994
2012-04-09,-0.0037050310726742808,-0.0037352280018987383,-0.003793683993475905,-0.003849467387394334
2012-04-10,-0.010507148214638495,-0.010509893095389522,-0.01051450281385391,-0.010517894441702258
2012-04-11,0.003745207283728069,0.0037461397602931434,0.0037477095841804697,0.003748867692896063
2012-04-12,0.01121411959189711,0.011216711538436952,0.011221086191723018,0.011224322478059712
2012-04-13,-0.012648264135480147,-0.012673276411497736,-0.012722275951331907,-0.012769824964120047
2012-04-16,-0.007641742318573841,-0.007644578204753505,-0.007649582077522754,-0.00765365316849409
2012-04-17,0.01366773128816745,0.013672487850554527,0.013680855132979897,0.013687627020083637
2012-04-18,-0.0033705143148473615,-0.0033714800775647147,-0.003373212562731376,-0.003374661655923039
2012-04-19,-0.0071188533832208245,-0.007121513390731193,-0.007126190189145287,-0.007129971867580909
2012-04-20,0.0008634962122893164,0.0006009389118828423,7.57863408620274e-05,-0.0004493925275212973
2012-04-23,-0.0054902429962402355,-0.005492309783861615,-0.005496045499839841,-0.005499229880148171
2012-04-24,-0.004084270371223275,-0.004085285231133828,-0.0040870931558637524,-0.0040885964750660975
2012-04-25,0.014580250060217903,0.014585827788665906,0.014595857418667535,0.014604332345363957
2012-04-26,0.006999516187292443,0.007001210243231526,0.007004340142661825,0.0070071051637328186
2012-04-27,0.0039653914470281215,0.003922649075559503,0.0038367971869246453,0.00375045909481031
2012-04-30,-0.003275632752850699,-0.003276816708968955,-0.0032788992046450804,-0.003280592948468941
2012-05-01,-0.0007288987301791172,-0.0007288495748498658,-0.0007288059236502109,-0.0007288338342306133
2012-05-02,0.0019880889522485568,0.001988288473090627,0.0019885883476706834,0.0019887565958038866
2012-05-03,-0.008220623892726597,-0.008223493160670503,-0.008228777942889454,-0.008233428642232421
2012-05-04,-0.009674648430604393,-0.009801792900734352,-0.010055268951325247,-0.010307593277659621
2012-05-07,7.937572423521999e-05,7.931783743275744e-05,7.91878217984987e-05,7.90413610907148e-05
2012-05-08,-0.0052681519664388166,-0.005270204327557426,-0.005274068393315456,-0.005277572684763254
2012-05-09,-0.004223379212134115,-0.004224612841908448,-0.00422691291067967,-0.004228968227967367
2012-05-10,-0.0013337644981223917,-0.0013339384301870316,-0.0013342217731949768,-0.0013344188279778013
2012-05-11,-6.363179753376969e-05,-0.00025746621678202075,-0.0006457396006008809,-0.0010347707536724204
2012-05-14,2.7472222634328247e-05,2.7126859736936737e-05,2.67913092073524e-05,2.6947480828987125e-05
2012-05-15,-0.0008740811125894643,-0.0008741555328888317,-0.0008741588451437465,-0.0008739591007458358
2012-05-16,-0.0018110294887493383,-0.0018113569229791793,-0.0018117863242580468,-0.0018119061258731195
2012-05-17,0.0005099120588718531,0.0005086430050942337,0.0005067019909783532,0.0005055714080259843
2012-05-18,-0.0010995656400276665,-0.0013107384716495307,-0.0017333730974046224,-0.002156212772321031
2012-05-21,0.005458943594967236,0.005457301530797487,0.005453667840328302,0.005449545315860949
2012-05-22,-0.007532829112809947,-0.007532015099863454,-0.007530213787137807,-0.007528170146974267
2012-05-23,0.0025398104973848312,0.0025398375353959945,0.0025398973672619007,0.0025399652482038793
2012-05-24,-0.002975365621978532,-0.0029749162861882894,-0.0029739219601390143,-0.0029727938691522793
2012-05-25,0.0020754038970256516,0.0020151656388955885,0.0018946648711051228,0.001774130733336765
2012-05-29,0.0008322556163640193,0.0008315216325911479,0.0008298700549971283,0.0008279838695508523
2012-05-30,0.008101124067846133,0.008101653454638313,0.008102844657219332,0.008104205071031823
2012-05-31,0.0031727307858733234,0.003173165736525485,0.0031741444431099275,0.0031752621757084043
2012-06-01,0.006925129447881373,0.006830305961665006,0.006641057029154185,0.006452375770417351
2012-06-04,-0.0010072504957527872,-0.001008066048925893,-0.0010098897347105007,-0.0010119580412485396
2012-06-05,-0.003919991850649396,-0.003920385456412601,-0.003921265611452007,-0.00392226382640648
2012-06-06,-0.0009850207171679948,-0.0009878225806231322,-0.0009940879214029863,-0.0010011936659382048
2012-06-07,-0.0039200851987799545,-0.00391809474681859,-0.003913643830475655,-0.003908595888856503
2012-06-08,0.003810043720085199,0.00376125649524206,0.0036630651942406445,0.0035638515204505783
2012-06-11,-0.003059269093359629,-0.003059269093359629,-0.003059269093359629,-0.003059269093359629
2012-06-12,0.002377754474424787,0.002377754474424787,0.002377754474424787,0.002377754474424787
2012-06-13,0.0020413557251908188,0.0020413557251908188,0.0020413557251908188,0.0020413557251908188
2012-06-14,0.0016147003644855218,0.0016147003644855218,0.0016147003644855218,0.0016147003644855218
2012-06-15,0.0058058205389610595,0.005786574569507152,0.005748082630599338,0.005709590691691524
2012-06-18,0.00492384652805411,0.00492384652805411,0.00492384652805411,0.00492384652805411
2012-06-19,-0.0025794083864645323,-0.0025794083864645323,-0.0025794083864645323,-0.0025794083864645323
2012-06-20,0.00022579023920488162,0.00022579023920488162,0.00022579023920488162,0.00022579023920488162
2012-06-21,-0.011377330903963201,-0.011377330903963201,-0.011377330903963201,-0.011377330903963201
2012-06-22,-0.0010095551041710005,-0.0011017067381565715,-0.0012860100061278246,-0.0014703132740990776
2012-06-25,-0.0010638361926552653,-0.0010638361926552653,-0.0010638361926552653,-0.0010638361926552653
2012-06-26,0.00021206359656189555,0.00021206359656189555,0.00021206359656189555,0.00021206359656189555
2012-06-27,0.0028812878082780102,0.0028812878082780102,0.0028812878082780102,0.0028812878082780102
2012-06-28,-0.004164066650325093,-0.004164066650325093,-0.004164066650325093,-0.004164066650325093
2012-06-29,0.010013547232301079,0.009965797851007707,0.009870299088421186,0.009774800325834665
2012-07-02,0.004463019985262218,0.004463019985262218,0.004463019985262218,0.004463019985262218
2012-07-03,0.0013654759326000576,0.0013654759326000576,0.0013654759326000576,0.0013654759326000576
2012-07-05,0.0007715712556668475,0.0007715712556668475,0.0007715712556668475,0.0007715712556668475
2012-07-06,-0.003876230377593548,-0.0042423054531604,-0.00497603918427636,-0.005711434461132425
2012-07-09,0.0030926786427483144,0.0030923939549416524,0.003091900556919658,0.0030915091915768578
2012-07-10,-0.007079067293099928,-0.007087038884898367,-0.007101964576609943,-0.0071155188997098495
2012-07-11,-0.0010268384798944874,-0.0010279029281424767,-0.0010297861729561264,-0.0010313393531846682
2012-07-12,-0.002960972235305559,-0.002966065975427812,-0.002975523161087734,-0.0029839968074212297
2012-07-13,0.006083271122499623,0.005767020500889508,0.0051334103619899984,0.0044985299348767604
2012-07-16,0.0010254553806778866,0.0010248186210035648,0.0010236160020891116,0.0010225081679042791
2012-07-17,-0.002560397946994919,-0.0025599903055721906,-0.0025592204118352058,-0.002558511197477742
2012-07-18,0.003196362363964367,0.0031993709256437075,0.003205053058678242,0.0032102873528869758
2012-07-19,0.002423191457908258,0.0024265055592009865,0.0024327647509483352,0.0024385306228340564
2012-07-20,-0.0020173008480849353,-0.0023410986753498175,-0.0029889048081017666,-0.0036366749932078557
2012-07-23,-0.0038489188460544277,-0.0038542280885653923,-0.0038640635059241646,-0.0038728475365473747
2012-07-24,-0.00010210679032551795,-0.00010488661453988968,-0.00010997201238649446,-0.00011442086121049577
2012-07-25,-0.0007421038687265291,-0.0007430740841064543,-0.0007446989733804754,-0.0007459007482611968
2012-07-26,0.0031410432566476576,0.00314721949394392,0.003158684452600813,0.0031689577125120216
2012-07-27,0.00026822502725032393,-1.0022845372548161e-05,-0.0005684765071451992,-0.0011291777721069707
2012-07-30,0.002573111134277717,0.002573111134277717,0.002573111134277717,0.002573111134277717
2012-07-31,-7.67736910984862e-05,-7.67736910984862e-05,-7.67736910984862e-05,-7.67736910984862e-05
2012-08-01,-0.003426420412832365,-0.003426420412832365,-0.003426420412832365,-0.003426420412832365
2012-08-02,0.0006018297114853688,0.0006018297114853688,0.0006018297114853688,0.0006018297114853688
2012-08-03,-0.00022445070557597369,-0.00026412986601676014,-0.000343488186898111,-0.0004228465077795729
2012-08-06,0.002891260942087248,0.002891260942087248,0.002891260942087248,0.002891260942087248
2012-08-07,-0.002435791694478162,-0.002435791694478162,-0.002435791694478162,-0.002435791694478162
2012-08-08,-0.0019326414309234208,-0.0019326414309234208,-0.0019326414309234208,-0.0019326414309234208
2012-08-09,0.0009712538290320705,0.0009712538290320705,0.0009712538290320705,0.0009712538290320705
2012-08-10,0.003124699536976472,0.002797470964683413,0.002143013820097517,0.0014885566755113988
2012-08-13,-0.0003144474843703726,-0.0003144474843703726,-0.0003144474843703726,-0.0003144474843703726
2012-08-14,-0.005416133369964937,-0.005416133369964937,-0.005416133369964937,-0.005416133369964937
2012-08-15,-0.003120593946025485,-0.003120593946025485,-0.003120593946025485,-0.003120593946025485
2012-08-16,0.004697721143815947,0.004697721143815947,0.004697721143815947,0.004697721143815947
2012-08-17,0.004068476841017743,0.0038675123274050094,0.0034655833001797642,0.003063654272954297
2012-08-20,0.0017742220717307244,0.0017742220717307244,0.0017742220717307244,0.0017742220717307244
2012-08-21,-0.0003629102577633603,-0.0003629102577633603,-0.0003629102577633603,-0.0003629102577633603
2012-08-22,0.006874714966381479,0.006874714966381479,0.006874714966381479,0.006874714966381479
2012-08-23,-0.0033530386811514434,-0.0033530386811514434,-0.0033530386811514434,-0.0033530386811514434
2012-08-24,0.003688400018989846,0.0034947963590969966,0.0031075890393117422,0.002720381719526266
2012-08-27,0.0023607626477319954,0.0023607626477319954,0.0023607626477319954,0.0023607626477319954
2012-08-28,0.0009429165983618759,0.0009429165983618759,0.0009429165983618759,0.0009429165983618759
2012-08-29,-0.002181543285721954,-0.002181543285721954,-0.002181543285721954,-0.002181543285721954
2012-08-30,-0.005768981722724886,-0.005768981722724886,-0.005768981722724886,-0.005768981722724886
2012-08-31,0.011786851757684458,0.011742968679363752,0.011655202522722341,0.01156743636608093
2012-09-04,-0.0010777159911259382,-0.0010777159911259382,-0.0010777159911259382,-0.0010777159911259382
2012-09-05,-0.0023979242675152834,-0.0023979242675152834,-0.0023979242675152834,-0.0023979242675152834
2012-09-06,0.013470960749161431,0.013470960749161431,0.013470960749161431,0.013470960749161431
2012-09-07,0.003344344229882834,0.003153660324746843,0.002772292514475083,0.0023909247042033233
2012-09-10,-0.009906602863448244,-0.009906602863448244,-0.009906602863448244,-0.009906602863448244
2012-09-11,-0.0010095180302918116,-0.0010095180302918116,-0.0010095180302918116,-0.0010095180302918116
2012-09-12,0.0006024967002726811,0.0006024967002726811,0.0006024967002726811,0.0006024967002726811
2012-09-13,0.012170349598146446,0.012170349598146446,0.012170349598146446,0.012170349598146446
2012-09-14,0.00238918985343739,0.0021245547589492375,0.0015952845699731544,0.0010660143809968492
2012-09-17,-0.0014196021152941274,-0.0014196021152941274,-0.0014196021152941274,-0.0014196021152941274
2012-09-18,0.004563100468253367,0.004563100468253367,0.004563100468253367,0.004563100468253367
2012-09-19,0.002648160130745314,0.002648160130745314,0.002648160130745314,0.002648160130745314
2012-09-20,-0.0012497759981007217,-0.0012497759981007217,-0.0012497759981007217,-0.0012497759981007217
2012-09-21,0.0006763254420543152,0.0005941452201803088,0.0004297847764320739,0.00026542433268406107
2012-09-24,-0.006048048921852178,-0.006048048921852178,-0.006048048921852178,-0.006048048921852178
2012-09-25,-0.009996605298679406,-0.009996605298679406,-0.009996605298679406,-0.009996605298679406
2012-09-26,-0.007788922758822148,-0.007788922758822148,-0.007788922758822148,-0.007788922758822148
2012-09-27,0.017459370383027695,0.017459370383027695,0.017459370383027695,0.017459370383027695
2012-09-28,-0.007722193503396757,-0.007819146580475556,-0.008013052734633042,-0.008206958888790528
2012-10-01,0.001474031864560077,0.001474031864560077,0.001474031864560077,0.001474031864560077
2012-10-02,0.0010575628766082978,0.0010575628766082978,0.0010575628766082978,0.0010575628766082978
2012-10-03,0.004530110810156307,0.004530110810156307,0.004530110810156307,0.004530110810156307
2012-10-04,0.0045668583785070105,0.0045668583785070105,0.0045668583785070105,0.0045668583785070105
2012-10-05,-0.008419352286535564,-0.0084922618967197,-0.008638081117088081,-0.008783900337456463
2012-10-08,-0.00723002777506121,-0.00723002777506121,-0.00723002777506121,-0.00723002777506121
2012-10-09,-0.014380434540761655,-0.014380434540761655,-0.014380434540761655,-0.014380434540761655
2012-10-10,-0.003267721657938094,-0.003267721657938094,-0.003267721657938094,-0.003267721657938094
2012-10-11,0.0010826130382988186,0.0010826130382988186,0.0010826130382988186,0.0010826130382988186
2012-10-12,-0.0031304788682744444,-0.00371548967947688,-0.00488551130188164,-0.006055532924286511
2012-10-15,-0.00042104732961589786,-0.00042104732961589786,-0.00042104732961589786,-0.00042104732961589786
2012-10-16,0.005221288583899586,0.005221288583899586,0.005221288583899586,0.005221288583899586
2012-10-17,0.0003232494879357173,0.0003232494879357173,0.0003232494879357173,0.0003232494879357173
2012-10-18,-0.004879623197506677,-0.004879623197506677,-0.004879623197506677,-0.004879623197506677
2012-10-19,-0.008698708849857906,-0.00874571317457451,-0.008839721824007829,-0.008933730473441037
2012-10-22,0.0026603629603307866,0.0026603629603307866,0.0026603629603307866,0.0026603629603307866
2012-10-23,-0.007187518795462644,-0.007187518795462644,-0.007187518795462644,-0.007187518795462644
2012-10-24,-0.0026054539711786173,-0.0026054539711786173,-0.0026054539711786173,-0.0026054539711786173
2012-10-25,0.00251782355712149,0.00251782355712149,0.00251782355712149,0.00251782355712149
2012-10-26,0.0012934582645389714,0.0012571402281962296,0.0011847657714492144,0.001112762085904162
2012-10-31,0.0009001457357449283,0.0008998428511264311,0.0008992134007477226,0.0008985529614100596
2012-11-01,0.0020674348321532143,0.0020656224331316864,0.0020618559320235708,0.002057903999383992
2012-11-02,-0.007575741808018455,-0.007707532183242827,-0.007970690781110568,-0.008233268957699269
2012-11-05,0.0025036627711789716,0.0025036627711789716,0.0025036627711789716,0.0025036627711789716
2012-11-06,0.00311084203989509,0.00311084203989509,0.00311084203989509,0.00311084203989509
2012-11-07,-0.0044360103468777945,-0.0044360103468777945,-0.0044360103468777945,-0.0044360103468777945
2012-11-08,-0.001601031431554878,-0.001601031431554878,-0.001601031431554878,-0.001601031431554878
2012-11-09,0.00042602947688674675,0.00023660751003728997,-0.00014223642366151257,-0.0005210803573600931
2012-11-12,-0.00028981032009278707,-0.00028981032009278707,-0.00028981032009278707,-0.00028981032009278707
2012-11-13,-0.0014167842147319032,-0.0014167842147319032,-0.0014167842147319032,-0.0014167842147319032
2012-11-14,-0.002258773127935765,-0.002258773127935765,-0.002258773127935765,-0.002258773127935765
2012-11-15,-0.002541450344373253,-0.002541450344373253,-0.002541450344373253,-0.002541450344373253
2012-11-16,0.0003803747213824149,0.0003475529551346668,0.00028190942263939256,0.00021626589014411834
2012-11-19,0.00812387051832797,0.00812387051832797,0.00812387051832797,0.00812387051832797
2012-11-20,-0.002277343308679125,-0.002277343308679125,-0.002277343308679125,-0.002277343308679125
2012-11-21,0.0006703268323220435,0.0006703268323220435,0.0006703268323220435,0.0006703268323220435
2012-11-23,0.007390300536929795,0.007308186354785695,0.007143957990497274,0.006979729626208853
2012-11-26,0.0009020189138229107,0.0009020189138229107,0.0009020189138229107,0.0009020189138229107
2012-11-27,-0.002200857727259198,-0.002200857727259198,-0.002200857727259198,-0.002200857727259198
2012-11-28,-0.0004964161522764687,-0.0004964161522764687,-0.0004964161522764687,-0.0004964161522764687
2012-11-29,0.003428840681006129,0.003428840681006129,0.003428840681006129,0.003428840681006129
2012-11-30,-0.002220293274539875,-0.0022524957317586747,-0.002316900646196385,-0.002381305560634095
2012-12-03,-1.5595711879701213e-06,-1.5595711879701213e-06,-1.5595711879701213e-06,-1.5595711879701213e-06
2012-12-04,-0.0012446041963514176,-0.0012446041963514176,-0.0012446041963514176,-0.0012446041963514176
2012-12-05,-0.001727949654288019,-0.001727949654288019,-0.001727949654288019,-0.001727949654288019
2012-12-06,0.0025810570098359076,0.0025810570098359076,0.0025810570098359076,0.0025810570098359076
2012-12-07,-0.0016852084246468113,-0.0018433745377188782,-0.002159706763862901,-0.0024760389900070345
2012-12-10,0.0018484310174076146,0.0018484310174076146,0.0018484310174076146,0.0018484310174076146
2012-12-11,0.0027828893302968005,0.0027828893302968005,0.0027828893302968005,0.0027828893302968005
2012-12-12,-0.00017118459446607837,-0.00017118459446607837,-0.00017118459446607837,-0.00017118459446607837
2012-12-13,-0.003703245412020606,-0.003703245412020606,-0.003703245412020606,-0.003703245412020606
2012-12-14,-0.00014721788461258267,-0.00016291187603123536,-0.0001942998588684297,-0.00022568784170551304
2012-12-17,0.0022614831820928494,0.0022614831820928494,0.0022614831820928494,0.0022614831820928494
2012-12-18,0.002704442511210381,0.002704442511210381,0.002704442511210381,0.002704442511210381
2012-12-19,-0.0003827666834008703,-0.0003827666834008703,-0.0003827666834008703,-0.0003827666834008703
2012-12-20,-0.00011250880189361823,-0.00011250880189361823,-0.00011250880189361823,-0.00011250880189361823
2012-12-21,-0.0017227764686639224,-0.0019013469978753639,-0.002258488056298469,-0.0026156291147215738
2012-12-24,-0.0014446414594918577,-0.0014446414594918577,-0.0014446414594918577,-0.0014446414594918577
2012-12-26,-0.0002932535499061695,-0.0002932535499061695,-0.0002932535499061695,-0.0002932535499061695
2012-12-27,0.002154483590868006,0.002154483590868006,0.002154483590868006,0.002154483590868006
2012-12-28,-0.0045411086248476895,-0.00458308654172801,-0.004667042375488428,-0.004750998209248958
2012-12-31,0.010218917561183316,0.010218917561183316,0.010218917561183316,0.010218917561183316
2013-01-02,0.012505359860780052,0.012505359860780052,0.012505359860780052,0.012505359860780052
2013-01-03,-0.0073206540860450975,-0.0073206540860450975,-0.0073206540860450975,-0.0073206540860450975
2013-01-04,0.0004339915711142339,0.00023229694136950307,-0.00017109231812018066,-0.0005744815776097534
2013-01-07,-0.004136998168309924,-0.004136998168309924,-0.004136998168309924,-0.004136998168309924
2013-01-08,-0.0028173367994704934,-0.0028173367994704934,-0.0028173367994704934,-0.0028173367994704934
2013-01-09,0.0030066186124730887,0.0030066186124730887,0.0030066186124730887,0.0030066186124730887
2013-01-10,0.008424985254758655,0.008424985254758655,0.008424985254758655,0.008424985254758655
2013-01-11,-0.001997695163783564,-0.002019990111176706,-0.0020645800059632125,-0.002109169900749719
2013-01-14,0.0014752140127205493,0.0014752140127205493,0.0014752140127205493,0.0014752140127205493
2013-01-15,-0.0016308342840894996,-0.0016308342840894996,-0.0016308342840894996,-0.0016308342840894996
2013-01-16,-0.0006230973317506994,-0.0006230973317506994,-0.0006230973317506994,-0.0006230973317506994
2013-01-17,0.004985744431063477,0.004985744431063477,0.004985744431063477,0.004985744431063477
2013-01-18,0.0003239457576926785,0.00022499435426071024,2.709154739655162e-05,-0.00017081125946771802
2013-01-22,0.0007496203108230404,0.0007496203108230404,0.0007496203108230404,0.0007496203108230404
2013-01-23,-0.0006117546292754295,-0.0006117546292754295,-0.0006117546292754295,-0.0006117546292754295
2013-01-24,-0.004980365009969012,-0.004980365009969012,-0.004980365009969012,-0.004980365009969012
2013-01-25,0.001948792170586744,0.0017773328426706758,0.0014344141868383176,0.0010914955310059593
2013-01-28,-0.0022045323241587367,-0.0022045323241587367,-0.0022045323241587367,-0.0022045323241587367
2013-01-29,0.0036443072217144934,0.0036443072217144934,0.0036443072217144934,0.0036443072217144934
2013-01-30,0.00010233160445793921,0.00010233160445793921,0.00010233160445793921,0.00010233160445793921
2013-01-31,-0.0019002349045159628,-0.0019002349045159628,-0.0019002349045159628,-0.0019002349045159628
2013-02-01,0.007222803535983369,0.00706511055741621,0.006749724600282336,0.006434338643148241
2013-02-04,-0.013206689511007785,-0.013206689511007785,-0.013206689511007785,-0.013206689511007785
2013-02-05,0.006856953195536697,0.006856953195536697,0.006856953195536697,0.006856953195536697
2013-02-06,-0.0010124117084557849,-0.0010124117084557849,-0.0010124117084557849,-0.0010124117084557849
2013-02-07,-0.0033422015197699384,-0.0033422015197699384,-0.0033422015197699384,-0.0033422015197699384
2013-02-08,0.006383160913278507,0.0063131360620263255,0.006173086359521962,0.006033036657017377
2013-02-11,-0.0002884388105097724,-0.0002884388105097724,-0.0002884388105097724,-0.0002884388105097724
2013-02-12,0.00026339764693728007,0.00026339764693728007,0.00026339764693728007,0.00026339764693728007
2013-02-13,0.0018545436691490558,0.0018545436691490558,0.0018545436691490558,0.0018545436691490558
2013-02-14,-0.0010621372448695876,-0.0010621372448695876,-0.0010621372448695876,-0.0010621372448695876
2013-02-15,-0.002351530325719775,-0.0024651835682559797,-0.002692490053328833,-0.0029197965384014646
2013-02-19,0.005399753133367824,0.005399753133367824,0.005399753133367824,0.005399753133367824
2013-02-20,-0.007241735745745381,-0.007241735745745381,-0.007241735745745381,-0.007241735745745381
2013-02-21,-0.00864096340350351,-0.00864096340350351,-0.00864096340350351,-0.00864096340350351
2013-02-22,0.00746194495972663,0.0074213601209363045,0.007340190443356098,0.00725902076577567
2013-02-25,-0.010129735901215242,-0.010129735901215242,-0.010129735901215242,-0.010129735901215242
2013-02-26,0.003418508510895535,0.003418508510895535,0.003418508510895535,0.003418508510895535
2013-02-27,0.006871207853201389,0.006871207853201389,0.006871207853201389,0.006871207853201389
2013-02-28,-0.0009401854511607022,-0.0009401854511607022,-0.0009401854511607022,-0.0009401854511607022
2013-03-01,0.0006670097013370402,0.0006531791243991059,0.0006235760527359968,0.0005925098400019202
2013-03-04,0.0012836412807664122,0.001285405946687801,0.0012887567650243792,0.0012917954575051294
2013-03-05,0.007042877388540925,0.007048545121665306,0.007059307240347312,0.007069352297164544
2013-03-06,-9.583381207189934e-05,-9.67469171918589e-05,-9.848075776874854e-05,-0.00010015591947609703
2013-03-07,0.0012491135606371717,0.0012500852156915876,0.001251930233229448,0.0012537084789796538
2013-03-08,0.000707297786458394,0.0006981451726384424,0.0006813533435485741,0.0006654381033821544
2013-03-11,0.0014355751841823583,0.0014355751841823583,0.0014355751841823583,0.0014355751841823583
2013-03-12,-0.002747035957248345,-0.002747035957248345,-0.002747035957248345,-0.002747035957248345
2013-03-13,-0.0013507213318082467,-0.0013507213318082467,-0.0013507213318082467,-0.0013507213318082467
2013-03-14,0.0039029904793583814,0.0039029904793583814,0.0039029904793583814,0.0039029904793583814
2013-03-15,-0.00032760884749705177,-0.00033365323435929906,-0.00034574200808401567,-0.00035783078180862127
2013-03-18,-0.004262263980034819,-0.004262263980034819,-0.004262263980034819,-0.004262263980034819
2013-03-19,-0.0014173225472768891,-0.0014173225472768891,-0.0014173225472768891,-0.0014173225472768891
2013-03-20,0.00325880193057837,0.00325880193057837,0.00325880193057837,0.00325880193057837
2013-03-21,-0.005601206353557875,-0.005601206353557875,-0.005601206353557875,-0.005601206353557875
2013-03-22,0.005446841095704702,0.005375519295690134,0.005232875695661221,0.00509023209563253
2013-03-25,-0.005038122994214245,-0.005038122994214245,-0.005038122994214245,-0.005038122994214245
2013-03-26,0.0035486706703615756,0.0035486706703615756,0.0035486706703615756,0.0035486706703615756
2013-03-27,-0.0008572367466636033,-0.0008572367466636033,-0.0008572367466636033,-0.0008572367466636033
2013-03-28,0.0019646086339557556,0.0019646086339557556,0.0019646086339557556,0.0019646086339557556
2013-04-01,-0.005341755038203777,-0.00537538156779882,-0.005442634626988907,-0.005509887686179105
2013-04-02,0.0050988028112850525,0.0050988028112850525,0.0050988028112850525,0.0050988028112850525
2013-04-03,-0.00301594796084248,-0.00301594796084248,-0.00301594796084248,-0.00301594796084248
2013-04-04,0.004232252689908345,0.004232252689908345,0.004232252689908345,0.004232252689908345
2013-04-05,-0.0022637564188776604,-0.0023530569302211424,-0.0025316579529081062,-0.002710258975594959
2013-04-08,0.0011211003315787504,0.0011211003315787504,0.0011211003315787504,0.0011211003315787504
2013-04-09,0.0017728523953457476,0.0017728523953457476,0.0017728523953457476,0.0017728523953457476
2013-04-10,0.005870418068778527,0.005870418068778527,0.005870418068778527,0.005870418068778527
2013-04-11,0.0025712764191978543,0.0025712764191978543,0.0025712764191978543,0.0025712764191978543
2013-04-12,0.0005101953862565178,0.0004436380332211165,0.0003105233271505359,0.0001774086210801773
2013-04-15,-0.0096840333485666,-0.0096840333485666,-0.0096840333485666,-0.0096840333485666
2013-04-16,0.006926225748298709,0.006926225748298709,0.006926225748298709,0.006926225748298709
2013-04-17,-0.009661839138676354,-0.009661839138676354,-0.009661839138676354,-0.009661839138676354
2013-04-18,-0.0025961531603166943,-0.0025961531603166943,-0.0025961531603166943,-0.0025961531603166943
2013-04-19,0.004576130372119902,0.004401800721119509,0.0040531414191185,0.0037044821171174913
2013-04-22,0.00214744063760941,0.00214744063760941,0.00214744063760941,0.00214744063760941
2013-04-23,0.003402487245543151,0.003402487245543151,0.003402487245543151,0.003402487245543151
2013-04-24,0.0018196173166020735,0.0018196173166020735,0.0018196173166020735,0.0018196173166020735
2013-04-25,0.0015263431815326634,0.0015263431815326634,0.0015263431815326634,0.0015263431815326634
2013-04-26,-0.00037085903732470005,-0.000727751117224118,-0.001441535277022954,-0.002155319436821901
2013-04-29,0.0075208366586845266,0.0075208366586845266,0.0075208366586845266,0.0075208366586845266
2013-04-30,0.003563091697701859,0.003563091697701859,0.003563091697701859,0.003563091697701859
2013-05-01,-0.003407896432582991,-0.003407896432582991,-0.003407896432582991,-0.003407896432582991
2013-05-02,0.00548825688180643,0.00548825688180643,0.00548825688180643,0.00548825688180643
2013-05-03,0.0073084109904812955,0.006982322438310984,0.0063301453339701386,0.005677968229629293
2013-05-06,0.001890381155766896,0.001890381155766896,0.001890381155766896,0.001890381155766896
2013-05-07,0.00032635872355291085,0.00032635872355291085,0.00032635872355291085,0.00032635872355291085
2013-05-08,0.007208669316793648,0.007208669316793648,0.007208669316793648,0.007208669316793648
2013-05-09,-0.0047656269350737634,-0.0047656269350737634,-0.0047656269350737634,-0.0047656269350737634
2013-05-10,0.003706724373929049,0.003588827001900441,0.003353032257843447,0.0031172375137862307
2013-05-13,-0.0007102102779842356,-0.0007102102779842356,-0.0007102102779842356,-0.0007102102779842356
2013-05-14,0.0048822344545544905,0.0048822344545544905,0.0048822344545544905,0.0048822344545544905
2013-05-15,0.0028960560999551355,0.0028960560999551355,0.0028960560999551355,0.0028960560999551355
2013-05-16,-0.003599053628539295,-0.003599053628539295,-0.003599053628539295,-0.003599053628539295
2013-05-17,0.009616356704257312,0.009534570926232,0.009370999370181377,0.009207427814130753
2013-05-20,0.0008575168989954918,0.0008575168989954918,0.0008575168989954918,0.0008575168989954918
2013-05-21,0.0012642112905258962,0.0012642112905258962,0.0012642112905258962,0.0012642112905258962
2013-05-22,-0.010706191003669874,-0.010706191003669874,-0.010706191003669874,-0.010706191003669874
2013-05-23,-0.006882837430598587,-0.006882837430598587,-0.006882837430598587,-0.006882837430598587
2013-05-24,-0.00386481841888886,-0.003910067308131371,-0.004000565086616281,-0.004091062865101303
2013-05-28,0.0066367783882923526,0.0066367783882923526,0.0066367783882923526,0.0066367783882923526
2013-05-29,-0.008390240461418785,-0.008390240461418785,-0.008390240461418785,-0.008390240461418785
2013-05-30,0.005299034661863988,0.005299034661863988,0.005299034661863988,0.005299034661863988
2013-05-31,-0.015496988053764205,-0.015552453064726746,-0.01566338308665205,-0.01577431310857713
2013-06-03,0.0032224456859981654,0.0032224456859981654,0.0032224456859981654,0.0032224456859981654
2013-06-04,-0.003587137455619671,-0.003587137455619671,-0.003587137455619671,-0.003587137455619671
2013-06-05,-0.017320883602826798,-0.017320883602826798,-0.017320883602826798,-0.017320883602826798
2013-06-06,0.005769774155470753,0.005769774155470753,0.005769774155470753,0.005769774155470753
2013-06-07,0.011972894398244671,0.011783909393992875,0.011405939385488839,0.011027969376985025
2013-06-10,-0.0008725789361208047,-0.0008725789361208047,-0.0008725789361208047,-0.0008725789361208047
2013-06-11,-0.0109661441620853,-0.0109661441620853,-0.0109661441620853,-0.0109661441620853
2013-06-12,-0.009569113745105828,-0.009569113745105828,-0.009569113745105828,-0.009569113745105828
2013-06-13,0.013729668376763371,0.013729668376763371,0.013729668376763371,0.013729668376763371
2013-06-14,-0.0077846848024203386,-0.007813247855885552,-0.007869880636002025,-0.007926005680958359
2013-06-17,0.009901247831951343,0.00990217435931795,0.009903586497446604,0.009904409123897118
2013-06-18,0.007304595027056937,0.007305381505758657,0.007306580193031431,0.007307278475894963
2013-06-19,-0.013658580140167742,-0.013659646291358407,-0.013661271232835004,-0.013662217825673006
2013-06-20,-0.0266559849841147,-0.02665825965581292,-0.026661726526572838,-0.026663746116249554
2013-06-21,-0.00028828377947298645,-0.0007227399629271547,-0.0015919751261701531,-0.0024616586454300204
2013-06-24,-0.0053677700944063655,-0.005367492335829338,-0.00536668389218975,-0.005365536267395443
2013-06-25,0.00412191964906139,0.00412171524813254,0.0041211203191380275,0.004120275788695116
2013-06-26,0.003434788480119355,0.003434537808422622,0.003433808203810562,0.003432772494823544
2013-06-27,0.0026350480253485298,0.0026349236134930454,0.002634561500558519,0.00263404746375806
2013-06-28,-0.0002126882399653418,-0.00032006297729758604,-0.0005342186891993395,-0.0007474612529115854
2013-07-01,0.0026134633021572817,0.002613764117708195,0.002614322770298827,0.002614823082411011
2013-07-02,-0.0004938633884330468,-0.0004938312510980314,-0.0004937715679952381,-0.0004937181176404293
2013-07-03,0.001224492214956907,0.0012246853644906075,0.0012250440676466745,0.001225365311182447
2013-07-05,0.0022739132198943413,0.002211446849950116,0.0020864219804848094,0.001961285010804392
2013-07-08,0.000891075126031815,0.0008911553872417155,0.0008913032705917256,0.0008914340556371858
2013-07-09,0.0024320855588753076,0.002432432352621694,0.0024330713290456885,0.0024336364268786603
2013-07-10,0.0019792964336362573,0.001979625489084036,0.0019802317822352755,0.0019807679756425056
2013-07-11,0.009093356434172417,0.009094493704471684,0.009096589154335755,0.009098442327837963
2013-07-12,0.001361915426304039,0.000755974307621754,-0.00045565399605063117,-0.001666987823810584
2013-07-15,0.004119970096249537,0.004119995243676122,0.004120036581783504,0.004120065609492185
2013-07-16,-0.0008400096065234175,-0.0008400243610229285,-0.0008400486149192643,-0.0008400656460579858
2013-07-17,0.0032933573134954486,0.0032933853886114584,0.003293431539343805,0.0032934639464881066
2013-07-18,-0.0006683740989448239,-0.0006684028288741484,-0.0006684500560084627,-0.0006684832190045897
2013-07-19,-0.007766240418561998,-0.007815085359033414,-0.007913117160221028,-0.008011603584186289
2013-07-22,0.003940147232014191,0.003939940908529449,0.003939518691562949,0.003939083406083954
2013-07-23,-0.004055469088018904,-0.004054954851832715,-0.004053902527406783,-0.004052817631303496
2013-07-24,0.0015044922301905572,0.0015042757449612587,0.0015038327331686752,0.0015033760092195703
2013-07-25,0.005041124541691477,0.0050406641213018855,0.005039721924632312,0.005038750564973604
2013-07-26,0.0015315150012717993,0.0014567849514410813,0.001307189392354191,0.0011574088222925383
2013-07-29,-0.005150576754099467,-0.005150401451092468,-0.005150044568369649,-0.005149679107741112
2013-07-30,0.0032268050146637695,0.0032263140753872044,0.003225314618796604,0.0032242911396236362
2013-07-31,0.001635039652005732,0.0016348764694227302,0.0016345442615184336,0.0016342040687833403
2013-08-01,0.012200979322668726,0.012200046131070508,0.01219814633503069,0.012196200876171126
2013-08-02,0.006209110483308855,0.00617035109050601,0.006092607460375321,0.006014558252849467
2013-08-05,-0.0004444990207798094,-0.0004444914570632674,-0.00044447781261780506,-0.00044446624236249566
2013-08-06,-0.004756961077469146,-0.004757030625153091,-0.004757156084584491,-0.004757262472026569
2013-08-07,-0.0029333053525099073,-0.002933325052261071,-0.0029333605893119286,-0.002933390724120355
2013-08-08,0.0066879698755886174,0.006688027780780814,0.006688132237925748,0.0066882208157896805
2013-08-09,-0.0020030705600720955,-0.0020167914503278483,-0.0020437261958057285,-0.002069986506016752
2013-08-12,0.000989744491993516,0.000989530323042942,0.0009890976314625988,0.0009886587592848883
2013-08-13,0.005982987485078084,0.0059824770486378576,0.00598144579947868,0.005980399819883964
2013-08-14,-0.0022071510110225345,-0.0022068086526323416,-0.002206116976305794,-0.0022054154200257248
2013-08-15,-0.014221998759292642,-0.01422045843031916,-0.014217346460183355,-0.014214190038446262
2013-08-16,-3.3125162456570934e-05,-0.0001059485126326809,-0.00025134217368194545,-0.0003964175259643099
2013-08-19,-0.003561618180307091,-0.003561572768461918,-0.0035614750875403445,-0.0035613684101388765
2013-08-20,0.0021450173722616928,0.002144891717932529,0.002144621435352656,0.002144326259561735
2013-08-21,-0.006209915188853499,-0.006209811438788959,-0.0062095882723028906,-0.00620934455203026
2013-08-22,0.009265973174960918,0.009265670249469116,0.00926501865645224,0.009264307051271015
2013-08-23,0.0062098964898578135,0.006007381156029279,0.005602319408348988,0.005197216931719817
2013-08-26,-0.0008337475442420361,-0.0008337475442420361,-0.0008337475442420361,-0.0008337475442420361
2013-08-27,-0.016689553892266673,-0.016689553892266673,-0.016689553892266673,-0.016689553892266673
2013-08-28,0.002456181616610431,0.002456181616610431,0.002456181616610431,0.002456181616610431
2013-08-29,0.004580678642069014,0.004580678642069014,0.004580678642069014,0.004580678642069014
2013-08-30,-0.00628409152594267,-0.006306459270764897,-0.006351194760409462,-0.006395930250054027
2013-09-03,0.0070466326057436746,0.0070466326057436746,0.0070466326057436746,0.0070466326057436746
2013-09-04,0.008548610168238824,0.008548610168238824,0.008548610168238824,0.008548610168238824
2013-09-05,0.0009732118281191582,0.0009732118281191582,0.0009732118281191582,0.0009732118281191582
2013-09-06,0.0016007287876533827,0.0015779434754847887,0.001532372851148045,0.0014868022268113013
2013-09-09,0.010102864007327073,0.010102864007327073,0.010102864007327073,0.010102864007327073
2013-09-10,0.005160017929851435,0.005160017929851435,0.005160017929851435,0.005160017929851435
2013-09-11,-0.0007588615286755473,-0.0007588615286755473,-0.0007588615286755473,-0.0007588615286755473
2013-09-12,-0.001341366791822285,-0.001341366791822285,-0.001341366791822285,-0.001341366791822285
2013-09-13,0.001553470129086465,0.0013455267340847232,0.0009296399440807956,0.0005137531540770901
2013-09-16,0.0009096380381505842,0.0009096380381505842,0.0009096380381505842,0.0009096380381505842
2013-09-17,0.005036036953932399,0.005036036953932399,0.005036036953932399,0.005036036953932399
2013-09-18,0.0188778078416334,0.0188778078416334,0.0188778078416334,0.0188778078416334
2013-09-19,5.8440564780326554e-05,5.8440564780326554e-05,5.8440564780326554e-05,5.8440564780326554e-05
2013-09-20,-0.005929371826381646,-0.005976806880813368,-0.006071676989676589,-0.006166547098539921
2013-09-23,-0.0015700127689541876,-0.0015700127689541876,-0.0015700127689541876,-0.0015700127689541876
2013-09-24,-0.0007742185469831186,-0.0007742185469831186,-0.0007742185469831186,-0.0007742185469831186
2013-09-25,-0.002733774115208143,-0.002733774115208143,-0.002733774115208143,-0.002733774115208143
2013-09-26,0.007566085411507384,0.007566085411507384,0.007566085411507384,0.007566085411507384
2013-09-27,-0.0022561800801835785,-0.002306707588631718,-0.0024077626055277745,-0.0025088176224239422
2013-09-30,-0.0042877974939691255,-0.0042877974939691255,-0.0042877974939691255,-0.0042877974939691255
2013-10-01,0.010817356504997822,0.010817356504997822,0.010817356504997822,0.010817356504997822
2013-10-02,-0.00028067231998685216,-0.00028067231998685216,-0.00028067231998685216,-0.00028067231998685216
2013-10-03,-0.011934929287603868,-0.011934929287603868,-0.011934929287603868,-0.011934929287603868
2013-10-04,0.007762326119656882,0.007689338055947514,0.007543361928528558,0.00739738580110938
2013-10-07,-0.00933792514524634,-0.00933792514524634,-0.00933792514524634,-0.00933792514524634
2013-10-08,-0.01717587327730785,-0.01717587327730785,-0.01717587327730785,-0.01717587327730785
2013-10-09,-0.0012237737978268992,-0.0012237737978268992,-0.0012237737978268992,-0.0012237737978268992
2013-10-10,0.02145982867595153,0.02145982867595153,0.02145982867595153,0.02145982867595153
2013-10-11,0.006678828340471732,0.006568102943052434,0.006346973637169517,0.006126214137266217
2013-10-14,0.006116389284678059,0.006117064233665648,0.006118338807379553,0.006119512730161647
2013-10-15,-0.004611159058939163,-0.0046115300751190524,-0.004612230702098485,-0.004612876001749533
2013-10-16,0.010427348232974198,0.010428416294532283,0.010430433222051505,0.010432290876213557
2013-10-17,0.008598640160648374,0.008599186556776939,0.008600218371263235,0.008601168705103301
2013-10-18,0.012373417839988132,0.012259400920203944,0.012030938795731583,0.011801926944558394
2013-10-21,0.001675930387459168,0.0016760820573773483,0.001676361014903982,0.0016766074833451938
2013-10-22,0.006020404798384282,0.006020505688221656,0.006020691248943777,0.006020855198138886
2013-10-23,-0.010409735537862286,-0.010410155308632874,-0.01041092736823035,-0.010411609509084374
2013-10-24,0.005033935893829167,0.005034239931172246,0.005034799129108647,0.005035293199461721
2013-10-25,0.0036830371131995054,0.003616480919347076,0.0034838182915419846,0.0033517087668852863
2013-10-28,-0.00021032731779357938,-0.00021029064309763257,-0.00021022094517963996,-0.00021015615143138433
2013-10-29,0.001911364302093821,0.0019116427315042372,0.0019121718688202005,0.0019126637743320796
2013-10-30,-0.002161407314784425,-0.002161553885871914,-0.0021618324348648965,-0.002162091384254383
2013-10-31,-0.0038858673345479877,-0.0038862157803156716,-0.003886877979248582,-0.0038874935837336366
2013-11-01,-0.0017291010285578334,-0.0017670785442731596,-0.0018437998820489687,-0.001921502521021634
2013-11-04,0.0026290669573061365,0.002629440670101957,0.0026301614966779407,0.0026308464488544736
2013-11-05,-0.002473559303176054,-0.002473279384644367,-0.0024727394707877437,-0.002472226427590374
2013-11-06,0.0030152270985006613,0.003015108805389355,0.003014880638681383,0.0030146638274697324
2013-11-07,-0.016957077508491403,-0.016961869332098534,-0.016971111921177506,-0.01697989452120452
2013-11-08,0.010585472076579006,0.010514530777524955,0.01037194371313599,0.010228436360068871
2013-11-11,-0.0003651098128218955,-0.0003657004954957799,-0.0003668427976936117,-0.00036793230972009816
2013-11-12,-2.7952988340795848e-05,-2.743335007981962e-05,-2.6428438383963027e-05,-2.5469967516733583e-05
2013-11-13,0.009223948672044013,0.009227941080377944,0.009235661870262701,0.009243025852797127
2013-11-14,0.0035893922388443578,0.0035904896380667406,0.003592611863076911,0.0035946360119192278
2013-11-15,0.003830903532536567,0.0037868720951206303,0.0036990739929971816,0.003611675786636015
2013-11-18,-0.006134440233328209,-0.006138088111350415,-0.006145239994251872,-0.006152196636306062
2013-11-19,-0.0027036087549705545,-0.00270468693185566,-0.0027068007620830725,-0.002708856886387334
2013-11-20,-0.003931461332677411,-0.003932362509673881,-0.003934129321039981,-0.003935847899828482
2013-11-21,0.008553700509774664,0.008557412809119702,0.008564690993875024,0.008571770489840702
2013-11-22,0.004378065566080114,0.004348835956673458,0.004290086867212439,0.004230973777882507
2013-11-25,-0.00013986437481261493,-0.00013888799901107252,-0.00013696753334013767,-0.00013509099464903418
2013-11-26,0.0033995110733004985,0.0034016541045138737,0.0034058693030778464,0.0034099880870350763
2013-11-27,0.00550223602382327,0.005505037539399682,0.005510547932510379,0.005515932285915959
2013-11-29,0.004813689935384113,0.004777464689654787,0.004704988689919087,0.004632461403642152
2013-12-02,-0.006324264218403375,-0.006325749281513304,-0.006328678710179392,-0.006331552566411158
2013-12-03,-0.0034112788206399625,-0.003411719700188498,-0.003412589377159825,-0.0034134425560109483
2013-12-04,-0.0015017044475957864,-0.0015012380405724501,-0.0015003180082215906,-0.0014994154292526929
2013-12-05,-0.003425423081601431,-0.003426063864908735,-0.0034273278711159927,-0.003428567898619783
2013-12-06,0.010214924679633919,0.010024933450224482,0.009645860682678586,0.009267964453280486
2013-12-09,0.002471823269223572,0.002471823269223572,0.002471823269223572,0.002471823269223572
2013-12-10,-0.000795054631441805,-0.000795054631441805,-0.000795054631441805,-0.000795054631441805
2013-12-11,-0.010936909026171171,-0.010936909026171171,-0.010936909026171171,-0.010936909026171171
2013-12-12,-0.003305791430391003,-0.003305791430391003,-0.003305791430391003,-0.003305791430391003
2013-12-13,-0.0011987927858150282,-0.001243462398892059,-0.0013328016250460095,-0.001422140851200071
2013-12-16,0.005290879057774367,0.005290879057774367,0.005290879057774367,0.005290879057774367
2013-12-17,-0.002427549445502497,-0.002427549445502497,-0.002427549445502497,-0.002427549445502497
2013-12-18,0.011527033331396153,0.011527033331396153,0.011527033331396153,0.011527033331396153
2013-12-19,-0.002526928753654678,-0.002526928753654678,-0.002526928753654678,-0.002526928753654678
2013-12-20,0.008798771641766345,0.008584414441003663,0.008155700039478297,0.007726985637953154
2013-12-23,0.011938770658474596,0.011938770658474596,0.011938770658474596,0.011938770658474596
2013-12-24,0.0013955812648100974,0.0013955812648100974,0.0013955812648100974,0.0013955812648100974
2013-12-26,0.003748520789381926,0.003748520789381926,0.003748520789381926,0.003748520789381926
2013-12-27,0.0007911016943999982,0.0007861168003369112,0.0007761470122102931,0.0007661772240838971
2013-12-30,0.0005180471844314916,0.0005180471844314916,0.0005180471844314916,0.0005180471844314916
2013-12-31,0.006776022828684614,0.006776022828684614,0.006776022828684614,0.006776022828684614
2014-01-02,-0.014486958002043915,-0.014486958002043915,-0.014486958002043915,-0.014486958002043915
2014-01-03,-0.005584499254662423,-0.005607384815392025,-0.005653155936851451,-0.005698927058310765
2014-01-06,-0.003956532539123536,-0.003956532539123536,-0.003956532539123536,-0.003956532539123536
2014-01-07,0.009454325136418085,0.009454325136418085,0.009454325136418085,0.009454325136418085
2014-01-08,0.0014393544398483282,0.0014393544398483282,0.0014393544398483282,0.0014393544398483282
2014-01-09,-0.003241170180187325,-0.003241170180187325,-0.003241170180187325,-0.003241170180187325
2014-01-10,0.0066413402276721545,0.006594528016727885,0.006500903594839791,0.006407279172951474
2014-01-13,-0.014687867905936347,-0.014687867905936347,-0.014687867905936347,-0.014687867905936347
2014-01-14,0.017551416734803205,0.017551416734803205,0.017551416734803205,0.017551416734803205
2014-01-15,0.007476278698222538,0.007476278698222538,0.007476278698222538,0.007476278698222538
2014-01-16,-0.0004460908590351309,-0.0004460908590351309,-0.0004460908590351309,-0.0004460908590351309
2014-01-17,-0.005421480939968748,-0.005518182820225981,-0.005710593821281806,-0.0059016882087907785
2014-01-21,0.006502304452299379,0.006503833170361295,0.006506881797168074,0.0065099164956696765
2014-01-22,0.0021190769102108487,0.0021196073033917795,0.0021206650333351895,0.0021217179308128387
2014-01-23,-0.005471155676242012,-0.00547184574165227,-0.005473221895935243,-0.0054745917629622776
2014-01-24,-0.022960072922272423,-0.02299971652489219,-0.02307931377249206,-0.023159347498459826
2014-01-27,-0.007518804094928333,-0.0075197947126964815,-0.007521725557840364,-0.00752358722194113
2014-01-28,0.0027843801529998657,0.0027843205875375254,0.0027842044865677984,0.0027840925454274412
2014-01-29,-0.010515586687616874,-0.010516705333173504,-0.010518885721422455,-0.01052098798764578
2014-01-30,0.013013894600156783,0.013015785646934619,0.013019471547395023,0.013023025384214959
2014-01-31,-0.00878062526670731,-0.00896786089477486,-0.009342309138127836,-0.009716725634244305
2014-02-03,-0.017482100595752947,-0.01748117566759466,-0.017479228020510273,-0.017477146771919694
2014-02-04,0.0065219775492277865,0.0065216899392934735,0.006521084311013059,0.006520437138835433
2014-02-05,-0.0012605794972216922,-0.001260483890791142,-0.0012602825696572673,-0.0012600674386258337
2014-02-06,0.01082405438316969,0.010823540459763414,0.010822458276877,0.01082130186018082
2014-02-07,0.013020834189759967,0.013007818793011383,0.01298126780867781,0.012954011548401256
2014-02-10,0.002836492420698722,0.0028358485792714383,0.0028345237719624716,0.002833150000642215
2014-02-11,0.00951392492234815,0.009512691630722436,0.009510153934807697,0.009507522447312677
2014-02-12,0.0014823513786652587,0.0014821677873124717,0.00148179001857085,0.0014813982877435183
2014-02-13,0.004975795568237684,0.00497499231557863,0.004973339494016793,0.004971625585251438
2014-02-14,0.0024098595647845666,0.0022043223202836693,0.0017931878673347335,0.00138195503488725
2014-02-18,0.005397722329394394,0.005397101683755512,0.005395839360007537,0.005394549423464845
2014-02-19,-0.006771650685550856,-0.006770787408767798,-0.0067690316004355155,-0.006767237384543212
2014-02-20,0.0042080779462749796,0.004207501014385606,0.00420632759951034,0.004205128516683976
2014-02-21,7.256983792403027e-05,3.478164910197812e-05,-4.091901973135581e-05,-0.00011679034175393621
2014-02-24,0.00612054282968888,0.006119955280301292,0.0061187552241570575,0.0061175223708964666
2014-02-25,-0.0014482870971569417,-0.0014481601369414898,-0.0014479008236142343,-0.0014476344233441685
2014-02-26,-0.0016420421067216973,-0.0016419404325036524,-0.001641732765245929,-0.001641519422514448
2014-02-27,0.005150191330159926,0.005149421529474063,0.005147849229234724,0.005146233958577495
2014-02-28,2.914982979840275e-05,-2.8448639380673768e-05,-0.00014378400135162117,-0.0002593076795894822
2014-03-03,-0.01074101212498979,-0.010739843030693197,-0.010737477143070717,-0.010735075071352407
2014-03-04,0.012942463199195009,0.012940434941059342,0.012936330369826221,0.012932163022915333
2014-03-05,0.0015670078163532164,0.001566597958134297,0.001565768531038847,0.0015649264186112788
2014-03-06,0.0020316430325029167,0.0020317815133814587,0.002032061756128023,0.002032346284931874
2014-03-07,-0.006456496372438947,-0.006605121843758832,-0.006901997725931364,-0.00719835957355397
2014-03-10,-0.0013550057327184062,-0.0013552091794476473,-0.0013556219591361884,-0.0013560424526376513
2014-03-11,-0.005701058725125607,-0.005700067837972611,-0.005698057394787681,-0.00569600938148207
2014-03-12,0.0018481979271687266,0.0018473303986481504,0.0018455702418063158,0.001843777192065188
2014-03-13,-0.016468548702710528,-0.016465294717994072,-0.01645869260252908,-0.01645196711015018
2014-03-14,-0.006049710143338771,-0.006240194894323481,-0.00662293666769409,-0.007008105935073394
2014-03-17,0.007797480464477369,0.007793155961860032,0.0077843731123663495,0.007775417534239271
2014-03-18,0.009254314818145204,0.009248379022986253,0.009236323718568418,0.009224031327512705
2014-03-19,-0.005344390945169808,-0.005341622608476482,-0.00533600025449088,-0.005330267328017224
2014-03-20,0.0014042096942123994,0.0014027375208882642,0.001399747610168367,0.0013966988981228834
2014-03-21,-0.007933870603359483,-0.007970793703520385,-0.00804309210705123,-0.008113304849028058
2014-03-24,-0.005214324471063847,-0.005211607147763586,-0.00520605604280977,-0.005200352864261126
2014-03-25,0.0034598432833234938,0.003458824068783395,0.003456741958464349,0.0034546028083302094
2014-03-26,-0.008388101531114023,-0.008384153876503486,-0.008376089379701579,-0.008367803954448694
2014-03-27,-0.00286681944184497,-0.0028650806717801514,-0.0028615286118839345,-0.0028578792426192656
2014-03-28,0.00194175534128882,0.0018922798113083505,0.0017927366697787495,0.0016923941048290203
2014-03-31,0.005643180783432955,0.005641344341981158,0.005637565843190417,0.005633650033578963
2014-04-01,0.012948124760192359,0.012943595613573056,0.012934276843836301,0.0129246194295769
2014-04-02,0.001753509517192997,0.0017528447829524563,0.0017514770848305883,0.0017500596844959304
2014-04-03,-0.005711842570049308,-0.005709779388406555,-0.005705534369141341,-0.00570113508567982
2014-04-04,-0.019082703965143,-0.019342518875623438,-0.019861684301908045,-0.02038019378876732
2014-04-07,-0.007569299628104487,-0.007569299628104487,-0.007569299628104487,-0.007569299628104487
2014-04-08,0.006234855281460616,0.006234855281460616,0.006234855281460616,0.006234855281460616
2014-04-09,0.015897485139020118,0.015897485139020118,0.015897485139020118,0.015897485139020118
2014-04-10,-0.02661904580531904,-0.02661904580531904,-0.02661904580531904,-0.02661904580531904
2014-04-11,-0.008748548399651446,-0.009340760005530302,-0.010525183217288125,-0.011709606429045838
2014-04-14,0.002799542072239758,0.002799542072239758,0.002799542072239758,0.002799542072239758
2014-04-15,0.0004018433477832595,0.0004018433477832595,0.0004018433477832595,0.0004018433477832595
2014-04-16,0.005678309118255953,0.005678309118255953,0.005678309118255953,0.005678309118255953
2014-04-17,0.00040564561387035347,0.00040564561387035347,0.00040564561387035347,0.00040564561387035347
2014-04-21,0.002927182513445814,0.0025757972003537244,0.0018745602537733053,0.001175423909335116
2014-04-22,0.005067297988505803,0.00506423481608409,0.005058011461965384,0.005051665411153872
2014-04-23,-0.00514045361260862,-0.0051370653940425726,-0.005130181653572374,-0.005123162196545739
2014-04-24,0.005225743159137375,0.005222090884935859,0.0052146706706732715,0.005207104162991527
2014-04-25,-0.010227441380506574,-0.010271339097616128,-0.010359133268639575,-0.0104469611262622
2014-04-28,0.001998753028244593,0.0019976414646405427,0.001995373576246795,0.0019930483777679253
2014-04-29,0.005444733232960353,0.005442002930649448,0.005436432380390377,0.005430721060986521
2014-04-30,0.00251093013350423,0.0025100273143014995,0.0025081853205695115,0.00250629677921288
2014-05-01,0.002875259054108792,0.0028741885705330095,0.0028720044964336555,0.0028697652302567267
2014-05-02,-2.0214221611025707e-05,-0.00023834844850989523,-0.0006746379808465486,-0.0011109546724867858
2014-05-05,0.0014662105574239082,0.001464153705721838,0.001459979365866726,0.0014557280782603321
2014-05-06,-0.005962884254484879,-0.005957873990616758,-0.005947705759174804,-0.005937350091497873
2014-05-07,-0.0009976224128296352,-0.0009964958405737079,-0.000994209484458275,-0.0009918809827657027
2014-05-08,-0.0006557313858871483,-0.0006553695677895544,-0.0006546352651154441,-0.0006538874266627248
2014-05-09,-0.00035669720232112123,-0.0008011114043682266,-0.001689723521743458,-0.0025780310845723298
2014-05-12,0.004400532111147992,0.004394723128000377,0.004382958174526053,0.00437100528175427
2014-05-13,0.0011471972965402255,0.0011470125444772439,0.001146638365491226,0.001146258209181461
2014-05-14,-0.0007420661118726635,-0.0007402457532137419,-0.0007365589745841339,-0.0007328133014942173
2014-05-15,-0.001996554153603225,-0.001993809214782205,-0.001988249880781834,-0.0019826017391777473
2014-05-16,0.0030286324325938807,0.0026282630031222443,0.0018272701519925771,0.001025935084415952
2014-05-19,0.0028805754039114007,0.002877779074519138,0.002872119135850948,0.002866373509419873
2014-05-20,-0.003757068346946113,-0.003755611446106033,-0.0037526625912882583,-0.0037496690927407705
2014-05-21,0.007081488522778789,0.007077623207638384,0.007069799577601232,0.0070618575029315345
2014-05-22,0.0029084980887796874,0.002906732934128353,0.0029031601550799646,0.002899533286497835
2014-05-23,0.0046928599093583045,0.004581122596206688,0.004357670582656903,0.004134284357419249
2014-05-27,0.0079549336494531,0.007949423163895242,0.007938188537788271,0.007926677777078117
2014-05-28,-0.0009297175196305574,-0.000928336027443355,-0.0009255194792409105,-0.0009226337034190513
2014-05-29,0.004564457277722811,0.0045616165094135575,0.004555824829265642,0.0045498907960670465
2014-05-30,-0.0011239248135206381,-0.00141259149551487,-0.0019898400624337453,-0.0025669972681895414
2014-06-02,0.00019782502847331962,0.00019820084473876065,0.00019897765492582487,0.0001997871059971068
2014-06-03,-0.0016166153642646064,-0.0016164355548087261,-0.001616063889636532,-0.0016156766074189033
2014-06-04,0.0014107130474347862,0.001409184335172009,0.0014060244951981105,0.001402731881512631
2014-06-05,0.007617403209133622,0.007613953672034102,0.007606823497517512,0.007599393719305292
2014-06-06,0.0056452230531505165,0.005579359532891903,0.005445835818149503,0.0053098033123324395
2014-06-09,-0.0007440111131034044,-0.0007440111131034044,-0.0007440111131034044,-0.0007440111131034044
2014-06-10,0.00010552491315651835,0.00010552491315651835,0.00010552491315651835,0.00010552491315651835
2014-06-11,-0.002266201690841463,-0.002266201690841463,-0.002266201690841463,-0.002266201690841463
2014-06-12,-0.004670125583954188,-0.004670125583954188,-0.004670125583954188,-0.004670125583954188
2014-06-13,0.0017970237432840541,0.0017361104124062887,0.0016142837506503138,0.001492457088894561
2014-06-16,0.0003853070625319255,0.0003853070625319255,0.0003853070625319255,0.0003853070625319255
2014-06-17,-0.0003278618861559668,-0.0003278618861559668,-0.0003278618861559668,-0.0003278618861559668
2014-06-18,0.008127245493571689,0.008127245493571689,0.008127245493571689,0.008127245493571689
2014-06-19,0.0007318293901152906,0.0007318293901152906,0.0007318293901152906,0.0007318293901152906
2014-06-20,0.0001524894708184732,0.00011774402632980241,4.825313735246084e-05,-2.123775162488073e-05
2014-06-23,-0.0012123010700259007,-0.0012123010700259007,-0.0012123010700259007,-0.0012123010700259007
2014-06-24,-0.002712992396223468,-0.002712992396223468,-0.002712992396223468,-0.002712992396223468
2014-06-25,0.004202555777606198,0.004202555777606198,0.004202555777606198,0.004202555777606198
2014-06-26,0.0009157035327227447,0.0009157035327227447,0.0009157035327227447,0.0009157035327227447
2014-06-27,0.003448627003960425,0.0033746591413388316,0.003226723416095867,0.00307878769085268
2014-06-30,0.0014318839203997236,0.0014318839203997236,0.0014318839203997236,0.0014318839203997236
2014-07-01,0.011512513443114436,0.011512513443114436,0.011512513443114436,0.011512513443114436
2014-07-02,0.0018530482816474514,0.0018530482816474514,0.0018530482816474514,0.0018530482816474514
2014-07-03,0.0056289791641281894,0.0056289791641281894,0.0056289791641281894,0.0056289791641281894
2014-07-07,-0.004766379752606298,-0.0048521252023497885,-0.005023616101836881,-0.005195107001323862
2014-07-08,-0.011677717005438626,-0.011677717005438626,-0.011677717005438626,-0.011677717005438626
2014-07-09,0.007015028610086516,0.007015028610086516,0.007015028610086516,0.007015028610086516
2014-07-10,-0.006218822963975912,-0.006218822963975912,-0.006218822963975912,-0.006218822963975912
2014-07-11,0.0040914977254185025,0.0038837996025578025,0.0034684033568368466,0.0030530071111156687
2014-07-14,0.005994224423062855,0.005994224423062855,0.005994224423062855,0.005994224423062855
2014-07-15,-0.002776816425974493,-0.002776816425974493,-0.002776816425974493,-0.002776816425974493
2014-07-16,0.004007825561193945,0.004007825561193945,0.004007825561193945,0.004007825561193945
2014-07-17,-0.013022718389276378,-0.013022718389276378,-0.013022718389276378,-0.013022718389276378
2014-07-18,0.014101611342118847,0.014059482532525758,0.013975224913339579,0.0138909672941534
2014-07-21,-0.0005792367382333463,-0.0005792367382333463,-0.0005792367382333463,-0.0005792367382333463
2014-07-22,0.005887635909127775,0.005887635909127775,0.005887635909127775,0.005887635909127775
2014-07-23,0.004623111569806548,0.004623111569806548,0.004623111569806548,0.004623111569806548
2014-07-24,-0.0003687719830846037,-0.0003687719830846037,-0.0003687719830846037,-0.0003687719830846037
2014-07-25,-0.003179093874110972,-0.003357892296456777,-0.00371548914114872,-0.004073085985840441
2014-07-28,0.0020198706392737797,0.0020198706392737797,0.0020198706392737797,0.0020198706392737797
2014-07-29,-0.002803862528682144,-0.002803862528682144,-0.002803862528682144,-0.002803862528682144
2014-07-30,0.00023053815648133025,0.00023053815648133025,0.00023053815648133025,0.00023053815648133025
2014-07-31,-0.020140359550942954,-0.020140359550942954,-0.020140359550942954,-0.020140359550942954
2014-08-01,-0.0014178902356338785,-0.0015972401961890093,-0.0019559401172991597,-0.0023146400384094212
2014-08-04,0.005776595603519841,0.005776595603519841,0.005776595603519841,0.005776595603519841
2014-08-05,-0.007900950026407783,-0.007900950026407783,-0.007900950026407783,-0.007900950026407783
2014-08-06,-0.0014440614205323277,-0.0014440614205323277,-0.0014440614205323277,-0.0014440614205323277
2014-08-07,-0.0028067710401135093,-0.0028067710401135093,-0.0028067710401135093,-0.0028067710401135093
2014-08-08,0.006174799712259649,0.006160934845682364,0.006133205112528017,0.0061054753793736705
2014-08-11,0.005550442759682639,0.005550442759682639,0.005550442759682639,0.005550442759682639
2014-08-12,-0.0006867349011387969,-0.0006867349011387969,-0.0006867349011387969,-0.0006867349011387969
2014-08-13,0.0086231512172954,0.0086231512172954,0.0086231512172954,0.0086231512172954
2014-08-14,0.004696529542233208,0.004696529542233208,0.004696529542233208,0.004696529542233208
2014-08-15,0.004361016407189666,0.0042713837101033825,0.004092118315931037,0.0039128529217584695
2014-08-18,0.005535291923145502,0.005535291923145502,0.005535291923145502,0.005535291923145502
2014-08-19,0.004147469155854289,0.004147469155854289,0.004147469155854289,0.004147469155854289
2014-08-20,-0.0007353571933160774,-0.0007353571933160774,-0.0007353571933160774,-0.0007353571933160774
2014-08-21,0.0017734156944422264,0.0017734156944422264,0.0017734156944422264,0.0017734156944422264
2014-08-22,0.0009818933972149946,0.0009599046307862125,0.0009159270979282041,0.0008719495650704179
2014-08-25,0.004332606840346864,0.004332606840346864,0.004332606840346864,0.004332606840346864
2014-08-26,0.0011997206186100673,0.0011997206186100673,0.0011997206186100673,0.0011997206186100673
2014-08-27,0.0019620917419280737,0.0019620917419280737,0.0019620917419280737,0.0019620917419280737
2014-08-28,-0.0018342636025582282,-0.0018342636025582282,-0.0018342636025582282,-0.0018342636025582282
2014-08-29,0.002402659115724237,0.0023537731461218403,0.0022560012069168245,0.0021582292677120307
2014-09-02,0.0001689617956373013,0.0001689617956373013,0.0001689617956373013,0.0001689617956373013
2014-09-03,-0.001688173361285794,-0.001688173361285794,-0.001688173361285794,-0.001688173361285794
2014-09-04,-0.0026413206629453123,-0.0026413206629453123,-0.0026413206629453123,-0.0026413206629453123
2014-09-05,0.005020866976544136,0.004799050207717759,0.00435541667006456,0.003911783132411584
2014-09-08,-0.002157732470178364,-0.002157732470178364,-0.002157732470178364,-0.002157732470178364
2014-09-09,-0.010611799998455407,-0.010611799998455407,-0.010611799998455407,-0.010611799998455407
2014-09-10,0.005691032653231343,0.005691032653231343,0.005691032653231343,0.005691032653231343
2014-09-11,-0.0030900651516074795,-0.0030900651516074795,-0.0030900651516074795,-0.0030900651516074795
2014-09-12,-0.007932872149403414,-0.008176134145520542,-0.00866265813775502,-0.009149182129989386
2014-09-15,-0.00819212906729938,-0.00819212906729938,-0.00819212906729938,-0.00819212906729938
2014-09-16,0.008619528427331824,0.008619528427331824,0.008619528427331824,0.008619528427331824
2014-09-17,-0.0009312218174171161,-0.0009312218174171161,-0.0009312218174171161,-0.0009312218174171161
2014-09-18,0.007018131907532199,0.007018131907532199,0.007018131907532199,0.007018131907532199
2014-09-19,-0.0006390697467648643,-0.0007118523749937156,-0.0008574176314513071,-0.0010029828879090097
2014-09-22,-0.008407728961555394,-0.008407728961555394,-0.008407728961555394,-0.008407728961555394
2014-09-23,-0.0028518853811740907,-0.0028518853811740907,-0.0028518853811740907,-0.0028518853811740907
2014-09-24,0.009019355428886211,0.009019355428886211,0.009019355428886211,0.009019355428886211
2014-09-25,-0.01762789039470314,-0.01762789039470314,-0.01762789039470314,-0.01762789039470314
2014-09-26,0.007834076161094217,0.007766926955667053,0.007632628544812725,0.0074983301339586195
2014-09-29,-0.0021098353452301266,-0.0021098353452301266,-0.0021098353452301266,-0.0021098353452301266
2014-09-30,0.0002264586321865103,0.0002264586321865103,0.0002264586321865103,0.0002264586321865103
2014-10-01,-0.010673535041910931,-0.010673535041910931,-0.010673535041910931,-0.010673535041910931
2014-10-02,-0.0020908187324388816,-0.0020908187324388816,-0.0020908187324388816,-0.0020908187324388816
2014-10-03,0.007351589839044381,0.007260105924854265,0.007077138096474034,0.006894170268093802
2014-10-06,-0.0008530130862561824,-0.0008530130862561824,-0.0008530130862561824,-0.0008530130862561824
2014-10-07,-0.007773803034974769,-0.007773803034974769,-0.007773803034974769,-0.007773803034974769
2014-10-08,0.013476682072386392,0.013476682072386392,0.013476682072386392,0.013476682072386392
2014-10-09,-0.012774712864347726,-0.012774712864347726,-0.012774712864347726,-0.012774712864347726
2014-10-10,-0.014709376558681653,-0.014738396321099745,-0.01479643584593604,-0.014854475370772335
2014-10-13,-0.008617274090983673,-0.008617274090983673,-0.008617274090983673,-0.008617274090983673
2014-10-14,0.0014186051513302989,0.0014186051513302989,0.0014186051513302989,0.0014186051513302989
2014-10-15,-0.0027942944407822745,-0.0027942944407822745,-0.0027942944407822745,-0.0027942944407822745
2014-10-16,-0.0055723703025762905,-0.0055723703025762905,-0.0055723703025762905,-0.0055723703025762905
2014-10-17,0.0075524525611492255,0.00719895436650364,0.006491957977212248,0.005784961587920634
2014-10-20,0.00567552204996713,0.00567552204996713,0.00567552204996713,0.00567552204996713
2014-10-21,0.00466198849061028,0.00466198849061028,0.00466198849061028,0.00466198849061028
2014-10-22,-0.0005225520143602447,-0.0010451040287206004,-0.0020902080574410897,-0.00313531208616169
2014-10-23,0.0,0.0,0.0,0.0
2014-10-24,0.0,0.0,0.0,0.0
2014-10-27,0.0,0.0,0.0,0.0
2014-10-28,0.008368167038061314,0.007867342822041712,0.0068653402124743135,0.0058628601146251125
2014-10-29,-0.0022557120197922442,-0.002256648782179127,-0.0022584331780335365,-0.0022600970726561753
2014-10-30,0.0017375329375468596,0.0017380890976814722,0.0017391485017013153,0.0017401363635860534
2014-10-31,0.008913883319617844,0.008890464699510048,0.00884303042777912,0.008794818140180682
2014-11-03,0.0011005999922579779,0.0011012083051831212,0.0011023634127693693,0.0011034358985473336
2014-11-04,-0.0016829154451853956,-0.0016835974630611261,-0.001684892526818027,-0.001686094958069817
2014-11-05,-9.992561452809579e-05,-9.986488446611652e-05,-9.97495659310621e-05,-9.964249582761209e-05
2014-11-06,0.0005123598886873637,0.00051292253181634,0.0005139909183651259,0.0005149828860331329
2014-11-07,0.0012183416542974612,0.0012119697569610288,0.0011994367120382599,0.0011871878934288649
2014-11-10,0.0009254356524115437,0.0009259646543864353,0.0009269565230254351,0.0009278597459372318
2014-11-11,0.0022406113510520242,0.0022411106705617634,0.0022420468851429565,0.002242899427936207
2014-11-12,0.00035177787469686805,0.0003520578664244489,0.00035258284558725705,0.00035306090607756246
2014-11-13,0.0030252648582564934,0.0030259827618330792,0.003027328817381658,0.0030285545726524976
2014-11-14,0.0025789492155219307,0.002523981517778884,0.0024149292856374682,0.0023069208514181483
2014-11-17,-0.0023756267635482997,-0.0023756267635482997,-0.0023756267635482997,-0.0023756267635482997
2014-11-18,0.0055646030994995765,0.0055646030994995765,0.0055646030994995765,0.0055646030994995765
2014-11-19,-0.0038418991459930885,-0.0038418991459930885,-0.0038418991459930885,-0.0038418991459930885
2014-11-20,0.0031657896854009326,0.0031657896854009326,0.0031657896854009326,0.0031657896854009326
2014-11-21,0.002374281963424929,0.0023120795811240047,0.002187674816521712,0.002063270051919641
2014-11-24,0.005620887118753748,0.005620887118753748,0.005620887118753748,0.005620887118753748
2014-11-25,0.0026028996359472867,0.0026028996359472867,0.0026028996359472867,0.0026028996359472867
2014-11-26,0.004938556583327758,0.004938556583327758,0.004938556583327758,0.004938556583327758
2014-11-28,0.004226979745935777,0.004189136904940938,0.004113451222951037,0.004037765540961358
2014-12-01,-0.009061257092627617,-0.009061257092627617,-0.009061257092627617,-0.009061257092627617
2014-12-02,0.0014329522310618792,0.0014329522310618792,0.0014329522310618792,0.0014329522310618792
2014-12-03,0.0018528905573418353,0.0018528905573418353,0.0018528905573418353,0.0018528905573418353
2014-12-04,0.0008508260996384909,0.0008508260996384909,0.0008508260996384909,0.0008508260996384909
2014-12-05,-0.00070074223160832,-0.0007223570191134954,-0.000765586594123846,-0.0008088161691340856
2014-12-08,-0.00391716169126155,-0.00391716169126155,-0.00391716169126155,-0.00391716169126155
2014-12-09,0.0026813795089124515,0.0026813795089124515,0.0026813795089124515,0.0026813795089124515
2014-12-10,-0.011049894345837807,-0.011049894345837807,-0.011049894345837807,-0.011049894345837807
2014-12-11,0.003943393580249088,0.003943393580249088,0.003943393580249088,0.003943393580249088
2014-12-12,-0.005813361441730502,-0.006033801099000868,-0.006474680413541711,-0.006915559728082443
2014-12-15,-0.008298770755897245,-0.008298770755897245,-0.008298770755897245,-0.008298770755897245
2014-12-16,-0.00570201658099545,-0.00570201658099545,-0.00570201658099545,-0.00570201658099545
2014-12-17,0.009319038773712096,0.009319038773712096,0.009319038773712096,0.009319038773712096
2014-12-18,0.010416063130489706,0.010416063130489706,0.010416063130489706,0.010416063130489706
2014-12-19,0.007583445466011529,0.007535894564076884,0.007440792760207149,0.007345690956337636
2014-12-22,0.0022535497600246757,0.0022535497600246757,0.0022535497600246757,0.0022535497600246757
2014-12-23,-0.009601482780098758,-0.009601482780098758,-0.009601482780098758,-0.009601482780098758
2014-12-24,0.0027780230710683362,0.0027780230710683362,0.0027780230710683362,0.0027780230710683362
2014-12-26,0.00595625451999604,0.0058962539651357115,0.00577625285541461,0.005656251745693508
2014-12-29,0.001956420237255063,0.001956420237255063,0.001956420237255063,0.001956420237255063
2014-12-30,-0.00399540074100968,-0.00399540074100968,-0.00399540074100968,-0.00399540074100968
2014-12-31,-0.006433244359088541,-0.006433244359088541,-0.006433244359088541,-0.006433244359088541
2015-01-02,0.0017157163504397666,0.0016990539218755263,0.0016657290647470457,0.0016324042076183432
2015-01-05,-0.005307749213305235,-0.005307749213305235,-0.005307749213305235,-0.005307749213305235
2015-01-06,-0.003000492784652642,-0.003000492784652642,-0.003000492784652642,-0.003000492784652642
2015-01-07,0.008192122036192906,0.008192122036192906,0.008192122036192906,0.008192122036192906
2015-01-08,0.008432767270144748,0.008432767270144748,0.008432767270144748,0.008432767270144748
2015-01-09,-0.000430614823909381,-0.00044501751122794087,-0.00047382288586517163,-0.0005026282605024024
2015-01-12,-0.0046378286125215995,-0.0046378286125215995,-0.0046378286125215995,-0.0046378286125215995
2015-01-13,9.543445819404361e-05,9.543445819404361e-05,9.543445819404361e-05,9.543445819404361e-05
2015-01-14,-0.0009312321094063769,-0.0009312321094063769,-0.0009312321094063769,-0.0009312321094063769
2015-01-15,-0.002209728134149991,-0.002209728134149991,-0.002209728134149991,-0.002209728134149991
2015-01-16,-0.0005213603641947007,-0.0008449213601821048,-0.0014920433521571352,-0.0021391653441319436
2015-01-20,0.007204305607305894,0.007204305607305894,0.007204305607305894,0.007204305607305894
2015-01-21,-0.0016702333151059623,-0.0016702333151059623,-0.0016702333151059623,-0.0016702333151059623
2015-01-22,0.004902242006505464,0.004902242006505464,0.004902242006505464,0.004902242006505464
2015-01-23,0.0056412179424720765,0.005207970603775758,0.004341475926382898,0.003474981248990261
2015-01-26,-0.0017424562951221523,-0.0017424562951221523,-0.0017424562951221523,-0.0017424562951221523
2015-01-27,-0.017676340278473646,-0.017676340278473646,-0.017676340278473646,-0.017676340278473646
2015-01-28,0.0008093375229822897,0.0008093375229822897,0.0008093375229822897,0.0008093375229822897
2015-01-29,0.004346921951160265,0.004346921951160265,0.004346921951160265,0.004346921951160265
2015-01-30,-0.0022180989247996274,-0.0023550360286322958,-0.0026289102362975214,-0.002902784443962636
2015-02-02,0.004702875040428545,0.004702875040428545,0.004702875040428545,0.004702875040428545
2015-02-03,-0.0007172919299466285,-0.0007172919299466285,-0.0007172919299466285,-0.0007172919299466285
2015-02-04,-0.00041255874902323963,-0.00041255874902323963,-0.00041255874902323963,-0.00041255874902323963
2015-02-05,0.002197498498172301,0.002197498498172301,0.002197498498172301,0.002197498498172301
2015-02-06,-0.011083209934049654,-0.01116584026071299,-0.01133110091403966,-0.011496361567366442
2015-02-09,-0.0030580741232552056,-0.0030580741232552056,-0.0030580741232552056,-0.0030580741232552056
2015-02-10,0.00835001579046124,0.00835001579046124,0.00835001579046124,0.00835001579046124
2015-02-11,0.002358032415883171,0.002358032415883171,0.002358032415883171,0.002358032415883171
2015-02-12,0.008841374145597936,0.008841374145597936,0.008841374145597936,0.008841374145597936
2015-02-13,0.003576988138181969,0.0035601375375218236,0.0035264363362013107,0.0034927351348805757
2015-02-17,-0.004182163059397448,-0.004182163059397448,-0.004182163059397448,-0.004182163059397448
2015-02-18,0.003222512050444548,0.003222512050444548,0.003222512050444548,0.003222512050444548
2015-02-19,0.0011854958278900707,0.0011854958278900707,0.0011854958278900707,0.0011854958278900707
2015-02-20,0.006843732366441646,0.00667286076090412,0.00633111754982929,0.005989374338754461
2015-02-23,0.0019518708243846383,0.0019518708243846383,0.0019518708243846383,0.0019518708243846383
2015-02-24,0.0036669036031478086,0.0036669036031478086,0.0036669036031478086,0.0036669036031478086
2015-02-25,-0.001008395391961514,-0.001008395391961514,-0.001008395391961514,-0.001008395391961514
2015-02-26,0.001050321451419256,0.001050321451419256,0.001050321451419256,0.001050321451419256
2015-02-27,-0.0022148105515615857,-0.002439703183466313,-0.0028894884472757676,-0.0033392737110853332
2015-03-02,0.003108524682656766,0.003108524682656766,0.003108524682656766,0.003108524682656766
2015-03-03,-0.0055754486264383285,-0.0055754486264383285,-0.0055754486264383285,-0.0055754486264383285
2015-03-04,-0.003901484185180326,-0.003901484185180326,-0.003901484185180326,-0.003901484185180326
2015-03-05,0.0012497196396279442,0.0012497196396279442,0.0012497196396279442,0.0012497196396279442
2015-03-06,-0.014536074286765621,-0.014767401565158988,-0.01523005612194539,-0.015692710678732014
2015-03-09,0.0034510068077275857,0.0034510068077275857,0.0034510068077275857,0.0034510068077275857
2015-03-10,-0.013257629842275409,-0.013257629842275409,-0.013257629842275409,-0.013257629842275409
2015-03-11,-0.0031779992441137717,-0.0031779992441137717,-0.0031779992441137717,-0.0031779992441137717
2015-03-12,0.00543102224887182,0.00543102224887182,0.00543102224887182,0.00543102224887182
2015-03-13,-0.0038748878394783137,-0.003883407562580765,-0.003900447008785557,-0.00391748645499046
2015-03-16,0.011334223476074712,0.011334223476074712,0.011334223476074712,0.011334223476074712
2015-03-17,0.0021360741381226678,0.0021360741381226678,0.0021360741381226678,0.0021360741381226678
2015-03-18,0.010967078055346802,0.010967078055346802,0.010967078055346802,0.010967078055346802
2015-03-19,-0.0002704235857337034,-0.0002704235857337034,-0.0002704235857337034,-0.0002704235857337034
2015-03-20,0.006619181864457646,0.006430420438479967,0.006052897586524608,0.00567537473456925
2015-03-23,-0.0016053067882914052,-0.0016053067882914052,-0.0016053067882914052,-0.0016053067882914052
2015-03-24,-0.0003270415700142859,-0.0003270415700142859,-0.0003270415700142859,-0.0003270415700142859
2015-03-25,-0.020715108428921436,-0.020715108428921436,-0.020715108428921436,-0.020715108428921436
2015-03-26,-0.007422102925473517,-0.007422102925473517,-0.007422102925473517,-0.007422102925473517
2015-03-27,0.006690022540388529,0.0066230827118016755,0.00648920305462819,0.006355323397454926
2015-03-30,0.007942304654248167,0.007942304654248167,0.007942304654248167,0.007942304654248167
2015-03-31,-0.00811177119845019,-0.00811177119845019,-0.00811177119845019,-0.00811177119845019
2015-04-01,0.0011292148390051882,0.0011292148390051882,0.0011292148390051882,0.0011292148390051882
2015-04-02,-0.0015962251311255615,-0.0015962251311255615,-0.0015962251311255615,-0.0015962251311255615
2015-04-06,0.005168891141517529,0.005147121308599623,0.005102259065498105,0.005055587869265077
2015-04-07,0.001139466936081579,0.0011400728230746004,0.0011413105678215185,0.0011425823799289248
2015-04-08,0.007014049114256737,0.0070112164041100655,0.007005429562433774,0.00699948344524981
2015-04-09,0.0009477341060895039,0.000945492223903388,0.0009409123634178673,0.0009362064480571419
2015-04-10,0.003562743497564691,0.0035314857159391977,0.0034678708881541453,0.0034027400788656514
2015-04-13,-0.0022360122235400848,-0.0022360122235400848,-0.0022360122235400848,-0.0022360122235400848
2015-04-14,0.000971936608431534,0.000971936608431534,0.000971936608431534,0.000971936608431534
2015-04-15,0.005174232272321833,0.005174232272321833,0.005174232272321833,0.005174232272321833
2015-04-16,-0.0017961424372821,-0.0017961424372821,-0.0017961424372821,-0.0017961424372821
2015-04-17,-0.00975752112008188,-0.00982486116198622,-0.009959541245794679,-0.010094221329603248
2015-04-20,0.0076956256119478095,0.0076956256119478095,0.0076956256119478095,0.0076956256119478095
2015-04-21,0.0027279961631785365,0.0027279961631785365,0.0027279961631785365,0.0027279961631785365
2015-04-22,-0.0005141907217787178,-0.0005141907217787178,-0.0005141907217787178,-0.0005141907217787178
2015-04-23,0.004805056303534894,0.004805056303534894,0.004805056303534894,0.004805056303534894
2015-04-24,0.011394812577937508,0.011159662119337277,0.010689361202136372,0.010219060284935688
2015-04-27,-0.0007672413750976492,-0.0007672413750976492,-0.0007672413750976492,-0.0007672413750976492
2015-04-28,-0.002487732354452321,-0.002487732354452321,-0.002487732354452321,-0.002487732354452321
2015-04-29,-0.00785345544622662,-0.00785345544622662,-0.00785345544622662,-0.00785345544622662
2015-04-30,-0.013531748075940486,-0.013531748075940486,-0.013531748075940486,-0.013531748075940486
2015-05-01,0.009250312027502483,0.009214228196854357,0.009141759762585355,0.009068843259354864
2015-05-04,0.00045410381804078526,0.0004540265739814142,0.00045384885014843057,0.0004536401841941373
2015-05-05,-0.01369796876155871,-0.013697206172233356,-0.013695451599785247,-0.013693391552307865
2015-05-06,-0.007169178293523593,-0.007168855981660172,-0.007168114403596326,-0.007167243715115346
2015-05-07,0.004785016878215309,0.004784736203226281,0.004784090423661569,0.0047833322124148925
2015-05-08,0.012553085032597888,0.012508063430552552,0.012418823692810221,0.012330665304717048
2015-05-11,-0.006681768453771442,-0.006682543409714525,-0.006684061678352227,-0.006685537410419884
2015-05-12,-0.0027442759230013047,-0.0027452146651464338,-0.0027470538184176663,-0.0027488414450552723
2015-05-13,0.0014570148734645016,0.0014574318610049986,0.0014582488095173929,0.0014590428699936542
2015-05-14,0.011374258411509963,0.01137726077178236,0.011383142898994336,0.01138886022960195
2015-05-15,0.0032191454785270857,0.003153872928165269,0.0030227667139541836,0.002890914989027271
2015-05-18,-6.713759448562229e-05,-6.56612914444743e-05,-6.274696074781705e-05,-5.988455593308739e-05
2015-05-19,-0.0033274734602791733,-0.00332938984536435,-0.0033331729303577307,-0.0033368886105006323
2015-05-20,0.0009221055314110327,0.0009225041917837462,0.0009232911766570151,0.0009240641394825388
2015-05-21,0.004881819619858785,0.0048832024139908725,0.004885932151229122,0.004888613251566198
2015-05-22,-0.0013462814505733611,-0.0014486686829566775,-0.0016540959565786162,-0.0018603798098035806
2015-05-26,-0.009934545263399097,-0.009939747953838785,-0.009950041505057405,-0.009960181162668058
2015-05-27,0.011841816382741621,0.011849110372794014,0.011863541571625724,0.011877757017000778
2015-05-28,-0.0035116825986127864,-0.003512702364040887,-0.0035147199754647085,-0.003516707422614229
2015-05-29,-0.006203396238213865,-0.006286018663969717,-0.006450388009411334,-0.006613554434874658
2015-06-01,0.0009478903701802821,0.0009489563125022471,0.0009509940224694535,0.0009529036751059206
2015-06-02,-0.0029396889988039243,-0.0029407158533950595,-0.002942678841252988,-0.002944518467597357
2015-06-03,0.0011096808263264535,0.0011106313903459508,0.001112448537237798,0.0011141514878092451
2015-06-04,-0.0051558850482138485,-0.005158275575729565,-0.005162845430632168,-0.005167128098726659
2015-06-05,-0.004191105767085257,-0.0042259084203402075,-0.004294699530118962,-0.004362386194659673
2015-06-08,-0.007616806969062195,-0.007618608367573776,-0.0076217765573949325,-0.0076243624261310705
2015-06-09,-0.0024237257990132877,-0.0024240208730438306,-0.0024245398312500166,-0.002424963403660829
2015-06-10,0.011407788082122172,0.01141021850666335,0.011414492989096248,0.011417981811139954
2015-06-11,0.003103835718244685,0.0031040949457161737,0.0031045508591807103,0.003104922974628721
2015-06-12,-0.006720974792421508,-0.0067411294715294945,-0.006781220873449678,-0.006821025784929602
2015-06-15,-0.003927821809267873,-0.003928372858696183,-0.003929302818943103,-0.003930003497858436
2015-06-16,0.004358171362668806,0.004358783066561678,0.004359815388299326,0.004360593191520268
2015-06-17,0.0010927301799763534,0.0010930173276000321,0.0010935019227404918,0.0010938670411404505
2015-06-18,0.010613134300609062,0.010614744679022126,0.010617462380610787,0.010619510033946122
2015-06-19,-0.002533241829464017,-0.0025769847447820737,-0.002663741052427726,-0.002749541210103734
2015-06-22,0.005987653777976165,0.0059896837967785554,0.005993532156734149,0.005997097150149067
2015-06-23,0.0008005721373471886,0.0008007959989055902,0.0008012203791405437,0.000801613510958088
2015-06-24,-0.004019576026444205,-0.004020992972732951,-0.004023679115024215,-0.004026167468424213
2015-06-25,-0.0019042202249902607,-0.0019047698322433027,-0.0019058117371465455,-0.0019067769233978016
2015-06-26,-0.006430762034564941,-0.006456694152333853,-0.006507596232277146,-0.006557227303548463
2015-06-29,-0.018916943435984934,-0.01891718235166362,-0.018917034722977455,-0.018916063248287207
2015-06-30,0.0023645352874348546,0.0023645713277153924,0.0023645490580206374,0.0023644025116720258
2015-07-01,0.005144332225739845,0.005144412554443534,0.005144362918433787,0.005144036287285214
2015-07-02,0.0008645724080986739,0.0008645752227494086,0.0008645734835450725,0.0008645620386629194
2015-07-06,-0.005809484857936087,-0.0062953492882097395,-0.007267360670298428,-0.008239709926875949
2015-07-07,0.0014337241166499926,0.0014333973148816792,0.0014327080588520946,0.0014319721589248768
2015-07-08,-0.006101704618383996,-0.006099434761266065,-0.00609464741659016,-0.006089536098812132
2015-07-09,-0.00024382173955261877,-0.00024374801820881142,-0.00024359253287897786,-0.0002434265254187551
2015-07-10,0.005781940304699473,0.005742773368378584,0.005663828594352438,0.0055840274719298755
2015-07-13,0.004635308943587768,0.004635308943587768,0.004635308943587768,0.004635308943587768
2015-07-14,0.0026486953724453866,0.0026486953724453866,0.0026486953724453866,0.0026486953724453866
2015-07-15,0.0008890817608582235,0.0008890817608582235,0.0008890817608582235,0.0008890817608582235
2015-07-16,0.0048746456753780976,0.0048746456753780976,0.0048746456753780976,0.0048746456753780976
2015-07-17,0.006955719892700163,0.006499935436378612,0.005588366523735733,0.004676797611093075
2015-07-20,0.002095477976936655,0.002095477976936655,0.002095477976936655,0.002095477976936655
2015-07-21,5.9511670562617525e-06,5.9511670562617525e-06,5.9511670562617525e-06,5.9511670562617525e-06
2015-07-22,-0.007789048540482679,-0.007789048540482679,-0.007789048540482679,-0.007789048540482679
2015-07-23,-0.0015213318460383096,-0.0015213318460383096,-0.0015213318460383096,-0.0015213318460383096
2015-07-24,-0.0059991153209316694,-0.006029141227883672,-0.006089193041787788,-0.006149244855691682
2015-07-27,-0.005243972885830894,-0.005243972885830894,-0.005243972885830894,-0.005243972885830894
2015-07-28,0.006245972463168936,0.006245972463168936,0.006245972463168936,0.006245972463168936
2015-07-29,0.002034182470872281,0.002034182470872281,0.002034182470872281,0.002034182470872281
2015-07-30,0.003968943813744241,0.003968943813744241,0.003968943813744241,0.003968943813744241
2015-07-31,2.508394503220046e-07,-8.495174739553413e-06,-2.5987203119193225e-05,-4.347923149894406e-05
2015-08-03,-0.0015613421500462188,-0.0015613421500462188,-0.0015613421500462188,-0.0015613421500462188
2015-08-04,-0.001777217495335548,-0.001777217495335548,-0.001777217495335548,-0.001777217495335548
2015-08-05,0.004583966003696371,0.004583966003696371,0.004583966003696371,0.004583966003696371
2015-08-06,-0.010975925863463742,-0.010975925863463742,-0.010975925863463742,-0.010975925863463742
2015-08-07,-0.0001982036356649175,-0.0005658414840474801,-0.0013011171808126054,-0.0020363928775777307
2015-08-10,0.0016448066855541121,0.0016448066855541121,0.0016448066855541121,0.0016448066855541121
2015-08-11,-0.002857298005723652,-0.002857298005723652,-0.002857298005723652,-0.002857298005723652
2015-08-12,-0.0004381543384437414,-0.0004381543384437414,-0.0004381543384437414,-0.0004381543384437414
2015-08-13,-0.0012459359767933442,-0.0012459359767933442,-0.0012459359767933442,-0.0012459359767933442
2015-08-14,0.0010170475607891305,0.0009820577534258579,0.0009120781386995347,0.0008420985239729895
2015-08-17,0.0025175366876557526,0.0025175366876557526,0.0025175366876557526,0.0025175366876557526
2015-08-18,-0.009108352201041447,-0.009108352201041447,-0.009108352201041447,-0.009108352201041447
2015-08-19,0.0006143468496142557,0.0006143468496142557,0.0006143468496142557,0.0006143468496142557
2015-08-20,-0.00957368749567078,-0.00957368749567078,-0.00957368749567078,-0.00957368749567078
2015-08-21,-0.011538154565291614,-0.011757201214829704,-0.012195294513905663,-0.012633387812981733
2015-08-24,-0.008050187991560098,-0.008050187991560098,-0.008050187991560098,-0.008050187991560098
2015-08-25,-0.002679852507227576,-0.002679852507227576,-0.002679852507227576,-0.002679852507227576
2015-08-26,0.008355348814751196,0.008355348814751196,0.008355348814751196,0.008355348814751196
2015-08-27,-0.0004999999999999449,-0.0010000000000000009,-0.0020000000000000018,-0.0030000000000000027
2015-08-28,0.0,0.0,0.0,0.0
2015-08-31,0.0,0.0,0.0,0.0
2015-09-01,0.0,0.0,0.0,0.0
2015-09-02,0.0,0.0,0.0,0.0
2015-09-03,0.0,0.0,0.0,0.0
2015-09-04,0.0,0.0,0.0,0.0
2015-09-08,0.0,0.0,0.0,0.0
2015-09-09,0.0,0.0,0.0,0.0
2015-09-10,0.0,0.0,0.0,0.0
2015-09-11,0.0,0.0,0.0,0.0
2015-09-14,0.0,0.0,0.0,0.0
2015-09-15,0.0,0.0,0.0,0.0
2015-09-16,0.0,0.0,0.0,0.0
2015-09-17,0.0015130926215836116,0.001012019048821644,9.86830647775605e-06,-0.0009922871138347
2015-09-18,0.0007652512619507057,0.0007552374517647564,0.0007342571334365555,0.0007119358450962121
2015-09-21,-0.001992624004051202,-0.001992624004051202,-0.001992624004051202,-0.001992624004051202
2015-09-22,0.0002301650179319381,0.0002301650179319381,0.0002301650179319381,0.0002301650179319381
2015-09-23,-6.876599425476027e-05,-6.876599425476027e-05,-6.876599425476027e-05,-6.876599425476027e-05
2015-09-24,0.0005935559720258166,0.0005935559720258166,0.0005935559720258166,0.0005935559720258166
2015-09-25,-0.0033243396777500323,-0.0033695306274632575,-0.003459912526890152,-0.0035502944263168246
2015-09-28,-0.002558054595958037,-0.002558054595958037,-0.002558054595958037,-0.002558054595958037
2015-09-29,-0.000534712077808086,-0.000534712077808086,-0.000534712077808086,-0.000534712077808086
2015-09-30,0.003432361520493643,0.003432361520493643,0.003432361520493643,0.003432361520493643
2015-10-01,0.0015194714662805087,0.0015194714662805087,0.0015194714662805087,0.0015194714662805087
2015-10-02,0.0015531176708967198,0.0014585587505853148,0.0012694409099622828,0.0010803230693390287
2015-10-05,-0.00036044758879205663,-0.00036044758879205663,-0.00036044758879205663,-0.00036044758879205663
2015-10-06,4.177158386764468e-05,4.177158386764468e-05,4.177158386764468e-05,4.177158386764468e-05
2015-10-07,0.00019851972717366273,0.00019851972717366273,0.00019851972717366273,0.00019851972717366273
2015-10-08,-0.0005941530424732333,-0.0005941530424732333,-0.0005941530424732333,-0.0005941530424732333
2015-10-09,0.0010855671415994639,0.0009757224974227263,0.0007560332090690292,0.000536343920715554
2015-10-12,0.0014087554826942572,0.0014087554826942572,0.0014087554826942572,0.0014087554826942572
2015-10-13,-0.0011315760314952739,-0.0011315760314952739,-0.0011315760314952739,-0.0011315760314952739
2015-10-14,0.0007101039725903036,0.0007101039725903036,0.0007101039725903036,0.0007101039725903036
2015-10-15,0.002809354223780147,0.002809354223780147,0.002809354223780147,0.002809354223780147
2015-10-16,0.0026696125089402667,0.002605695645672368,0.0024778619191363482,0.0023500281926001065
2015-10-19,0.0008615003549619082,0.0008615003549619082,0.0008615003549619082,0.0008615003549619082
2015-10-20,-0.0006273098970576152,-0.0006273098970576152,-0.0006273098970576152,-0.0006273098970576152
2015-10-21,-0.000417934041841983,-0.000417934041841983,-0.000417934041841983,-0.000417934041841983
2015-10-22,0.00570525430386204,0.00570525430386204,0.00570525430386204,0.00570525430386204
2015-10-23,0.004747155381636725,0.0047044169506405,0.004618940088648271,0.004533463226656043
2015-10-26,0.0024888950366970253,0.0024888950366970253,0.0024888950366970253,0.0024888950366970253
2015-10-27,0.0019125423915098416,0.0019125423915098416,0.0019125423915098416,0.0019125423915098416
2015-10-28,0.00324440111288693,0.00324440111288693,0.00324440111288693,0.00324440111288693
2015-10-29,-0.001199113326559309,-0.001199113326559309,-0.001199113326559309,-0.001199113326559309
2015-10-30,0.00026589901760876167,-0.00012510217915062682,-0.0009071045726690707,-0.0016891069661875147
2015-11-02,0.011439899815221866,0.011439899815221866,0.011439899815221866,0.011439899815221866
2015-11-03,0.007942447159303034,0.007942447159303034,0.007942447159303034,0.007942447159303034
2015-11-04,0.001167027044390423,0.001167027044390423,0.001167027044390423,0.001167027044390423
2015-11-05,-0.0050268459828769485,-0.0050268459828769485,-0.0050268459828769485,-0.0050268459828769485
2015-11-06,-0.0014208588887391072,-0.0016311463820823935,-0.002051721368768855,-0.002472296355455428
2015-11-09,-0.00797251026915824,-0.00797251026915824,-0.00797251026915824,-0.00797251026915824
2015-11-10,-0.006885901373567593,-0.006885901373567593,-0.006885901373567593,-0.006885901373567593
2015-11-11,-0.004432804947972713,-0.004432804947972713,-0.004432804947972713,-0.004432804947972713
2015-11-12,-0.0034785014071174736,-0.0034785014071174736,-0.0034785014071174736,-0.0034785014071174736
2015-11-13,-0.007022026477149224,-0.0075638532383717205,-0.008647506760817047,-0.009731160283262152
2015-11-16,0.002047953395954538,0.002047953395954538,0.002047953395954538,0.002047953395954538
2015-11-17,0.0008180438193123862,0.0008180438193123862,0.0008180438193123862,0.0008180438193123862
2015-11-18,0.003986175248300583,0.003986175248300583,0.003986175248300583,0.003986175248300583
2015-11-19,-0.0006821196939126306,-0.0006821196939126306,-0.0006821196939126306,-0.0006821196939126306
2015-11-20,0.0007240495177383011,0.00039387179764571734,-0.00026648364253967216,-0.0009268390827252837
2015-11-23,-0.00107194388785814,-0.00107194388785814,-0.00107194388785814,-0.00107194388785814
2015-11-24,-0.001062371135418183,-0.001062371135418183,-0.001062371135418183,-0.001062371135418183
2015-11-25,0.002039040957689142,0.002039040957689142,0.002039040957689142,0.002039040957689142
2015-11-27,0.005536683690259725,0.005476669987662053,0.0053566425824667085,0.005236615177271142
2015-11-30,0.002169538465136789,0.002169538465136789,0.002169538465136789,0.002169538465136789
2015-12-01,0.0047019316400724875,0.0047019316400724875,0.0047019316400724875,0.0047019316400724875
2015-12-02,-0.0036896362153575613,-0.0036896362153575613,-0.0036896362153575613,-0.0036896362153575613
2015-12-03,-0.011976902914430654,-0.011976902914430654,-0.011976902914430654,-0.011976902914430654
2015-12-04,0.006440265560783809,0.006062044716159232,0.005305603026910077,0.004549161337660923
2015-12-07,0.004540346888608715,0.004540346888608715,0.004540346888608715,0.004540346888608715
2015-12-08,0.002714399211556584,0.002714399211556584,0.002714399211556584,0.002714399211556584
2015-12-09,-0.0032246813508405303,-0.0032246813508405303,-0.0032246813508405303,-0.0032246813508405303
2015-12-10,0.0009237145212022124,0.0009237145212022124,0.0009237145212022124,0.0009237145212022124
2015-12-11,-0.0018942326601579795,-0.0021132438583172375,-0.0025512662546355314,-0.0029892886509539363
2015-12-14,0.0002494287311032295,0.0002494287311032295,0.0002494287311032295,0.0002494287311032295
2015-12-15,0.0033949190039195276,0.0033949190039195276,0.0033949190039195276,0.0033949190039195276
2015-12-16,0.004610120258098815,0.004610120258098815,0.004610120258098815,0.004610120258098815
2015-12-17,-0.003946380954043871,-0.003946380954043871,-0.003946380954043871,-0.003946380954043871
2015-12-18,-0.006225103686381406,-0.006246102064810799,-0.0062880988216696965,-0.006330095578528705
2015-12-21,0.002111751044829635,0.002111751044829635,0.002111751044829635,0.002111751044829635
2015-12-22,0.0015029066090836984,0.0015029066090836984,0.0015029066090836984,0.0015029066090836984
2015-12-23,0.0025938658502011602,0.0025938658502011602,0.0025938658502011602,0.0025938658502011602
2015-12-24,0.0020644218009706616,0.0020644218009706616,0.0020644218009706616,0.0020644218009706616
2015-12-28,-0.0034133170440283633,-0.0035209320843291314,-0.0037361621649306676,-0.003951392245532315
2015-12-29,0.002925963724929481,0.002925963724929481,0.002925963724929481,0.002925963724929481
2015-12-30,-0.0031529025455712123,-0.0031529025455712123,-0.0031529025455712123,-0.0031529025455712123
2015-12-31,-0.0023674829795152785,-0.0023674829795152785,-0.0023674829795152785,-0.0023674829795152785
2016-01-04,-0.004178342418915459,-0.00418319524214128,-0.004192900888593143,-0.004202606535045006
2016-01-05,-0.0011987703954555728,-0.0011987703954555728,-0.0011987703954555728,-0.0011987703954555728
2016-01-06,-0.0010878719647947621,-0.0010878719647947621,-0.0010878719647947621,-0.0010878719647947621
2016-01-07,-0.0045052538370464745,-0.0045052538370464745,-0.0045052538370464745,-0.0045052538370464745
2016-01-08,0.0004326279004265299,0.000265921023614224,-6.749273001083189e-05,-0.0004009064836355547
2016-01-11,-0.002295270672151406,-0.002295270672151406,-0.002295270672151406,-0.002295270672151406
2016-01-12,0.0012596658376835546,0.0012596658376835546,0.0012596658376835546,0.0012596658376835546
2016-01-13,-0.0020533548011089087,-0.0020533548011089087,-0.0020533548011089087,-0.0020533548011089087
2016-01-14,-0.00021811673540816923,-0.00021811673540816923,-0.00021811673540816923,-0.00021811673540816923
2016-01-15,-0.012475009162329576,-0.012482087769696282,-0.012496244984429916,-0.012510402199163329
2016-01-19,0.003327444073847774,0.003327444073847774,0.003327444073847774,0.003327444073847774
2016-01-20,0.009916020217786148,0.009916020217786148,0.009916020217786148,0.009916020217786148
2016-01-21,-0.002756528718658502,-0.002756528718658502,-0.002756528718658502,-0.002756528718658502
2016-01-22,-0.0035241577941510505,-0.003534054765196304,-0.0035537363297667435,-0.0035731723729066633
2016-01-25,0.0015639354238965453,0.0015644029311046026,0.0015655538721801587,0.0015669906475734852
2016-01-26,0.0007495048489623013,0.0007492186652919841,0.0007485141188474653,0.0007476345994552602
2016-01-27,-0.001422693871299896,-0.0014219136100995788,-0.0014199927099524112,-0.0014175947574218695
2016-01-28,-0.0012973059876469906,-0.0012977442661584737,-0.0012988232500383834,-0.0013001701977853886
2016-01-29,0.0027723205778356075,0.002754307819805346,0.0027180266425621546,0.002681425980705532
2016-02-01,-0.0018397150076816526,-0.0018398252132395543,-0.0018400820508157611,-0.0018403869637427794
2016-02-02,0.002023602135477809,0.002024364994530181,0.002026142861941471,0.0020282535139894975
2016-02-03,-0.0024571195576188476,-0.002456942770287518,-0.0024565307617596677,-0.0024560416326842027
2016-02-04,0.004714810391579505,0.0047148215679602146,0.004714847614872619,0.00471487853729613
2016-02-05,0.00046384976404723055,0.00034844558220803457,0.0001174203137710439,-0.00011397151165737363
2016-02-08,0.0018279101145317611,0.0018279101145317611,0.0018279101145317611,0.0018279101145317611
2016-02-09,0.00022733334721669607,0.00022733334721669607,0.00022733334721669607,0.00022733334721669607
2016-02-10,0.003681832210273406,0.003681832210273406,0.003681832210273406,0.003681832210273406
2016-02-11,0.006810876579635972,0.006810876579635972,0.006810876579635972,0.006810876579635972
2016-02-12,-0.0034724955580944794,-0.003634325781748826,-0.00395798622905752,-0.004281646676366324
2016-02-16,-0.00291754327705096,-0.00291754327705096,-0.00291754327705096,-0.00291754327705096
2016-02-17,0.000422463366858139,0.000422463366858139,0.000422463366858139,0.000422463366858139
2016-02-18,0.008086996548689607,0.008086996548689607,0.008086996548689607,0.008086996548689607
2016-02-19,-0.0005094387462093453,-0.000675849013740959,-0.0010086695488042974,-0.0013414900838676358
2016-02-22,0.002518512090333047,0.002518512090333047,0.002518512090333047,0.002518512090333047
2016-02-23,-0.0023226985582014414,-0.0023226985582014414,-0.0023226985582014414,-0.0023226985582014414
2016-02-24,0.0017821205245556193,0.0017821205245556193,0.0017821205245556193,0.0017821205245556193
2016-02-25,0.0014094146984995337,0.0014094146984995337,0.0014094146984995337,0.0014094146984995337
2016-02-26,-0.0013568351843438187,-0.0014452689021861032,-0.0016221363378707832,-0.0017990037735554631
2016-02-29,0.0025245953243600017,0.0025245953243600017,0.0025245953243600017,0.0025245953243600017
2016-03-01,-0.0026492079154567527,-0.0026492079154567527,-0.0026492079154567527,-0.0026492079154567527
2016-03-02,0.00020953138954116213,0.00020953138954116213,0.00020953138954116213,0.00020953138954116213
2016-03-03,0.0023114343664389914,0.0023114343664389914,0.0023114343664389914,0.0023114343664389914
2016-03-04,-0.005760876158236616,-0.0061733143036405425,-0.006998190594448284,-0.007823066885256025
2016-03-07,0.0026020708500571477,0.0026020708500571477,0.0026020708500571477,0.0026020708500571477
2016-03-08,-0.0006387237949757596,-0.0006387237949757596,-0.0006387237949757596,-0.0006387237949757596
2016-03-09,-0.005200499721661145,-0.005200499721661145,-0.005200499721661145,-0.005200499721661145
2016-03-10,0.007874160497540306,0.007874160497540306,0.007874160497540306,0.007874160497540306
2016-03-11,-0.008768601727257797,-0.008830049883401525,-0.008952946195688871,-0.009075842507976328
2016-03-14,-0.007519326560899597,-0.007519326560899597,-0.007519326560899597,-0.007519326560899597
2016-03-15,0.0006116186111642108,0.0006116186111642108,0.0006116186111642108,0.0006116186111642108
2016-03-16,0.01371755553529641,0.01371755553529641,0.01371755553529641,0.01371755553529641
2016-03-17,-0.0008889459411339784,-0.0008889459411339784,-0.0008889459411339784,-0.0008889459411339784
2016-03-18,-0.0038886032226742584,-0.004285432598065797,-0.005079091348848874,-0.0058727500996320625
2016-03-21,-0.0021478330647231036,-0.0021478330647231036,-0.0021478330647231036,-0.0021478330647231036
2016-03-22,0.001537233785128933,0.001537233785128933,0.001537233785128933,0.001537233785128933
2016-03-23,-0.002504089663531217,-0.002504089663531217,-0.002504089663531217,-0.002504089663531217
2016-03-24,-0.000497949786461449,-0.000497949786461449,-0.000497949786461449,-0.000497949786461449
2016-03-28,0.001655209381160816,0.001623213555751235,0.0015592219049322953,0.0014952302541133555
2016-03-29,0.005800788460655681,0.005800788460655681,0.005800788460655681,0.005800788460655681
2016-03-30,-0.0048133002404991965,-0.0048133002404991965,-0.0048133002404991965,-0.0048133002404991965
2016-03-31,0.0026607646765195447,0.0026607646765195447,0.0026607646765195447,0.0026607646765195447
2016-04-01,0.0011442866443680533,0.0010837375463867982,0.0009626393504245101,0.000841541154462222
2016-04-04,-0.0008251800758726224,-0.0008251800758726224,-0.0008251800758726224,-0.0008251800758726224
2016-04-05,0.0037140871659144814,0.0037140871659144814,0.0037140871659144814,0.0037140871659144814
2016-04-06,-0.0005340114310291577,-0.0005340114310291577,-0.0005340114310291577,-0.0005340114310291577
2016-04-07,0.0026539275933030737,0.0026539275933030737,0.0026539275933030737,0.0026539275933030737
2016-04-08,-0.0029062242776152214,-0.0030517653497311725,-0.003342847493963075,-0.003633929638194755
2016-04-11,0.000473319762934743,0.000473319762934743,0.000473319762934743,0.000473319762934743
2016-04-12,0.0009559774898322271,0.0009559774898322271,0.0009559774898322271,0.0009559774898322271
2016-04-13,0.002284999750116201,0.002284999750116201,0.002284999750116201,0.002284999750116201
2016-04-14,-0.002022158979295363,-0.002022158979295363,-0.002022158979295363,-0.002022158979295363
2016-04-15,0.0025894379344406637,0.0025372110806543002,0.002432757373081351,0.0023283036655086242
2016-04-18,0.0003435933720687956,0.0003435933720687956,0.0003435933720687956,0.0003435933720687956
2016-04-19,0.0012670529333211888,0.0012670529333211888,0.0012670529333211888,0.0012670529333211888
2016-04-20,-0.0004080409043708544,-0.0004080409043708544,-0.0004080409043708544,-0.0004080409043708544
2016-04-21,0.0012758269628121433,0.0012758269628121433,0.0012758269628121433,0.0012758269628121433
2016-04-22,-0.006082872204296597,-0.006208459412630818,-0.006459633829299483,-0.006710808245967925
2016-04-25,0.005461321835242838,0.005461321835242838,0.005461321835242838,0.005461321835242838
2016-04-26,0.0007075496014796734,0.0007075496014796734,0.0007075496014796734,0.0007075496014796734
2016-04-27,-0.008224066501936522,-0.008224066501936522,-0.008224066501936522,-0.008224066501936522
2016-04-28,0.0008745342031979408,0.0008745342031979408,0.0008745342031979408,0.0008745342031979408
2016-04-29,0.00484097094142677,0.004614721129993171,0.004162221507125752,0.0037097218842583324
2016-05-02,-0.003402134393010292,-0.003402134393010292,-0.003402134393010292,-0.003402134393010292
2016-05-03,0.0008717643112714502,0.0008717643112714502,0.0008717643112714502,0.0008717643112714502
2016-05-04,-0.003054734336054965,-0.003054734336054965,-0.003054734336054965,-0.003054734336054965
2016-05-05,0.0004940028434912147,0.0004940028434912147,0.0004940028434912147,0.0004940028434912147
2016-05-06,0.004733864862250137,0.0046090983522719675,0.004359565332316073,0.004110032312359957
2016-05-09,-0.0032969778111180403,-0.0032969778111180403,-0.0032969778111180403,-0.0032969778111180403
2016-05-10,0.0005623154298699529,0.0005623154298699529,0.0005623154298699529,0.0005623154298699529
2016-05-11,0.0023267633762646955,0.0023267633762646955,0.0023267633762646955,0.0023267633762646955
2016-05-12,-0.0029783549284182476,-0.0029783549284182476,-0.0029783549284182476,-0.0029783549284182476
2016-05-13,0.002923772798448576,0.002913206473099672,0.002892073822401864,0.0028709411717038336
2016-05-16,-0.0004965182701965887,-0.0004965182701965887,-0.0004965182701965887,-0.0004965182701965887
2016-05-17,-0.0006041217215416728,-0.0006041217215416728,-0.0006041217215416728,-0.0006041217215416728
2016-05-18,-0.006410375801329415,-0.006410375801329415,-0.006410375801329415,-0.006410375801329415
2016-05-19,-0.003214009526055106,-0.003214009526055106,-0.003214009526055106,-0.003214009526055106
2016-05-20,0.0022007760046636182,0.0021927945159927464,0.002176831538651447,0.0021608685613101475
2016-05-23,0.0001192833509915392,0.0001192833509915392,0.0001192833509915392,0.0001192833509915392
2016-05-24,-0.002209884825484454,-0.002209884825484454,-0.002209884825484454,-0.002209884825484454
2016-05-25,0.00025169456882823127,0.00025169456882823127,0.00025169456882823127,0.00025169456882823127
2016-05-26,0.0015688283290651306,0.0015688283290651306,0.0015688283290651306,0.0015688283290651306
2016-05-27,0.0039646476085277715,0.0038530878856908313,0.0036299684400171728,0.0034068489943432922
2016-05-31,0.014677952422726515,0.014677952422726515,0.014677952422726515,0.014677952422726515
2016-06-01,0.0019538405569519135,0.0019538405569519135,0.0019538405569519135,0.0019538405569519135
2016-06-02,0.0016870602051379802,0.0016870602051379802,0.0016870602051379802,0.0016870602051379802
2016-06-03,0.008826377300624744,0.008758502759901088,0.008622753678453998,0.008487004597006909
2016-06-06,0.00011647850619334044,0.00011647850619334044,0.00011647850619334044,0.00011647850619334044
2016-06-07,-0.000565536817658252,-0.000565536817658252,-0.000565536817658252,-0.000565536817658252
2016-06-08,0.0039508956248455185,0.0039508956248455185,0.0039508956248455185,0.0039508956248455185
2016-06-09,0.0013474282433900697,0.0013474282433900697,0.0013474282433900697,0.0013474282433900697
2016-06-10,0.0006419185280281958,0.0005431287624899639,0.0003427514974831958,0.00013892476567711753
2016-06-13,0.013269570333989122,0.013271019250468141,0.013273798624150013,0.013276413443151114
2016-06-14,-0.0013444826865728343,-0.0013438327655610482,-0.0013425860592246597,-0.0013414131649720495
2016-06-15,0.0030049183008598046,0.0030084037034254774,0.0030150895519898135,0.0030213795604114857
2016-06-16,0.004729889620096683,0.004724541651377923,0.00471428294859999,0.004704631619192323
2016-06-17,-0.001804241844869714,-0.0022443678791191912,-0.0031258552964682496,-0.004008892324585456
2016-06-20,-0.009087843542039065,-0.009090652226374507,-0.009095933229164799,-0.009100753060656497
2016-06-21,-0.013049027204176555,-0.01305807664785652,-0.013075091780785031,-0.013090621042325612
2016-06-22,-0.004090373084557064,-0.004090139471515486,-0.004089700222751014,-0.00408929933202784
2016-06-23,-0.006650587025243571,-0.006653661141409639,-0.0066594412199486586,-0.006664716544668936
2016-06-24,0.045332472773717214,0.04481804942976653,0.04378571771987105,0.04274879332481252
2016-06-27,-0.00019976694070455991,-0.00020291649413728408,-0.00020894863119691465,-0.0002146103416099665
2016-06-28,-0.00033445482381255776,-0.0003333717502613798,-0.00033129740916948425,-0.00032935045099458105
2016-06-29,0.0010591787148359622,0.0010664815361136615,0.0010804681598721722,0.0010935958810416313
2016-06-30,0.013045891629587025,0.013051812969837373,0.013063153731863286,0.013073798070647236
2016-07-01,0.007264782329395647,0.006553517713967949,0.005128186274649282,0.0036990032471659884
2016-07-05,0.011343261615831546,0.011351427969848782,0.011367831991081712,0.011384316441028997
2016-07-06,0.005390841683242442,0.005396648839304907,0.005408313862784508,0.005420036079730517
2016-07-07,-0.006741449165756808,-0.0067451713562413085,-0.006752648241472037,-0.006760161785779095
2016-07-08,0.010978101979814081,0.010963514428182108,0.010934216938202512,0.01090476033266663
2016-07-11,-0.013042340666989505,-0.013052154517307568,-0.013071816548430149,-0.013091498500001464
2016-07-12,-0.017632103525199394,-0.017649340248375056,-0.017683873991660937,-0.017718442722566397
2016-07-13,0.011151752365895273,0.01116133487328641,0.011180533409278937,0.011199751396133273
2016-07-14,-0.012371505972604946,-0.012379540322609461,-0.012395637128115755,-0.012411750241987485
2016-07-15,-0.005841624262025391,-0.005966790314151593,-0.006216801010950568,-0.006466355331949614
2016-07-18,0.0030315846166468763,0.0030330464769390275,0.0030359678416249647,0.003038882282959232
2016-07-19,0.0025122689487326877,0.0025135095319739342,0.002515988699163252,0.00251846199096617
2016-07-20,-0.012819142202248113,-0.01283240613222214,-0.012858912616348306,-0.012885356282670513
2016-07-21,0.0107494825965877,0.010763604507075808,0.010791825569529623,0.01081997975079485
2016-07-22,-0.008210792569271375,-0.008293982770587904,-0.008460871285620897,-0.008628446160726777
2016-07-25,-0.0041604916149886595,-0.004165751714466759,-0.004176204519503068,-0.004186551675644301
2016-07-26,0.0029887814801747847,0.002991971716450159,0.002998311314768687,0.003004586837314749
2016-07-27,0.015637137610703178,0.015649305440144978,0.015673485201269433,0.015697420572008847
2016-07-28,-0.002283663207908182,-0.002285845797768471,-0.0022901830135149126,-0.0022944763920281774
2016-07-29,0.009836278646008001,0.009726037078997773,0.009503764884408072,0.009279115207512678
2016-08-01,-0.014605095080038488,-0.014602218802280187,-0.014596505003702465,-0.014590852017809297
2016-08-02,-0.015840126068312643,-0.015838386895650536,-0.01583493198513153,-0.01583151384566428
2016-08-03,0.0036003717693913195,0.003598949953197206,0.0035961254793355213,0.0035933310667082274
2016-08-04,0.007692553422433246,0.007694483632481042,0.00769831804360277,0.007702111644599441
2016-08-05,-0.011592990876532094,-0.011718883599007635,-0.011970610006062143,-0.012222237107089584
2016-08-08,0.0020630146941145178,0.0020621588288423087,0.0020604589594424016,0.0020587778125444878
2016-08-09,0.0055658418033281976,0.005568844891533864,0.0055748094491732125,0.005580708312681315
2016-08-10,0.0036478064290890178,0.0036494053457438724,0.003652581020214596,0.003655721717544136
2016-08-11,-0.004967887644367508,-0.004970071554954325,-0.004974409110057865,-0.004978698890970801
2016-08-12,0.002881530389545528,0.0023117605915474737,0.0011700879112572782,2.5595863460292634e-05
2016-08-15,0.0011163425777986902,0.0011209464258952195,0.0011301236651184432,0.0011392463583883572
2016-08-16,-0.00413092595879061,-0.004134038381085725,-0.004140242635302438,-0.004146410013836643
2016-08-17,0.001229994897149922,0.001231561943823456,0.001234685670300495,0.0012377908305580831
2016-08-18,0.003099511354774709,0.0031011629302080124,0.003104455155000796,0.003107727812085237
2016-08-19,-0.004126696034297717,-0.0044074963791702615,-0.0049702252468945,-0.005534435156443918
2016-08-22,-0.0016103069946437065,-0.0016104895459028157,-0.0016108538782131365,-0.0016112165652774069
2016-08-23,0.00022270386709033474,0.0002236207317993788,0.0002254505928438455,0.00022727219063090054
2016-08-24,-0.00859475513321406,-0.008602812396672155,-0.008618892928927702,-0.008634900844970428
2016-08-25,-0.0015730477252354769,-0.0015742926322498407,-0.0015767771938511865,-0.0015792505357087316
2016-08-26,-0.002140023722056239,-0.0027698295263807182,-0.004032309383095289,-0.005298598153991363
2016-08-29,0.002345327597403024,0.002345327597403024,0.002345327597403024,0.002345327597403024
2016-08-30,-0.0032231007534512246,-0.0032231007534512246,-0.0032231007534512246,-0.0032231007534512246
2016-08-31,-0.00263218647365393,-0.00263218647365393,-0.00263218647365393,-0.00263218647365393
2016-09-01,0.0009668080105613708,0.0009668080105613708,0.0009668080105613708,0.0009668080105613708
2016-09-02,0.002085268457523437,0.0016452060562053283,0.0007650812535686669,-0.00011504354906799463
2016-09-06,0.011785259157333527,0.011785259157333527,0.011785259157333527,0.011785259157333527
2016-09-07,0.0003737730564521424,0.0003737730564521424,0.0003737730564521424,0.0003737730564521424
2016-09-08,-0.004750268420548154,-0.004750268420548154,-0.004750268420548154,-0.004750268420548154
2016-09-09,-0.01422874837877064,-0.014960598510264878,-0.016424298773253132,-0.017887999036241498
2016-09-12,-0.0031840168628592957,-0.0031840168628592957,-0.0031840168628592957,-0.0031840168628592957
2016-09-13,-0.011119167687486109,-0.011119167687486109,-0.011119167687486109,-0.011119167687486109
2016-09-14,0.0020684661412850858,0.0020684661412850858,0.0020684661412850858,0.0020684661412850858
2016-09-15,0.0016419499648725466,0.0016419499648725466,0.0016419499648725466,0.0016419499648725466
2016-09-16,-0.00277871117637718,-0.0034399755865404114,-0.004757140158242579,-0.006066204394356678
2016-09-19,-0.0008479957495484136,-0.0008375686101765867,-0.0008149987809880077,-0.0007904661412767577
2016-09-20,0.001009162742732883,0.0010025443386267874,0.0009882186213947541,0.0009726470520878827
2016-09-21,0.006104988423027313,0.006059617677824258,0.0059614114553050435,0.005854664618440308
2016-09-22,0.004363520702467039,0.00433747749296165,0.004281106251617706,0.004219832622011976
2016-09-23,-0.0033253875586196635,-0.0038346571520182504,-0.0048451466718727465,-0.00585517684704151
2016-09-26,-0.006802941663368145,-0.006797150502303562,-0.0067710210048379516,-0.006742078609925706
2016-09-27,0.006500631149551683,0.006503674998030062,0.0065174087260710944,0.006532620919918353
2016-09-28,0.0015087758841132448,0.001511598779530221,0.0015243355757992294,0.001538443515993082
2016-09-29,-0.007915105097074049,-0.007909476361882217,-0.007884079723748494,-0.007855949082075098
2016-09-30,0.0005867239922217049,-0.0001244384875307425,-0.0015469269767892646,-0.0029534363487190296
2016-10-03,0.00010008331661115477,0.00010008331661115477,0.00010008331661115477,0.00010008331661115477
2016-10-04,-0.012392095098966438,-0.012392095098966438,-0.012392095098966438,-0.012392095098966438
2016-10-05,0.00046148665323286764,0.00046148665323286764,0.00046148665323286764,0.00046148665323286764
2016-10-06,-0.0031125927581149293,-0.0031125927581149293,-0.0031125927581149293,-0.0031125927581149293
2016-10-07,0.00031191695792753826,-0.000554448112853323,-0.0022871782544148234,-0.004016436688911051
2016-10-10,0.007033639628479582,0.007033639628479582,0.007033639628479582,0.007030044322522633
2016-10-11,-0.0070352531293284,-0.0070352531293284,-0.0070352531293284,-0.00702715501984752
2016-10-12,-0.002776756791407098,-0.002776756791407098,-0.002776756791407098,-0.0027762735736703847
2016-10-13,-0.003204851948850229,-0.003204851948850229,-0.003204851948850229,-0.003202820540571971
2016-10-14,0.0027478415094650543,0.002286559511095909,0.0013656749887267505,0.0004447152700903789
2016-10-17,-0.0009105648374423403,-0.0009105648374423403,-0.0009079187382075027,-0.0008941140172686879
2016-10-18,0.003688269653998155,0.003688269653998155,0.003679646341769427,0.0036346584526838477
2016-10-19,-0.0025674982982041294,-0.0025674982982041294,-0.0025674159453686896,-0.0025669863099655466
2016-10-20,-0.0010225754160031464,-0.0010225754160031464,-0.0010214248557672834,-0.0010154223737853796
2016-10-21,0.002064795936997932,0.0019965667019576916,0.0018448030339175414,0.0016918012549833605
2016-10-24,0.012714119320555106,0.012714119320555106,0.012674257432230274,0.01262296373585281
2016-10-25,0.0010685599575150917,0.0010685599575150917,0.0010791011373005865,0.001092665373670032
2016-10-26,0.006123338996575578,0.006123338996575578,0.006145878177099995,0.006174881265789134
2016-10-27,0.0018330017784162767,0.0018330017784162767,0.0018481306381381568,0.0018675982341231911
2016-10-28,-0.0018768018913415396,-0.00199333415887315,-0.0022135979076126633,-0.0024252299404750044
2016-10-31,0.004157568393920785,0.004157337026752028,0.004156817782866806,0.004156220340048922
2016-11-01,0.0095167403284655,0.009526441055866197,0.009548211834389697,0.00957326132583658
2016-11-02,0.0013670429494492264,0.001377026762238831,0.001399432852842608,0.001425213335351616
2016-11-03,-0.022210264655158185,-0.02219552574180428,-0.02216244805545653,-0.02212438881837675
2016-11-04,0.00301843321846218,0.0028206851607410766,0.0024172919942599957,0.0020012508209423796
2016-11-07,0.0020456321694193313,0.0020456321694193313,0.0020456321694193313,0.0020456321694193313
2016-11-08,0.0027319753644921008,0.0027319753644921008,0.0027319753644921008,0.0027319753644921008
2016-11-09,0.0004199134503892754,0.0004199134503892754,0.0004199134503892754,0.0004199134503892754
2016-11-10,-0.014924028082146767,-0.014924028082146767,-0.014924028082146767,-0.014924028082146767
2016-11-11,-0.004602203387125692,-0.004766096840687184,-0.005093883747810279,-0.005421670654933264
2016-11-14,-0.009041196530813478,-0.009041196530813478,-0.009041196530813478,-0.009041196530813478
2016-11-15,0.009513329144919203,0.009513329144919203,0.009513329144919203,0.009513329144919203
2016-11-16,0.012741534816065103,0.012741534816065103,0.012741534816065103,0.012741534816065103
2016-11-17,0.000548223438069817,0.000548223438069817,0.000548223438069817,0.000548223438069817
2016-11-18,0.0004838106809887943,0.00042030081637922656,0.0002942593849191155,0.00016913709529364773
2016-11-21,-6.628766307370526e-05,-6.476125603727123e-05,-6.317823410673107e-05,-6.484886552882152e-05
2016-11-22,0.005834025482726712,0.005834383613273708,0.005834755026990157,0.005834363058051961
2016-11-23,-0.007125856118996632,-0.007127569395646516,-0.007129346218240462,-0.00712747106060696
2016-11-25,1.2715858010992065e-05,-0.00011772834098611185,-0.00037866207631354065,-0.0006396793030687409
2016-11-28,-0.0015598883220976356,-0.0015598317636551506,-0.001559874232112013,-0.0015603051229380327
2016-11-29,0.0004321425262705514,0.0004322155650160475,0.0004321607218717993,0.00043160427575950067
2016-11-30,-0.0020857898624030424,-0.002086459434396115,-0.002085956667911004,-0.0020808555297523457
2016-12-01,-0.003816626787530364,-0.003817341748151959,-0.0038168049003709514,-0.0038113579686803734
2016-12-02,0.008338287277030787,0.008227248009638588,0.00800481426899391,0.00778177139506897
2016-12-05,-0.005273281042564304,-0.005273212523132176,-0.005273374543056097,-0.005274293689809917
2016-12-06,0.0027878665444507345,0.0027878947521631225,0.0027878280526694166,0.0027874496632616097
2016-12-07,0.005040826611867111,0.005041068669733528,0.005040496303677866,0.005037249243751818
2016-12-08,0.002195043800022445,0.002195047710114695,0.0021950384643747434,0.0021949860128507304
2016-12-09,0.0015074260777165893,0.001359973232128775,0.0010650634806332882,0.0007698551982100454
2016-12-12,0.0011882760236439083,0.0011885345299067485,0.0011889244872440585,0.0011893476512874201
2016-12-13,0.004423255741226262,0.004422164555269559,0.004420518498552406,0.004418732272344128
2016-12-14,-0.005466102064398792,-0.0054651490642791956,-0.005463711461239362,-0.0054621514395218895
2016-12-15,-0.002519924137420859,-0.002519386350092523,-0.00251857509657627,-0.002517694760997613
2016-12-16,0.0015791512332552493,0.0013430058926235944,0.0008711784996138228,0.00039996022596699987
2016-12-19,0.003501589940605454,0.0035015119464543165,0.0035014022888657514,0.0035010108622299807
2016-12-20,0.004399353629808589,0.004399280706588682,0.004399178178587038,0.004398812201263924
2016-12-21,0.010892604663404803,0.010892618878638682,0.010892638864858473,0.010892710206376055
2016-12-22,0.009178160099678978,0.009178213829821535,0.009178289372894666,0.009178559026562727
2016-12-23,0.018119945815816996,0.01809212526044357,0.01803646516552715,0.01798113241441901
2016-12-27,0.005567209602575618,0.005567084653826271,0.005566164862917944,0.005564437788397436
2016-12-28,0.011386285560054388,0.011386474030253613,0.011387861424498213,0.011390466509228148
2016-12-29,-0.0006739578928762757,-0.0006739235477116745,-0.0006736707210903692,-0.0006731959931799425
2016-12-30,-0.00695137349962216,-0.007055265823779022,-0.007261656090765567,-0.007466302224117483
2017-01-03,0.024512009472118734,0.024511645282642824,0.024509745467367727,0.02450640140285154
2017-01-04,0.02820913700373806,0.02820891566916295,0.028207761064666048,0.028205728723954104
2017-01-05,-0.027773212498435118,-0.02777344280372751,-0.02777464420448561,-0.02777675891621456
2017-01-06,-0.019698389462704302,-0.019792370227049716,-0.01998062277899182,-0.020171839777386347
2017-01-09,-0.0008375600438114139,-0.0008387652366109721,-0.0008414619942863633,-0.000844484692203662
2017-01-10,0.0015285385354866232,0.0015277277648388932,0.0015259135721485961,0.0015238801093286902
2017-01-11,-0.02617196972989011,-0.026172958557218018,-0.02617517117223478,-0.02617765121219684
2017-01-12,0.0080963268730041,0.00809689466214869,0.008098165155744352,0.00809958920595899
2017-01-13,0.0029020053648147748,0.002268667561877269,0.0010007279785733125,-0.0002676443070198653
2017-01-17,0.002744190730762819,0.0027446526469678822,0.002746906890056966,0.0027508697602065535
2017-01-18,-0.0016464212885295426,-0.0016467343815491642,-0.0016482623378494266,-0.001650948424563592
2017-01-19,-0.0008913132979128102,-0.0008912382871785196,-0.0008908722198540664,-0.0008902286879829413
2017-01-20,0.0024687360229684874,0.0023534170249897013,0.002122077308203796,0.001890167376756846
2017-01-23,0.003484678603807634,0.0034846014691400917,0.0034840026881635122,0.0034828340295740556
2017-01-24,0.005011884652732501,0.005011245047356727,0.005006279918920331,0.0049965893305050635
2017-01-25,0.008881712915893347,0.008880756099654441,0.008873328526817437,0.008858831912639253
2017-01-26,0.0024437925270246463,0.002443694024922838,0.0024429293728347456,0.0024414369786780465
2017-01-27,0.0007165173365875077,0.0006267610555465986,0.00044499784258134056,0.0002597783618489835
2017-01-30,-0.008678609495290424,-0.008679951776725425,-0.008679768369613483,-0.0086757643739791
2017-01-31,0.002146673894415807,0.002146328844135681,0.0021463759912343505,0.0021474052685372946
2017-02-01,0.0085502698705473,0.00855145939880364,0.008551296863632984,0.008547748527329535
2017-02-02,0.0006070359583634222,0.0006068848474212185,0.0006069054949700003,0.0006073562555459766
2017-02-03,0.0044142975708931775,0.004293653030570388,0.004051321118392348,0.003807593709090895
2017-02-06,0.002086856473654475,0.002087055738502208,0.0020870174639577854,0.0020863973447819983
2017-02-07,0.003347603496576257,0.003348213933286326,0.003348096681361712,0.0033461969809687186
2017-02-08,0.0034268190519644026,0.003427096718227496,0.0034270433844367787,0.00342617927731359
2017-02-09,0.0007070734605330031,0.0007076806425083682,0.0007075640157492291,0.0007056744442037743
2017-02-10,0.00511518121226584,0.005082463431290263,0.005015797746481532,0.004947534531358766
2017-02-13,0.003602675110743636,0.0036035144105937,0.0036031916280858667,0.003600204124349249
2017-02-14,0.004549669957304436,0.004550168368031349,0.0045499766865193525,0.004548202584083283
2017-02-15,0.007108173989789801,0.0071090520061276585,0.007108714333822208,0.007105589018012948
2017-02-16,0.0006190942832395852,0.0006190483665715618,0.0006190660254539182,0.0006192294667042297
2017-02-17,0.004950441139635942,0.004762545145718944,0.0043854567753491835,0.004006531217588094
2017-02-21,0.013775816412122444,0.0137763786343168,0.013775925038833403,0.013773372050073451
2017-02-22,0.0012134291091969729,0.0012134727833581493,0.0012134375474630588,0.0012132392279304849
2017-02-23,0.0010880826435257784,0.0010876544939930621,0.0010879999209365554,0.0010899441005782773
2017-02-24,0.0001923312305687208,9.643663382563616e-05,-9.586626734925385e-05,-0.00028884313617483226
2017-02-27,0.00031001755144144383,0.0003101789380044462,0.0003101131865688167,0.00030953007268386123
2017-02-28,-0.0056244678690248184,-0.005624870791313463,-0.005624706634407062,-0.005623250815678382
2017-03-01,0.01828832289955451,0.018289757656016148,0.018289173113565038,0.018283989123036637
2017-03-02,-0.009121237760666534,-0.009121897386134115,-0.009121628644296775,-0.009119245318437885
2017-03-03,0.004179982760272871,0.003999385681539902,0.003637632322249118,0.0032751632844130185
2017-03-06,-0.002231413029872953,-0.0022316841285339173,-0.002231507563313695,-0.002230374180897443
2017-03-07,-0.00490885067621305,-0.004909056787469779,-0.004908922548225281,-0.0049080608587082075
2017-03-08,-0.0037251322222732197,-0.0037249163572570243,-0.003725056949076877,-0.0037259594161445087
2017-03-09,0.0027468877493652677,0.002746981388304537,0.0027469204017254167,0.0027465289253278957
2017-03-10,0.0007958817567645937,0.0007668002281975284,0.0007070567879357004,0.0006452418974898233
2017-03-13,0.010634966368483711,0.010635307172280895,0.010635430450068872,0.010634808700568099
2017-03-14,-0.0025756676588472027,-0.0025761625664474375,-0.0025763415876752793,-0.0025754386970505694
2017-03-15,0.00912931948086193,0.009130575209272962,0.009131029439601868,0.009128738536392955
2017-03-16,-0.0039476769123855115,-0.003947815669764543,-0.003947865861995137,-0.003947612718304128
2017-03-17,-0.00562468618280465,-0.005762848300316925,-0.006038891164441229,-0.006314389957785438
2017-03-20,0.0009354617617425287,0.0009356536287330464,0.0009356869271881507,0.0009352529192687697
2017-03-21,-0.018245485819621043,-0.018248682442160047,-0.018249237214983394,-0.018242006375050357
2017-03-22,0.005647856149276986,0.005649284341290528,0.00564953220355946,0.00564630159759405
2017-03-23,-0.003752943522786767,-0.0037534754427929196,-0.0037535677573404813,-0.00375236454101624
2017-03-24,-0.003909249564548967,-0.004028749162672152,-0.00426867592679625,-0.0045096606373651316
2017-03-27,0.009426413459020955,0.009426651745568115,0.009426595709823182,0.009425830140362912
2017-03-28,0.00837401531906301,0.0083749217408291,0.008374708585619395,0.008371796424481825
2017-03-29,0.005680072661742308,0.00568075955390257,0.00568059802353349,0.005678391169362307
2017-03-30,-0.00047363280288814646,-0.00047338612284919535,-0.00047344413241756644,-0.00047423666857426827
2017-03-31,-0.0006922765275361176,-0.0007250889094548851,-0.0007905778473447089,-0.0008558519120027697
2017-04-03,0.004581621347808484,0.004581555530230208,0.0045816183377693775,0.00458193989304978
2017-04-04,0.0015974864802110744,0.0015976592649789012,0.0015974943821868148,0.0015966502330113652
2017-04-05,-0.006283626119091945,-0.006284069767294342,-0.006283646408480559,-0.006281478941585372
2017-04-06,0.0027240183003522933,0.0027240760504416706,0.0027240209414403083,0.0027237388003060747
2017-04-07,-0.0014807437211258323,-0.0014957115363429807,-0.001525463298624019,-0.00155495686184981
2017-04-10,-0.0004994108583971091,-0.0004993687855561202,-0.0004994050690154683,-0.0004996016325017338
2017-04-11,-0.005163511682688471,-0.00516399068171669,-0.005163577594762714,-0.005161339720717195
2017-04-12,-0.003330543943341757,-0.003330991166707764,-0.0033306054829649323,-0.0033285160641887135
2017-04-13,-0.007485546900675377,-0.007485987521007043,-0.007485607531696137,-0.007483548962167075
2017-04-17,0.012978043650332838,0.012670177640027314,0.012051830426244914,0.011430000671521556
2017-04-18,-0.0025716425926677333,-0.002571831358524568,-0.002571723298849471,-0.002570968648831995
2017-04-19,-0.0007742565572065319,-0.000774058079815676,-0.0007741716988924896,-0.0007749651737770646
2017-04-20,0.010726564375984848,0.010727602452104135,0.01072700820179806,0.010722858170776117
2017-04-21,-0.0006223690968112372,-0.0007527458657600183,-0.0010137695724160567,-0.001275170796020797
2017-04-24,0.018640950669230216,0.018643740952041687,0.01864555298869508,0.01864232912075736
2017-04-25,0.010479383812987297,0.010481055265976424,0.01048214072371878,0.010480209541804397
2017-04-26,-0.0016184747510360475,-0.0016187998914958257,-0.0016190110408561553,-0.0016186353764613415
2017-04-27,0.008235091759936308,0.008236479472644609,0.00823738066670332,0.008235777315785286
2017-04-28,0.002039985745604378,0.0018741125752586019,0.00154157289933754,0.001208161481154324
2017-05-01,0.019966016896519667,0.019967384033279245,0.019967836525373928,0.019965244643782576
2017-05-02,0.006592380468660952,0.006592637993714234,0.006592723228823427,0.006592235000823843
2017-05-03,-0.002652043218545286,-0.002652535113847332,-0.002652697920336178,-0.0026517653622951665
2017-05-04,0.0011145888681693972,0.0011146449614225507,0.0011146635270513627,0.0011145571828476974
2017-05-05,0.008269255573374323,0.00825990073253613,0.008240179285950111,0.00821913420849496
2017-05-08,0.014228619492070438,0.014228884650064,0.014228871891970307,0.01422813512917176
2017-05-09,0.009308268534426567,0.009308691906763089,0.009308671536175872,0.00930749516210927
2017-05-10,0.004712760589291376,0.0047128308470929525,0.004712827466634373,0.0047126322496851
2017-05-11,0.0036343414576218702,0.003634244825283295,0.0036342494747543252,0.0036345179754744272
2017-05-12,-0.0021603041795255074,-0.002234185996581206,-0.0023832563211882984,-0.002533345867530512
2017-05-15,0.007392791903885865,0.007394013910562824,0.007394979169535798,0.007393970231614366
2017-05-16,0.005167342954018217,0.00516894902086773,0.005170217647682218,0.00516889161421652
2017-05-17,-0.02879227876780599,-0.028802067622595517,-0.0288097998061424,-0.02880171773344109
2017-05-18,0.008016920227098545,0.00802028700697921,0.008022946415108034,0.008020166666061757
2017-05-19,0.01635944658052546,0.016180589362572162,0.01582099112265123,0.015459578140461394
2017-05-22,0.017556022787904357,0.017558011990684186,0.01755978942468639,0.017558638690651218
2017-05-23,0.008227138090222352,0.008227376253709062,0.008227589062520746,0.00822745128731106
2017-05-24,0.01094591708511694,0.01094700425267181,0.01094797568132555,0.010947346765701527
2017-05-25,0.0033591185329848727,0.0033611309543872814,0.0033629291351782165,0.00336176496940066
2017-05-26,-0.0012904532209756514,-0.001381477559924682,-0.001565037822458204,-0.001750662481791898
2017-05-30,-0.0023697372891825497,-0.002369241504146302,-0.0023684582695013834,-0.0023679545305491656
2017-05-31,0.0009359775120971747,0.0009357710825266263,0.0009354449678204979,0.0009352352264850872
2017-06-01,0.011518431710137111,0.011520702837562569,0.011524290734640008,0.011526598297930235
2017-06-02,0.015472808390715853,0.015456140949055897,0.015420056953171724,0.015380344338011831
2017-06-05,0.005721069725113326,0.005720959352985888,0.005720793669155011,0.0057207018918525865
2017-06-06,0.0016684851563049108,0.0016663881242722223,0.001663240189111015,0.0016614964522871922
2017-06-07,-0.0004062613474052901,-0.00040419295324845006,-0.00040108800750027207,-0.00039936808381701994
2017-06-08,0.0054906711667890296,0.00549122324108775,0.005492051980977797,0.005492511045154691
2017-06-09,-0.024511040784515492,-0.024572272649109772,-0.024689315432489534,-0.024799016446970246
2017-06-12,-0.01150187162053462,-0.011503691069199129,-0.011506052473662876,-0.011506703348059255
2017-06-13,0.010922739637495349,0.010925495887922132,0.010929073137551981,0.010930059135600745
2017-06-14,-0.00994072993089734,-0.009942205843044172,-0.009944121382404969,-0.009944649362911728
2017-06-15,-0.009648688980696374,-0.009650195444484866,-0.009652150635848122,-0.009652689545644244
2017-06-16,-0.0012139925658916084,-0.0012824259438855012,-0.0014200639477067734,-0.001558341578376421
2017-06-19,0.019702385860942417,0.0196991612785804,0.019690654012264774,0.01967939866467372
2017-06-20,-0.007549184401467568,-0.007547674097757251,-0.007543689533420217,-0.007538417845083689
2017-06-21,0.007909025283086457,0.00790711553809631,0.007902077146329178,0.007895411215284032
2017-06-22,0.0025611746857439055,0.002561229537685783,0.0025613742510235404,0.0025615657107540546
2017-06-23,0.005698817496398778,0.005581543343437634,0.00534721964908158,0.005113334968301242
2017-06-26,-0.004968626815163191,-0.004968354976295997,-0.004967430710574372,-0.004965998263252724
2017-06-27,-0.01566364389156849,-0.015662588624111184,-0.01565900066206627,-0.015653439959660398
2017-06-28,0.014016437969088802,0.014015599241725019,0.014012747526809255,0.014008327876380067
2017-06-29,-0.018956739460346927,-0.01895572984153704,-0.018952297087172276,-0.018946976929038906
2017-06-30,0.000762562256651611,0.0007393849769565808,0.0006932535307857535,0.0006474392702406906
2017-07-03,-0.00028730129945031546,-0.0002875806910660472,-0.00028734405667119045,-0.0002860437691218909
2017-07-05,0.00620198711968678,0.006202248060378723,0.0062020270532359145,0.006200812636217412
2017-07-06,-0.01178776499894263,-0.011788004116748074,-0.011787801592785363,-0.011786688739400919
2017-07-07,0.0038613541148726505,0.003838076089739184,0.0037905829260129753,0.003741828379373535
2017-07-10,0.002646447044456268,0.0026469141206955094,0.002647370801179605,0.002647187808072493
2017-07-11,0.004375879269934435,0.004376080364838275,0.004376276983955929,0.004376198198142722
2017-07-12,0.020030691094862663,0.02003153947103198,0.020032368964821634,0.020032036584413104
2017-07-13,0.002053709594114661,0.0020538671155079236,0.002054021130934336,0.0020539594165358555
2017-07-14,0.004943812440669992,0.0048863743615295,0.0047708654407170314,0.004654521102922526
2017-07-17,-0.002087389465054934,-0.002087345663994933,-0.002087295814433676,-0.0020872966395871773
2017-07-18,0.010699913842930675,0.010700507665360126,0.010701183488904586,0.010701172302082007
2017-07-19,0.005331212714959621,0.00533173432110301,0.0053323279559929215,0.005332318129628977
2017-07-20,0.02935860488461417,0.029358722144620986,0.029358855597096944,0.029358853388074646
2017-07-21,-0.0031999910764456407,-0.003298540307497322,-0.003495038553892549,-0.0036906414110221553
2017-07-24,0.007042230549746398,0.007041711420880725,0.00704019199586603,0.007038031804552425
2017-07-25,-0.0072802135409782975,-0.007279923848849679,-0.007279075956359127,-0.007277870493782701
2017-07-26,0.00538676756408174,0.005386398597534425,0.005385318678772899,0.005383783340664028
2017-07-27,-0.003954577680045368,-0.003953865644662269,-0.0039517816064901234,-0.003948818695445722
2017-07-28,0.011408699944783107,0.011384674293184682,0.011336674126004587,0.011288725647191411
2017-07-31,-0.001479636509598481,-0.0014791287878996862,-0.0014776898046036102,-0.0014756885427997801
2017-08-01,0.00013457962113005983,0.0001343037916246015,0.00013352203647798433,0.00013243481279778813
2017-08-02,0.005856143833453453,0.005855818571729232,0.005854896715938418,0.005853614647697736
2017-08-03,-0.0046045224935976625,-0.0046040566857609155,-0.004602736494605186,-0.004600900442622513
2017-08-04,0.016233932550110408,0.016133056346186336,0.015931083525024814,0.015728877188172286
2017-08-07,0.01243115279881657,0.012430595532993527,0.01242873716024584,0.012425890854183441
2017-08-08,-0.0010906666342471727,-0.0010905144485057194,-0.001090006938762933,-0.001089229630734101
2017-08-09,-0.006026209161416829,-0.006026093373129315,-0.006025707241790856,-0.006025115838386719
2017-08-10,-0.019059336920716485,-0.019057450880345828,-0.0190511613038441,-0.019041528112791584
2017-08-11,-0.0001245904364651773,-0.0002494682314267971,-0.0004991037707463564,-0.0007485328845348027
2017-08-14,0.014787543879550391,0.014790368839467716,0.01479469111803211,0.014797241814365591
2017-08-15,-0.0007350622513496718,-0.0007349097987453534,-0.0007346765414095735,-0.0007345388897931349
2017-08-16,0.005594029845834125,0.0055944106018428474,0.005594993170652041,0.005595336960646735
2017-08-17,-0.01599508676154504,-0.01599957191215029,-0.01600643433529514,-0.016010484041322437
2017-08-18,-0.012898143166735654,-0.013036698604548258,-0.013313907043201678,-0.01359114983468801
2017-08-21,-0.0023892818617111677,-0.002389474433409644,-0.0023897652557940408,-0.0023899301555373453
2017-08-22,0.009998558582444472,0.010000861740247169,0.010004339976402488,0.010006312177580412
2017-08-23,0.008920045008786737,0.008919506886476247,0.008918694212470601,0.008918233416665089
2017-08-24,0.0031645914512430373,0.0031641467148411095,0.0031634750725286764,0.003163094243366915
2017-08-25,0.0136103601388462,0.013502476772702998,0.013286290577757542,0.013069561152234677
2017-08-28,0.0017266185320912175,0.001726461663038359,0.0017259337324018187,0.001725120481049558
2017-08-29,0.003958724833701188,0.003958525802194357,0.003957855977087421,0.0039568241442362595
2017-08-30,0.00423893066133485,0.004238335939969806,0.004236334451319657,0.004233251255842063
2017-08-31,0.007691027226680136,0.007690484855516155,0.007688659547409271,0.007685847749450803
2017-09-01,0.005864283703336692,0.0058209107028457385,0.005734686219965868,0.0056491618133545085
2017-09-05,-0.010148280748200178,-0.010149032547320691,-0.010149929242071143,-0.010150015506622534
2017-09-06,0.0008177811694796144,0.0008180359386564806,0.000818339809966151,0.0008183690432390645
2017-09-07,0.0017664071459309039,0.0017666034493257765,0.001766837586635761,0.0017668601113018934
2017-09-08,-0.004113174876539616,-0.00412602073335766,-0.00415109835634464,-0.004175347606392932
2017-09-11,0.010220777628111577,0.010221765540421535,0.010222991681545501,0.010223216560821813
2017-09-12,0.0009492101532324604,0.0009494161204934848,0.0009496717554586809,0.0009497186399525237
2017-09-13,-0.007467989588297086,-0.00746787220838252,-0.00746772652304295,-0.0074676998037582765
2017-09-14,-0.011166723939682432,-0.011167228053143852,-0.011167853730382316,-0.011167968482136303
2017-09-15,0.025592479117340305,0.025520274368326934,0.02537544554044957,0.025230089768434105
2017-09-18,0.007022596711717899,0.007022418295499433,0.0070221593218580125,0.0070220311280064784
2017-09-19,-0.0004516675667075587,-0.00045143372766065504,-0.0004510943070072937,-0.0004509262912947287
2017-09-20,-0.0021107321550392077,-0.002111152388882598,-0.002111762364195191,-0.0021120643064481692
2017-09-21,-0.00712021999862078,-0.007121053683767697,-0.007122263789441252,-0.007122862800624019
2017-09-22,-0.0021970105879195456,-0.0022267532533074563,-0.00228689138785243,-0.0023479163516717527
2017-09-25,-0.009664151454150116,-0.009668039849949017,-0.009675083442157506,-0.009681141863514986
2017-09-26,-0.0022402144087794174,-0.002239257738600675,-0.0022375247888275496,-0.0022360342227065733
2017-09-27,0.002366582368390713,0.0023699088518995826,0.0023759345742120352,0.0023811174927670375
2017-09-28,4.1229306592116544e-05,4.1101413221555916e-05,4.086974216899186e-05,4.067047440736715e-05
2017-09-29,0.024917246451205077,0.02482626232070584,0.024643525075513928,0.02445979120118058
2017-10-02,0.0025955479787078684,0.002595938126645825,0.0025966473044130023,0.0025972608918591877
2017-10-03,0.003495728650087848,0.003496658391922036,0.003498348397619422,0.0034998106068537815
2017-10-04,0.002909800301670762,0.002910219353671417,0.002910981070787244,0.0029116401157849303
2017-10-05,0.007313493014343031,0.007317768851725859,0.007325541105563049,0.007332265734569354
2017-10-06,0.010269253054149274,0.010234511338391705,0.010164670408995047,0.010094345859394727
2017-10-09,0.0013225964041416738,0.0013220131586724193,0.0013209365098645343,0.0013199807756008042
2017-10-10,0.006545792314262444,0.00654617019213144,0.006546867740211404,0.006547486949182613
2017-10-11,0.0026572311404438054,0.0026587416365053684,0.0026615299544092696,0.0026640051263870923
2017-10-12,0.003315200268172225,0.0033142761197637594,0.0033125701771803406,0.003311055822855069
2017-10-13,0.02560837598821908,0.025534663840234728,0.025386543048379284,0.025237520884347386
2017-10-16,0.0036072053820457306,0.003609430810668668,0.00361358310911708,0.0036173332400870617
2017-10-17,-0.0029898211895522664,-0.0029889949062517074,-0.0029874531920707215,-0.002986060799358814
2017-10-18,-0.0007700977265499009,-0.0007708797261195555,-0.000772338813850415,-0.0007736565828295738
2017-10-19,-0.004582531466280959,-0.004584922953840387,-0.004589385092045983,-0.004593415053496308
2017-10-20,0.020720268643193984,0.020615863309573657,0.020404904455666673,0.02019102015823182
2017-10-23,-0.006866924669540864,-0.006875141526231698,-0.006891121057527316,-0.006906487059216704
2017-10-24,-0.0024725704279680016,-0.002470438937146935,-0.002466293772449113,-0.00246230776018308
2017-10-25,-0.0013190762053461036,-0.0013238428114327183,-0.0013331125521619525,-0.001342026383805095
2017-10-26,-0.004273520239602924,-0.00427753607771264,-0.0042853457807614515,-0.004292855632460069
2017-10-27,0.028592593663184118,0.02861951191367229,0.028670970656257344,0.028719278157930628
2017-10-30,0.006639199102423721,0.006641647106887083,0.006646414097787101,0.006651008118629509
2017-10-31,0.009184544834744957,0.009188639992073755,0.009196614478236498,0.009204299610516165
2017-11-01,0.005045064123666787,0.005044706058737303,0.005044008800098254,0.005043336841458412
2017-11-02,0.0010329293093593872,0.0010308529816640544,0.0010268097556909161,0.0010229132379964145
2017-11-03,-0.0069512608440390755,-0.007136642512825975,-0.007509418581452043,-0.007884829428287055
2017-11-06,0.006517839954738758,0.006519734614460537,0.006523383462712529,0.006526843394449644
2017-11-07,-0.003983096759729521,-0.003982769855290336,-0.0039821402833003505,-0.0039815433069509965
2017-11-08,0.008428552473395134,0.008430802871600918,0.008435136822160016,0.00843924638552096
2017-11-09,-0.010004319052800414,-0.010007247146229581,-0.01001288624251051,-0.01001823337860519
2017-11-10,0.00024963986639980895,0.00010352322676743242,-0.0001883467356605939,-0.0004796808262679253
2017-11-13,-0.00028941010560235014,-0.00028887601780436256,-0.0002878780379069745,-0.0002869747303404502
2017-11-14,-0.008645219405998494,-0.008646791832954026,-0.008649730021202284,-0.008652389481261458
2017-11-15,0.006500054736451988,0.006498025659967599,0.0064942341905709355,0.006490802394996775
2017-11-16,0.015565675894975817,0.015571197303492212,0.01558151443622724,0.015590852844836522
2017-11-17,0.002401655429412841,0.0023355833506648604,0.0022041943496131644,0.0020738820389702983
2017-11-20,0.012087388020148415,0.0120871548552548,0.01208674796802911,0.01208642115638825
2017-11-21,0.011290727950314494,0.01129397551114586,0.011299642706563473,0.011304194595434636
2017-11-22,0.004894716090194873,0.004895081593276229,0.004895719418861688,0.004896231720091793
2017-11-24,0.004563665202285572,0.004461920376693351,0.004257834822553042,0.004053018147301524
2017-11-27,0.01184200851477768,0.011841831111552237,0.011841519406591727,0.011841265757246422
2017-11-28,0.007238065017917572,0.007239079853703867,0.007240862963045824,0.0072423139650321655
2017-11-29,-0.02003998729799772,-0.0200468963825563,-0.020059035935956704,-0.020068914475474098
2017-11-30,0.007903152293458504,0.007906474975165168,0.007912313067269583,0.007917063804109503
2017-12-01,0.010181050696573601,0.010117657747864106,0.00999266046150038,0.009870075784724541
2017-12-04,-0.008306842518586599,-0.008306028020981682,-0.008303207071354568,-0.008298795488331123
2017-12-05,0.001994153034995616,0.0019941067494608777,0.0019939464430818177,0.0019936957456236915
2017-12-06,0.011559111808859157,0.011558792604357437,0.011557687064187583,0.011555958149145118
2017-12-07,0.018543152487878967,0.01854291300910771,0.018542083592855807,0.01854078649821056
2017-12-08,0.030347134946122623,0.030151571126346033,0.029760354929911692,0.02936906620290758
2017-12-11,0.007481835042300045,0.0074821338283521666,0.00748203171762829,0.007480994753348069
2017-12-12,-0.0014552351177833378,-0.0014552869999725493,-0.0014552692691318647,-0.0014550892072561217
2017-12-13,0.001060316259954286,0.0010603904744856951,0.001060365111522854,0.0010601075432139506
2017-12-14,-0.0001687686072288086,-0.00016879576224582138,-0.0001687864819650553,-0.00016869223799864663
2017-12-15,-0.003429733109876598,-0.0035199069634326285,-0.0037011786835297045,-0.0038836044063578212
2017-12-18,0.016173698170639517,0.01617333937137677,0.01617167624095983,0.0161687584870851
2017-12-19,-0.00984389934515284,-0.009843645775250986,-0.009842470411028592,-0.009840408381809995
2017-12-20,-0.003212909458847224,-0.0032128633258640127,-0.0032126494871653755,-0.0032122743339690896
2017-12-21,0.00022459305043986966,0.00022458762308996683,0.0002245624658732126,0.00022451833068970473
2017-12-22,-0.00242681563649616,-0.0024952599473330173,-0.0026309874099600394,-0.0027651420910040914
2017-12-26,0.0035001189303300873,0.003498510794090137,0.003495849170430221,0.003493936078534654
2017-12-27,0.001589388323202101,0.0015894263279068177,0.0015894892294314733,0.0015895344410812307
2017-12-28,0.0021278496416246018,0.0021282109617548617,0.0021288089821109857,0.0021292388204514623
2017-12-29,-0.004647531750730627,-0.004712502421135856,-0.004841645121526406,-0.004969683867231955
2018-01-02,0.01755711556280759,0.017563276623185242,0.01757394821940328,0.017582389538002285
2018-01-03,0.011741933610520894,0.011745349253192039,0.011751265500912211,0.011755945300531145
2018-01-04,0.00228272878028446,0.0022833437977940463,0.0022844090719718047,0.002285251712430103
2018-01-05,0.01902746263947752,0.019005599327336364,0.018960389581636594,0.01891324733780153
2018-01-08,-0.0018485291291947537,-0.0018479738174925764,-0.0018471726794011545,-0.0018467852606758317
2018-01-09,-0.0019993973786103236,-0.001999388629488341,-0.0019993760072892774,-0.001999369903377457
2018-01-10,-0.004036140584298686,-0.004036474203624629,-0.0040369555101574806,-0.004037188262994151
2018-01-11,0.004139133583678456,0.004140110352035098,0.004141519517975034,0.0041422009701215234
2018-01-12,0.022838580292325883,0.02277090813512661,0.02263448119806255,0.022496594436653083
2018-01-16,-0.007475203713048217,-0.007476051860183519,-0.007477530736644367,-0.0074787176067065975
2018-01-17,0.01122714424545257,0.011230347400123408,0.01123593259854716,0.011240414991077197
2018-01-18,0.0009601739525071373,0.0009602276485010108,0.0009603212758186874,0.0009603964162807621
2018-01-19,0.004528902223259967,0.0044908682643149955,0.00441515837603057,0.004339977709654885
2018-01-22,0.00509359857148306,0.005098727602478759,0.005108346407218134,0.005117102510261207
2018-01-23,0.009043720451999748,0.009047683326756317,0.009055115163008054,0.00906188044474332
2018-01-24,0.0011236163413212985,0.0011205060148504753,0.0011146730177360453,0.0011093631767353784
2018-01-25,0.0030395837644099366,0.003039413092930321,0.0030390930216266376,0.0030388016572220344
2018-01-26,0.015362794241326583,0.015352983155226596,0.015332764272630417,0.015311777815837813
2018-01-29,-0.007096212921538503,-0.007098845548183408,-0.007103879127756674,-0.007108599962628359
2018-01-30,-0.017222099231275823,-0.017226561785086303,-0.017235094183612576,-0.017243096449975015
2018-01-31,0.0067745593717361,0.006776809114555915,0.006781110620629693,0.006785144866950699
2018-02-01,-0.010225623886321644,-0.010230232559759966,-0.010239044338871572,-0.01024730862743728
2018-02-02,-0.01656102192115383,-0.01664698663850106,-0.016818117320632098,-0.016988143875865225
2018-02-05,-0.0006117443253246257,-0.0012241285065710539,-0.0024507105984015176,-0.0036795312440633943
2018-02-06,0.0,0.0,0.0,0.0
2018-02-07,0.0,0.0,0.0,0.0
2018-02-08,0.0,0.0,0.0,0.0
2018-02-09,0.0,0.0,0.0,0.0
2018-02-12,0.0,0.0,0.0,0.0
2018-02-13,0.0,0.0,0.0,0.0
2018-02-14,0.0,0.0,0.0,0.0
2018-02-15,0.0,0.0,0.0,0.0
2018-02-16,0.0,0.0,0.0,0.0
2018-02-20,0.0,0.0,0.0,0.0
2018-02-21,0.0,0.0,0.0,0.0
2018-02-22,0.0,0.0,0.0,0.0
2018-02-23,0.0,0.0,0.0,0.0
2018-02-26,0.007180355390845161,0.00666725080895092,0.005640041130241968,0.004611576665165984
2018-02-27,-0.003311096435496874,-0.0033125540052824087,-0.003315189541422514,-0.003317446500524457
2018-02-28,-0.016804830350157784,-0.01680033224631261,-0.016791243681138934,-0.016782037424397322
2018-03-01,-0.003096229935031114,-0.003099409456431057,-0.0031053872476577427,-0.0031108470708935965
2018-03-02,0.006137076138655662,0.006083536854345706,0.005979211371140103,0.005878542895339178
2018-03-05,0.012693408841657039,0.012697779002170506,0.012706274991398425,0.01271444280853773
2018-03-06,-0.004419993202820938,-0.004419530233939373,-0.00441870081453144,-0.004418004096968686
2018-03-07,-0.007280633383604074,-0.007281239440128484,-0.007282506686831947,-0.0072838518473559155
2018-03-08,-0.003744816000184059,-0.0037440971069608864,-0.0037427846054142178,-0.0037416440704243215
2018-03-09,0.015740313293374886,0.015711098050713357,0.01565212427341023,0.015592434660022692
2018-03-12,0.0006889450617968418,0.0006903265091569022,0.0006929639046853175,0.0006954306654420872
2018-03-13,0.005101179300281755,0.005098345215423183,0.005092986488655971,0.005088050148911449
2018-03-14,-0.012840871484798289,-0.012843184198671254,-0.012847766507298242,-0.012852295500863531
2018-03-15,-0.0017796412920149107,-0.0017801217737264396,-0.0017810577459460575,-0.0017819603324593647
2018-03-16,-0.006486357215201077,-0.006606134691142351,-0.006844668079192484,-0.007081837362878596
2018-03-19,-0.007538147917707683,-0.007543715630348169,-0.00755429684238218,-0.007564128109558421
2018-03-20,0.00016349098926382588,0.00016436767395178187,0.00016603919113666876,0.00016759945828326295
2018-03-21,-0.0020347356173573417,-0.0020358577598661443,-0.0020379859962845748,-0.002039957592998465
2018-03-22,-0.014562807983266701,-0.0145691303437252,-0.014581109530836356,-0.014592191414889655
2018-03-23,-0.008560853350131237,-0.0086793943096386,-0.00891618617415224,-0.009152574655881152
2018-03-26,0.01126777272965973,0.011275196837651213,0.011289199074002276,0.011302056623254675
2018-03-27,-0.0005115982494453553,-0.0010234253851308939,-0.0020477247954279187,-0.0030728134826066844
2018-03-28,0.0,0.0,0.0,0.0
2018-03-29,0.0,0.0,0.0,0.0
2018-04-02,0.0,0.0,0.0,0.0
2018-04-03,0.0,0.0,0.0,0.0
2018-04-04,0.0,0.0,0.0,0.0
2018-04-05,0.0,0.0,0.0,0.0
2018-04-06,0.0,0.0,0.0,0.0
2018-04-09,0.0,0.0,0.0,0.0
2018-04-10,0.0,0.0,0.0,0.0
2018-04-11,0.0,0.0,0.0,0.0
2018-04-12,0.0,0.0,0.0,0.0
2018-04-13,0.0,0.0,0.0,0.0
2018-04-16,0.0,0.0,0.0,0.0
2018-04-17,0.006398566103497316,0.005885591418109515,0.004858888104982695,0.0038311999892866044
2018-04-18,0.007431252995684812,0.0074320872084714384,0.007433692507651468,0.007435212130908919
2018-04-19,-0.0014140318283221154,-0.0014176829794289025,-0.0014247071457534899,-0.0014313538849853868
2018-04-20,0.0021820069669566955,0.0018674091926984548,0.0012394478590576075,0.0006131069956227808
2018-04-23,-0.0022205555390661935,-0.0022214085913300208,-0.002223066071201263,-0.0022246574889212
2018-04-24,-5.11688907309793e-05,-5.8323903276980005e-05,-7.222608697243782e-05,-8.557417153232105e-05
2018-04-25,-0.007811524866640496,-0.007811120030917884,-0.007810333435430361,-0.00780957819126793
2018-04-26,0.01307638561173774,0.013083495298849446,0.013097309415262437,0.013110572942636178
2018-04-27,0.0005203235179251919,0.0004639236163170857,0.0003522384673302348,0.00024206655738234772
2018-04-30,0.0013027341445124296,0.0013025921327658452,0.0013025144724798654,0.0013027132301193234
2018-05-01,-0.002070406241036049,-0.0020701773958394787,-0.0020700522499710328,-0.0020703725384831895
2018-05-02,-0.002614974303081663,-0.002615092352392878,-0.002615156908624794,-0.0026149916884723456
2018-05-03,0.006944675432289493,0.006944672959125153,0.006944671606655017,0.006944675068061068
2018-05-04,0.014847683341712159,0.014815088232769114,0.014749565884435656,0.014683600413359033
2018-05-07,-0.001893408759966797,-0.001893920393461479,-0.0018951876944970358,-0.0018967813016903534
2018-05-08,-0.0023343160177307087,-0.002334253059386948,-0.002334097113431355,-0.002333901014328066
2018-05-09,0.00907625346520824,0.00907558238814743,0.009073920150113768,0.009071829917080887
2018-05-10,0.00798065675620041,0.007980018597992133,0.007978437898983115,0.00797645019973836
2018-05-11,0.021183392560355063,0.020927582104443454,0.02041619846391618,0.019905140170513036
2018-05-14,0.007292492563805375,0.0072925011112174865,0.007292472578372733,0.007292382868860692
2018-05-15,-0.006581563629660558,-0.0065816189470312425,-0.006581434287403765,-0.006580853702984779
2018-05-16,0.004218592640227836,0.004218625666952747,0.004218515417629298,0.0042181687850695315
2018-05-17,-0.0034497305668116374,-0.0034497497800767274,-0.0034496856426400324,-0.0034494839894855245
2018-05-18,-0.000905476031679342,-0.000971343747643183,-0.001100297388321958,-0.0012254970871680149
2018-05-21,0.008099351451830827,0.008104312012061188,0.008114160561375483,0.008123905213210048
2018-05-22,-0.0028537569431579257,-0.0028549115309274287,-0.0028572038152777646,-0.0028594719171258776
2018-05-23,0.0004927882622134394,0.0005002498210051609,0.0005150637787656454,0.0005297214563646513
2018-05-24,-0.003801110446742917,-0.003801370817505534,-0.003801887749903643,-0.0038023992289123454
2018-05-25,-0.00882095029026786,-0.008941470654740047,-0.009183356478688176,-0.009426372400385352
2018-05-29,-0.009368872563260577,-0.009374012064511494,-0.009384236760357045,-0.009394383264563433
2018-05-30,0.010482812703001887,0.010491141305452034,0.01050771050598609,0.010524152996350233
2018-05-31,-0.0017156158657838372,-0.0017163675383186083,-0.0017178629408232116,-0.0017193469074890944
2018-06-01,0.006655566253218392,0.006496194379564946,0.006176765288091746,0.005856413267118388
2018-06-04,0.0006063037138321903,0.00062132901604528,0.0006512298313223752,0.0006809101594498213
2018-06-05,0.0035238635064307466,0.003529031194427601,0.0035393152517029236,0.003549523743757277
2018-06-06,0.0052440586893443,0.005253830366911183,0.005273277259960185,0.00529258204286176
2018-06-07,-0.0031300029481486913,-0.0031436070943098304,-0.0031706808655445062,-0.0031975564859232364
2018-06-08,-0.0076390975305928865,-0.007741520105065014,-0.007947738513377822,-0.008155828273375576
2018-06-11,-0.00759682696312125,-0.007591342867640294,-0.007580394634130516,-0.007569480557240382
2018-06-12,-0.002160891355707517,-0.002150090839562746,-0.002128527850036366,-0.0021070304312064136
2018-06-13,-0.0017606490077498593,-0.001760717464845074,-0.0017608534972087808,-0.0017609882517701791
2018-06-14,0.0061234113995338735,0.006144054897084805,0.0061852672528945885,0.006226351688065401
2018-06-15,-0.008925697449291947,-0.009155109082937263,-0.009613062079219858,-0.01006988667421993
2018-06-18,0.004194571513747691,0.00419340770962906,0.004191093105303523,0.004188798311002717
2018-06-19,-0.0041124914735081175,-0.004118849381950063,-0.004131479194871113,-0.0041439808086534136
2018-06-20,0.005650619417791436,0.005666182801982389,0.005697106848130629,0.005727727498318513
2018-06-21,-0.00807181080550956,-0.008090828550926132,-0.008128616767734242,-0.008166034840333847
2018-06-22,-0.0005458827022083446,-0.0006268346973751227,-0.0007891207710308823,-0.0009519286439748642
2018-06-25,-0.014655824998158207,-0.014700414635828052,-0.014788683905984756,-0.014875636970205441
2018-06-26,0.0016546352544191123,0.001662777118777825,0.0016788934576392744,0.0016947678261534094
2018-06-27,-0.00813247435186093,-0.008159459587183004,-0.008212877804524621,-0.008265497429438495
2018-06-28,0.002213388197641164,0.0022303437333182075,0.002263910244512335,0.0022969782280120032
2018-06-29,0.008669950171099172,0.008615533863986169,0.008504986305127415,0.00839213707595432
2018-07-02,0.006666720680910343,0.006677176128028428,0.006697800565609757,0.006718020301425653
2018-07-03,-0.00795251884865189,-0.007970563063092184,-0.00800615750967093,-0.0080410540352166
2018-07-05,0.010548270899737311,0.01056745437987594,0.01060529956177314,0.010642407289343625
2018-07-06,0.011068008598288825,0.011064740759719527,0.011056911217324217,0.011047304633766242
2018-07-09,0.007941627646542493,0.007956959293569321,0.007987241034793868,0.008016980397653084
2018-07-10,-0.005042803628082404,-0.005041636743535749,-0.005039330313319379,-0.005037062892855215
2018-07-11,-0.007820218982956484,-0.007828868486206786,-0.007845952235831732,-0.007862729997233475
2018-07-12,0.009878049214342655,0.0099074125278229,0.009965408401243714,0.01002236550655744
2018-07-13,-0.007649287147163175,-0.007836402052695202,-0.008207235973512694,-0.008572368030161481
2018-07-16,0.005659599072257437,0.0056586920195673684,0.005659715830184764,0.005661531417978649
2018-07-17,0.014534461180525593,0.014536665127790949,0.014533951849622806,0.014529258421556612
2018-07-18,-8.198081147248182e-05,-8.27037319320878e-05,-8.190642364747092e-05,-8.048272731731032e-05
2018-07-19,-0.0034472430841230306,-0.003449094760507143,-0.003446908003921223,-0.0034430807621590453
2018-07-20,-5.6500799177960914e-05,-8.584861852001247e-05,-0.00015008186748644015,-0.00021797494431208264
2018-07-23,0.006707071050922497,0.006703957105242742,0.006697634541763087,0.006691133024159468
2018-07-24,0.013138972802800852,0.013134939665698564,0.01312676187344719,0.013118368936768876
2018-07-25,0.009184674225583223,0.00917100389119585,0.009143259046417551,0.009114745727621276
2018-07-26,-0.014032543567459088,-0.014017724163151057,-0.013987647487400667,-0.013956738165860072
2018-07-27,-0.004841602755039087,-0.004903995563773633,-0.0050284143603017695,-0.005151939449277054
2018-07-30,-0.009635587310817262,-0.009624677295031248,-0.009602586421775583,-0.009579785930549756
2018-07-31,0.0013278301556296501,0.0013218956552596417,0.001309884733530886,0.001297496666251785
2018-08-01,-0.00010787309028892356,-0.00011080900185500564,-0.00011675284006473774,-0.00012288621457656745
2018-08-02,0.009798796149878664,0.009788290701609803,0.009767019140671573,0.009745064495263023
2018-08-03,0.000690695013349174,0.0006151917982575306,0.0004642377459462832,0.00031329214122166604
2018-08-06,-0.002477062901334537,-0.0024809386770723307,-0.002488804507431941,-0.0024969493620331518
2018-08-07,0.0011380092078767667,0.0011356062401608469,0.0011307307297392377,0.0011256843160110108
2018-08-08,-0.0065655399652567725,-0.0065663250669567574,-0.006567922442597851,-0.00656958292340426
2018-08-09,0.003308893533605417,0.003309280543381199,0.0033100696547387898,0.0033108926513187864
2018-08-10,-0.01101834379467892,-0.011049709937599905,-0.011113255117800147,-0.011177704953500456
2018-08-13,-0.0012639951593464982,-0.001263558108630214,-0.001262656447737931,-0.0012616925963176984
2018-08-14,0.004220067688676554,0.004217525544863321,0.004212297261830367,0.004206735639167292
2018-08-15,-0.010572309634619526,-0.010567310213585812,-0.010557036415365428,-0.010546121393838703
2018-08-16,0.003837082795490554,0.0038357274731848356,0.003832944597613519,0.0038299919092070756
2018-08-17,0.01453595265574048,0.014424600320349423,0.014202716604289956,0.013981925483311342
2018-08-20,-0.0037134017526168073,-0.0037132484062366578,-0.0037129161790584453,-0.0037125340092073467
2018-08-21,0.005758145008753379,0.005757488285931478,0.005756072762527875,0.005754456112334383
2018-08-22,0.0025449260108010296,0.0025442569034543894,0.002542807272589487,0.0025411397232497634
2018-08-23,0.000542616576240329,0.0005427933879305069,0.0005431982387862355,0.0005436988741116533
2018-08-24,0.010391513605533476,0.010323251834041036,0.010184567692398172,0.010042902792133379
2018-08-27,0.010166134286007766,0.010169094857087169,0.010174558890387653,0.010179233873028215
2018-08-28,0.0030328354142390435,0.0030332663987533426,0.0030340621423490255,0.0030347437138964484
2018-08-29,0.008641647607057878,0.008645081621541761,0.008651424161884469,0.008656861763588264
2018-08-30,-0.0027502415303474192,-0.0027509166897631276,-0.0027521719831411495,-0.0027532674406995916
2018-08-31,0.0014739168846158446,0.0013625771798226882,0.0011397876839835952,0.0009168413034337242
2018-09-04,-0.0007117782783544468,-0.0007131658467028901,-0.0007157110406426082,-0.0007178665559977038
2018-09-05,-0.016707301677688968,-0.016711347017656752,-0.016718758933323086,-0.016725017388386387
2018-09-06,-0.010391573143260557,-0.010394480845616894,-0.01039981521742861,-0.010404334704895879
2018-09-07,-0.004238836313780303,-0.004273770612694294,-0.004342756903719436,-0.0044104832536154825
2018-09-10,0.0012899707124662818,0.001291674319325642,0.0012948946499475866,0.0012978089840811613
2018-09-11,0.006312086699065356,0.0063159390763600776,0.006323220520621842,0.006329808122855773
2018-09-12,-0.0009632869924633969,-0.0009647784074572341,-0.0009675976314750256,-0.0009701489722375722
2018-09-13,0.009807414895604438,0.009812816626993293,0.00982302752800468,0.009832268187068616
2018-09-14,-0.002642461990778777,-0.0026696049206004213,-0.0027274251045330544,-0.002790074798879383
2018-09-17,-0.013988210401554735,-0.014009302611956764,-0.014050926967187016,-0.014091747742934757
2018-09-18,0.008957779579252145,0.0089698107213676,0.008993555523624908,0.009016844579157635
2018-09-19,0.0005484164941005343,0.0005473029391274142,0.0005451052140583723,0.0005429496711053527
2018-09-20,0.010921448169430414,0.010937385482932438,0.010968843033219766,0.01099970147042173
2018-09-21,0.00014232194982866098,-1.8647768738833115e-05,-0.0003405046082677332,-0.0006623438873050169
2018-09-24,0.0011852906075366931,0.0011882406647811816,0.0011940023817376133,0.001199598979422456
2018-09-25,-0.0008331951421366446,-0.0008317346510452461,-0.0008288828947816684,-0.0008261139862871802
2018-09-26,0.0007626262491593483,0.0007633848303414403,0.0007648660366632587,0.0007663042117342922
2018-09-27,0.009673126988581693,0.009682146376837952,0.009699760509954025,0.0097168674643493
2018-09-28,0.0007286554331642492,0.0006253385624943597,0.0004190265902586088,0.00021325384372672396
2018-10-01,0.004572047861628681,0.004573983864868847,0.0045776874418053115,0.004581176478055227
2018-10-02,-0.001305967882348602,-0.0013081673200604493,-0.0013123749074299695,-0.0013163383890311131
2018-10-03,0.0020572741759361524,0.0020583057921457204,0.00206027928678032,0.002062138390919621
2018-10-04,-0.014479587392603133,-0.014498053839622993,-0.0145333804536798,-0.014566658977434699
2018-10-05,-0.007716349282878676,-0.007917990058598279,-0.008319702420801822,-0.008719485328782195
2018-10-08,-0.004083228025644758,-0.004088099367429265,-0.004097316818085672,-0.004105857697937587
2018-10-09,0.004470849973604141,0.004473434292513012,0.004478324286497193,0.004482855349656978
2018-10-10,-0.036218280451789875,-0.03625336887500086,-0.0363197624527577,-0.03638128267040841
2018-10-11,-0.021193510879141786,-0.02120340651885011,-0.02122213084055813,-0.021239480776888642
2018-10-12,0.020838282478466752,0.020326333175478828,0.019298095756576705,0.018264433139094427
2018-10-15,0.00978364597596304,0.009782278375955356,0.009779675514765662,0.009777237732506938
2018-10-16,0.007114704877200451,0.007117991828164749,0.007124247661046246,0.007130106735849129
2018-10-17,-0.00286696193993885,-0.0028669173275179816,-0.002866832419695209,-0.0028667528969053002
2018-10-18,-0.009026602959170571,-0.009029222177465712,-0.009034207159630991,-0.009038875983742867
2018-10-19,0.0006325598198717586,0.0005678088879417231,0.0004378838487291148,0.0003074425903564215
2018-10-22,0.0022725392793117027,0.0022725256337015054,0.0022725046908502744,0.0022724903459878654
2018-10-23,-0.004687942404864476,-0.004687932583097965,-0.004687917508961026,-0.00468790718389045
2018-10-24,-0.007507508364520743,-0.007507386170032548,-0.007507198629793543,-0.007507070173601527
2018-10-25,0.0060249225408075535,0.006024830245541013,0.006024688593682548,0.006024591568860371
2018-10-26,-0.002900178621917604,-0.002992277365293061,-0.003176533479750776,-0.0033608641690660024
2018-10-29,-0.01136035674085234,-0.01136074463354364,-0.011361582237172874,-0.01136248541715279
2018-10-30,0.0024502027099979617,0.0024505133205257046,0.002451184043411603,0.002451907277482457
2018-10-31,0.0018248439501493685,0.0018252861245833252,0.001826240942550017,0.0018272705136284095
2018-11-01,0.004046606569231059,0.004046853500188741,0.004047386715356094,0.004047961676169942
2018-11-02,-0.002799751475259571,-0.0028210317548501562,-0.0028638558976812334,-0.002907019003236977
2018-11-05,0.0007595835491240877,0.000759667827697097,0.0007598304018727742,0.0007599878313444552
2018-11-06,0.002256679754584434,0.0022564271691969395,0.0022559399295616345,0.002255468108756542
2018-11-07,0.007880931658525103,0.00787988742532475,0.007877873089465526,0.007875922497809995
2018-11-08,-0.005114335474868947,-0.005114121182760556,-0.0051137078112279966,-0.005113307520949628
2018-11-09,-0.007434183519561155,-0.007443919335562654,-0.007463486869388136,-0.007483166125350493
2018-11-12,-0.006005164931209284,-0.006003772361335646,-0.006001038653761559,-0.0059983370659763
2018-11-13,-0.005112544637440486,-0.00511258105187018,-0.005112652535825157,-0.005112723179876988
2018-11-14,-0.02546755225461983,-0.02546720293511695,-0.02546651719762616,-0.025465839517231026
2018-11-15,-0.0014756178313908297,-0.0014764171702065232,-0.0014779863256333403,-0.001479537044215884
2018-11-16,-0.00017564530774605291,-0.000514491016288865,-0.0011919163759530615,-0.0018689823162303387
2018-11-19,-0.008859255164567426,-0.008859752058668402,-0.0088607877534842,-0.008861847184814864
2018-11-20,-0.00803437955780184,-0.008034655831533288,-0.008035231679124899,-0.00803582072424791
2018-11-21,0.0031286273449040447,0.0031287419341254896,0.003128980776692103,0.0031292250931591603
2018-11-23,-0.005577206727663597,-0.005589915798757672,-0.005615404109473143,-0.0056409813637797734
2018-11-26,0.0005519949753383102,0.0005533055808704113,0.000555992932946836,0.0005587470794174987
2018-11-27,0.000380696848028661,0.0003808887842686737,0.0003812823430024981,0.0003816856836762472
2018-11-28,0.00710517872509997,0.007107004836565789,0.00711074921602961,0.0071145866624049425
2018-11-29,0.00035882468258741085,0.0003586360632505947,0.0003582493057148195,0.0003578529352832316
2018-11-30,-0.0003861446190086548,-0.00039632394002819815,-0.00041662527812569294,-0.00043686037127310673
2018-12-03,0.00411924552042775,0.004119846396501536,0.004121133537419608,0.004122519211343434
2018-12-04,-0.005367412765298507,-0.005368732162672196,-0.00537155845318571,-0.005374601101438725
2018-12-06,-0.0015339513521475112,-0.0015337124982283123,-0.0015332008475464898,-0.0015326500290635536
2018-12-07,-0.005170337022529559,-0.005252121384310304,-0.0054158006010561754,-0.005579589477275659
2018-12-10,0.0027015155395864188,0.002702084904399271,0.0027032766627776983,0.0027045294862546587
2018-12-11,-8.390049465634153e-05,-8.371254361316804e-05,-8.331913638937039e-05,-8.290557117773822e-05
2018-12-12,0.002311411464712254,0.0023118830085588904,0.0023128700142838188,0.002313907593684661
2018-12-13,-0.0012262920728921545,-0.0012262814277355094,-0.0012262591459675232,-0.0012262357224929188
2018-12-14,-0.005861366263805068,-0.005939464163062791,-0.006094727331144467,-0.006248652855041392
2018-12-17,-0.0037366002443810498,-0.003734375500295317,-0.003729625206509879,-0.0037244862603862394
2018-12-18,0.00022588458534311684,0.0002252686078267896,0.0002239533670371774,0.00022253051786957911
2018-12-19,-0.004404484783363527,-0.004402084596756728,-0.004396959696506109,-0.00439141549493316
2018-12-20,-0.0016271125114950546,-0.0016256823906705131,-0.001622628783691904,-0.0016193253413251396
2018-12-21,-0.006634387887682558,-0.006746803198246498,-0.006971179501884084,-0.0071949482307349655
2018-12-24,-0.002595323205005884,-0.002592421858016669,-0.0025863262974900048,-0.00257985820427864
2018-12-26,0.008271774701820611,0.008264469438471478,0.008249121506950896,0.008232835580292752
2018-12-27,-0.0005072102544295687,-0.001014303511150727,-0.0020281154116010836,-0.0030413906338661034
2018-12-28,0.0,0.0,0.0,0.0
2018-12-31,0.0,0.0,0.0,0.0
2019-01-02,0.0,0.0,0.0,0.0
2019-01-03,0.0,0.0,0.0,0.0
2019-01-04,0.0,0.0,0.0,0.0
2019-01-07,0.0,0.0,0.0,0.0
2019-01-08,0.0,0.0,0.0,0.0
2019-01-09,0.0,0.0,0.0,0.0
2019-01-10,0.0,0.0,0.0,0.0
2019-01-11,-0.0009288606327920723,-0.0014484725060404102,-0.0024875978699232526,-0.0035265692289964123
2019-01-14,-0.00159229392286786,-0.0015920766112746954,-0.0015915761544503804,-0.0015909893789606278
2019-01-15,0.0022576973261985156,0.0022572171383776762,0.0022561112918453308,0.0022548147091852044
2019-01-16,0.0007216225135928678,0.000721627061087915,0.0007216375337231185,0.0007216498126754178
2019-01-17,0.0010884495802905292,0.001088255696876761,0.001087809193880629,0.0010872856781614093
2019-01-18,0.001792786300565563,0.0017888363433586907,0.00178097282512657,0.0017731833799343732
2019-01-22,-0.002689999874373905,-0.002689999874373905,-0.002689999874373905,-0.002689999874373905
2019-01-23,-0.00013175264587617086,-0.00013175264587617086,-0.00013175264587617086,-0.00013175264587617086
2019-01-24,0.001196841672379545,0.001196841672379545,0.001196841672379545,0.001196841672379545
2019-01-25,0.0021091104460575494,0.001993508150703205,0.00176230355999496,0.001531098969286493
2019-01-28,-0.0028153519692699636,-0.0028153519692699636,-0.0028153519692699636,-0.0028153519692699636
2019-01-29,0.0005812469611832238,0.0005812469611832238,0.0005812469611832238,0.0005812469611832238
2019-01-30,0.004037170264131307,0.004037170264131307,0.004037170264131307,0.004037170264131307
2019-01-31,0.0007029534125755355,0.0007029534125755355,0.0007029534125755355,0.0007029534125755355
2019-02-01,0.000552032195860086,0.0005443840505487962,0.0005290877599259947,0.0005137914693034151
2019-02-04,0.0005439793874768561,0.0005439793874768561,0.0005439793874768561,0.0005439793874768561
2019-02-05,0.0007528597120660674,0.0007528597120660674,0.0007528597120660674,0.0007528597120660674
2019-02-06,-0.0012042096718449802,-0.0012042096718449802,-0.0012042096718449802,-0.0012042096718449802
2019-02-07,-0.001957516935440329,-0.001957516935440329,-0.001957516935440329,-0.001957516935440329
2019-02-08,0.0031636089103386222,0.003097214170695306,0.0029644246914086736,0.002831635212122041
2019-02-11,-0.0015688378163469796,-0.0015688378163469796,-0.0015688378163469796,-0.0015688378163469796
2019-02-12,0.002293726658005868,0.002293726658005868,0.002293726658005868,0.002293726658005868
2019-02-13,-0.0002232136933951745,-0.0002232136933951745,-0.0002232136933951745,-0.0002232136933951745
2019-02-14,0.0013072992866858257,0.0013072992866858257,0.0013072992866858257,0.0013072992866858257
2019-02-15,0.002548524763853255,0.00248982364559569,0.0023724214090803386,0.002255019172564987
2019-02-19,0.004748112374691527,0.004748112374691527,0.004748112374691527,0.004748112374691527
2019-02-20,0.0004292849663307674,0.0004292849663307674,0.0004292849663307674,0.0004292849663307674
2019-02-21,-0.0015986321687621041,-0.0015986321687621041,-0.0015986321687621041,-0.0015986321687621041
2019-02-22,0.002198858937838777,0.0020353589360613267,0.0017083589325068704,0.0013813589289521921
2019-02-25,-0.001567881278726313,-0.001567881278726313,-0.001567881278726313,-0.001567881278726313
2019-02-26,0.0010389616424533177,0.0010389616424533177,0.0010389616424533177,0.0010389616424533177
2019-02-27,-0.0012809060532845695,-0.0012809060532845695,-0.0012809060532845695,-0.0012809060532845695
2019-02-28,-0.0013962627462474897,-0.0013962627462474897,-0.0013962627462474897,-0.0013962627462474897
2019-03-01,-0.001949450228829086,-0.001994572758560853,-0.002084817818024498,-0.002175062877488254
2019-03-04,-5.4437597120093884e-05,-5.4437597120093884e-05,-5.4437597120093884e-05,-5.4437597120093884e-05
2019-03-05,0.0015388131667242178,0.0015388131667242178,0.0015388131667242178,0.0015388131667242178
2019-03-06,-0.0016116468889258995,-0.0016116468889258995,-0.0016116468889258995,-0.0016116468889258995
2019-03-07,-0.0027906729228474036,-0.0027906729228474036,-0.0027906729228474036,-0.0027906729228474036
2019-03-08,0.0006788479156292215,0.0006434572900100299,0.0005726760387716467,0.0005018947875332636
2019-03-11,0.004083776668675876,0.004083776668675876,0.004083776668675876,0.004083776668675876
2019-03-12,0.002709786587217211,0.002709786587217211,0.002709786587217211,0.002709786587217211
2019-03-13,0.0027586413308162694,0.0027586413308162694,0.0027586413308162694,0.0027586413308162694
2019-03-14,-0.002307368788732833,-0.002307368788732833,-0.002307368788732833,-0.002307368788732833
2019-03-15,0.0030398961494471077,0.0030347712583020936,0.0030245214760122874,0.003014271693722703
2019-03-18,0.0008868125103405067,0.0008868125103405067,0.0008868125103405067,0.0008868125103405067
2019-03-19,0.0010554406483442857,0.0010554406483442857,0.0010554406483442857,0.0010554406483442857
2019-03-20,0.0026056553841942165,0.0026056553841942165,0.0026056553841942165,0.0026056553841942165
2019-03-21,0.003053419126830992,0.003053419126830992,0.003053419126830992,0.003053419126830992
2019-03-22,-0.015464741470324617,-0.015823227034969967,-0.01654150362987361,-0.017261300032272442
2019-03-25,0.00018573783390052334,0.0001850997562378165,0.00018388189333995442,0.00018274345051860763
2019-03-26,0.0019991353722061955,0.002000659568810459,0.0020035687170263383,0.0020062881519544717
2019-03-27,-0.003619845076588857,-0.003622034211538838,-0.0036262124901260684,-0.0036301182920606134
2019-03-28,0.00018849954713462402,0.00018919867999644957,0.00019053307551475385,0.00019178045155432422
2019-03-29,0.011002263284549008,0.010651093990172722,0.009946603530357923,0.009239449389742083
2019-04-01,0.0007798758823316376,0.0007798758823316376,0.0007798758823316376,0.0007798758823316376
2019-04-02,0.0013646145914254504,0.0013646145914254504,0.0013646145914254504,0.0013646145914254504
2019-04-03,-0.00014372765189862857,-0.00014372765189862857,-0.00014372765189862857,-0.00014372765189862857
2019-04-04,0.0007714697319083363,0.0007714697319083363,0.0007714697319083363,0.0007714697319083363
2019-04-05,0.00341824626221654,0.00283473220428454,0.0016661967282309842,0.0004958728815878111
2019-04-08,0.005833663467926575,0.0058349191722570914,0.005837263544885785,0.005839380938043259
2019-04-09,-0.0027666714351533006,-0.0027684037090659475,-0.002771637826722184,-0.0027745588208134553
2019-04-10,0.006809913940625467,0.006812561564104591,0.0068175046194598465,0.00682196909386068
2019-04-11,-0.007791739240858631,-0.007792909563322903,-0.007795094529867264,-0.007797067950455094
2019-04-12,0.002566665751272401,0.002538509214530693,0.0024817644764081326,0.0024245312535686736
2019-04-15,-0.00027219986843374233,-0.00027210920318110343,-0.0002719428700630466,-0.0002717969680324783
2019-04-16,0.0024124331184103287,0.0024143667254115098,0.002417914091928264,0.0024210257270846913
2019-04-17,0.0021479093137439786,0.0021498660304870576,0.0021534557937910037,0.002156604618037461
2019-04-18,0.002440279577726745,0.002440999736431415,0.002442320928831787,0.002443479836066853
2019-04-22,-0.002480486905934165,-0.0026377182876831107,-0.0029524727714849153,-0.003267619182396375
2019-04-23,0.012894100778460205,0.012901344657038738,0.01291463454413333,0.012926292687487795
2019-04-24,-0.0037006197560932597,-0.003702415434346795,-0.0037057098519699405,-0.003708599778170729
2019-04-25,0.0004607122787956275,0.0004630241475542807,0.00046726558733656276,0.00047098625950314776
2019-04-26,0.0026096244754290066,0.00253679055815903,0.0023910192602256686,0.0022451168818726774
2019-04-29,0.0010399927024375977,0.0010411100291485287,0.0010431564974584528,0.0010449469305933157
2019-04-30,-0.005854546226852997,-0.005859006780271403,-0.0058671766209520415,-0.005874324326776703
2019-05-01,-0.002573863585854652,-0.002575716294758945,-0.0025791096711307304,-0.00258207849965586
2019-05-02,-0.004941652461322721,-0.004944151157131871,-0.004948727707338785,-0.004952731681938882
2019-05-03,0.019129310689343537,0.019062430078814474,0.018927074668836807,0.01878957630095135
2019-05-06,-0.006348239386527066,-0.0063515674646422715,-0.006357670472302179,-0.006363020862204416
2019-05-07,-0.01687961758089873,-0.016890207448275296,-0.016909627077105416,-0.01692665189368603
2019-05-08,-0.0008230390291464884,-0.0008244109687487455,-0.0008269268225271631,-0.0008291324233394848
2019-05-09,-0.0033786846760972544,-0.003381610967744919,-0.003386977182034956,-0.003391681639304367
2019-05-10,0.004979011957095603,0.0048166745609155015,0.004491798520654733,0.004166718223507226
2019-05-13,-0.004518594141226351,-0.004534940029535139,-0.0045651439919807135,-0.0045919652213495255
2019-05-14,0.010434516413194483,0.01043968609516166,0.010449238642997516,0.010457721340491943
2019-05-15,0.014409279054694135,0.014415932044547164,0.01442822545141964,0.014439142041785757
2019-05-16,0.002831146067505008,0.002835879717148826,0.0028446265636568047,0.002852393795418573
2019-05-17,-0.006639192227649082,-0.006735324075450855,-0.006926862677630097,-0.007117421229861809
2019-05-20,-0.005929853745223923,-0.005937799560951307,-0.005952451789026925,-0.005965421252934755
2019-05-21,0.006920699782499318,0.0069256171816936,0.006934684954847059,0.006942711321624273
2019-05-22,-0.004318934149181386,-0.004321030982971763,-0.0043248975824483615,-0.0043283201146461225
2019-05-23,-0.005556693678935631,-0.005563896099666454,-0.005577177493907737,-0.005588933560109366
2019-05-24,0.004791322728227687,0.004327412349909965,0.003397916215337249,0.0024664292134526367
2019-05-28,0.01837472231193993,0.01837472231193993,0.01837472231193993,0.01837472231193993
2019-05-29,-0.002327868892350704,-0.002327868892350704,-0.002327868892350704,-0.002327868892350704
2019-05-30,-0.0035395570780240027,-0.0035395570780240027,-0.0035395570780240027,-0.0035395570780240027
2019-05-31,0.00567108746254763,0.0056669553199582,0.0056586910347788955,0.005650426749599591
2019-06-03,-0.011000017887660252,-0.011000017887660252,-0.011000017887660252,-0.011000017887660252
2019-06-04,-0.008064958075909012,-0.008064958075909012,-0.008064958075909012,-0.008064958075909012
2019-06-05,0.002792561166630403,0.002792561166630403,0.002792561166630403,0.002792561166630403
2019-06-06,0.002934512009658441,0.002934512009658441,0.002934512009658441,0.002934512009658441
2019-06-07,0.012652904608806859,0.012640686100184872,0.012616249082940456,0.012591812065696262
2019-06-10,-0.0008834025810982027,-0.0008834025810982027,-0.0008834025810982027,-0.0008834025810982027
2019-06-11,-0.0012149071485441088,-0.0012149071485441088,-0.0012149071485441088,-0.0012149071485441088
2019-06-12,0.003985988652815076,0.003985988652815076,0.003985988652815076,0.003985988652815076
2019-06-13,0.004568809231993098,0.004568809231993098,0.004568809231993098,0.004568809231993098
2019-06-14,0.009969514919890843,0.009859217074683846,0.009638621384269408,0.009418025693855192
2019-06-17,0.016206719884179543,0.016206719884179543,0.016206719884179543,0.016206719884179543
2019-06-18,0.0008547959941442862,0.0008547959941442862,0.0008547959941442862,0.0008547959941442862
2019-06-19,0.006436597593920901,0.006436597593920901,0.006436597593920901,0.006436597593920901
2019-06-20,0.011994436830538469,0.011994436830538469,0.011994436830538469,0.011994436830538469
2019-06-21,-0.00030943497724289504,-0.0008214528329854032,-0.0018460908707836898,-0.0028713884959949976
2019-06-24,0.012998296255347208,0.012998303646756915,0.01299831709873378,0.012998328742446219
2019-06-25,-0.0011899777403481249,-0.0011939818258140944,-0.0012012690509977109,-0.0012075767003358884
2019-06-26,0.006139512779915313,0.006140597523885516,0.006142571700921806,0.006144280501756194
2019-06-27,-0.005555184644656985,-0.005554293196257776,-0.005552670807005833,-0.0055512665053363275
2019-06-28,0.006781193939251029,0.006561134768468424,0.006120949101525941,0.00568058725262377
2019-07-01,-0.0077249633355357394,-0.007721768938680484,-0.0077162861831632235,-0.0077120305631082076
2019-07-02,0.012282007543771067,0.012282945567974934,0.01228455556122654,0.012285805210157319
2019-07-03,0.0139803953334805,0.01398217694096382,0.013985234832234683,0.013987608314578903
2019-07-05,-0.01496819649575476,-0.015062003733298801,-0.015249639466427545,-0.015437264712224952
2019-07-08,-0.0005646448027352147,-0.0005666157541307504,-0.0005700090096962818,-0.000572658956681682
2019-07-09,0.003796117651756692,0.003797524900660987,0.003799947667243231,0.003801839715418698
2019-07-10,0.0051613998743837985,0.005164200207367076,0.005169021353896852,0.005172786405619689
2019-07-11,-0.01071999660170786,-0.010720200880209307,-0.01072055257288107,-0.010720827225619955
2019-07-12,0.0074205418061461526,0.007010296035206531,0.006188906314966713,0.005366452135565636
2019-07-15,0.00020902466177608048,0.00021027480698809775,0.0002123891186254223,0.0002139815253761057
2019-07-16,-0.012835105782597167,-0.012837115836965562,-0.012840515347120052,-0.012843075709000118
2019-07-17,0.00023743490791705568,0.00023551550826517165,0.00023226931815711893,0.00022982443020835852
2019-07-18,0.008589902050604392,0.008590348809838222,0.00859110439266031,0.008591673464487304
2019-07-19,-0.015015803813321016,-0.01530251238517788,-0.01587514648138788,-0.01644639322138619
2019-07-22,0.007607610686754196,0.007611336184661033,0.007617734233604789,0.0076227044414241
2019-07-23,0.001395281481049615,0.0013968284713381518,0.0013994852221481668,0.001401549070638053
2019-07-24,0.01027944533302283,0.010284161837819106,0.010292261809765169,0.01029855412547831
2019-07-25,-0.0140109293750027,-0.01401735504987156,-0.014028390294914095,-0.01403696282408362
2019-07-26,0.011865535547145756,0.011444023076996546,0.01059500899935184,0.009737610930711904
2019-07-29,-0.0027866749420801806,-0.002788298319871041,-0.0027911692537552213,-0.0027935281756584773
2019-07-30,-0.0018771921729781038,-0.0018775996034293696,-0.0018775628104404918,-0.0018763923851895514
2019-07-31,-0.009561798846989822,-0.00955536380578248,-0.009537971148221969,-0.009514628546803072
2019-08-01,0.0064551166258579595,0.006448096224589639,0.006433518470130517,0.00641828525298993
2019-08-02,-0.00349025561246441,-0.004052388719732347,-0.005174598000813879,-0.006293390290604828
2019-08-05,0.013286495057443393,0.013289818560270117,0.013299571305188884,0.013313455977902677
2019-08-06,0.01029467913508042,0.010297396684404214,0.010298738687289255,0.010294596501090547
2019-08-07,0.011620332898783392,0.011624939240046706,0.011630047869308768,0.011629647378051278
2019-08-08,0.009475778998008222,0.00947775995935185,0.009476950693068087,0.00946975515073012
2019-08-09,-0.005142914989172298,-0.005306436560982508,-0.0056308058075208445,-0.005950861795657181
2019-08-12,0.014113070871825784,0.014114009143044282,0.014113410634105428,0.014109502337514845
2019-08-13,-0.0062963572357483955,-0.0062971769763428,-0.006297863634443068,-0.0062972744375972
2019-08-14,0.009921393801128664,0.009922412203621667,0.00992353578383276,0.00992343567828069
2019-08-15,0.01144440227883936,0.011444936072501077,0.011444048301972876,0.011440546470538493
2019-08-16,-0.006787848648800332,-0.006892219669233479,-0.007098899333149888,-0.007302730085060882
2019-08-19,-0.009480963279690391,-0.009479807787046046,-0.009474214835670014,-0.009464273470326634
2019-08-20,0.008547554235300403,0.00854659987033135,0.00854241514696219,0.00853521649634259
2019-08-21,-0.009359446210964295,-0.009359429195562985,-0.00935864941228881,-0.009356878932871182
2019-08-22,-0.00508603165833188,-0.005085348751208141,-0.0050830625576469,-0.005079560740658073
2019-08-23,0.020064588214944834,0.020009106390487696,0.019894296082725527,0.01977452586282169
2019-08-26,-0.0006399568311836745,-0.0006408633951443532,-0.0006433734821156278,-0.0006468000305384081
2019-08-27,0.011055086993007057,0.011055038333496192,0.011052283508504734,0.011045998495147868
2019-08-28,-0.005224837583558739,-0.0052250002870747325,-0.0052246722968883885,-0.005223474513644577
2019-08-29,-0.0074378075752733475,-0.00743859172454342,-0.007438767080892195,-0.007437083589299065
2019-08-30,-0.0011946476446953458,-0.0013268052431028021,-0.0015900999689550943,-0.0018519294824307364
2019-09-03,0.019779822969298033,0.01977885334307583,0.01977299932725063,0.019761934789384705
2019-09-04,0.006245852761053605,0.006244701550371934,0.006240278081701911,0.006233035395368791
2019-09-05,-0.025536397427957547,-0.02553478462984171,-0.025524836214816604,-0.025505939451521686
2019-09-06,-0.005589893716643757,-0.005633017098750526,-0.005716706361568069,-0.0057969135098416835
2019-09-09,-0.010342116042775129,-0.010341957804523738,-0.010340561984464536,-0.010337730874932838
2019-09-10,-0.015805977964095663,-0.01580567163298885,-0.01580263187675346,-0.015796364249609063
2019-09-11,0.005112122366230709,0.0051116884662014694,0.005108922494856172,0.005103633536053254
2019-09-12,0.001366101013642096,0.0013659251657451854,0.0013649061270988305,0.0013630002521696216
2019-09-13,-0.014937779341374302,-0.014985127476478288,-0.015078306827091548,-0.015169164254181022
2019-09-16,0.009698830902349798,0.009699099626388374,0.009698235782002573,0.009695497219855076
2019-09-17,0.0035663331840136703,0.003566230855203356,0.0035656189070967237,0.003564462305978733
2019-09-18,-0.0030169013103598097,-0.0030169965312244473,-0.0030160837845423227,-0.0030136952931660854
2019-09-19,0.00481889604726371,0.004818917891837415,0.004818232805579914,0.004816572884802639
2019-09-20,0.011438580253641861,0.01141094168003387,0.0113524130155227,0.011289479679884362
2019-09-23,-0.0016304330834565617,-0.0016282523446742303,-0.001624786976655912,-0.0016225232071234164
2019-09-24,-0.006800632626890568,-0.00679945164162965,-0.006797795220194303,-0.006797083771873935
2019-09-25,-0.01945320093161851,-0.019459613201333936,-0.019469598803287025,-0.019475778677971012
2019-09-26,-0.0033503860290564624,-0.0033507308998083074,-0.0033513377892888663,-0.0033518332875783763
2019-09-27,-0.0022380336872143136,-0.002269821039607489,-0.002331114523331679,-0.0023896875202491508
2019-09-30,-0.008490055299272603,-0.008490626711631033,-0.008490415892808745,-0.00848840222684677
2019-10-01,0.004811559371965757,0.004811936039568643,0.004812166794578188,0.004811700205098246
2019-10-02,0.008059115493928903,0.008059911522772412,0.008060390825890051,0.00805938529264294
2019-10-03,0.006319215270060408,0.0063188800830025205,0.00631794474889813,0.0063166603872486515
2019-10-04,0.0035614609381815487,0.0035214164839405537,0.0034414214117513,0.0033616131321143605
2019-10-07,-0.009062187551104106,-0.009062200461621761,-0.009061440014869748,-0.009059642946347202
2019-10-08,0.005676867855272771,0.005677510503772298,0.005677893673096124,0.00567707696722608
2019-10-09,0.004651750839483437,0.004651423623551976,0.004650734837527981,0.004650006242006066
2019-10-10,-0.011272592837669904,-0.011272983333020958,-0.011272901867438234,-0.011271677037016481
2019-10-11,-0.010771231332435738,-0.010794583768647392,-0.01084133724806946,-0.010888191394297975
2019-10-14,0.006502620692202976,0.006503816748735902,0.006505883388111755,0.0065075141837689365
2019-10-15,-0.010927808794021776,-0.010929358667342015,-0.01093180628162349,-0.010933380905902235
2019-10-16,0.002417285661452828,0.002418899998612112,0.0024216465341704296,0.002423747487758865
2019-10-17,0.0010557189439233117,0.0010562592822092043,0.0010572421653329833,0.0010580940319184773
2019-10-18,-0.003918817769732463,-0.004016275229133837,-0.004211264252629188,-0.004406367403944622
2019-10-21,-0.0011549156436551078,-0.0011556814411752825,-0.001156744659034259,-0.00115718070486992
2019-10-22,0.0010554843147478898,0.001055761595781135,0.0010560123834963964,0.0010558566671343694
2019-10-23,-0.006302077848575172,-0.006301213714145271,-0.006299676913096852,-0.00629839714538627
2019-10-24,0.004293075704593363,0.004295988763483249,0.0043012605554486605,0.004305787713880349
2019-10-25,0.021670776458614593,0.02133039863929076,0.020649405464606918,0.01996843422284833
2019-10-28,0.0026454730628810985,0.002645752325300066,0.0026464655824276484,0.0026473841631582395
2019-10-29,-0.0027385880230819115,-0.002739430708099677,-0.0027402342459033058,-0.0027398583787316966
2019-10-30,0.00646675042293432,0.006467523562841304,0.006468122453784142,0.006467454763389613
2019-10-31,0.01093592908852914,0.010936622608276325,0.010936921587916482,0.010935766659309287
2019-11-01,0.004115658974739533,0.004041487464237159,0.0038931797105334898,0.00374486538170693
2019-11-04,-0.0009896501376711608,-0.0009889102796787341,-0.0009876196954083927,-0.0009865868757991114
2019-11-05,-0.015305894937206466,-0.01531836522335528,-0.01534127447004452,-0.01536142262287521
2019-11-06,0.003742770185096944,0.00374505600975672,0.003749279003577799,0.0037530283217805938
2019-11-07,-0.015123206611000306,-0.015133796604749117,-0.015153283412674523,-0.01517046907269759
2019-11-08,-0.006193721986131995,-0.0064371329832402235,-0.006926365272394763,-0.007418232049911211
2019-11-11,-0.00214777783419573,-0.002148563968732531,-0.0021499568429736993,-0.0021511053127315494
2019-11-12,0.004233255688723236,0.004234946702952991,0.004237942844264264,0.004240413259456677
2019-11-13,0.003105617009354189,0.0031057624154551267,0.003106020046182545,0.003106232471030701
2019-11-14,0.0025417789890596065,0.002541313823425151,0.002540489642322008,0.00253981007840709
2019-11-15,0.0013036796191618905,0.0011574532034319684,0.0008642298210121968,0.0005700512858921591
2019-11-18,0.0007436432517240466,0.0007440545456038894,0.000744748202763601,0.000745266783695131
2019-11-19,0.0015258830630158204,0.0015266536874978254,0.001527953364482082,0.0015289250083150296
2019-11-20,-0.004632535108807456,-0.004635664217577773,-0.004640941535837828,-0.004644886880568078
2019-11-21,-0.007749025920214869,-0.007750187178933277,-0.007752145670084976,-0.007753609846085752
2019-11-22,-0.0020298219081468227,-0.002070923964226812,-0.0021531747732563833,-0.002235502868451311
2019-11-25,0.006663920134761581,0.006670324282956441,0.006681152313784189,0.006689290761026756
2019-11-26,0.004347957185006912,0.004348989969864103,0.004350736185899429,0.004352048657880969
2019-11-27,0.00507466959556524,0.005078449367312388,0.005084840144625957,0.005089643511446251
2019-11-29,-0.0005605134989499216,-0.000770527683115585,-0.0011897032467526047,-0.0016077683056593406
2019-12-02,-0.015728809669686927,-0.01573387625353273,-0.015742427018887506,-0.01574882991120985
2019-12-03,-0.002866919923332656,-0.0028707958483017437,-0.0028773371640977707,-0.0028822353619725183
2019-12-04,0.00261615866197773,0.0026186647830279686,0.0026228943100037316,0.0026260614189907994
2019-12-05,0.0033269529144350773,0.0033279306459479407,0.003329580742541971,0.003330816350159971
2019-12-06,0.008082112096431615,0.007984622209500802,0.007787973617921606,0.007589085147445607
2019-12-09,-0.005603469574769426,-0.005605648645963246,-0.005609335651202363,-0.005612112196785035
2019-12-10,-0.0012696070781945679,-0.0012700073126473699,-0.0012706845124234034,-0.001271194486216376
2019-12-11,0.00668317058903467,0.006685714847632918,0.006690019752772169,0.006693261615631885
2019-12-12,0.004913251280009634,0.004916836692664628,0.004922903238484988,0.004927471726975607
2019-12-13,0.005668351705907737,0.005614805847133475,0.00550718202426026,0.0053988597541712036
2019-12-16,0.004165715684421034,0.004170271077279963,0.004177957404235322,0.004183712682710894
2019-12-17,-0.0035659228069290227,-0.0035656625252564744,-0.003565223351271296,-0.003564894511683958
2019-12-18,0.007793987307991523,0.007794333956415045,0.007794918857257915,0.0077953568125064265
2019-12-19,0.005190329282832362,0.005193165981020265,0.005197952349709656,0.00520153623117281
2019-12-20,0.0039055495320317046,0.0038734812227672055,0.0038087687831176442,0.0037432996031798726
2019-12-23,0.004238865999781849,0.004240084851855119,0.0042421290069452056,0.0042436401762295795
2019-12-24,0.0029417445704738032,0.0029419843457929584,0.0029423864765765195,0.0029426837571944198
2019-12-26,0.009541795201167824,0.009545867058164959,0.009552696030598273,0.00955774444078683
2019-12-27,-6.711405521131475e-05,-0.0001906801475237696,-0.00043769403493310044,-0.0006845489411039241
2019-12-30,-0.0051489442891533566,-0.005151947000301638,-0.005156973418626087,-0.005160674336625037
2019-12-31,0.0014271296549310808,0.0014279931003318147,0.0014294384733866128,0.001430502691843527
2020-01-02,0.01640184209597284,0.016409492205023524,0.016422298181494988,0.01643172713582386
2020-01-03,-0.027112715314857483,-0.027279851416649237,-0.02761292187397435,-0.02794427750622719
2020-01-06,0.011241033926250754,0.011243476224923832,0.01124756474539712,0.011250575685555875
2020-01-07,0.003896722859157542,0.003896670071720676,0.0038965817031200167,0.003896516625160773
2020-01-08,0.0029546545619683062,0.0029575035871045596,0.002962272986411829,0.002965785351336736
2020-01-09,0.003997077923737047,0.004000289802075674,0.004005666634357086,0.004009626335756966
2020-01-10,0.03628455329469804,0.03601409008484624,0.035471900943887524,0.034928480525321604
2020-01-13,0.00411403856772008,0.004113876079655299,0.004113261130596957,0.004112261106324677
2020-01-14,0.0010837123860671927,0.001083945952097265,0.0010848299013912488,0.0010862673712721538
2020-01-15,0.00407117128031631,0.004070848339486455,0.004069626144125316,0.004067638621727765
2020-01-16,0.0058598325414740415,0.005859458590645961,0.005858043343872188,0.0058557418831153285
2020-01-17,0.0060023222859559855,0.005940670678719062,0.0058207288316658445,0.005705361181508772
2020-01-21,-0.0021455108813047685,-0.002145078498683617,-0.002144265945315471,-0.002143525633314214
2020-01-22,0.0018313392774966797,0.0018330243418025471,0.0018361909923809705,0.0018390761067859085
2020-01-23,0.0011778967591804523,0.0011810927395270454,0.0011870987732300886,0.0011925708308266891
2020-01-24,-0.00011713074379748889,-0.00032184918391719997,-0.0007311730996213406,-0.0011403366351926403
2020-01-27,-0.0044488623422950235,-0.004456133261646733,-0.004469793681353362,-0.004482234804887408
2020-01-28,0.006919012454297491,0.00692200381171193,0.006927623898498547,0.00693274234987018
2020-01-29,0.005561543589053919,0.005565850699561503,0.005573942790040309,0.005581312600006605
2020-01-30,0.004013834912397041,0.004015868991360083,0.004019690567561129,0.00402317103907146
2020-01-31,-0.005822860367147298,-0.005958880596538596,-0.006230515627341338,-0.006501589046106204
2020-02-03,0.004242375257446085,0.004245119824453969,0.004250273712800068,0.00425496406380188
2020-02-04,0.002384620320085018,0.0023865718724598306,0.0023902365973555995,0.0023935717192928863
2020-02-05,0.005257743279236893,0.005260184769634746,0.005264769525216373,0.0052689419308817875
2020-02-06,0.010646560237829394,0.0106544632128589,0.010669303823704235,0.010682809679724459
2020-02-07,0.0010481675051039474,0.0009273445234672106,0.0006854336128259142,0.00044322066933388804
2020-02-10,0.009440034242793383,0.00944690459421671,0.009459782060162736,0.009471467278706402
2020-02-11,0.0007500105509588018,0.0007475505505880609,0.0007429396407452327,0.0007387556274134344
2020-02-12,0.005543970777595719,0.0055473867409769895,0.005553789463255354,0.005559599395846826
2020-02-13,0.0025258297184294065,0.002529488675490299,0.002536346853777127,0.0025425700744345914
2020-02-14,-0.00021215975019805988,-0.0003174376677016477,-0.0005284324186956013,-0.0007400569680159341
2020-02-18,0.005911311607349257,0.005920839239027531,0.005938665397023923,0.005954796292908737
2020-02-19,0.003894594323277545,0.003902432487906893,0.003917097660302682,0.003930368179339894
2020-02-20,-0.0034077516372341687,-0.0034082177745506925,-0.003409089915470287,-0.0034098791160582786
2020-02-21,0.00011632739824563032,4.247358662801126e-05,-0.00010569173825913936,-0.00025448940900818506
2020-02-24,-0.0185756505991308,-0.018584559560249736,-0.01860121189333841,-0.018616258100883076
2020-02-25,-0.028066249943435206,-0.028089493777381236,-0.02813294037681724,-0.02817219653081937
2020-02-26,-0.00017801083546820085,-0.00017291673358632575,-0.0001633950081917357,-0.00015479165779597182
2020-02-27,-0.02892765762844529,-0.02894726337065312,-0.028983909770310068,-0.029017021607076088
2020-02-28,-0.0007145854929166973,-0.0014302658693357007,-0.0028646247781468626,-0.0043024845629914266
2020-03-02,0.0,0.0,0.0,0.0
2020-03-03,0.0,0.0,0.0,0.0
2020-03-04,0.0,0.0,0.0,0.0
2020-03-05,0.0,0.0,0.0,0.0
2020-03-06,0.0,0.0,0.0,0.0
2020-03-09,0.0,0.0,0.0,0.0
2020-03-10,0.0,0.0,0.0,0.0
2020-03-11,0.0,0.0,0.0,0.0
2020-03-12,0.0,0.0,0.0,0.0
2020-03-13,0.0,0.0,0.0,0.0
2020-03-16,0.0,0.0,0.0,0.0
2020-03-17,0.0,0.0,0.0,0.0
2020-03-18,0.0,0.0,0.0,0.0
2020-03-19,0.0,0.0,0.0,0.0
2020-03-20,0.0,0.0,0.0,0.0
2020-03-23,0.0,0.0,0.0,0.0
2020-03-24,0.0,0.0,0.0,0.0
2020-03-25,0.0,0.0,0.0,0.0
2020-03-26,0.0,0.0,0.0,0.0
2020-03-27,0.0,0.0,0.0,0.0
2020-03-30,0.0,0.0,0.0,0.0
2020-03-31,0.0,0.0,0.0,0.0
2020-04-01,0.0,0.0,0.0,0.0
2020-04-02,0.0,0.0,0.0,0.0
2020-04-03,0.0,0.0,0.0,0.0
2020-04-06,0.0,0.0,0.0,0.0
2020-04-07,0.0,0.0,0.0,0.0
2020-04-08,0.0,0.0,0.0,0.0
2020-04-09,0.0,0.0,0.0,0.0
2020-04-13,0.0,0.0,0.0,0.0
2020-04-14,0.0,0.0,0.0,0.0
2020-04-15,0.0,0.0,0.0,0.0
2020-04-16,0.0,0.0,0.0,0.0
2020-04-17,-0.013980073754364608,-0.0144913177735575,-0.01551306586272505,-0.01653370899090867
2020-04-20,0.0017844114903633468,0.0017848143253509363,0.0017853546622026428,0.001785539590739349
2020-04-21,-0.0008134749984577416,-0.0008138289487186201,-0.0008142670742604663,-0.0008143426870448334
2020-04-22,0.010140570471940169,0.01014160100784034,0.010142889689770618,0.010143140821156305
2020-04-23,0.010506736219876744,0.010507206018336879,0.010507729346344474,0.01050769172406718
2020-04-24,0.00210188673050804,0.002020949218342949,0.0018593656536862735,0.0016981918744500835
2020-04-27,-0.0066746760796806415,-0.00667410604664187,-0.006672699337480936,-0.006670931401755342
2020-04-28,0.002494110939928129,0.002493765476148546,0.0024931859200054696,0.0024927533760634724
2020-04-29,0.014306099977074549,0.01430525086116985,0.014303295710374364,0.014300990520425438
2020-04-30,-0.013175921570775961,-0.013175355501733765,-0.013173587717103197,-0.013170964060535417
2020-05-01,0.0036717678748527938,0.00338792435753299,0.0028177064363545945,0.002244143325625725
2020-05-04,0.0009393558912338396,0.000939790521981898,0.0009404312203697973,0.0009407673227210811
2020-05-05,0.0007103882388890259,0.0007107693286134698,0.0007113079418075152,0.000711548826782149
2020-05-06,-0.004843804039538768,-0.004847612758630326,-0.004855475138070164,-0.004863643680414698
2020-05-07,0.02300613587229816,0.02301917413228738,0.023045384507331956,0.023071710262059675
2020-05-08,-0.006345393320344006,-0.0064655977893729455,-0.006706618297154798,-0.006948408885304125
2020-05-11,-0.01783888483107221,-0.01784546783544161,-0.017859060526861814,-0.017873187587033934
2020-05-12,0.00370498289274801,0.003706912158968345,0.0037114049054258746,0.0037167284329446826
2020-05-13,0.008710844827678033,0.008714901129722508,0.008723471432993346,0.008732628914508656
2020-05-14,0.01494840766415928,0.014954419487645865,0.014966290336466903,0.014977930932856376
2020-05-15,-0.0022941145635676508,-0.002379281253414356,-0.002546955625358671,-0.0027110084023971304
2020-05-18,-0.004394900758248332,-0.004393799194613024,-0.004392060885950677,-0.004390943225638155
2020-05-19,0.004375080707615719,0.004374070977447353,0.004372056153240322,0.004370052164512472
2020-05-20,0.0051480334249849324,0.005148167982610419,0.005147868665113631,0.0051468159881820075
2020-05-21,-0.010702852431501153,-0.010701600323689275,-0.010698697020641967,-0.010695271058996259
2020-05-22,0.006903815235290933,0.006799253697290286,0.006591771410672687,0.00638656840529972
2020-05-26,-0.016570315487265397,-0.016561491488055524,-0.01654337136199291,-0.01652465332465325
2020-05-27,0.004898909540284491,0.004897443689396486,0.004894277995271645,0.004890806691873362
2020-05-28,0.0026421353282488624,0.0026401870938892458,0.0026362453510775374,0.0026322497887674157
2020-05-29,0.010113606843296319,0.01005357739915147,0.009933852660147346,0.009814597892810584
2020-06-01,0.006420378652151948,0.006419564665647082,0.006417691569633677,0.00641549835461408
2020-06-02,-0.007455810653842709,-0.0074546198729363855,-0.007452308328803614,-0.0074500956949031805
2020-06-03,-0.010279340132625325,-0.010276009010283693,-0.010268991590736354,-0.01026152162328231
2020-06-04,-0.0034810880770270725,-0.0034830071269661422,-0.0034868790343833833,-0.0034907856095198753
2020-06-05,-0.008169713192258232,-0.008551143260676297,-0.009314875631823982,-0.010079587293741699
2020-06-08,0.012123011478773149,0.012123851886897574,0.012124333449391678,0.012123229685935488
2020-06-09,0.011427984306433325,0.011428747386622584,0.01142918740414034,0.011428191595075576
2020-06-10,0.01758714683425522,0.017588334042286657,0.017589028754990688,0.017587502892049356
2020-06-11,-0.029649855369506373,-0.02965233387229549,-0.029654124159887996,-0.0296517249337116
2020-06-12,0.00822223667123212,0.007755337196692524,0.0068195542087092775,0.005881354748831447
2020-06-15,0.004065198109482138,0.00406405058649173,0.004061229434610514,0.004057713431263377
2020-06-16,0.00011967650170641164,0.00011768611419515906,0.0001129330734654932,0.00010716101600194428
2020-06-17,0.0028328718735013414,0.0028321377312219287,0.0028304974747825895,0.002828631201044818
2020-06-18,0.004775842538285557,0.004775874870279528,0.004775845459467298,0.004775691063172438
2020-06-19,-0.0006228209042286048,-0.0007272457075507832,-0.00093595203885255,-0.001144381974735098
2020-06-22,0.010920081366781575,0.010920556574510965,0.010920682155979522,0.010919707186098027
2020-06-23,0.0010529907151390905,0.0010533042588785069,0.0010533077460954665,0.001052479208053958
2020-06-24,-0.008554678024197182,-0.008555542078561906,-0.008555928292340309,-0.008554524004178998
2020-06-25,0.0048914121895959894,0.0048918248458984515,0.004892052583229001,0.004891482954934689
2020-06-26,-0.0031366459094449572,-0.0032558610641384433,-0.0034931454758047042,-0.0037288156278285634
2020-06-29,0.0027443075430850783,0.002744754483413381,0.0027450583186583444,0.0027445751510057903
2020-06-30,0.004496801769418912,0.004497540782661513,0.004497870427323081,0.004496668514959445
2020-07-01,0.003464370726073529,0.003464942692078754,0.0034655834270558294,0.0034655527710987233
2020-07-02,0.0016887950439137267,0.0016890393837167839,0.001689114659662705,0.0016886386192280778
2020-07-06,0.012194336210580525,0.011929120873594767,0.011396861213846199,0.010862330126810482
2020-07-07,0.0012436546388101544,0.0012441179124913493,0.0012449469270185975,0.0012456449499320676
2020-07-08,0.009705889544111557,0.009705883455473963,0.009704707487977915,0.009701983258425084
2020-07-09,0.002325921766651362,0.0023255965062181083,0.002324694994525478,0.0023234604387107893
2020-07-10,-0.0008051176476217003,-0.0009081063774394327,-0.001114176185666782,-0.0013202452351601668
2020-07-13,-0.005316715366931124,-0.005318986320974162,-0.005322524023677611,-0.005324712344888738
2020-07-14,0.005043325647326569,0.005045364962127152,0.005048522616417417,0.00505044414517708
2020-07-15,-0.000738247292597527,-0.0007377744299117417,-0.0007370415894901727,-0.000736594529543888
2020-07-16,-0.00729333642149721,-0.0072965268577624975,-0.007301459733797255,-0.007304449638471211
2020-07-17,0.004671998430560542,0.004608621700922466,0.004480722178409335,0.004351356196735434
2020-07-20,0.012972201275657014,0.012979342594567456,0.012991346096938639,0.01300027821279226
2020-07-21,0.0064039870359065,0.00640495688263476,0.0064063469855566435,0.006407002287668995
2020-07-22,0.012163876493435755,0.012168559382444544,0.012176176970809749,0.012181444844003853
2020-07-23,-0.000965062935339267,-0.0009681900357776385,-0.0009736765979352358,-0.000978123084769189
2020-07-24,-0.0013063505590024116,-0.0015145405845552462,-0.001930901073443736,-0.0023470624872468093
2020-07-27,0.045857561344436526,0.045859354805207087,0.045859142229386585,0.04585384644933299
2020-07-28,0.002335703165680103,0.0023359334156460854,0.0023359061245136203,0.0023352262361115983
2020-07-29,0.011905577817595159,0.011906383044033353,0.011906287601928467,0.011903909907261534
2020-07-30,-0.0031170093445035407,-0.0031173711124524717,-0.003117328232719707,-0.0031162599944176694
2020-07-31,0.013803368054790877,0.013721685796954208,0.013554984308961293,0.013383875557626324
2020-08-03,0.0035613745108324935,0.003558883635587984,0.0035529687505226892,0.003545825462706098
2020-08-04,0.017640875111347487,0.017630466808780554,0.017606525111687477,0.017578478821066668
2020-08-05,0.010548503524113961,0.010543837560185843,0.010533092727951443,0.010520491962652478
2020-08-06,0.014761413768207055,0.014753330137317056,0.014734583651908606,0.014712447238767856
2020-08-07,-0.01847586941276158,-0.01858224957454435,-0.018792542950847424,-0.018999446920280105
2020-08-10,-0.002324624741246506,-0.0023233898949783782,-0.002320034682475658,-0.002315506025785563
2020-08-11,-0.05294720401489117,-0.05293378993805331,-0.05289734242269706,-0.05284814783841507
2020-08-12,0.008299683965121263,0.008297595840702332,0.008291922178045974,0.008284264221858573
2020-08-13,0.01936636875328568,0.019361203230296553,0.019347167938807974,0.019328223977242764
2020-08-14,-0.0030266231975815128,-0.0032355254443431347,-0.0036529609853974687,-0.004069681899836475
2020-08-17,0.020979722431703873,0.020978911572637093,0.02097625830769312,0.02097221758123835
2020-08-18,0.0060258239878490105,0.0060253595006882765,0.006023839621894789,0.0060215249587989295
2020-08-19,-0.019967161819154366,-0.019966252391696804,-0.019963276594680335,-0.019958744675711793
2020-08-20,0.011939183081686622,0.011938654111684155,0.011936923234370012,0.011934287236118779
2020-08-21,-0.002283291356693584,-0.00236052061256653,-0.002514940457647552,-0.002669277066421172
2020-08-24,0.0033694528246710487,0.0033693334347562054,0.0033689976640864927,0.003368532422462378
2020-08-25,-0.00045032614089601797,-0.00045071404683250105,-0.00045180498852681605,-0.0004533165901392522
2020-08-26,0.01688956553018328,0.01688827036538676,0.016884627860477952,0.016879580829713747
2020-08-27,-0.009065861386627017,-0.00906539201703771,-0.00906407196800807,-0.009062242916783703
2020-08-28,0.012300238635352123,0.012236996174620929,0.012109846426374915,0.011981841471295551
2020-08-31,0.007750200813159802,0.007749557164026033,0.007747972490569133,0.007745990897779498
2020-09-01,0.014925075119285314,0.01492386367620857,0.01492088108586942,0.014917151434511666
2020-09-02,-0.007157572951992708,-0.00715768362939273,-0.0071579561187491425,-0.007158296859575808
2020-09-03,-0.04819611720848993,-0.04819233777575316,-0.04818303275780711,-0.04817139707577556
2020-09-04,-0.002463032960624112,-0.0025622587326101787,-0.0027603150025737877,-0.0029578082721364307
2020-09-08,-0.027571702718293123,-0.027568184060303924,-0.027559892965211663,-0.02754992814854096
2020-09-09,0.01849036385088154,0.018487657385084733,0.018481280077215168,0.018473615383580944
2020-09-10,-0.007612264669788371,-0.007610647184593922,-0.007606835866870498,-0.007602255159259941
2020-09-11,-0.000907108809988344,-0.001038539879052558,-0.001301659500368424,-0.0015650475940830466
2020-09-14,0.013342545209485523,0.013342480503365062,0.013341907276775755,0.013340741025392955
2020-09-15,0.004700223680757842,0.004700191466532999,0.004699972994631096,0.0046995486783465434
2020-09-16,-0.0011365563793238609,-0.0011367871759070391,-0.0011370539053874307,-0.0011370605635467879
2020-09-17,-0.0075485027951256445,-0.007548719560499517,-0.007548767028384917,-0.007548298960903921
2020-09-18,-0.0020871056701496915,-0.0022124570766408613,-0.0024630567094533484,-0.002713476664422787
2020-09-21,-0.016846700964719963,-0.01684663770565875,-0.016845914653327743,-0.016844394314225575
2020-09-22,0.0020989017900499007,0.0020988746937122826,0.0020987585913319062,0.002098559710270287
2020-09-23,-0.023421136664413034,-0.023421369907260736,-0.023420787127990672,-0.02341880255041462
2020-09-24,0.009819303819912584,0.00981888946070364,0.009817921791253514,0.009816767739612153
2020-09-25,-0.007555958711863764,-0.00769855913132822,-0.007985262752638222,-0.008274045099848082
2020-09-28,0.010938037837935122,0.010940639022845478,0.010945473058421529,0.010949811280775767
2020-09-29,0.004749112213487727,0.004750020332785265,0.0047517190389698705,0.004753259352101358
2020-09-30,-0.00174905720911267,-0.0017493398542047789,-0.0017498241459225072,-0.0017502000845196486
2020-10-01,0.007280826846019162,0.007282868254373742,0.007286624362285554,0.0072899413121749745
2020-10-02,-0.009057963113523249,-0.009086064561117047,-0.009140383006422725,-0.009192107402009597
2020-10-05,0.010294607206699391,0.010294276124744428,0.010293286347178743,0.010291855759237967
2020-10-06,-0.01247914740201772,-0.01247899943251185,-0.012478207946063802,-0.012476751087866278
2020-10-07,0.0051601271011743055,0.005159792081019132,0.005158982512937005,0.00515798443955906
2020-10-08,0.007463245545960895,0.007462578534041642,0.0074611513839617505,0.007459596662852341
2020-10-09,0.019872740577014936,0.01972174756066014,0.019419388823068706,0.019116639768854915
2020-10-12,0.018515150710025186,0.01851346710394597,0.018509463320578012,0.018504617858284167
2020-10-13,-0.011031118287602837,-0.01103020316859149,-0.011027728688439487,-0.011024400392241618
2020-10-14,-0.0011381213547682067,-0.0011378003821074234,-0.0011370810162179001,-0.001136259578171317
2020-10-15,0.00029518088110247476,0.0002953714425237841,0.0002957673301786645,0.0002961823568450317
2020-10-16,-0.006457632857862716,-0.006488561689535488,-0.006549922113947226,-0.006610601827862439
2020-10-19,0.0030418499128299636,0.0030397170678844176,0.00303594536521401,0.003032835771206166
2020-10-20,0.007244435431506213,0.007245561442100978,0.007247531290756282,0.007249123189448481
2020-10-21,0.020548285350562745,0.020549482572521427,0.020551566889966733,0.020553235926996427
2020-10-22,-0.002213301390052602,-0.002215001055885346,-0.002217963854884819,-0.002220342066889258
2020-10-23,0.00030954697043261703,0.0002596456782522072,0.0001598238815812003,5.9992074701309406e-05
2020-10-26,-0.004294572911516692,-0.004296143984066081,-0.004298809937489767,-0.004300838567888432
2020-10-27,0.011927786643536331,0.011928948329117173,0.011930910701791753,0.011932390020936046
2020-10-28,-0.02898444210311324,-0.02899067756424578,-0.02900120286633756,-0.02900912481126916
2020-10-29,0.006296589127524843,0.006297734882343864,0.006299696868298454,0.006301217632696421
2020-10-30,-0.003216485774558131,-0.0032395315465250096,-0.0032852010412699473,-0.0033303002203225462
2020-11-02,0.006964634374144518,0.006966438627958427,0.006969560198276881,0.006972030223699521
2020-11-03,0.015329102583200749,0.015331822137311102,0.01533657020362944,0.015340393245385275
2020-11-04,0.01776186210480324,0.01776641580021643,0.01777441434921978,0.017780928157564047
2020-11-05,0.04145614177164747,0.041462578452604815,0.041473770467919335,0.04148271227113809
2020-11-06,0.0021841972518292785,0.002137527465794209,0.0020447228106241777,0.0019526567495253833
2020-11-09,-0.03396865179222597,-0.03397098233631923,-0.03397290243597695,-0.033971168288347675
2020-11-10,-0.004582968371162566,-0.004583186339973899,-0.004583257097732107,-0.004582840997432669
2020-11-11,0.010818268022025235,0.010818531963267208,0.01081861304399756,0.010818098448148739
2020-11-12,0.007426695034976172,0.007426862921572797,0.007427043166736036,0.007427016066204883
2020-11-13,-0.018974207624921746,-0.019304130011766008,-0.019964706497580198,-0.02062607958414442
2020-11-16,0.01402182111544037,0.014021903089528998,0.014021927919057875,0.014021767455642653
2020-11-17,0.00970664716754821,0.009706653023492606,0.009706742040890948,0.009706933985632826
2020-11-18,-0.0019167354338694986,-0.0019167517791384148,-0.0019166202490167317,-0.0019162700492507678
2020-11-19,0.002024163200421647,0.0020242647648234247,0.0020243386236231675,0.002024240289006274
2020-11-20,0.013590688818199137,0.013570154072502838,0.013529612923803613,0.013489780985754818
2020-11-23,-0.003983444750024767,-0.003983221204710841,-0.003982665781575578,-0.0039819652597621324
2020-11-24,0.01544885913648053,0.015447358061117411,0.015444160983196564,0.015440707638181284
2020-11-25,-0.002752949128868143,-0.002753677881994321,-0.002755255174366922,-0.002756990795985348
2020-11-27,-0.015598650125103086,-0.015638534657578917,-0.015718440387983645,-0.015798526587800676
2020-11-30,0.02046777342356232,0.02046701688367314,0.02046547639494145,0.020463899716493428
2020-12-01,0.009337929781186194,0.009340969863643078,0.0093468609641989,0.009352504510045545
2020-12-02,0.008607807949109647,0.008608782043773244,0.008610709820682905,0.00861261103279043
2020-12-03,0.0075372303674341445,0.007538252418224811,0.007540274151142112,0.0075422667619649
2020-12-04,0.011793889944186287,0.011649233191624253,0.011359871074631878,0.011070466885647168
2020-12-07,0.008331538178150133,0.008332506988897093,0.00833431404834828,0.008335949461986347
2020-12-08,-0.0027011224516854115,-0.002700946399221138,-0.002700668348664337,-0.0027004876620757567
2020-12-09,-0.013293315888052826,-0.013294030388236955,-0.013294968683760455,-0.013295261810083892
2020-12-10,0.0036518678347801092,0.0036516273175974945,0.003651062892122914,0.0036503888188392786
2020-12-11,0.005826465162471317,0.0057584431628165955,0.0056233133054532924,0.005489373262235642
2020-12-14,0.008411094095161165,0.008409678081970018,0.00840670346559702,0.008403541553141824
2020-12-15,0.012103569431184402,0.01210091508689981,0.012095475082938068,0.012089864089317004
2020-12-16,0.013488156910058002,0.01348683445348331,0.013484115998850132,0.013481301601783624
2020-12-17,0.012636875984497475,0.012635202065315765,0.012631780905874246,0.01262826448556087
2020-12-18,-0.001121045966603007,-0.001142260555535124,-0.001184609270438397,-0.0012268532926817954
2020-12-21,-0.006537225775409827,-0.00653671167673886,-0.006535661508789037,-0.006534582808985112
2020-12-22,0.0007640905598484959,0.0007637003483560445,0.0007628488912299058,0.0007619037947756979
2020-12-23,1.739416611634681e-06,2.690028406249212e-06,4.697855921831362e-06,6.845812539291174e-06
2020-12-24,0.007445774091320967,0.007444661283172005,0.0074423729030275165,0.007440002626063702
2020-12-28,0.024550062598765132,0.024510795781632178,0.024432075362227357,0.024353118247627314
2020-12-29,0.0037314394312522037,0.003731149367757647,0.0037305630958155422,0.0037299690183147938
2020-12-30,0.007624979657700148,0.007624791429801991,0.007624438100975128,0.007624115630580297
2020-12-31,0.0014878599971721584,0.0014872117758155667,0.0014858789231944058,0.0014844985821000911
2021-01-04,0.004334717595985582,0.004293809475498289,0.004212451232529668,0.004131701939419141
2021-01-05,0.014889767158475342,0.014888025478940525,0.014884388463140663,0.014880549428352152
2021-01-06,-0.005213251860542889,-0.005210037548929902,-0.005203373979454362,-0.0051964018120899125
2021-01-07,0.021481991900702324,0.021477162936275773,0.0214670313841403,0.021456276849920464
2021-01-08,0.007328515131725721,0.007246973239518173,0.0070838066277327805,0.006920543774602939
2021-01-11,-0.022042535336093683,-0.02204149818344947,-0.02203913932877344,-0.022036402826786983
2021-01-12,-0.002284816554636082,-0.002284427991464444,-0.00228362393001047,-0.002282784978344554
2021-01-13,0.012336422774116507,0.01233572376667258,0.012334196188357849,0.012332497326055236
2021-01-14,0.005052129295812113,0.005052521573705837,0.005053411291444432,0.005054440551174766
2021-01-15,-0.02322404534734035,-0.023381203948312668,-0.02369579607479466,-0.024010785282644997
2021-01-19,0.009645668351118575,0.009642792650494059,0.009636633558474994,0.00962993579054583
2021-01-20,0.016933675713120655,0.016929029947761576,0.016919080821010457,0.016908262766359927
2021-01-21,-0.0029230199931795653,-0.002924480730326695,-0.0029276112689385902,-0.0029310179351530463
2021-01-22,-0.002852310516250567,-0.002926373987496289,-0.00307301225950396,-0.0032176638181397044
2021-01-25,0.002690151297524146,0.002682755013527327,0.0026677372480499173,0.0026524262876574944
2021-01-26,-0.0014469719505616485,-0.001447648721181194,-0.0014490353765000963,-0.0014504653999580785
2021-01-27,-0.029892744918271763,-0.02986697628361601,-0.029814670765374474,-0.029761365362291792
2021-01-28,0.014378498928531602,0.014373130028952907,0.014362230238543772,0.014351119574479432
2021-01-29,-0.007162125845231682,-0.007256585774781277,-0.0074437189192749775,-0.007628482510474099
2021-02-01,0.02168152356300812,0.02166099997731452,0.02161910939687761,0.021576117580303977
2021-02-02,0.015411565942253791,0.015405493813167581,0.015392958273560131,0.015379909122430924
2021-02-03,0.002682072467838248,0.00268533926092962,0.002692006935889335,0.0026988496870332668
2021-02-04,-0.0003275311950297066,-0.0003268427907212601,-0.0003256389239252311,-0.000324664723439394
2021-02-05,0.006658682201527322,0.006569157022139338,0.006390451505968731,0.006212225867280541
2021-02-08,0.02632764086229078,0.026321279969502953,0.026308291152613794,0.02629495490709033
2021-02-09,0.002195358062115016,0.0021948244071710032,0.0021937459583485364,0.0021926533132170523
2021-02-10,-0.0038095358225198606,-0.00380882319967335,-0.003807345746622004,-0.003805799781303687
2021-02-11,0.011122028007654716,0.011120277093325193,0.01111664843537552,0.011112853359780406
2021-02-12,0.007653063658594972,0.007633461558344212,0.0075942998067515255,0.007555199988754424
2021-02-16,0.0006423689947474553,0.0006475234955802822,0.0006579966329149922,0.0006686814945624509
2021-02-17,0.00017692910922550986,0.00018284294199233386,0.0001948845997754578,0.00020720327621637225
2021-02-18,-0.0066153560112074405,-0.006612321621132788,-0.006606114101776472,-0.0065997260062503615
2021-02-19,0.0028984034104113654,0.00272966128339891,0.002393486473270867,0.002059077930942621
2021-02-22,-0.02189422554506426,-0.02188043596600031,-0.02185208530267091,-0.021822727447285972
2021-02-23,-0.005363792935859202,-0.00536220890691308,-0.0053589522250994115,-0.005355579845673697
2021-02-24,0.0075766581519496334,0.007572272727949025,0.007563256522391093,0.007553920005082482
2021-02-25,-0.030807727738504598,-0.030789180474387834,-0.030751048255977187,-0.030711561343780502
2021-02-26,-0.0013720874674599814,-0.0016809407311404456,-0.002298284797416228,-0.00291509417896485
2021-03-01,0.017240530758263706,0.017229656726399423,0.01720745046917771,0.017184659241864964
2021-03-02,-0.0047791273598608575,-0.004773329695743178,-0.004761490074314145,-0.004749338566718886
2021-03-03,0.0007689911216386403,0.0007794811952908098,0.0008009033574378766,0.0008228898345896685
2021-03-04,-0.00632421846413711,-0.006318302206580806,-0.006306220401163576,-0.006293820329829503
2021-03-05,0.010167739971949752,0.010078763051359463,0.009901118625654792,0.009723906478750877
2021-03-08,-0.012538263812401196,-0.012532750451565211,-0.012521388671819955,-0.012509590727750597
2021-03-09,0.016774914532746266,0.01676723450865958,0.016751407729910905,0.01673497338118568
2021-03-10,0.0045739167566720695,0.00457447259314403,0.004575618045393082,0.004576807470102029
2021-03-11,0.021837919294714236,0.021833434589591194,0.021824192634756656,0.02181459589298962
2021-03-12,-0.0016256770768863227,-0.0016691328880265033,-0.001755849708480972,-0.0018423081409560949
2021-03-15,8.942397863864748e-05,8.772875199558605e-05,8.421853597595508e-05,8.055163400499943e-05
2021-03-16,0.002100330822253582,0.0020994598135819498,0.0020976562620602657,0.0020957722051839767
2021-03-17,0.005303976352729833,0.0053033229449233055,0.005301969967987485,0.005300556598051065
2021-03-18,-0.0306772389698583,-0.030672378266857536,-0.030662313466608637,-0.030651799402612978
2021-03-19,0.007858399031085428,0.007587056115325064,0.007043904885422059,0.0065001836735061325
2021-03-22,-0.004097806087619116,-0.004098371628264652,-0.004099988579310043,-0.004102249540240521
2021-03-23,-0.011042259084161787,-0.011042127521228351,-0.01104175136643859,-0.0110412253942479
2021-03-24,-0.014420025899901212,-0.014419517294717799,-0.014418063129239878,-0.014416029789182216
2021-03-25,-0.002570024330658005,-0.0025699721159702094,-0.0025698228276835877,-0.002569614079877436
2021-03-26,0.0354852122837106,0.03545582671170133,0.03539679722296296,0.03533742646251614
2021-03-29,0.006035767984350349,0.006035762427279545,0.0060357585746158016,0.00603576436944131
2021-03-30,0.0015275412032660363,0.0015274430404916828,0.0015273749851867358,0.0015274773477718107
2021-03-31,0.008885754613868313,0.008886053083727363,0.008886260010003033,0.008885948770365193
2021-04-01,0.0098051040545728,0.009805436530326173,0.009805667032560361,0.009805320332114897
2021-04-05,0.01460145104025945,0.01458616990405015,0.014555199794388463,0.014523687474540914
2021-04-06,-0.0014980445662682307,-0.001498033688774214,-0.0014979944449204918,-0.0014979319757529863
2021-04-07,-0.009204711429043111,-0.00920474928344972,-0.009204885854685041,-0.00920510325156565
2021-04-08,0.014485788176634484,0.0144856248448606,0.014485035576025318,0.014484097565861775
2021-04-09,0.0051759909549913274,0.005142541521566457,0.0050753758676622684,0.0050078588921069755
2021-04-12,-8.230007872755962e-05,-8.231519533741238e-05,-8.231117983692471e-05,-8.226164724800533e-05
2021-04-13,0.01809222952891809,0.018092364723110155,0.018092328810802583,0.01809188582005028
2021-04-14,-0.0012556595227714018,-0.0012557985933420168,-0.0012557616513326764,-0.0012553059588518156
2021-04-15,0.01224606491979574,0.012246240439823142,0.01224619381556269,0.012245618689162185
2021-04-16,-0.0022739964314811845,-0.0022974820279771935,-0.002344527553844289,-0.002391668085371723
2021-04-19,-0.020366900971301782,-0.020366857808361782,-0.020366542196017745,-0.02036592204515597
2021-04-20,-0.0035639080061058426,-0.003563873630728631,-0.0035636222740469403,-0.003563128379984515
2021-04-21,-0.0019578576424871263,-0.001957898019794624,-0.0019581932632765087,-0.0019587733910919614
2021-04-22,-0.013958647880605746,-0.013958591026215217,-0.013958175300422426,-0.013957358435323308
2021-04-23,0.04655863872473898,0.04627476601171754,0.04570661415988253,0.0451379167959618
2021-04-26,0.013532580522022997,0.013532731410685006,0.013532880846593986,0.013532827901898248
2021-04-27,0.0016014102234842564,0.0016013098302638529,0.0016012104036273733,0.0016012456301874867
2021-04-28,0.0005352651440078127,0.0005351867903939933,0.0005351091911673933,0.000535136684341575
2021-04-29,0.0007796945486053808,0.0007797779511624636,0.000779860550721434,0.0007798312859446099
2021-04-30,0.0008674391100751411,0.0008124081348972467,0.0007032652999967581,0.0005953611852909102
2021-05-03,0.0010491296068524392,0.0010476781444246352,0.001044874382957639,0.0010422047632838716
2021-05-04,-0.011203645131293016,-0.011208549805009183,-0.011218024066905419,-0.011227045046845796
2021-05-05,0.009615949279369262,0.009615032880485597,0.009613262690758795,0.009611577193124221
2021-05-06,0.006281968468381249,0.00628402272132611,0.006287990881396643,0.006291769190756025
2021-05-07,0.019355670302895422,0.019242164612207624,0.01901481730845922,0.01878701486972445
2021-05-10,-0.015048248391485108,-0.015053648931662056,-0.015063945880644969,-0.015073562796453
2021-05-11,0.0035515819697844453,0.0035512866409082022,0.0035507235516112345,0.0035501976499707766
2021-05-12,-0.02764213773051505,-0.02764767270651758,-0.02765822597779255,-0.027668082287804374
2021-05-13,-0.00609637878097391,-0.006094725538479562,-0.006091573380906046,-0.00608862939875654
2021-05-14,0.017854220661400744,0.017842612574182848,0.017818718186737748,0.017793915581453712
2021-05-17,-0.009966770751779097,-0.009968518740645527,-0.009971888244233007,-0.009975087170574493
2021-05-18,-0.0024580069015845973,-0.002459952206568472,-0.0024637020657624076,-0.0024672620926451394
2021-05-19,-0.022144026821028118,-0.02214369595648935,-0.022143058166814722,-0.022142452664509316
2021-05-20,0.012191114655511148,0.01219668857483125,0.012207433117606081,0.012217633730253752
2021-05-21,-0.0065671209606804615,-0.006586072704191648,-0.006623861425131605,-0.006661493667956764
2021-05-24,0.01609653486655671,0.016101429092421293,0.01611085919934152,0.016119805950677746
2021-05-25,-0.0005482692724689819,-0.0005478667239893209,-0.0005470911007735557,-0.0005463552333968558
2021-05-26,0.005410409860312493,0.005411423649527292,0.005413377000466291,0.005415230229201873
2021-05-27,0.0033629301979727355,0.0033618415728429163,0.0033597440294004244,0.003357753998984192
2021-05-28,0.00802303031492646,0.007907510868880863,0.007675891258921208,0.007443500042444429
2021-06-01,0.010288076762200893,0.010286851535246333,0.01028447788467024,0.010282207750774042
2021-06-02,0.005957082960068583,0.00595825112002335,0.0059605370261970325,0.005962754961960304
2021-06-03,-0.006740531341750899,-0.00674587784873415,-0.006756312605278536,-0.0067663992043781596
2021-06-04,-0.030537211492487337,-0.030849151782898376,-0.03147381396820603,-0.03209944973669232
2021-06-07,-0.008458442766249852,-0.008457954449930138,-0.008456982371724209,-0.008456016690524537
2021-06-08,0.0016271247465278194,0.0016272026119386052,0.0016273576165244386,0.0016275116010633361
2021-06-09,0.007376135494698621,0.007376174439518213,0.007376251965926395,0.007376328982152458
2021-06-10,0.004812386310429462,0.004814093875963987,0.00481749308089352,0.004820869916495996
2021-06-11,-0.010587327045532224,-0.010689575945128427,-0.010894175550804963,-0.011098922194993754
2021-06-14,0.006178407570907485,0.006179711985096814,0.006182275811504656,0.006184777661272234
2021-06-15,-0.0036808511798258614,-0.0036817401817410556,-0.0036834875152224056,-0.0036851926095499143
2021-06-16,-0.01088246278542293,-0.010882959942988935,-0.010883937106306085,-0.010884890648172663
2021-06-17,-0.01062615861534022,-0.010624430223965975,-0.010621033070298047,-0.010617718037700952
2021-06-18,0.05958370307850558,0.05905251842138459,0.05798931476164371,0.05692514976070506
2021-06-21,0.00017136262222372523,0.0001743497953885509,0.00018003725779069946,0.00018533745704885085
2021-06-22,0.007869769924881753,0.007874250233163904,0.007882780567195047,0.007890730065039042
2021-06-23,0.005326795342078139,0.005327030373612374,0.00532747786458132,0.005327894885588824
2021-06-24,0.007648432613886813,0.007651404216264535,0.007657062032488726,0.007662334604197296
2021-06-25,-0.005724721826504742,-0.005751138337861672,-0.0058012926091270955,-0.005847825348806124
2021-06-28,0.012691850682983619,0.012708431944085996,0.01274121284658003,0.012773454715424792
2021-06-29,0.006147949496770888,0.00615288384263013,0.006162638969787082,0.006172233688249262
2021-06-30,0.00045602096267871595,0.0004538700236940141,0.0004496176498429705,0.00044543520001538717
2021-07-01,-0.0017502404554738948,-0.0017497017804393167,-0.0017486368280406062,-0.0017475893872153092
2021-07-02,0.010860597902827118,0.010852158240218124,0.010834636056157088,0.010816219350319178
2021-07-06,-0.007186046706169069,-0.007180520865058715,-0.0071696168657274795,-0.007158920221727816
2021-07-07,-0.0033756750246559664,-0.0033729771791372043,-0.003367653590357955,-0.0033624312373254917
2021-07-08,-0.0034169301681920006,-0.0034246520617271514,-0.003439889474504798,-0.0034548371258215083
2021-07-09,0.013093004716233647,0.013026651699433511,0.012893342562785959,0.012759240863845056
2021-07-12,0.0017126482025306977,0.0017180673710825989,0.0017287382663579987,0.0017391745899828503
2021-07-13,0.001090037812538247,0.001090037812538247,0.001090037812538247,0.001090037812538247
2021-07-14,-0.0007534483225166699,-0.0007509593126541203,-0.0007460581985204717,-0.0007412648225288976
2021-07-15,-0.00846893556642625,-0.008478681467894211,-0.008497872141321583,-0.008516640958117105
2021-07-16,-0.0049158755241892615,-0.004991885949170882,-0.005143642447262509,-0.005295030161015513
2021-07-19,-0.018156006173627226,-0.018170813709294298,-0.01820011474102534,-0.0182289640559139
2021-07-20,0.010212152063339142,0.010233210288971284,0.010274881227800403,0.010315911221788987
2021-07-21,0.015379072854873277,0.015393067425288676,0.015420760493921604,0.015448027612721127
2021-07-22,0.007129679313742976,0.007141616969098541,0.00716523895593868,0.0071884965757753605
2021-07-23,0.014247023890227473,0.014186605474762803,0.01406627981778974,0.013946606547975637
2021-07-26,0.011082672739969102,0.011084160514746477,0.011087098888295843,0.011089984032904399
2021-07-27,-0.0056667092174627065,-0.0056875269914851145,-0.005728642352144431,-0.005769012903793502
2021-07-28,0.005941948295149269,0.005949206974096288,0.0059635429546147645,0.005977619237363285
2021-07-29,0.005877303433592607,0.005880660364927293,0.005887290345749863,0.0058938002237842735
2021-07-30,0.00995502676625537,0.009812026824368658,0.009526608306495321,0.009242036260470154
2021-08-02,-0.010642126174659094,-0.010641981018996716,-0.01064169572163165,-0.01064141746547187
2021-08-03,0.000500318292568469,0.0005110113571575869,0.0005320281270329019,0.0005525261981385032
2021-08-04,0.0009795912134060725,0.0009821401715084388,0.0009871500417295564,0.0009920362671882454
2021-08-05,0.012105830203831491,0.012117019904193116,0.01213901279084495,0.012160462887938372
2021-08-06,-0.0014125529347639443,-0.001436957722165011,-0.0014876375177483858,-0.0015409241141350893
2021-08-09,0.005022942965466459,0.005027452358126849,0.005036431071428371,0.005045349119392251
2021-08-10,-0.0003137780154801595,-0.00032628710143423056,-0.00035119411328854433,-0.00037593283908321506
2021-08-11,0.0012564515373647556,0.001252260149972928,0.0012439146213039098,0.0012356254798138178
2021-08-12,-0.0006063412089304387,-0.0005975442053676172,-0.0005800283714506582,-0.0005626308845554373
2021-08-13,0.007955725815103287,0.007944329540361172,0.007920936037345783,0.00789670950614485
2021-08-16,-0.003715409228242761,-0.0037142740551335818,-0.0037120107987916873,-0.0037097587287875378
2021-08-17,-0.01274842668014653,-0.012771455485178995,-0.01281736926574295,-0.012863056113525562
2021-08-18,-0.01084774616507167,-0.010872910528482826,-0.01092308208788706,-0.01097300567007431
2021-08-19,0.003801790259036819,0.003814422277154339,0.0038396074184199325,0.0038646680799743205
2021-08-20,0.005060000503011919,0.005036850853242347,0.0049956338096699415,0.004961378268195427
2021-08-23,0.02393203390444132,0.023943428012508594,0.023965031585077012,0.023985048897448902
2021-08-24,0.006716685888232821,0.00671901270699049,0.0067234244255371944,0.006727512209998121
2021-08-25,0.005393919395386693,0.005394794313064111,0.00539645318337012,0.005397990249750961
2021-08-26,-0.010297043757254709,-0.010301881121571932,-0.010311052910223495,-0.010319551252702008
2021-08-27,0.01566591225879299,0.015596227948490249,0.015456234456839413,0.015315399134889773
2021-08-30,0.00716211425506752,0.007170129354917565,0.007185281197480853,0.007199253452159882
2021-08-31,-0.0017102315005325108,-0.0017108137391413925,-0.001711914410112536,-0.0017129293926180233
2021-09-01,0.0035772822223090195,0.0035784661896898218,0.003580704376074495,0.003582768317146545
2021-09-02,0.0035472233464770575,0.0035468858151872507,0.0035462477419185845,0.003545659343367147
2021-09-03,-0.008648270235699917,-0.00881425174322703,-0.009146509148510451,-0.009479088136249203
2021-09-07,-0.008289033271974722,-0.008288134153313975,-0.008286414582940993,-0.008284801249061058
2021-09-08,-0.003476493751978449,-0.0034787052057086987,-0.003482934625563705,-0.0034869027483294124
2021-09-09,-0.003459721447874875,-0.0034619074479119716,-0.0034660881874107874,-0.0034700106373335426
2021-09-10,-0.010426213973741216,-0.01049364071917247,-0.01062944199598792,-0.010766542385203914
2021-09-13,0.0031129730781582765,0.0031128796776163092,0.0031127376448756294,0.003112655099483108
2021-09-14,0.0016622370919727736,0.0016618523209184222,0.0016612672056042221,0.0016609271532117553
2021-09-15,0.011275550621200114,0.01127655670355443,0.011278086637227736,0.01127897579120063
2021-09-16,-0.0035217706511303515,-0.003521677577560167,-0.0035215360420401964,-0.0035214537856181893
2021-09-17,-0.009949747143468635,-0.010039072052617892,-0.010216560264583952,-0.010392485805177931
2021-09-20,-0.026374087401827784,-0.026374779042485197,-0.02637469526642089,-0.026372664488093722
2021-09-21,-0.0027493128425727376,-0.002749271660750119,-0.0027492766489631837,-0.0027493975660204395
2021-09-22,0.016707818802272012,0.016708131456888875,0.01670809358610592,0.0167071755772914
2021-09-23,0.012211311032217509,0.012211619872689594,0.01221158246390086,0.012210675654085179
2021-09-24,0.019063755316573783,0.018884127484804836,0.018525150222451492,0.01816653723720596
2021-09-27,-0.0009435601748917222,-0.0009429262408827688,-0.0009411090012995116,-0.0009385622659924264
2021-09-28,-0.023772859765945897,-0.023770612412000514,-0.02376417013174814,-0.023755141722545225
2021-09-29,0.0004785220074881025,0.0004786521986421821,0.0004790254054982679,0.0004795484290367469
2021-09-30,0.0044502586534787,0.004450550452016255,0.004451386923707723,0.004452559180800009
2021-10-01,0.00791778514655439,0.00780698742076491,0.0075867340444368825,0.007368329788079775
2021-10-04,-0.004404102182996805,-0.004413822032420023,-0.004432241283353511,-0.004449277388049677
2021-10-05,0.015442383711553154,0.01544863483489145,0.015460480801261056,0.015471437225277773
2021-10-06,0.003546184738325575,0.0035491520878885296,0.0035547752569133895,0.003559976168534762
2021-10-07,0.007016830718789224,0.007021079532259167,0.007029131093355012,0.00703657804319513
2021-10-08,-0.0012422157442343318,-0.0012772275447390236,-0.001347175239095999,-0.001417012738468837
2021-10-11,0.003884572894499172,0.0038814427642897,0.0038755440346276426,0.0038701334895696604
2021-10-12,-0.0031106735824215637,-0.003112097068686537,-0.003114779628226483,-0.003117240176529701
2021-10-13,0.009479944528637985,0.009483212760156956,0.009489371741704833,0.009495020999949588
2021-10-14,0.013547879903176296,0.013555396225448657,0.013569560733047936,0.013582552972221107
2021-10-15,0.023918678396119164,0.02380184012245845,0.023567750755163264,0.02333311526237969
2021-10-18,0.0024899058122938023,0.0024936035942140222,0.0025005513570885984,0.002506894459928688
2021-10-19,0.006686223686291459,0.006689006426887634,0.006694234918513509,0.006699008377348825
2021-10-20,0.006606487782845782,0.0066060079170058295,0.006605106297023822,0.006604283144539869
2021-10-21,-0.009331271401262886,-0.009329025737134677,-0.009324806358546489,-0.009320954190188302
2021-10-22,-0.004007394263775499,-0.004071837023763569,-0.004201091648814992,-0.004330834672817585
2021-10-25,0.011550157646972314,0.011556432653862858,0.01156854479734859,0.011580061058309443
2021-10-26,-0.002275486456306486,-0.0022735566665208484,-0.0022698317477776175,-0.002266290084292799
2021-10-27,-0.011138897195530184,-0.011137474483343679,-0.011134728335898458,-0.011132117290986954
2021-10-28,0.011781708475200103,0.011788515221300422,0.011801653738417128,0.011814145878386473
2021-10-29,0.003515651636535999,0.003445646134054403,0.0033051572743005853,0.0031640595679776062
2021-11-01,0.0032044137456892496,0.003206680371947934,0.0032110313845290506,0.003215134897588623
2021-11-02,0.007190740853783462,0.007193512951678693,0.0071988342669029315,0.007203852888685747
2021-11-03,-0.005315382072626718,-0.005308343883356548,-0.005294833385124487,-0.005282091407273204
2021-11-04,0.002231989364348319,0.002240487884808351,0.002256801632740002,0.0022721874024760336
2021-11-05,0.005071727396975811,0.005001577045590899,0.004859808614688044,0.004716035181571598
2021-11-08,0.012238675703645896,0.012237177880027872,0.012234234644118658,0.012231363515211369
2021-11-09,-0.0023695031012371803,-0.002377113669479014,-0.0023920684995877295,-0.002406656947931851
2021-11-10,-0.01722928380436306,-0.017245533439216088,-0.017277464107312235,-0.017308612498750042
2021-11-11,0.004365326710681128,0.004368392534431775,0.004374416903687228,0.004380293680558145
2021-11-12,0.005213700623190931,0.005203556785905894,0.005182498839274574,0.005160368970056339
2021-11-15,-0.0008685608100579278,-0.0008688440176242151,-0.0008694036329428556,-0.0008699539148485647
2021-11-16,-0.0008037841425548864,-0.0007949415879580091,-0.0007774687885003795,-0.0007602874050361974
2021-11-17,-0.0025398179257992703,-0.0025391618595904664,-0.002537865479322554,-0.0025365907204294436
2021-11-18,0.0027609876167853376,0.0027738541085811086,0.002799278167703756,0.0028242781976108855
2021-11-19,-0.0002821243410515706,-0.00029034003379346807,-0.00030777668519976764,-0.00032658128142781795
2021-11-22,-0.008153450090506387,-0.008171097154246132,-0.008206119581053883,-0.008240763862158107
2021-11-23,0.006121474248665715,0.006114545772626601,0.0061007954939089615,0.006087193680311742
2021-11-24,-0.0014655905641358657,-0.0014606954453783016,-0.0014509805749086668,-0.0014413705982704306
2021-11-26,-0.042198277997750444,-0.04228526289678192,-0.04245619453490157,-0.042622949241024055
2021-11-29,0.025782674694476482,0.025800036908960378,0.02583345220051081,0.025865116135829647
2021-11-30,-0.023494595243218508,-0.023506344518392286,-0.023528957155495744,-0.023550384623143295
2021-12-01,-0.01642320119518159,-0.016436811591990397,-0.01646300614095808,-0.01648782778595148
2021-12-02,0.007643405032085937,0.007649170824742146,0.00766026766050576,0.007670782890915495
2021-12-03,-0.014440546952621647,-0.014631826975813,-0.015016239404580967,-0.015402980308019343
2021-12-06,0.000876869433407812,0.0008777208446490992,0.0008793007450587087,0.0008807194619095959
2021-12-07,0.022320329917462578,0.02232352975885754,0.02232946746614295,0.022334799400566707
2021-12-08,0.004724443486547658,0.004724918912812237,0.004725801125911699,0.00472659333444736
2021-12-09,-0.020711425191457855,-0.020712988692331846,-0.020715889964421197,-0.020718495244840485
2021-12-10,0.007775282533767802,0.007712742051353416,0.007586944753189551,0.007460164275620906
2021-12-13,-0.009969407965705779,-0.009968565369892657,-0.009966524292474799,-0.009964012262978605
2021-12-14,-0.008782066195183513,-0.00878146253837464,-0.008780000259234977,-0.008778200578194784
2021-12-15,0.02165066687015349,0.02164933724977014,0.021646116419454353,0.021642152424416805
2021-12-16,-0.01648602671826882,-0.016484526961016766,-0.016480893996537516,-0.01647642277273642
2021-12-17,-0.011283905506220826,-0.01132119157152156,-0.011396090164612072,-0.011471395945641283
2021-12-20,-0.004889559684314926,-0.004887349144097941,-0.004882777195376331,-0.004878005681719588
2021-12-21,0.025652205784701065,0.025647105795495673,0.025636557745318367,0.025625549274196358
2021-12-22,0.0089730487247901,0.008970273520467087,0.008964533705484667,0.008958543348364989
2021-12-23,0.013008968118279007,0.013007250130170789,0.013003696902106565,0.012999988576124721
2021-12-27,0.012263366888319194,0.012175789421787764,0.012000568243704546,0.011825263683519882
2021-12-28,-0.014590635457525147,-0.014589851035846979,-0.014588213560199015,-0.014586485217687684
2021-12-29,-0.0028582097911640236,-0.002858184528733876,-0.0028581317935593153,-0.002858076132002396
2021-12-30,-0.000250563158535555,-0.0002500573722393762,-0.0002490015463154638,-0.00024788713045753585
2021-12-31,-0.00815067101850453,-0.00827056013969052,-0.0085099701901582,-0.008748890195984682
2022-01-03,0.006227965796413937,0.006227230675917239,0.006225618170185854,0.006223817552647226
2022-01-04,-0.0010287684373258,-0.0010277779673254495,-0.001025605345885805,-0.0010231792706211218
2022-01-05,-0.022209839881925375,-0.02220749392862653,-0.022202348019682128,-0.02219660179892957
2022-01-06,0.0025218037977141616,0.0025218574421619344,0.0025219751126384082,0.0025221065103258056
2022-01-07,-0.009023856635169136,-0.009037880432857248,-0.00906575681689048,-0.009093406325030973
2022-01-10,-0.0009119264170008856,-0.0009119740048808556,-0.0009120788428004234,-0.0009121964604953403
2022-01-11,0.019035416159545404,0.01903433013039213,0.01903193756663235,0.01902925334859984
2022-01-12,0.010023582474781856,0.010023295756246942,0.010022664104349266,0.010021955453886955
2022-01-13,-0.019739022515451676,-0.01973721390381733,-0.01973322946321654,-0.019728759318056954
2022-01-14,0.010900828652372851,0.010894943458986894,0.01088307896823304,0.010871089734258987
2022-01-18,-0.008138196117049357,-0.008136368849233855,-0.008132350495762886,-0.008127850224673105
2022-01-19,-0.003786077877856453,-0.0037852716340308623,-0.0037834986193435727,-0.003781512968554668
2022-01-20,-0.010863857535285515,-0.010862904177049382,-0.010860807642351644,-0.010858459672080545
2022-01-21,-0.017643139198130764,-0.01793210175285498,-0.018510014811288333,-0.019087875290373146
2022-01-24,3.9434822007189396e-05,3.906086294369615e-05,3.830505667590245e-05,3.7539183439960766e-05
2022-01-25,0.003284002595485447,0.003285908649531155,0.003289760963152366,0.0032936645876986415
2022-01-26,0.0006498800011192074,0.0006500131550872812,0.0006502822717193713,0.0006505549728528237
2022-01-27,0.0025255855063188726,0.0025264210019542155,0.002528109616830365,0.002529820723227383
2022-01-28,-0.005489863216950108,-0.005746861032844941,-0.006260726341300371,-0.006774414256572436
2022-01-31,0.003946197760634096,0.003946197760634096,0.003946197760634096,0.003946197760634096
2022-02-01,0.0035518314786338046,0.0035518314786338046,0.0035518314786338046,0.0035518314786338046
2022-02-02,-0.002167000521941076,-0.002167000521941076,-0.002167000521941076,-0.002167000521941076
2022-02-03,0.001428196431367601,0.001428196431367601,0.001428196431367601,0.001428196431367601
2022-02-04,0.019126009508870112,0.01904977415628961,0.01889730345112839,0.018744832745967388
2022-02-07,0.005275658432810859,0.005275658432810859,0.005275658432810859,0.005275658432810859
2022-02-08,-0.0028707414392555863,-0.0028707414392555863,-0.0028707414392555863,-0.0028707414392555863
2022-02-09,0.005751266369867336,0.005751266369867336,0.005751266369867336,0.005751266369867336
2022-02-10,-0.0034752571276808197,-0.0034752571276808197,-0.0034752571276808197,-0.0034752571276808197
2022-02-11,0.012237294398152132,0.01214305516275771,0.011954873699474344,0.011767105111597953
2022-02-14,0.00506035303263852,0.005060314144017086,0.0050602290438162,0.005060134283706219
2022-02-15,-0.005579548227894748,-0.005580328535762624,-0.005582036088098263,-0.005583937468417677
2022-02-16,-0.0003238403819294522,-0.00032383246207801086,-0.0003238151310199777,-0.0003237958326758328
2022-02-17,-0.0034093583246933568,-0.0034084248583410304,-0.0034063821483852896,-0.0034041075659745346
2022-02-18,-0.005698526733479037,-0.0058246424084150705,-0.006076698407524339,-0.006328464625978025
2022-02-22,0.005524940824220836,0.005524893745048054,0.005524776483725846,0.00552462862241998
2022-02-23,0.0035335380874068623,0.003533436511204968,0.003533183512713034,0.003532864492880039
2022-02-24,0.003318774068455266,0.003318919430518541,0.003319281487596415,0.0033197380254501585
2022-02-25,-0.006906085835479137,-0.007027627319428187,-0.0072705769381467,-0.00751331286228174
2022-02-28,0.015346360618172294,0.015346360618172294,0.015346360618172294,0.015346360618172294
2022-03-01,0.025232425933096048,0.025232425933096048,0.025232425933096048,0.025232425933096048
2022-03-02,0.019971575434453825,0.019971575434453825,0.019971575434453825,0.019971575434453825
2022-03-03,0.004632164117688298,0.004632164117688298,0.004632164117688298,0.004632164117688298
2022-03-04,0.018857140852901244,0.01871372112987091,0.018427420162618446,0.018141870544532646
2022-03-07,0.00975953687542419,0.009764700454516939,0.009775449799866776,0.009786743444320622
2022-03-08,0.012280722519381726,0.012281373288214548,0.012282728034370693,0.012284151378854746
2022-03-09,-0.03186035890357375,-0.03186539886958062,-0.031875890881843394,-0.0318869141630056
2022-03-10,-0.0005127375338958018,-0.0010253350619006119,-0.0020500872057720443,-0.003074212157044398
2022-03-11,0.0,0.0,0.0,0.0
2022-03-14,0.0,0.0,0.0,0.0
2022-03-15,0.0,0.0,0.0,0.0
2022-03-16,0.0,0.0,0.0,0.0
2022-03-17,0.0,0.0,0.0,0.0
2022-03-18,0.0,0.0,0.0,0.0
2022-03-21,0.0,0.0,0.0,0.0
2022-03-22,0.007877204064968835,0.007364783323151158,0.006339727483299695,0.005314435356248204
2022-03-23,0.01039655378615012,0.010396684424740288,0.010397143683471555,0.010397864923373579
2022-03-24,0.002899083300011762,0.0028988812556112187,0.0028981709704278824,0.002897055507658619
2022-03-25,0.007317066376682169,0.007221728836953822,0.007031111244531596,0.006840616118624299
2022-03-28,-0.006413402525293543,-0.006413402525293543,-0.006413402525293543,-0.006413402525293543
2022-03-29,0.001299869986794322,0.001299869986794322,0.001299869986794322,0.001299869986794322
2022-03-30,0.0042126544099239105,0.0042126544099239105,0.0042126544099239105,0.0042126544099239105
2022-03-31,-0.01493781343866929,-0.01493781343866929,-0.01493781343866929,-0.01493781343866929
2022-04-01,0.0191780316090866,0.019071618030781057,0.018858855266958408,0.01864623193098769
2022-04-04,0.011955550191740105,0.011955629357137898,0.011955459361785215,0.011954853662520692
2022-04-05,-0.005600953266917896,-0.005601038644082568,-0.0056008553099284875,-0.005600202084057426
2022-04-06,-0.014174926140251398,-0.014175009624258439,-0.014174830355365375,-0.01417419161415856
2022-04-07,0.003564580495938774,0.003564589638352711,0.0035645700064435015,0.0035645000572779306
2022-04-08,-0.0001072368695788084,-0.0001319616307110527,-0.00018108871884991995,-0.00022977089181497323
2022-04-11,-0.015503137877765916,-0.015504256202515387,-0.01550622365160259,-0.015507829777859028
2022-04-12,0.014461688794001004,0.014461489108140047,0.014461137804312463,0.014460851017576548
2022-04-13,0.015823570856857705,0.015824531754488058,0.015826222244809784,0.015827602275891417
2022-04-14,-0.001342570824646061,-0.0013436517915905721,-0.0013455535177477884,-0.0013471059911173144
2022-04-18,0.009594528052270679,0.009476011806137441,0.009238895512761358,0.00900170638290243
2022-04-19,-0.0059514395782889196,-0.0059514395782889196,-0.0059514395782889196,-0.0059514395782889196
2022-04-20,-0.005452675673698337,-0.005452675673698337,-0.005452675673698337,-0.005452675673698337
2022-04-21,0.0010404919390212264,0.0010404919390212264,0.0010404919390212264,0.0010404919390212264
2022-04-22,-0.011517507004135785,-0.011536618948949862,-0.011574842838578014,-0.011613066728206167
2022-04-25,-0.0040746172935738345,-0.0040746172935738345,-0.0040746172935738345,-0.0040746172935738345
2022-04-26,-0.0020265563236997464,-0.0020265563236997464,-0.0020265563236997464,-0.0020265563236997464
2022-04-27,0.010261217451665194,0.010261217451665194,0.010261217451665194,0.010261217451665194
2022-04-28,0.01055295107550025,0.01055295107550025,0.01055295107550025,0.01055295107550025
2022-04-29,-0.008858274696945112,-0.008886201180696718,-0.008942054148199707,-0.008997907115702697
2022-05-02,0.012328392974699343,0.012328392974699343,0.012328392974699343,0.012328392974699343
2022-05-03,-0.0004999999999999449,-0.0010000000000000009,-0.0020000000000000018,-0.0030000000000000027
2022-05-04,0.0,0.0,0.0,0.0
2022-05-05,0.0,0.0,0.0,0.0
2022-05-06,0.0,0.0,0.0,0.0
2022-05-09,0.0,0.0,0.0,0.0
2022-05-10,0.0,0.0,0.0,0.0
2022-05-11,0.0,0.0,0.0,0.0
2022-05-12,0.0,0.0,0.0,0.0
2022-05-13,0.0,0.0,0.0,0.0
2022-05-16,0.0,0.0,0.0,0.0
2022-05-17,0.0,0.0,0.0,0.0
2022-05-18,0.0,0.0,0.0,0.0
2022-05-19,0.0,0.0,0.0,0.0
2022-05-20,0.0,0.0,0.0,0.0
2022-05-23,0.0,0.0,0.0,0.0
2022-05-24,0.0,0.0,0.0,0.0
2022-05-25,0.0,0.0,0.0,0.0
2022-05-26,0.0,0.0,0.0,0.0
2022-05-27,0.0,0.0,0.0,0.0
2022-05-31,0.0,0.0,0.0,0.0
2022-06-01,0.0,0.0,0.0,0.0
2022-06-02,0.0,0.0,0.0,0.0
2022-06-03,0.006571548928259174,0.006068011385023331,0.005060936298551866,0.004053861212080401
2022-06-06,0.007039868199893773,0.007039868199893773,0.007039868199893773,0.007039868199893773
2022-06-07,0.0010431488003130873,0.0010431488003130873,0.0010431488003130873,0.0010431488003130873
2022-06-08,0.005464762595180472,0.005464762595180472,0.005464762595180472,0.005464762595180472
2022-06-09,0.002535876058371578,0.002535876058371578,0.002535876058371578,0.002535876058371578
2022-06-10,-0.0022528161844713734,-0.0022902564279810855,-0.0023651369150003987,-0.002440017402019601
2022-06-13,-0.003132100041989494,-0.003132100041989494,-0.003132100041989494,-0.003132100041989494
2022-06-14,-0.004610041668751785,-0.004610041668751785,-0.004610041668751785,-0.004610041668751785
2022-06-15,-0.006355423430708718,-0.006355423430708718,-0.006355423430708718,-0.006355423430708718
2022-06-16,0.0002172554301804741,0.0002172554301804741,0.0002172554301804741,0.0002172554301804741
2022-06-17,-0.01367328844719129,-0.013700977740138232,-0.013756356326032004,-0.013811734911925999
2022-06-21,0.0019327836126643572,0.0019327836126643572,0.0019327836126643572,0.0019327836126643572
2022-06-22,-0.012490864336225704,-0.012490864336225704,-0.012490864336225704,-0.012490864336225704
2022-06-23,-0.011492789590803687,-0.011492789590803687,-0.011492789590803687,-0.011492789590803687
2022-06-24,0.00391454196271912,0.0038491020353299543,0.0037182221805516225,0.0035873423257732906
2022-06-27,0.0015265170692611019,0.0015265170692611019,0.0015265170692611019,0.0015265170692611019
2022-06-28,0.007451068636601388,0.007451068636601388,0.007451068636601388,0.007451068636601388
2022-06-29,-0.005975603109212191,-0.005975603109212191,-0.005975603109212191,-0.005975603109212191
2022-06-30,-0.016687176944616966,-0.016687176944616966,-0.016687176944616966,-0.016687176944616966
2022-07-01,0.0007786257380448802,0.000761096846513265,0.0007260390634502567,0.0006909812803874704
2022-07-05,-0.025058597805938776,-0.025058597805938776,-0.025058597805938776,-0.025058597805938776
2022-07-06,-0.005297017337811627,-0.005297017337811627,-0.005297017337811627,-0.005297017337811627
2022-07-07,0.01737705526146427,0.01737705526146427,0.01737705526146427,0.01737705526146427
2022-07-08,0.007923571169097254,0.007886700669759605,0.007812959671083863,0.007739218672408343
2022-07-11,0.0027090796247424276,0.0027090796247424276,0.0027090796247424276,0.0027090796247424276
2022-07-12,-0.019040971970592402,-0.019040971970592402,-0.019040971970592402,-0.019040971970592402
2022-07-13,0.004060448666753258,0.004060448666753258,0.004060448666753258,0.004060448666753258
2022-07-14,0.0012117430616711555,0.0012117430616711555,0.0012117430616711555,0.0012117430616711555
2022-07-15,0.0009323308104429717,0.0009173656965855148,0.0008874354688710451,0.0008575052411563533
2022-07-18,0.00747704529751414,0.00747704529751414,0.00747704529751414,0.00747704529751414
2022-07-19,-0.0015967618933961925,-0.0015967618933961925,-0.0015967618933961925,-0.0015967618933961925
2022-07-20,0.0005418996173129909,0.0005418996173129909,0.0005418996173129909,0.0005418996173129909
2022-07-21,-0.008911949558566779,-0.008911949558566779,-0.008911949558566779,-0.008911949558566779
2022-07-22,-0.00853899141603598,-0.008548847614192612,-0.008568560010505988,-0.008588272406819253
2022-07-25,0.007913619746674705,0.007913619746674705,0.007913619746674705,0.007913619746674705
2022-07-26,0.003700387563166485,0.003700387563166485,0.003700387563166485,0.003700387563166485
2022-07-27,0.001196221754022897,0.001196221754022897,0.001196221754022897,0.001196221754022897
2022-07-28,-0.004684258130658536,-0.004684258130658536,-0.004684258130658536,-0.004684258130658536
2022-07-29,-0.0011251767705824367,-0.001128255876902129,-0.0011344140895417354,-0.0011405723021812308
2022-08-01,-0.011272592061955411,-0.011272592061955411,-0.011272592061955411,-0.011272592061955411
2022-08-02,0.004838540637697397,0.004838540637697397,0.004838540637697397,0.004838540637697397
2022-08-03,-0.0004995528217155432,-0.0004995528217155432,-0.0004995528217155432,-0.0004995528217155432
2022-08-04,-0.010358875557534009,-0.010358875557534009,-0.010358875557534009,-0.010358875557534009
2022-08-05,0.004332859815728396,0.004276319458136779,0.0041632387429531015,0.004050158027769646
2022-08-08,0.004464970287728187,0.004464970287728187,0.004464970287728187,0.004464970287728187
2022-08-09,0.004310865769588501,0.004310865769588501,0.004310865769588501,0.004310865769588501
2022-08-10,-0.0027778866322425433,-0.0027778866322425433,-0.0027778866322425433,-0.0027778866322425433
2022-08-11,0.011487633382207818,0.011487633382207818,0.011487633382207818,0.011487633382207818
2022-08-12,-0.003844718891383714,-0.0038743531338159,-0.003933621618680272,-0.003992890103544866
2022-08-15,-0.0032194601137260914,-0.0032194601137260914,-0.0032194601137260914,-0.0032194601137260914
2022-08-16,-0.0023505454887071675,-0.0023505454887071675,-0.0023505454887071675,-0.0023505454887071675
2022-08-17,0.004742138905923232,0.004742138905923232,0.004742138905923232,0.004742138905923232
2022-08-18,0.009269432500909502,0.009269432500909502,0.009269432500909502,0.009269432500909502
2022-08-19,0.002857179875345839,0.0028454943852129766,0.00282212340494703,0.0027987524246810835
2022-08-22,0.004545395385531226,0.004545395385531226,0.004545395385531226,0.004545395385531226
2022-08-23,0.005995024821466632,0.005995024821466632,0.005995024821466632,0.005995024821466632
2022-08-24,0.0036566549601411147,0.0036566549601411147,0.0036566549601411147,0.0036566549601411147
2022-08-25,-0.007316001463645083,-0.007316001463645083,-0.007316001463645083,-0.007316001463645083
2022-08-26,0.0030599296207900473,0.0030554370623474547,0.0030464519454622696,0.0030374668285770845
2022-08-29,0.007049031375879977,0.007049031375879977,0.007049031375879977,0.007049031375879977
2022-08-30,-0.00810693930703632,-0.00810693930703632,-0.00810693930703632,-0.00810693930703632
2022-08-31,-0.00620009907231478,-0.00620009907231478,-0.00620009907231478,-0.00620009907231478
2022-09-01,-0.0028289048152805307,-0.0028289048152805307,-0.0028289048152805307,-0.0028289048152805307
2022-09-02,0.0016240838793757373,0.0012817750336220346,0.0005971573421144072,-8.74603493931092e-05
2022-09-06,-0.0019731524964877734,-0.0019731524964877734,-0.0019731524964877734,-0.0019731524964877734
2022-09-07,-0.007866886153380603,-0.007866886153380603,-0.007866886153380603,-0.007866886153380603
2022-09-08,0.001501427079018125,0.001501427079018125,0.001501427079018125,0.001501427079018125
2022-09-09,0.006266785848551004,0.006043121304019072,0.005595792214955431,0.005148463125892011
2022-09-12,0.0014343821656339628,0.0014343821656339628,0.0014343821656339628,0.0014343821656339628
2022-09-13,-0.000366690203482567,-0.000366690203482567,-0.000366690203482567,-0.000366690203482567
2022-09-14,0.00047724110929925345,0.00047724110929925345,0.00047724110929925345,0.00047724110929925345
2022-09-15,-0.0029487744596603527,-0.0029487744596603527,-0.0029487744596603527,-0.0029487744596603527
2022-09-16,-0.0022323925639995412,-0.0026624211227803674,-0.0035224782403420196,-0.004382535357903783
2022-09-19,0.002525110204769865,0.002525110204769865,0.002525110204769865,0.002525110204769865
2022-09-20,0.00222034167611751,0.00222034167611751,0.00222034167611751,0.00222034167611751
2022-09-21,0.001333560182943172,0.001333560182943172,0.001333560182943172,0.001333560182943172
2022-09-22,0.0019796025736020795,0.0019796025736020795,0.0019796025736020795,0.0019796025736020795
2022-09-23,0.0022603527332774043,0.001828387843059387,0.0009644580626235744,0.00010052828218776177
2022-09-26,-0.002785419417843382,-0.002785419417843382,-0.002785419417843382,-0.002785419417843382
2022-09-27,0.0014757066839046207,0.0014757066839046207,0.0014757066839046207,0.0014757066839046207
2022-09-28,0.003191484808057643,0.003191484808057643,0.003191484808057643,0.003191484808057643
2022-09-29,-0.0004901428405956754,-0.0004901428405956754,-0.0004901428405956754,-0.0004901428405956754
2022-09-30,-0.0013799387041562028,-0.0013799387041562028,-0.0013799387041562028,-0.0013799387041562028
2022-10-03,0.0022661401172321405,0.0022661401172321405,0.0022661401172321405,0.0022661401172321405
2022-10-04,0.0032909679465706887,0.0032909679465706887,0.0032909679465706887,0.0032909679465706887
2022-10-05,0.001991235560544924,0.001991235560544924,0.001991235560544924,0.001991235560544924
2022-10-06,0.0008899535643092094,0.0008899535643092094,0.0008899535643092094,0.0008899535643092094
2022-10-07,0.0026830858281456926,0.0025159441235569346,0.0021816607143791966,0.0018473773052016806
2022-10-10,-0.0030204238030997477,-0.0030204238030997477,-0.0030204238030997477,-0.0030204238030997477
2022-10-11,-0.003999157124494279,-0.003999157124494279,-0.003999157124494279,-0.003999157124494279
2022-10-12,0.0,0.0,0.0,0.0
2022-10-13,0.004074962619472489,0.004074962619472489,0.004074962619472489,0.004074962619472489
2022-10-14,-0.005535629715083701,-0.005535629715083701,-0.005535629715083701,-0.005535629715083701
2022-10-17,-0.0006621597421333503,-0.0006621597421333503,-0.0006621597421333503,-0.0006621597421333503
2022-10-18,-0.002986863040393084,-0.002986863040393084,-0.002986863040393084,-0.002986863040393084
2022-10-19,-0.00011182609214044348,-0.00011182609214044348,-0.00011182609214044348,-0.00011182609214044348
2022-10-20,0.0005397857870956813,0.0005397857870956813,0.0005397857870956813,0.0005397857870956813
2022-10-21,-0.0006047812756881932,-0.0007713749110814794,-0.0011045621818680518,-0.0014377494526546242
2022-10-24,0.00021603461843988647,0.00021603461843988647,0.00021603461843988647,0.00021603461843988647
2022-10-25,0.0006234749784845839,0.0006234749784845839,0.0006234749784845839,0.0006234749784845839
2022-10-26,0.0022753457962148005,0.0022753457962148005,0.0022753457962148005,0.0022753457962148005
2022-10-27,0.0004651491365326166,0.0004651491365326166,0.0004651491365326166,0.0004651491365326166
2022-10-28,-0.001679658366978587,-0.0018460728263273163,-0.002178901745024775,-0.0025117306637222336
2022-10-31,-0.0019762720854470395,-0.0019762720854470395,-0.0019762720854470395,-0.0019762720854470395
2022-11-01,0.004265311391338011,0.004265311391338011,0.004265311391338011,0.004265311391338011
2022-11-02,0.0027423116020828253,0.0027423116020828253,0.0027423116020828253,0.0027423116020828253
2022-11-03,2.107505681570032e-05,2.107505681570032e-05,2.107505681570032e-05,2.107505681570032e-05
2022-11-04,0.009534387309740211,0.009534387309740211,0.009534387309740211,0.009534387309740211
2022-11-07,-0.0024826785913477645,-0.0024826785913477645,-0.0024826785913477645,-0.0024826785913477645
2022-11-08,-0.0032943138252372606,-0.0032943138252372606,-0.0032943138252372606,-0.0032943138252372606
2022-11-09,-0.0060083638075082435,-0.0060083638075082435,-0.0060083638075082435,-0.0060083638075082435
2022-11-10,0.0025912849436737773,0.0025912849436737773,0.0025912849436737773,0.0025912849436737773
2022-11-11,0.005231258544537987,0.005231258544537987,0.005231258544537987,0.005231258544537987
2022-11-14,-0.004142786270023957,-0.004142786270023957,-0.004142786270023957,-0.004142786270023957
2022-11-15,0.0033929083493480228,0.0033929083493480228,0.0033929083493480228,0.0033929083493480228
2022-11-16,-0.0030121500835661452,-0.0030121500835661452,-0.0030121500835661452,-0.0030121500835661452
2022-11-17,-0.0043985000739019675,-0.0043985000739019675,-0.0043985000739019675,-0.0043985000739019675
2022-11-18,-0.0038159926805851896,-0.003982051024862376,-0.004314167713417083,-0.004646284401971568
2022-11-21,-0.0003005121175017056,-0.0003005121175017056,-0.0003005121175017056,-0.0003005121175017056
2022-11-22,0.00134653060737433,0.00134653060737433,0.00134653060737433,0.00134653060737433
2022-11-23,-0.0013412868895021912,-0.0013412868895021912,-0.0013412868895021912,-0.0013412868895021912
2022-11-25,-0.0009731126962380099,-0.0009731126962380099,-0.0009731126962380099,-0.0009731126962380099
2022-11-28,-0.0005762356668870261,-0.0005762356668870261,-0.0005762356668870261,-0.0005762356668870261
2022-11-29,0.001736079000383084,0.001736079000383084,0.001736079000383084,0.001736079000383084
2022-11-30,0.002495881084007001,0.002495881084007001,0.002495881084007001,0.002495881084007001
2022-12-01,-0.00037210828401668117,-0.00037210828401668117,-0.00037210828401668117,-0.00037210828401668117
2022-12-02,-0.0010880383450835307,-0.0010880383450835307,-0.0010880383450835307,-0.0010880383450835307
2022-12-05,-0.0027816260152974115,-0.0027816260152974115,-0.0027816260152974115,-0.0027816260152974115
2022-12-06,-0.0014810008769541305,-0.0014810008769541305,-0.0014810008769541305,-0.0014810008769541305
2022-12-07,-0.0005543869407367286,-0.0005543869407367286,-0.0005543869407367286,-0.0005543869407367286
2022-12-08,0.00039671559266230005,0.00039671559266230005,0.00039671559266230005,0.00039671559266230005
2022-12-09,4.253699383283127e-05,4.253699383283127e-05,4.253699383283127e-05,4.253699383283127e-05
2022-12-12,0.0013047873581804037,0.0013047873581804037,0.0013047873581804037,0.0013047873581804037
2022-12-13,0.0018380750021669279,0.0018380750021669279,0.0018380750021669279,0.0018380750021669279
2022-12-14,0.0011503022790402273,0.0011503022790402273,0.0011503022790402273,0.0011503022790402273
2022-12-15,-0.0011515922816484059,-0.0011515922816484059,-0.0011515922816484059,-0.0011515922816484059
2022-12-16,-0.0014054189496968128,-0.0014054189496968128,-0.0014054189496968128,-0.0014054189496968128
2022-12-19,-0.00010107519841373591,-0.00010107519841373591,-0.00010107519841373591,-0.00010107519841373591
2022-12-20,0.0006072395747107606,0.0006072395747107606,0.0006072395747107606,0.0006072395747107606
2022-12-21,0.001527475101378073,0.001527475101378073,0.001527475101378073,0.001527475101378073
2022-12-22,-0.0008280807601187545,-0.0008280807601187545,-0.0008280807601187545,-0.0008280807601187545
2022-12-23,0.0022517476763999067,0.0021960639302098794,0.002084696437829603,0.0019733289454493264
2022-12-27,0.0010812355346627722,0.0010812355346627722,0.0010812355346627722,0.0010812355346627722
2022-12-28,-0.0015731570576982268,-0.0015731570576982268,-0.0015731570576982268,-0.0015731570576982268
2022-12-29,0.001104742564349337,0.001104742564349337,0.001104742564349337,0.001104742564349337
2022-12-30,0.0003439851258524307,0.0003439851258524307,0.0003439851258524307,0.0003439851258524307
2023-01-03,-0.0020770355759006653,-0.0020770355759006653,-0.0020770355759006653,-0.0020770355759006653
2023-01-04,-0.0013390070803271925,-0.0013390070803271925,-0.0013390070803271925,-0.0013390070803271925
2023-01-05,-0.0008455584833105823,-0.0008455584833105823,-0.0008455584833105823,-0.0008455584833105823
2023-01-06,0.0019425891480695512,0.0019425891480695512,0.0019425891480695512,0.0019425891480695512
2023-01-09,0.0017345431705639847,0.0017345431705639847,0.0017345431705639847,0.0017345431705639847
2023-01-10,7.155718311113723e-05,7.155718311113723e-05,7.155718311113723e-05,7.155718311113723e-05
2023-01-11,0.002418391519007468,0.002418391519007468,0.002418391519007468,0.002418391519007468
2023-01-12,0.002369637947103209,0.002369637947103209,0.002369637947103209,0.002369637947103209
2023-01-13,-0.0017627780766064083,-0.00215573314061257,-0.002941643268624783,-0.0037275533966372176
2023-01-17,-0.0016839961899381972,-0.0016839961899381972,-0.0016839961899381972,-0.0016839961899381972
2023-01-18,-0.0025776693186773114,-0.0025776693186773114,-0.0025776693186773114,-0.0025776693186773114
2023-01-19,0.007342379935729726,0.007342379935729726,0.007342379935729726,0.007342379935729726
2023-01-20,0.0011204049097557345,0.0011123963171983942,0.0010963791320837135,0.001080361946969255
2023-01-23,0.0015058558442528902,0.0015058558442528902,0.0015058558442528902,0.0015058558442528902
2023-01-24,0.0007600112789969415,0.0007600112789969415,0.0007600112789969415,0.0007600112789969415
2023-01-25,0.0019277023252972647,0.0019277023252972647,0.0019277023252972647,0.0019277023252972647
2023-01-26,-0.002192413366768342,-0.002192413366768342,-0.002192413366768342,-0.002192413366768342
2023-01-27,-0.0004951889160786926,-0.0006637827529517581,-0.0010009704266981112,-0.0013381581004442422
2023-01-30,-0.004230458268185244,-0.004230458268185244,-0.004230458268185244,-0.004230458268185244
2023-01-31,0.004298810767667582,0.004298810767667582,0.004298810767667582,0.004298810767667582
2023-02-01,0.00529255258543726,0.00529255258543726,0.00529255258543726,0.00529255258543726
2023-02-02,-0.008641786707979104,-0.008641786707979104,-0.008641786707979104,-0.008641786707979104
2023-02-03,-0.012970711389101663,-0.013115576616406832,-0.013405307071016836,-0.013695037525626952
2023-02-06,-0.0022808265901407276,-0.0022808265901407276,-0.0022808265901407276,-0.0022808265901407276
2023-02-07,0.004440833652761489,0.004440833652761489,0.004440833652761489,0.004440833652761489
2023-02-08,-0.0005414491005187871,-0.0005414491005187871,-0.0005414491005187871,-0.0005414491005187871
2023-02-09,-0.0021430711781879053,-0.0021430711781879053,-0.0021430711781879053,-0.0021430711781879053
2023-02-10,0.009289969114203878,0.008870314608959928,0.008031005598471808,0.007191696587983465
2023-02-13,0.0005119109725661986,0.0005119109725661986,0.0005119109725661986,0.0005119109725661986
2023-02-14,0.00046729993371963374,0.00046729993371963374,0.00046729993371963374,0.00046729993371963374
2023-02-15,-0.0012524631905823647,-0.0012524631905823647,-0.0012524631905823647,-0.0012524631905823647
2023-02-16,-0.00014073165696792955,-0.00014073165696792955,-0.00014073165696792955,-0.00014073165696792955
2023-02-17,0.0059088508913012205,0.005741171469582529,0.0054058126261447015,0.005070453782707096
2023-02-21,-0.0013473009501684396,-0.0013473009501684396,-0.0013473009501684396,-0.0013473009501684396
2023-02-22,-0.003220628353340693,-0.003220628353340693,-0.003220628353340693,-0.003220628353340693
2023-02-23,-0.00030982946631863406,-0.00030982946631863406,-0.00030982946631863406,-0.00030982946631863406
2023-02-24,-0.006438419504603221,-0.006438419504603221,-0.006438419504603221,-0.006438419504603221
2023-02-27,0.00315940405866999,0.00315940405866999,0.00315940405866999,0.00315940405866999
2023-02-28,-0.0026652006339745737,-0.0026652006339745737,-0.0026652006339745737,-0.0026652006339745737
2023-03-01,0.005844480672667629,0.005844480672667629,0.005844480672667629,0.005844480672667629
2023-03-02,-0.0012892546759032397,-0.0012892546759032397,-0.0012892546759032397,-0.0012892546759032397
2023-03-03,0.0032509317632585244,0.003000256455717887,0.0024989058406363895,0.0019975552255548923
2023-03-06,-0.0019357339043289956,-0.0019357339043289956,-0.0019357339043289956,-0.0019357339043289956
2023-03-07,-0.00828155550581755,-0.00828155550581755,-0.00828155550581755,-0.00828155550581755
2023-03-08,-0.000573388782195039,-0.000573388782195039,-0.000573388782195039,-0.000573388782195039
2023-03-09,-0.00022589264364980544,-0.00022589264364980544,-0.00022589264364980544,-0.00022589264364980544
2023-03-10,0.00423712205726301,0.0040334070188796645,0.003625976942112974,0.0032185468653462834
2023-03-13,0.0023337963727745326,0.0023337963727745326,0.0023337963727745326,0.0023337963727745326
2023-03-14,-0.0006896399286636656,-0.0006896399286636656,-0.0006896399286636656,-0.0006896399286636656
2023-03-15,-0.0014151790912312334,-0.0014151790912312334,-0.0014151790912312334,-0.0014151790912312334
2023-03-16,0.0015228246378340415,0.0015228246378340415,0.0015228246378340415,0.0015228246378340415
2023-03-17,0.022251208551405055,0.021921861752313587,0.02126316815413065,0.020604474555947938
2023-03-20,0.003692761090250407,0.003692761090250407,0.003692761090250407,0.003692761090250407
2023-03-21,-0.0015528433234537342,-0.0015528433234537342,-0.0015528433234537342,-0.0015528433234537342
2023-03-22,-0.0007046310535545608,-0.0007046310535545608,-0.0007046310535545608,-0.0007046310535545608
2023-03-23,0.010533602106973072,0.010533602106973072,0.010533602106973072,0.010533602106973072
2023-03-24,-0.011154889399935475,-0.011630413831439701,-0.012582283598332689,-0.013535050139141913
2023-03-27,-0.006499566592766182,-0.006504366096095504,-0.006513445760164882,-0.006521822965559809
2023-03-28,0.007186489565863985,0.007190735516010571,0.007198767972359299,0.007206178988465428
2023-03-29,-0.0003277471281382116,-0.0003303192300151414,-0.0003351851128767791,-0.0003396745411031743
2023-03-30,0.007600936519507995,0.007605623435405828,0.00761449010742421,0.007622670799143583
2023-03-31,-0.001835555686735879,-0.001849569166070708,-0.0018786366502899776,-0.0019092586144310308
2023-04-03,0.0052370885054173755,0.005237267870630724,0.00523685351186054,0.005235409687338377
2023-04-04,0.015403547389389427,0.015404011485607771,0.015402939358327483,0.015399203553103646
2023-04-05,-0.0007915977526281592,-0.0007916176182302115,-0.0007915717259064925,-0.0007914118150583738
2023-04-06,-0.005672329490152839,-0.005672507104657165,-0.0056720967902700314,-0.005670667058316536
2023-04-10,-0.0009693478299643843,-0.0009847402325475763,-0.0010147872687610304,-0.0010438181469880625
2023-04-11,0.007021886872053296,0.007021881504157168,0.007021256704588641,0.007019814538450131
2023-04-12,0.004429518146190858,0.004429513997360024,0.004429031091656599,0.004427916445794544
2023-04-13,0.011957381061916683,0.011957369583381228,0.011956033532238619,0.011952949650920086
2023-04-14,-0.013484720382953563,-0.013728215390492404,-0.014213746480234435,-0.0146972223731201
2023-04-17,-0.0068120799469957305,-0.006812069655132258,-0.0068117729673168315,-0.006811108778591812
2023-04-18,0.007436749169761114,0.007436740201943737,0.007436481682951301,0.007435902941961503
2023-04-19,-0.009797238804818087,-0.0097972277624786,-0.00979690944037881,-0.009796196819439995
2023-04-20,0.00014468905724784875,0.00014467995660716326,0.00014441760866645836,0.00014383029589115637
2023-04-21,-0.006385648178274028,-0.006622875042573639,-0.0070972577507741885,-0.007571554731509944
2023-04-24,0.0031815590013468675,0.003180998887010178,0.0031796851284222605,0.003178116966305655
2023-04-25,-0.0037941002427740456,-0.003795037592317585,-0.003797236163094797,-0.0037998604773602507
2023-04-26,-0.002407308045813017,-0.002406305998469027,-0.002403955677798053,-0.002401150227944515
2023-04-27,0.010675754223833156,0.01067574425375728,0.010675720868758676,0.01067569295535864
2023-04-28,0.0001149405477498533,-0.00011339855930037057,-0.0005694100920404788,-0.001024323703342045
2023-05-01,-0.0058494082645083045,-0.0058494082645083045,-0.0058494082645083045,-0.0058494082645083045
2023-05-02,0.0009929980885219347,0.0009929980885219347,0.0009929980885219347,0.0009929980885219347
2023-05-03,0.0033715485401157874,0.0033715485401157874,0.0033715485401157874,0.0033715485401157874
2023-05-04,0.0006770533418141156,0.0006770533418141156,0.0006770533418141156,0.0006770533418141156
2023-05-05,0.005627449891223435,0.005058900885161366,0.003922433202934172,0.002787173089359163
2023-05-08,-0.004767755663256379,-0.004768132974620087,-0.00476901970218413,-0.004770079808037564
2023-05-09,0.005288432273218957,0.005286253059401114,0.005281131642063119,0.0052750088545037155
2023-05-10,-0.00177381207127969,-0.0017733727809806643,-0.001772340395385652,-0.0017711061515696125
2023-05-11,-0.010572003006410813,-0.010569363543946553,-0.010563160486349421,-0.010555744569742731
2023-05-12,-0.004211164565391057,-0.004694404656138573,-0.005658671329528464,-0.006619075547748099
2023-05-15,0.006553803832553662,0.0065537888108866404,0.0065528282578914965,0.006550634690987378
2023-05-16,-0.006334691736184617,-0.006334694877473512,-0.0063348957456239585,-0.006335354458187559
2023-05-17,0.007259660271240254,0.007259626692935672,0.007257479545027534,0.007252576210579065
2023-05-18,0.0014631798731812307,0.0014631283478472312,0.0014598335860873668,0.0014523095031988564
2023-05-19,0.0011149297894910148,0.0009067797079409523,0.0004919157192275758,7.918049350719158e-05
2023-05-22,0.00175753952103741,0.0017567630151373859,0.0017543840175449077,0.0017509252541487719
2023-05-23,-0.008313581903468092,-0.008310650594514524,-0.008301669881111473,-0.008288613052939153
2023-05-24,-0.010715947661900094,-0.01071476156608886,-0.010711127699199352,-0.010705844513616225
2023-05-25,0.014132358072944884,0.014126731375487367,0.014109492743164864,0.014084429939125176
2023-05-26,0.020334831313686408,0.020261986070238658,0.02011031843125366,0.019950769985526584
2023-05-30,0.0066053754572275025,0.006604409900124342,0.006601446317565429,0.006597131464045836
2023-05-31,-0.0077056660090730755,-0.007704455394462628,-0.007700739657368283,-0.007695329697982478
2023-06-01,0.010346730294201523,0.010344270705265224,0.01033672149367626,0.010325730154123747
2023-06-02,0.0032829337801079106,0.0031146574089953027,0.002776688257858817,0.002437038867546981
2023-06-05,-0.005108678078223128,-0.005108813319893768,-0.005109207484456979,-0.00510976395342011
2023-06-06,0.00895616627615281,0.008956198740828425,0.008956293359776879,0.008956426939791484
2023-06-07,-0.020479211622354887,-0.020475957486640217,-0.02046647324278883,-0.020453083689712104
2023-06-08,0.014810771197220296,0.014808390180057751,0.014801450657749626,0.014791653661412774
2023-06-09,0.0006701455510804699,0.0006423745563632899,0.0005860490305376054,0.0005286554361432216
2023-06-12,0.007199220757763136,0.007196457221093855,0.0071881703792076035,0.007176252526972071
2023-06-13,0.0030775289204976186,0.003076272216457454,0.003072503817871164,0.003067084236065165
2023-06-14,0.00125933863409311,0.001258150020519988,0.0012545858004922028,0.0012494598612977637
2023-06-15,0.014368137444545903,0.01436618860550265,0.01436034474564285,0.01435194030650333
2023-06-16,-0.0020849991152749325,-0.0023565977206869704,-0.0028990781044780922,-0.0034405041811251813
2023-06-20,-0.0003664563405649801,-0.00036624885945624186,-0.0003656485975849222,-0.0003648046459028276
2023-06-21,-0.00032223009460863317,-0.0003202547955841739,-0.00031454007439446485,-0.0003065053335740142
2023-06-22,0.0005933916384590621,0.0005916814258073444,0.0005867336238001286,0.0005797771502573656
2023-06-23,-0.00784494218075682,-0.008081745405938978,-0.008553298989100289,-0.009021686687591068
2023-06-26,-0.010210776802881294,-0.010209946151886862,-0.010204459020770829,-0.0101928353566616
2023-06-27,0.01321261537298346,0.013211261922174034,0.013203835679877374,0.0131889271321326
2023-06-28,-0.0010527511714299997,-0.0010531078391478044,-0.0010542245248743587,-0.001055916647979993
2023-06-29,-0.00046065711705745027,-0.00046070399958675345,-0.00046011481814800526,-0.0004583783330418534
2023-06-30,0.013953230817405293,0.013911194716049513,0.01382354560943555,0.0137295361507348
2023-07-03,0.004377777366605606,0.00437699737795616,0.004375042225907677,0.004372570352678684
2023-07-05,-0.0045134773290328445,-0.0045134683958706345,-0.004513446003634125,-0.0045134176934216175
2023-07-06,-0.011168317670061545,-0.011165795232135789,-0.011159472384127733,-0.011151478489875966
2023-07-07,0.0022111232561854433,0.002182832209867591,0.0021270332562677297,0.002072339126974576
2023-07-10,0.001190249881904748,0.0011902879841001468,0.0011902473381559808,0.0011900571543295158
2023-07-11,0.006740283237169908,0.0067400291584469585,0.006738141816632126,0.006734481159005545
2023-07-12,0.012786221885758398,0.012785979274124726,0.012781780757030736,0.01277281301199551
2023-07-13,0.0198508991682238,0.01984877641103666,0.019840367245104185,0.019826588547745105
2023-07-14,-0.0074409948275124815,-0.007562828439451441,-0.00780661817577355,-0.008050446590134652
2023-07-17,0.00465404495477606,0.004652299589405606,0.004646817079883903,0.004638770017993288
2023-07-18,0.00835639190970272,0.00835533599464,0.008351072896612965,0.008344054644836563
2023-07-19,0.00014656287846470661,0.00014661442399943603,0.00014676049744899444,0.00014696216061560463
2023-07-20,-0.017898187459348347,-0.017894023004044413,-0.017880653788998946,-0.01786079932307505
2023-07-21,-0.00031480818737295024,-0.00048167285592082276,-0.0008163679255980272,-0.0011521189478059801
2023-07-24,-0.003987845966972325,-0.003988275471071945,-0.003989317065181908,-0.003990600748664974
2023-07-25,0.005419696732699153,0.005416316686090106,0.005408495048220496,0.0053993325313574925
2023-07-26,-0.0003754453847439887,-0.0003742681134377701,-0.0003714812529410638,-0.00036813328049467575
2023-07-27,-0.0047727945347068035,-0.0047706786356436215,-0.004765902758016027,-0.004760468566754494
2023-07-28,0.014093301585997642,0.01404556504380805,0.013947457223202786,0.013846027586107867
2023-07-31,0.0003022152333980177,0.0003015964838686269,0.00030026969297303197,0.0002988345244403501
2023-08-01,-0.001665260684430625,-0.0016626142438060931,-0.001656929649328731,-0.001650768179865203
2023-08-02,-0.02092443721509485,-0.020911037530827015,-0.020881138830969648,-0.02084730779484456
2023-08-03,-0.0007343607856531431,-0.0007333316341788798,-0.0007310443457809734,-0.0007284673543306308
2023-08-04,-0.003608185770054506,-0.0038670902720308042,-0.004383757192057192,-0.0048990878833203855
2023-08-07,0.006070036938883305,0.006067855047023896,0.006062639614494714,0.006056331187399566
2023-08-08,-0.0019932511351361537,-0.001991007972143355,-0.001985643860896058,-0.0019791525655602493
2023-08-09,-0.007257285068910657,-0.007254425481024951,-0.0072475890177756686,-0.007239318317958987
2023-08-10,0.001657374972711123,0.001657029317928771,0.0016562086562834644,0.0016552236059059755
2023-08-11,-0.0024735812729873574,-0.0024987094365652718,-0.00254864974782798,-0.002598283422405867
2023-08-14,0.005326062316786784,0.005322035411472026,0.005312491304285238,0.0053010372797897
2023-08-15,-0.008278448103021252,-0.008274593042396416,-0.008265453114557286,-0.008254480150788002
2023-08-16,-0.010047350900040275,-0.010043479844686343,-0.010034300410580621,-0.010023277977869838
2023-08-17,-0.021926887231459635,-0.02192284696405311,-0.021913263248947268,-0.02190175146826656
2023-08-18,-0.003810221256472568,-0.0041262770754119105,-0.004759057227152752,-0.005392904909871321
2023-08-21,0.013124344914899444,0.013118653921613488,0.013104640966134173,0.013087291812352797
2023-08-22,-0.0015855341773625131,-0.0015851074623436379,-0.001584057344011236,-0.001582754112921414
2023-08-23,0.016903940218800928,0.016898061831793543,0.016883585146922675,0.01686567412552087
2023-08-24,-0.01887444337979627,-0.018867033305381642,-0.018848788500704483,-0.01882619439715727
2023-08-25,0.005036928024962917,0.004596438309716344,0.003714388905046384,0.002830932027120925
2023-08-28,0.004762751347636485,0.004760559723443025,0.004755085263994152,0.004748176014700567
2023-08-29,0.015611795211742274,0.015605173130490257,0.01558862918540127,0.015567746521713444
2023-08-30,0.0021446945145873197,0.00214304263342191,0.0021389134616396355,0.0021336990294047453
2023-08-31,-0.002002459643571708,-0.002002961475627174,-0.002004201900185021,-0.002005753798766996
2023-09-01,0.00038005658168138723,0.0003584369046978342,0.0003160229596426145,0.0002746625783718315
2023-09-05,-6.850768014354802e-05,-6.849740176839703e-05,-6.806417701510359e-05,-6.707036277997513e-05
2023-09-06,-0.004904500574025694,-0.004903058933259374,-0.004898692207464195,-0.004892338633989413
2023-09-07,-0.002554907211056223,-0.002553766210381614,-0.002550572032121834,-0.0025461612668856715
2023-09-08,0.0011807047058454145,0.001027641754245412,0.0007213450385146203,0.0004151103839069581
2023-09-11,0.005320300857079019,0.005318766526675844,0.0053139425615693625,0.005306768231070125
2023-09-12,-0.004025035205222238,-0.004023548410391542,-0.004018900375379664,-0.004012010670650379
2023-09-13,0.0020065899048746783,0.002006108195241829,0.0020045848626917273,0.002002311660443734
2023-09-14,0.00691552078740898,0.0069144988368927685,0.006911259338522324,0.006906418501746225
2023-09-15,-0.008092618469115576,-0.008199290816758298,-0.008409079732549452,-0.008615794410399724
2023-09-18,0.00047232360237248194,0.0004723977240648214,0.00047235466458928066,0.00047205345056267056
2023-09-19,0.00010296530023756745,0.00010285648292018834,0.00010305273970678819,0.00010380686747035739
2023-09-20,-0.00857586079331163,-0.008576677402216348,-0.00857555520717912,-0.008570717905114766
2023-09-21,-0.010587101336246518,-0.010588087432242155,-0.010586527940219859,-0.010580207471039937
2023-09-22,-0.0001584775593999055,-0.00022453152083101724,-0.0003570436912164743,-0.0004900854497327245
2023-09-25,0.0022269840808275543,0.0022267348150917243,0.002225363855195006,0.002222827252975401
2023-09-26,-0.007738047890251121,-0.007737206240774341,-0.007732734125483587,-0.007724536331774279
2023-09-27,0.003168612729980591,0.003168521948057723,0.003167928316464508,0.0031667838674800386
2023-09-28,0.0047162917573631,0.004715868668514922,0.004713495094758047,0.004709080655948217
2023-09-29,-0.0015535797746768498,-0.001845883853250796,-0.0024306522044291734,-0.003015748815952568
2023-10-02,0.008422868304099884,0.008422178103166589,0.008418971717731871,0.008413328882451498
2023-10-03,-0.010846951851616549,-0.010845500465272329,-0.010838757930148879,-0.01082689191595676
2023-10-04,0.006660456841341977,0.006659331379489375,0.006654102953508101,0.006644901581062346
2023-10-05,-0.004981118679285634,-0.004980874991350137,-0.004979742918921004,-0.004977750613762155
2023-10-06,0.009619514688254505,0.009080747151904989,0.008005780089602732,0.006934969711763106
2023-10-09,-0.0010056736772983133,-0.0010056736772983133,-0.0010056736772983133,-0.0010056736772983133
2023-10-10,0.0014153487430548228,0.0014153487430548228,0.0014153487430548228,0.0014153487430548228
2023-10-11,-0.0010799398306137187,-0.0010799398306137187,-0.0010799398306137187,-0.0010799398306137187
2023-10-12,-0.0024583421779529324,-0.0024583421779529324,-0.0024583421779529324,-0.0024583421779529324
2023-10-13,-0.007341036055445227,-0.007529586719230208,-0.007905344584544616,-0.008278014167611203
2023-10-16,0.009012951935198243,0.009019458883768205,0.009030095547909234,0.009037486821551477
2023-10-17,-0.0017529313948123626,-0.001754848898016581,-0.0017579750081992973,-0.0017601335761401327
2023-10-18,-0.008019782363728023,-0.008027386155911254,-0.008039801791706935,-0.008048406271369157
2023-10-19,-0.004633560635106115,-0.004639067011041331,-0.004648036761186081,-0.004654218313114744
2023-10-20,0.0005419660571532869,0.0001227456191414955,-0.0007162692418948291,-0.001555801798127865
2023-10-23,0.021274576097517484,0.021274576097517484,0.021274576097517484,0.021274576097517484
2023-10-24,0.007281767784785398,0.007281767784785398,0.007281767784785398,0.007281767784785398
2023-10-25,0.0004089685144521571,0.0004089685144521571,0.0004089685144521571,0.0004089685144521571
2023-10-26,-0.008304299460198061,-0.008304299460198061,-0.008304299460198061,-0.008304299460198061
2023-10-27,-0.0008419150659823016,-0.0009023755309268688,-0.0010232964608157813,-0.0011442173907048048
2023-10-30,0.006532701537455443,0.006532701537455443,0.006532701537455443,0.006532701537455443
2023-10-31,0.003781628468742637,0.003781628468742637,0.003781628468742637,0.003781628468742637
2023-11-01,0.007943434209321865,0.007943434209321865,0.007943434209321865,0.007943434209321865
2023-11-02,0.001198175187328454,0.001198175187328454,0.001198175187328454,0.001198175187328454
2023-11-03,0.0026130057505791005,0.002142773555798616,0.0012021215499473659,0.0002616331314739817
2023-11-06,0.003459210788038236,0.0034584819216223472,0.003456536023034751,0.0034539477373851657
2023-11-07,0.007441453875591586,0.007439764882905209,0.007435255677360475,0.0074292578766139705
2023-11-08,0.0010547231448381211,0.0010546080846065564,0.001054300901373706,0.0010538923097038744
2023-11-09,0.00010015128974316667,0.00010152633103732711,0.0001051973616328361,0.0001100802860918293
2023-11-10,0.017139867210342663,0.017051786477689124,0.016872524717978843,0.016689229357033986
2023-11-13,-0.0051759878750999855,-0.005175589490266197,-0.005174370190583422,-0.00517259354355315
2023-11-14,0.009440185471093265,0.009437435444261233,0.009429018691014424,0.009416754602151078
2023-11-15,0.010416498548702968,0.010416402376352663,0.010416108030518068,0.010415679137883771
2023-11-16,-0.005770853681221433,-0.0057709629865129175,-0.005771297527127794,-0.005771784987756434
2023-11-17,-0.007242598602353101,-0.007419191761126487,-0.007772352544179628,-0.008125510033481609
2023-11-20,0.013242756140485978,0.013240977723524283,0.01323588612028126,0.0132287712645065
2023-11-21,-0.011113406490986022,-0.011112557879039309,-0.011110128305191758,-0.01110673329055789
2023-11-22,0.009671902331179538,0.00967130445661235,0.009669592743245303,0.009667200845614676
2023-11-24,0.011156662808243123,0.011058505540539443,0.010862310322933055,0.01066625134945709
2023-11-27,-0.003476618084836569,-0.0034765031770183086,-0.003476168696728399,-0.0034756961413704435
2023-11-28,0.004810913382391702,0.004810568368239565,0.004809564081190931,0.0048081452196309105
2023-11-29,0.00014973043107380235,0.00014985864901762014,0.0001502318731871899,0.00015075916608409123
2023-11-30,-0.003131853156168707,-0.00313152222149804,-0.00313055891781433,-0.0031291979577492413
2023-12-01,0.007915395851454843,0.007808798631067093,0.007593310195668446,0.007375527422477157
2023-12-04,0.003272567948449545,0.003270294094621873,0.0032689490230690676,0.0032718508835734017
2023-12-05,0.008719711017406429,0.008720326029407754,0.00872068983254115,0.00871990496281283
2023-12-06,-0.007204857098667694,-0.0072062737440721225,-0.0072071117440396515,-0.007205303840955635
2023-12-07,0.01141390493997263,0.011417327150375911,0.011419351518787035,0.011414984141655982
2023-12-08,0.00698583778702111,0.006805849308469281,0.006447046998882211,0.006089095687565438
2023-12-11,-0.001927402623975838,-0.0019287004498611537,-0.0019324066386305905,-0.0019375779464398946
2023-12-12,0.008080147500164614,0.00807893741646648,0.008075481792208627,0.008070660101295868
2023-12-13,0.020708387586995114,0.020706455408493696,0.020700937705123046,0.020693238760383093
2023-12-14,0.001055591698795988,0.0010557234021413286,0.0010560995061050793,0.0010566242903200518
2023-12-15,0.00013834562905135073,-4.992643842804956e-05,-0.00042927163249839584,-0.0008127603887801982
2023-12-18,0.007747333232276832,0.0077431517875719,0.007733143365095563,0.007720972456142006
2023-12-19,0.005863422875076907,0.005860030828401364,0.00585191185551448,0.005842038643223857
2023-12-20,-0.01277867469319438,-0.012768809868784925,-0.012745198094073262,-0.012716484601919764
2023-12-21,0.01479419389838843,0.014786469510883915,0.01476798094079168,0.014745497606999614
2023-12-22,0.0011475849029400909,0.0010291110651396984,0.0007917736633826777,0.0005541921862488586
2023-12-26,0.00301656256600924,0.0030134306774780573,0.00300503531424523,0.002993809952873905
2023-12-27,0.005726924999828853,0.005725748476164583,0.005722599372110615,0.0057183929928377175
2023-12-28,-0.0037136760428408966,-0.003713076131802606,-0.003711480211568974,-0.0037093573944019242
2023-12-29,-0.05032900212706681,-0.05061457676383485,-0.051185097958175274,-0.05175464037975397
2024-01-02,-0.011310107347839216,-0.011296931059217252,-0.011265708157513599,-0.011228081958577052
2024-01-03,-0.01842890255447882,-0.01842066359169292,-0.01840114031525386,-0.018377613139908155
2024-01-04,-0.0007127470044520079,-0.0007087398728566896,-0.0006992444618570959,-0.0006878017001737957
2024-01-05,0.05255360474640036,0.05215972628280974,0.05137066269708557,0.05058025825324486
2024-01-08,0.023511403028291022,0.023492266367314718,0.023451814838194585,0.023408530227226443
2024-01-09,-0.0023641976068223824,-0.002366218620893923,-0.002370474449141624,-0.0023750081535572898
2024-01-10,0.006864651129458554,0.006858391258649288,0.006845167846792677,0.006831029317751813
2024-01-11,0.0008888301936367249,0.0008865225530061416,0.000881694935551014,0.0008765917712771909
2024-01-12,-0.006345755848004231,-0.006500767872804736,-0.006805861165502858,-0.007104265754987238
2024-01-16,-0.005320344377854336,-0.005320349791589796,-0.005320343933120419,-0.005320315695977351
2024-01-17,-0.007339714733517466,-0.007340427718551146,-0.007341237036524451,-0.007341214519752781
2024-01-18,0.004566067791987427,0.004567926759008412,0.004570149331449169,0.004570353514709025
2024-01-19,0.015300295774783423,0.015223366450230591,0.015067441077160293,0.014908669087046356
2024-01-22,-0.0034332442803506336,-0.003433038024746482,-0.003432763735669919,-0.003432675979480382
2024-01-23,-0.0014153104672648409,-0.0014146504035519314,-0.0014137882381105582,-0.0014135439018576612
2024-01-24,0.006388511186569801,0.006389394607455801,0.006390546142761799,0.006390867606975936
2024-01-25,0.002205170426017533,0.0022053545850719836,0.002205628541186666,0.0022057747869543842
2024-01-26,0.0037600736442184868,0.0037414829012829554,0.0037043759399779663,0.003667356196603855
2024-01-29,0.01127622831263353,0.01127925343696945,0.011284220058975336,0.011287718107458877
2024-01-30,-0.0034380749938635047,-0.003440055151085919,-0.003443297281876645,-0.0034455662774468543
2024-01-31,-0.016547546231222232,-0.016553356443231415,-0.01656287994168637,-0.016569561913766573
2024-02-01,0.010587732041537068,0.010591181651807835,0.010596863871682682,0.010600896394783677
2024-02-02,0.008894348869631807,0.008791344859983008,0.008583428507766833,0.008372982918532834
2024-02-05,-0.003957313789048622,-0.003958214029613605,-0.003959796213736544,-0.0039610823032806275
2024-02-06,0.002700796758288826,0.0027010603291361956,0.0027016859705630836,0.002702441560753277
2024-02-07,0.009327999974541479,0.009329884626914309,0.00933273314360572,0.009334343154408176
2024-02-08,0.0050245118331984084,0.0050247732789416855,0.005025168302583705,0.005025391339075425
2024-02-09,-0.006468222030071469,-0.006652323650739422,-0.007021580501090141,-0.00739219968707594
2024-02-12,0.006487820390410404,0.006487181753172866,0.0064862641912140084,0.006485831952942167
2024-02-13,-0.015828530422903997,-0.015831131762486184,-0.015834945461532524,-0.015836884177218735
2024-02-14,0.016854883182466418,0.016856714626815927,0.016859418313017738,0.016860826920651606
2024-02-15,0.0032307656513732574,0.003231297214499218,0.0032321233043859365,0.0032326287889254957
2024-02-16,-0.03369775585412094,-0.03390784782301792,-0.034328351032250404,-0.03474936520640015
2024-02-20,-0.0009263548295123103,-0.0009258625612521554,-0.0009243849637690094,-0.0009222487486439945
2024-02-21,-0.006208871746879341,-0.006208610769952161,-0.0062078274189180105,-0.006206694900524834
2024-02-22,0.02157209212771405,0.02157018285579948,0.021564451965543352,0.021556166614096428
2024-02-23,-0.00354139715852686,-0.00359603039834544,-0.0037055242522998633,-0.003815292762413325
2024-02-26,0.008925710587672109,0.008925817490907706,0.00892606100944593,0.008926344029906552
2024-02-27,0.00835376112372499,0.008353272896254094,0.008352160746192938,0.008350868190705185
2024-02-28,0.0033414878566266903,0.0033425686428503187,0.0033450306027706933,0.0033478919251015427
2024-02-29,0.008901670844311704,0.00889993136441114,0.008895968943625654,0.008891363765862748
2024-03-01,0.06379377702481293,0.06339109765475648,0.06258352846274295,0.06177300360944282
2024-03-04,0.0072237296064256995,0.0072230183738701825,0.007221806508604711,0.007220882753278479
2024-03-05,-0.02115596430706057,-0.021159542204924997,-0.021165638565548872,-0.021170285571908698
2024-03-06,0.020358273214112987,0.02035952576588773,0.02036165998201378,0.020363286807676184
2024-03-07,0.014206647277261064,0.014209672695234321,0.014214827688389775,0.014218757128831028
2024-03-08,-0.005251822175384224,-0.005296566148503046,-0.005386097380986277,-0.005475609113410718
2024-03-11,-0.0006483325971852194,-0.0006483371683753125,-0.0006482140310964946,-0.0006479158802485951
2024-03-12,0.009742346013859926,0.009742363663321152,0.009741888227698725,0.009740737061006755
2024-03-13,-0.0009077832516526385,-0.0009077927149959697,-0.000907537794434643,-0.0009069205582717954
2024-03-14,-0.010295847627433519,-0.010295850731609768,-0.01029576711228819,-0.010295564645806388
2024-03-15,-0.018279275367088066,-0.01838663527020734,-0.018600910963070483,-0.01881457701947742
2024-03-18,0.001185566335846211,0.0011857191263557887,0.0011857465436069248,0.0011854028765660996
2024-03-19,-0.00231478978128008,-0.002314749863969401,-0.0023147427010706823,-0.0023148324858621727
2024-03-20,0.013233832483620755,0.013234022428486591,0.013234056512842374,0.013233629275639425
2024-03-21,0.0015782185327590792,0.0015782943443933828,0.001578307948292057,0.0015781374274914661
2024-03-22,0.012851091480962085,0.012728275714933623,0.012483725958317038,0.012240621763988102
2024-03-25,0.007116779094015202,0.007116943175960344,0.007117363977925617,0.007117908441820253
2024-03-26,-0.0026141599897823165,-0.0026140748929366353,-0.0026138230868434364,-0.0026134622673231744
2024-03-27,0.003888236630082087,0.0038864501399846763,0.003882762839052978,0.003878924786219873
2024-03-28,0.002575304824963487,0.002573590007350024,0.002570177265306395,0.002566789116061452
2024-04-01,3.98500402183366e-05,2.893347100130228e-05,6.761315242354016e-06,-1.584346244887236e-05
2024-04-02,-0.00862224362579267,-0.008623250317206566,-0.008625038153713405,-0.008626523804390884
2024-04-03,0.0040294270036098645,0.004028812157565342,0.0040274471848746884,0.004025903712843837
2024-04-04,-0.007707822230462624,-0.007707388336202214,-0.007705927110109423,-0.007703677752836646
2024-04-05,0.00981851655043009,0.009488704883163113,0.008827503521936286,0.008164326811505473
2024-04-08,0.00954227861404,0.009543169876538915,0.009544698178279631,0.009545886433591555
2024-04-09,0.001044527451908639,0.0010453326079729042,0.0010465779299633216,0.0010473361246192692
2024-04-10,-0.00926080820045827,-0.00926220710700476,-0.009264280070529818,-0.009265386082356941
2024-04-11,0.016613163794986008,0.016616025784814692,0.016620341284537377,0.016622777540313827
2024-04-12,-0.019334899594859123,-0.019466143225943977,-0.01972949905485122,-0.019993980542921674
2024-04-15,-0.006221296407509236,-0.006221753179194156,-0.006222713241812783,-0.006223737020194631
2024-04-16,-0.0013800456887815837,-0.0013795228288062678,-0.0013785311415990265,-0.0013776122829245452
2024-04-17,-0.012745715920294831,-0.012754382822857568,-0.012770882028594222,-0.012786256972523335
2024-04-18,0.002251230445049268,0.002249865877966828,0.0022472464752096855,0.002244774636356084
2024-04-19,0.0028172563316357646,0.0027231255551554145,0.002536842904302228,0.0023532754705091197
2024-04-22,-0.0037495320470822824,-0.0037530043463889218,-0.0037592815884235353,-0.0037646588432657113
2024-04-23,0.007212003353735508,0.007215574798134616,0.007222031275220475,0.007227562067641857
2024-04-24,-0.002841196216163522,-0.0028407175946004726,-0.002839852339872051,-0.002839111139333217
2024-04-25,0.001531747410882689,0.0015319098295227818,0.0015322034508455928,0.001532454974790376
2024-04-26,0.0081290139232848,0.00809953703622801,0.00804019227357422,0.007980287663205576
2024-04-29,-0.0005016457365625282,-0.0005008168343422215,-0.0004992807499438756,-0.0004979090548981047
2024-04-30,-0.029308056400025984,-0.029322511771455173,-0.029349299817111985,-0.029373221047973797
2024-05-01,-0.004075702679988247,-0.004075212471575385,-0.004074304039342391,-0.004073492826107694
2024-05-02,0.011322604837939787,0.011326401273616282,0.01133343665784925,0.011339719126252978
2024-05-03,-0.003339882819104467,-0.003595668214676828,-0.004109687086621405,-0.004626916451797358
2024-05-06,0.01163105342537496,0.01163400936941561,0.0116389505993153,0.011642589578777507
2024-05-07,-0.0020339241384979,-0.002034905488242922,-0.002036724206470941,-0.0020383486060732148
2024-05-08,-0.002930303449384497,-0.002930974389240615,-0.002932184995019682,-0.0029332189066392234
2024-05-09,0.006429509644725551,0.0064330471390317,0.0064394737461699325,0.006445027160434602
2024-05-10,0.011830427412965472,0.011725474600103425,0.01151372666796835,0.011299465460546942
2024-05-13,0.003812354798278683,0.003808991726191868,0.003802475773849734,0.003796249637199267
2024-05-14,0.004038080315285075,0.00403727989561764,0.004034914908082499,0.00403153818164137
2024-05-15,0.02417388887821681,0.024170275154220988,0.024161453570530123,0.02415052758678482
2024-05-16,-0.0051776616468149905,-0.0051776726919312566,-0.005177411933546039,-0.005176775693104152
2024-05-17,0.009647053167989528,0.009533009844596263,0.00930385995152605,0.009073406261002503
2024-05-20,0.010549833308411527,0.01054935810578117,0.010547576256225488,0.010544689111994687
2024-05-21,-0.001522486354614272,-0.0015228143448918763,-0.00152356065343906,-0.001524426348610386
2024-05-22,-0.007256979752146453,-0.00725833403920273,-0.007260014432852402,-0.00726032313169922
2024-05-23,-0.015142090810314923,-0.015143083701205096,-0.01514357858848936,-0.015142086907044994
2024-05-24,0.012871238839786914,0.012787524162443997,0.012619788200272763,0.012451722927712794
2024-05-28,0.004338641984018787,0.0043367161593457215,0.004331967963913774,0.0043260323953715485
2024-05-29,-0.01227865874305778,-0.01227536452008604,-0.0122676036109014,-0.012258291916854791
2024-05-30,-0.003115878224960511,-0.0031113361464207845,-0.003101248047645666,-0.003089836521038003
2024-05-31,0.006945468470545446,0.006842674154841744,0.006637399610571748,0.006432595402579899
2024-06-03,0.010156405285200787,0.010154267998031097,0.010148892057217473,0.010142049996383351
2024-06-04,0.00035299965746360407,0.0003530318825832879,0.0003533552389387573,0.00035402409316098726
2024-06-05,0.020044597846142542,0.020038367690608183,0.020023084634088528,0.020004045342161936
2024-06-06,0.0014729560653750084,0.0014724328812902865,0.001470974193579222,0.0014689661346103389
2024-06-07,-0.01880882350345292,-0.018878711553300787,-0.01901694727621006,-0.019153098527349144
2024-06-10,0.007357466537220914,0.007357108195297224,0.007355351695542245,0.007352201849114559
2024-06-11,0.002108001171808649,0.002107688559336962,0.002106156213570909,0.0021034083316973096
2024-06-12,0.010149791847032796,0.010149260181215203,0.010146654092404228,0.010141980718832988
2024-06-13,-0.0017780977910228923,-0.001778102369927037,-0.001778124814534765,-0.0017781650633691415
2024-06-14,0.006151726058342133,0.006094817076850889,0.005979602951523777,0.005862543430201095
2024-06-17,0.009647194946822868,0.009647312113018058,0.009646633138917782,0.009644732189144412
2024-06-18,-0.004173965542179525,-0.004173933951541753,-0.0041741170182088005,-0.004174629556962461
2024-06-20,0.0012817425518434344,0.0012817326024301412,0.001281790258940374,0.0012819516820781196
2024-06-21,-0.010512800379168574,-0.010538838992576793,-0.010590064210859063,-0.010640127572719593
2024-06-24,-0.0207043665488873,-0.020702898509698975,-0.020699165183537982,-0.02069436860859364
2024-06-25,0.014377341146733391,0.014375961222820033,0.014372451979956402,0.01436794330708202
2024-06-26,-0.005465199307188362,-0.005464649132496113,-0.005463249999838049,-0.005461452395138733
2024-06-27,0.007778604695600544,0.007777098088215695,0.007773266680437763,0.007768344090298029
2024-06-28,-0.005849574842473837,-0.005949774071013714,-0.006148998695967078,-0.0063465598475747065
2024-07-01,0.013919629139687917,0.013919607030993486,0.013919040770608015,0.013917774758033907
2024-07-02,0.003219871496722204,0.0032196882854889086,0.00321857436138151,0.0032164585519962596
2024-07-03,0.006133633649279435,0.006133833134254418,0.006133189322296673,0.006131147634744538
2024-07-05,0.0025073709067071626,0.002460215757739581,0.0023616818606726486,0.002257336496047424
2024-07-08,-0.003723988400178846,-0.0037268969859788337,-0.003732512427289447,-0.0037378555795948287
2024-07-09,0.0049382171783252105,0.00493946905854048,0.004941901081170652,0.004944236089337917
2024-07-10,0.00800266694595253,0.008011515100763589,0.008028738863517404,0.008045323066423471
2024-07-11,-0.009416971528018792,-0.0094261160658764,-0.009444005902096264,-0.009461353974877573
2024-07-12,0.004454107318134559,0.004355064676359266,0.004155955265140232,0.003955507526762769
2024-07-15,0.015770818000623965,0.015772911499157383,0.015776890749474415,0.01578058851905295
2024-07-16,0.014261922672792027,0.014268371185575557,0.014280590381317015,0.014291892318193389
2024-07-17,-0.023235220675928647,-0.023248416251620996,-0.023273557556786728,-0.023297003612527845
2024-07-18,-0.008191325345793365,-0.008195232305173272,-0.008202657157959092,-0.008209554897747329
2024-07-19,-0.007300235560366963,-0.007444193032562718,-0.0077315839784922735,-0.008018238743324302
2024-07-22,0.010339653236359991,0.01034376791847924,0.010351603415480026,0.010358908945343526
2024-07-23,-0.004502114930989953,-0.004502017499567579,-0.004501831963092062,-0.004501658975690992
2024-07-24,-0.022556572655846874,-0.02256729819641423,-0.022587722603090166,-0.022606765570358456
2024-07-25,-0.018064054612829672,-0.018071695865868098,-0.01808624693288341,-0.018099813813786447
2024-07-26,0.01917432051468526,0.019114995478270114,0.0189957567288368,0.018875750267481894
2024-07-29,-0.0015033425165681402,-0.0015033314788494012,-0.0015033129853038174,-0.0015032992773860165
2024-07-30,-0.002962871345930762,-0.0029629028630074883,-0.0029629556694348302,-0.002962994810991826
2024-07-31,0.025254910441199874,0.025259553837881477,0.02526733378500312,0.02527310049294096
2024-08-01,-0.018268472146641512,-0.01827095877215723,-0.018275125078925814,-0.018278213258567377
2024-08-02,-0.02349822259614953,-0.023612791556127166,-0.02384201105490269,-0.02407127947946941
2024-08-05,-0.0423461966300156,-0.04234590208192002,-0.04234439475784657,-0.04234166314870935
2024-08-06,0.0076107326794114805,0.007611220620922898,0.007612245459338363,0.007613335053015202
2024-08-07,-0.008951386744169065,-0.00895146941286662,-0.008951413012109444,-0.008951060796447585
2024-08-08,0.0353938490332224,0.035393418172348534,0.0353915385329846,0.03538830180530517
2024-08-09,-0.0006109544388706034,-0.0012218712852145597,-0.0024434979399610146,-0.003664691520305574
2024-08-12,0.0,0.0,0.0,0.0
2024-08-13,0.0,0.0,0.0,0.0
2024-08-14,0.0,0.0,0.0,0.0
2024-08-15,0.0,0.0,0.0,0.0
2024-08-16,0.0,0.0,0.0,0.0
2024-08-19,0.0,0.0,0.0,0.0
2024-08-20,0.0021737634902951886,0.0016223363928629109,0.0005195739529086918,-0.0005829127434844317
2024-08-21,0.004956135336331879,0.004956116859234694,0.004956046884125875,0.004955932970970078
2024-08-22,-0.0156918051288385,-0.015691463743039313,-0.015690170871752507,-0.01568806619409846
2024-08-23,0.01743579201029055,0.017403219498518974,0.0173371352874252,0.01726974197906017
2024-08-26,-0.002035124934949173,-0.002035204055754636,-0.0020352779241469277,-0.002035239558789148
2024-08-27,0.0004850758146202061,0.000485679108380932,0.0004867906446248682,0.0004877750836771444
2024-08-28,-0.014337085385659365,-0.014337302260911455,-0.014337212602322569,-0.014336427053236345
2024-08-29,0.0032695599990195667,0.0032697962388366086,0.0032701235944743168,0.003270257776875729
2024-08-30,-0.0011562447608030046,-0.0012325925792798786,-0.001384553449505388,-0.0015354907869558065
2024-09-03,-0.014334188498131173,-0.014337224470658105,-0.014342673837056341,-0.014347290450182237
2024-09-04,-0.0005712746608698138,-0.0005714017986340192,-0.0005716261933721434,-0.0005718106189581684
2024-09-05,0.0016703845086820657,0.0016716004052084177,0.0016738397154867357,0.0016758215780103836
2024-09-06,-0.01859997682425285,-0.018667015590003944,-0.018800382301808694,-0.01893279632033984
2024-09-09,0.01444071729841312,0.014442335116037208,0.014445161415978625,0.01444744181197688
2024-09-10,0.006706292469172759,0.006707640220126931,0.006710075244797276,0.006712162458185844
2024-09-11,0.005491938318168188,0.005493520678907293,0.005496397533744979,0.0054988898792354135
2024-09-12,0.014651251950365873,0.014654393953913658,0.014660046353005773,0.014664855545728273
2024-09-13,0.009693214661280702,0.009581819682248582,0.009358831481525165,0.009135596558156989
2024-09-16,-0.0044434181507012616,-0.004443701324036486,-0.004444173000091478,-0.004444518535624775
2024-09-17,0.0006007740269002859,0.0006001523191576652,0.0005990086901555003,0.000597998381128173
2024-09-18,-0.006485458422583301,-0.006486607637885666,-0.006488615676612741,-0.006490236477795008
2024-09-19,0.02317751003567925,0.023180914142105324,0.02318688076714359,0.023191725052301715
2024-09-20,0.00573323503751233,0.005713854199738133,0.005674279511811209,0.005633610163100933
2024-09-23,0.0026350482374506434,0.0026356569650654027,0.0026367863325729157,0.0026377980027412207
2024-09-24,0.011631332377669334,0.011634310913322787,0.011639837937400088,0.011644790355724188
2024-09-25,-0.00311310525031383,-0.003113568212145812,-0.003114435083819478,-0.003115223026266878
2024-09-26,0.008374523695515279,0.00837638311445188,0.008379838102202886,0.00838294053165467
2024-09-27,-0.01165887681648825,-0.011737645450875078,-0.011894348036003088,-0.012049979102585873
2024-09-30,-0.009061944653938836,-0.009062597663640926,-0.009063749590758174,-0.009064696015576135
2024-10-01,-0.002479810276906358,-0.00247958752491817,-0.002479194584269928,-0.0024788717437222996
2024-10-02,-0.002516864936176977,-0.0025167578055355078,-0.0025165688241304274,-0.0025164135567622425
2024-10-03,0.0006519495486918547,0.0006518331146498912,0.000651627721789616,0.0006514589707484753
2024-10-04,0.006695277602753791,0.0066189061255608195,0.006465226896027243,0.006310319231013439
2024-10-07,-0.0055196398202568275,-0.005522468788176749,-0.0055278393684169425,-0.005532825908921457
2024-10-08,0.00048301596297339877,0.0004839043823641198,0.0004855909789462931,0.00048715697029066973
2024-10-09,-0.0020847129551566645,-0.0020846395929052797,-0.0020845003202557555,-0.0020843710067222077
2024-10-10,0.0016482633306336147,0.0016499093214772387,0.0016530341097922285,0.0016559354505791823
2024-10-11,0.01594138699552139,0.015891857492480677,0.015792343334759318,0.01569223152588317
2024-10-14,0.00912430232974848,0.009126346462710266,0.009130261482971802,0.00913394348680896
2024-10-15,-0.003826129823747526,-0.003829080671425511,-0.003834732274654584,-0.0038400475025167635
2024-10-16,0.004744667317890361,0.004746455256045223,0.004749879599878604,0.0047531001316487576
2024-10-17,0.0027276573168673046,0.0027299681362347172,0.002734393926931089,0.00273855630087505
2024-10-18,0.01488797994034452,0.014806666322052298,0.014645254343535585,0.014485501569754256
2024-10-21,-0.0004939141171601547,-0.0004938363698110404,-0.000493736593493499,-0.0004937115069997278
2024-10-22,0.007450234217921015,0.007450831322868945,0.00745159761179659,0.00745179027778109
2024-10-23,-0.019833942832969798,-0.019835254785696366,-0.019836938467688525,-0.019837361791367858
2024-10-24,0.013340930871887702,0.013341691901864516,0.013342668562411397,0.013342914121571736
2024-10-25,0.0016128230799037357,0.001569037455139588,0.0014822904724154373,0.0013966256193365112
2024-10-28,0.004853424626884317,0.0048534697013289385,0.004853552825910601,0.004853626534906841
2024-10-29,0.017347187958658195,0.01735205175220278,0.017361021375830843,0.017368975003287934
2024-10-30,-0.0022667436161774024,-0.0022669754342223847,-0.0022674029442707466,-0.0022677820299268348
2024-10-31,-0.028280185466509122,-0.028289611546576943,-0.02830699476601728,-0.028322408974814195
2024-11-01,0.007918199770813983,0.00783439456009516,0.007666724400343217,0.007498983957723304
2024-11-04,-0.004534710335001191,-0.004534823701933255,-0.004535020800515599,-0.004535178390072003
2024-11-05,0.013374851565511658,0.01337659158753679,0.013379616771934888,0.013382035548681337
2024-11-06,0.0064210461811913255,0.006419602199353669,0.0064170917073811395,0.0064150844513573
2024-11-07,0.021309963680315125,0.0213140565112675,0.021321172265069688,0.02132686164382025
2024-11-08,-0.0035542693619151633,-0.0036248085077553727,-0.003765731887446999,-0.0039064237865250595
2024-11-11,0.0043923153139198146,0.004384824577935431,0.004370442375346784,0.0043568593165295155
2024-11-12,-0.0020983164235142127,-0.0021015323958533116,-0.0021077070582357083,-0.0021135386269263146
2024-11-13,-0.006981111793450512,-0.006984628740094978,-0.006991381272721808,-0.006997758602430015
2024-11-14,-0.009244303267918252,-0.009247126864899924,-0.009252548167146268,-0.009257668235983174
2024-11-15,-0.009310669009020778,-0.009368875117920838,-0.009484861719755378,-0.00960027584346379
2024-11-18,0.015277011798507711,0.015281024378880126,0.015288576257233899,0.01529550433413851
2024-11-19,0.010729955519621859,0.010732430016566541,0.010737087144444324,0.01074135958350908
2024-11-20,0.005216163240353566,0.005216924763347119,0.005218357987974764,0.0052196728251554525
2024-11-21,0.01189577112139295,0.011897619719698715,0.011901098874814275,0.011904290644209281
2024-11-22,0.009631869419092887,0.009619391240084818,0.009594153198328792,0.009568545591447819
2024-11-25,-0.02163751738156361,-0.02164058143656511,-0.02164620603005807,-0.021651166355628026
2024-11-26,-0.0011104310128691175,-0.0011096086016817441,-0.0011080989262317598,-0.0011067675443734437
2024-11-27,0.004740885053256871,0.004740236739976922,0.004739046650813039,0.004737997111905257
2024-11-29,0.010802011823596525,0.010764994517506787,0.010690563449020196,0.010615612986517808
2024-12-02,0.0005415117490499277,0.0005424959774564808,0.0005444154495879427,0.0005462702847776058
2024-12-03,0.0029672311731381296,0.0029685998655859525,0.002971269131167631,0.002973848511014232
2024-12-04,0.013842252563509794,0.013846532680765522,0.013854879895432992,0.013862946023223133
2024-12-05,-0.005758901905508873,-0.005761498743697802,-0.005766563176404893,-0.005771457067724195
2024-12-06,0.00895499715271586,0.008894000462688734,0.008771787244689744,0.00864929042571605
2024-12-09,-0.0065805270355768775,-0.0065807393166292805,-0.006581152293076986,-0.0065815501241743846
2024-12-10,0.004378853355205603,0.004380296884824553,0.004383105160586043,0.004385810446647653
2024-12-11,0.022867404715903872,0.02287352344415927,0.022885426959006416,0.022896893928611606
2024-12-12,-0.013174178043063423,-0.013178338651496535,-0.013186432794950687,-0.013194230096685411
2024-12-13,0.001264624926224478,0.0011957523047412266,0.001057882412514477,0.0009198525345153197
2024-12-16,0.015468932731850904,0.015471637130411109,0.015476827888489364,0.01548173358469107
2024-12-17,-0.003570268031569901,-0.003571527362603799,-0.0035739444925467767,-0.003576228880491694
2024-12-18,-0.0400285549088798,-0.040037161610316785,-0.04005368110772767,-0.04006929340066767
2024-12-19,-0.007775725472725092,-0.007776259453671663,-0.007777284363961301,-0.0077782529890521035
2024-12-20,0.009398245398204219,0.009343278016196388,0.009233126355365329,0.009122694262177156
2024-12-23,-0.0023592608723653763,-0.0023589267605234054,-0.0023582972172481176,-0.002357718829648192
2024-12-24,0.01670995894350047,0.01671102385025236,0.016713030378606053,0.016714873859688506
2024-12-26,-0.0015117938409755505,-0.0015113662738940326,-0.0015105606395313664,-0.0015098204697230333
2024-12-27,-0.011223225658810176,-0.011305023861326369,-0.011468527225069414,-0.0116318998269761
2024-12-30,-0.008282831902614696,-0.008284054284971809,-0.008286366564053682,-0.00828850263386316
2024-12-31,-0.0011569684221405252,-0.0011569689780024373,-0.001156970029480231,-0.0011569710008293432
2025-01-02,0.01288794734146359,0.012889093526188944,0.012891261668545706,0.012893264585696729
2025-01-03,0.003926449889374295,0.0038999065381946085,0.003847423152615548,0.003795749581707142
2025-01-06,0.009847532966232198,0.009847324096209809,0.009846826714714041,0.009846222513487657
2025-01-07,-0.012472187842416327,-0.012471971887151434,-0.01247145763359081,-0.012470832936784415
2025-01-08,-1.0574858811951415e-05,-1.0733370579774082e-05,-1.1110834129968161e-05,-1.1569363331243032e-05
2025-01-10,8.65173510049555e-05,6.398579085087341e-05,1.8939206784862606e-05,-2.6079972037518218e-05
2025-01-13,-0.009720148043702359,-0.009720085869365014,-0.00971978978442034,-0.009719263698874214
2025-01-14,0.007115179910889724,0.007115156307419879,0.007115043903614726,0.007114844183844449
2025-01-15,0.01997187932418143,0.019971760962254947,0.019971197302295574,0.01997019578782222
2025-01-16,0.002510018828640437,0.002510007764325195,0.0025099550741427556,0.002509861453903639
2025-01-17,0.009885298625328165,0.009767900626506343,0.00953313215915541,0.009298408431064997
2025-01-21,0.012660949199036375,0.012661255746520439,0.012661614827396583,0.012661632295948078
2025-01-22,0.005911540378129576,0.005911807313960127,0.005912173122450293,0.0059123131048901545
2025-01-23,-0.0014414639782969196,-0.0014414514057673466,-0.0014414236333577524,-0.0014413922797380518
2025-01-24,0.002827366789012409,0.0027053982067932747,0.0024607520025121676,0.002215217127376823
2025-01-27,-0.024277756278890172,-0.02428265677569086,-0.024291795250037218,-0.024300043452284092
2025-01-28,0.012409795759255937,0.01241287662407653,0.01241862183834197,0.012423807352621274
2025-01-29,0.00022996158551680246,0.00022908841796986934,0.000227460130154844,0.00022599047048266208
2025-01-30,0.013527056472116827,0.013530168277508636,0.013535971189927443,0.013541208781393754
2025-01-31,-0.004392143814933358,-0.0044250804754484285,-0.004490978198211315,-0.0045569464060633
2025-02-03,-1.7184192874220017e-06,-1.6353839760174793e-06,-1.4844707038053073e-06,-1.3539377013982445e-06
2025-02-04,0.008138556830539878,0.008141473521730003,0.008146774488317021,0.008151359579305018
2025-02-05,0.004036091737268377,0.004037603546458213,0.0040403511976421225,0.004042727788868383
2025-02-06,-0.00022382020587607965,-0.0002237341466738707,-0.0002235777376042858,-0.00022344245099126248
2025-02-07,-0.006083283889745994,-0.0060951349808855415,-0.006118703461071462,-0.006142090574595249
2025-02-10,0.01941828074949159,0.019421479264188912,0.019427139093185497,0.01943180887294882
2025-02-11,-0.007280016248079169,-0.007280687330007862,-0.00728187482149012,-0.007282854590259902
2025-02-12,0.004164488212464068,0.004164672951352033,0.00416499985012031,0.004165269565910901
2025-02-13,0.011526788997183068,0.011529243018936874,0.011533585454346351,0.011537168286444466
2025-02-14,-0.0063881856498435585,-0.006413790138873443,-0.006464675365514538,-0.006515120045969547
2025-02-18,0.006294520862726305,0.0062966187464950085,0.006300288544360599,0.006303253049882995
2025-02-19,0.004233186596692917,0.004233272370778307,0.004233422414150478,0.004233543620936642
2025-02-20,0.0029306566835263226,0.0029303900146260276,0.002929923534558565,0.002929546706518904
2025-02-21,-0.019489254429065683,-0.019555930842424463,-0.019688369594624167,-0.019819505943343807
2025-02-24,-0.004678535034029707,-0.004678908165626883,-0.004679478096183631,-0.004679812577250475
2025-02-25,-0.02753890817576743,-0.02754092874002767,-0.02754401500053838,-0.027545826266307638
2025-02-26,-0.005171635419511156,-0.0051713336707776,-0.005170872772196411,-0.005170602279857883
2025-02-27,-0.028197784638144707,-0.028201056504055133,-0.028206054034079053,-0.028208986986443807
2025-02-28,0.000757096426078574,0.00042974620994562507,-0.00022553809635594835,-0.0008814805910942747
2025-03-03,0.006546019527714719,0.006546556112052793,0.006547530410820457,0.006548372877834163
2025-03-04,0.005516590666556631,0.005516127781652447,0.0055150316546030975,0.0055137115213879095
2025-03-05,0.009579773728493501,0.009578669714944033,0.00957629667775084,0.009573708152056604
2025-03-06,-0.010884914785355582,-0.010882542580606724,-0.010877431354692657,-0.010871840913232456
2025-03-07,-0.002611818561789936,-0.002644021055051904,-0.002708536344087409,-0.0027731620713032923
2025-03-10,-0.026155108041520214,-0.02615543903518769,-0.026155318972585384,-0.02615415935139831
2025-03-11,0.014840112324396637,0.014840417387928184,0.01484065281297342,0.014840390098408651
2025-03-12,0.004338872380700742,0.0043390136632643905,0.004339007945896922,0.0043386190144985015
2025-03-13,0.0029659040962997096,0.002966329708522508,0.0029667915132900458,0.00296673556938698
2025-03-14,0.011863510978415537,0.011678700797356667,0.011308794510073161,0.01093851158820569
2025-03-17,0.0049635401500329746,0.004963808156035698,0.004964174747261962,0.00496431571610656
2025-03-18,0.0023339853559340984,0.0023344239859595106,0.00233505317934668,0.0023353521182427617
2025-03-19,0.00945734759745509,0.009457593471769332,0.009457922711135325,0.009458035507466711
2025-03-20,-0.0035681358908040695,-0.0035682149621921733,-0.003568322806721036,-0.0035683636665683194
2025-03-21,-0.0058314568591376625,-0.005993978157043056,-0.0063191516722646,-0.006644500347650406
2025-03-24,0.00461151664462256,0.004611396724875316,0.004611206188833483,0.004611081274324302
2025-03-25,0.004616438337411877,0.004617647658581969,0.004619861896481003,0.004621801258954061
2025-03-26,-0.0072803302009255555,-0.007281247251073042,-0.0072829444996926895,-0.007284457290243074
2025-03-27,0.009608746050718153,0.009611511093923442,0.009616549642719852,0.009620927756367026
2025-03-28,-0.004376035956994984,-0.004614267676895434,-0.005090835659314119,-0.005567560755026846
2025-03-31,0.00973942234777736,0.009742530769202284,0.00974813525521978,0.009752919311182051
2025-04-01,0.0033065543909307493,0.003306707559929123,0.003307019756488616,0.0033073393757137026
2025-04-02,0.0055986960317711,0.0055996678542702405,0.0056014515393794095,0.005603020538915038
2025-04-03,-0.0211537142771141,-0.02115889690268924,-0.0211684611415639,-0.021176949587487615
2025-04-04,-0.000559169992228381,-0.0011186220339497455,-0.0022382933490312507,-0.0033588547751648434
2025-04-07,0.0,0.0,0.0,0.0
2025-04-08,0.0,0.0,0.0,0.0
2025-04-09,0.0,0.0,0.0,0.0
2025-04-10,0.0,0.0,0.0,0.0
2025-04-11,0.0,0.0,0.0,0.0
2025-04-14,0.0,0.0,0.0,0.0
2025-04-15,0.0,0.0,0.0,0.0
2025-04-16,0.0,0.0,0.0,0.0
2025-04-17,0.0,0.0,0.0,0.0
2025-04-21,0.0,0.0,0.0,0.0
2025-04-22,0.0,0.0,0.0,0.0
2025-04-23,0.0,0.0,0.0,0.0
2025-04-24,0.0,0.0,0.0,0.0
2025-04-25,0.0,0.0,0.0,0.0
2025-04-28,0.0061836535403621,0.005675561027511655,0.004658965351285849,0.0036418792110730625
2025-04-29,-0.003294379689027016,-0.0032947679844720357,-0.003295327339801868,-0.003295595428571829
2025-04-30,-0.007113719294689402,-0.007114045180265038,-0.007114516005192528,-0.007114744138849161
2025-05-01,-0.0047633254195563746,-0.0047641620840876975,-0.004765367266309162,-0.004765944767397778
2025-05-02,0.004594190852322155,0.004579545579851629,0.004550013853198864,0.004520171470551393
2025-05-05,0.008799685186859696,0.008799277472492983,0.008797895230233888,0.008795755664112725
2025-05-06,0.015818059827462427,0.01581769351187101,0.015816438206827765,0.015814484575832122
2025-05-07,-0.004894587280108165,-0.004894387460122385,-0.004893705119724867,-0.004892645069392354
2025-05-08,0.002835186169692694,0.0028354193688273632,0.002836249077035724,0.0028375641406162
2025-05-09,0.0079218165072521,0.007626337469802014,0.007035310524728056,0.006444191813761657
2025-05-12,-0.006111800032682413,-0.006112157026406773,-0.006112741845741176,-0.006113154781416608
2025-05-13,0.011442771529796003,0.011441800116502199,0.011439653409798023,0.011437235356296815
2025-05-14,-0.01223115941038444,-0.012230256015607899,-0.0122281424905899,-0.012225620743231524
2025-05-15,0.009600406815502449,0.009599450692484135,0.009597257031607187,0.009594688842971433
2025-05-16,-0.0018026600312738283,-0.002078064537001545,-0.0026286798507719755,-0.003179001861249975
2025-05-19,0.00975971800675679,0.009758392942863958,0.009755585806504818,0.009752569410894862
2025-05-20,0.01018811122208274,0.010186581185842591,0.010183358312473523,0.010179918473325777
2025-05-21,0.00018344839234840649,0.00018386989423402333,0.00018481945630854923,0.00018591107911336557
2025-05-22,0.0036393489856643146,0.003640053752144823,0.0036415368750151167,0.0036431180704954436
2025-05-23,0.0012623763291381707,0.0009180440353864228,0.00022914432956633313,-0.00046003602016075895
2025-05-27,0.007125427124803574,0.007124369129721364,0.007122429297885757,0.007120723980244881
2025-05-28,-0.012004313061444338,-0.012003474993428909,-0.012001760628037594,-0.01199999533485907
2025-05-29,0.0009821256404523027,0.0009811782881445907,0.0009792022682111323,0.0009771179496800286
2025-05-30,-0.003577583464851819,-0.0036013019757151765,-0.0036486116280477487,-0.003695719692118238
2025-06-02,0.013740369987109702,0.013737653109618941,0.013731628822789776,0.013724816317963962
2025-06-03,-0.000605366098686777,-0.0006053319901653254,-0.0006050788873336321,-0.000604579433322594
2025-06-04,0.0015370055372012636,0.00153627426149483,0.001534667602420381,0.0015328685585782598
2025-06-05,-0.009677073294761862,-0.009676054754670926,-0.009673898649335544,-0.009671583427827812
2025-06-06,0.0024785230694082117,0.0023995079228991134,0.0022397469725261576,0.002077675557801806
2025-06-09,0.01066079476871229,0.010662393830490613,0.010665493489355304,0.010668459718805146
2025-06-10,0.0037602029470182874,0.003761869928395223,0.003765202331358797,0.0037685302504473217
2025-06-11,-0.0006245172034540225,-0.0006238985945695719,-0.0006227778586328503,-0.0006218131290989248
2025-06-12,0.004800793199247533,0.004804635404193958,0.004812059565365123,0.004819131618467587
2025-06-13,-0.005785860443198065,-0.005896910996875948,-0.006117787915762785,-0.006337021867340531
2025-06-16,0.005317468985441387,0.005317396360127846,0.005317603984122288,0.005318281633944322
2025-06-17,-0.014320150790860242,-0.014320148177028202,-0.014320155649550248,-0.014320180038606245
2025-06-18,-0.003766906472287057,-0.003766933902698777,-0.0037668554835994517,-0.0037665995368393324
2025-06-20,-0.0055199928777055485,-0.0058881965766561795,-0.006624146305760803,-0.007359332755715098
2025-06-23,0.006814568957027589,0.006814683690280043,0.006814407150567803,0.006813456566552967
2025-06-24,0.003735852257216843,0.0037358776030322893,0.003735816512421053,0.0037356065181386455
2025-06-25,0.006041757157420946,0.006041801990158913,0.006041693930531888,0.0060413224838664625
2025-06-26,0.005743698061023483,0.005743774500035714,0.005743590260314679,0.0057429569504285904
2025-06-27,-0.015198390105373494,-0.015274719187436947,-0.015426484598619172,-0.015576968499292132
2025-06-30,0.012463663785768686,0.012462401495346054,0.012458997976680042,0.012454430635537195
2025-07-01,-0.003491711099474659,-0.0034915675141975466,-0.0034911803646463513,-0.0034906608305267373
2025-07-02,0.01449619459887641,0.014495287182229477,0.014492840511130423,0.014489557208563042
2025-07-03,0.002316341987678827,0.0023159546358451077,0.0023149102175616942,0.002313508663739361
2025-07-07,-0.00035901987423991866,-0.0005532563284788017,-0.0009406026946040535,-0.001326372815945387
2025-07-08,-0.003859668334894595,-0.003854018557608696,-0.003842005924849401,-0.0038290557014769577
2025-07-09,0.011638269538666535,0.011633789588645582,0.01162405649257181,0.011613304470612595
2025-07-10,0.002856711907423204,0.0028558790355153185,0.0028541455972117546,0.002852323563217185
2025-07-11,0.009960991685494136,0.009931300289602207,0.009871404329663713,0.009810916173486284
2025-07-14,0.001834307452281747,0.0018353649671256633,0.0018375994991184363,0.0018399883074506906
2025-07-15,-0.008867915457458575,-0.008865831546866598,-0.008861282232604406,-0.008856234592869994
2025-07-16,0.00855259747636139,0.008549512139113702,0.00854272084433405,0.00853511749071334
2025-07-17,0.0022227193707076154,0.002221716183179012,0.002219326170845193,0.0022164301100222605
2025-07-18,-0.001353720421153004,-0.0013912463874553582,-0.0014664733803011476,-0.001541884338334576
2025-07-21,0.012304413957607396,0.012294650166802201,0.012272940177660008,0.012248367199664933
2025-07-22,0.007732328096357266,0.007728685730634011,0.0077207625163253635,0.007712004966967445
2025-07-23,-0.0031656340572938646,-0.0031602441949893922,-0.003148443131631873,-0.0031353056278179414
2025-07-24,-0.003092992609198153,-0.003090298732190022,-0.0030843967674483164,-0.0030778218667091295
2025-07-25,-0.007698697719872527,-0.00774980059085828,-0.007850908196493145,-0.0079505035964883
2025-07-28,-0.0026241520366631077,-0.0026220526280812395,-0.002617501367338515,-0.0026124883224094564
2025-07-29,-0.0004069627500929984,-0.00040778939717212026,-0.00040957250610251794,-0.00041152553786394375
2025-07-30,-0.011214166941409087,-0.011206498335658899,-0.011189590170760488,-0.011170618460951687
2025-07-31,-0.0006116648440593897,-0.0006132023899003691,-0.0006164508684718406,-0.0006199249632976578
2025-08-01,-0.006142094481341509,-0.006308775348159434,-0.006641249688460027,-0.006972394790707326
2025-08-04,0.020022568391565354,0.02001409243484953,0.019994490986219304,0.019971386554761494
2025-08-05,-0.0061521198382658016,-0.0061498686126622015,-0.006144636883149923,-0.006138440899780662
2025-08-06,0.010922938833394236,0.010918952225605683,0.010909679979556053,0.010898690132788325
2025-08-07,0.010648108857859828,0.010644384371041982,0.010635835064543908,0.01062583115987148
2025-08-08,-0.00415412315481134,-0.004298141209290507,-0.004586751432329561,-0.004876000910619682
2025-08-11,-0.006819772596761919,-0.006812724508018397,-0.006796990813267234,-0.006779108404836198
2025-08-12,0.0089887692991526,0.008984333719509907,0.008974346859496052,0.0089628943301574
2025-08-13,0.006793911577533063,0.006792465329783504,0.006789237672831572,0.006785570241219174
2025-08-14,-0.010837158550415116,-0.010834253162865792,-0.010827770899155209,-0.010820407592424752
2025-08-15,0.005792025387099997,0.005708596039362801,0.005542219375266999,0.0053764961625411
2025-08-18,-0.002365018626901083,-0.002364118150644856,-0.002362142889020591,-0.002359938201044298
2025-08-19,-0.016368119498637257,-0.01636011033381124,-0.016342432628261072,-0.016322569593540948
2025-08-20,0.00499552091644051,0.0049930803856697015,0.004987803224021148,0.004982005590412841
2025-08-21,-0.008724507548223959,-0.008721013536291067,-0.008713315628104623,-0.008704682982195289
2025-08-22,0.0233646467038644,0.02330065125030889,0.023170427008224026,0.023037287936017448
2025-08-25,-0.013386488043383715,-0.013385566940212867,-0.013383288464302812,-0.01338043093334429
2025-08-26,0.007141283838551615,0.007139225884196243,0.007134143561446038,0.00712777844630863
2025-08-27,0.0034820854828541137,0.003481449128172054,0.003479876577157537,0.0034779060344936052
2025-08-28,0.00787046690640092,0.007868034759258125,0.007862023150064568,0.007854488677843996
2025-08-29,-0.003460452098078548,-0.0035349158737753017,-0.0036843674048193664,-0.003834485587825509
2025-09-02,0.015704360764291048,0.015708097916771857,0.01571394404191473,0.015717605100735943
2025-09-03,0.01122070436960354,0.011222907210878708,0.011226123303854196,0.011227745166399572
2025-09-04,-0.0016271286639037985,-0.0016271486436516547,-0.0016273415489984622,-0.00162773814085726
2025-09-05,0.0025757721667376554,0.002419917639310709,0.0021068323665680566,0.0017920024745421426
2025-09-08,0.010930668851383496,0.010930262017776915,0.010928641556871677,0.010925941991987598
2025-09-09,-0.0006971110595010988,-0.0006971672127793482,-0.0006973070914156887,-0.000697483375267316
2025-09-10,0.006315899878051479,0.006315815236721978,0.0063154514302039555,0.006314827293244285
2025-09-11,0.0039036908839649165,0.0039035112105589853,0.0039029377663633014,0.003902078765205097
2025-09-12,0.008167046383031007,0.008154848888922261,0.00813102655447473,0.008108029475048628
2025-09-15,0.010031666593752098,0.010028402666701242,0.010020754063147841,0.010011610997723963
2025-09-16,0.0031411609753859704,0.00314091574066766,0.003140354139225643,0.003139697542076325
2025-09-17,-0.007481093149101725,-0.007479342521918397,-0.007475262936217475,-0.0074704119229382915
2025-09-18,0.0050987049850279575,0.0050980662611563865,0.005096504977532668,0.005094565927924233
2025-09-19,0.008126893944249147,0.007981338632126578,0.00768952698405756,0.007396852914226093
2025-09-22,0.009741030923890115,0.009737909611670093,0.009730308384368058,0.0097208955336745
2025-09-23,-0.0026956267247792987,-0.002694913122509579,-0.002693221197490603,-0.0026911756133610742
2025-09-24,-0.0056142407457733245,-0.005612532138636439,-0.0056083735667386,-0.005603226400442418
2025-09-25,-0.0065863789863772615,-0.006586095296158612,-0.006585437171880315,-0.006584657568545982
2025-09-26,0.015145402721971735,0.015048692440226885,0.01485419909272978,0.014658413314081908
2025-09-29,0.020290126165041666,0.020288610451335343,0.020283966694101707,0.020277171320204568
2025-09-30,0.006890503803360648,0.006889688156000107,0.006887189222122059,0.006883532443959339
2025-10-01,0.008680203792111207,0.00867966420225419,0.008678011037615674,0.008675591903438695
2025-10-02,0.005919544779547703,0.005919403377531385,0.0059189701580955045,0.005918336212801245
2025-10-03,0.0024971968371605424,0.0023870353257127164,0.0021661343252412646,0.0019445194408018729
2025-10-06,0.018189727861172456,0.018194947241381376,0.018203727508095513,0.018210265999268893
2025-10-07,-0.005566338876847543,-0.005567017993535206,-0.0055681604329455014,-0.005569011185006301
2025-10-08,0.019568700445583564,0.019574676203635732,0.019584728881811397,0.01959221491266483
2025-10-09,-0.012258286186411782,-0.012261628012319448,-0.012267249776131806,-0.012271436192588636
2025-10-10,-0.030026887737456653,-0.030060293528011428,-0.030124164769629425,-0.03018400303673563
2025-10-13,0.028933259400639066,0.028948748683932823,0.028977071523660358,0.02900181217370168
2025-10-14,-0.006109439323308652,-0.006110640295471037,-0.006112836326199189,-0.006114754609402695
2025-10-15,0.012751792313393295,0.012759236249205497,0.01277284781514787,0.012784737830157988
2025-10-16,0.004320432383236206,0.004324577891649861,0.004332158137175801,0.004338779655483682
2025-10-17,-0.01170996254893486,-0.011926348117522245,-0.012359078473587193,-0.012791642201299802
2025-10-20,0.03533675814254433,0.035333206078812296,0.03532440501905243,0.03531336589059042
2025-10-21,-0.0355825269898663,-0.03557782770717166,-0.035566184146992974,-0.035551579683431034
2025-10-22,-0.011781011606341374,-0.011780330479802203,-0.011778642831204889,-0.011776526021391898
2025-10-23,0.010986249616602217,0.010985357053161504,0.010983145520718551,0.010980371605826544
2025-10-24,-0.0031712489352778706,-0.0033925925649538335,-0.003835133396381196,-0.004277413860322432
2025-10-27,0.011880568887986165,0.011879214756701728,0.011876367154614043,0.011873336502205012
2025-10-28,0.0002451614411984604,0.0002440847313447403,0.0002417850872460381,0.00023929272444300764
2025-10-29,-0.0036559010522021484,-0.003656572978215533,-0.0036580097029158543,-0.00365956885221308
2025-10-30,-0.012264382781421945,-0.012262788857061668,-0.012259405923597089,-0.0122557661603514
2025-10-31,0.008937184060014314,0.00889510627160317,0.008810950387312166,0.008726796709307871
2025-11-03,-0.0016439918311136337,-0.0016457060770257437,-0.0016493582780467975,-0.0016533053320938462
2025-11-04,-0.030383533580390365,-0.030374609482713755,-0.030355596692064557,-0.030335048942408127
2025-11-05,0.014445171985754346,0.014441319370535055,0.01443311137357317,0.014424240720660508
2025-11-06,-0.017985992970472542,-0.017980282636222422,-0.017968116768751097,-0.01795496871469815
2025-11-07,-0.01851968836874529,-0.018737691045408345,-0.01917284405217956,-0.01960680045374741
2025-11-10,0.025263784519217847,0.02525912614121384,0.025248811237697844,0.02523717611882903
2025-11-11,-0.0017944732748126357,-0.0017944556744132756,-0.0017944167023891122,-0.0017943727422945477
2025-11-12,0.0035697598879462777,0.003568642107389941,0.003566167040192525,0.003563375186540929
2025-11-13,-0.018958967692868423,-0.01895595741953693,-0.018949291863640916,-0.018941773176233245
2025-11-14,-0.00668842614445897,-0.006740440160204142,-0.006844721155279232,-0.006949317738468408
2025-11-17,-0.012169255306741289,-0.012165618795520472,-0.01215800369995268,-0.012149939843846158
2025-11-18,-0.004515918599191537,-0.004514003039917225,-0.00450999173181077,-0.004505744035759873
2025-11-19,0.00024524797584568603,0.00024358989785588925,0.0002401177726276682,0.0002364410337114542
2025-11-20,-0.016925767281597892,-0.01692004683912074,-0.01690806785335408,-0.01689538294130466
2025-11-21,0.0023328091567103026,0.002148316313161258,0.001779350772364241,0.001410432788559346
2025-11-24,0.01764595335512409,0.017637650947035066,0.01762042791229912,0.017602394567403756
2025-11-25,0.0029307119618036115,0.002929536248893916,0.002927097074146179,0.0029245428814528296
2025-11-26,0.01127222571976838,0.011268213491876455,0.011259924841446667,0.01125129056413976
2025-11-28,0.011895702423663224,0.011844387408533663,0.01174130323186362,0.011637634408235398
2025-12-01,-0.0022895588668100375,-0.00229026611000982,-0.002291717874187471,-0.0022932180482285736
2025-12-02,0.002968714226135871,0.0029689172165012767,0.002969323820194436,0.002969730859740727
2025-12-03,0.0024597093810740933,0.0024594467654490693,0.002458902272039598,0.0024583325635916253
2025-12-04,-5.990161166891106e-05,-5.988977462589862e-05,-5.986402807234281e-05,-5.983553651844886e-05
2025-12-05,0.003248577377024775,0.0032256133363786077,0.0031797078449018468,0.003133836377547272
2025-12-08,-0.001528646220614549,-0.0015274667444943324,-0.0015250314095207607,-0.0015224963493507548
2025-12-09,0.004193267804198486,0.0041914891258338915,0.0041878187312960335,0.004184000820181444
2025-12-10,0.007103099706722071,0.007100989722550244,0.007096632252451718,0.0070920952340745025
2025-12-11,0.0017017373438614758,0.0016992116757021947,0.0016940062853509907,0.001688600051751532
2025-12-12,-0.003925942544346417,-0.003975671140278192,-0.004074672202975083,-0.0041730129955488415
2025-12-15,-0.001614475525335668,-0.0016137455487202912,-0.0016122154860852556,-0.0016105929071286162
2025-12-16,-0.0018078360485479505,-0.0018083098677013076,-0.0018093025402593499,-0.0018103546521978098
2025-12-17,-0.004947874424798271,-0.004946831425091447,-0.00494464104095782,-0.004942313019581035
2025-12-18,0.0075941700657042865,0.007591801933398701,0.0075868388900386385,0.007581576572434745
2025-12-19,0.011252570952331231,0.011134890197981973,0.010899491549316132,0.010664106488643021
2025-12-22,0.01775334865128375,0.017744418349210145,0.01772537686291842,0.017704776699355218
2025-12-23,0.01291303800614374,0.012907616886391304,0.01289605911721714,0.0128835569138257
2025-12-24,-0.0005717766077621977,-0.0005707527959314396,-0.0005685671994785091,-0.0005661994653458624
2025-12-26,0.011579787869445912,0.0114579219218498,0.011214313834429834,0.010970941015631563
2025-12-29,-0.022962028631581477,-0.022957409542117557,-0.02294675131732482,-0.022934205450269585
2025-12-30,0.0007630460315388721,0.0007631831194343519,0.0007634852262030645,0.0007638243736864947
2025-12-31,-0.006674711931766719,-0.006673351844441067,-0.006670258225652259,-0.006666668468998993
2026-01-02,0.005799559232760432,0.00563474897496552,0.00530515019650224,0.004975631245653478
2026-01-05,0.01767510819032414,0.017673902346206916,0.017670839394111404,0.017666908766883038
2026-01-06,0.011283979258508214,0.011283140789010604,0.011281066098541181,0.011278461675092055
2026-01-07,-0.005196858058958753,-0.005196658933868781,-0.005196114744131952,-0.0051953759882205075
2026-01-08,-0.0012598777895230784,-0.0012596740652897065,-0.0012592299781089,-0.001258737329188242
2026-01-09,0.015790691054305084,0.015712083621697515,0.01555439650363799,0.015396103920365833
2026-01-12,0.010159725847722623,0.010158793420512513,0.01015643026452584,0.010153404025746715
2026-01-13,-0.0023457987750358233,-0.002345578640210233,-0.0023450651809113765,-0.0023444544630509823
2026-01-14,0.0036935627103611424,0.0036942250660914056,0.003695555108389037,0.003696891194514995
2026-01-15,0.0012536440929453718,0.001253542046664613,0.0012534046133783061,0.0012533562475833815
2026-01-16,0.005087069600511196,0.004715335517090358,0.003972423616999565,0.003230328506785618
2026-01-20,0.0007305792561687063,0.0007313588904092061,0.0007318556958857414,0.0007309333284626351
2026-01-21,0.014819090874038876,0.014819391075509891,0.014819582372565643,0.014819227211077424
2026-01-22,0.010405374060256545,0.010405754491492392,0.010405996913273707,0.010405546833787138
2026-01-23,0.010233905555564027,0.010201501302480986,0.0101365273350289,0.010071391279512953
2026-01-26,0.006788363917071161,0.006787006530377004,0.006783637563269496,0.006779403412076723
2026-01-27,0.02377864698281873,0.023776370704265082,0.023770721092692737,0.023763620604972502
2026-01-28,0.0106885230087439,0.010684925293549918,0.01067599594113755,0.010664773442680131
2026-01-29,-0.0013681808609948831,-0.0013684322684185402,-0.0013690562492965075,-0.001369840474637285
2026-01-30,-0.04052882842441685,-0.040658960798382604,-0.04091568145977553,-0.04116775008795004
2026-02-02,-0.015618853314388614,-0.015620600754023495,-0.015622825892856018,-0.015623360327602809
2026-02-03,0.030900522635837202,0.030903297075409952,0.030906829966108162,0.030907678497228197
2026-02-04,-0.005767314280223812,-0.005767345015155967,-0.005767384152125299,-0.005767393552058353
2026-02-05,-0.02142222077384104,-0.021423382769594657,-0.02142486242120767,-0.021425217804531882
2026-02-06,0.027394632593420454,0.027111771437610566,0.026544870802867715,0.025976492743433388
2026-02-09,0.01280423133343378,0.01280150453426554,0.012795909456924992,0.012790126389106371
2026-02-10,0.0005223295169545228,0.0005233971567186746,0.0005255875966962975,0.0005278513326203438
2026-02-11,0.012960944818562359,0.01295973768228098,0.012957260310433982,0.012954699098103983
2026-02-12,-0.01152475726586466,-0.011521029461203258,-0.011513380436062759,-0.011505474409310934
2026-02-13,0.014634346123175712,0.014552907809494586,0.014389503766893741,0.014225410065830113
2026-02-17,-0.007476637113881468,-0.007476170042648889,-0.007474957036466834,-0.007473371557003561
2026-02-18,0.005920396532030914,0.005920059531284272,0.005919184324334026,0.0059180403708520846
2026-02-19,-0.0012702683420977579,-0.0012703101945996664,-0.0012704188875357625,-0.0012705609564060971
2026-02-20,0.02273861632193719,0.022710458868112626,0.022654701929451182,0.022599667261099077
2026-02-23,-0.0027675553053667645,-0.0027682900262191446,-0.002769896285690465,-0.002771682493578398
2026-02-24,0.007075727975686341,0.007076613353427907,0.0070783834380692134,0.007080148880623804
2026-02-25,0.009382520291389529,0.009383431623964489,0.009385149489452349,0.009386723283589582
2026-02-26,-0.0006787276260933339,-0.0006789523861362445,-0.0006794465187518473,-0.0006799993902675272
2026-02-27,0.009332749707421595,0.009286145769958898,0.009192652472519658,0.009098784608065902
2026-03-02,-0.014704261421781384,-0.014705744769671458,-0.01470862658834915,-0.014711387696909273
2026-03-03,-0.04143047869703187,-0.041433181629508375,-0.041437825288783814,-0.04144143529693067
2026-03-04,0.01209775715206396,0.012098627844469911,0.012100182113508495,0.012101481646880297
2026-03-05,-0.021945563166860027,-0.021947207359878984,-0.021950166877585664,-0.02195267814055646
2026-03-06,0.0018200884589452127,0.0013684110361422697,0.0004646608312197653,-0.00043956233247555154
2026-03-09,0.00232059039309096,0.0023210874215460198,0.0023220683532398922,0.002323029978750002
2026-03-10,0.008248986309938422,0.008249226370166785,0.008249535739039748,0.008249616155219242
2026-03-11,0.005703864942863346,0.005704154502044645,0.0057047552210078845,0.005705383761926752
2026-03-12,-0.010900931182764806,-0.010901943292608074,-0.010903621201732161,-0.010904832885825222
2026-03-13,-0.0022478372191923057,-0.0023881930823327346,-0.002668423353216709,-0.0029479723651153478
2026-03-16,0.0037395376050581852,0.0037398222769058354,0.0037403611170876427,0.0037408580164559613
2026-03-17,0.008111314288206772,0.008111941119748778,0.008113141395030388,0.00811426771391388
2026-03-18,-0.008750640010187882,-0.008750353046988346,-0.00874905395201464,-0.008746788004231676
2026-03-19,-0.017552598171163947,-0.01755263095138415,-0.01755167698380744,-0.017549361831280308
2026-03-20,-0.011432437951474084,-0.011463831838472438,-0.011525689741032519,-0.011586306144375391
2026-03-23,-0.01442405314541606,-0.014424588557396145,-0.014424996105536603,-0.014424516783645425
2026-03-24,0.0023051549817156847,0.002305330717710774,0.0023056449751714947,0.0023059089447607928
2026-03-25,0.012633666460648785,0.012633830465162532,0.012633373973415907,0.012631870221972097
2026-03-26,-0.017744091378860682,-0.017744465803447684,-0.017744203981998385,-0.01774259238685605
2026-03-27,0.021159586668551444,0.021112630129975773,0.02101735619971956,0.02092028168378013
2026-03-30,-0.00160728203243099,-0.0016076072303626843,-0.0016082220919775292,-0.0016087889017976087
2026-03-31,0.02129495437847484,0.021297920603370102,0.02130274239460439,0.02130607755501246
2026-04-01,0.005991346284698995,0.005991916693410593,0.005992616074752322,0.005992725879638616
2026-04-02,-0.0024327251991355103,-0.0024326432053741742,-0.0024320579860791502,-0.00243091150409247
2026-04-06,0.0030040872858621004,0.0029683006640268683,0.0028962020097564878,0.002823296926375507
2026-04-07,0.004265128768362381,0.004268066834588691,0.004273680204368802,0.004278938360359419
2026-04-08,0.010802693559242682,0.010804596094631691,0.010808231014281855,0.010811635916378792
2026-04-09,0.004302659977673429,0.004305009361103895,0.004309498013480573,0.004313702624135107
2026-04-10,0.006909472035756092,0.006858772258226509,0.006758076198105423,0.00665832238807007
2026-04-13,0.008056173273093048,0.008055806604341686,0.008055190685865021,0.008054731243125168
2026-04-14,0.012783636482550653,0.012785660299735824,0.012789059843312023,0.012791595723748772
2026-04-15,-0.0037025811849328294,-0.00370352316144551,-0.0037051054635558467,-0.003706285777582252
2026-04-16,0.003304903140707083,0.003304825015862045,0.003304693784238033,0.00330459589235943
2026-04-17,0.002811232281657139,0.002721338648880911,0.0025409012118871033,0.0023596201032689557
2026-04-20,-0.0014870695076056872,-0.001487364871690433,-0.0014876974872736204,-0.0014876868097651874
2026-04-21,-0.00825451029945734,-0.008255335081258974,-0.00825617301916326,-0.008255931444530074
2026-04-22,0.016696567133196227,0.016697283095052695,0.0166982515269527,0.01669860357978936
2026-04-23,-0.004185143007138681,-0.004185521008877036,-0.004185974857559116,-0.004186026848786328
2026-04-24,0.01653880471367919,0.0163901029554383,0.01609241266153516,0.015794364344922984
2026-04-27,0.001414841617987328,0.001414720932710889,0.0014146852881204985,0.0014149234437981217
2026-04-28,-0.0059735145535838585,-0.00597380342303,-0.005973888741085398,-0.005973318697243157
2026-04-29,0.005401720401073229,0.005401554423974719,0.005401505402371942,0.005401832935187034
2026-04-30,0.009253522033641604,0.009253755042612388,0.009253823862186428,0.009253364051255764
2026-05-01,0.00035170863487854476,0.00018618715091589522,-0.0001458157474351074,-0.00047900978325710053
2026-05-04,-0.0004936704395472891,-0.0004965146361536332,-0.0005014467402023604,-0.0005053609232901213
2026-05-05,0.009742823683614343,0.009746172472038461,0.009752326899540753,0.009757746301902515
2026-05-06,0.008135490395485334,0.008141770810543347,0.008153042741656957,0.00816257552524835
