date,nav
2010-11-22,1.0
2010-11-23,0.9951271222689865
2010-11-24,1.0016507087273785
2010-11-25,0.9992305390869758
2010-11-26,0.9948941856685688
2010-11-29,0.9998828514421582
2010-11-30,0.995957105257752
2010-12-01,1.0037368405600917
2010-12-02,1.0084712014895785
2010-12-03,1.012780469809793
2010-12-06,1.0128226403974332
2010-12-07,1.0074072985038693
2010-12-08,1.0043029329808522
2010-12-09,1.0048985851359558
2010-12-10,1.0078579864986708
2010-12-13,1.0101854116565727
2010-12-14,1.0083367308011808
2010-12-15,1.0012640596705684
2010-12-16,1.0015709509248505
2010-12-17,1.0025114138132254
2010-12-20,1.0038367881204673
2010-12-21,1.009722095571141
2010-12-22,1.008030164028453
2010-12-23,1.0100104020683938
2010-12-24,1.0118323366516053
2010-12-27,1.0125330106494057
2010-12-28,1.014239049328738
2010-12-29,1.0151027871748006
2010-12-30,1.0131397125980626
2010-12-31,1.0150645627372428
2011-01-03,1.021921037429634
2011-01-04,1.0185071838485042
2011-01-05,1.0191873397186562
2011-01-06,1.0183770936953516
2011-01-07,1.019563045873428
2011-01-10,1.0221671865289799
2011-01-11,1.0294681153795062
2011-01-12,1.0383425650299118
2011-01-13,1.03480087772733
2011-01-14,1.0395635563355654
2011-01-17,1.04131957287705
2011-01-18,1.0440652425460164
2011-01-19,1.0346954166434343
2011-01-20,1.0277458186003812
2011-01-21,1.0268574674628386
2011-01-24,1.0364134983874025
2011-01-25,1.0357894800505028
2011-01-26,1.0408844645684328
2011-01-27,1.037395867080074
2011-01-28,1.0235441000689365
2011-01-31,1.0278691550250905
2011-02-01,1.0412970762712102
2011-02-02,1.04014833709388
2011-02-03,1.0415070761644674
2011-02-04,1.0418132601548216
2011-02-07,1.043430991422168
2011-02-08,1.0488312238565434
2011-02-09,1.0469579632365495
2011-02-10,1.0417904581678186
2011-02-11,1.0414927758904136
2011-02-14,1.0473588510336462
2011-02-15,1.0447533619091764
2011-02-16,1.0486524219523672
2011-02-17,1.0486027736997963
2011-02-18,1.0484880702442612
2011-02-21,1.0523667013478288
2011-02-22,1.0341649362534981
2011-02-23,1.0402751347041117
2011-02-24,1.0426635165375175
2011-02-25,1.053223597243249
2011-02-28,1.0582009004059543
2011-03-01,1.0566822522639916
2011-03-02,1.0584710425509392
2011-03-03,1.0560335514057257
2011-03-04,1.0557311942729704
2011-03-07,1.0474418231023002
2011-03-08,1.0467749794227024
2011-03-09,1.0451001735820882
2011-03-10,1.0301536848511168
2011-03-11,1.0311265806254608
2011-03-14,1.0339884699257007
2011-03-15,1.0157946063216323
2011-03-16,1.0115052909245932
2011-03-17,1.022762532559994
2011-03-18,1.026550055917201
2011-03-21,1.0332749895060531
2011-03-22,1.0331126332010265
2011-03-23,1.0397151807329936
2011-03-24,1.0450765149518404
2011-03-25,1.0444165546317292
2011-03-28,1.0406524595219628
2011-03-29,1.041850576065686
2011-03-30,1.040916375296272
2011-03-31,1.0455870651340624
2011-04-01,1.0459347411179027
2011-04-04,1.0481550157448354
2011-04-05,1.0495316187009198
2011-04-06,1.0587943818839993
2011-04-07,1.0587247571747684
2011-04-08,1.061834999057098
2011-04-11,1.0548625650161096
2011-04-12,1.0468475046242167
2011-04-13,1.052785873927957
2011-04-14,1.0546219783269053
2011-04-15,1.059996099929295
2011-04-18,1.058846597427883
2011-04-19,1.0591691543873223
2011-04-20,1.0644683365934773
2011-04-21,1.0683623854819044
2011-04-22,1.0680726840970838
2011-04-25,1.067915050545045
2011-04-26,1.0687738688605233
2011-04-27,1.079226218074934
2011-04-28,1.0737739034398355
2011-04-29,1.078901815928833
2011-05-02,1.0719772125254847
2011-05-03,1.064515539558471
2011-05-04,1.0551484599640375
2011-05-05,1.0316024952539071
2011-05-06,1.0332286075644346
2011-05-09,1.0395751679719263
2011-05-10,1.0456493392782855
2011-05-11,1.0353390423403814
2011-05-12,1.036660767498082
2011-05-13,1.0281394651073712
2011-05-16,1.0204445735607683
2011-05-17,1.0197658308066928
2011-05-18,1.025286715574227
2011-05-19,1.0263559133439188
2011-05-20,1.0257745403338325
2011-05-23,1.0172690623017102
2011-05-24,1.017317302210409
2011-05-25,1.0206579200884516
2011-05-26,1.0225628715291477
2011-05-27,1.0251138735789829
2011-05-30,1.0276536466179853
2011-05-31,1.0340799219904164
2011-06-01,1.0233976762497332
2011-06-02,1.0239728677112303
2011-06-03,1.0193445906982688
2011-06-06,1.0158436188161222
2011-06-07,1.0161647515581556
2011-06-08,1.0129690172715968
2011-06-09,1.0162845481244236
2011-06-10,1.008082633294138
2011-06-13,1.0035823749311097
2011-06-14,1.0086314181876515
2011-06-15,1.0031467170043193
2011-06-16,1.0012482168160326
2011-06-17,1.002281076360616
2011-06-20,1.0006330322170314
2011-06-21,1.0040393847502664
2011-06-22,1.003803049472947
2011-06-23,0.9964908758372018
2011-06-24,0.9914352476073246
2011-06-27,0.9942151921423759
2011-06-28,0.9980445281580824
2011-06-29,1.0019163088388017
2011-06-30,0.9979235067548791
2011-07-01,1.0010591195802485
2011-07-04,1.0010948777396953
2011-07-05,1.0080463813834069
2011-07-06,1.0122478979804053
2011-07-07,1.020834758134229
2011-07-08,1.020164492498219
2011-07-11,1.0160907782560544
2011-07-12,1.0148157383135419
2011-07-13,1.026495181970163
2011-07-14,1.0273174948686195
2011-07-15,1.0395296988948028
2011-07-18,1.0394647706629372
2011-07-19,1.0380572475793737
2011-07-20,1.0409139372366274
2011-07-21,1.0355870786013495
2011-07-22,1.0466516958797945
2011-07-25,1.0384876913106926
2011-07-26,1.0426098629404488
2011-07-27,1.0402846986486092
2011-07-28,1.0440262078539022
2011-07-29,1.0428448723038106
2011-08-01,1.0453904000493963
2011-08-02,1.0516362274835864
2011-08-03,1.0523420950791698
2011-08-04,1.02763111014541
2011-08-05,1.0295409605247305
2011-08-08,1.0354878430186414
2011-08-09,1.03145282944656
2011-08-10,1.0323549965633227
2011-08-11,1.0362022439900755
2011-08-12,1.0388499049958853
2011-08-15,1.040493025105454
2011-08-16,1.0387449539705162
2011-08-17,1.0391542177013708
2011-08-18,1.038545394267946
2011-08-19,1.0392023683521248
2011-08-22,1.0469599593171526
2011-08-23,1.0568571105846534
2011-08-24,1.0580365766840634
2011-08-25,1.0496378953783017
2011-08-26,1.0543249558755652
2011-08-29,1.0572570663435372
2011-08-30,1.0554924471882314
2011-08-31,1.058040558688379
2011-09-01,1.0600035227570075
2011-09-02,1.071938192623822
2011-09-05,1.0736891274922966
2011-09-06,1.0733623328479318
2011-09-07,1.0617053947936141
2011-09-08,1.0686395291909867
2011-09-09,1.0659060875609723
2011-09-12,1.0611969252981628
2011-09-13,1.0641331707786537
2011-09-14,1.0629165439987442
2011-09-15,1.05780496970904
2011-09-16,1.062074086495879
2011-09-19,1.0605467098524843
2011-09-20,1.063803218585788
2011-09-21,1.065821424676571
2011-09-22,1.0623032822857408
2011-09-23,1.04532934711865
2011-09-26,1.0388577620548967
2011-09-27,1.0421910528817089
2011-09-28,1.0348868542192116
2011-09-29,1.0442475783267975
2011-09-30,1.0462061735560353
2011-10-03,1.0542319920024412
2011-10-04,1.0480935261560345
2011-10-05,1.0506854113128203
2011-10-06,1.049871685939785
2011-10-07,1.0458319339585231
2011-10-10,1.0522746191743897
2011-10-11,1.0527957534878316
2011-10-12,1.0525401362070055
2011-10-13,1.050145532338797
2011-10-14,1.0526243829046535
2011-10-17,1.0571477708209227
2011-10-18,1.0551726505247445
2011-10-19,1.0508312983052526
2011-10-20,1.0467645016503204
2011-10-21,1.0503217621277319
2011-10-24,1.0601059669063104
2011-10-25,1.065801156500544
2011-10-26,1.065100006464967
2011-10-27,1.0645901238265632
2011-10-28,1.0684862483826199
2011-10-31,1.0616444678537822
2011-11-01,1.063231350375927
2011-11-02,1.0731650964283066
2011-11-03,1.080135700054582
2011-11-04,1.0774105905926665
2011-11-07,1.090117320836255
2011-11-08,1.0798399014939153
2011-11-09,1.081402664914446
2011-11-10,1.0844350584922464
2011-11-11,1.092619714026812
2011-11-14,1.1014661876342897
2011-11-15,1.1060791577737232
2011-11-16,1.0944284573891059
2011-11-17,1.0899086226477994
2011-11-18,1.0834250244272163
2011-11-21,1.0697598688369587
2011-11-22,1.0779975427066577
2011-11-23,1.0800577149193327
2011-11-24,1.0798085443727738
2011-11-25,1.071468327889027
2011-11-28,1.0775540400339139
2011-11-29,1.0777617584548005
2011-11-30,1.0746484941681866
2011-12-01,1.071339248765045
2011-12-02,1.0714631432204473
2011-12-05,1.0642526236165797
2011-12-06,1.0619991723978996
2011-12-07,1.0640152757032106
2011-12-08,1.059302740069873
2011-12-09,1.0569258360526645
2011-12-12,1.0522291526517826
2011-12-13,1.0503718072111417
2011-12-14,1.0438783324895544
2011-12-15,1.0386106510810835
2011-12-16,1.040796823329078
2011-12-19,1.0415068399474414
2011-12-20,1.0410900969142973
2011-12-21,1.0389726434618267
2011-12-22,1.040167968537689
2011-12-23,1.0397168219721054
2011-12-26,1.0370497498493156
2011-12-27,1.0409109472220748
2011-12-28,1.0427997611003854
2011-12-29,1.041675600299747
2011-12-30,1.0425970574913093
2012-01-03,1.0430076435276148
2012-01-04,1.043999796660831
2012-01-05,1.054028538041678
2012-01-06,1.0552783666305687
2012-01-09,1.05199790419636
2012-01-10,1.0531109107822894
2012-01-11,1.0555531636796531
2012-01-12,1.0583109766960925
2012-01-13,1.0657453354067745
2012-01-16,1.0679559292784884
2012-01-17,1.0831711082842186
2012-01-18,1.0812900724931773
2012-01-19,1.085915349689463
2012-01-20,1.0888641404451538
2012-01-23,1.0896356828434122
2012-01-24,1.0880139630239247
2012-01-25,1.0973478976684423
2012-01-26,1.0991058661900945
2012-01-27,1.1035975071232635
2012-01-30,1.103666693208324
2012-01-31,1.1105999085365954
2012-02-01,1.112504410058773
2012-02-02,1.118757804620503
2012-02-03,1.1204347243575292
2012-02-06,1.1196361009314133
2012-02-07,1.1180689491559608
2012-02-08,1.12385046983935
2012-02-09,1.1280442156671042
2012-02-10,1.1283347193186408
2012-02-13,1.1398663065004444
2012-02-14,1.1439471004688477
2012-02-15,1.1486728189741786
2012-02-16,1.1534081461157664
2012-02-17,1.148864769633784
2012-02-20,1.149929252002655
2012-02-21,1.1617981563804989
2012-02-22,1.1734014697376047
2012-02-23,1.1753308568457388
2012-02-24,1.1770840197370998
2012-02-27,1.17673940340809
2012-02-28,1.178554069353385
2012-02-29,1.1519798432660484
2012-03-01,1.1625501589725724
2012-03-02,1.1677592376979415
2012-03-05,1.1618904464295179
2012-03-06,1.153200066320489
2012-03-07,1.1585812474906727
2012-03-08,1.1687330293348708
2012-03-09,1.1767275290943298
2012-03-12,1.1810594590585004
2012-03-13,1.183240399215043
2012-03-14,1.1706631969239516
2012-03-15,1.1695565766905585
2012-03-16,1.171315454411864
2012-03-19,1.1783321465796002
2012-03-20,1.173195197412547
2012-03-21,1.1720632528655988
2012-03-22,1.1730921824034752
2012-03-23,1.1744641657501025
2012-03-26,1.181180400808492
2012-03-27,1.182175039965908
2012-03-28,1.1765607904605717
2012-03-29,1.1742917960281551
2012-03-30,1.1676932616184927
2012-04-02,1.1734820427016985
2012-04-03,1.1701409199220985
2012-04-04,1.1618851002904327
2012-04-05,1.1614355927784636
2012-04-06,1.160238552104432
2012-04-09,1.1599895263670943
2012-04-10,1.1543704947298843
2012-04-11,1.154605705064995
2012-04-12,1.1609672544261875
2012-04-13,1.1544488254330552
2012-04-16,1.146467317489729
2012-04-17,1.1499960114128402
2012-04-18,1.1486932666735865
2012-04-19,1.1444092874445067
2012-04-20,1.1460222903410222
2012-04-23,1.1519979533981872
2012-04-24,1.15327660060247
2012-04-25,1.1628784265706633
2012-04-26,1.1686871481225751
2012-04-27,1.1690764700210798
2012-04-30,1.1671719737653548
2012-05-01,1.1662905849655503
2012-05-02,1.173813653751807
2012-05-03,1.1675518257983908
2012-05-04,1.159050496541121
2012-05-07,1.1521921195194909
2012-05-08,1.1471384356776486
2012-05-09,1.1404192235194535
2012-05-10,1.1377973412142586
2012-05-11,1.1355245886906749
2012-05-14,1.1298914298508371
2012-05-15,1.129703528013953
2012-05-16,1.1262808214551718
2012-05-17,1.1222061122975882
2012-05-18,1.1241870268425338
2012-05-21,1.1261966765725833
2012-05-22,1.1199292637541975
2012-05-23,1.1198155646895307
2012-05-24,1.1188796714371145
2012-05-25,1.1144884073614105
2012-05-28,1.1119521089798061
2012-05-29,1.1146955962468015
2012-05-30,1.120253797719644
2012-05-31,1.1255426015712704
2012-06-01,1.1272728828870262
2012-06-04,1.127337752812572
2012-06-05,1.1248265288228994
2012-06-06,1.125220945788327
2012-06-07,1.1229480824195082
2012-06-08,1.127340973065365
2012-06-11,1.12782368557966
2012-06-12,1.1331580711060543
2012-06-13,1.1348089732993387
2012-06-14,1.1334753430308075
2012-06-15,1.134820318907587
2012-06-18,1.1443590604162779
2012-06-19,1.1419318357659067
2012-06-20,1.1477886654475458
2012-06-21,1.1396006169970516
2012-06-22,1.138974813073738
2012-06-25,1.130503795079425
2012-06-26,1.1277886989453894
2012-06-27,1.1337678079734412
2012-06-28,1.1318753904638252
2012-06-29,1.137697507318814
2012-07-02,1.1457944799285866
2012-07-03,1.1486721540537812
2012-07-04,1.1444586315358647
2012-07-05,1.140267723130108
2012-07-06,1.13664222066107
2012-07-09,1.1385639697407357
2012-07-10,1.1341450024666384
2012-07-11,1.1324287846638559
2012-07-12,1.1335144858034265
2012-07-13,1.1342919075064248
2012-07-16,1.1311319982223154
2012-07-17,1.1290513564626399
2012-07-18,1.129769892195068
2012-07-19,1.1280001838020515
2012-07-20,1.1237673526308565
2012-07-23,1.117505171375953
2012-07-24,1.1176973187126058
2012-07-25,1.1146657421762547
2012-07-26,1.1164617962962184
2012-07-27,1.1167982266791263
2012-07-30,1.116729681526318
2012-07-31,1.1149426822246276
2012-08-01,1.1044359024013175
2012-08-02,1.1026093668214259
2012-08-03,1.0966259238989653
2012-08-06,1.0950386106440761
2012-08-07,1.091881041642794
2012-08-08,1.092526745400078
2012-08-09,1.090937458147318
2012-08-10,1.093677460043654
2012-08-13,1.0911874196181546
2012-08-14,1.092834876717781
2012-08-15,1.0903503441123459
2012-08-16,1.0908901865986804
2012-08-17,1.0963956715181509
2012-08-20,1.1006956091877798
2012-08-21,1.1064603173384315
2012-08-22,1.110975379244636
2012-08-23,1.1159073864468667
2012-08-24,1.1083412995291146
2012-08-27,1.1050706404478836
2012-08-28,1.108211116164067
2012-08-29,1.111663977895272
2012-08-30,1.1011035122203008
2012-08-31,1.1134904616781993
2012-09-03,1.1155859902672565
2012-09-04,1.1189480687718523
2012-09-05,1.1247191661669853
2012-09-06,1.134541578999679
2012-09-07,1.1334292941674946
2012-09-10,1.129400726448285
2012-09-11,1.1289285343719189
2012-09-12,1.1303406581898807
2012-09-13,1.1355979355831416
2012-09-14,1.1390289328479202
2012-09-17,1.1368856929332427
2012-09-18,1.13849917206174
2012-09-19,1.141242519201099
2012-09-20,1.1390974414508284
2012-09-21,1.1445507567808377
2012-09-24,1.1435214449488975
2012-09-25,1.1384524150979165
2012-09-26,1.13683063120877
2012-09-27,1.1506590399283574
2012-09-28,1.1471089613062344
2012-10-01,1.1477238816045934
2012-10-02,1.148641331692729
2012-10-03,1.1516861378359555
2012-10-04,1.154202698662535
2012-10-05,1.1490557956743008
2012-10-08,1.1437152768967507
2012-10-09,1.1357847925558082
2012-10-10,1.1331454108066574
2012-10-11,1.131703752777979
2012-10-12,1.1335359011191315
2012-10-15,1.1321593038056081
2012-10-16,1.1351951637245015
2012-10-17,1.1364496761505354
2012-10-18,1.1361659352877407
2012-10-19,1.1328246858228002
2012-10-22,1.1346332488710957
2012-10-23,1.130304420352839
2012-10-24,1.1316316750681625
2012-10-25,1.1298229093813035
2012-10-26,1.1264255947780142
2012-10-29,1.126541276589828
2012-10-30,1.1246399685641082
2012-10-31,1.1233002715437492
2012-11-01,1.1238493450734826
2012-11-02,1.1200442174975143
2012-11-05,1.1248706132799549
2012-11-06,1.12790035242337
2012-11-07,1.1259273989910943
2012-11-08,1.1238570966845414
2012-11-09,1.1278732839664007
2012-11-12,1.1291051405876944
2012-11-13,1.125968515088383
2012-11-14,1.1280000486753008
2012-11-15,1.1231959999377001
2012-11-16,1.1223938162877247
2012-11-19,1.1279267139340423
2012-11-20,1.1315995988261078
2012-11-21,1.135773902049824
2012-11-22,1.139911822141018
2012-11-23,1.1442229478768997
2012-11-26,1.1452514839159584
2012-11-27,1.148014555541681
2012-11-28,1.149916815153523
2012-11-29,1.1499021407686845
2012-11-30,1.1470992628999348
2012-12-03,1.1514819069408933
2012-12-04,1.150173804749429
2012-12-05,1.1465994173240333
2012-12-06,1.1473074277126731
2012-12-07,1.1446484465301845
2012-12-10,1.1433539474985288
2012-12-11,1.1453655745254168
2012-12-12,1.1475509256698362
2012-12-13,1.1452115347344662
2012-12-14,1.1591758611398366
2012-12-17,1.161178670021153
2012-12-18,1.1649123072652872
2012-12-19,1.1629947471241389
2012-12-20,1.1602081158765247
2012-12-21,1.1535839761714368
2012-12-24,1.1546766882268555
2012-12-25,1.1567876570884288
2012-12-26,1.1704082044080495
2012-12-27,1.1619970875775611
2012-12-28,1.1605720068149075
2012-12-31,1.1612306155355165
2013-01-02,1.1681602520366101
2013-01-03,1.1637300191603503
2013-01-04,1.158717025207605
2013-01-07,1.1649615832140556
2013-01-08,1.175935946763384
2013-01-09,1.1773102460503302
2013-01-10,1.185815142829385
2013-01-11,1.1839073639286353
2013-01-14,1.1912276192607774
2013-01-15,1.1979062622741137
2013-01-16,1.1981946854790064
2013-01-17,1.2005848383767144
2013-01-18,1.2072342539835048
2013-01-21,1.2086789226533146
2013-01-22,1.199298044164629
2013-01-23,1.1992087213877651
2013-01-24,1.189993722674323
2013-01-25,1.1942425398408603
2013-01-28,1.1922429648306068
2013-01-29,1.193527531038148
2013-01-30,1.1911516996083078
2013-01-31,1.1875049864490497
2013-02-01,1.1907787025011576
2013-02-04,1.1824464775800918
2013-02-05,1.1834072920344643
2013-02-06,1.1827662372045928
2013-02-07,1.1710921690827523
2013-02-08,1.1696813523772995
2013-02-11,1.1693540755770586
2013-02-12,1.1697825327571598
2013-02-13,1.1706234913360294
2013-02-14,1.1699933016224973
2013-02-15,1.1685155881877782
2013-02-18,1.1600002137167045
2013-02-19,1.1573937530868754
2013-02-20,1.1492531958990615
2013-02-21,1.1381016481146524
2013-02-22,1.1450498361617747
2013-02-25,1.145198028923332
2013-02-26,1.1475763512101653
2013-02-27,1.1490523815730358
2013-02-28,1.1500549468196894
2013-03-01,1.1610187127679108
2013-03-04,1.1565442615788795
2013-03-05,1.1673089584007545
2013-03-06,1.1734065563027154
2013-03-07,1.1672216782410252
2013-03-08,1.1666804024796353
2013-03-11,1.1720263558901465
2013-03-12,1.1590898525288846
2013-03-13,1.1587430921326085
2013-03-14,1.1600968172894865
2013-03-15,1.1599292780639687
2013-03-18,1.1550080301958707
2013-03-19,1.1531867832672549
2013-03-20,1.1550703130817248
2013-03-21,1.1478843151457943
2013-03-22,1.1519306871637207
2013-03-25,1.1485627459555512
2013-03-26,1.1492871720587745
2013-03-27,1.1487096070566465
2013-03-28,1.1488036901623624
2013-03-29,1.1487784841922108
2013-04-01,1.1437265729392463
2013-04-02,1.1500408278905339
2013-04-03,1.1483129836234538
2013-04-04,1.150735226962589
2013-04-05,1.1478970890997335
2013-04-08,1.1464600290417726
2013-04-09,1.1473397426768326
2013-04-10,1.15166265370411
2013-04-11,1.153039721092277
2013-04-12,1.1523613342206294
2013-04-15,1.1457084551342491
2013-04-16,1.1503236105387604
2013-04-17,1.141830393941324
2013-04-18,1.1398030515264606
2013-04-19,1.1430720388250744
2013-04-22,1.1416531659057068
2013-04-23,1.1416498594293354
2013-04-24,1.145226549632276
2013-04-25,1.1495662779987788
2013-04-26,1.1488968112464155
2013-04-29,1.1530779892061922
2013-04-30,1.15518391251148
2013-05-01,1.1531037787059983
2013-05-02,1.1626366484293218
2013-05-03,1.1735498263115742
2013-05-06,1.1801957555625928
2013-05-07,1.1772105074303467
2013-05-08,1.1911451729683433
2013-05-09,1.1929604969391645
2013-05-10,1.1953571441602726
2013-05-13,1.1990881306688754
2013-05-14,1.1946560519610019
2013-05-15,1.2109164031128805
2013-05-16,1.2006419801939987
2013-05-17,1.2093006157434791
2013-05-20,1.2171958131375231
2013-05-21,1.2247049079442265
2013-05-22,1.2078683019208956
2013-05-23,1.2059633632638729
2013-05-24,1.211666378249406
2013-05-27,1.2161184689469184
2013-05-28,1.2143399093160099
2013-05-29,1.2126930258186754
2013-05-30,1.2172619156996063
2013-05-31,1.2071936323130172
2013-06-03,1.208635564529473
2013-06-04,1.2025621503462436
2013-06-05,1.1919054571820018
2013-06-06,1.1935564127263851
2013-06-07,1.1965670915355735
2013-06-10,1.1960478289172034
2013-06-11,1.1895348031448147
2013-06-12,1.1839148939550315
2013-06-13,1.1892214013078342
2013-06-14,1.1828531139628824
2013-06-17,1.1884311035795312
2013-06-18,1.1922791433552773
2013-06-19,1.1841460383260016
2013-06-20,1.168227274561343
2013-06-21,1.1676697068862851
2013-06-24,1.1652851645742368
2013-06-25,1.1687886625611115
2013-06-26,1.174480355645604
2013-06-27,1.1751636976811017
2013-06-28,1.1730776548473192
2013-07-01,1.1770691923087377
2013-07-02,1.1782143324611514
2013-07-03,1.1806056329896095
2013-07-04,1.1805727740519767
2013-07-05,1.182167678441509
2013-07-08,1.1827023715292402
2013-07-09,1.18513989049399
2013-07-10,1.185773917617578
2013-07-11,1.1910318765421284
2013-07-12,1.1930449848863702
2013-07-15,1.1941981843798999
2013-07-16,1.1930083471302733
2013-07-17,1.1949092474470433
2013-07-18,1.1919297508872695
2013-07-19,1.186044633512577
2013-07-22,1.1864793693097884
2013-07-23,1.1902942494053872
2013-07-24,1.1898851892131947
2013-07-25,1.1879417458379435
2013-07-26,1.1939802354566682
2013-07-29,1.1879715637414843
2013-07-30,1.193167126861257
2013-07-31,1.1976644578359101
2013-08-01,1.2137434522203736
2013-08-02,1.22255863761242
2013-08-05,1.2265945566706742
2013-08-06,1.2285968938801366
2013-08-07,1.2232726201345778
2013-08-08,1.2306278029958087
2013-08-09,1.2315646243741334
2013-08-12,1.2381973155313073
2013-08-13,1.2440968705345403
2013-08-14,1.2449237863290223
2013-08-15,1.2356123665396976
2013-08-16,1.2334396849481188
2013-08-19,1.233170305466373
2013-08-20,1.2326216378484385
2013-08-21,1.2325149542318798
2013-08-22,1.2356602849541534
2013-08-23,1.2322501621208728
2013-08-26,1.2386071965602712
2013-08-27,1.2264551972951945
2013-08-28,1.2271961095297597
2013-08-29,1.2290174501036097
2013-08-30,1.2271370451122747
2013-09-02,1.2249174326857346
2013-09-03,1.2310559895063613
2013-09-04,1.2381887595270409
2013-09-05,1.2382511537329868
2013-09-06,1.2431711277430257
2013-09-09,1.259149342002087
2013-09-10,1.2695845125428185
2013-09-11,1.2730307973413457
2013-09-12,1.2752980140764212
2013-09-13,1.2708861031388026
2013-09-16,1.2693949016125423
2013-09-17,1.262065652353066
2013-09-18,1.2768473227494528
2013-09-19,1.2768835727668486
2013-09-20,1.273165899756043
2013-09-23,1.275207109068849
2013-09-24,1.264496571635279
2013-09-25,1.2611466919344434
2013-09-26,1.2621020031348202
2013-09-27,1.2598419842792883
2013-09-30,1.255633756039734
2013-10-01,1.2622944520920498
2013-10-02,1.2621201797929789
2013-10-03,1.2546936902646713
2013-10-04,1.259421016284743
2013-10-07,1.2536361285750692
2013-10-08,1.2421601424998032
2013-10-09,1.2448109429126337
2013-10-10,1.253642063370308
2013-10-11,1.2569113169306918
2013-10-14,1.2640895312320377
2013-10-15,1.260534466548167
2013-10-16,1.2552529945597866
2013-10-17,1.2581416120090796
2013-10-18,1.271600978412022
2013-10-21,1.2832875987897565
2013-10-22,1.285014397035215
2013-10-23,1.2732520155221785
2013-10-24,1.2774771564841036
2013-10-25,1.278719527135007
2013-10-28,1.2770597420363035
2013-10-29,1.2727698805674872
2013-10-30,1.275181472847927
2013-10-31,1.2811168388902026
2013-11-01,1.283878651355174
2013-11-04,1.2876155150101942
2013-11-05,1.2820366093196582
2013-11-06,1.2860119273578816
2013-11-07,1.2789646173579337
2013-11-08,1.287581640741652
2013-11-11,1.2933848771628682
2013-11-12,1.298334699438906
2013-11-13,1.3041628523375284
2013-11-14,1.3105265249394122
2013-11-15,1.3146471177536125
2013-11-18,1.3079097872165963
2013-11-19,1.3045536939772011
2013-11-20,1.3018243886053855
2013-11-21,1.3027012481202278
2013-11-22,1.3036471592120602
2013-11-25,1.3040132807455727
2013-11-26,1.3071843745798017
2013-11-27,1.3127282869070973
2013-11-28,1.3136935166192776
2013-11-29,1.3243883728154815
2013-12-02,1.2913391056181411
2013-12-03,1.289821795904155
2013-12-04,1.2904550250212243
2013-12-05,1.2892217746460832
2013-12-06,1.294595018889326
2013-12-09,1.2961805339711088
2013-12-10,1.2980446704655826
2013-12-11,1.2847104639676252
2013-12-12,1.2807878331212743
2013-12-13,1.283463652706908
2013-12-16,1.2852466198101669
2013-12-17,1.2868048547650703
2013-12-18,1.2943834811261696
2013-12-19,1.2922174974825014
2013-12-20,1.2951003344136296
2013-12-23,1.2983246504268608
2013-12-24,1.3020314051157431
2013-12-25,1.305812074306775
2013-12-26,1.308425475698019
2013-12-27,1.3145188954989138
2013-12-30,1.3205123154025578
2013-12-31,1.3231838635051418
2014-01-02,1.3243563286030238
2014-01-03,1.3260237734123064
2014-01-06,1.315451262320555
2014-01-07,1.3273656223945762
2014-01-08,1.3364634446758141
2014-01-09,1.3254645364163657
2014-01-10,1.3200401191475168
2014-01-13,1.3125603095830893
2014-01-14,1.3330990287676658
2014-01-15,1.339228841693158
2014-01-16,1.3348520751537025
2014-01-17,1.3323849337033273
2014-01-20,1.3281319139659828
2014-01-21,1.3389815683403001
2014-01-22,1.3437480752792594
2014-01-23,1.3464352051151849
2014-01-24,1.335126375383295
2014-01-27,1.3296961686364233
2014-01-28,1.329835607176756
2014-01-29,1.3278127361879104
2014-01-30,1.3370485667089795
2014-01-31,1.3312010939798167
2014-02-03,1.3196216406678931
2014-02-04,1.3238514014410732
2014-02-05,1.3230192600680675
2014-02-06,1.3300847380543854
2014-02-07,1.3462025403242612
2014-02-10,1.3481081101031078
2014-02-11,1.3528053767442736
2014-02-12,1.3580961014898718
2014-02-13,1.3556999270844283
2014-02-14,1.3629113886067636
2014-02-17,1.369826772972072
2014-02-18,1.3755273868513953
2014-02-19,1.3702910547811777
2014-02-20,1.3696590586122557
2014-02-21,1.365614468038609
2014-02-24,1.3660412328488183
2014-02-25,1.3568478715356056
2014-02-26,1.35900793673273
2014-02-27,1.3708142438726545
2014-02-28,1.3708864219132395
2014-03-03,1.3622466484779816
2014-03-04,1.3746115728216006
2014-03-05,1.3753951428032156
2014-03-06,1.37983318109319
2014-03-07,1.377323356894963
2014-03-10,1.3784437176053714
2014-03-11,1.381644604656477
2014-03-12,1.3884942735272527
2014-03-13,1.3764072521660702
2014-03-14,1.3742672616604432
2014-03-17,1.3763941319380564
2014-03-18,1.3814173244546448
2014-03-19,1.3841918678273666
2014-03-20,1.3894664476446796
2014-03-21,1.3996836317304464
2014-03-24,1.4048845980391658
2014-03-25,1.4085523292467879
2014-03-26,1.4018099536821258
2014-03-27,1.4057717858396122
2014-03-28,1.4100119828549085
2014-03-31,1.4119028073235191
2014-04-01,1.421605631733398
2014-04-02,1.4294144031303089
2014-04-03,1.4254442848565558
2014-04-04,1.413953709492389
2014-04-07,1.4092767773360317
2014-04-08,1.4201085605801
2014-04-09,1.427695327280917
2014-04-10,1.4177271212237375
2014-04-11,1.4173853213218128
2014-04-14,1.4237434208013673
2014-04-15,1.419531884592259
2014-04-16,1.4247994801936907
2014-04-17,1.4257629722453968
2014-04-18,1.4230437987531372
2014-04-21,1.4206894687275744
2014-04-22,1.4299042774970578
2014-04-23,1.4288734121726692
2014-04-24,1.4383514915482625
2014-04-25,1.4284387604926936
2014-04-28,1.42867671388376
2014-04-29,1.4355398193175786
2014-04-30,1.439874142307691
2014-05-01,1.4417477703717392
2014-05-02,1.441579050187168
2014-05-05,1.4446213179568121
2014-05-06,1.438192075321708
2014-05-07,1.4399873082758643
2014-05-08,1.4458004705175038
2014-05-09,1.4538225277601176
2014-05-12,1.4570078422440425
2014-05-13,1.4565501277061865
2014-05-14,1.456121946323428
2014-05-15,1.4524326196488184
2014-05-16,1.459676557251177
2014-05-19,1.462329656527947
2014-05-20,1.4598716129235032
2014-05-21,1.4658064605906425
2014-05-22,1.4662312804765212
2014-05-23,1.465523846390016
2014-05-26,1.4681984279825242
2014-05-27,1.4712979725498534
2014-05-28,1.461561421550964
2014-05-29,1.463535534650325
2014-05-30,1.4635587203396518
2014-06-02,1.4636931808877014
2014-06-03,1.463064441679445
2014-06-04,1.4648270275185478
2014-06-05,1.4754269969940208
2014-06-06,1.4792715464959518
2014-06-09,1.4683397198968273
2014-06-10,1.4767637476081927
2014-06-11,1.481547693948282
2014-06-12,1.4776993369428184
2014-06-13,1.481527528084102
2014-06-16,1.4859489652088058
2014-06-17,1.4799052100928232
2014-06-18,1.4798552658570847
2014-06-19,1.4596253135955792
2014-06-20,1.4653396907632326
2014-06-23,1.4770580179172121
2014-06-24,1.4730091897687756
2014-06-25,1.477165857229957
2014-06-26,1.4835706587502582
2014-06-27,1.4917274642210976
2014-06-30,1.4931569779153953
2014-07-01,1.5059304533852997
2014-07-02,1.5098555883770115
2014-07-03,1.5180304749962183
2014-07-04,1.5186996244881246
2014-07-07,1.52004736137002
2014-07-08,1.519571692980695
2014-07-09,1.5156150548885248
2014-07-10,1.5190919801795744
2014-07-11,1.5293094630975834
2014-07-14,1.5411600451805083
2014-07-15,1.5378997465086957
2014-07-16,1.5378164600861428
2014-07-17,1.5261494107858573
2014-07-18,1.5409658269151436
2014-07-21,1.5395993051384265
2014-07-22,1.5375476950410425
2014-07-23,1.5482633645112216
2014-07-24,1.5575700591749198
2014-07-25,1.5609662095329149
2014-07-28,1.5662068541197738
2014-07-29,1.5618677334620572
2014-07-30,1.5558122604282096
2014-07-31,1.5441829119021149
2014-08-01,1.5471212092534259
2014-08-04,1.5584609553077786
2014-08-05,1.5472723254767295
2014-08-06,1.5458924493146733
2014-08-07,1.5377808666638644
2014-08-08,1.5444637815039557
2014-08-11,1.549190953663058
2014-08-12,1.5445375277103652
2014-08-13,1.5540738081945595
2014-08-14,1.553397607395492
2014-08-15,1.5636711214351755
2014-08-18,1.5855212916455834
2014-08-19,1.595661135943368
2014-08-20,1.5952162029284538
2014-08-21,1.6068772115577108
2014-08-22,1.6167785015934482
2014-08-25,1.616866365022076
2014-08-26,1.6009749534309825
2014-08-27,1.6113793660915539
2014-08-28,1.6025761621775778
2014-08-29,1.6123192033657747
2014-09-01,1.6218097086135133
2014-09-02,1.6221386869907444
2014-09-03,1.6224871831169185
2014-09-04,1.6259142625613965
2014-09-05,1.6294296777770487
2014-09-08,1.6278878611124714
2014-09-09,1.627157330131844
2014-09-10,1.6454868006718164
2014-09-11,1.647911715032849
2014-09-12,1.6516486720750212
2014-09-15,1.65497713423093
2014-09-16,1.6567602057306792
2014-09-17,1.6633468497998858
2014-09-18,1.6718158842565551
2014-09-19,1.6783090859718488
2014-09-22,1.6662054139437457
2014-09-23,1.6693675417044305
2014-09-24,1.6787607233626574
2014-09-25,1.6670249774187886
2014-09-26,1.6791957001842883
2014-09-29,1.6898951607343502
2014-09-30,1.7036271095605913
2014-10-01,1.69620188855636
2014-10-02,1.6947630206336046
2014-10-03,1.6998281610852184
2014-10-06,1.6996429307283387
2014-10-07,1.6939435003287007
2014-10-08,1.7044591925980226
2014-10-09,1.6914898709161221
2014-10-10,1.682134929817463
2014-10-13,1.6804364331522077
2014-10-14,1.687174671630053
2014-10-15,1.6920935833412671
2014-10-16,1.685022046377133
2014-10-17,1.677792256758515
2014-10-20,1.6851515419255376
2014-10-21,1.6920626367507876
2014-10-22,1.6870393578451677
2014-10-23,1.6738751020137497
2014-10-24,1.676094124804747
2014-10-27,1.6676405832339682
2014-10-28,1.6829357258710413
2014-10-29,1.6861755386446022
2014-10-30,1.691181680513905
2014-10-31,1.710414453787188
2014-11-03,1.7136986891035773
2014-11-04,1.720014231282441
2014-11-05,1.724479717809381
2014-11-06,1.7221534539333851
2014-11-07,1.727781161150863
2014-11-10,1.7507934118132638
2014-11-11,1.7567117798323655
2014-11-12,1.7684079282039105
2014-11-13,1.772852381893455
2014-11-14,1.7757952473999676
2014-11-17,1.7701443353062967
2014-11-18,1.7689097319525984
2014-11-19,1.76203111067132
2014-11-20,1.7687246577752584
2014-11-21,1.777042740622139
2014-11-24,1.785289642034609
2014-11-25,1.7848174312691187
2014-11-26,1.7918974553112612
2014-11-27,1.8007499473986823
2014-11-28,1.8106739319258656
2014-12-01,1.802116568808219
2014-12-02,1.8136606847807024
2014-12-03,1.8010699976901852
2014-12-04,1.8104615530307284
2014-12-05,1.817781706893173
2014-12-08,1.8148585765952325
2014-12-09,1.816761465127498
2014-12-10,1.809040136141291
2014-12-11,1.8118023313944902
2014-12-12,1.807629140143322
2014-12-15,1.8019134991833619
2014-12-16,1.805773121327241
2014-12-17,1.8119903816150058
2014-12-18,1.8191916852376677
2014-12-19,1.8244635805510296
2014-12-22,1.8260714018121984
2014-12-23,1.8193513723543142
2014-12-24,1.8213124041912643
2014-12-25,1.8213399417241622
2014-12-26,1.8254828958658056
2014-12-29,1.826883880721653
2014-12-30,1.8241009838365088
2014-12-31,1.8178433635372913
2015-01-02,1.8190260310793809
2015-01-05,1.814477337438166
2015-01-06,1.8172695693162053
2015-01-07,1.8225300899706287
2015-01-08,1.8316744499750675
2015-01-09,1.8258486466372812
2015-01-12,1.8195164424264427
2015-01-13,1.8197755110981402
2015-01-14,1.8206095922113437
2015-01-15,1.8175262203695746
2015-01-16,1.822140295640326
2015-01-19,1.8323358764579871
2015-01-20,1.8508121962029487
2015-01-21,1.8460066879132728
2015-01-22,1.8532026826230696
2015-01-23,1.8467451795407304
2015-01-26,1.856790046765322
2015-01-27,1.8484255054809715
2015-01-28,1.8440931789507418
2015-01-29,1.8404115262326295
2015-01-30,1.829900071792096
2015-02-02,1.8393724007344339
2015-02-03,1.8363321645857265
2015-02-04,1.8353872245358294
2015-02-05,1.8329393536284333
2015-02-06,1.8174960501579362
2015-02-09,1.8090447308935655
2015-02-10,1.815480257972728
2015-02-11,1.819789429083015
2015-02-12,1.8293019925935319
2015-02-13,1.8333599303280539
2015-02-16,1.8369907463790698
2015-02-17,1.8326419843292023
2015-02-18,1.8348043924262742
2015-02-19,1.8361249494133314
2015-02-20,1.8404769193925263
2015-02-23,1.84218754518082
2015-02-24,1.8445093036747706
2015-02-25,1.8411437262943127
2015-02-26,1.8401173873428116
2015-02-27,1.8509980802009505
2015-03-02,1.8683066707179337
2015-03-03,1.8624305940478794
2015-03-04,1.8729050947144619
2015-03-05,1.8775074483046188
2015-03-06,1.8516202888340918
2015-03-09,1.8576963443532035
2015-03-10,1.8629014417996583
2015-03-11,1.857479371322036
2015-03-12,1.8527388315393867
2015-03-13,1.8585076723368146
2015-03-16,1.8832774164238222
2015-03-17,1.8983681204995084
2015-03-18,1.9159720260751978
2015-03-19,1.9324943603220732
2015-03-20,1.9423742630660676
2015-03-23,1.9547173600761996
2015-03-24,1.941146659693168
2015-03-25,1.9329396278031108
2015-03-26,1.9187980259361117
2015-03-27,1.9287273595627132
2015-03-30,1.9322506864622382
2015-03-31,1.9237611090422688
2015-04-01,1.9395924771408666
2015-04-02,1.9504950593996537
2015-04-03,1.9772962435145187
2015-04-06,1.9798924628345842
2015-04-07,1.9957085757616158
2015-04-08,2.0138577432684386
2015-04-09,2.013913381905624
2015-04-10,2.0419151865717815
2015-04-13,2.0679745873258177
2015-04-14,2.0785975759367523
2015-04-15,2.0695417274879304
2015-04-16,2.0813118160384643
2015-04-17,2.0857545743615464
2015-04-20,2.081394613350075
2015-04-21,2.0808192691444756
2015-04-22,2.0920673366364086
2015-04-23,2.079518564051697
2015-04-24,2.0741247795915125
2015-04-27,2.0908066243471923
2015-04-28,2.0885557515568003
2015-04-29,2.0923819472595993
2015-04-30,2.090921520397613
2015-05-01,2.0962610339322683
2015-05-04,2.1108136944947073
2015-05-05,2.1110156773553244
2015-05-06,2.1120845603951013
2015-05-07,2.1138655193004743
2015-05-08,2.1309154108586226
2015-05-11,2.1506365587958705
2015-05-12,2.1844222471086567
2015-05-13,2.20046291566814
2015-05-14,2.2306085779714198
2015-05-15,2.258706517740869
2015-05-18,2.3229730861191054
2015-05-19,2.340983746456611
2015-05-20,2.358136042039553
2015-05-21,2.3868841763613693
2015-05-22,2.417041247826617
2015-05-25,2.4425349283934694
2015-05-26,2.483078311374097
2015-05-27,2.5123576067123112
2015-05-28,2.5275661453879437
2015-05-29,2.5326549252720185
2015-06-01,2.587300631679061
2015-06-02,2.644164257745505
2015-06-03,2.6619995483425987
2015-06-04,2.646405310989676
2015-06-05,2.6736048793945173
2015-06-08,2.708616972635431
2015-06-09,2.7114560573871835
2015-06-10,2.752588180011634
2015-06-11,2.7973450616911273
2015-06-12,2.8255266154829384
2015-06-15,2.8424519059134803
2015-06-16,2.8229218925178254
2015-06-17,2.8209356020554543
2015-06-18,2.8326426385782293
2015-06-19,2.798976426756183
2015-06-22,2.8026699077002775
2015-06-23,2.7971159246157486
2015-06-24,2.8066871424913016
2015-06-25,2.8159091599377746
2015-06-26,2.7851228016643184
2015-06-29,2.7763377694226135
2015-06-30,2.778214949901047
2015-07-01,2.7797100047913403
2015-07-02,2.785453307125672
2015-07-03,2.7796059515422105
2015-07-06,2.799831516507516
2015-07-07,2.8192368805252648
2015-07-08,2.8167865716785716
2015-07-09,2.8216033461042773
2015-07-10,2.8245584760656235
2015-07-13,2.8270141610717343
2015-07-14,2.8337118572947055
2015-07-15,2.8341174149884534
2015-07-16,2.83294284571122
2015-07-17,2.842854191030394
2015-07-20,2.8348530669586105
2015-07-21,2.8511212227250415
2015-07-22,2.8373866829628964
2015-07-23,2.8670090804459396
2015-07-24,2.8634566641167316
2015-07-27,2.847523510372572
2015-07-28,2.8468045052818542
2015-07-29,2.877723014519407
2015-07-30,2.8716055127711098
2015-07-31,2.876492966305233
2015-08-03,2.844882111836795
2015-08-04,2.9064446966154156
2015-08-05,2.9361792279345624
2015-08-06,2.957777409100585
2015-08-07,2.983045925389434
2015-08-10,2.99774525078118
2015-08-11,3.0200902520956254
2015-08-12,3.034634395852511
2015-08-13,3.0289667509208837
2015-08-14,3.06583388968604
2015-08-17,3.1134144545455293
2015-08-18,3.0546210415669703
2015-08-19,3.0641594677022823
2015-08-20,3.065663232811429
2015-08-21,3.030638447810311
2015-08-24,2.983676849683696
2015-08-25,2.950578180068989
2015-08-26,2.9436767195032467
2015-08-27,2.943209234051007
2015-08-28,2.993445605927852
2015-08-31,2.976738502374728
2015-09-01,2.94428969827347
2015-09-02,2.933123176862816
2015-09-03,2.933123176862816
2015-09-04,2.933123176862816
2015-09-07,2.940591849061504
2015-09-08,2.980683601344573
2015-09-09,3.0077862072332695
2015-09-10,3.017752179480078
2015-09-11,3.0160808883476586
2015-09-14,2.993695601916708
2015-09-15,2.9577639894871246
2015-09-16,2.9965312299125864
2015-09-17,2.982384002300485
2015-09-18,2.9970044252589365
2015-09-21,3.0158579747880734
2015-09-22,3.027839741902742
2015-09-23,3.019312580175339
2015-09-24,3.0389749933612387
2015-09-25,3.0078929312761193
2015-09-28,3.0359998834985893
2015-09-29,3.031716349272731
2015-09-30,3.033359715581415
2015-10-01,3.0345130063589103
2015-10-02,3.035388244845209
2015-10-05,3.0354751652730223
2015-10-06,3.036436054564512
2015-10-07,3.0360326668419786
2015-10-08,3.073873901725075
2015-10-09,3.1061712961304533
2015-10-12,3.168161996405376
2015-10-13,3.188982633961659
2015-10-14,3.1752799434138366
2015-10-15,3.239154666572471
2015-10-16,3.2747947100654344
2015-10-19,3.269421694727611
2015-10-20,3.3196538903476487
2015-10-21,3.2237227045576304
2015-10-22,3.2967219183955927
2015-10-23,3.359114563931654
2015-10-26,3.3820104593202673
2015-10-27,3.405337121499535
2015-10-28,3.382117938044547
2015-10-29,3.4020659892925447
2015-10-30,3.411060003698295
2015-11-02,3.439777716261487
2015-11-03,3.471035548764574
2015-11-04,3.515927541692051
2015-11-05,3.5197698094459158
2015-11-06,3.5455679896437196
2015-11-09,3.539348062030284
2015-11-10,3.550091446737442
2015-11-11,3.604034756507403
2015-11-12,3.6519039646573006
2015-11-13,3.63801798492412
2015-11-16,3.6998796343229374
2015-11-17,3.711664453381111
2015-11-18,3.7141419719360256
2015-11-19,3.7467505044316605
2015-11-20,3.7766263509928812
2015-11-23,3.783519727092443
2015-11-24,3.8207781449423326
2015-11-25,3.8741611965660887
2015-11-26,3.891602812212094
2015-11-27,3.7967215215638848
2015-11-30,3.8122809180412855
2015-12-01,3.880715373985097
2015-12-02,3.8411093766555537
2015-12-03,3.8771036187225545
2015-12-04,3.9380897377945576
2015-12-07,3.9803820290345775
2015-12-08,3.972360444090952
2015-12-09,3.9600206984643602
2015-12-10,3.919351556677766
2015-12-11,3.939197877800922
2015-12-14,3.98386980518257
2015-12-15,4.009070637823079
2015-12-16,4.043624367645294
2015-12-17,4.07298263498747
2015-12-18,4.124054759234348
2015-12-21,4.192246129326858
2015-12-22,4.23708817709505
2015-12-23,4.285928099775905
2015-12-24,4.33332305271894
2015-12-25,4.408918745285607
2015-12-28,4.35696717992463
2015-12-29,4.426866113218894
2015-12-30,4.44844010342377
2015-12-31,4.452991750168687
2016-01-04,4.395712968636503
2016-01-05,4.348411116362761
2016-01-06,4.376387966994331
2016-01-07,4.310961936538014
2016-01-08,4.304136676177631
2016-01-11,4.208901040199733
2016-01-12,4.204827028582951
2016-01-13,4.185712801760612
2016-01-14,4.1986377073902
2016-01-15,4.139093168861031
2016-01-18,4.132792652293369
2016-01-19,4.167032173403279
2016-01-20,4.171780151545964
2016-01-21,4.162504956560566
2016-01-22,4.177766380651496
2016-01-25,4.230541688068309
2016-01-26,4.156012771162432
2016-01-27,4.10530584583122
2016-01-28,4.097009244399578
2016-01-29,4.124495461755843
2016-02-01,4.140339520039205
2016-02-02,4.171108570282064
2016-02-03,4.176782689088523
2016-02-04,4.207395555960663
2016-02-05,4.214658710423162
2016-02-08,4.214792572084918
2016-02-09,4.215210814417727
2016-02-10,4.216952728335444
2016-02-11,4.21754127937331
2016-02-12,4.215665322574306
2016-02-15,4.2247380359502555
2016-02-16,4.25966841179642
2016-02-17,4.269807825406196
2016-02-18,4.2666895698080465
2016-02-19,4.293314843359684
2016-02-22,4.337530840759586
2016-02-23,4.356820525788555
2016-02-24,4.402962470574613
2016-02-25,4.282126355980682
2016-02-26,4.2893122826339765
2016-02-29,4.1506984005410335
2016-03-01,4.152541081270649
2016-03-02,4.202745740939127
2016-03-03,4.224302959448676
2016-03-04,4.2140679993093535
2016-03-07,4.270328366390934
2016-03-08,4.305599085380259
2016-03-09,4.29865637456728
2016-03-10,4.2988579801224835
2016-03-11,4.329417337635845
2016-03-14,4.3596939927961
2016-03-15,4.397634041523971
2016-03-16,4.483591232777684
2016-03-17,4.485101808936845
2016-03-18,4.497280318132038
2016-03-21,4.534605968662907
2016-03-22,4.533500741072309
2016-03-23,4.529567324711381
2016-03-24,4.503698391179503
2016-03-25,4.532114983797013
2016-03-28,4.52913286429932
2016-03-29,4.493720692888808
2016-03-30,4.532072284812809
2016-03-31,4.5283179359613035
2016-04-01,4.544580602572311
2016-04-04,4.544037844623209
2016-04-05,4.6168922427924395
2016-04-06,4.669897256512833
2016-04-07,4.677142420327597
2016-04-08,4.691173630551705
2016-04-11,4.759907355986279
2016-04-12,4.771470545065747
2016-04-13,4.790292555736226
2016-04-14,4.86762111122172
2016-04-15,4.955017978415817
2016-04-18,4.960173729077244
2016-04-19,4.9790906748100445
2016-04-20,4.93885229966869
2016-04-21,4.945117335568396
2016-04-22,4.952756085559812
2016-04-25,4.992330123572823
2016-04-26,5.028668604556014
2016-04-27,5.043377686810603
2016-04-28,5.023539252758016
2016-04-29,5.061995074774192
2016-05-02,5.059422381056136
2016-05-03,5.069264252943928
2016-05-04,5.0773183757665326
2016-05-05,5.081378082679116
2016-05-06,5.066955155666065
2016-05-09,5.067618547352387
2016-05-10,5.067584885458603
2016-05-11,5.0703932791331185
2016-05-12,5.048250794621685
2016-05-13,5.049818680524644
2016-05-16,5.045329029663345
2016-05-17,5.0435671986266435
2016-05-18,5.046409221121333
2016-05-19,5.04036112813168
2016-05-20,5.039456656665013
2016-05-23,5.036526481828247
2016-05-24,5.0160122919921495
2016-05-25,4.98486542188275
2016-05-26,5.007786536173116
2016-05-27,5.029120074679767
2016-05-30,5.044710485167103
2016-05-31,5.0477650182976195
2016-06-01,5.027084124507299
2016-06-02,5.028655916163632
2016-06-03,5.036720346891364
2016-06-06,5.04982233350983
2016-06-07,5.041607560444071
2016-06-08,5.014862824176324
2016-06-09,5.015158272543096
2016-06-10,5.014373454960036
2016-06-13,4.960750591555616
2016-06-14,4.963288150169927
2016-06-15,4.999389693659294
2016-06-16,5.006309220077858
2016-06-17,5.010241096584864
2016-06-20,5.009590852775881
2016-06-21,4.971143441326197
2016-06-22,5.001158003000283
2016-06-23,4.980340723155356
2016-06-24,4.982072956188855
2016-06-27,5.001872483919573
2016-06-28,5.010483274273641
2016-06-29,5.009562124285502
2016-06-30,5.016612300344625
2016-07-01,5.019928819772916
2016-07-04,5.027071459247081
2016-07-05,5.067693745987338
2016-07-06,5.0814850591179095
2016-07-07,5.064253121050224
2016-07-08,5.119032818996516
2016-07-11,5.102134063806541
2016-07-12,5.107647711910816
2016-07-13,5.130089987062974
2016-07-14,5.1198788108179425
2016-07-15,5.130523477200826
2016-07-18,5.12177727891401
2016-07-19,5.131495257910097
2016-07-20,5.148967810395366
2016-07-21,5.171259933865964
2016-07-22,5.168223749055366
2016-07-25,5.200644319732541
2016-07-26,5.231117059015509
2016-07-27,5.210610430999177
2016-07-28,5.254553971847419
2016-07-29,5.276950416560121
2016-08-01,5.243189094570073
2016-08-02,5.248596565222556
2016-08-03,5.280996170702279
2016-08-04,5.286391032899556
2016-08-05,5.3017233797022065
2016-08-08,5.29940552090989
2016-08-09,5.293516146358575
2016-08-10,5.30170482041186
2016-08-11,5.308526846903488
2016-08-12,5.328333222347408
2016-08-15,5.305774375241275
2016-08-16,5.291226935370476
2016-08-17,5.289423118082446
2016-08-18,5.287149728486626
2016-08-19,5.285444677742994
2016-08-22,5.28258165546594
2016-08-23,5.288743596933759
2016-08-24,5.309939082551813
2016-08-25,5.316264458542871
2016-08-26,5.379289513779555
2016-08-29,5.445417124809447
2016-08-30,5.456271002130374
2016-08-31,5.479826196169379
2016-09-01,5.527350413170271
2016-09-02,5.579971304439514
2016-09-05,5.598927600224013
2016-09-06,5.608699534528904
2016-09-07,5.658932679862812
2016-09-08,5.709217088333846
2016-09-09,5.724196574660844
2016-09-12,5.667096650307633
2016-09-13,5.732073949192466
2016-09-14,5.7864388758443015
2016-09-15,5.787574520233757
2016-09-16,5.785603969118916
2016-09-19,5.82212489312579
2016-09-20,5.868467705088602
2016-09-21,5.901342678798313
2016-09-22,5.952297432180086
2016-09-23,6.027566083701856
2016-09-26,5.9730338125470555
2016-09-27,5.965081068497235
2016-09-28,5.979668800081224
2016-09-29,6.039033084197044
2016-09-30,6.04631061553846
2016-10-03,6.045802503165468
2016-10-04,6.037497225732931
2016-10-05,6.037851527280049
2016-10-06,6.035646129672427
2016-10-07,6.035331079984227
2016-10-10,6.040132154489255
2016-10-11,6.1031769450213424
2016-10-12,6.135245054504712
2016-10-13,6.1564492616873085
2016-10-14,6.139618258689615
2016-10-17,6.109912061233531
2016-10-18,6.1187688102757685
2016-10-19,6.144679927988507
2016-10-20,6.135257532987858
2016-10-21,6.117242469934814
2016-10-24,6.1230514689332995
2016-10-25,6.144801407279918
2016-10-26,6.1699421778739145
2016-10-27,6.2257163834694875
2016-10-28,6.171410692918965
2016-10-31,6.1717607132667585
2016-11-01,6.266721811087755
2016-11-02,6.338116173674466
2016-11-03,6.381602909862459
2016-11-04,6.433748630633663
2016-11-07,6.498679628131059
2016-11-08,6.546020879007013
2016-11-09,6.572950180408254
2016-11-10,6.649589437639824
2016-11-11,6.730695554478808
2016-11-14,6.744955233492681
2016-11-15,6.78760428886217
2016-11-16,6.796281955560353
2016-11-17,6.815317444012917
2016-11-18,6.830824530726295
2016-11-21,6.829450169058726
2016-11-22,6.85596854394903
2016-11-23,6.850297234275816
2016-11-24,6.843551716816072
2016-11-25,6.839578552224014
2016-11-28,6.847726397476302
2016-11-29,6.779803202910134
2016-11-30,6.721305339098638
2016-12-01,6.802530521165554
2016-12-02,6.802930288555817
2016-12-05,6.79490586496237
2016-12-06,6.839846776130448
2016-12-07,6.910769944095116
2016-12-08,6.939729446925688
2016-12-09,7.042772374486298
2016-12-12,6.975207738303293
2016-12-13,7.001294628547834
2016-12-14,7.107822123426121
2016-12-15,7.195530423668997
2016-12-16,7.355423264736729
2016-12-19,7.478154237075834
2016-12-20,7.582156236408577
2016-12-21,7.6557335752929605
2016-12-22,7.665700004406666
2016-12-23,7.7148923563398935
2016-12-26,7.7818615877418855
2016-12-27,8.013348130127305
2016-12-28,8.102900348054746
2016-12-29,8.178305477416965
2016-12-30,8.223977327083448
2017-01-03,8.341914651662943
2017-01-04,8.384423174541727
2017-01-05,8.403865627632623
2017-01-06,8.415821699105738
2017-01-09,8.443984027510256
2017-01-10,8.53250979801622
2017-01-11,8.447479124061921
2017-01-12,8.45041530507087
2017-01-13,8.405095354366827
2017-01-16,8.342106633841977
2017-01-17,8.336028392238966
2017-01-18,8.335341001863908
2017-01-19,8.332515186199716
2017-01-20,8.333296280995892
2017-01-23,8.334846347113341
2017-01-24,8.340347072390893
2017-01-25,8.346833359604071
2017-01-26,8.346807276551973
2017-01-27,8.347952378482644
2017-01-30,8.341769736299108
2017-01-31,8.343117319916178
2017-02-01,8.348706306831387
2017-02-02,8.349345458419423
2017-02-03,8.349065564653486
2017-02-06,8.479589223579506
2017-02-07,8.54365265020842
2017-02-08,8.641449426738802
2017-02-09,8.702860007828681
2017-02-10,8.689822907003263
2017-02-13,8.713417947317204
2017-02-14,8.728537231077876
2017-02-15,8.71825097576808
2017-02-16,8.698484848116342
2017-02-17,8.636443883431305
2017-02-20,8.553637801726362
2017-02-21,8.621119188725565
2017-02-22,8.629262999538307
2017-02-23,8.642690512401852
2017-02-24,8.728593120424403
2017-02-27,8.7441749832625
2017-02-28,8.767826655521265
2017-03-01,8.811371711255914
2017-03-02,8.775641129126656
2017-03-03,8.755593304472935
2017-03-06,8.831468291589095
2017-03-07,8.85475682848941
2017-03-08,8.83411897864999
2017-03-09,8.827658963163485
2017-03-10,8.770134287915536
2017-03-13,8.72956305334302
2017-03-14,8.732610028572777
2017-03-15,8.74885937666957
2017-03-16,8.775663283597723
2017-03-17,8.83080732772662
2017-03-20,8.879527334534941
2017-03-21,8.860061261640764
2017-03-22,8.801023772947076
2017-03-23,8.783535370267293
2017-03-24,8.745587580814025
2017-03-27,8.67167884377865
2017-03-28,8.736291771180895
2017-03-29,8.600314814738336
2017-03-30,8.321527409668699
2017-03-31,8.320500365462838
2017-04-03,8.32402111841958
2017-04-04,8.325254590591365
2017-04-05,8.315619540585285
2017-04-06,8.31679714268572
2017-04-07,8.31493103018594
2017-04-10,8.316301495027107
2017-04-11,8.313425579720874
2017-04-12,8.313105773128806
2017-04-13,8.308733241411286
2017-04-14,8.301599928256746
2017-04-17,8.312788033974309
2017-04-18,8.311030464558819
2017-04-19,8.308166358642435
2017-04-20,8.319467965399662
2017-04-21,8.320905438457267
2017-04-24,8.340849004924554
2017-04-25,8.348412665794427
2017-04-26,8.346087522156068
2017-04-27,8.312677886361355
2017-04-28,8.430661271404423
2017-05-01,8.446454318714174
2017-05-02,8.502267136632712
2017-05-03,8.55545282324616
2017-05-04,8.579918714589661
2017-05-05,8.47456630693139
2017-05-08,8.392193194413395
2017-05-09,8.474116523691235
2017-05-10,8.494424421287354
2017-05-11,8.430478648071748
2017-05-12,8.425069340553948
2017-05-15,8.497779039237944
2017-05-16,8.675642928462322
2017-05-17,8.730184943135374
2017-05-18,8.79363099454274
2017-05-19,8.792703212726474
2017-05-22,8.600030437890242
2017-05-23,8.482542139943247
2017-05-24,8.5087575263233
2017-05-25,8.469501221604057
2017-05-26,8.512774620293047
2017-05-30,8.510903466768076
2017-05-31,8.550808365986494
2017-06-01,8.301510947390895
2017-06-02,8.420061361874774
2017-06-05,8.509384646743209
2017-06-06,8.577434491114271
2017-06-07,8.720590536795445
2017-06-08,8.708942182078186
2017-06-09,8.725106931954151
2017-06-12,8.523395504059971
2017-06-13,8.709802516956175
2017-06-14,8.731338326088016
2017-06-15,8.7455353270481
2017-06-16,8.724785569159103
2017-06-19,8.769740684127271
2017-06-20,8.761542082269546
2017-06-21,8.836649719700079
2017-06-22,8.690830389778647
2017-06-23,8.72218032841816
2017-06-26,8.759679648603804
2017-06-27,8.761286190115118
2017-06-28,8.728498125550976
2017-06-29,8.745096307667701
2017-06-30,8.88102543296145
2017-07-03,8.90661788844037
2017-07-04,8.916610697781381
2017-07-05,8.973778147219202
2017-07-06,9.03919870868673
2017-07-07,9.169652835912062
2017-07-10,8.996922517380758
2017-07-11,8.908982698924136
2017-07-12,8.923350257321994
2017-07-13,8.844353258740764
2017-07-14,8.823933601494497
2017-07-17,8.407725546747871
2017-07-18,8.418300012757388
2017-07-19,8.431135405073201
2017-07-20,8.45941283106779
2017-07-21,8.447648258391226
2017-07-24,8.461661166952426
2017-07-25,8.451952864614546
2017-07-26,8.457045839028845
2017-07-27,8.44078576233098
2017-07-28,8.452969361707666
2017-07-31,8.451877238177131
2017-08-01,8.471044394746611
2017-08-02,8.47845618637524
2017-08-03,8.472132032976742
2017-08-04,8.48843284722927
2017-08-07,8.51043775678916
2017-08-08,8.509236200059968
2017-08-09,8.510539109824652
2017-08-10,8.48845425271799
2017-08-11,8.484867415970557
2017-08-14,8.534655153116912
2017-08-15,8.535149289326963
2017-08-16,8.55077332481936
2017-08-17,8.516247339733713
2017-08-18,8.474408908372732
2017-08-21,8.642613136911663
2017-08-22,8.617259865456797
2017-08-23,8.863043404817775
2017-08-24,8.860026359325849
2017-08-25,9.125862976370465
2017-08-28,9.483225794023577
2017-08-29,9.579513695252658
2017-08-30,9.475289432963844
2017-08-31,9.847125373776631
2017-09-01,9.862103154534983
2017-09-04,9.847230875873539
2017-09-05,9.893823402693874
2017-09-06,9.85890313638849
2017-09-07,9.87979821349245
2017-09-08,9.852061675792445
2017-09-11,9.919429414495157
2017-09-12,9.866261299596406
2017-09-13,9.859517616121453
2017-09-14,9.846885762519015
2017-09-15,9.82510060367548
2017-09-18,9.833991491416828
2017-09-19,9.825825769813157
2017-09-20,9.832884128079009
2017-09-21,9.766369870189358
2017-09-22,9.977216940728056
2017-09-25,9.898918495503025
2017-09-26,9.849833609033267
2017-09-27,9.943628948019482
2017-09-28,9.930478512202358
2017-09-29,10.054194453495665
2017-10-02,10.056858691944367
2017-10-03,10.060451759020037
2017-10-04,10.063456480815395
2017-10-05,10.071000601039167
2017-10-06,10.081654426115344
2017-10-09,10.094030868042637
2017-10-10,10.285903179467912
2017-10-11,10.262498864196763
2017-10-12,10.271264644149477
2017-10-13,10.484806149233654
2017-10-16,10.445091145329352
2017-10-17,10.440866355918553
2017-10-18,10.297758400180022
2017-10-19,10.199304148526249
2017-10-20,10.291675799264782
2017-10-23,10.369374126940409
2017-10-24,10.3117474910311
2017-10-25,10.516488070233704
2017-10-26,10.546523340013152
2017-10-27,10.62352168695631
2017-10-30,10.376249955207733
2017-10-31,10.489582078585975
2017-11-01,10.540936773922523
2017-11-02,10.482087770393335
2017-11-03,10.563405815013471
2017-11-06,10.691903002375676
2017-11-07,10.734768389879337
2017-11-08,10.827210117223911
2017-11-09,10.915289776438673
2017-11-10,10.949880938199517
2017-11-13,10.908932312931492
2017-11-14,10.875039705724065
2017-11-15,10.947491899410588
2017-11-16,10.84673406358081
2017-11-17,10.488980577024222
2017-11-20,10.40295335985328
2017-11-21,10.270973044638325
2017-11-22,10.279779017862266
2017-11-23,10.279565383714035
2017-11-24,10.296743585736763
2017-11-27,10.312699405156902
2017-11-28,10.312074872389303
2017-11-29,10.286628902935051
2017-11-30,10.293995320645772
2017-12-01,10.299994898102918
2017-12-04,10.297042912439263
2017-12-05,10.317559413357214
2017-12-06,10.322351095304828
2017-12-07,10.341577175155846
2017-12-08,10.376726487137514
2017-12-11,10.384840190386289
2017-12-12,10.379238243246904
2017-12-13,10.379039202178957
2017-12-14,10.382835127635904
2017-12-15,10.36705817847043
2017-12-18,10.386981590436164
2017-12-19,10.34451116095389
2017-12-20,10.30683991983697
2017-12-21,10.195766811455062
2017-12-22,10.227069738376624
2017-12-25,10.174754265587623
2017-12-26,10.404869297661643
2017-12-27,10.477269221702763
2017-12-28,10.53982484496936
2017-12-29,10.623588966326654
2018-01-02,10.581443719369917
2018-01-03,10.581230898442117
2018-01-04,10.536601672762277
2018-01-05,10.583962991582542
2018-01-08,10.552425128290734
2018-01-09,10.569181404376783
2018-01-10,10.37077332337621
2018-01-11,10.33435663937271
2018-01-12,10.339909309362827
2018-01-15,10.272586529850663
2018-01-16,10.276383477611661
2018-01-17,10.231534141503278
2018-01-18,10.27882472818763
2018-01-19,10.273637402078501
2018-01-22,10.179128430508497
2018-01-23,10.291655439892358
2018-01-24,10.294116321796093
2018-01-25,10.248717144975027
2018-01-26,10.232060331302703
2018-01-29,10.171027165761043
2018-01-30,10.098110430181048
2018-01-31,9.791373117047694
2018-02-01,9.797409273298292
2018-02-02,9.775868762864683
2018-02-05,9.779660152870429
2018-02-06,9.791229505266198
2018-02-07,9.77897413877849
2018-02-08,9.762664434133187
2018-02-09,9.756920942243854
2018-02-12,9.763003096350488
2018-02-13,9.761677039025214
2018-02-14,9.759846342902165
2018-02-15,9.759846342902165
2018-02-16,9.759846342902165
2018-02-20,9.759846342902165
2018-02-21,9.759846342902165
2018-02-22,9.759590578744037
2018-02-23,9.756014156144849
2018-02-26,9.77540903370657
2018-02-27,9.77995690700228
2018-02-28,9.727118369132455
2018-03-01,9.809931433904765
2018-03-02,9.794651913299937
2018-03-05,9.816167925288363
2018-03-06,9.806022176305508
2018-03-07,9.777668867056622
2018-03-08,9.930631036140003
2018-03-09,10.090291109602132
2018-03-12,10.14082560987851
2018-03-13,10.144638212710953
2018-03-14,10.049618772527303
2018-03-15,9.845123234049584
2018-03-16,9.898655348313945
2018-03-19,9.994879902417384
2018-03-20,10.169657034587983
2018-03-21,10.296878364357308
2018-03-22,10.410846382513274
2018-03-23,10.076392266598807
2018-03-26,10.068684361776844
2018-03-27,10.19608956218541
2018-03-28,10.364793526150203
2018-03-29,10.516892346502727
2018-03-30,10.599371657965317
2018-04-02,10.590427699886888
2018-04-03,10.66222175168459
2018-04-04,10.742072723363231
2018-04-05,10.742072723363231
2018-04-06,10.742072723363231
2018-04-09,10.775617587928911
2018-04-10,10.725374000550474
2018-04-11,10.91617102016905
2018-04-12,10.974474802095237
2018-04-13,10.847782592841227
2018-04-16,10.807930447802441
2018-04-17,10.809304683262559
2018-04-18,10.776224333064267
2018-04-19,10.769908402406656
2018-04-20,10.768328582599791
2018-04-23,10.75673155702792
2018-04-24,10.749035493470638
2018-04-25,10.736343035826813
2018-04-26,10.754925326900043
2018-04-27,10.749847457064908
2018-04-30,10.751874062778256
2018-05-01,10.74864373536167
2018-05-02,10.74473549581557
2018-05-03,10.750278682088867
2018-05-04,10.719961990378502
2018-05-07,10.812984090615684
2018-05-08,10.958192532712927
2018-05-09,11.139244618482062
2018-05-10,11.271571482652266
2018-05-11,11.109708195241344
2018-05-14,11.038383992917742
2018-05-15,11.16406461049088
2018-05-16,11.137644609480011
2018-05-17,11.20768267707304
2018-05-18,11.277240534411911
2018-05-21,11.389322834529779
2018-05-22,11.462526692438976
2018-05-23,11.447997485297421
2018-05-24,11.572348894820843
2018-05-25,11.666753333656088
2018-05-28,11.539979609183558
2018-05-29,11.590303788027676
2018-05-30,11.18546060998095
2018-05-31,11.219318629378785
2018-06-01,11.31385953881869
2018-06-04,11.273540267064465
2018-06-05,11.266363033310292
2018-06-06,11.271331036171242
2018-06-07,11.21814799832271
2018-06-08,11.201911630762593
2018-06-11,11.198128059517991
2018-06-12,11.191702048987125
2018-06-13,11.193896488156359
2018-06-14,11.208541358226618
2018-06-15,11.204097204535826
2018-06-18,11.211302955816917
2018-06-19,11.224059446726578
2018-06-20,11.225634277235777
2018-06-21,11.22509888995584
2018-06-22,11.213485605514899
2018-06-25,11.184471499096896
2018-06-26,11.17610734306465
2018-06-27,11.158110198095018
2018-06-28,11.160444782352812
2018-06-29,11.169717567279777
2018-07-02,11.1156643530392
2018-07-03,11.229837254909139
2018-07-04,11.153675191898234
2018-07-05,11.034980546627166
2018-07-06,11.167895199301643
2018-07-09,11.173199907162765
2018-07-10,11.195851856831679
2018-07-11,11.032815139787699
2018-07-12,10.993386237759294
2018-07-13,10.981861160756575
2018-07-16,11.028925800954934
2018-07-17,11.140963457405048
2018-07-18,11.2056750567429
2018-07-19,11.10761237458031
2018-07-20,11.19484978573774
2018-07-23,11.285216168928823
2018-07-24,11.374049247981707
2018-07-25,11.364020522499036
2018-07-26,11.513390147918066
2018-07-27,11.540778651131644
2018-07-30,11.45458987432418
2018-07-31,11.664347311670946
2018-08-01,11.623797425857969
2018-08-02,11.404414551016389
2018-08-03,11.487479819217503
2018-08-06,11.455488454690528
2018-08-07,11.487732593249788
2018-08-08,11.542642450030467
2018-08-09,11.582285340470687
2018-08-10,11.536606582920676
2018-08-13,11.467999713394905
2018-08-14,11.58325361342901
2018-08-15,11.569687853651166
2018-08-16,11.569489932019845
2018-08-17,11.560956473309373
2018-08-20,11.523477866928877
2018-08-21,11.52974522585021
2018-08-22,11.507682458654914
2018-08-23,11.538066118497884
2018-08-24,11.578107439677273
2018-08-27,11.572210667372596
2018-08-28,11.64065455186559
2018-08-29,11.682828953838278
2018-08-30,11.574213271850263
2018-08-31,11.580725206997569
2018-09-03,11.48263290614873
2018-09-04,11.55847785502583
2018-09-05,11.613728494249102
2018-09-06,11.587641518604356
2018-09-07,11.648374394794741
2018-09-10,11.578494238825979
2018-09-11,11.71290922667827
2018-09-12,11.775807317719481
2018-09-13,11.77667658548159
2018-09-14,11.779325727918598
2018-09-17,11.674987752983027
2018-09-18,11.744019902000707
2018-09-19,11.771447392662468
2018-09-20,11.913982222273063
2018-09-21,11.905603093447302
2018-09-24,11.906272820154488
2018-09-25,11.88595481634224
2018-09-26,11.918457616444119
2018-09-27,11.822093192064962
2018-09-28,11.900614446323544
2018-10-01,11.907518248032572
2018-10-02,11.905557924743125
2018-10-03,11.908672173203271
2018-10-04,11.886844856648509
2018-10-05,11.875074151102162
2018-10-08,11.670457644706996
2018-10-09,11.811906920842082
2018-10-10,11.928410679334325
2018-10-11,11.491086589830704
2018-10-12,11.491648274849393
2018-10-15,11.62167040698134
2018-10-16,11.620364363768784
2018-10-17,11.768456945347797
2018-10-18,11.697736174898925
2018-10-19,11.737662371857065
2018-10-22,12.092994278537912
2018-10-23,12.582850002439772
2018-10-24,12.741848031751266
2018-10-25,12.67680413460487
2018-10-26,12.75154357492649
2018-10-29,12.780064882232566
2018-10-30,13.010287510118795
2018-10-31,13.186962487289286
2018-11-01,13.059432351734817
2018-11-02,13.094327326008562
2018-11-05,13.418055414092677
2018-11-06,13.182577683221284
2018-11-07,13.305149075829597
2018-11-08,13.746337898669625
2018-11-09,13.923426193250908
2018-11-12,14.313081546326929
2018-11-13,14.611728389624426
2018-11-14,14.580816213782672
2018-11-15,14.721234459607405
2018-11-16,14.766168917147459
2018-11-19,14.73160947176741
2018-11-20,14.513070543937982
2018-11-21,14.770269854826044
2018-11-22,14.887798895643478
2018-11-23,14.743339343512897
2018-11-26,14.74041365948634
2018-11-27,14.748524067503336
2018-11-28,14.759821498778965
2018-11-29,14.74891936307898
2018-11-30,14.744720412121561
2018-12-03,14.755873275894075
2018-12-04,14.742661090900471
2018-12-05,14.741237186159287
2018-12-06,14.738457270082817
2018-12-07,14.728907693744022
2018-12-10,14.730596315504808
2018-12-11,14.724216909588238
2018-12-12,14.728331602114473
2018-12-13,14.718936646407725
2018-12-14,14.70592473561692
2018-12-17,14.69349718006166
2018-12-18,14.693109260263386
2018-12-19,14.685219187468
2018-12-20,14.686938050098549
2018-12-21,14.67956134618445
2018-12-24,14.681617305994756
2018-12-25,14.67484876447817
2018-12-26,14.685907940247066
2018-12-27,14.67581277654392
2018-12-28,14.669550361501647
2018-12-31,14.669550361501647
2019-01-02,14.822763329072531
2019-01-03,14.865981944322266
2019-01-04,14.85203867160961
2019-01-07,14.915210367166443
2019-01-08,14.949788699888886
2019-01-09,14.919788739449348
2019-01-10,14.922140720282272
2019-01-11,14.984042894529367
2019-01-14,14.874999328845448
2019-01-15,15.004536989209356
2019-01-16,15.025141566892223
2019-01-17,14.872343536240754
2019-01-18,14.746516573749213
2019-01-21,14.750022007147079
2019-01-22,14.749398193495267
2019-01-23,14.748097218022593
2019-01-24,14.746478234769919
2019-01-25,14.761987614665877
2019-01-28,14.759784466810755
2019-01-29,14.780077582696848
2019-01-30,14.789313531504936
2019-01-31,14.822734105723931
2019-02-01,14.80756624808328
2019-02-04,14.808930261250524
2019-02-05,14.809543161868346
2019-02-06,14.808978207874052
2019-02-07,14.806048498731572
2019-02-08,14.809692923656009
2019-02-11,14.797940460539104
2019-02-12,14.792921961841738
2019-02-13,14.811678820944454
2019-02-14,14.806646189282178
2019-02-15,14.772971996936793
2019-02-18,14.789247919881774
2019-02-19,14.781206081384507
2019-02-20,14.78419617171016
2019-02-21,14.790699304071508
2019-02-22,14.830610446694324
2019-02-25,14.877924852618705
2019-02-26,14.905411918601219
2019-02-27,14.86958893342667
2019-02-28,14.886312052628412
2019-03-01,14.902488016106412
2019-03-04,14.957766881632962
2019-03-05,15.02220446977172
2019-03-06,15.043927872341818
2019-03-07,15.04187468755698
2019-03-08,15.023203035398094
2019-03-11,15.10467261119671
2019-03-12,15.153472845228839
2019-03-13,15.07605642195128
2019-03-14,15.030605611098682
2019-03-15,15.041697890118657
2019-03-18,15.071204319320312
2019-03-19,15.075992687032103
2019-03-20,15.036331415742346
2019-03-21,15.072713888147636
2019-03-22,15.04477506427882
2019-03-25,15.169057532838734
2019-03-26,15.067097773969742
2019-03-27,15.246092854613927
2019-03-28,15.27306063296484
2019-03-29,15.268899824738481
2019-04-01,15.333534435140878
2019-04-02,15.371158037587357
2019-04-03,15.539516285314543
2019-04-04,15.49199548538446
2019-04-05,15.49578062857442
2019-04-08,15.700183983667124
2019-04-09,15.953204889883578
2019-04-10,16.047333297634374
2019-04-11,16.211031088862786
2019-04-12,16.401430777478005
2019-04-15,16.317259587109803
2019-04-16,16.27596987985528
2019-04-17,16.47429444291954
2019-04-18,16.399792814986288
2019-04-19,16.52042543587702
2019-04-22,16.472998757125136
2019-04-23,16.17729634634853
2019-04-24,16.23847456372849
2019-04-25,16.074592741857597
2019-04-26,15.991882692409956
2019-04-29,15.94003890018203
2019-04-30,15.93193135390888
2019-05-01,15.928074568654784
2019-05-02,15.921704199700484
2019-05-03,15.93617549275465
2019-05-06,15.869643431631992
2019-05-07,16.089245904898437
2019-05-08,16.32570690390853
2019-05-09,16.454892917236492
2019-05-10,16.494925020464166
2019-05-13,16.60956129029708
2019-05-14,16.564025764651063
2019-05-15,16.66744203009711
2019-05-16,16.774170473438804
2019-05-17,16.515402077186693
2019-05-20,16.545793639012633
2019-05-21,16.459785834910168
2019-05-22,16.50259860580166
2019-05-23,16.421331130970405
2019-05-24,16.43395053744556
2019-05-27,16.41466163627954
2019-05-28,16.436351527111277
2019-05-29,16.442485892706763
2019-05-30,16.43986129654187
2019-05-31,16.585025024322743
2019-06-03,16.364821549005462
2019-06-04,16.334110574211017
2019-06-05,16.489112015590468
2019-06-06,16.36526218688738
2019-06-07,16.381043003106647
2019-06-10,16.272080880883117
2019-06-11,16.26744482105099
2019-06-12,16.34518285895267
2019-06-13,16.516418856199067
2019-06-14,16.30358440842608
2019-06-17,16.545011176519647
2019-06-18,16.433183070205153
2019-06-19,16.362302025007118
2019-06-20,16.189685713841516
2019-06-21,16.094093665720223
2019-06-24,16.031969398402843
2019-06-25,16.07049300742265
2019-06-26,16.236928049806917
2019-06-27,16.089941918314683
2019-06-28,15.997281427228167
2019-07-01,15.97824785508506
2019-07-02,15.924264334829637
2019-07-03,15.913505715430087
2019-07-04,15.91238663610649
2019-07-05,15.972034911212932
2019-07-08,15.931943336485343
2019-07-09,16.047370281606153
2019-07-10,16.141721115420577
2019-07-11,16.330887608291654
2019-07-12,16.320393163721953
2019-07-15,16.38078532191176
2019-07-16,16.496648901720576
2019-07-17,16.510892200764616
2019-07-18,16.41268344226959
2019-07-19,16.412693192301955
2019-07-22,16.227082767337073
2019-07-23,16.53796975366298
2019-07-24,16.624846844774165
2019-07-25,16.55140193561188
2019-07-26,16.54610006844164
2019-07-29,16.467542147738644
2019-07-30,16.46874512096792
2019-07-31,16.458535631194966
2019-08-01,16.57229491929457
2019-08-02,16.42371490787984
2019-08-05,16.49831961884978
2019-08-06,16.097436978140827
2019-08-07,16.060067201361786
2019-08-08,16.0258694437477
2019-08-09,15.93907152170577
2019-08-12,15.865655242229895
2019-08-13,15.861060576431523
2019-08-14,15.87318194676404
2019-08-15,15.89908935731313
2019-08-16,15.896517978027283
2019-08-19,15.902493136482338
2019-08-20,15.90655707031913
2019-08-21,15.89376081779467
2019-08-22,15.882157263493545
2019-08-23,15.892255717987787
2019-08-26,15.903200107229935
2019-08-27,15.929310529092575
2019-08-28,15.926862373912964
2019-08-29,15.924544531386736
2019-08-30,15.88939874881363
2019-09-02,15.942386091734548
2019-09-03,15.993235274906406
2019-09-04,16.010133016259946
2019-09-05,15.977491452764289
2019-09-06,15.970788844310325
2019-09-09,16.015465922463775
2019-09-10,16.00160340799133
2019-09-11,15.99251842031578
2019-09-12,15.990568597753933
2019-09-13,15.967747731162559
2019-09-16,16.00164903058676
2019-09-17,15.963560618600054
2019-09-18,15.912644157886131
2019-09-19,15.94978674887727
2019-09-20,15.990047364141413
2019-09-23,16.07562472481175
2019-09-24,16.072965268282328
2019-09-25,15.918209502213582
2019-09-26,15.82797726678816
2019-09-27,15.973372949027022
2019-09-30,16.056609053996656
2019-10-01,16.063909399693124
2019-10-02,16.076257665247276
2019-10-03,16.086122834395468
2019-10-04,16.08931985110553
2019-10-07,16.078075556230477
2019-10-08,16.232430615499503
2019-10-09,16.346927414256367
2019-10-10,16.334331872142386
2019-10-11,16.36882092541052
2019-10-14,16.371898259831674
2019-10-15,16.544329494699028
2019-10-16,16.336660484183373
2019-10-17,16.196398145681005
2019-10-18,16.20146270639515
2019-10-21,16.619109106190685
2019-10-22,16.567741298518516
2019-10-23,16.75685820415726
2019-10-24,16.826739239738984
2019-10-25,16.706025991890314
2019-10-28,16.61241809229824
2019-10-29,16.618681215377137
2019-10-30,16.553999353994303
2019-10-31,16.575573729107838
2019-11-01,16.590604468912126
2019-11-04,16.595818086733352
2019-11-05,16.573933053417928
2019-11-06,16.5840928339206
2019-11-07,16.557385745544988
2019-11-08,16.547669607268983
2019-11-11,16.535423064457063
2019-11-12,16.53917862865063
2019-11-13,16.54532115841223
2019-11-14,16.54058726156235
2019-11-15,16.54656689067446
2019-11-18,16.54687035462058
2019-11-19,16.540127392517416
2019-11-20,16.528077315184095
2019-11-21,16.513200831406557
2019-11-22,16.421916086001314
2019-11-25,16.606666876331754
2019-11-26,16.758720658810383
2019-11-27,16.746042835673453
2019-11-28,16.852023370554207
2019-11-29,16.929655857062087
2019-12-02,16.848882580576696
2019-12-03,17.03999840264901
2019-12-04,17.17047524819198
2019-12-05,17.116405038557062
2019-12-06,17.14695978456749
2019-12-09,17.09351999241529
2019-12-10,17.031061746591703
2019-12-11,16.94008395885592
2019-12-12,16.939001456367127
2019-12-13,16.950411611269935
2019-12-16,16.914968698503785
2019-12-17,16.927160629361524
2019-12-18,16.942753379941816
2019-12-19,16.965009657434393
2019-12-20,16.85784677887364
2019-12-23,16.92169403283286
2019-12-24,17.21399139484379
2019-12-25,17.141139295851907
2019-12-26,17.2793510422892
2019-12-27,17.309119645007648
2019-12-30,17.115592105657857
2019-12-31,17.05607176557266
2020-01-02,17.11442245955761
2020-01-03,17.10442927489123
2020-01-06,17.049453420305394
2020-01-07,17.00623419181717
2020-01-08,16.986409750810708
2020-01-09,17.02486963835254
2020-01-10,17.06566808159304
2020-01-13,17.100056368999084
2020-01-14,17.099037899596127
2020-01-15,17.11396632737974
2020-01-16,17.124188647173888
2020-01-17,17.118715295239717
2020-01-20,17.160776642462285
2020-01-21,17.164364033727246
2020-01-22,17.18640322368923
2020-01-23,17.167986054888356
2020-01-24,17.1695573617017
2020-01-27,17.15871950529463
2020-01-28,17.170990457887072
2020-01-29,17.179372866511645
2020-01-30,17.184784005787847
2020-01-31,17.182708380872615
2020-02-03,17.080795511542405
2020-02-04,17.180743450117944
2020-02-05,17.217619057216446
2020-02-06,17.261331062814744
2020-02-07,17.266132431530476
2020-02-10,17.294994979736796
2020-02-11,17.29312111040295
2020-02-12,17.305089020206466
2020-02-13,17.3019328347587
2020-02-14,17.310276853558765
2020-02-17,17.38532642625774
2020-02-18,17.441033645159077
2020-02-19,17.40857325992911
2020-02-20,17.44667058523011
2020-02-21,17.5058236381444
2020-02-24,17.547061775811727
2020-02-25,17.535299733003374
2020-02-26,17.398471458796966
2020-02-27,17.357806770721737
2020-02-28,17.241326381270653
2020-03-02,17.307919235851227
2020-03-03,17.333182947411338
2020-03-04,17.34626391308657
2020-03-05,17.359024484755775
2020-03-06,17.32364567512552
2020-03-09,17.418532600922028
2020-03-10,17.337432357557695
2020-03-11,17.77911989054264
2020-03-12,17.81801960923717
2020-03-13,17.773841985715265
2020-03-16,18.045508906588644
2020-03-17,18.089651619376347
2020-03-18,18.0295860945578
2020-03-19,18.10362144869247
2020-03-20,18.503242039021288
2020-03-23,18.760452343471684
2020-03-24,18.94124511779185
2020-03-25,18.886133730643543
2020-03-26,18.776164505247085
2020-03-27,19.097510341999413
2020-03-30,19.194627055114246
2020-03-31,19.264466802417378
2020-04-01,19.129288032218597
2020-04-02,18.891429114549062
2020-04-03,19.012580539873564
2020-04-06,19.012580539873564
2020-04-07,18.906665160113242
2020-04-08,18.902934480954094
2020-04-09,18.88986065388404
2020-04-10,18.9122813886567
2020-04-13,18.916560001959038
2020-04-14,18.92271211374612
2020-04-15,18.913430081604655
2020-04-16,18.816560915036433
2020-04-17,18.825780816904985
2020-04-20,18.82101279504456
2020-04-21,18.794977113689153
2020-04-22,18.820115864967686
2020-04-23,18.83418364204709
2020-04-24,18.826878661376632
2020-04-27,18.8302607067696
2020-04-28,18.844248626430854
2020-04-29,18.876567948134262
2020-04-30,18.856749914073465
2020-05-01,18.862674958769396
2020-05-04,18.86433658321566
2020-05-05,18.865574643109582
2020-05-06,18.856199816913737
2020-05-07,18.89079275123004
2020-05-08,18.8835636043603
2020-05-11,18.853787575749184
2020-05-12,18.858880191687824
2020-05-13,18.873992714515527
2020-05-14,18.892420902098493
2020-05-15,18.8874455595582
2020-05-18,18.87842384250241
2020-05-19,18.90711166544418
2020-05-20,18.897555542162248
2020-05-21,18.858045920986896
2020-05-22,18.788135884732366
2020-05-25,18.885607335432308
2020-05-26,18.860910398151514
2020-05-27,19.20267289825212
2020-05-28,19.063486180274065
2020-05-29,19.162583644118953
2020-06-01,19.099050038613765
2020-06-02,19.407800611734107
2020-06-03,19.606168127850626
2020-06-04,19.870681714782194
2020-06-05,19.728960411361896
2020-06-08,19.520995045872784
2020-06-09,19.43303309651536
2020-06-10,19.450161036680374
2020-06-11,19.399779157239454
2020-06-12,19.408311992881046
2020-06-15,19.43690760742461
2020-06-16,19.478939283663404
2020-06-17,19.3915393975841
2020-06-18,19.399404240645914
2020-06-19,19.458202203963232
2020-06-22,19.510039083042404
2020-06-23,19.56437077880816
2020-06-24,19.542583605403802
2020-06-25,19.550796973441667
2020-06-26,19.54208412025371
2020-06-29,19.548637996108983
2020-06-30,19.602148596138907
2020-07-01,19.565066437681523
2020-07-02,19.5478613322217
2020-07-03,19.56959850897707
2020-07-06,19.600654523505327
2020-07-07,19.67032770600261
2020-07-08,19.734544933762724
2020-07-09,19.72223842887964
2020-07-10,19.644995841557694
2020-07-13,19.617489829768456
2020-07-14,19.625312050711877
2020-07-15,19.6464479882268
2020-07-16,19.637083697579545
2020-07-17,19.606013975808516
2020-07-20,19.688060610286755
2020-07-21,19.502705889485597
2020-07-22,19.291641750408036
2020-07-23,19.163108997800986
2020-07-24,19.508994840751946
2020-07-27,19.66835576293459
2020-07-28,19.91757178041604
2020-07-29,19.602486240750316
2020-07-30,19.710132176797526
2020-07-31,19.649794533418092
2020-08-03,19.588680212790653
2020-08-04,19.607921355950495
2020-08-05,19.65261379166808
2020-08-06,19.609737045493585
2020-08-07,19.55260545971892
2020-08-10,19.46842846316461
2020-08-11,19.352262358998807
2020-08-12,19.62541511385463
2020-08-13,19.968399221435444
2020-08-14,20.01606496912208
2020-08-17,19.94348780858983
2020-08-18,20.048165273086703
2020-08-19,20.209150671511605
2020-08-20,20.497094766538034
2020-08-21,20.621290785230958
2020-08-24,20.660688453449097
2020-08-25,21.247672923602764
2020-08-26,21.461284864547597
2020-08-27,21.861631976553102
2020-08-28,21.48268998588816
2020-08-31,21.280710924174304
2020-09-01,21.541250236763798
2020-09-02,22.051356334347837
2020-09-03,21.95108345977775
2020-09-04,22.174941774191858
2020-09-07,22.620419596974546
2020-09-08,22.93676241439993
2020-09-09,23.648241606766653
2020-09-10,22.916937415261973
2020-09-11,22.77097598887079
2020-09-14,22.943270202307502
2020-09-15,22.80840109635135
2020-09-16,22.916062873048027
2020-09-17,22.996465129980525
2020-09-18,22.891890503952727
2020-09-21,22.746305735467736
2020-09-22,22.74082482021774
2020-09-23,22.67431758787172
2020-09-24,22.590016341056238
2020-09-25,22.597605934128552
2020-09-28,22.634122345726105
2020-09-29,22.622829708811413
2020-09-30,22.610683587840644
2020-10-01,22.625334128951287
2020-10-02,22.608594634598926
2020-10-05,22.62102513412343
2020-10-06,22.59799794960933
2020-10-07,22.603754535461185
2020-10-08,22.616901181801584
2020-10-09,22.628503419758452
2020-10-12,22.657167601857815
2020-10-13,22.629116527023186
2020-10-14,22.621987919962812
2020-10-15,22.603566328898587
2020-10-16,22.576069832943148
2020-10-19,22.544137056895334
2020-10-20,22.608970002990954
2020-10-21,22.507798201183327
2020-10-22,22.529998118079543
2020-10-23,22.795672348330818
2020-10-26,22.78833356858267
2020-10-27,22.62058735866626
2020-10-28,22.633907377958934
2020-10-29,22.620989528403054
2020-10-30,22.467968098504045
2020-11-02,22.223315500940362
2020-11-03,22.130770868904694
2020-11-04,22.168824193826822
2020-11-05,22.24838908675059
2020-11-06,22.208279803573294
2020-11-09,22.02907237858436
2020-11-10,22.01276001909102
2020-11-11,22.009382644014867
2020-11-12,21.928536860169828
2020-11-13,21.904191238060108
2020-11-16,22.041125114111427
2020-11-17,22.138580255053405
2020-11-18,22.369057345225716
2020-11-19,22.14728214972164
2020-11-20,21.956535440940442
2020-11-23,21.81006582311823
2020-11-24,21.865819445007137
2020-11-25,22.076265101044186
2020-11-26,22.22164128091384
2020-11-27,22.082864290155477
2020-11-30,22.10583130659506
2020-12-01,22.11667628056656
2020-12-02,22.030704936559296
2020-12-03,22.029529502684003
2020-12-04,22.04773204916821
2020-12-07,22.05196511416738
2020-12-08,22.034175317956166
2020-12-09,21.99986360560029
2020-12-10,22.00171760783388
2020-12-11,22.00989305539458
2020-12-14,22.06205199985534
2020-12-15,22.124961419869386
2020-12-16,22.15411953192088
2020-12-17,22.18159404916221
2020-12-18,22.176075504971408
2020-12-21,22.216909627852992
2020-12-22,22.15696642790431
2020-12-23,22.182392678836287
2020-12-24,22.17412838930392
2020-12-25,22.186296812472282
2020-12-28,22.241226733606016
2020-12-29,22.222240362114654
2020-12-30,22.333192676603677
2020-12-31,22.39486730794583
2021-01-04,22.518019627031205
2021-01-05,22.565118782633906
2021-01-06,22.577726803867517
2021-01-07,22.7158820669
2021-01-08,22.726954564875754
2021-01-11,22.62453499834614
2021-01-12,22.702495542380657
2021-01-13,22.71252711493616
2021-01-14,22.700170287326202
2021-01-15,22.635444285981215
2021-01-18,22.647180784331322
2021-01-19,22.6558732855321
2021-01-20,22.719803389475302
2021-01-21,22.731390009241522
2021-01-22,22.76001429029241
2021-01-25,22.778750771873256
2021-01-26,22.70882999009084
2021-01-27,22.666981369754957
2021-01-28,23.24943802935457
2021-01-29,22.888698189803677
2021-02-01,22.830977118285286
2021-02-02,22.87628052388028
2021-02-03,22.772103986984327
2021-02-04,22.755933589181883
2021-02-05,22.759628247345447
2021-02-08,22.843274448269018
2021-02-09,22.8364150144143
2021-02-10,22.844979269555733
2021-02-11,22.87483739600605
2021-02-12,22.895526884895872
2021-02-16,22.89736507519165
2021-02-17,22.89793787031173
2021-02-18,22.82849417852208
2021-02-19,22.811074884877797
2021-02-22,22.597963117259244
2021-02-23,22.656691532874873
2021-02-24,23.2559518044068
2021-02-25,23.050329823470705
2021-02-26,23.879787618047718
2021-03-01,24.127591081541375
2021-03-02,23.905428033143696
2021-03-03,24.01628965686652
2021-03-04,24.803688928456097
2021-03-05,25.366339585854664
2021-03-08,25.959151029498866
2021-03-09,26.34909068703583
2021-03-10,25.721798813768928
2021-03-11,25.61005195616603
2021-03-12,25.610966300302575
2021-03-15,26.03127478536639
2021-03-16,26.735901556870978
2021-03-17,26.790764062777704
2021-03-18,26.67211232844781
2021-03-19,27.057394804258124
2021-03-22,27.04998516346539
2021-03-23,26.88906563877769
2021-03-24,26.84872927426017
2021-03-25,26.874895315806164
2021-03-26,26.90670083331728
2021-03-29,26.713989964941497
2021-03-30,26.190069108464325
2021-03-31,26.643818296079527
2021-04-01,26.37572269604961
2021-04-02,26.360810013149358
2021-04-05,26.400165626240238
2021-04-06,26.846723801711615
2021-04-07,27.19012089257493
2021-04-08,26.580569150877214
2021-04-09,26.82115633839969
2021-04-12,27.012526588924363
2021-04-13,26.902016916021065
2021-04-14,27.11817462237294
2021-04-15,27.288007370365627
2021-04-16,27.9543804715957
2021-04-19,27.607568634833694
2021-04-20,27.52683340021991
2021-04-21,27.373096484659666
2021-04-22,27.35395094450582
2021-04-23,27.10898297188507
2021-04-26,26.703499194093887
2021-04-27,26.728332936240424
2021-04-28,26.825919580392586
2021-04-29,26.80787697684444
2021-04-30,26.87409874362588
2021-05-03,26.864960765349778
2021-05-04,26.82749182557474
2021-05-05,26.855431461479114
2021-05-06,26.831319412927456
2021-05-07,26.826227320358672
2021-05-10,26.80628390250365
2021-05-11,26.68223529766656
2021-05-12,26.80072557053789
2021-05-13,27.166640318372227
2021-05-14,27.296371378944805
2021-05-17,26.191243057295072
2021-05-18,26.213258890192737
2021-05-19,26.480854091637212
2021-05-20,26.320541865284742
2021-05-21,26.770904433653882
2021-05-24,26.680820114928743
2021-05-25,26.689264030615217
2021-05-26,26.565117589263444
2021-05-27,26.57961373297634
2021-05-28,26.605427034054184
2021-05-31,26.625156360992154
2021-06-01,26.663679773961313
2021-06-02,26.54202417909938
2021-06-03,26.696699841730574
2021-06-04,26.37917463508928
2021-06-07,26.202318868897294
2021-06-08,26.921108194056703
2021-06-09,27.322649568372896
2021-06-10,26.766935393376308
2021-06-11,26.93708297794346
2021-06-14,26.95381371975988
2021-06-15,26.789909735937094
2021-06-16,27.2265798528066
2021-06-17,26.64906467490356
2021-06-18,26.78631372746393
2021-06-21,26.66348972799939
2021-06-22,26.870927614461916
2021-06-23,26.64534513757818
2021-06-24,27.02171355419511
2021-06-25,26.59737859517207
2021-06-28,26.650903778363507
2021-06-29,26.668992069221435
2021-06-30,26.683232417610597
2021-07-01,26.635660379382532
2021-07-02,26.699683502209126
2021-07-05,26.59275754791186
2021-07-06,26.787561899301572
2021-07-07,26.490763964039964
2021-07-08,26.219724811809293
2021-07-09,26.19797567327867
2021-07-12,26.124392674344513
2021-07-13,26.138512929810275
2021-07-14,26.11066136752627
2021-07-15,26.055985486626174
2021-07-16,26.043068118812325
2021-07-19,25.9818087049447
2021-07-20,26.026359525541466
2021-07-21,26.088678268051673
2021-07-22,26.14324620257604
2021-07-23,26.162222104615022
2021-07-26,26.20158004763845
2021-07-27,26.12531457680143
2021-07-28,26.02912560746553
2021-07-29,26.026498910205742
2021-07-30,26.07744571624188
2021-08-02,26.052181714654978
2021-08-03,26.02769271206707
2021-08-04,26.029981611847305
2021-08-05,26.074748045241524
2021-08-06,26.086997015280076
2021-08-09,26.082494798516176
2021-08-10,26.010829932550145
2021-08-11,25.93912524281845
2021-08-12,25.965274591853586
2021-08-13,25.88402658891285
2021-08-16,26.323123267619344
2021-08-17,26.40374837166757
2021-08-18,26.76060030953658
2021-08-19,26.327442986944835
2021-08-20,26.196046485767162
2021-08-23,26.398679179566475
2021-08-24,26.389041408966364
2021-08-25,26.627962603364065
2021-08-26,26.9758634547522
2021-08-27,26.88056157837336
2021-08-30,26.695095569897116
2021-08-31,26.629073649401416
2021-09-01,27.017945153936903
2021-09-02,26.969091906249428
2021-09-03,27.52622066468078
2021-09-06,27.555285583766878
2021-09-07,27.10318007893252
2021-09-08,27.60762185899398
2021-09-09,27.53787150374956
2021-09-10,26.84806695697413
2021-09-13,26.96477669136075
2021-09-14,26.69941389214879
2021-09-15,27.057134061990133
2021-09-16,27.817617669886666
2021-09-17,27.47187869075603
2021-09-20,27.38726180283092
2021-09-21,27.370537899947337
2021-09-22,27.270441601452447
2021-09-23,27.7257755109963
2021-09-24,27.302124493876562
2021-09-27,26.80541867488821
2021-09-28,26.973407797443105
2021-09-29,27.356752149083587
2021-09-30,27.44752896356434
2021-10-01,27.458434447336163
2021-10-04,27.472125485908023
2021-10-05,27.51459343558177
2021-10-06,27.514913368980974
2021-10-07,27.531345871254366
2021-10-08,28.999536873795826
2021-10-11,29.20358175598781
2021-10-12,29.565288869523613
2021-10-13,29.245562316057388
2021-10-14,29.08760734435228
2021-10-15,28.792086326902034
2021-10-18,28.716351194207604
2021-10-19,28.36149726874436
2021-10-20,28.283932257659036
2021-10-21,28.163232645758182
2021-10-22,28.219613739770352
2021-10-25,28.231910335326795
2021-10-26,28.192981864750042
2021-10-27,28.097938246339385
2021-10-28,28.10711895510899
2021-10-29,28.207234077972018
2021-11-01,28.176562808484313
2021-11-02,28.21725225217143
2021-11-03,28.152700077230737
2021-11-04,28.18810310088318
2021-11-05,28.17541519588265
2021-11-08,28.126392310020368
2021-11-09,28.122852443728952
2021-11-10,28.385647684092547
2021-11-11,28.47153567747953
2021-11-12,28.50420395999952
2021-11-15,29.398828457224067
2021-11-16,29.519731076336473
2021-11-17,29.553560945838676
2021-11-18,29.068735297162515
2021-11-19,29.12242346492382
2021-11-22,29.04345189595078
2021-11-23,29.045720345325158
2021-11-24,29.037174578428182
2021-11-25,29.033382948546873
2021-11-26,28.93358646815279
2021-11-29,28.91009474084655
2021-11-30,28.88833849783569
2021-12-01,28.829160210397255
2021-12-02,28.659486835012768
2021-12-03,28.483193146119866
2021-12-06,28.239348807454007
2021-12-07,28.801898719366235
2021-12-08,28.307183788073555
2021-12-09,28.27511653298326
2021-12-10,28.882788615889893
2021-12-13,28.549517177921736
2021-12-14,29.086462615636705
2021-12-15,29.61380671474906
2021-12-16,29.858793200748153
2021-12-17,30.310266021585186
2021-12-20,31.210327176746002
2021-12-21,31.94434563186067
2021-12-22,31.330969563145896
2021-12-23,30.506776640616977
2021-12-24,30.234860415326374
2021-12-27,31.062116566877027
2021-12-28,30.995431567012133
2021-12-29,31.452595014397687
2021-12-30,31.51258343164361
2021-12-31,31.17054709144842
2022-01-03,31.18678108149502
2022-01-04,32.748472550612405
2022-01-05,33.350403816077964
2022-01-06,33.63099272911734
2022-01-07,33.48986221231634
2022-01-10,33.87862285161277
2022-01-11,34.62691019660921
2022-01-12,34.88154703189503
2022-01-13,35.431772872288676
2022-01-14,34.415133704057716
2022-01-17,34.606181114457826
2022-01-18,33.757969822217994
2022-01-19,34.98464952944685
2022-01-20,34.83700150563968
2022-01-21,35.33884231696116
2022-01-24,34.57105875011539
2022-01-25,34.188559445450835
2022-01-26,34.562159979981665
2022-01-27,34.11967243028776
2022-01-28,35.18215601887333
2022-01-31,35.187833764496254
2022-02-01,35.19890743171242
2022-02-02,35.19657916321758
2022-02-03,35.201109878198956
2022-02-04,35.260943269076265
2022-02-07,35.43712392356044
2022-02-08,36.28352991048666
2022-02-09,35.96256540861763
2022-02-10,36.04567059992153
2022-02-11,35.79061453232409
2022-02-14,36.5385359884245
2022-02-15,36.00496666153266
2022-02-16,36.7306857125483
2022-02-17,36.533425117815675
2022-02-18,36.695844461728875
2022-02-21,36.93883692664822
2022-02-22,36.84387423068759
2022-02-23,36.49711933074921
2022-02-24,36.51530556091636
2022-02-25,36.77695738535032
2022-02-28,36.40153661769255
2022-03-01,37.124470253584164
2022-03-02,37.938420387030064
2022-03-03,38.34104335900531
2022-03-04,38.40430287787473
2022-03-07,39.163887373126755
2022-03-08,38.772906226398845
2022-03-09,38.29817591521469
2022-03-10,38.627145138841215
2022-03-11,38.76940499322227
2022-03-14,38.4136674028926
2022-03-15,38.0876854614463
2022-03-16,38.75388152394707
2022-03-17,38.18567031210863
2022-03-18,39.104505221296776
2022-03-21,39.60746499762544
2022-03-22,40.213055035572935
2022-03-23,39.93444356191463
2022-03-24,39.25403610431761
2022-03-25,40.51317230352882
2022-03-28,40.61485728978923
2022-03-29,39.95248179083824
2022-03-30,39.19493693101381
2022-03-31,40.21696541160622
2022-04-01,39.58096953791122
2022-04-04,39.62907353112379
2022-04-05,39.62490466061236
2022-04-06,41.11463972778574
2022-04-07,40.668873054755
2022-04-08,40.53292795356762
2022-04-11,41.1740106752189
2022-04-12,42.08163495228416
2022-04-13,42.3798808366551
2022-04-14,42.005469912515544
2022-04-15,40.8950629829151
2022-04-18,41.16070925943782
2022-04-19,41.348040737797874
2022-04-20,42.08187834202528
2022-04-21,42.07447513590035
2022-04-22,42.72856008418188
2022-04-25,41.91243308162988
2022-04-26,40.74005701975519
2022-04-27,38.65050075710744
2022-04-28,38.735346962208354
2022-04-29,38.658787094776606
2022-05-02,38.72969919233778
2022-05-03,38.72586727270425
2022-05-04,38.72586727270425
2022-05-05,38.69623258023605
2022-05-06,38.67137594981025
2022-05-09,38.642474151847495
2022-05-10,38.62761481112599
2022-05-11,38.637360312604706
2022-05-12,38.62137385339247
2022-05-13,38.60661611175992
2022-05-16,38.58721588712545
2022-05-17,38.591501025938825
2022-05-18,38.42968421869762
2022-05-19,38.89996339992613
2022-05-20,38.6756825617954
2022-05-23,38.99444455888364
2022-05-24,38.3925633956126
2022-05-25,38.99665918284086
2022-05-26,38.83988212617838
2022-05-27,38.63232612695341
2022-05-30,38.426017315623575
2022-05-31,38.289929342044694
2022-06-01,38.70364600628572
2022-06-02,39.31331814116509
2022-06-03,39.35522609262288
2022-06-06,39.45854693589173
2022-06-07,38.63933299490473
2022-06-08,38.664057492934305
2022-06-09,38.625491007818816
2022-06-10,38.69235784414848
2022-06-13,38.737865874678086
2022-06-14,38.70066658010262
2022-06-15,38.671415170292484
2022-06-16,38.71310845376675
2022-06-17,38.7654580720278
2022-06-20,38.874606504425806
2022-06-21,38.85782219257909
2022-06-22,38.7730910476344
2022-06-23,38.846621501968364
2022-06-24,38.961311872443375
2022-06-27,38.95586891278427
2022-06-28,38.96569974670099
2022-06-29,38.83480467113259
2022-06-30,38.80833314697145
2022-07-01,38.75316554118856
2022-07-04,38.8345745306239
2022-07-05,38.71626228703791
2022-07-06,38.680460489796
2022-07-07,38.841713948614874
2022-07-08,38.82482273044035
2022-07-11,38.74557477680537
2022-07-12,38.606582161571794
2022-07-13,39.26724795392476
2022-07-14,39.0169403539863
2022-07-15,38.85149271847056
2022-07-18,39.918607128570564
2022-07-19,40.31249822007307
2022-07-20,40.07211099963749
2022-07-21,40.210939706976475
2022-07-22,41.08865205262255
2022-07-25,41.78691977338685
2022-07-26,41.79936579940005
2022-07-27,41.601646340125704
2022-07-28,41.77884559819465
2022-07-29,42.2019282997064
2022-08-01,42.19498344985538
2022-08-02,41.057423217952504
2022-08-03,41.93487111637414
2022-08-04,42.87189925148541
2022-08-05,42.26094738961501
2022-08-08,42.631214332753316
2022-08-09,43.33475920850369
2022-08-10,43.8663418331228
2022-08-11,43.777413572805514
2022-08-12,44.13831734256984
2022-08-15,43.88329344480734
2022-08-16,44.24672173519572
2022-08-17,44.27316065119436
2022-08-18,44.22936901305093
2022-08-19,44.34726568616872
2022-08-22,44.2890136163381
2022-08-23,44.333003524295066
2022-08-24,44.79847709595048
2022-08-25,44.768886011079346
2022-08-26,44.56237249428889
2022-08-29,44.585983321074465
2022-08-30,45.37062897961169
2022-08-31,45.694472943263385
2022-09-01,46.21644076870774
2022-09-02,47.391364513949405
2022-09-05,48.00559115135035
2022-09-06,47.09770262482283
2022-09-07,46.57805730937909
2022-09-08,46.46657154324949
2022-09-09,45.80162140101931
2022-09-12,45.79945955317495
2022-09-13,46.73951297985374
2022-09-14,47.10447847306212
2022-09-15,47.43648991823467
2022-09-16,47.18505504818657
2022-09-19,47.214147632291166
2022-09-20,47.205795732938896
2022-09-21,47.223465992412315
2022-09-22,47.22380740142194
2022-09-23,47.264083607908276
2022-09-26,47.24349878669971
2022-09-27,47.22844977028724
2022-09-28,47.6703959006091
2022-09-29,46.54870224427414
2022-09-30,46.77873018863906
2022-10-03,46.77249352921147
2022-10-04,46.75864489656094
2022-10-05,46.794213537261015
2022-10-06,46.82406195987065
2022-10-07,46.84505633396384
2022-10-10,46.97313406537175
2022-10-11,46.70317634530289
2022-10-12,47.004120253725404
2022-10-13,47.75955168897415
2022-10-14,47.50337437216828
2022-10-17,48.91116173293544
2022-10-18,48.64477509536821
2022-10-19,48.66797493605054
2022-10-20,48.98168597222779
2022-10-21,49.63281759222538
2022-10-24,48.752047375253916
2022-10-25,48.017753802994996
2022-10-26,49.05862535019772
2022-10-27,49.68865030841227
2022-10-28,48.50078521843608
2022-10-31,49.417361468221046
2022-11-01,43.96526788746853
2022-11-02,44.01834651597023
2022-11-03,44.07561916565854
2022-11-04,44.114563433247405
2022-11-07,44.101719826123336
2022-11-08,44.07182212835252
2022-11-09,44.04582927311537
2022-11-10,43.939551773343055
2022-11-11,43.93090492565713
2022-11-14,43.89129886816303
2022-11-15,43.98406684839805
2022-11-16,43.833641653569074
2022-11-17,44.18771219081975
2022-11-18,44.28756006313482
2022-11-21,44.02815706596716
2022-11-22,44.18254746698134
2022-11-23,43.648659006011066
2022-11-24,43.80255256507374
2022-11-25,43.84846719387188
2022-11-28,43.72210010642097
2022-11-29,43.709581647208644
2022-11-30,43.28331558620998
2022-12-01,43.18251550521902
2022-12-02,44.102454326095426
2022-12-05,44.29184362402094
2022-12-06,43.87230634298788
2022-12-07,43.94171337999383
2022-12-08,43.94040069197402
2022-12-09,43.70554091924966
2022-12-12,43.73834750922963
2022-12-13,44.0905973436078
2022-12-14,44.12032877837225
2022-12-15,44.323201140038236
2022-12-16,43.80195237524836
2022-12-19,42.892021106926855
2022-12-20,42.803050242885355
2022-12-21,42.6660542586893
2022-12-22,42.347432058365534
2022-12-23,42.70626120164224
2022-12-26,42.506229553311954
2022-12-27,42.34019447245757
2022-12-28,42.168566426396545
2022-12-29,42.15788233819622
2022-12-30,42.170543732616814
2023-01-03,42.124171770739004
2023-01-04,41.969288601878446
2023-01-05,41.79297983126608
2023-01-06,41.633226928734004
2023-01-09,41.6459638687144
2023-01-10,41.67851160108836
2023-01-11,41.666508687710156
2023-01-12,41.69719751280751
2023-01-13,41.75854671335053
2023-01-16,41.81558562506269
2023-01-17,41.81817792898699
2023-01-18,41.79890805605099
2023-01-19,41.83543016546788
2023-01-20,41.833836286466436
2023-01-23,41.8372086628911
2023-01-24,41.84033985759744
2023-01-25,41.84576180015385
2023-01-26,41.83625237391729
2023-01-27,41.83254276853575
2023-01-30,41.68551838443993
2023-01-31,41.74435231569981
2023-02-01,42.21188417048707
2023-02-02,42.17892979695812
2023-02-03,42.30459040140214
2023-02-06,42.90172211359635
2023-02-07,43.20586915666802
2023-02-08,43.18605438460224
2023-02-09,43.00902422197202
2023-02-10,43.55208289433592
2023-02-13,43.52062969180869
2023-02-14,43.5032482044671
2023-02-15,44.03152404992421
2023-02-16,43.24460248299625
2023-02-17,43.82952522723359
2023-02-20,43.36304053668341
2023-02-21,43.18819938981764
2023-02-22,43.19381273566501
2023-02-23,43.17153134055223
2023-02-24,43.16650765528924
2023-02-27,42.82574136659217
2023-02-28,43.259008943803686
2023-03-01,43.79571337923066
2023-03-02,44.141508403101795
2023-03-03,44.05260460664677
2023-03-06,43.80876823108013
2023-03-07,43.72642879720482
2023-03-08,44.584068918837005
2023-03-09,45.54549050077885
2023-03-10,45.52577984102269
2023-03-13,44.98698546071969
2023-03-14,44.54649686348851
2023-03-15,45.259778747980135
2023-03-16,45.181012683263695
2023-03-17,45.17434273242823
2023-03-20,44.89730460266984
2023-03-21,45.617805607345474
2023-03-22,46.039800464850885
2023-03-23,45.57451467930662
2023-03-24,45.81742719952967
2023-03-27,45.50634022477276
2023-03-28,45.36577403217019
2023-03-29,44.74178587728211
2023-03-30,43.794826024355984
2023-03-31,43.81148685319484
2023-04-03,43.83974151507801
2023-04-04,43.86924682738509
2023-04-05,43.866530085854144
2023-04-06,43.84420448906178
2023-04-07,43.859540230767905
2023-04-10,43.88266845129485
2023-04-11,43.888230715879445
2023-04-12,43.85783949393048
2023-04-13,43.85704944874062
2023-04-14,43.84753724554325
2023-04-17,43.84376766822742
2023-04-18,43.86641344410824
2023-04-19,43.81883831051072
2023-04-20,43.785261425852745
2023-04-21,43.76693711503327
2023-04-24,43.70350931049399
2023-04-25,43.77752062995084
2023-04-26,43.56698765215011
2023-04-27,44.2712998291622
2023-04-28,45.47301396722567
2023-05-01,45.4512427546124
2023-05-02,45.45491708143134
2023-05-03,45.467404527668364
2023-05-04,46.503928345288
2023-05-05,46.94391125341413
2023-05-08,46.45006548618277
2023-05-09,45.851563700402906
2023-05-10,46.23167601200436
2023-05-11,47.155577580015574
2023-05-12,47.28835883354221
2023-05-15,47.49428259354049
2023-05-16,47.62829401435366
2023-05-17,48.82016137636562
2023-05-18,49.13930725562027
2023-05-19,49.06477630020463
2023-05-22,49.72399764964665
2023-05-23,50.35971256087755
2023-05-24,50.83567951458738
2023-05-25,50.91834816725855
2023-05-26,50.08701025341183
2023-05-29,49.075585689032856
2023-05-30,48.90573635687932
2023-05-31,48.888931774231864
2023-06-01,48.92763183384983
2023-06-02,48.9344371678049
2023-06-05,48.927139614776735
2023-06-06,48.899617068613885
2023-06-07,48.832258828206456
2023-06-08,48.817539743044065
2023-06-09,48.59242637627014
2023-06-12,48.62002496686197
2023-06-13,48.388604154424314
2023-06-14,48.23984209578049
2023-06-15,47.235354577555306
2023-06-16,46.97325129887385
2023-06-19,46.75358483750086
2023-06-20,46.73668618842391
2023-06-21,46.72700220726151
2023-06-22,46.7281865708901
2023-06-23,46.697575402041934
2023-06-26,46.66711688091751
2023-06-27,46.68808990939828
2023-06-28,46.44357561134719
2023-06-29,47.42533446327294
2023-06-30,48.25120570795267
2023-07-03,48.930580354205944
2023-07-04,49.40176340913894
2023-07-05,49.81525079508225
2023-07-06,50.00308017551199
2023-07-07,50.20199347746988
2023-07-10,50.09936266630261
2023-07-11,50.33540636294489
2023-07-12,50.48998687051561
2023-07-13,50.13070556647714
2023-07-14,50.40712799236175
2023-07-17,51.319641072537976
2023-07-18,51.84783073060577
2023-07-19,52.095074942733774
2023-07-20,52.109881478411396
2023-07-21,51.8437487749591
2023-07-24,52.27824899931656
2023-07-25,52.716134995048094
2023-07-26,53.799603227864345
2023-07-27,54.34347436802214
2023-07-28,54.000826712050426
2023-07-31,54.14978353949852
2023-08-01,53.82929747402331
2023-08-02,54.09129253758915
2023-08-03,53.55468327310391
2023-08-04,52.44816162508923
2023-08-07,52.5349201864356
2023-08-08,53.20215544196097
2023-08-09,52.8372670072225
2023-08-10,53.66216683554203
2023-08-11,53.78487124518996
2023-08-14,53.81822817515889
2023-08-15,54.56987482039949
2023-08-16,55.073167033193386
2023-08-17,56.031156034867244
2023-08-18,58.14236112234842
2023-08-21,59.15942344123354
2023-08-22,57.427122389408694
2023-08-23,58.39968683263185
2023-08-24,57.01555915345785
2023-08-25,56.94731858717015
2023-08-28,57.432992116463254
2023-08-29,59.44891968184591
2023-08-30,60.177444959798905
2023-08-31,60.35451243304564
2023-09-01,60.45327053951804
2023-09-04,60.99871288786663
2023-09-05,60.77274263123561
2023-09-06,61.05792558991224
2023-09-07,61.28516376178637
2023-09-08,60.854778997091785
2023-09-11,60.27981038087438
2023-09-12,59.48484551542912
2023-09-13,59.9621815069433
2023-09-14,59.37555121497089
2023-09-15,58.94452163585877
2023-09-18,58.61970036960964
2023-09-19,58.24437280573088
2023-09-20,58.61582824551229
2023-09-21,58.689987573784414
2023-09-22,58.94591003934745
2023-09-25,58.75746983819487
2023-09-26,59.19336142167394
2023-09-27,59.45096415324211
2023-09-28,60.18381253946754
2023-09-29,60.175368056593086
2023-10-02,60.20946127140503
2023-10-03,60.16667911844684
2023-10-04,60.19485544162118
2023-10-05,60.172994871418815
2023-10-06,60.209748418278465
2023-10-09,59.839607714214885
2023-10-10,59.77027755911966
2023-10-11,59.44987237972304
2023-10-12,59.435619652950365
2023-10-13,59.11754474329584
2023-10-16,59.158588989166184
2023-10-17,59.13106690586405
2023-10-18,59.061328622507446
2023-10-19,59.09608395129354
2023-10-20,58.77890816097856
2023-10-23,58.51716173846319
2023-10-24,61.292942756955554
2023-10-25,62.87498182485284
2023-10-26,61.99084251895589
2023-10-27,61.73038932895668
2023-10-30,61.62052582664814
2023-10-31,62.285765223272065
2023-11-01,63.606355059572834
2023-11-02,64.40833624397507
2023-11-03,63.78200723108424
2023-11-06,63.45050631989554
2023-11-07,63.67006604973949
2023-11-08,63.34617598744073
2023-11-09,63.328309673239325
2023-11-10,63.39005852949094
2023-11-13,64.0348545167556
2023-11-14,63.234132586941755
2023-11-15,63.23869346256351
2023-11-16,63.52754179806514
2023-11-17,63.30970044404569
2023-11-20,63.376551556652146
2023-11-21,62.957539136003334
2023-11-22,63.43501403810816
2023-11-23,63.137216196013185
2023-11-24,63.06190271037335
2023-11-27,63.133497546239795
2023-11-28,64.27500162139998
2023-11-29,64.30856881391983
2023-11-30,64.36453258011329
2023-12-01,64.06037684118103
2023-12-04,65.28912444052585
2023-12-05,66.21169203245617
2023-12-06,66.64023173786553
2023-12-07,65.87112891833837
2023-12-08,65.49164064724084
2023-12-11,65.47588571177243
2023-12-12,65.47877206570958
2023-12-13,65.58964167371487
2023-12-14,66.08282730026801
2023-12-15,67.1311414979864
2023-12-18,66.92852179584482
2023-12-19,67.73366290389076
2023-12-20,69.4376716155708
2023-12-21,69.55288493463212
2023-12-22,68.11561498228923
2023-12-25,66.73536647312592
2023-12-26,66.64574823163093
2023-12-27,67.18374082720152
2023-12-28,67.80132829917176
2023-12-29,68.81675361057805
2024-01-02,71.43897419975958
2024-01-03,71.1719092631612
2024-01-04,72.22175224549297
2024-01-05,72.31578265898092
2024-01-08,72.49117162372882
2024-01-09,73.79797121457774
2024-01-10,73.29435707057824
2024-01-11,72.73571627046088
2024-01-12,72.3516841940003
2024-01-15,72.3474803826212
2024-01-16,71.79654424106097
2024-01-17,71.826879791603
2024-01-18,71.47709823472427
2024-01-19,71.23080026278748
2024-01-22,71.39989687463245
2024-01-23,71.34451773719239
2024-01-24,71.38282106696711
2024-01-25,71.3643886430518
2024-01-26,71.40782102392279
2024-01-29,71.51961623476173
2024-01-30,71.53881176430852
2024-01-31,71.54788530973744
2024-02-01,71.61319682406254
2024-02-02,71.78353147508065
2024-02-05,71.95183928822152
2024-02-06,71.96154122095207
2024-02-07,72.00762031726086
2024-02-08,72.03198945362966
2024-02-09,72.00409803458595
2024-02-12,72.03423806831448
2024-02-13,71.9569812529546
2024-02-14,72.03718456328919
2024-02-15,72.05294762695206
2024-02-16,71.89030368276859
2024-02-19,71.89014799323182
2024-02-20,71.87790969558525
2024-02-21,71.87032174170925
2024-02-22,71.95777002882575
2024-02-23,71.93579275413099
2024-02-26,71.9541740614317
2024-02-27,71.98717004297905
2024-02-28,71.9063667625135
2024-02-29,71.93626844430781
2024-03-01,72.58231453503768
2024-03-04,71.20610632416563
2024-03-05,70.67635224560226
2024-03-06,74.053546030182
2024-03-07,76.15709536456787
2024-03-08,75.58235105930487
2024-03-11,76.20511411013577
2024-03-12,76.27828060535427
2024-03-13,76.31621945135406
2024-03-14,75.87836724515122
2024-03-15,77.68017232745329
2024-03-18,80.57942764440322
2024-03-19,80.69407968976569
2024-03-20,82.54635079739984
2024-03-21,82.91273436274774
2024-03-22,81.60761153871115
2024-03-25,80.503811984474
2024-03-26,80.70750025190748
2024-03-27,80.08935128436401
2024-03-28,81.32975231303841
2024-03-29,82.66083752429209
2024-04-01,83.728306636462
2024-04-02,85.49660600551628
2024-04-03,84.93601243571361
2024-04-04,84.89413189100976
2024-04-05,84.94603665485606
2024-04-08,84.60042878308182
2024-04-09,84.56297707814593
2024-04-10,84.1989465895429
2024-04-11,84.32474783141467
2024-04-12,84.22756946575525
2024-04-15,84.07223634165476
2024-04-16,84.09474064265682
2024-04-17,84.01511165593647
2024-04-18,84.05172713797049
2024-04-19,84.11687528442646
2024-04-22,84.05466352940056
2024-04-23,84.02080475052803
2024-04-24,84.02461861687658
2024-04-25,84.03816738421291
2024-04-26,84.02289994973052
2024-04-29,83.91290034591103
2024-04-30,83.39885244815707
2024-05-01,83.37855042081625
2024-05-02,83.43729508807947
2024-05-03,83.47465947027676
2024-05-06,84.98669106071206
2024-05-07,86.27062430903894
2024-05-08,85.62931790013128
2024-05-09,86.12874191351015
2024-05-10,83.96770826082356
2024-05-13,83.52053094413856
2024-05-14,83.58094745324173
2024-05-15,83.66802691954922
2024-05-16,86.0944292281591
2024-05-17,87.2911509271418
2024-05-20,86.01092459720832
2024-05-21,84.84921717772744
2024-05-22,85.26213212388838
2024-05-23,84.06246811067969
2024-05-24,84.26632281524054
2024-05-27,83.0127832915927
2024-05-28,82.13688250348325
2024-05-29,83.2566595233246
2024-05-30,81.39187088773632
2024-05-31,81.62400343399574
2024-06-03,81.74397509399164
2024-06-04,81.7473430116945
2024-06-05,81.88718342107958
2024-06-06,81.98685668797356
2024-06-07,81.84124640202693
2024-06-10,81.88178872497994
2024-06-11,81.797508313329
2024-06-12,81.84090054255533
2024-06-13,81.83996751211774
2024-06-14,81.889128501308
2024-06-17,81.93706662052976
2024-06-18,81.88712854991718
2024-06-19,81.46482592459381
2024-06-20,81.32067072328087
2024-06-21,80.6424737290731
2024-06-24,77.77709487231847
2024-06-25,79.79570540314091
2024-06-26,81.58486047943464
2024-06-27,82.75852289511076
2024-06-28,81.92649990578369
2024-07-01,81.6977678788143
2024-07-02,85.3051380136853
2024-07-03,86.45852627720792
2024-07-04,82.8756656811748
2024-07-05,85.36912901161891
2024-07-08,83.25992639681327
2024-07-09,82.00820097440347
2024-07-10,81.67378621983498
2024-07-11,81.5691740566026
2024-07-12,81.6431608260655
2024-07-15,81.76760641649147
2024-07-16,81.80667100715931
2024-07-17,81.39837749208218
2024-07-18,81.3448398102147
2024-07-19,81.31623465288483
2024-07-22,81.36936990465179
2024-07-23,81.02891251496976
2024-07-24,80.11424880879873
2024-07-25,80.96227676038521
2024-07-26,81.17222208727631
2024-07-29,82.42186206067035
2024-07-30,83.74098625200695
2024-07-31,83.22270006435228
2024-08-01,84.74387539757691
2024-08-02,84.5818776319066
2024-08-05,85.17363821761576
2024-08-06,87.65974955204051
2024-08-07,87.73766955474382
2024-08-08,88.86578204112189
2024-08-09,88.52918455065152
2024-08-12,88.74073487911
2024-08-13,89.79970401450605
2024-08-14,91.07216895134052
2024-08-15,90.34157370648862
2024-08-16,89.65374523812672
2024-08-19,89.02432007201831
2024-08-20,88.6488186061418
2024-08-21,88.24730627338472
2024-08-22,88.12761050978074
2024-08-23,87.81658704566348
2024-08-26,87.3423162072325
2024-08-27,87.64923594506122
2024-08-28,89.63932158474152
2024-08-29,89.62328272239195
2024-08-30,90.71973780534242
2024-09-02,91.3558783821749
2024-09-03,91.5717492516373
2024-09-04,88.85729991910429
2024-09-05,90.23796093583752
2024-09-06,89.68299672268243
2024-09-09,91.62685548634869
2024-09-10,93.67948214380054
2024-09-11,92.317114147273
2024-09-12,92.9002092993851
2024-09-13,92.5373443564558
2024-09-16,92.50407890166755
2024-09-17,92.51221332361101
2024-09-18,91.96593254358358
2024-09-19,92.10712091993203
2024-09-20,92.11961768754549
2024-09-23,92.27779463754996
2024-09-24,92.37585945713025
2024-09-25,93.51418341308779
2024-09-26,92.91270229773876
2024-09-27,92.5254959869195
2024-09-30,92.87612345116858
2024-10-01,92.8604894046924
2024-10-02,92.8428386399883
2024-10-03,92.85058531689846
2024-10-04,92.88623319386753
2024-10-07,92.85603658718567
2024-10-08,93.47483509011549
2024-10-09,93.45844201228991
2024-10-10,93.4666656148579
2024-10-11,93.52461734842294
2024-10-14,93.59659197600291
2024-10-15,93.5645343106161
2024-10-16,92.97694928467193
2024-10-17,91.99210530247021
2024-10-18,91.9675939519989
2024-10-21,91.80352791369266
2024-10-22,93.71117993902948
2024-10-23,94.3586998158685
2024-10-24,96.03542236731778
2024-10-25,98.68567800235179
2024-10-28,104.18073836029707
2024-10-29,103.29185587116159
2024-10-30,102.1354042175474
2024-10-31,104.9071994401224
2024-11-01,101.69310241029302
2024-11-04,101.61830007735065
2024-11-05,101.13347915624045
2024-11-06,102.86703526703604
2024-11-07,105.31965596330325
2024-11-08,105.38181742848587
2024-11-11,107.65025702364143
2024-11-12,109.38046697703933
2024-11-13,110.42111619090387
2024-11-14,109.82263990227936
2024-11-15,109.82673635522619
2024-11-18,107.59675429633823
2024-11-19,106.9882758564847
2024-11-20,109.49000915073145
2024-11-21,110.65001820912765
2024-11-22,109.29326103945537
2024-11-25,113.65812764233569
2024-11-26,114.0290993816943
2024-11-27,112.56971437809521
2024-11-28,115.34217030015785
2024-11-29,115.14173205116111
2024-12-02,116.153132842205
2024-12-03,117.15432564739613
2024-12-04,117.09529251035231
2024-12-05,118.6156779669673
2024-12-06,119.01281522151288
2024-12-09,121.3993407324811
2024-12-10,120.26044679120987
2024-12-11,121.10053853114928
2024-12-12,124.86596823780688
2024-12-13,124.91327088774132
2024-12-16,128.39608813772767
2024-12-17,118.411002564287
2024-12-18,117.61877660639459
2024-12-19,117.54253230028672
2024-12-20,117.60172040561719
2024-12-23,117.21643558239435
2024-12-24,117.31406478423774
2024-12-25,117.33356606764772
2024-12-26,117.30254808793916
2024-12-27,117.25170852001274
2024-12-30,117.21416106628044
2024-12-31,117.2656185858417
2025-01-02,117.36193146242873
2025-01-03,117.45448445967224
2025-01-06,117.51966906411455
2025-01-07,117.40850928613077
2025-01-08,117.42756863117602
2025-01-09,117.0360122782843
2025-01-10,115.33749364245932
2025-01-13,115.86423967842894
2025-01-14,118.57019649081658
2025-01-15,119.32926562211269
2025-01-16,119.4103690707303
2025-01-17,119.09012584535019
2025-01-20,120.96334774454829
2025-01-21,119.04967290342384
2025-01-22,118.6235129787768
2025-01-23,120.5658067043321
2025-01-24,120.83208904377715
2025-01-27,124.24653083316103
2025-01-28,124.32517932121738
2025-01-29,124.32703610050739
2025-01-30,124.41393916208837
2025-01-31,124.38448170874673
2025-02-03,124.38444841056419
2025-02-04,124.43717109394741
2025-02-05,129.0672206258881
2025-02-06,127.16915952718135
2025-02-07,126.5908116805293
2025-02-10,129.20163035721095
2025-02-11,130.14287754677173
2025-02-12,128.96143286432195
2025-02-13,127.29712155246891
2025-02-14,127.39861649764649
2025-02-17,131.75104098256085
2025-02-18,129.39162383052425
2025-02-19,130.73579082169752
2025-02-20,131.17546183040707
2025-02-21,127.03654256189253
2025-02-24,126.49565347595194
2025-02-25,125.76979629634023
2025-02-26,125.30320906535356
2025-02-27,125.06893995626183
2025-02-28,124.16594928213674
2025-03-03,126.12427114860343
2025-03-04,127.90170895861874
2025-03-05,127.36164784150617
2025-03-06,127.3158810877581
2025-03-07,127.28246690952915
2025-03-10,129.21129744264613
2025-03-11,129.7673910525551
2025-03-12,130.8403404280141
2025-03-13,131.49063630454245
2025-03-14,133.05415473138956
2025-03-17,134.45044251998254
2025-03-18,136.0430695099082
2025-03-19,134.82607198243048
2025-03-20,135.94071437142614
2025-03-21,135.9382192906112
2025-03-24,135.3215774066595
2025-03-25,135.3654405683565
2025-03-26,140.1967746357906
2025-03-27,137.95272357766842
2025-03-28,135.44170270202912
2025-03-31,134.27200606068396
2025-04-01,134.2744564429186
2025-04-02,134.29223615751283
2025-04-03,133.67904236357788
2025-04-04,133.67191164115388
2025-04-07,125.51403106147457
2025-04-08,125.5654720304044
2025-04-09,125.09925097144753
2025-04-10,128.11941233464088
2025-04-11,127.00912705937125
2025-04-14,128.36832191218164
2025-04-15,130.44969221475333
2025-04-16,129.85384548943327
2025-04-17,132.0008529007436
2025-04-18,131.90668732732257
2025-04-21,130.94144860640375
2025-04-22,131.8280701887998
2025-04-23,132.77198905295063
2025-04-24,132.97954943398724
2025-04-25,132.79317973457933
2025-04-28,133.60982946046914
2025-04-29,138.38101733387333
2025-04-30,141.6190111347904
2025-05-01,141.5895449643698
2025-05-02,141.612162545851
2025-05-05,141.6688274979108
2025-05-06,145.72924991011212
2025-05-07,148.0445392958171
2025-05-08,150.36004790506718
2025-05-09,151.0271720921042
2025-05-12,150.11353750293156
2025-05-13,149.7719899521999
2025-05-14,148.11293704933584
2025-05-15,154.18570827206938
2025-05-16,155.02523195479034
2025-05-19,158.3459249028385
2025-05-20,162.3140414072228
2025-05-21,160.18524779503397
2025-05-22,158.14079865518246
2025-05-23,158.18261057765136
2025-05-26,160.10586036620603
2025-05-27,162.6148672842471
2025-05-28,162.03115146260038
2025-05-29,164.10006896506223
2025-05-30,163.45862370662854
2025-06-02,163.55255370685722
2025-06-03,165.5449944935042
2025-06-04,164.66309004754342
2025-06-05,164.62714436659826
2025-06-06,168.14953849752638
2025-06-09,169.5976540805329
2025-06-10,168.31447544403812
2025-06-11,168.95166003193685
2025-06-12,169.1383435224604
2025-06-13,166.64025719708494
2025-06-16,169.72917771015216
2025-06-17,169.6493098078074
2025-06-18,168.8024047051677
2025-06-19,163.533975431953
2025-06-20,164.52581807104983
2025-06-23,169.96316480721455
2025-06-24,175.45108038397095
2025-06-25,173.54278419627767
2025-06-26,176.74880043936193
2025-06-27,178.7699336477894
2025-06-30,181.5224483172334
2025-07-01,183.0863005590892
2025-07-02,186.5181627528171
2025-07-03,186.92891409476377
2025-07-04,183.57418086049984
2025-07-07,187.97810997316782
2025-07-08,186.32171119558075
2025-07-09,187.57386911924044
2025-07-10,187.27095895466817
2025-07-11,183.77462172809348
2025-07-14,188.07384679367635
2025-07-15,183.86321185843954
2025-07-16,186.7824758317793
2025-07-17,184.4038097505061
2025-07-18,184.39810490641355
2025-07-21,183.5635683650903
2025-07-22,182.6293947419552
2025-07-23,183.34988758570415
2025-07-24,184.99427113651217
2025-07-25,186.31466145831124
2025-07-28,188.4221274351999
2025-07-29,185.0392969768763
2025-07-30,186.31902439812418
2025-07-31,183.2292807888064
2025-08-01,190.05042131218468
2025-08-04,192.2676957002945
2025-08-05,195.23498727433844
2025-08-06,194.25976608896733
2025-08-07,194.58344716950532
2025-08-08,198.95926485332885
2025-08-11,201.15435437729255
2025-08-12,199.22721352140678
2025-08-13,192.21677242452358
2025-08-14,182.86329435453862
2025-08-15,183.062959121243
2025-08-18,183.22214040787978
2025-08-19,183.13430949922238
2025-08-20,183.19642048578024
2025-08-21,183.05168713905107
2025-08-22,183.5260398899343
2025-08-25,183.71343544045368
2025-08-26,183.69671735667717
2025-08-27,183.70260245690838
2025-08-28,184.17972631601057
2025-08-29,184.42203791522417
2025-09-01,184.71256200954423
2025-09-02,184.80334333594496
2025-09-03,185.01559454336206
2025-09-04,184.90683801088508
2025-09-05,185.11936266806745
2025-09-08,185.12818307456743
2025-09-09,184.07873670055886
2025-09-10,183.15613689390847
2025-09-11,176.91038653161712
2025-09-12,173.86353253815577
2025-09-15,174.26861416754974
2025-09-16,176.0700915794596
2025-09-17,175.28622828497413
2025-09-18,175.2844820937106
2025-09-19,174.59158094596805
2025-09-22,174.67577239030544
2025-09-23,174.66856345661324
2025-09-24,174.66600893146986
2025-09-25,174.66056955868996
2025-09-26,174.6472009047964
2025-09-29,174.84602905155876
2025-09-30,174.88488845550364
2025-10-01,174.95265073454243
2025-10-02,174.99286427299242
2025-10-03,175.00217037016628
2025-10-06,175.15512562454228
2025-10-07,175.11130726167963
2025-10-08,175.2757717525552
2025-10-09,175.2064880174402
2025-10-10,174.94693100200362
2025-10-13,174.46587623096053
2025-10-14,178.01997008304238
2025-10-15,176.88468424297838
2025-10-16,175.75655717193692
2025-10-17,179.5260630566634
2025-10-20,184.425582034095
2025-10-21,187.87688135538542
2025-10-22,191.62493891855897
2025-10-23,193.2965575381037
2025-10-24,192.71183188345276
2025-10-27,191.02489570005622
2025-10-28,193.52883033238658
2025-10-29,184.36259133929437
2025-10-30,183.84058060845024
2025-10-31,188.68395504770328
2025-11-03,193.2243030911374
2025-11-04,199.102319927995
2025-11-05,202.14774836954365
2025-11-06,200.9953905865126
2025-11-07,200.82930146253798
2025-11-10,202.46944873462314
2025-11-11,205.8794800764954
2025-11-12,206.28231955340246
2025-11-13,204.44088124459694
2025-11-14,211.17966263684895
2025-11-17,212.07005059663197
2025-11-18,212.30188516862702
2025-11-19,203.94295732203014
2025-11-20,202.41568730318946
2025-11-21,194.40828791984111
2025-11-24,196.91996300617382
2025-11-25,199.21970647717256
2025-11-26,194.99973711012697
2025-11-27,195.01931614492509
2025-11-28,194.2637680171683
2025-12-01,191.13822412880322
2025-12-02,191.17043560367114
2025-12-03,191.21580489922243
2025-12-04,191.19011558044164
2025-12-05,191.21298959079476
2025-12-08,190.2919387572399
2025-12-09,189.40619142040367
2025-12-10,188.53551148935725
2025-12-11,188.51410954953653
2025-12-12,188.54105599184845
2025-12-15,188.36424843489527
2025-12-16,188.09696330172616
2025-12-17,188.46615554754305
2025-12-18,188.3619338916326
2025-12-19,188.4793256681835
2025-12-22,188.75382635982038
2025-12-23,188.89003662733774
2025-12-24,189.0739234533623
2025-12-25,189.19404571940794
2025-12-26,189.38018938510868
2025-12-29,188.12711944267016
2025-12-30,187.1491760416127
2025-12-31,187.08974185412723
2026-01-02,187.13726769473584
2026-01-05,186.85416889913816
2026-01-06,183.1100001599266
2026-01-07,183.17465405497666
2026-01-08,183.26109656925803
2026-01-09,183.72911744340468
2026-01-12,184.2144003767981
2026-01-13,183.96538432684738
2026-01-14,184.23898782280708
2026-01-15,184.25443760349413
2026-01-16,184.35851388258493
2026-01-19,183.71589007032057
2026-01-20,186.83581164827913
2026-01-21,189.31389899992834
2026-01-22,190.90007511926763
2026-01-23,188.28255983222593
2026-01-26,188.09289938180464
2026-01-27,187.06961677143627
2026-01-28,186.4776419199586
2026-01-29,185.94193495590355
2026-01-30,192.3792700559808
2026-02-02,197.82737910784513
2026-02-03,196.72347701700735
2026-02-04,199.50528072907014
2026-02-05,204.08420545868748
2026-02-06,207.02211406448038
2026-02-09,206.27494270773823
2026-02-10,206.36308224671234
2026-02-11,206.43814036869972
2026-02-12,199.10003931353188
2026-02-13,202.67109189087984
2026-02-17,202.5991028772168
2026-02-18,202.65568112056351
2026-02-19,202.64347077184556
2026-02-20,202.86142223215168
2026-02-23,202.83423202526245
2026-02-24,206.83394228352265
2026-02-25,205.91933617750695
2026-02-26,205.83912660038848
2026-02-27,205.9334282646779
2026-03-02,204.95256009086555
2026-03-03,204.7113550557729
2026-03-04,204.61508095035458
2026-03-05,204.34506378269953
2026-03-06,204.34610187207568
2026-03-09,204.33999258333213
2026-03-10,204.3052518316413
2026-03-11,204.44594961100677
2026-03-12,204.40812097521388
2026-03-13,204.36856571858002
2026-03-16,204.41426755203076
2026-03-17,204.5668231537838
2026-03-18,203.3452540833997
2026-03-19,198.66808936063512
2026-03-20,188.0913413860672
2026-03-23,181.49744909451806
2026-03-24,180.82549985701252
2026-03-25,183.40350499424693
2026-03-26,182.62825559223177
2026-03-27,183.66623392366307
2026-03-30,185.45398562104901
2026-03-31,185.48681655998655
2026-04-01,183.73923188217788
2026-04-02,180.28375807846805
2026-04-03,180.29459273337835
2026-04-06,180.323851942811
2026-04-07,179.6264272571011
2026-04-08,181.5023346149183
2026-04-09,175.10911779966486
2026-04-10,175.16455900477283
2026-04-13,175.25566625457222
2026-04-14,175.37574471433382
2026-04-15,175.32155500598702
2026-04-16,175.38418318149368
2026-04-17,175.52319634472437
2026-04-20,175.48404967590756
2026-04-21,175.4499817858567
2026-04-22,175.8977373192639
2026-04-23,175.73048645848843
2026-04-24,175.65976879013223
2026-04-27,175.5977876358965
2026-04-28,174.57922241017172
2026-04-29,178.01788750653162
2026-04-30,182.00649038542733
2026-05-01,182.03294913381373
2026-05-04,182.0044065695914
2026-05-05,182.11224789011715
2026-05-06,178.89777279971977
2026-05-07,176.3163939761563
2026-05-08,178.66304355660583
