date,return_with_volume_overlay,nav_with_volume_overlay,return_without_volume_overlay,nav_without_volume_overlay,with_holding,with_weight,with_base_weight,with_scale_raw,with_suba_volume_rule_on,with_suba_volume_rule_scale,with_suba_volume_zz2000_streak,with_suba_volume_cyb_streak,without_holding,without_weight,without_base_weight,without_scale_raw
2010-09-29,0.0001211499702025165,1.0001211499702025,0.0001211499702025165,1.0001211499702025,cash,0.0,0.0,,True,0.0,,7.0,cash,0.0,0.0,
2010-09-30,0.0001211499702025165,1.0002423146177204,0.0001211499702025165,1.0002423146177204,cash,0.0,0.0,,True,0.0,,8.0,cash,0.0,0.0,
2010-10-08,0.0001211499702025165,1.0003634939443315,0.0001211499702025165,1.0003634939443315,cash,0.0,0.0,,True,0.0,,9.0,cash,0.0,0.0,
2010-10-11,0.0001211499702025165,1.0004846879518146,0.0001211499702025165,1.0004846879518146,cash,0.0,0.0,,False,1.0,,0.0,cash,0.0,0.0,
2010-10-12,0.0001211499702025165,1.000605896641948,0.0001211499702025165,1.000605896641948,cash,0.0,0.0,,False,1.0,,1.0,cash,0.0,0.0,
2010-10-13,0.0001211499702025165,1.0007271200165107,0.0001211499702025165,1.0007271200165107,cash,0.0,0.0,,False,1.0,,0.0,cash,0.0,0.0,
2010-10-14,-0.0008789711797676514,0.9998475097192042,-0.0008789711797676514,0.9998475097192042,1.H00016,1.0,1.0,,False,1.0,,0.0,1.H00016,1.0,1.0,
2010-10-15,0.04329755804443258,1.0431384653068527,0.04329755804443258,1.0431384653068527,1.H00016,1.0,1.0,,False,1.0,,0.0,1.H00016,1.0,1.0,
2010-10-18,-0.005623550115990694,1.037272323869282,-0.005623550115990694,1.037272323869282,1.H00016,1.0,1.0,,False,1.0,,0.0,1.H00016,1.0,1.0,
2010-10-19,0.01634260339321192,1.054224054069033,0.01634260339321192,1.054224054069033,1.H00016,1.0,1.0,,False,1.0,,0.0,1.H00016,1.0,1.0,
2010-10-20,0.0030117501790825063,1.0573991135526686,0.0030117501790825063,1.0573991135526686,1.H00016,1.0,1.0,,False,1.0,,0.0,1.H00016,1.0,1.0,
2010-10-21,-0.017487511738571215,1.0389078341420614,-0.017487511738571215,1.0389078341420614,1.H00016,1.0,1.0,,False,1.0,,0.0,1.H00016,1.0,1.0,
2010-10-22,-0.006321132824108622,1.0323407597304424,-0.006321132824108622,1.0323407597304424,1.H00016,1.0,1.0,,False,1.0,,0.0,1.H00016,1.0,1.0,
2010-10-25,0.028411846487115477,1.0616714669182958,0.028411846487115477,1.0616714669182958,1.H00016,1.0,1.0,,False,1.0,,0.0,1.H00016,1.0,1.0,
2010-10-26,-0.009694964277573881,1.0513785999720036,-0.009694964277573881,1.0513785999720036,1.H00016,1.0,1.0,,False,1.0,,0.0,1.H00016,1.0,1.0,
2010-10-27,-0.02061152006984246,1.0297080888576777,-0.02061152006984246,1.0297080888576777,1.H00016,1.0,1.0,,False,1.0,,0.0,1.H00016,1.0,1.0,
2010-10-28,-0.0005105327774199697,1.0291823891271414,-0.0005105327774199697,1.0291823891271414,1.H00016,1.0,1.0,,False,1.0,,0.0,1.H00016,1.0,1.0,
2010-10-29,-0.015623796493361652,1.0131026529248672,-0.015623796493361652,1.0131026529248672,1.H00016,1.0,1.0,,False,1.0,,0.0,1.H00016,1.0,1.0,
2010-11-01,0.020329757310940888,1.0336987839899001,0.020329757310940888,1.0336987839899001,0.399606,1.0,1.0,,False,1.0,,0.0,0.399606,1.0,1.0,
2010-11-02,-0.029232961720243922,1.0034807070072607,-0.029232961720243922,1.0034807070072607,0.399606,1.0,1.0,,False,1.0,,0.0,0.399606,1.0,1.0,
2010-11-03,-0.03211090153957641,0.971258036827686,-0.03211090153957641,0.971258036827686,0.399606,1.0,1.0,,False,1.0,,1.0,0.399606,1.0,1.0,
2010-11-04,0.016424916723464245,0.9872108691995761,0.016424916723464245,0.9872108691995761,0.399606,1.0,1.0,,False,1.0,,2.0,0.399606,1.0,1.0,
2010-11-05,0.013713379044596907,1.000748866045856,0.013713379044596907,1.000748866045856,0.399606,1.0,1.0,,False,1.0,,3.0,0.399606,1.0,1.0,
2010-11-08,0.03248737585480854,1.033260570593361,0.03248737585480854,1.033260570593361,0.399606,1.0,1.0,,False,1.0,,4.0,0.399606,1.0,1.0,
2010-11-09,0.007760262044197219,1.0412789433811023,0.007760262044197219,1.0412789433811023,0.399606,1.0,1.0,,False,1.0,,0.0,0.399606,1.0,1.0,
2010-11-10,0.023244777536017835,1.0654832407729358,0.023244777536017835,1.0654832407729358,0.399606,1.0,1.0,,False,1.0,,0.0,0.399606,1.0,1.0,
2010-11-11,-0.0077618418404402645,1.0572131283744166,-0.0077618418404402645,1.0572131283744166,0.399606,1.0,1.0,,False,1.0,,0.0,0.399606,1.0,1.0,
2010-11-12,-0.044563012611341546,1.0101005264017917,-0.044563012611341546,1.0101005264017917,0.399606,1.0,1.0,,False,1.0,,0.0,0.399606,1.0,1.0,
2010-11-15,0.06126254188319802,1.071981852206722,0.06126254188319802,1.071981852206722,0.399606,1.0,1.0,,False,1.0,,0.0,0.399606,1.0,1.0,
2010-11-16,-0.01947396802755419,1.0511061118907299,-0.01947396802755419,1.0511061118907299,0.399606,1.0,1.0,,False,1.0,,0.0,0.399606,1.0,1.0,
2010-11-17,-0.03625316006564061,1.013000193770382,-0.03625316006564061,1.013000193770382,0.399606,1.0,1.0,,False,1.0,,1.0,0.399606,1.0,1.0,
2010-11-18,0.016116265370738514,1.0293259737137952,0.016116265370738514,1.0293259737137952,0.399606,1.0,1.0,,False,1.0,,2.0,0.399606,1.0,1.0,
2010-11-19,0.04563447132673293,1.0762987203470988,0.04563447132673293,1.0762987203470988,0.399606,1.0,1.0,,False,1.0,,0.0,0.399606,1.0,1.0,
2010-11-22,0.018876096918665652,1.0966150393058065,0.018876096918665652,1.0966150393058065,0.399606,1.0,1.0,,False,1.0,,0.0,0.399606,1.0,1.0,
2010-11-23,0.007286423615834536,1.1046054410256836,0.007286423615834536,1.1046054410256836,0.399606,1.0,1.0,,False,1.0,,0.0,0.399606,1.0,1.0,
2010-11-24,0.02108497294742273,1.127896016867286,0.02108497294742273,1.127896016867286,0.399606,1.0,1.0,,False,1.0,,0.0,0.399606,1.0,1.0,
2010-11-25,-0.018285374180588843,1.107272016162072,-0.018285374180588843,1.107272016162072,0.399606,1.0,1.0,,False,1.0,,1.0,0.399606,1.0,1.0,
2010-11-26,0.008150961190309891,1.1162973473929252,0.008150961190309891,1.1162973473929252,0.399606,1.0,1.0,,False,1.0,,2.0,0.399606,1.0,1.0,
2010-11-29,0.020137479432375427,1.1387767622664655,0.020137479432375427,1.1387767622664655,0.399606,1.0,1.0,,False,1.0,,3.0,0.399606,1.0,1.0,
2010-11-30,-0.03164453323290051,1.1027407031680696,-0.03164453323290051,1.1027407031680696,0.399606,1.0,1.0,,False,1.0,,0.0,0.399606,1.0,1.0,
2010-12-01,-0.0036610215349234254,1.0987035457063348,-0.0036610215349234254,1.0987035457063348,0.399606,1.0,1.0,,False,1.0,,1.0,0.399606,1.0,1.0,
2010-12-02,0.0005685675492190789,1.0993282328886353,0.0005685675492190789,1.0993282328886353,0.399606,1.0,1.0,,False,1.0,,2.0,0.399606,1.0,1.0,
2010-12-03,-0.016894671223930624,1.0807554438267972,-0.016894671223930624,1.0807554438267972,0.399606,1.0,1.0,,False,1.0,,3.0,0.399606,1.0,1.0,
2010-12-06,-0.02132214985118419,1.057711414301039,-0.02132214985118419,1.057711414301039,cash,0.0,0.0,,False,1.0,,4.0,cash,0.0,0.0,
2010-12-07,0.0001211499702025165,1.0578395560073646,0.0001211499702025165,1.0578395560073646,cash,0.0,0.0,,True,0.0,,5.0,cash,0.0,0.0,
2010-12-08,0.0001211499702025165,1.0579677132380538,0.0001211499702025165,1.0579677132380538,cash,0.0,0.0,,True,0.0,,6.0,cash,0.0,0.0,
2010-12-09,0.0001211499702025165,1.0580958859949878,0.0001211499702025165,1.0580958859949878,cash,0.0,0.0,,True,0.0,,7.0,cash,0.0,0.0,
2010-12-10,0.0001211499702025165,1.0582240742800475,0.0001211499702025165,1.0582240742800475,cash,0.0,0.0,,True,0.0,,8.0,cash,0.0,0.0,
2010-12-13,0.0001211499702025165,1.058352278095114,0.0001211499702025165,1.058352278095114,cash,0.0,0.0,,False,1.0,,0.0,cash,0.0,0.0,
2010-12-14,0.0001211499702025165,1.058480497442069,0.0001211499702025165,1.058480497442069,cash,0.0,0.0,,False,1.0,,1.0,cash,0.0,0.0,
2010-12-15,0.0001211499702025165,1.058608732322794,0.0001211499702025165,1.058608732322794,cash,0.0,0.0,,False,1.0,,0.0,cash,0.0,0.0,
2010-12-16,0.0001211499702025165,1.058736982739171,0.0001211499702025165,1.058736982739171,cash,0.0,0.0,,False,1.0,,0.0,cash,0.0,0.0,
2010-12-17,0.0001211499702025165,1.0588652486930823,0.0001211499702025165,1.0588652486930823,cash,0.0,0.0,,False,1.0,,1.0,cash,0.0,0.0,
2010-12-20,0.0001211499702025165,1.05899353018641,0.0001211499702025165,1.05899353018641,cash,0.0,0.0,,False,1.0,,0.0,cash,0.0,0.0,
2010-12-21,0.0001211499702025165,1.0591218272210368,0.0001211499702025165,1.0591218272210368,cash,0.0,0.0,,False,1.0,,1.0,cash,0.0,0.0,
2010-12-22,0.0001211499702025165,1.0592501397988454,0.0001211499702025165,1.0592501397988454,cash,0.0,0.0,,False,1.0,,2.0,cash,0.0,0.0,
2010-12-23,0.0001211499702025165,1.059378467921719,0.0001211499702025165,1.059378467921719,cash,0.0,0.0,,False,1.0,,3.0,cash,0.0,0.0,
2010-12-24,0.0001211499702025165,1.059506811591541,0.0001211499702025165,1.059506811591541,cash,0.0,0.0,,False,1.0,,4.0,cash,0.0,0.0,
2010-12-27,0.0001211499702025165,1.0596351708101945,0.0001211499702025165,1.0596351708101945,cash,0.0,0.0,,True,0.0,,5.0,cash,0.0,0.0,
2010-12-28,0.0001211499702025165,1.0597635455795638,0.0001211499702025165,1.0597635455795638,cash,0.0,0.0,,True,0.0,,6.0,cash,0.0,0.0,
2010-12-29,0.0001211499702025165,1.0598919359015324,0.0001211499702025165,1.0598919359015324,cash,0.0,0.0,,True,0.0,,7.0,cash,0.0,0.0,
2010-12-30,0.0001211499702025165,1.0600203417779848,0.0001211499702025165,1.0600203417779848,cash,0.0,0.0,,True,0.0,,8.0,cash,0.0,0.0,
2010-12-31,0.0001211499702025165,1.0601487632108053,0.0001211499702025165,1.0601487632108053,cash,0.0,0.0,,True,0.0,,9.0,cash,0.0,0.0,
2011-01-04,0.0001211499702025165,1.0602772002018785,0.0001211499702025165,1.0602772002018785,cash,0.0,0.0,,False,1.0,,0.0,cash,0.0,0.0,
2011-01-05,0.0001211499702025165,1.0604056527530894,0.0001211499702025165,1.0604056527530894,cash,0.0,0.0,,False,1.0,,0.0,cash,0.0,0.0,
2011-01-06,0.0001211499702025165,1.060534120866323,0.0001211499702025165,1.060534120866323,cash,0.0,0.0,,False,1.0,,0.0,cash,0.0,0.0,
2011-01-07,0.0001211499702025165,1.0606626045434648,0.0001211499702025165,1.0606626045434648,cash,0.0,0.0,,False,1.0,,0.0,cash,0.0,0.0,
2011-01-10,0.0001211499702025165,1.0607911037864002,0.0001211499702025165,1.0607911037864002,cash,0.0,0.0,,False,1.0,,0.0,cash,0.0,0.0,
2011-01-11,0.0001211499702025165,1.060919618597015,0.0001211499702025165,1.060919618597015,cash,0.0,0.0,,False,1.0,,0.0,cash,0.0,0.0,
2011-01-12,0.0001211499702025165,1.0610481489771952,0.0001211499702025165,1.0610481489771952,cash,0.0,0.0,,False,1.0,,0.0,cash,0.0,0.0,
2011-01-13,0.0001211499702025165,1.0611766949288273,0.0001211499702025165,1.0611766949288273,cash,0.0,0.0,,False,1.0,,0.0,cash,0.0,0.0,
2011-01-14,0.0001211499702025165,1.0613052564537975,0.0001211499702025165,1.0613052564537975,cash,0.0,0.0,,False,1.0,,0.0,cash,0.0,0.0,
2011-01-17,0.0001211499702025165,1.0614338335539926,0.0001211499702025165,1.0614338335539926,cash,0.0,0.0,,False,1.0,,0.0,cash,0.0,0.0,
2011-01-18,0.0001211499702025165,1.0615624262312995,0.0001211499702025165,1.0615624262312995,cash,0.0,0.0,,False,1.0,,1.0,cash,0.0,0.0,
2011-01-19,0.0001211499702025165,1.0616910344876056,0.0001211499702025165,1.0616910344876056,cash,0.0,0.0,,False,1.0,,2.0,cash,0.0,0.0,
2011-01-20,0.0001211499702025165,1.061819658324798,0.0001211499702025165,1.061819658324798,cash,0.0,0.0,,False,1.0,,3.0,cash,0.0,0.0,
2011-01-21,0.0001211499702025165,1.0619482977447645,0.0001211499702025165,1.0619482977447645,cash,0.0,0.0,,False,1.0,,4.0,cash,0.0,0.0,
2011-01-24,0.0001211499702025165,1.062076952749393,0.0001211499702025165,1.062076952749393,cash,0.0,0.0,,True,0.0,,5.0,cash,0.0,0.0,
2011-01-25,0.0001211499702025165,1.0622056233405712,0.0001211499702025165,1.0622056233405712,cash,0.0,0.0,,True,0.0,,6.0,cash,0.0,0.0,
2011-01-26,0.0001211499702025165,1.0623343095201878,0.0001211499702025165,1.0623343095201878,cash,0.0,0.0,,True,0.0,,7.0,cash,0.0,0.0,
2011-01-27,0.0001211499702025165,1.0624630112901312,0.0001211499702025165,1.0624630112901312,cash,0.0,0.0,1.157787775660833,True,0.0,,8.0,cash,0.0,0.0,1.157787775660833
2011-01-28,0.0001211499702025165,1.0625917286522903,0.0001211499702025165,1.0625917286522903,cash,0.0,0.0,1.157787775660833,True,0.0,,9.0,cash,0.0,0.0,1.157787775660833
2011-01-31,0.0001211499702025165,1.062720461608554,0.0001211499702025165,1.062720461608554,cash,0.0,0.0,1.157787775660833,True,0.0,,10.0,cash,0.0,0.0,1.157787775660833
2011-02-01,0.0001211499702025165,1.0628492101608114,0.0001211499702025165,1.0628492101608114,cash,0.0,0.0,1.157787775660833,False,1.0,,0.0,cash,0.0,0.0,1.157787775660833
2011-02-09,0.0001211499702025165,1.0629779743109522,0.0001211499702025165,1.0629779743109522,cash,0.0,0.0,1.157787775660833,False,1.0,,1.0,cash,0.0,0.0,1.157787775660833
2011-02-10,0.0001211499702025165,1.0631067540608659,0.0001211499702025165,1.0631067540608659,cash,0.0,0.0,1.157787775660833,False,1.0,,0.0,cash,0.0,0.0,1.157787775660833
2011-02-11,0.0001211499702025165,1.0632355494124424,0.0001211499702025165,1.0632355494124424,cash,0.0,0.0,1.157787775660833,False,1.0,,0.0,cash,0.0,0.0,1.157787775660833
2011-02-14,-0.0010367780714127806,1.0621332101100651,-0.0010367780714127806,1.0621332101100651,1.H20955,1.157787775660833,1.0,1.157787775660833,False,1.0,,0.0,1.H20955,1.157787775660833,1.0,1.157787775660833
2011-02-15,-0.005070291195336196,1.05674788544657,-0.005070291195336196,1.05674788544657,cash,0.0,0.0,1.2094270435065138,False,1.0,,0.0,cash,0.0,0.0,1.2094270435065138
2011-02-16,-0.0010890970783318243,1.0555969844119968,-0.0010890970783318243,1.0555969844119968,1.H00905,1.2101004449015003,1.0,1.2101004449015003,False,1.0,,0.0,1.H00905,1.2101004449015003,1.0,1.2101004449015003
2011-02-17,0.008471569551600666,1.064539547683903,0.008471569551600666,1.064539547683903,1.H00905,1.2179730160081677,1.0,1.2179730160081677,False,1.0,,0.0,1.H00905,1.2179730160081677,1.0,1.2179730160081677
2011-02-18,-0.011272437371322441,1.0525395923033403,-0.011272437371322441,1.0525395923033403,1.H00905,1.2167872891621692,1.0,1.2167872891621692,False,1.0,,0.0,1.H00905,1.2167872891621692,1.0,1.2167872891621692
2011-02-21,0.02496822966034684,1.0788196425705778,0.02496822966034684,1.0788196425705778,1.H00905,1.223834371520416,1.0,1.223834371520416,False,1.0,,0.0,1.H00905,1.223834371520416,1.0,1.223834371520416
2011-02-22,-0.03236721538122789,1.0439012548419966,-0.03236721538122789,1.0439012548419966,1.H00905,1.2128873964774949,1.0,1.2128873964774949,False,1.0,,0.0,1.H00905,1.2128873964774949,1.0,1.2128873964774949
2011-02-23,0.017094227203664936,1.0617459400704565,0.017094227203664936,1.0617459400704565,1.H00905,1.2149880757142604,1.0,1.2149880757142604,False,1.0,,0.0,1.H00905,1.2149880757142604,1.0,1.2149880757142604
2011-02-24,0.011849966758403108,1.074327594166161,0.011849966758403108,1.074327594166161,1.H00905,1.212021885539137,1.0,1.212021885539137,False,1.0,,0.0,1.H00905,1.212021885539137,1.0,1.212021885539137
2011-02-25,0.0011843922241072669,1.0756000194148352,0.0011843922241072669,1.0756000194148352,1.H00905,1.2231958220986967,1.0,1.2231958220986967,False,1.0,,1.0,1.H00905,1.2231958220986967,1.0,1.2231958220986967
2011-02-28,0.012657411336860491,1.089214331294504,0.012657411336860491,1.089214331294504,1.H00852,1.2232405747693842,1.0,1.2232405747693842,False,1.0,,2.0,1.H00852,1.2232405747693842,1.0,1.2232405747693842
2011-03-01,0.005918552197311966,1.0956609031683306,0.005918552197311966,1.0956609031683306,1.H00852,1.2276906302679786,1.0,1.2276906302679786,False,1.0,,3.0,1.H00852,1.2276906302679786,1.0,1.2276906302679786
2011-03-02,-0.002547165819934083,1.092870073165542,-0.002547165819934083,1.092870073165542,1.H00852,1.2420044123459604,1.0,1.2420044123459604,False,1.0,,4.0,1.H00852,1.2420044123459604,1.0,1.2420044123459604
2011-03-03,-0.023433127448289293,1.0672607094566327,-0.022248944694844064,1.0685548673490317,cash,0.0,0.0,1.2729171662681658,True,0.0,,5.0,1.H00852,1.2729171662681658,1.0,1.2729171662681658
2011-03-04,0.0001211499702025165,1.0673900080597816,0.015342890780991825,1.084949587972265,cash,0.0,0.0,1.3002680359518646,True,0.0,,6.0,1.H00852,1.3002680359518646,1.0,1.3002680359518646
2011-03-07,0.0001211499702025165,1.0675193223274524,0.01187710257058372,1.0978356455125242,cash,0.0,0.0,1.3089622698435546,True,0.0,,7.0,1.H00905,1.304500934020855,1.0,1.304500934020855
2011-03-08,-0.0011941128396747436,1.0662445837980603,0.006938353171251244,1.1054528169450788,1.H00905,1.3151034851291634,1.0,1.3151034851291634,False,1.0,,0.0,1.H00905,1.3066451181573637,1.0,1.3066451181573637
2011-03-09,0.0038998844150774925,1.070402814433075,0.0038777118085091544,1.1097394443870965,1.H00905,1.356112022944782,1.0,1.356112022944782,False,1.0,,0.0,1.H00905,1.345268086552413,1.0,1.345268086552413
2011-03-10,-0.00997805214076497,1.0597222793390402,-0.009897125879566038,1.0987562134124778,1.H00905,1.3580710453008598,1.0,1.3580710453008598,False,1.0,,0.0,1.H00905,1.3470400098432143,1.0,1.3470400098432143
2011-03-11,-0.001033397204606934,1.0586271652979116,-0.0010227388325309006,1.0976324727655362,1.H00905,1.3785256760498024,1.0,1.3785256760498024,False,1.0,,0.0,1.H00905,1.366046547892204,1.0,1.366046547892204
2011-03-14,0.01344065975283426,1.0728558128317882,0.01331991395090637,1.1122528428524938,1.H00905,1.3813469948958765,1.0,1.3813469948958765,False,1.0,,0.0,1.H00905,1.3690111182153892,1.0,1.3690111182153892
2011-03-15,-0.015767195984917715,1.0559398849673112,-0.015625484386001087,1.094873353423217,1.H00905,1.4792030184580731,1.0,1.4792030184580731,False,1.0,,0.0,1.H00905,1.466158630379013,1.0,1.466158630379013
2011-03-16,0.016515392889188574,1.073379147034911,0.016357841706142517,1.1127831184267873,1.H00852,1.5,1.0,1.5,False,1.0,,0.0,1.H00852,1.5,1.0,1.5
2011-03-17,-0.028622163678186596,1.0426567133997255,-0.028622163678186596,1.080932857872853,1.H00852,1.5,1.0,1.5,False,1.0,,0.0,1.H00852,1.5,1.0,1.5
2011-03-18,0.011232368566595596,1.0543682178930665,0.011232368566595596,1.0930742941282243,1.H00852,1.5,1.0,1.5,False,1.0,,1.0,1.H00852,1.5,1.0,1.5
2011-03-21,-0.009403924074835146,1.0444530192250807,-0.009403924074835146,1.0827951064580885,cash,0.0,0.0,1.5,False,1.0,,2.0,cash,0.0,0.0,1.5
2011-03-22,-0.0013790317547527353,1.043012685345222,-0.0013790317547527353,1.081301897622392,1.H00852,1.5,1.0,1.5,False,1.0,,3.0,1.H00852,1.5,1.0,1.5
2011-03-23,0.01620199907630271,1.0599115759097573,0.01620199907630271,1.0988211499688745,1.H00852,1.5,1.0,1.5,False,1.0,,4.0,1.H00852,1.5,1.0,1.5
2011-03-24,0.005455054075258481,1.0656934508713374,0.006965502328751594,1.1064749912478642,cash,0.0,0.0,1.5,True,0.0,,5.0,1.H00852,1.5,1.0,1.5
2011-03-25,0.0001211499702025165,1.0658225596011555,0.007945997266665339,1.1152670385039534,cash,0.0,0.0,1.5,True,0.0,,6.0,1.H00852,1.5,1.0,1.5
2011-03-28,0.0001211499702025165,1.0659516839724923,-0.0025067371393636684,1.1124713571982274,cash,0.0,0.0,1.5,True,0.0,,7.0,1.H00852,1.5,1.0,1.5
2011-03-29,0.0001211499702025165,1.0660808239872428,-0.025806062234904115,1.0837628521198217,cash,0.0,0.0,1.5,False,1.0,,0.0,cash,0.0,0.0,1.5
2011-03-30,0.0001211499702025165,1.0662099796473024,0.0001211499702025165,1.0838941499570627,cash,0.0,0.0,1.5,False,1.0,,1.0,cash,0.0,0.0,1.5
2011-03-31,0.0001211499702025165,1.0663391509545663,0.0001211499702025165,1.0840254637010327,cash,0.0,0.0,1.5,False,1.0,,2.0,cash,0.0,0.0,1.5
2011-04-01,0.0001211499702025165,1.0664683379109303,0.0001211499702025165,1.0841567933536589,cash,0.0,0.0,1.5,False,1.0,,3.0,cash,0.0,0.0,1.5
2011-04-06,-0.0013790317547527353,1.0649976442075129,-0.0013790317547527353,1.0826617067084934,1.H00016,1.5,1.0,1.5,False,1.0,,4.0,1.H00016,1.5,1.0,1.5
2011-04-07,-0.0025039447796454395,1.0623309489159647,-0.0010054529590841632,1.0815731412917962,cash,0.0,0.0,1.5,True,0.0,,5.0,1.H00016,1.5,1.0,1.5
2011-04-08,0.0001211499702025165,1.062459650278771,0.007465892053949652,1.089648049613132,cash,0.0,0.0,1.5,True,0.0,,6.0,1.H00016,1.5,1.0,1.5
2011-04-11,0.0001211499702025165,1.0625883672337437,-0.006478739773700171,1.0825885034547686,cash,0.0,0.0,1.5,True,0.0,,7.0,1.H00016,1.5,1.0,1.5
2011-04-12,0.0001211499702025165,1.0627170997827717,-0.0070470909264575,1.0749594038349854,cash,0.0,0.0,1.5,True,0.0,,8.0,1.H00016,1.5,1.0,1.5
2011-04-13,0.0001211499702025165,1.062845847927744,0.023070342008379097,1.099759084926582,cash,0.0,0.0,1.5,True,0.0,,9.0,1.H00016,1.5,1.0,1.5
2011-04-14,0.0001211499702025165,1.0629746116705503,-0.00625363613261154,1.0928815917759171,cash,0.0,0.0,1.5,True,0.0,,10.0,1.H00016,1.5,1.0,1.5
2011-04-15,0.0001211499702025165,1.0631033910130803,0.007430316140693893,1.101002047507157,cash,0.0,0.0,1.5,True,0.0,,11.0,1.H00016,1.5,1.0,1.5
2011-04-18,0.0001211499702025165,1.0632321859572238,0.00013605929153026608,1.1011518490657142,cash,0.0,0.0,1.5,True,0.0,,12.0,1.H00016,1.5,1.0,1.5
2011-04-19,0.0001211499702025165,1.063360996504871,-0.0337297811782693,1.064010238152681,cash,0.0,0.0,1.5,True,0.0,,13.0,1.H00016,1.5,1.0,1.5
2011-04-20,0.0001211499702025165,1.063489822657912,-0.008405492983601714,1.0550667075614082,cash,0.0,0.0,1.5,True,0.0,,14.0,1.H20955,1.5,1.0,1.5
2011-04-21,-0.0013790317547527353,1.0620232364216102,0.013733616664862502,1.0695565892789152,1.H20955,1.5,1.0,1.5,False,1.0,,0.0,1.H20955,1.5,1.0,1.5
2011-04-22,-0.0022587913957459183,1.0596243474730989,-0.0022587913957459183,1.0671406840577886,1.H20955,1.5,1.0,1.5,False,1.0,,0.0,1.H20955,1.5,1.0,1.5
2011-04-25,-0.01715666824975348,1.0414447240741413,-0.01715666824975348,1.0488321053655942,1.H20955,1.5,1.0,1.5,False,1.0,,0.0,1.H20955,1.5,1.0,1.5
2011-04-26,-0.020443414127965798,1.0201540382885086,-0.020443414127965798,1.0273903962848991,cash,0.0,0.0,1.5,False,1.0,,0.0,cash,0.0,0.0,1.5
2011-04-27,0.0001211499702025165,1.0202776299198493,0.0001211499702025165,1.0275148646007954,cash,0.0,0.0,1.5,False,1.0,,1.0,cash,0.0,0.0,1.5
2011-04-28,0.0001211499702025165,1.0204012365243122,0.0001211499702025165,1.0276393479960244,cash,0.0,0.0,1.5,False,1.0,,2.0,cash,0.0,0.0,1.5
2011-04-29,0.0001211499702025165,1.0205248581037119,0.0001211499702025165,1.027763846472413,cash,0.0,0.0,1.5,False,1.0,,3.0,cash,0.0,0.0,1.5
2011-05-03,0.0001211499702025165,1.020648494659862,0.0001211499702025165,1.0278883600317883,cash,0.0,0.0,1.5,False,1.0,,4.0,cash,0.0,0.0,1.5
2011-05-04,0.0001211499702025165,1.0207721461945773,0.0001211499702025165,1.0280128886759776,cash,0.0,0.0,1.5,True,0.0,,5.0,cash,0.0,0.0,1.5
2011-05-05,0.0001211499702025165,1.0208958127096723,0.0001211499702025165,1.0281374324068084,cash,0.0,0.0,1.5,True,0.0,,6.0,cash,0.0,0.0,1.5
2011-05-06,0.0001211499702025165,1.021019494206962,0.0001211499702025165,1.0282619912261086,cash,0.0,0.0,1.5,True,0.0,,7.0,cash,0.0,0.0,1.5
2011-05-09,0.0001211499702025165,1.0211431906882613,0.0001211499702025165,1.028386565135706,cash,0.0,0.0,1.5,True,0.0,,8.0,cash,0.0,0.0,1.5
2011-05-10,0.0001211499702025165,1.0212669021553857,0.0001211499702025165,1.028511154137429,cash,0.0,0.0,1.5,True,0.0,,9.0,cash,0.0,0.0,1.5
2011-05-11,0.0001211499702025165,1.0213906286101506,0.0001211499702025165,1.0286357582331056,cash,0.0,0.0,1.5,True,0.0,,10.0,cash,0.0,0.0,1.5
2011-05-12,0.0001211499702025165,1.0215143700543718,0.0001211499702025165,1.0287603774245648,cash,0.0,0.0,1.5,True,0.0,,11.0,cash,0.0,0.0,1.5
2011-05-13,0.0001211499702025165,1.0216381264898653,0.0001211499702025165,1.0288850117136354,cash,0.0,0.0,1.5,True,0.0,,12.0,cash,0.0,0.0,1.5
2011-05-16,0.0001211499702025165,1.0217618979184473,0.0001211499702025165,1.0290096611021464,cash,0.0,0.0,1.5,True,0.0,,13.0,cash,0.0,0.0,1.5
2011-05-17,0.0001211499702025165,1.0218856843419342,0.0001211499702025165,1.029134325591927,cash,0.0,0.0,1.5,True,0.0,,14.0,cash,0.0,0.0,1.5
2011-05-18,0.0001211499702025165,1.0220094857621427,0.0001211499702025165,1.0292590051848067,cash,0.0,0.0,1.5,False,1.0,,0.0,cash,0.0,0.0,1.5
2011-05-19,0.0001211499702025165,1.0221333021808894,0.0001211499702025165,1.0293836998826156,cash,0.0,0.0,1.5,False,1.0,,1.0,cash,0.0,0.0,1.5
2011-05-20,0.0001211499702025165,1.0222571335999915,0.0001211499702025165,1.0295084096871834,cash,0.0,0.0,1.5,False,1.0,,2.0,cash,0.0,0.0,1.5
2011-05-23,0.0001211499702025165,1.0223809800212664,0.0001211499702025165,1.0296331346003402,cash,0.0,0.0,1.5,False,1.0,,0.0,cash,0.0,0.0,1.5
2011-05-24,0.0001211499702025165,1.0225048414465316,0.0001211499702025165,1.0297578746239167,cash,0.0,0.0,1.5,False,1.0,,0.0,cash,0.0,0.0,1.5
2011-05-25,0.0001211499702025165,1.0226287178776048,0.0001211499702025165,1.0298826297597432,cash,0.0,0.0,1.5,False,1.0,,0.0,cash,0.0,0.0,1.5
2011-05-26,0.0001211499702025165,1.022752609316304,0.0001211499702025165,1.0300074000096506,cash,0.0,0.0,1.5,False,1.0,,1.0,cash,0.0,0.0,1.5
2011-05-27,0.0001211499702025165,1.0228765157644473,0.0001211499702025165,1.0301321853754701,cash,0.0,0.0,1.5,False,1.0,,2.0,cash,0.0,0.0,1.5
2011-05-30,0.0001211499702025165,1.023000437223853,0.0001211499702025165,1.030256985859033,cash,0.0,0.0,1.5,False,1.0,,0.0,cash,0.0,0.0,1.5
2011-05-31,0.0001211499702025165,1.0231243736963398,0.0001211499702025165,1.0303818014621706,cash,0.0,0.0,1.5,False,1.0,,0.0,cash,0.0,0.0,1.5
2011-06-01,0.0001211499702025165,1.0232483251837265,0.0001211499702025165,1.030506632186715,cash,0.0,0.0,1.5,False,1.0,,0.0,cash,0.0,0.0,1.5
2011-06-02,0.0001211499702025165,1.0233722916878323,0.0001211499702025165,1.0306314780344978,cash,0.0,0.0,1.5,False,1.0,,0.0,cash,0.0,0.0,1.5
2011-06-03,0.0001211499702025165,1.0234962732104764,0.0001211499702025165,1.0307563390073515,cash,0.0,0.0,1.5,False,1.0,,1.0,cash,0.0,0.0,1.5
2011-06-07,0.0001211499702025165,1.0236202697534782,0.0001211499702025165,1.0308812151071083,cash,0.0,0.0,1.5,False,1.0,,2.0,cash,0.0,0.0,1.5
2011-06-08,0.0001211499702025165,1.0237442813186575,0.0001211499702025165,1.0310061063356009,cash,0.0,0.0,1.5,False,1.0,,0.0,cash,0.0,0.0,1.5
2011-06-09,0.0001211499702025165,1.0238683079078341,0.0001211499702025165,1.031131012694662,cash,0.0,0.0,1.5,False,1.0,,1.0,cash,0.0,0.0,1.5
2011-06-10,0.0001211499702025165,1.0239923495228285,0.0001211499702025165,1.031255934186125,cash,0.0,0.0,1.5,False,1.0,,2.0,cash,0.0,0.0,1.5
2011-06-13,0.0001211499702025165,1.0241164061654608,0.0001211499702025165,1.0313808708118228,cash,0.0,0.0,1.5,False,1.0,,3.0,cash,0.0,0.0,1.5
2011-06-14,0.0001211499702025165,1.0242404778375518,0.0001211499702025165,1.0315058225735891,cash,0.0,0.0,1.5,False,1.0,,4.0,cash,0.0,0.0,1.5
2011-06-15,0.0001211499702025165,1.024364564540922,0.0001211499702025165,1.0316307894732577,cash,0.0,0.0,1.5,True,0.0,,5.0,cash,0.0,0.0,1.5
2011-06-16,0.0001211499702025165,1.0244886662773927,0.0001211499702025165,1.0317557715126624,cash,0.0,0.0,1.5,True,0.0,,6.0,cash,0.0,0.0,1.5
2011-06-17,0.0001211499702025165,1.024612783048785,0.0001211499702025165,1.0318807686936375,cash,0.0,0.0,1.5,True,0.0,,7.0,cash,0.0,0.0,1.5
2011-06-20,0.0001211499702025165,1.0247369148569205,0.0001211499702025165,1.0320057810180174,cash,0.0,0.0,1.5,True,0.0,,8.0,cash,0.0,0.0,1.5
2011-06-21,0.0001211499702025165,1.024861061703621,0.0001211499702025165,1.0321308084876366,cash,0.0,0.0,1.5,True,0.0,,9.0,cash,0.0,0.0,1.5
2011-06-22,0.0001211499702025165,1.024985223590708,0.0001211499702025165,1.03225585110433,cash,0.0,0.0,1.5,True,0.0,,10.0,cash,0.0,0.0,1.5
2011-06-23,0.0001211499702025165,1.025109400520004,0.0001211499702025165,1.0323809088699327,cash,0.0,0.0,1.5,False,1.0,,0.0,cash,0.0,0.0,1.5
2011-06-24,0.0001211499702025165,1.0252335924933313,0.0001211499702025165,1.03250598178628,cash,0.0,0.0,1.5,False,1.0,,0.0,cash,0.0,0.0,1.5
2011-06-27,-0.0013790317547527353,1.0238197628132437,-0.0013790317547527353,1.0310821232504246,0.399606,1.5,1.0,1.5,False,1.0,,0.0,0.399606,1.5,1.0,1.5
2011-06-28,-0.0009964793213805834,1.0227995475907796,-0.0009964793213805834,1.0300546712359604,cash,0.0,0.0,1.5,False,1.0,,0.0,cash,0.0,0.0,1.5
2011-06-29,0.0001211499702025165,1.0229234597254935,0.0001211499702025165,1.0301794623286875,cash,0.0,0.0,1.5,False,1.0,,0.0,cash,0.0,0.0,1.5
2011-06-30,0.0001211499702025165,1.0230473868721586,0.0001211499702025165,1.0303042685398518,cash,0.0,0.0,1.5,False,1.0,,0.0,cash,0.0,0.0,1.5
2011-07-01,0.0001211499702025165,1.023171329032594,0.0001211499702025165,1.030429089871285,cash,0.0,0.0,1.5,False,1.0,,0.0,cash,0.0,0.0,1.5
2011-07-04,0.0001211499702025165,1.0232952862086182,0.0001211499702025165,1.0305539263248187,cash,0.0,0.0,1.5,False,1.0,,0.0,cash,0.0,0.0,1.5
2011-07-05,-0.0013790317547527353,1.0218841295144476,-0.0013790317547527353,1.0291327597354316,0.399606,1.5,1.0,1.5,False,1.0,,0.0,0.399606,1.5,1.0,1.5
2011-07-06,0.018383637173916778,1.040670076585225,0.018383637173916778,1.0480519629941996,0.399606,1.5,1.0,1.5,False,1.0,,0.0,0.399606,1.5,1.0,1.5
2011-07-07,0.009232713195657105,1.050278284933639,0.009232713195657105,1.0577283261826704,0.399606,1.5,1.0,1.5,False,1.0,,0.0,0.399606,1.5,1.0,1.5
2011-07-08,-0.00820420298240887,1.0416615886960272,-0.00820420298240887,1.0490505082944241,0.399606,1.5,1.0,1.5,False,1.0,,0.0,0.399606,1.5,1.0,1.5
2011-07-11,0.014018931510999089,1.0562645711655954,0.014018931510999089,1.0637570755217824,0.399606,1.5,1.0,1.5,False,1.0,,0.0,0.399606,1.5,1.0,1.5
2011-07-12,-0.019614967853628595,1.0355459755572554,-0.019614967853628595,1.0428915146813527,0.399606,1.5,1.0,1.5,False,1.0,,0.0,0.399606,1.5,1.0,1.5
2011-07-13,0.036240390590513094,1.0730745661858843,0.036240390590513094,1.0806863105169366,0.399606,1.5,1.0,1.5,False,1.0,,0.0,0.399606,1.5,1.0,1.5
2011-07-14,0.03228360317156875,1.1077172796541326,0.03228360317156875,1.1155747585186122,0.399606,1.5,1.0,1.5,False,1.0,,0.0,0.399606,1.5,1.0,1.5
2011-07-15,0.029684919815158528,1.140599778278531,0.029684919815158528,1.148690505773052,0.399606,1.5,1.0,1.5,False,1.0,,0.0,0.399606,1.5,1.0,1.5
2011-07-18,-0.007966847816747391,1.1315127934251703,-0.007966847816747391,1.1395390633250155,0.399606,1.5,1.0,1.5,False,1.0,,0.0,0.399606,1.5,1.0,1.5
2011-07-19,-0.029901611656839133,1.0976787372914256,-0.029901611656839133,1.1054650087856728,0.399606,1.5,1.0,1.5,False,1.0,,0.0,0.399606,1.5,1.0,1.5
2011-07-20,0.005640160490066881,1.1038698215362832,0.005640160490066881,1.111700008851377,0.399606,1.5,1.0,1.5,False,1.0,,1.0,0.399606,1.5,1.0,1.5
2011-07-21,-0.024968855348566965,1.0763074556386953,-0.024968855348566965,1.0839421321393665,0.399606,1.5,1.0,1.5,False,1.0,,2.0,0.399606,1.5,1.0,1.5
2011-07-22,0.01407609576657709,1.0914576624585466,0.01407609576657709,1.099199805396788,0.399606,1.5,1.0,1.5,False,1.0,,3.0,0.399606,1.5,1.0,1.5
2011-07-25,-0.060011582763690896,1.025957560614851,-0.060011582763690896,1.0332350853013856,0.399606,1.5,1.0,1.5,False,1.0,,0.0,0.399606,1.5,1.0,1.5
2011-07-26,0.009205730579158855,1.0354022495035224,0.009205730579158855,1.0427467691216044,0.399606,1.5,1.0,1.5,False,1.0,,1.0,0.399606,1.5,1.0,1.5
2011-07-27,0.03859560688970376,1.0753642276980753,0.03859560688970376,1.0829922135081305,0.399606,1.5,1.0,1.5,False,1.0,,0.0,0.399606,1.5,1.0,1.5
2011-07-28,0.0062500783084744604,1.0820853383313205,0.0062500783084744604,1.0897609996500244,0.399606,1.5,1.0,1.5,False,1.0,,0.0,0.399606,1.5,1.0,1.5
2011-07-29,-0.010037576054065633,1.0712238244508305,-0.010037576054065633,1.0788224407352827,0.399606,1.5,1.0,1.5,False,1.0,,1.0,0.399606,1.5,1.0,1.5
2011-08-01,0.02155771538388196,1.0943169627707752,0.02155771538388196,1.1020793878623987,cash,0.0,0.0,1.5,False,1.0,,2.0,cash,0.0,0.0,1.5
2011-08-02,0.0001211499702025165,1.094449539238207,0.0001211499702025165,1.102212904747399,cash,0.0,0.0,1.5,False,1.0,,0.0,cash,0.0,0.0,1.5
2011-08-03,0.0001211499702025165,1.094582131767274,0.0001211499702025165,1.102346437807966,cash,0.0,0.0,1.5,False,1.0,,0.0,cash,0.0,0.0,1.5
2011-08-04,0.0001211499702025165,1.0947147403599218,0.0001211499702025165,1.1024799870460593,cash,0.0,0.0,1.5,False,1.0,,0.0,cash,0.0,0.0,1.5
2011-08-05,0.0001211499702025165,1.0948473650180965,0.0001211499702025165,1.102613552463639,cash,0.0,0.0,1.5,False,1.0,,0.0,cash,0.0,0.0,1.5
2011-08-08,0.0001211499702025165,1.0949800057437449,0.0001211499702025165,1.1027471340626647,cash,0.0,0.0,1.5,False,1.0,,0.0,cash,0.0,0.0,1.5
2011-08-09,0.0001211499702025165,1.095112662538813,0.0001211499702025165,1.1028807318450973,cash,0.0,0.0,1.5,False,1.0,,0.0,cash,0.0,0.0,1.5
2011-08-10,0.0001211499702025165,1.095245335405248,0.0001211499702025165,1.1030143458128971,cash,0.0,0.0,1.5,False,1.0,,0.0,cash,0.0,0.0,1.5
2011-08-11,0.0001211499702025165,1.0953780243449969,0.0001211499702025165,1.1031479759680254,cash,0.0,0.0,1.5,False,1.0,,0.0,cash,0.0,0.0,1.5
2011-08-12,0.0001211499702025165,1.0955107293600068,0.0001211499702025165,1.1032816223124429,cash,0.0,0.0,1.5,False,1.0,,0.0,cash,0.0,0.0,1.5
2011-08-15,0.0001211499702025165,1.0956434504522252,0.0001211499702025165,1.103415284848111,cash,0.0,0.0,1.5,False,1.0,,0.0,cash,0.0,0.0,1.5
2011-08-16,0.0001211499702025165,1.0957761876236,0.0001211499702025165,1.1035489635769913,cash,0.0,0.0,1.5,False,1.0,,1.0,cash,0.0,0.0,1.5
2011-08-17,0.0001211499702025165,1.0959089408760794,0.0001211499702025165,1.1036826585010457,cash,0.0,0.0,1.5,False,1.0,,2.0,cash,0.0,0.0,1.5
2011-08-18,0.0001211499702025165,1.0960417102116111,0.0001211499702025165,1.1038163696222363,cash,0.0,0.0,1.5,False,1.0,,3.0,cash,0.0,0.0,1.5
2011-08-19,0.0001211499702025165,1.096174495632144,0.0001211499702025165,1.103950096942525,cash,0.0,0.0,1.5,False,1.0,,0.0,cash,0.0,0.0,1.5
2011-08-22,0.0001211499702025165,1.0963072971396266,0.0001211499702025165,1.1040838404638749,cash,0.0,0.0,1.5,False,1.0,,0.0,cash,0.0,0.0,1.5
2011-08-23,0.0001211499702025165,1.0964401147360079,0.0001211499702025165,1.1042176001882482,cash,0.0,0.0,1.5,False,1.0,,0.0,cash,0.0,0.0,1.5
2011-08-24,0.0001211499702025165,1.096572948423237,0.0001211499702025165,1.104351376117608,cash,0.0,0.0,1.5,False,1.0,,0.0,cash,0.0,0.0,1.5
2011-08-25,0.0001211499702025165,1.0967057982032633,0.0001211499702025165,1.1044851682539178,cash,0.0,0.0,1.5,False,1.0,,0.0,cash,0.0,0.0,1.5
2011-08-26,0.0001211499702025165,1.0968386640780365,0.0001211499702025165,1.104618976599141,cash,0.0,0.0,1.5,False,1.0,,0.0,cash,0.0,0.0,1.5
2011-08-29,0.0001211499702025165,1.0969715460495066,0.0001211499702025165,1.1047528011552412,cash,0.0,0.0,1.5,False,1.0,,0.0,cash,0.0,0.0,1.5
2011-08-30,0.0001211499702025165,1.0971044441196236,0.0001211499702025165,1.1048866419241823,cash,0.0,0.0,1.5,False,1.0,,0.0,cash,0.0,0.0,1.5
2011-08-31,0.0001211499702025165,1.0972373582903376,0.0001211499702025165,1.1050204989079286,cash,0.0,0.0,1.5,False,1.0,,1.0,cash,0.0,0.0,1.5
2011-09-01,0.0001211499702025165,1.0973702885635996,0.0001211499702025165,1.1051543721084445,cash,0.0,0.0,1.5,False,1.0,,2.0,cash,0.0,0.0,1.5
2011-09-02,0.0001211499702025165,1.0975032349413603,0.0001211499702025165,1.1052882615276947,cash,0.0,0.0,1.5,False,1.0,,3.0,cash,0.0,0.0,1.5
2011-09-05,0.0001211499702025165,1.0976361974255706,0.0001211499702025165,1.1054221671676439,cash,0.0,0.0,1.5,False,1.0,,4.0,cash,0.0,0.0,1.5
2011-09-06,0.0001211499702025165,1.097769176018182,0.0001211499702025165,1.1055560890302574,cash,0.0,0.0,1.5,True,0.0,,5.0,cash,0.0,0.0,1.5
2011-09-07,0.0001211499702025165,1.0979021707211458,0.0001211499702025165,1.1056900271175005,cash,0.0,0.0,1.5,True,0.0,,6.0,cash,0.0,0.0,1.5
2011-09-08,0.0001211499702025165,1.098035181536414,0.0001211499702025165,1.105823981431339,cash,0.0,0.0,1.5,True,0.0,,7.0,cash,0.0,0.0,1.5
2011-09-09,0.0001211499702025165,1.0981682084659385,0.0001211499702025165,1.1059579519737388,cash,0.0,0.0,1.5,True,0.0,,8.0,cash,0.0,0.0,1.5
2011-09-13,0.0001211499702025165,1.0983012515116715,0.0001211499702025165,1.1060919387466657,cash,0.0,0.0,1.5,True,0.0,,9.0,cash,0.0,0.0,1.5
2011-09-14,0.0001211499702025165,1.0984343106755654,0.0001211499702025165,1.106225941752086,cash,0.0,0.0,1.5,True,0.0,,10.0,cash,0.0,0.0,1.5
2011-09-15,0.0001211499702025165,1.0985673859595733,0.0001211499702025165,1.1063599609919665,cash,0.0,0.0,1.5,True,0.0,,11.0,cash,0.0,0.0,1.5
2011-09-16,0.0001211499702025165,1.0987004773656477,0.0001211499702025165,1.106493996468274,cash,0.0,0.0,1.5,True,0.0,,12.0,cash,0.0,0.0,1.5
2011-09-19,0.0001211499702025165,1.098833584895742,0.0001211499702025165,1.1066280481829756,cash,0.0,0.0,1.5,True,0.0,,13.0,cash,0.0,0.0,1.5
2011-09-20,0.0001211499702025165,1.0989667085518096,0.0001211499702025165,1.106762116138038,cash,0.0,0.0,1.5,True,0.0,,14.0,cash,0.0,0.0,1.5
2011-09-21,0.0001211499702025165,1.099099848335804,0.0001211499702025165,1.1068962003354295,cash,0.0,0.0,1.5,False,1.0,,0.0,cash,0.0,0.0,1.5
2011-09-22,0.0001211499702025165,1.0992330042496796,0.0001211499702025165,1.1070303007771174,cash,0.0,0.0,1.5,False,1.0,,1.0,cash,0.0,0.0,1.5
2011-09-23,0.0001211499702025165,1.0993661762953901,0.0001211499702025165,1.1071644174650699,cash,0.0,0.0,1.5,False,1.0,,2.0,cash,0.0,0.0,1.5
2011-09-26,0.0001211499702025165,1.09949936447489,0.0001211499702025165,1.1072985504012551,cash,0.0,0.0,1.5,False,1.0,,3.0,cash,0.0,0.0,1.5
2011-09-27,0.0001211499702025165,1.0996325687901338,0.0001211499702025165,1.1074326995876416,cash,0.0,0.0,1.5,False,1.0,,4.0,cash,0.0,0.0,1.5
2011-09-28,0.0001211499702025165,1.0997657892430766,0.0001211499702025165,1.1075668650261978,cash,0.0,0.0,1.5,True,0.0,,5.0,cash,0.0,0.0,1.5
2011-09-29,-0.0013790317547527353,1.0982491772969196,-0.0013790317547527353,1.1060394951488148,1.H11077,1.5,1.0,1.5,True,0.0,,6.0,1.H11077,1.5,1.0,1.5
2011-09-30,0.005083962006569465,1.1038326343880434,0.005083962006569465,1.1116625579199166,1.H11077,1.5,1.0,1.5,True,0.0,,7.0,1.H11077,1.5,1.0,1.5
2011-10-10,0.011511690639898653,1.1165396141933428,0.011511690639898653,1.124459673382649,1.H11077,1.5,1.0,1.5,True,0.0,,8.0,1.H11077,1.5,1.0,1.5
2011-10-11,0.006771482384798855,1.124100242522783,0.006771482384798855,1.1320739322533764,1.H11077,1.5,1.0,1.5,True,0.0,,9.0,1.H11077,1.5,1.0,1.5
2011-10-12,-0.010913362945741745,1.1118325285887356,-0.010913362945741745,1.1197191985492823,1.H11077,1.5,1.0,1.5,False,1.0,,0.0,1.H11077,1.5,1.0,1.5
2011-10-13,-0.00020633341479692202,1.1116031203864296,-0.00020633341479692202,1.119488163063432,1.H11077,1.5,1.0,1.5,False,1.0,,0.0,1.H11077,1.5,1.0,1.5
2011-10-14,0.005916101399738194,1.118179477162901,0.005916101399738194,1.1261111685519218,1.H11077,1.5,1.0,1.5,False,1.0,,0.0,1.H11077,1.5,1.0,1.5
2011-10-17,-0.0019480979741632876,1.116001153988689,-0.0019480979741632876,1.1239173936657831,1.H11077,1.5,1.0,1.5,False,1.0,,0.0,1.H11077,1.5,1.0,1.5
2011-10-18,0.006481390512087959,1.1232343932796305,0.006481390512087959,1.1312019411974592,1.H11077,1.5,1.0,1.5,False,1.0,,0.0,1.H11077,1.5,1.0,1.5
2011-10-19,-0.000205320715102153,1.123003769990775,-0.000205320715102153,1.1309696820059676,1.H11077,1.5,1.0,1.5,False,1.0,,0.0,1.H11077,1.5,1.0,1.5
2011-10-20,-6.057498510125825e-05,1.122935744054139,-6.057498510125825e-05,1.1309011735343302,1.H11077,1.5,1.0,1.5,False,1.0,,0.0,1.H11077,1.5,1.0,1.5
2011-10-21,-0.0017976913718993348,1.1209170521558556,-0.0017976913718993348,1.1288681622521968,1.H11077,1.5,1.0,1.5,False,1.0,,1.0,1.H11077,1.5,1.0,1.5
2011-10-24,-0.0038758464414641036,1.116572549788081,-0.0038758464414641036,1.1244928426026495,cash,0.0,0.0,1.5,False,1.0,,0.0,cash,0.0,0.0,1.5
2011-10-25,0.0001211499702025165,1.1167078225192166,0.0001211499702025165,1.1246290748770238,cash,0.0,0.0,1.5,False,1.0,,0.0,cash,0.0,0.0,1.5
2011-10-26,0.0001211499702025165,1.1168431116386397,0.0001211499702025165,1.124765323655934,cash,0.0,0.0,1.5,False,1.0,,0.0,cash,0.0,0.0,1.5
2011-10-27,0.0001211499702025165,1.1169784171483357,0.0001211499702025165,1.1249015889413798,cash,0.0,0.0,1.5,False,1.0,,0.0,cash,0.0,0.0,1.5
2011-10-28,-0.0013790317547527353,1.1154380684417147,-0.0013790317547527353,1.1233503139292578,1.H00016,1.5,1.0,1.5,False,1.0,,0.0,1.H00016,1.5,1.0,1.5
2011-10-31,-0.012518081129234693,1.1014749242063244,-0.012518081129234693,1.1092881235629402,1.H00016,1.5,1.0,1.5,False,1.0,,0.0,1.H00016,1.5,1.0,1.5
2011-11-01,0.002736714290719977,1.1044893463722696,0.002736714290719977,1.112323928223221,1.H00016,1.5,1.0,1.5,False,1.0,,0.0,1.H00016,1.5,1.0,1.5
2011-11-02,0.025053354815379736,1.1321605098567409,0.025053354815379736,1.1401913742666343,1.H00016,1.5,1.0,1.5,False,1.0,,0.0,1.H00016,1.5,1.0,1.5
2011-11-03,-0.00831099784038758,1.1227511263043495,-0.00831099784038758,1.1307152462174757,0.399606,1.5,1.0,1.5,False,1.0,,0.0,0.399606,1.5,1.0,1.5
2011-11-04,0.007792384150111964,1.1315000343854837,0.007792384150111964,1.1395262137803908,0.399606,1.5,1.0,1.5,False,1.0,,0.0,0.399606,1.5,1.0,1.5
2011-11-07,-0.005999765770356658,1.1247112992100203,-0.005999765770356658,1.1326893234085271,0.399606,1.5,1.0,1.5,False,1.0,,1.0,0.399606,1.5,1.0,1.5
2011-11-08,-0.0280450807389776,1.0931686800156348,-0.0280450807389776,1.100922959881357,0.399606,1.5,1.0,1.5,False,1.0,,2.0,0.399606,1.5,1.0,1.5
2011-11-09,0.04996416695075401,1.1477879424492714,0.04996416695075401,1.1559296584487875,0.399606,1.5,1.0,1.5,False,1.0,,0.0,0.399606,1.5,1.0,1.5
2011-11-10,0.0069219964275610835,1.155732926486503,0.0069219964275610835,1.163930999415082,0.399606,1.5,1.0,1.5,False,1.0,,0.0,0.399606,1.5,1.0,1.5
2011-11-11,-0.006894401595456845,1.1477648395542126,-0.006894401595456845,1.1559063916757129,0.399606,1.5,1.0,1.5,False,1.0,,0.0,0.399606,1.5,1.0,1.5
2011-11-14,0.04166455363118793,1.195585949267811,0.04166455363118793,1.2040667155243185,0.399606,1.5,1.0,1.5,False,1.0,,0.0,0.399606,1.5,1.0,1.5
2011-11-15,0.008113856217498938,1.2052867617558318,0.008113856217498938,1.213836339730359,0.399606,1.5,1.0,1.5,False,1.0,,0.0,0.399606,1.5,1.0,1.5
2011-11-16,-0.04478434469082182,1.1513087839660743,-0.04478434469082182,1.159475474693629,0.399606,1.5,1.0,1.5,False,1.0,,0.0,0.399606,1.5,1.0,1.5
2011-11-17,0.00803618631038061,1.1605609158548034,0.00803618631038061,1.1687932356305841,0.399606,1.5,1.0,1.5,False,1.0,,0.0,0.399606,1.5,1.0,1.5
2011-11-18,-0.048728302167443616,1.1040087528633054,-0.048728302167443616,1.111839925673513,0.399606,1.5,1.0,1.5,False,1.0,,1.0,0.399606,1.5,1.0,1.5
2011-11-21,-0.010507569333448541,1.09240830434786,-0.010507569333448541,1.1001571905668022,0.399606,1.5,1.0,1.5,False,1.0,,2.0,0.399606,1.5,1.0,1.5
2011-11-22,0.009148967987017365,1.1024027129530907,0.009148967987017365,1.1102224934839848,0.399606,1.5,1.0,1.5,False,1.0,,3.0,0.399606,1.5,1.0,1.5
2011-11-23,-0.006317074316598559,1.095438753088546,-0.006317074316598559,1.1032091354846871,0.399606,1.5,1.0,1.5,False,1.0,,4.0,0.399606,1.5,1.0,1.5
2011-11-24,0.0042143712891085094,1.1000553387185392,0.0042143712891085094,1.107858468391156,cash,0.0,0.0,1.5,True,0.0,,5.0,cash,0.0,0.0,1.5
2011-11-25,0.0001211499702025165,1.100188610390046,0.0001211499702025165,1.1079926854115902,cash,0.0,0.0,1.5,True,0.0,,6.0,cash,0.0,0.0,1.5
2011-11-28,0.0001211499702025165,1.1003218982074119,0.0001211499702025165,1.1081269186924125,cash,0.0,0.0,1.5,True,0.0,,7.0,cash,0.0,0.0,1.5
2011-11-29,0.0001211499702025165,1.1004552021725929,0.0001211499702025165,1.1082611682355927,cash,0.0,0.0,1.5,True,0.0,,8.0,cash,0.0,0.0,1.5
2011-11-30,0.0001211499702025165,1.1005885222875453,0.0001211499702025165,1.108395434043101,cash,0.0,0.0,1.5,True,0.0,,9.0,cash,0.0,0.0,1.5
2011-12-01,0.0001211499702025165,1.1007218585542258,0.0001211499702025165,1.1085297161169079,cash,0.0,0.0,1.5,False,1.0,,0.0,cash,0.0,0.0,1.5
2011-12-02,0.0001211499702025165,1.1008552109745908,0.0001211499702025165,1.108664014458984,cash,0.0,0.0,1.5,False,1.0,,1.0,cash,0.0,0.0,1.5
2011-12-05,-0.0013790317547527353,1.0993370966812719,-0.0013790317547527353,1.1071351315776936,1.H11077,1.5,1.0,1.5,False,1.0,,2.0,1.H11077,1.5,1.0,1.5
2011-12-06,-0.0013308045673370295,1.0978740938519653,-0.0013308045673370295,1.1056617510879307,1.H11077,1.5,1.0,1.5,False,1.0,,3.0,1.H11077,1.5,1.0,1.5
2011-12-07,-0.002547794603836251,1.0950769361599577,-0.002547794603836251,1.1028447520448408,cash,0.0,0.0,1.5,False,1.0,,4.0,cash,0.0,0.0,1.5
2011-12-08,0.0001211499702025165,1.095209604698143,0.0001211499702025165,1.102978361653689,cash,0.0,0.0,1.5,True,0.0,,5.0,cash,0.0,0.0,1.5
2011-12-09,0.0001211499702025165,1.0953422893091176,0.0001211499702025165,1.1031119874493374,cash,0.0,0.0,1.5,True,0.0,,6.0,cash,0.0,0.0,1.5
2011-12-12,0.0001211499702025165,1.0954749899948288,0.0001211499702025165,1.103245629433747,cash,0.0,0.0,1.5,True,0.0,,7.0,cash,0.0,0.0,1.5
2011-12-13,0.0001211499702025165,1.0956077067572243,0.0001211499702025165,1.1033792876088788,cash,0.0,0.0,1.5,True,0.0,,8.0,cash,0.0,0.0,1.5
2011-12-14,0.0001211499702025165,1.0957404395982515,0.0001211499702025165,1.1035129619766948,cash,0.0,0.0,1.5,True,0.0,,9.0,cash,0.0,0.0,1.5
2011-12-15,0.0001211499702025165,1.0958731885198585,0.0001211499702025165,1.1036466525391564,cash,0.0,0.0,1.5,True,0.0,,10.0,cash,0.0,0.0,1.5
2011-12-16,0.0001211499702025165,1.0960059535239934,0.0001211499702025165,1.1037803592982256,cash,0.0,0.0,1.5,False,1.0,,0.0,cash,0.0,0.0,1.5
2011-12-19,0.0001211499702025165,1.0961387346126046,0.0001211499702025165,1.1039140822558646,cash,0.0,0.0,1.5,False,1.0,,0.0,cash,0.0,0.0,1.5
2011-12-20,0.0001211499702025165,1.0962715317876408,0.0001211499702025165,1.1040478214140361,cash,0.0,0.0,1.5,False,1.0,,0.0,cash,0.0,0.0,1.5
2011-12-21,0.0001211499702025165,1.0964043450510508,0.0001211499702025165,1.1041815767747025,cash,0.0,0.0,1.5,False,1.0,,1.0,cash,0.0,0.0,1.5
2011-12-22,0.0001211499702025165,1.0965371744047836,0.0001211499702025165,1.104315348339827,cash,0.0,0.0,1.5,False,1.0,,0.0,cash,0.0,0.0,1.5
2011-12-23,0.0001211499702025165,1.0966700198507886,0.0001211499702025165,1.1044491361113724,cash,0.0,0.0,1.5,False,1.0,,1.0,cash,0.0,0.0,1.5
2011-12-26,0.0001211499702025165,1.0968028813910156,0.0001211499702025165,1.1045829400913025,cash,0.0,0.0,1.5,False,1.0,,2.0,cash,0.0,0.0,1.5
2011-12-27,0.0001211499702025165,1.096935759027414,0.0001211499702025165,1.1047167602815808,cash,0.0,0.0,1.5,False,1.0,,3.0,cash,0.0,0.0,1.5
2011-12-28,0.0001211499702025165,1.0970686527619342,0.0001211499702025165,1.104850596684171,cash,0.0,0.0,1.5,False,1.0,,4.0,cash,0.0,0.0,1.5
2011-12-29,0.0001211499702025165,1.0972015625965263,0.0001211499702025165,1.1049844493010377,cash,0.0,0.0,1.5,True,0.0,,5.0,cash,0.0,0.0,1.5
2011-12-30,0.0001211499702025165,1.097334488533141,0.0001211499702025165,1.1051183181341449,cash,0.0,0.0,1.5,True,0.0,,6.0,cash,0.0,0.0,1.5
2012-01-04,0.0001211499702025165,1.097467430573729,0.0001211499702025165,1.105252203185457,cash,0.0,0.0,1.5,True,0.0,,7.0,cash,0.0,0.0,1.5
2012-01-05,0.0001211499702025165,1.0976003887202412,0.0001211499702025165,1.1053861044569393,cash,0.0,0.0,1.5,False,1.0,,0.0,cash,0.0,0.0,1.5
2012-01-06,0.0001211499702025165,1.0977333629746289,0.0001211499702025165,1.1055200219505565,cash,0.0,0.0,1.5,False,1.0,,1.0,cash,0.0,0.0,1.5
2012-01-09,0.0001211499702025165,1.0978663533388435,0.0001211499702025165,1.105653955668274,cash,0.0,0.0,1.5,False,1.0,,0.0,cash,0.0,0.0,1.5
2012-01-10,0.0001211499702025165,1.0979993598148368,0.0001211499702025165,1.1057879056120576,cash,0.0,0.0,1.5,False,1.0,,0.0,cash,0.0,0.0,1.5
2012-01-11,0.0001211499702025165,1.0981323824045608,0.0001211499702025165,1.1059218717838728,cash,0.0,0.0,1.5,False,1.0,,0.0,cash,0.0,0.0,1.5
2012-01-12,-0.0013790317547527353,1.0966180229783027,-0.0013790317547527353,1.1043967704044073,1.H00016,1.5,1.0,1.5,False,1.0,,0.0,1.H00016,1.5,1.0,1.5
2012-01-13,-0.013759098076450704,1.0815295480477407,-0.013759098076450704,1.0892012669250977,1.H00016,1.5,1.0,1.5,False,1.0,,0.0,1.H00016,1.5,1.0,1.5
2012-01-16,-0.02133795377186476,1.0584519205485923,-0.02133795377186476,1.0659599406431934,1.H00016,1.5,1.0,1.5,False,1.0,,1.0,1.H00016,1.5,1.0,1.5
2012-01-17,0.06727398854421018,1.1296582029261755,0.06727398854421018,1.1376713174786106,1.H00016,1.5,1.0,1.5,False,1.0,,0.0,1.H00016,1.5,1.0,1.5
2012-01-18,-0.018978914519913737,1.1082185164561202,-0.018978914519913737,1.1160795507924264,1.H00016,1.5,1.0,1.5,False,1.0,,0.0,1.H00016,1.5,1.0,1.5
2012-01-19,0.031273102967858346,1.1428759482321398,0.031273102967858346,1.1509828215046791,1.H00016,1.5,1.0,1.5,False,1.0,,1.0,1.H00016,1.5,1.0,1.5
2012-01-20,0.020993549000295708,1.1668689704526107,0.020993549000295708,1.1751460357664363,1.H00016,1.5,1.0,1.5,False,1.0,,2.0,1.H00016,1.5,1.0,1.5
2012-01-30,-0.02733221278139908,1.1349758594641879,-0.02733221278139908,1.1430266942676504,1.H00016,1.5,1.0,1.5,False,1.0,,3.0,1.H00016,1.5,1.0,1.5
2012-01-31,0.0015643703414642829,1.1367513820370116,0.0015643703414642829,1.1448148113276646,1.H00016,1.5,1.0,1.5,False,1.0,,4.0,1.H00016,1.5,1.0,1.5
2012-02-01,-0.02819256175109408,1.1047034485032916,-0.02673266074220748,1.1142108653637879,cash,0.0,0.0,1.5,True,0.0,,5.0,1.H00016,1.5,1.0,1.5
2012-02-02,0.0001211499702025165,1.1048372832931603,0.04218475048623094,1.1612135727082067,cash,0.0,0.0,1.5,True,0.0,,6.0,1.H00016,1.5,1.0,1.5
2012-02-03,-0.0013790317547527353,1.1033136775956642,0.008662636605601959,1.1712727439100705,1.H00016,1.5,1.0,1.5,False,1.0,,0.0,1.H00016,1.5,1.0,1.5
2012-02-06,-0.00928366470700892,1.093070883346209,-0.00928366470700892,1.1603990404751512,1.H00905,1.5,1.0,1.5,False,1.0,,0.0,1.H00905,1.5,1.0,1.5
2012-02-07,-0.025949431089815067,1.0647063157825334,-0.025949431089815067,1.1302873455376536,cash,0.0,0.0,1.5,False,1.0,,1.0,cash,0.0,0.0,1.5
2012-02-08,-0.0013790317547527353,1.0632380519635836,-0.0013790317547527353,1.128728643396162,1.H00852,1.5,1.0,1.5,False,1.0,,0.0,1.H00852,1.5,1.0,1.5
2012-02-09,0.014358967967250225,1.0785050530932903,0.014358967967250225,1.1449360218304054,1.H00852,1.5,1.0,1.5,False,1.0,,0.0,1.H00852,1.5,1.0,1.5
2012-02-10,0.008453763889630705,1.0876224801659145,0.008453763889630705,1.1546150406276927,1.H00852,1.5,1.0,1.5,False,1.0,,0.0,1.H00852,1.5,1.0,1.5
2012-02-13,0.021187581604253936,1.1106665702190508,0.021187581604253936,1.1790785410224909,1.H00852,1.5,1.0,1.5,False,1.0,,0.0,1.H00852,1.5,1.0,1.5
2012-02-14,0.0012600395567288203,1.1120660540318632,0.0012600395567288203,1.1805642266246694,1.H00852,1.5,1.0,1.5,False,1.0,,1.0,1.H00852,1.5,1.0,1.5
2012-02-15,0.026962454024371585,1.1420500838857617,0.026962454024371585,1.2123951353078548,1.H00852,1.5,1.0,1.5,False,1.0,,0.0,1.H00852,1.5,1.0,1.5
2012-02-16,0.0007480156671977323,1.1429043552412328,0.0007480156671977323,1.2133020258638993,cash,0.0,0.0,1.5,False,1.0,,0.0,cash,0.0,0.0,1.5
2012-02-17,-0.0013790317547527353,1.1413282538427099,-0.0013790317547527353,1.2116288438421272,0.399606,1.5,1.0,1.5,False,1.0,,0.0,0.399606,1.5,1.0,1.5
2012-02-20,0.006845273210668301,1.1491409575633182,0.006845273210668301,1.2199227743081527,0.399606,1.5,1.0,1.5,False,1.0,,0.0,0.399606,1.5,1.0,1.5
2012-02-21,0.032762182126496064,1.1867893229040238,0.032762182126496064,1.2598901064202968,0.399606,1.5,1.0,1.5,False,1.0,,0.0,0.399606,1.5,1.0,1.5
2012-02-22,0.04609917613606562,1.2414993329369786,0.04609917613606562,1.3179700023482526,0.399606,1.5,1.0,1.5,False,1.0,,0.0,0.399606,1.5,1.0,1.5
2012-02-23,-0.005312867963752299,1.2349034109039978,-0.005312867963752299,1.31096780174559,0.399606,1.5,1.0,1.5,False,1.0,,0.0,0.399606,1.5,1.0,1.5
2012-02-24,0.010618591135260314,1.2480163453159256,0.010618591135260314,1.3248884328238173,0.399606,1.5,1.0,1.5,False,1.0,,0.0,0.399606,1.5,1.0,1.5
2012-02-27,-0.0038294682713937434,1.2432371063193575,-0.0038294682713937434,1.319814814607182,0.399606,1.5,1.0,1.5,False,1.0,,0.0,0.399606,1.5,1.0,1.5
2012-02-28,-0.024923535047748246,1.2122512427273457,-0.024923535047748246,1.2869203638187825,0.399606,1.5,1.0,1.5,False,1.0,,0.0,0.399606,1.5,1.0,1.5
2012-02-29,-0.025004171534537267,1.1819399047112351,-0.025004171534537267,1.2547419862905687,0.399606,1.5,1.0,1.5,False,1.0,,1.0,0.399606,1.5,1.0,1.5
2012-03-01,0.01587124411688645,1.2006987614703966,0.01587124411688645,1.2746563026586932,0.399606,1.5,1.0,1.5,False,1.0,,2.0,0.399606,1.5,1.0,1.5
2012-03-02,0.029264781566364917,1.2358369484518326,0.029264781566364917,1.3119588409281902,0.399606,1.5,1.0,1.5,False,1.0,,3.0,0.399606,1.5,1.0,1.5
2012-03-05,0.0036919791093086296,1.2403996326480284,0.0036919791093086296,1.3168025655611697,0.399606,1.5,1.0,1.5,False,1.0,,0.0,0.399606,1.5,1.0,1.5
2012-03-06,-0.01691472776995606,1.2194186105358336,-0.01691472776995606,1.2945292086379228,0.399606,1.5,1.0,1.5,False,1.0,,1.0,0.399606,1.5,1.0,1.5
2012-03-07,-0.0032120436884401915,1.2155017846842955,-0.0032120436884401915,1.2903711242638158,0.399606,1.5,1.0,1.5,False,1.0,,2.0,0.399606,1.5,1.0,1.5
2012-03-08,0.02484673433693274,1.2457030346144138,0.02484673433693274,1.322432632784448,0.399606,1.5,1.0,1.5,False,1.0,,3.0,0.399606,1.5,1.0,1.5
2012-03-09,0.03143446239734615,1.2848610398142606,0.03143446239734615,1.3640025916527343,0.399606,1.5,1.0,1.5,False,1.0,,0.0,0.399606,1.5,1.0,1.5
2012-03-12,0.016051996137293134,1.3054856242623176,0.016051996137293134,1.3858975559852018,0.399606,1.5,1.0,1.5,False,1.0,,0.0,0.399606,1.5,1.0,1.5
2012-03-13,0.012018487972438985,1.3211755875357063,0.012018487972438985,1.4025539490928425,0.399606,1.5,1.0,1.5,False,1.0,,0.0,0.399606,1.5,1.0,1.5
2012-03-14,-0.0680682378203501,1.231245493440885,-0.0680682378203501,1.3070845733301197,0.399606,1.5,1.0,1.5,False,1.0,,0.0,0.399606,1.5,1.0,1.5
2012-03-15,-0.019911056983920927,1.2067300942597876,-0.019924948277717736,1.2810409808119143,0.399606,1.5,1.0,1.5,False,1.0,,0.0,0.399606,1.48582649677277,1.0,1.48582649677277
2012-03-16,0.03835853288878899,1.253018490268343,0.037986962990006035,1.3297038371386976,0.399606,1.5,1.0,1.5,False,1.0,,1.0,0.399606,1.4759374671649694,1.0,1.4759374671649694
2012-03-19,0.027348934754022558,1.2872872112042757,0.026891724153705887,1.3654618659331557,0.399606,1.5,1.0,1.5,False,1.0,,2.0,0.399606,1.4958329924292038,1.0,1.4958329924292038
2012-03-20,-0.04761401396111764,1.2259942999580271,-0.047481597849716284,1.3006275547357944,cash,0.0,0.0,1.5,False,1.0,,3.0,cash,0.0,0.0,1.4807987017124051
2012-03-21,0.0001211499702025165,1.2261428291309355,0.0001211499702025165,1.3007851257252951,cash,0.0,0.0,1.5,False,1.0,,4.0,cash,0.0,0.0,1.4871161246970321
2012-03-22,0.0001211499702025165,1.2262913762981487,0.0001211499702025165,1.3009427158045166,cash,0.0,0.0,1.5,True,0.0,,5.0,cash,0.0,0.0,1.491196739300691
2012-03-23,0.0001211499702025165,1.2264399414618468,0.0001211499702025165,1.3011003249757715,cash,0.0,0.0,1.5,True,0.0,,6.0,cash,0.0,0.0,1.4922003914606095
2012-03-26,0.0001211499702025165,1.22658852462421,0.0001211499702025165,1.3012579532413728,cash,0.0,0.0,1.5,True,0.0,,7.0,cash,0.0,0.0,1.4940049977067478
2012-03-27,0.0001211499702025165,1.2267371257874191,0.0001211499702025165,1.3014156006036337,cash,0.0,0.0,1.5,True,0.0,,8.0,cash,0.0,0.0,1.4941457354911536
2012-03-28,0.0001211499702025165,1.2268857449536545,0.0001211499702025165,1.3015732670648679,cash,0.0,0.0,1.5,True,0.0,,9.0,cash,0.0,0.0,1.4941457354911536
2012-03-29,0.0001211499702025165,1.2270343821250975,0.0001211499702025165,1.3017309526273892,cash,0.0,0.0,1.5,True,0.0,,10.0,cash,0.0,0.0,1.4941457354911536
2012-03-30,0.0001211499702025165,1.2271830373039294,0.0001211499702025165,1.3018886572935118,cash,0.0,0.0,1.5,True,0.0,,11.0,cash,0.0,0.0,1.4941457354911536
2012-04-05,0.0001211499702025165,1.2273317104923318,0.0001211499702025165,1.3020463810655498,cash,0.0,0.0,1.5,True,0.0,,12.0,cash,0.0,0.0,1.4941457354911536
2012-04-06,0.0001211499702025165,1.2274804016924865,0.0001211499702025165,1.3022041239458182,cash,0.0,0.0,1.5,True,0.0,,13.0,cash,0.0,0.0,1.4941457354911536
2012-04-09,0.0001211499702025165,1.2276291109065758,0.0001211499702025165,1.3023618859366317,cash,0.0,0.0,1.5,True,0.0,,14.0,cash,0.0,0.0,1.4941457354911536
2012-04-10,0.0001211499702025165,1.2277778381367819,0.0001211499702025165,1.3025196670403059,cash,0.0,0.0,1.5,True,0.0,,15.0,cash,0.0,0.0,1.4941457354911536
2012-04-11,0.0001211499702025165,1.2279265833852875,0.0001211499702025165,1.302677467259156,cash,0.0,0.0,1.5,True,0.0,,16.0,cash,0.0,0.0,1.4943679170914717
2012-04-12,0.0001211499702025165,1.2280753466542755,0.0001211499702025165,1.3028352865954977,cash,0.0,0.0,1.5,True,0.0,,17.0,cash,0.0,0.0,1.4945396950253893
2012-04-13,0.0001211499702025165,1.2282241279459292,0.0001211499702025165,1.3029931250516475,cash,0.0,0.0,1.5,False,1.0,,0.0,cash,0.0,0.0,1.4945396950253893
2012-04-16,0.0001211499702025165,1.2283729272624317,0.0001211499702025165,1.3031509826299217,cash,0.0,0.0,1.5,False,1.0,,1.0,cash,0.0,0.0,1.4945396950253893
2012-04-17,0.0001211499702025165,1.228521744605967,0.0001211499702025165,1.3033088593326367,cash,0.0,0.0,1.5,False,1.0,,2.0,cash,0.0,0.0,1.4945396950253893
2012-04-18,0.0001211499702025165,1.2286705799787192,0.0001211499702025165,1.3034667551621095,cash,0.0,0.0,1.5,False,1.0,,0.0,cash,0.0,0.0,1.4945396950253893
2012-04-19,0.0001211499702025165,1.2288194333828724,0.0001211499702025165,1.3036246701206573,cash,0.0,0.0,1.5,False,1.0,,0.0,cash,0.0,0.0,1.4945396950253893
2012-04-20,-0.0013790317547527353,1.2271248523633802,-0.0013735707882623904,1.3018340493549214,1.H00016,1.5,1.0,1.5,False,1.0,,0.0,1.H00016,1.4945396950253893,1.0,1.4945396950253893
2012-04-23,-0.013254629606437307,1.2108597669644496,-0.013205939049262927,1.284642108246885,1.H00016,1.5,1.0,1.5,False,1.0,,0.0,1.H00016,1.4945396950253893,1.0,1.4945396950253893
2012-04-24,0.007400163800398651,1.2198203275792991,0.0073675914127102615,1.2941068264120108,1.H00016,1.5,1.0,1.5,False,1.0,,0.0,1.H00016,1.4885088669377904,1.0,1.4885088669377904
2012-04-25,0.008524588167299951,1.2302187935100135,0.008459673983535865,1.3050545482633247,1.H00016,1.5,1.0,1.5,False,1.0,,1.0,1.H00016,1.4879758767188982,1.0,1.4879758767188982
2012-04-26,0.002409691677017989,1.2331832414976458,0.0023905342570349486,1.3081743258682474,1.H00016,1.5,1.0,1.5,False,1.0,,2.0,1.H00016,1.487165532959776,1.0,1.487165532959776
2012-04-27,0.0002093942238157176,1.2334414629453216,0.00020850094083257886,1.3084470814459639,1.H00016,1.5,1.0,1.5,False,1.0,,3.0,1.H00016,1.4873037417975197,1.0,1.4873037417975197
2012-05-02,0.033037530220719535,1.2741913225528663,0.032758909708387796,1.3513103812452558,1.H00016,1.5,1.0,1.5,False,1.0,,4.0,1.H00016,1.4873140092767145,1.0,1.4873140092767145
2012-05-03,-0.0003203947591597922,1.2737830783309534,0.001149959778640408,1.352864333832147,cash,0.0,0.0,1.5,True,0.0,,5.0,1.H00016,1.4648894613325971,1.0,1.4648894613325971
2012-05-04,-0.0013790317547527353,1.2720264910172683,0.009812711435537524,1.3661396011514726,1.H00016,1.5,1.0,1.5,False,1.0,,0.0,1.H00016,1.4650039163524167,1.0,1.4650039163524167
2012-05-07,-0.006344106041471065,1.2639566200706944,-0.0061942648149909685,1.3576773706876943,1.H00016,1.5,1.0,1.5,False,1.0,,0.0,1.H00016,1.4639998308041597,1.0,1.4639998308041597
2012-05-08,-0.0034538699670084716,1.2595910782610307,-0.003369947874904189,1.35310206871754,1.H00016,1.5,1.0,1.5,False,1.0,,0.0,1.H00016,1.4621146918848102,1.0,1.4621146918848102
2012-05-09,-0.02604926212266201,1.2267796600960426,-0.02538904226680505,1.3187481031035688,1.H00016,1.5,1.0,1.5,False,1.0,,0.0,1.H00016,1.461331924190451,1.0,1.461331924190451
2012-05-10,-0.00031034638381177704,1.226398933464798,-0.0003012633689083444,1.3183508126072863,1.H00016,1.4824047450623081,1.0,1.4824047450623081,False,1.0,,0.0,1.H00016,1.4421494519910159,1.0,1.4421494519910159
2012-05-11,-0.01129648171887132,1.2125449403328696,-0.010986443527204237,1.3038668258555326,1.H00016,1.482365523910689,1.0,1.482365523910689,False,1.0,,0.0,1.H00016,1.4420990146270505,1.0,1.4420990146270505
2012-05-14,-0.013958671058484029,1.1956194243671339,-0.013576705445581205,1.2861646100206272,cash,0.0,0.0,1.4781350368973154,False,1.0,,0.0,cash,0.0,0.0,1.4378066487517536
2012-05-15,0.0001211499702025165,1.1957642736247696,0.0001211499702025165,1.2863204288248067,cash,0.0,0.0,1.4732192285580188,False,1.0,,1.0,cash,0.0,0.0,1.4328475308469462
2012-05-16,0.0001211499702025165,1.1959091404308884,0.0001211499702025165,1.2864762665064298,cash,0.0,0.0,1.4732192285580188,False,1.0,,2.0,cash,0.0,0.0,1.4328475308469462
2012-05-17,0.0001211499702025165,1.1960540247876166,0.0001211499702025165,1.2866321230677833,cash,0.0,0.0,1.4732192285580188,False,1.0,,3.0,cash,0.0,0.0,1.4328475308469462
2012-05-18,0.0001211499702025165,1.1961989266970803,0.0001211499702025165,1.2867879985111546,cash,0.0,0.0,1.4732192285580188,False,1.0,,0.0,cash,0.0,0.0,1.4328475308469462
2012-05-21,0.0001211499702025165,1.196343846161406,0.0001211499702025165,1.286943892838831,cash,0.0,0.0,1.4789525604186333,False,1.0,,1.0,cash,0.0,0.0,1.438597313412423
2012-05-22,0.0001211499702025165,1.1964887831827205,0.0001211499702025165,1.2870998060531007,cash,0.0,0.0,1.492292630136909,False,1.0,,2.0,cash,0.0,0.0,1.4516228524687889
2012-05-23,-0.0013790317547527353,1.194838787156506,-0.0013790317547527353,1.2853248545490175,0.399606,1.5,1.0,1.5,False,1.0,,3.0,0.399606,1.5,1.0,1.5
2012-05-24,-0.0009316551244740179,1.1937256094775313,-0.0009316551244740179,1.284127375061663,0.399606,1.5,1.0,1.5,False,1.0,,4.0,0.399606,1.5,1.0,1.5
2012-05-25,-0.0221363640097324,1.167300864858397,-0.0221363640097324,1.255701464052436,cash,0.0,0.0,1.5,True,0.0,,5.0,cash,0.0,0.0,1.5
2012-05-28,0.0001211499702025165,1.167442283323392,0.0001211499702025165,1.2558535922473892,cash,0.0,0.0,1.5,True,0.0,,6.0,cash,0.0,0.0,1.5
2012-05-29,0.0001211499702025165,1.1675837189212297,0.0001211499702025165,1.2560057388726686,cash,0.0,0.0,1.5,True,0.0,,7.0,cash,0.0,0.0,1.5
2012-05-30,0.0001211499702025165,1.167725171653986,0.0001211499702025165,1.2561579039305073,cash,0.0,0.0,1.5,False,1.0,,0.0,cash,0.0,0.0,1.5
2012-05-31,-0.0013790317547527353,1.166114841561451,-0.0013790317547527353,1.2544256222920036,1.H11077,1.5,1.0,1.5,False,1.0,,0.0,1.H11077,1.5,1.0,1.5
2012-06-01,-0.004850434699229855,1.1604586776706545,-0.004850434699229855,1.2483411127260355,cash,0.0,0.0,1.5,False,1.0,,0.0,cash,0.0,0.0,1.5
2012-06-04,0.0001211499702025165,1.1605992672048755,0.0001211499702025165,1.248492349214645,cash,0.0,0.0,1.5,False,1.0,,0.0,cash,0.0,0.0,1.5
2012-06-05,0.0001211499702025165,1.1607398737715144,0.0001211499702025165,1.2486436040255504,cash,0.0,0.0,1.5,False,1.0,,1.0,cash,0.0,0.0,1.5
2012-06-06,0.0001211499702025165,1.1608804973726348,0.0001211499702025165,1.2487948771609716,cash,0.0,0.0,1.5,False,1.0,,2.0,cash,0.0,0.0,1.5
2012-06-07,0.0001211499702025165,1.1610211380103002,0.0001211499702025165,1.2489461686231287,cash,0.0,0.0,1.5,False,1.0,,3.0,cash,0.0,0.0,1.5
2012-06-08,0.0001211499702025165,1.1611617956865745,0.0001211499702025165,1.249097478414242,cash,0.0,0.0,1.5,False,1.0,,0.0,cash,0.0,0.0,1.5
2012-06-11,-0.0013790317547527353,1.159560516697917,-0.0013790317547527353,1.247374933326727,0.399606,1.5,1.0,1.5,False,1.0,,0.0,0.399606,1.5,1.0,1.5
2012-06-12,0.0016270304902410437,1.1614471570138643,0.0016270304902410437,1.249404450376012,0.399606,1.5,1.0,1.5,False,1.0,,0.0,0.399606,1.5,1.0,1.5
2012-06-13,0.022877107298900246,1.188017708246873,0.022877107298900246,1.2779872100469876,0.399606,1.5,1.0,1.5,False,1.0,,0.0,0.399606,1.5,1.0,1.5
2012-06-14,-0.011188669965928488,1.17472537019562,-0.011188669965928488,1.263688232933094,0.399606,1.5,1.0,1.5,False,1.0,,0.0,0.399606,1.5,1.0,1.5
2012-06-15,0.0026874801353087285,1.177882421292464,0.0026874801353087285,1.2670843699563252,0.399606,1.5,1.0,1.5,False,1.0,,0.0,0.399606,1.5,1.0,1.5
2012-06-18,0.021565630887897758,1.2032841988194005,0.021565630887897758,1.294409843782628,0.399606,1.5,1.0,1.5,False,1.0,,0.0,0.399606,1.5,1.0,1.5
2012-06-19,-0.0105240507923956,1.1906207747933382,-0.0105240507923956,1.2807874088404827,0.399606,1.5,1.0,1.5,False,1.0,,0.0,0.399606,1.5,1.0,1.5
2012-06-20,0.001912641884587618,1.192898005955868,0.001912641884587618,1.2832370964838835,0.399606,1.5,1.0,1.5,False,1.0,,0.0,0.399606,1.5,1.0,1.5
2012-06-21,-0.0185844458172304,1.170728657598699,-0.0185844458172304,1.2593888461936187,0.399606,1.5,1.0,1.5,False,1.0,,0.0,0.399606,1.5,1.0,1.5
2012-06-25,-0.03751169100308516,1.1268126459463998,-0.03751169100308516,1.2121470409424717,0.399606,1.5,1.0,1.5,False,1.0,,1.0,0.399606,1.5,1.0,1.5
2012-06-26,-0.011286531516246923,1.1140948395050203,-0.011286531516246923,1.1984661051625491,cash,0.0,0.0,1.5,False,1.0,,2.0,cash,0.0,0.0,1.5
2012-06-27,0.0001211499702025165,1.1142298120616292,0.0001211499702025165,1.1986112992954783,cash,0.0,0.0,1.5,False,1.0,,0.0,cash,0.0,0.0,1.5
2012-06-28,0.0001211499702025165,1.1143648009701592,0.0001211499702025165,1.1987565110186724,cash,0.0,0.0,1.5,False,1.0,,0.0,cash,0.0,0.0,1.5
2012-06-29,0.0001211499702025165,1.1144998062325915,0.0001211499702025165,1.1989017403342623,cash,0.0,0.0,1.5,False,1.0,,1.0,cash,0.0,0.0,1.5
2012-07-02,0.0001211499702025165,1.1146348278509073,0.0001211499702025165,1.1990469872443796,cash,0.0,0.0,1.5,False,1.0,,0.0,cash,0.0,0.0,1.5
2012-07-03,0.0001211499702025165,1.1147698658270881,0.0001211499702025165,1.1991922517511557,cash,0.0,0.0,1.5,False,1.0,,0.0,cash,0.0,0.0,1.5
2012-07-04,0.0001211499702025165,1.1149049201631158,0.0001211499702025165,1.1993375338567225,cash,0.0,0.0,1.5,False,1.0,,0.0,cash,0.0,0.0,1.5
2012-07-05,0.0001211499702025165,1.1150399908609723,0.0001211499702025165,1.199482833563212,cash,0.0,0.0,1.5,False,1.0,,0.0,cash,0.0,0.0,1.5
2012-07-06,0.0001211499702025165,1.1151750779226397,0.0001211499702025165,1.1996281508727566,cash,0.0,0.0,1.5,False,1.0,,0.0,cash,0.0,0.0,1.5
2012-07-09,0.0001211499702025165,1.1153101813501005,0.0001211499702025165,1.1997734857874889,cash,0.0,0.0,1.5,False,1.0,,0.0,cash,0.0,0.0,1.5
2012-07-10,0.0001211499702025165,1.1154453011453376,0.0001211499702025165,1.1999188383095418,cash,0.0,0.0,1.5,False,1.0,,1.0,cash,0.0,0.0,1.5
2012-07-11,0.0001211499702025165,1.115580437310334,0.0001211499702025165,1.2000642084410484,cash,0.0,0.0,1.5,False,1.0,,2.0,cash,0.0,0.0,1.5
2012-07-12,0.0001211499702025165,1.1157155898470725,0.0001211499702025165,1.2002095961841421,cash,0.0,0.0,1.5,False,1.0,,0.0,cash,0.0,0.0,1.5
2012-07-13,0.0001211499702025165,1.115850758757537,0.0001211499702025165,1.2003550015409565,cash,0.0,0.0,1.5,False,1.0,,1.0,cash,0.0,0.0,1.5
2012-07-16,0.0001211499702025165,1.115985944043711,0.0001211499702025165,1.2005004245136257,cash,0.0,0.0,1.5,False,1.0,,0.0,cash,0.0,0.0,1.5
2012-07-17,0.0001211499702025165,1.1161211457075784,0.0001211499702025165,1.2006458651042837,cash,0.0,0.0,1.5,False,1.0,,1.0,cash,0.0,0.0,1.5
2012-07-18,0.0001211499702025165,1.1162563637511231,0.0001211499702025165,1.2007913233150649,cash,0.0,0.0,1.5,False,1.0,,2.0,cash,0.0,0.0,1.5
2012-07-19,0.0001211499702025165,1.11639159817633,0.0001211499702025165,1.200936799148104,cash,0.0,0.0,1.5,False,1.0,,3.0,cash,0.0,0.0,1.5
2012-07-20,0.0001211499702025165,1.1165268489851834,0.0001211499702025165,1.2010822926055358,cash,0.0,0.0,1.5,False,1.0,,4.0,cash,0.0,0.0,1.5
2012-07-23,0.0001211499702025165,1.1166621161796682,0.0001211499702025165,1.2012278036894957,cash,0.0,0.0,1.5,True,0.0,,5.0,cash,0.0,0.0,1.5
2012-07-24,0.0001211499702025165,1.1167973997617695,0.0001211499702025165,1.2013733324021192,cash,0.0,0.0,1.5,True,0.0,,6.0,cash,0.0,0.0,1.5
2012-07-25,0.0001211499702025165,1.116932699733473,0.0001211499702025165,1.2015188787455418,cash,0.0,0.0,1.5,True,0.0,,7.0,cash,0.0,0.0,1.5
2012-07-26,0.0001211499702025165,1.1170680160967639,0.0001211499702025165,1.2016644427218994,cash,0.0,0.0,1.5,True,0.0,,8.0,cash,0.0,0.0,1.5
2012-07-27,0.0001211499702025165,1.1172033488536282,0.0001211499702025165,1.2018100243333285,cash,0.0,0.0,1.5,True,0.0,,9.0,cash,0.0,0.0,1.5
2012-07-30,0.0001211499702025165,1.117338698006052,0.0001211499702025165,1.2019556235819655,cash,0.0,0.0,1.5,True,0.0,,10.0,cash,0.0,0.0,1.5
2012-07-31,0.0001211499702025165,1.1174740635560216,0.0001211499702025165,1.2021012404699472,cash,0.0,0.0,1.5,True,0.0,,11.0,cash,0.0,0.0,1.5
2012-08-01,0.0001211499702025165,1.1176094455055234,0.0001211499702025165,1.2022468749994104,cash,0.0,0.0,1.5,True,0.0,,12.0,cash,0.0,0.0,1.5
2012-08-02,0.0001211499702025165,1.1177448438565445,0.0001211499702025165,1.2023925271724927,cash,0.0,0.0,1.5,True,0.0,,13.0,cash,0.0,0.0,1.5
2012-08-03,0.0001211499702025165,1.1178802586110717,0.0001211499702025165,1.2025381969913314,cash,0.0,0.0,1.5,False,1.0,,0.0,cash,0.0,0.0,1.5
2012-08-06,0.0001211499702025165,1.1180156897710924,0.0001211499702025165,1.2026838844580643,cash,0.0,0.0,1.5,False,1.0,,0.0,cash,0.0,0.0,1.5
2012-08-07,0.0001211499702025165,1.1181511373385942,0.0001211499702025165,1.2028295895748293,cash,0.0,0.0,1.5,False,1.0,,0.0,cash,0.0,0.0,1.5
2012-08-08,0.0001211499702025165,1.1182866013155646,0.0001211499702025165,1.202975312343765,cash,0.0,0.0,1.5,False,1.0,,0.0,cash,0.0,0.0,1.5
2012-08-09,0.0001211499702025165,1.1184220817039918,0.0001211499702025165,1.2031210527670098,cash,0.0,0.0,1.5,False,1.0,,0.0,cash,0.0,0.0,1.5
2012-08-10,-0.0013790317547527353,1.1168797421381054,-0.0013790317547527353,1.2014619106304325,0.399606,1.5,1.0,1.5,False,1.0,,0.0,0.399606,1.5,1.0,1.5
2012-08-13,-0.0312121927527671,1.08201947634483,-0.0312121927527671,1.1639616498907277,0.399606,1.5,1.0,1.5,False,1.0,,0.0,0.399606,1.5,1.0,1.5
2012-08-14,0.01636525343613826,1.0997269992980507,0.01636525343613826,1.183010177281135,cash,0.0,0.0,1.5,False,1.0,,0.0,cash,0.0,0.0,1.5
2012-08-15,0.0001211499702025165,1.0998602311912467,0.0001211499702025165,1.183153498928862,cash,0.0,0.0,1.5,False,1.0,,1.0,cash,0.0,0.0,1.5
2012-08-16,0.0001211499702025165,1.0999934792254824,0.0001211499702025165,1.1832968379400022,cash,0.0,0.0,1.5,False,1.0,,2.0,cash,0.0,0.0,1.5
2012-08-17,0.0001211499702025165,1.1001267434027135,0.0001211499702025165,1.1834401943166593,cash,0.0,0.0,1.5,False,1.0,,3.0,cash,0.0,0.0,1.5
2012-08-20,0.0001211499702025165,1.1002600237248958,0.0001211499702025165,1.1835835680609372,cash,0.0,0.0,1.5,False,1.0,,4.0,cash,0.0,0.0,1.5
2012-08-21,0.0001211499702025165,1.100393320193985,0.0001211499702025165,1.18372695917494,cash,0.0,0.0,1.5,False,1.0,,0.0,cash,0.0,0.0,1.5
2012-08-22,0.0001211499702025165,1.1005266328119376,0.0001211499702025165,1.183870367660772,cash,0.0,0.0,1.5,False,1.0,,0.0,cash,0.0,0.0,1.5
2012-08-23,-0.0013790317547527353,1.0990089716383389,-0.0013790317547527353,1.182237772830257,1.H00852,1.5,1.0,1.5,False,1.0,,0.0,1.H00852,1.5,1.0,1.5
2012-08-24,-0.03551735034627568,1.0599750849589598,-0.03551735034627568,1.1402478196600443,cash,0.0,0.0,1.5,False,1.0,,0.0,cash,0.0,0.0,1.5
2012-08-27,0.0001211499702025165,1.060103500908918,0.0001211499702025165,1.1403859606494195,cash,0.0,0.0,1.5,False,1.0,,1.0,cash,0.0,0.0,1.5
2012-08-28,0.0001211499702025165,1.0602319324164646,0.0001211499702025165,1.1405241183745716,cash,0.0,0.0,1.5,False,1.0,,2.0,cash,0.0,0.0,1.5
2012-08-29,0.0001211499702025165,1.0603603794834846,0.0001211499702025165,1.1406622928375278,cash,0.0,0.0,1.5,False,1.0,,0.0,cash,0.0,0.0,1.5
2012-08-30,0.0001211499702025165,1.060488842111863,0.0001211499702025165,1.1408004840403163,cash,0.0,0.0,1.5,False,1.0,,0.0,cash,0.0,0.0,1.5
2012-08-31,0.0001211499702025165,1.060617320303485,0.0001211499702025165,1.140938691984965,cash,0.0,0.0,1.5,False,1.0,,1.0,cash,0.0,0.0,1.5
2012-09-03,0.0001211499702025165,1.060745814060236,0.0001211499702025165,1.1410769166735018,cash,0.0,0.0,1.5,False,1.0,,2.0,cash,0.0,0.0,1.5
2012-09-04,0.0001211499702025165,1.0608743233840017,0.0001211499702025165,1.1412151581079555,cash,0.0,0.0,1.5,False,1.0,,0.0,cash,0.0,0.0,1.5
2012-09-05,0.0001211499702025165,1.0610028482766682,0.0001211499702025165,1.141353416290355,cash,0.0,0.0,1.5,False,1.0,,0.0,cash,0.0,0.0,1.5
2012-09-06,0.0001211499702025165,1.0611313887401217,0.0001211499702025165,1.141491691222729,cash,0.0,0.0,1.5,False,1.0,,0.0,cash,0.0,0.0,1.5
2012-09-07,0.0001211499702025165,1.0612599447762485,0.0001211499702025165,1.141629982907107,cash,0.0,0.0,1.5,False,1.0,,0.0,cash,0.0,0.0,1.5
2012-09-10,0.0001211499702025165,1.0613885163869352,0.0001211499702025165,1.1417682913455185,cash,0.0,0.0,1.5,False,1.0,,0.0,cash,0.0,0.0,1.5
2012-09-11,0.0001211499702025165,1.0615171035740687,0.0001211499702025165,1.1419066165399931,cash,0.0,0.0,1.5,False,1.0,,0.0,cash,0.0,0.0,1.5
2012-09-12,0.0001211499702025165,1.0616457063395361,0.0001211499702025165,1.142044958492561,cash,0.0,0.0,1.5,False,1.0,,0.0,cash,0.0,0.0,1.5
2012-09-13,0.0001211499702025165,1.0617743246852247,0.0001211499702025165,1.1421833172052522,cash,0.0,0.0,1.5,False,1.0,,0.0,cash,0.0,0.0,1.5
2012-09-14,0.0001211499702025165,1.0619029586130222,0.0001211499702025165,1.1423216926800974,cash,0.0,0.0,1.5,False,1.0,,1.0,cash,0.0,0.0,1.5
2012-09-17,0.0001211499702025165,1.0620316081248162,0.0001211499702025165,1.1424600849191273,cash,0.0,0.0,1.5,False,1.0,,2.0,cash,0.0,0.0,1.5
2012-09-18,0.0001211499702025165,1.0621602732224946,0.0001211499702025165,1.1425984939243727,cash,0.0,0.0,1.5,False,1.0,,3.0,cash,0.0,0.0,1.5
2012-09-19,0.0001211499702025165,1.0622889539079459,0.0001211499702025165,1.1427369196978652,cash,0.0,0.0,1.5,False,1.0,,4.0,cash,0.0,0.0,1.5
2012-09-20,0.0001211499702025165,1.0624176501830582,0.0001211499702025165,1.1428753622416359,cash,0.0,0.0,1.5,True,0.0,,5.0,cash,0.0,0.0,1.5
2012-09-21,0.0001211499702025165,1.0625463620497206,0.0001211499702025165,1.1430138215577166,cash,0.0,0.0,1.5,True,0.0,,6.0,cash,0.0,0.0,1.5
2012-09-24,0.0001211499702025165,1.0626750895098218,0.0001211499702025165,1.1431522976481394,cash,0.0,0.0,1.5,True,0.0,,7.0,cash,0.0,0.0,1.5
2012-09-25,0.0001211499702025165,1.062803832565251,0.0001211499702025165,1.1432907905149363,cash,0.0,0.0,1.5,True,0.0,,8.0,cash,0.0,0.0,1.5
2012-09-26,0.0001211499702025165,1.0629325912178973,0.0001211499702025165,1.14342930016014,cash,0.0,0.0,1.5,True,0.0,,9.0,cash,0.0,0.0,1.5
2012-09-27,0.0001211499702025165,1.0630613654696506,0.0001211499702025165,1.1435678265857832,cash,0.0,0.0,1.5,True,0.0,,10.0,cash,0.0,0.0,1.5
2012-09-28,0.0001211499702025165,1.0631901553224006,0.0001211499702025165,1.1437063697938985,cash,0.0,0.0,1.5,True,0.0,,11.0,cash,0.0,0.0,1.5
2012-10-08,0.0001211499702025165,1.0633189607780376,0.0001211499702025165,1.1438449297865194,cash,0.0,0.0,1.5,True,0.0,,12.0,cash,0.0,0.0,1.5
2012-10-09,0.0001211499702025165,1.0634477818384516,0.0001211499702025165,1.1439835065656794,cash,0.0,0.0,1.5,False,1.0,,0.0,cash,0.0,0.0,1.5
2012-10-10,0.0001211499702025165,1.0635766185055333,0.0001211499702025165,1.1441221001334119,cash,0.0,0.0,1.5,False,1.0,,0.0,cash,0.0,0.0,1.5
2012-10-11,0.0001211499702025165,1.0637054707811733,0.0001211499702025165,1.144260710491751,cash,0.0,0.0,1.5,False,1.0,,0.0,cash,0.0,0.0,1.5
2012-10-12,0.0001211499702025165,1.0638343386672626,0.0001211499702025165,1.144399337642731,cash,0.0,0.0,1.5,False,1.0,,0.0,cash,0.0,0.0,1.5
2012-10-15,0.0001211499702025165,1.0639632221656925,0.0001211499702025165,1.1445379815883863,cash,0.0,0.0,1.5,False,1.0,,0.0,cash,0.0,0.0,1.5
2012-10-16,0.0001211499702025165,1.0640921212783545,0.0001211499702025165,1.1446766423307513,cash,0.0,0.0,1.5,False,1.0,,1.0,cash,0.0,0.0,1.5
2012-10-17,0.0001211499702025165,1.06422103600714,0.0001211499702025165,1.1448153198718611,cash,0.0,0.0,1.5,False,1.0,,2.0,cash,0.0,0.0,1.5
2012-10-18,-0.0013790317547527353,1.0627534414044104,-0.0013790317547527353,1.1432365831924305,1.H00016,1.5,1.0,1.5,False,1.0,,0.0,1.H00016,1.5,1.0,1.5
2012-10-19,-0.0033004883806047047,1.0592458360196075,-0.0033004883806047047,1.1394633441333217,cash,0.0,0.0,1.5,False,1.0,,1.0,cash,0.0,0.0,1.5
2012-10-22,-0.0013790317547527353,1.0577851023756468,-0.0013790317547527353,1.137891987998385,1.H00016,1.5,1.0,1.5,False,1.0,,2.0,1.H00016,1.5,1.0,1.5
2012-10-23,-0.01606313455542896,1.0407937579454587,-0.01606313455542896,1.1196138758856224,1.H00016,1.5,1.0,1.5,False,1.0,,3.0,1.H00016,1.5,1.0,1.5
2012-10-24,-0.0020566200061220563,1.038653240680621,-0.0020566200061220563,1.1173112555893443,1.H00016,1.5,1.0,1.5,False,1.0,,4.0,1.H00016,1.5,1.0,1.5
2012-10-25,-0.011427702976805842,1.0267838199502262,-0.012912789051452656,1.1028836510411053,cash,0.0,0.0,1.5,True,0.0,,5.0,1.H20955,1.5,1.0,1.5
2012-10-26,0.0001211499702025165,1.0269082147794175,-0.030997302504986557,1.0686972328819802,cash,0.0,0.0,1.5,True,0.0,,6.0,cash,0.0,0.0,1.5
2012-10-29,0.0001211499702025165,1.0270326246790387,0.0001211499702025165,1.0688267055198992,cash,0.0,0.0,1.5,True,0.0,,7.0,cash,0.0,0.0,1.5
2012-10-30,0.0001211499702025165,1.0271570496509155,-0.0013790317547527353,1.0673527595526595,cash,0.0,0.0,1.5,True,0.0,,8.0,1.H20955,1.5,1.0,1.5
2012-10-31,0.0001211499702025165,1.027281489696874,0.003304952454281196,1.0708803096749269,cash,0.0,0.0,1.5,True,0.0,,9.0,cash,0.0,0.0,1.5
2012-11-01,0.0001211499702025165,1.0274059448187405,0.0001211499702025165,1.0710100467925345,cash,0.0,0.0,1.5,False,1.0,,0.0,cash,0.0,0.0,1.5
2012-11-02,0.0001211499702025165,1.027530415018341,0.0001211499702025165,1.07113979962779,cash,0.0,0.0,1.5,False,1.0,,1.0,cash,0.0,0.0,1.5
2012-11-05,0.0001211499702025165,1.0276549002975028,0.0001211499702025165,1.0712695681825977,cash,0.0,0.0,1.5,False,1.0,,2.0,cash,0.0,0.0,1.5
2012-11-06,0.0001211499702025165,1.0277794006580523,0.0001211499702025165,1.0713993524588619,cash,0.0,0.0,1.5,False,1.0,,0.0,cash,0.0,0.0,1.5
2012-11-07,0.0001211499702025165,1.0279039161018169,0.0001211499702025165,1.0715291524584873,cash,0.0,0.0,1.5,False,1.0,,1.0,cash,0.0,0.0,1.5
2012-11-08,0.0001211499702025165,1.0280284466306235,0.0001211499702025165,1.0716589681833788,cash,0.0,0.0,1.5,False,1.0,,2.0,cash,0.0,0.0,1.5
2012-11-09,0.0001211499702025165,1.0281529922463002,0.0001211499702025165,1.0717887996354414,cash,0.0,0.0,1.5,False,1.0,,3.0,cash,0.0,0.0,1.5
2012-11-12,0.0001211499702025165,1.0282775529506745,0.0001211499702025165,1.0719186468165807,cash,0.0,0.0,1.5,False,1.0,,4.0,cash,0.0,0.0,1.5
2012-11-13,0.0001211499702025165,1.0284021287455745,0.0001211499702025165,1.072048509728702,cash,0.0,0.0,1.5,False,1.0,,0.0,cash,0.0,0.0,1.5
2012-11-14,0.0001211499702025165,1.0285267196328283,0.0001211499702025165,1.0721783883737113,cash,0.0,0.0,1.5,False,1.0,,0.0,cash,0.0,0.0,1.5
2012-11-15,0.0001211499702025165,1.0286513256142642,0.0001211499702025165,1.0723082827535144,cash,0.0,0.0,1.5,False,1.0,,0.0,cash,0.0,0.0,1.5
2012-11-16,0.0001211499702025165,1.0287759466917112,0.0001211499702025165,1.072438192870018,cash,0.0,0.0,1.5,False,1.0,,1.0,cash,0.0,0.0,1.5
2012-11-19,0.0001211499702025165,1.028900582866998,0.0001211499702025165,1.0725681187251281,cash,0.0,0.0,1.5,False,1.0,,2.0,cash,0.0,0.0,1.5
2012-11-20,0.0001211499702025165,1.0290252341419537,0.0001211499702025165,1.0726980603207519,cash,0.0,0.0,1.5,False,1.0,,0.0,cash,0.0,0.0,1.5
2012-11-21,0.0001211499702025165,1.0291499005184077,0.0001211499702025165,1.072828017658796,cash,0.0,0.0,1.5,False,1.0,,0.0,cash,0.0,0.0,1.5
2012-11-22,0.0001211499702025165,1.0292745819981894,0.0001211499702025165,1.072957990741168,cash,0.0,0.0,1.5,False,1.0,,1.0,cash,0.0,0.0,1.5
2012-11-23,0.0001211499702025165,1.0293992785831287,0.0001211499702025165,1.0730879795697748,cash,0.0,0.0,1.5,False,1.0,,0.0,cash,0.0,0.0,1.5
2012-11-26,0.0001211499702025165,1.0295239902750555,0.0001211499702025165,1.0732179841465244,cash,0.0,0.0,1.5,False,1.0,,1.0,cash,0.0,0.0,1.5
2012-11-27,0.0001211499702025165,1.0296487170758,0.0001211499702025165,1.0733480044733246,cash,0.0,0.0,1.5,False,1.0,,0.0,cash,0.0,0.0,1.5
2012-11-28,0.0001211499702025165,1.0297734589871927,0.0001211499702025165,1.0734780405520834,cash,0.0,0.0,1.5,False,1.0,,1.0,cash,0.0,0.0,1.5
2012-11-29,0.0001211499702025165,1.0298982160110643,0.0001211499702025165,1.0736080923847093,cash,0.0,0.0,1.5,False,1.0,,2.0,cash,0.0,0.0,1.5
2012-11-30,0.0001211499702025165,1.0300229881492458,0.0001211499702025165,1.0737381599731108,cash,0.0,0.0,1.5,False,1.0,,3.0,cash,0.0,0.0,1.5
2012-12-03,0.0001211499702025165,1.030147775403568,0.0001211499702025165,1.0738682433191968,cash,0.0,0.0,1.5,False,1.0,,4.0,cash,0.0,0.0,1.5
2012-12-04,0.0001211499702025165,1.0302725777758623,0.0001211499702025165,1.0739983424248765,cash,0.0,0.0,1.5,True,0.0,,5.0,cash,0.0,0.0,1.5
2012-12-05,0.0001211499702025165,1.0303973952679604,0.0001211499702025165,1.0741284572920589,cash,0.0,0.0,1.5,False,1.0,,0.0,cash,0.0,0.0,1.5
2012-12-06,0.0001211499702025165,1.030522227881694,0.0001211499702025165,1.0742585879226534,cash,0.0,0.0,1.5,False,1.0,,0.0,cash,0.0,0.0,1.5
2012-12-07,0.0001211499702025165,1.0306470756188948,0.0001211499702025165,1.07438873431857,cash,0.0,0.0,1.5,False,1.0,,0.0,cash,0.0,0.0,1.5
2012-12-10,-0.0013790317547527353,1.0292257805736733,-0.0013790317547527353,1.0729071181369962,1.H00016,1.5,1.0,1.5,False,1.0,,0.0,1.H00016,1.5,1.0,1.5
2012-12-11,-0.007567965072218241,1.0214366358148652,-0.007567965072218241,1.0647873945412012,1.H00016,1.5,1.0,1.5,False,1.0,,0.0,1.H00016,1.5,1.0,1.5
2012-12-12,0.010989930382960589,1.032662153333076,0.010989930382960589,1.076489333879863,1.H00016,1.5,1.0,1.5,False,1.0,,0.0,1.H00016,1.5,1.0,1.5
2012-12-13,-0.01952670625730457,1.0124976628019053,-0.01952670625730457,1.0554690428680693,1.H00016,1.5,1.0,1.5,False,1.0,,0.0,1.H00016,1.5,1.0,1.5
2012-12-14,0.08470876766516588,1.0982650920817154,0.08470876766516588,1.1448765247981556,1.H00016,1.5,1.0,1.5,False,1.0,,0.0,1.H00016,1.5,1.0,1.5
2012-12-17,0.009306662627500462,1.1084862747692807,0.009306662627500462,1.1555315043645973,1.H00016,1.5,1.0,1.5,False,1.0,,0.0,1.H00016,1.5,1.0,1.5
2012-12-18,0.005121889399397173,1.1141638188693987,0.005121889399397173,1.1614500089274717,1.H00016,1.5,1.0,1.5,False,1.0,,0.0,1.H00016,1.5,1.0,1.5
2012-12-19,-0.0007793242132483336,1.1132955240278286,-0.0007793242132483336,1.160544862813037,1.H00016,1.5,1.0,1.5,False,1.0,,0.0,1.H00016,1.5,1.0,1.5
2012-12-20,0.0067448693703831,1.1208045569080285,0.0067448693703831,1.1683725863111802,1.H00016,1.5,1.0,1.5,False,1.0,,0.0,1.H00016,1.5,1.0,1.5
2012-12-21,-0.014965178358740783,1.1040315168086103,-0.014965178358740783,1.1508876821675702,1.H00905,1.5,1.0,1.5,False,1.0,,0.0,1.H00905,1.5,1.0,1.5
2012-12-24,0.004957123520018536,1.109504337407424,0.004957123520018536,1.1565927745657427,1.H00852,1.5,1.0,1.5,False,1.0,,0.0,1.H00852,1.5,1.0,1.5
2012-12-25,0.03118715120017468,1.144106616935399,0.03118715120017468,1.192663608303154,0.399606,1.5,1.0,1.5,False,1.0,,0.0,0.399606,1.5,1.0,1.5
2012-12-26,0.03226737743630892,1.1810239369714322,0.03226737743630892,1.231147735106822,0.399606,1.5,1.0,1.5,False,1.0,,0.0,0.399606,1.5,1.0,1.5
2012-12-27,-0.020166754464461256,1.1572065172178778,-0.020166754464461256,1.2063194810234452,0.399606,1.5,1.0,1.5,False,1.0,,0.0,0.399606,1.5,1.0,1.5
2012-12-28,0.01730507306547846,1.1772320605501811,0.01730507306547846,1.227194927782866,0.399606,1.5,1.0,1.5,False,1.0,,0.0,0.399606,1.5,1.0,1.5
2012-12-31,0.013064607309097198,1.1926121351329486,0.013064607309097198,1.243227747606065,0.399606,1.5,1.0,1.5,False,1.0,,0.0,0.399606,1.5,1.0,1.5
2013-01-04,-0.017966645562969452,1.1711848956069186,-0.017966645562969452,1.220891115310778,0.399606,1.5,1.0,1.5,False,1.0,,0.0,0.399606,1.5,1.0,1.5
2013-01-07,0.02709167829657999,1.2029142600245148,0.02709167829657999,1.2539671046419303,0.399606,1.5,1.0,1.5,False,1.0,,0.0,0.399606,1.5,1.0,1.5
2013-01-08,0.03133100191639193,1.240602769010598,0.03133100191639193,1.293255150400559,0.399606,1.5,1.0,1.5,False,1.0,,0.0,0.399606,1.5,1.0,1.5
2013-01-09,0.002734705883647992,1.2439954527022814,0.002734705883647992,1.2967918228694175,0.399606,1.5,1.0,1.5,False,1.0,,0.0,0.399606,1.5,1.0,1.5
2013-01-10,0.0135686720274375,1.2608748190036223,0.0135686720274375,1.3143875658017954,0.399606,1.5,1.0,1.5,False,1.0,,0.0,0.399606,1.5,1.0,1.5
2013-01-11,-0.0194749607266671,1.2363193314222833,-0.0194749607266671,1.2887899195781858,0.399606,1.5,1.0,1.5,False,1.0,,0.0,0.399606,1.5,1.0,1.5
2013-01-14,0.059329203604752134,1.3096691727567271,0.059329203604752134,1.365252799120592,0.399606,1.5,1.0,1.5,False,1.0,,0.0,0.399606,1.5,1.0,1.5
2013-01-15,0.03554986195515397,1.3562277310551494,0.03554986195515397,1.4137873476632166,0.399606,1.5,1.0,1.5,False,1.0,,0.0,0.399606,1.5,1.0,1.5
2013-01-16,-0.00799457821677163,1.3453852623794742,-0.00799457821677163,1.4024847141304408,0.399606,1.5,1.0,1.5,False,1.0,,0.0,0.399606,1.5,1.0,1.5
2013-01-17,-0.01203438109447108,1.3291943834131146,-0.01203438109447108,1.3856066786014247,0.399606,1.5,1.0,1.5,False,1.0,,1.0,0.399606,1.5,1.0,1.5
2013-01-18,0.0371861244315399,1.3786219711484187,0.0371861244315399,1.43713202096507,0.399606,1.5,1.0,1.5,False,1.0,,2.0,0.399606,1.5,1.0,1.5
2013-01-21,0.009882128081969643,1.3922456900439248,0.009882128081969643,1.4513339436669468,0.399606,1.5,1.0,1.5,False,1.0,,3.0,0.399606,1.5,1.0,1.5
2013-01-22,-0.03311489046129168,1.346141626522915,-0.03311489046129168,1.4032731790996613,0.399606,1.5,1.0,1.5,False,1.0,,4.0,0.399606,1.5,1.0,1.5
2013-01-23,0.004896726483110347,1.3527333138755269,0.00640633598709095,1.412263018566647,cash,0.0,0.0,1.5,True,0.0,,5.0,0.399606,1.5,1.0,1.5
2013-01-24,0.0001211499702025165,1.3528971974761947,-0.039774979742496885,1.3560902856120811,cash,0.0,0.0,1.5,True,0.0,,6.0,0.399606,1.5,1.0,1.5
2013-01-25,0.0001211499702025165,1.353061100931356,0.009802470692278131,1.3693833208928765,cash,0.0,0.0,1.5,True,0.0,,7.0,0.399606,1.5,1.0,1.5
2013-01-28,0.0001211499702025165,1.353225024243416,0.04301854835763774,1.4282922035028494,cash,0.0,0.0,1.5,True,0.0,,8.0,0.399606,1.5,1.0,1.5
2013-01-29,0.0001211499702025165,1.3533889674147805,0.013146759500508143,1.447069617598752,cash,0.0,0.0,1.5,True,0.0,,9.0,0.399606,1.5,1.0,1.5
2013-01-30,0.0001211499702025165,1.3535529304478553,-0.015201179616052829,1.4250724524247005,cash,0.0,0.0,1.5,True,0.0,,10.0,0.399606,1.5,1.0,1.5
2013-01-31,0.0001211499702025165,1.3537169133450466,-0.014753546439473464,1.4040475798182384,cash,0.0,0.0,1.5,True,0.0,,11.0,0.399606,1.5,1.0,1.5
2013-02-01,0.0001211499702025165,1.353880916108761,0.009195163984220933,1.4169580275563156,cash,0.0,0.0,1.5,True,0.0,,12.0,1.H00016,1.5,1.0,1.5
2013-02-04,0.0001211499702025165,1.3540449387414053,0.006995999201170333,1.4268710647851914,cash,0.0,0.0,1.5,True,0.0,,13.0,1.H00016,1.5,1.0,1.5
2013-02-05,0.0001211499702025165,1.3542089812453868,0.0025247361077405106,1.4304735376835447,cash,0.0,0.0,1.5,True,0.0,,14.0,1.H00016,1.5,1.0,1.5
2013-02-06,0.0001211499702025165,1.3543730436231127,0.006857137358047272,1.4402824912184926,cash,0.0,0.0,1.5,True,0.0,,15.0,1.H00016,1.5,1.0,1.5
2013-02-07,0.0001211499702025165,1.3545371258769907,-0.021651498213227205,1.409098217433333,cash,0.0,0.0,1.5,True,0.0,,16.0,1.H00016,1.5,1.0,1.5
2013-02-08,0.0001211499702025165,1.3547012280094288,-0.004566785224422554,1.4026631685141984,cash,0.0,0.0,1.5,True,0.0,,17.0,1.H00016,1.5,1.0,1.5
2013-02-18,-0.0013790317547527353,1.3528330519978014,-0.020513566654511095,1.3738895441130545,1.H00016,1.5,1.0,1.5,False,1.0,,0.0,1.H00016,1.5,1.0,1.5
2013-02-19,-0.024999927306399217,1.319012324040162,-0.024999927306399217,1.3395424053832061,1.H00016,1.5,1.0,1.5,False,1.0,,0.0,1.H00016,1.5,1.0,1.5
2013-02-20,-0.005155541645333939,1.3122121010728645,-0.005155541645333939,1.3326363387265623,0.399606,1.5,1.0,1.5,False,1.0,,0.0,0.399606,1.5,1.0,1.5
2013-02-21,-0.02043785501097717,1.2853933004074876,-0.02043785501097717,1.3054001104533093,0.399606,1.5,1.0,1.5,False,1.0,,0.0,0.399606,1.5,1.0,1.5
2013-02-22,-0.0010267189581194547,1.2840735627373194,-0.0010267189581194547,1.3040598314119756,0.399606,1.5,1.0,1.5,False,1.0,,0.0,0.399606,1.5,1.0,1.5
2013-02-25,0.03022558794730701,1.3228854411386481,0.03022558794730701,1.3434758065348686,0.399606,1.5,1.0,1.5,False,1.0,,0.0,0.399606,1.5,1.0,1.5
2013-02-26,-0.007917315816032167,1.3124117393127224,-0.007917315816032167,1.3328390842833335,0.399606,1.5,1.0,1.5,False,1.0,,0.0,0.399606,1.5,1.0,1.5
2013-02-27,-0.00908451180022296,1.3004891193801849,-0.00908451180022296,1.3207308918943632,0.399606,1.5,1.0,1.5,False,1.0,,0.0,0.399606,1.5,1.0,1.5
2013-02-28,0.02653034994694048,1.3349915508195296,0.02653034994694048,1.3557703446420555,0.399606,1.5,1.0,1.5,False,1.0,,0.0,0.399606,1.5,1.0,1.5
2013-03-01,0.04139111892413072,1.3902483448622105,0.04139111892413072,1.4118871962109445,0.399606,1.5,1.0,1.5,False,1.0,,0.0,0.399606,1.5,1.0,1.5
2013-03-04,-0.03631555949009402,1.339760698388362,-0.03633764768306347,1.360582536706803,0.399606,1.5,1.0,1.5,False,1.0,,0.0,0.399606,1.4770794338468503,1.0,1.4770794338468503
2013-03-05,0.0426755865574755,1.3969357720387385,0.04198601558605852,1.4177079762990938,0.399606,1.5,1.0,1.5,False,1.0,,0.0,0.399606,1.4393422336555655,1.0,1.4393422336555655
2013-03-06,0.024940531748264494,1.431776093011557,0.02390293940253896,1.4515953641470671,0.399606,1.5,1.0,1.5,False,1.0,,0.0,0.399606,1.4062020019163621,1.0,1.4062020019163621
2013-03-07,-0.04253189065425711,1.37087994878221,-0.03987316518607631,1.3937156624090885,0.399606,1.5,1.0,1.5,False,1.0,,0.0,0.399606,1.397396561943151,1.0,1.397396561943151
2013-03-08,-0.021698076639939057,1.341134490589378,-0.02022250189444008,1.36553124478571,0.399606,1.4726883286051726,1.0,1.4726883286051726,False,1.0,,1.0,0.399606,1.354733123271161,1.0,1.354733123271161
2013-03-11,0.007510469769932637,1.3512070406383636,0.0069210178162784075,1.3749821108595568,0.399606,1.4573872516404693,1.0,1.4573872516404693,False,1.0,,2.0,0.399606,1.343029584032242,1.0,1.343029584032242
2013-03-12,-0.050472417687118964,1.283008354501488,-0.046507648005378766,1.3110349268340078,cash,0.0,0.0,1.4573459822381052,False,1.0,,3.0,cash,0.0,0.0,1.342915584948888
2013-03-13,0.0001211499702025165,1.2831637909254054,0.0001211499702025165,1.3111937586763283,cash,0.0,0.0,1.393201417301941,False,1.0,,4.0,cash,0.0,0.0,1.2927165379934977
2013-03-14,0.0001211499702025165,1.283319246180441,0.0001211499702025165,1.3113526097611217,cash,0.0,0.0,1.393201417301941,True,0.0,,5.0,cash,0.0,0.0,1.2927165379934977
2013-03-15,0.0001211499702025165,1.283474720268876,0.0001211499702025165,1.3115114800907193,cash,0.0,0.0,1.393201417301941,True,0.0,,6.0,cash,0.0,0.0,1.2927165379934977
2013-03-18,0.0001211499702025165,1.2836302131929924,0.0001211499702025165,1.3116703696674525,cash,0.0,0.0,1.393201417301941,True,0.0,,7.0,cash,0.0,0.0,1.2927165379934977
2013-03-19,0.0001211499702025165,1.2837857249550717,0.0001211499702025165,1.3118292784936534,cash,0.0,0.0,1.393201417301941,True,0.0,,8.0,cash,0.0,0.0,1.2927165379934977
2013-03-20,0.0001211499702025165,1.2839412555573964,0.0001211499702025165,1.3119882065716537,cash,0.0,0.0,1.393201417301941,True,0.0,,9.0,cash,0.0,0.0,1.2927165379934977
2013-03-21,0.0001211499702025165,1.284096805002249,0.0001211499702025165,1.312147153903786,cash,0.0,0.0,1.393201417301941,False,1.0,,0.0,cash,0.0,0.0,1.2927165379934977
2013-03-22,0.0001211499702025165,1.2842523732919122,0.0001211499702025165,1.3123061204923827,cash,0.0,0.0,1.393201417301941,False,1.0,,1.0,cash,0.0,0.0,1.2927165379934977
2013-03-25,0.0001211499702025165,1.2844079604286691,0.0001211499702025165,1.312465106339777,cash,0.0,0.0,1.393201417301941,False,1.0,,2.0,cash,0.0,0.0,1.2927165379934977
2013-03-26,0.0001211499702025165,1.284563566414803,0.0001211499702025165,1.312624111448302,cash,0.0,0.0,1.393201417301941,False,1.0,,3.0,cash,0.0,0.0,1.2927165379934977
2013-03-27,0.0001211499702025165,1.2847191912525973,0.0001211499702025165,1.312783135820291,cash,0.0,0.0,1.393201417301941,False,1.0,,4.0,cash,0.0,0.0,1.2927165379934977
2013-03-28,0.0001211499702025165,1.2848748349443362,0.0001211499702025165,1.312942179458078,cash,0.0,0.0,1.393201417301941,False,1.0,,0.0,cash,0.0,0.0,1.2927165379934977
2013-03-29,0.0001211499702025165,1.2850304974923037,0.0001211499702025165,1.313101242363997,cash,0.0,0.0,1.393201417301941,False,1.0,,1.0,cash,0.0,0.0,1.2927165379934977
2013-04-01,0.0001211499702025165,1.2851861788987842,0.0001211499702025165,1.3132603245403822,cash,0.0,0.0,1.393201417301941,False,1.0,,2.0,cash,0.0,0.0,1.2927165379934977
2013-04-02,0.0001211499702025165,1.2853418791660625,0.0001211499702025165,1.3134194259895684,cash,0.0,0.0,1.393201417301941,False,1.0,,0.0,cash,0.0,0.0,1.2927165379934977
2013-04-03,0.0001211499702025165,1.2854975982964234,0.0001211499702025165,1.3135785467138905,cash,0.0,0.0,1.393201417301941,False,1.0,,1.0,cash,0.0,0.0,1.2927165379934977
2013-04-08,0.0001211499702025165,1.2856533362921525,0.0001211499702025165,1.3137376867156836,cash,0.0,0.0,1.393201417301941,False,1.0,,2.0,cash,0.0,0.0,1.2927165379934977
2013-04-09,0.0001211499702025165,1.285809093155535,0.0001211499702025165,1.313896845997283,cash,0.0,0.0,1.393201417301941,False,1.0,,3.0,cash,0.0,0.0,1.2927165379934977
2013-04-10,0.0001211499702025165,1.285964868888857,0.0001211499702025165,1.3140560245610249,cash,0.0,0.0,1.393201417301941,False,1.0,,4.0,cash,0.0,0.0,1.2927165379934977
2013-04-11,0.0001211499702025165,1.2861206634944042,0.0001211499702025165,1.314215222409245,cash,0.0,0.0,1.393201417301941,True,0.0,,5.0,cash,0.0,0.0,1.2927165379934977
2013-04-12,0.0001211499702025165,1.2862764769744635,0.0001211499702025165,1.3143744395442796,cash,0.0,0.0,1.393201417301941,True,0.0,,6.0,cash,0.0,0.0,1.2927165379934977
2013-04-15,0.0001211499702025165,1.286432309331321,0.0001211499702025165,1.3145336759684654,cash,0.0,0.0,1.393201417301941,True,0.0,,7.0,cash,0.0,0.0,1.2927165379934977
2013-04-16,0.0001211499702025165,1.286588160567264,0.0001211499702025165,1.3146929316841391,cash,0.0,0.0,1.393201417301941,True,0.0,,8.0,cash,0.0,0.0,1.2927165379934977
2013-04-17,0.0001211499702025165,1.2867440306845797,0.0001211499702025165,1.3148522066936381,cash,0.0,0.0,1.3954145686015709,True,0.0,,9.0,cash,0.0,0.0,1.2944093491392836
2013-04-18,0.0001211499702025165,1.2868999196855553,0.0001211499702025165,1.3150115009992998,cash,0.0,0.0,1.3964684286021483,False,1.0,,0.0,cash,0.0,0.0,1.2953560403249165
2013-04-19,0.0001211499702025165,1.2870558275724788,0.0001211499702025165,1.3151708146034617,cash,0.0,0.0,1.4071803505617508,False,1.0,,0.0,cash,0.0,0.0,1.3036970556629959
2013-04-22,0.0001211499702025165,1.2872117543476382,0.0001211499702025165,1.3153301475084622,cash,0.0,0.0,1.5,False,1.0,,0.0,cash,0.0,0.0,1.4350839145453116
2013-04-23,0.0001211499702025165,1.2873677000133217,0.0001211499702025165,1.3154894997166393,cash,0.0,0.0,1.5,False,1.0,,0.0,cash,0.0,0.0,1.4362138814086587
2013-04-24,-0.0013790317547527353,1.2855923790749604,-0.0013154010959905982,1.313759103386948,0.399606,1.5,1.0,1.5,False,1.0,,0.0,0.399606,1.436377049156455,1.0,1.436377049156455
2013-04-25,-0.032183049558130006,1.2442180958276368,-0.030812944136813014,1.2732783175250564,0.399606,1.5,1.0,1.5,False,1.0,,0.0,0.399606,1.436466723379363,1.0,1.436466723379363
2013-04-26,-0.025146329818663937,1.212930577223605,-0.024077560859270153,1.2426208813440578,cash,0.0,0.0,1.5,False,1.0,,0.0,cash,0.0,0.0,1.4118504664347804
2013-05-02,-0.0013790317547527353,1.211257907441303,-0.0012813600860573926,1.2410286365446022,0.399606,1.5,1.0,1.5,False,1.0,,1.0,0.399606,1.4023401627909042,1.0,1.4023401627909042
2013-05-03,0.04190771921720593,1.2620189637259736,0.03918615822833971,1.2896597810621395,0.399606,1.5,1.0,1.5,False,1.0,,0.0,0.399606,1.4032844477064468,1.0,1.4032844477064468
2013-05-06,0.03007702675346602,1.299976741861341,0.028133531024364666,1.3259424645235265,0.399606,1.5,1.0,1.5,False,1.0,,0.0,0.399606,1.3915841419575123,1.0,1.3915841419575123
2013-05-07,-0.0008594770069378921,1.2988594417421573,-0.0007913013542422132,1.3248932444557018,0.399606,1.5,1.0,1.5,False,1.0,,0.0,0.399606,1.3942876313310906,1.0,1.3942876313310906
2013-05-08,0.03550950966165711,1.344981303637835,0.033005646242652675,1.3686222021914871,0.399606,1.5,1.0,1.5,False,1.0,,0.0,0.399606,1.4038439912992842,1.0,1.4038439912992842
2013-05-09,0.01899424202458877,1.370528204037679,0.01776537037735837,1.3929362825200948,0.399606,1.5,1.0,1.5,False,1.0,,0.0,0.399606,1.385145684781561,1.0,1.385145684781561
2013-05-10,-0.005783898268845622,1.3626012083309413,-0.005335159139925327,1.385504745781074,0.399606,1.5,1.0,1.5,False,1.0,,0.0,0.399606,1.3817196993138237,1.0,1.3817196993138237
2013-05-13,0.010596407124266793,1.377039885482434,0.009763559865427984,1.3990322043103423,0.399606,1.5,1.0,1.5,False,1.0,,0.0,0.399606,1.3884897679358872,1.0,1.3884897679358872
2013-05-14,-0.028229450299156245,1.3381668064752519,-0.026133175975582068,1.3624710495195935,0.399606,1.5,1.0,1.5,False,1.0,,0.0,0.399606,1.4001069160332285,1.0,1.4001069160332285
2013-05-15,0.05575884282208632,1.4127814391072386,0.05205305840578345,1.433391834636426,0.399606,1.5,1.0,1.5,False,1.0,,0.0,0.399606,1.4006492842548353,1.0,1.4006492842548353
2013-05-16,-0.00453487999250779,1.4063746448252448,-0.004242276447855464,1.4273109902157997,0.399606,1.4545533477185328,1.0,1.4545533477185328,False,1.0,,0.0,0.399606,1.342376371791951,1.0,1.342376371791951
2013-05-17,0.02018117485682569,1.434756937446669,0.018634248711407064,1.4539078581960057,0.399606,1.4568773474712762,1.0,1.4568773474712762,False,1.0,,0.0,0.399606,1.3443986451756196,1.0,1.3443986451756196
2013-05-20,0.04037411995238438,1.4926839861416565,0.037267184725321645,1.508090910920993,0.399606,1.4593068693481164,1.0,1.4593068693481164,False,1.0,,0.0,0.399606,1.345867603917173,1.0,1.345867603917173
2013-05-21,0.030333830375945725,1.537962808982168,0.02798964967902484,1.550301847201793,0.399606,1.5,1.0,1.5,False,1.0,,0.0,0.399606,1.3792003702017694,1.0,1.3792003702017694
2013-05-22,-0.0497167062969569,1.4615003637123587,-0.045718839206713824,1.479423846327703,1.H00852,1.5,1.0,1.5,False,1.0,,0.0,1.H00852,1.3847320353612134,1.0,1.3847320353612134
2013-05-23,-0.008035484802307646,1.449756499751181,-0.007408473043038266,1.4684635746429562,1.H00852,1.4529109267068787,1.0,1.4529109267068787,False,1.0,,0.0,1.H00852,1.341503040110866,1.0,1.341503040110866
2013-05-24,0.025662830959989114,1.486961355737441,0.023704670798678107,1.5032730202597175,1.H00852,1.4550865018942991,1.0,1.4550865018942991,False,1.0,,0.0,1.H00852,1.3431711301429416,1.0,1.3431711301429416
2013-05-27,0.01751683529346315,1.5130082128936384,0.016180959880250256,1.5275974206896026,1.H00852,1.4706182274713555,1.0,1.4706182274713555,False,1.0,,0.0,1.H00852,1.3554777793171962,1.0,1.3554777793171962
2013-05-28,-0.013416393396698534,1.4927090994970216,-0.01235932911198745,1.5087173414166766,1.H00905,1.465648724958746,1.0,1.465648724958746,False,1.0,,0.0,1.H00905,1.351493142045769,1.0,1.351493142045769
2013-05-29,0.010999742651976119,1.5091285154457519,0.010156419888420087,1.5240405082290451,1.H00905,1.491602908358456,1.0,1.491602908358456,False,1.0,,1.0,1.H00905,1.3715034222845077,1.0,1.3715034222845077
2013-05-30,0.0037187699986009903,1.514740617293025,0.0034292927585217736,1.529266889307609,1.H00905,1.4898585298022722,1.0,1.4898585298022722,False,1.0,,2.0,1.H00905,1.3700909345214778,1.0,1.3700909345214778
2013-05-31,-0.009103139105714919,1.50095172274473,-0.008396381846663359,1.5164265805595232,1.H00905,1.4898375006833589,1.0,1.4898375006833589,False,1.0,,3.0,1.H00905,1.4051735840788957,1.0,1.4051735840788957
2013-06-03,-0.00985371947200575,1.4861617655277797,-0.00928539870891043,1.5023459551462384,1.H00905,1.4868939372814196,1.0,1.4868939372814196,False,1.0,,4.0,1.H00905,1.4038853764350436,1.0,1.4038853764350436
2013-06-04,-0.030490222979649206,1.4408483619130086,-0.02745216044814891,1.4611033129369364,cash,0.0,0.0,1.483603413212395,True,0.0,,5.0,1.H00905,1.438823808564821,1.0,1.438823808564821
2013-06-05,0.0001211499702025165,1.4410229206491207,0.005960937648135767,1.469812858682838,cash,0.0,0.0,1.460690307831422,True,0.0,,6.0,1.H00905,1.4218521817314298,1.0,1.4218521817314298
2013-06-06,0.0001211499702025165,1.4411975005330184,-0.02484771465076485,1.433291368180262,cash,0.0,0.0,1.460690307831422,True,0.0,,7.0,1.H00905,1.4267964155880888,1.0,1.4267964155880888
2013-06-07,0.0001211499702025165,1.441372101567264,-0.02924124939206696,1.391380137831806,cash,0.0,0.0,1.460690307831422,True,0.0,,8.0,cash,0.0,0.0,1.4161050115101035
2013-06-13,0.0001211499702025165,1.4415467237544197,0.0001211499702025165,1.3915487034940448,cash,0.0,0.0,1.460690307831422,True,0.0,,9.0,cash,0.0,0.0,1.4001769242034559
2013-06-14,0.0001211499702025165,1.4417213670970481,0.0001211499702025165,1.3917172895780086,cash,0.0,0.0,1.460690307831422,True,0.0,,10.0,cash,0.0,0.0,1.4011512841567444
2013-06-17,0.0001211499702025165,1.4418960315977123,0.0001211499702025165,1.3918858960861713,cash,0.0,0.0,1.460690307831422,False,1.0,,0.0,cash,0.0,0.0,1.4012727082382355
2013-06-18,0.0001211499702025165,1.4420707172589755,0.0001211499702025165,1.3920545230210075,cash,0.0,0.0,1.460690307831422,False,1.0,,1.0,cash,0.0,0.0,1.402242552358888
2013-06-19,0.0001211499702025165,1.4422454240834013,0.0001211499702025165,1.3922231703849919,cash,0.0,0.0,1.460690307831422,False,1.0,,2.0,cash,0.0,0.0,1.4123504145483556
2013-06-20,0.0001211499702025165,1.4424201520735538,0.0001211499702025165,1.3923918381805993,cash,0.0,0.0,1.460690307831422,False,1.0,,3.0,cash,0.0,0.0,1.4128631744707658
2013-06-21,0.0001211499702025165,1.442594901231997,0.0001211499702025165,1.3925605264103051,cash,0.0,0.0,1.460690307831422,False,1.0,,4.0,cash,0.0,0.0,1.42243579458168
2013-06-24,0.0001211499702025165,1.4427696715612954,0.0001211499702025165,1.392729235076585,cash,0.0,0.0,1.4774848613944127,False,1.0,,0.0,cash,0.0,0.0,1.4372248731717416
2013-06-25,0.0001211499702025165,1.4429444630640142,0.0001211499702025165,1.3928979641819146,cash,0.0,0.0,1.4777744701390865,False,1.0,,0.0,cash,0.0,0.0,1.4374272602397473
2013-06-26,0.0001211499702025165,1.4431192757427183,0.0001211499702025165,1.3930667137287704,cash,0.0,0.0,1.489922908784392,False,1.0,,0.0,cash,0.0,0.0,1.4480090130846905
2013-06-27,0.0001211499702025165,1.4432941095999732,0.0001211499702025165,1.3932354837196288,cash,0.0,0.0,1.4900554441145033,False,1.0,,0.0,cash,0.0,0.0,1.4480976835057224
2013-06-28,0.0001211499702025165,1.4434689646383447,0.0001211499702025165,1.3934042741569665,cash,0.0,0.0,1.5,False,1.0,,1.0,cash,0.0,0.0,1.4682240814293426
2013-07-01,0.0001211499702025165,1.4436438408603989,0.0001211499702025165,1.3935730850432608,cash,0.0,0.0,1.5,False,1.0,,2.0,cash,0.0,0.0,1.4700880945030241
2013-07-02,0.0001211499702025165,1.4438187382687022,0.0001211499702025165,1.3937419163809888,cash,0.0,0.0,1.5,False,1.0,,0.0,cash,0.0,0.0,1.472541374221634
2013-07-03,0.0001211499702025165,1.4439936568658214,0.0001211499702025165,1.3939107681726284,cash,0.0,0.0,1.5,False,1.0,,0.0,cash,0.0,0.0,1.4887924161141255
2013-07-04,0.0001211499702025165,1.4441685966543234,0.0001211499702025165,1.3940796404206575,cash,0.0,0.0,1.5,False,1.0,,0.0,cash,0.0,0.0,1.5
2013-07-05,0.0001211499702025165,1.4443435576367756,0.0001211499702025165,1.3942485331275543,cash,0.0,0.0,1.5,False,1.0,,1.0,cash,0.0,0.0,1.5
2013-07-08,0.0001211499702025165,1.4445185398157454,0.0001211499702025165,1.3944174462957977,cash,0.0,0.0,1.5,False,1.0,,2.0,cash,0.0,0.0,1.5
2013-07-09,0.0001211499702025165,1.444693543193801,0.0001211499702025165,1.3945863799278664,cash,0.0,0.0,1.5,False,1.0,,3.0,cash,0.0,0.0,1.5
2013-07-10,0.0001211499702025165,1.4448685677735107,0.0001211499702025165,1.3947553340262395,cash,0.0,0.0,1.5,False,1.0,,4.0,cash,0.0,0.0,1.5
2013-07-11,0.0001211499702025165,1.445043613557443,0.0001211499702025165,1.3949243085933967,cash,0.0,0.0,1.5,True,0.0,,5.0,cash,0.0,0.0,1.5
2013-07-12,0.0001211499702025165,1.4452186805481668,0.0001211499702025165,1.3950933036318176,cash,0.0,0.0,1.5,False,1.0,,0.0,cash,0.0,0.0,1.5
2013-07-15,0.0001211499702025165,1.4453937687482514,0.0001211499702025165,1.3952623191439824,cash,0.0,0.0,1.5,False,1.0,,0.0,cash,0.0,0.0,1.5
2013-07-16,0.0001211499702025165,1.4455688781602662,0.0001211499702025165,1.3954313551323714,cash,0.0,0.0,1.5,False,1.0,,0.0,cash,0.0,0.0,1.5
2013-07-17,0.0001211499702025165,1.445744008786781,0.0001211499702025165,1.3956004115994654,cash,0.0,0.0,1.5,False,1.0,,0.0,cash,0.0,0.0,1.5
2013-07-18,0.0001211499702025165,1.445919160630366,0.0001211499702025165,1.3957694885477452,cash,0.0,0.0,1.5,False,1.0,,0.0,cash,0.0,0.0,1.5
2013-07-19,0.0001211499702025165,1.4460943336935916,0.0001211499702025165,1.3959385859796922,cash,0.0,0.0,1.5,False,1.0,,0.0,cash,0.0,0.0,1.5
2013-07-22,-0.0013790317547527353,1.44410012368706,-0.0013790317547527353,1.3940135423419415,1.H00905,1.5,1.0,1.5,False,1.0,,0.0,1.H00905,1.5,1.0,1.5
2013-07-23,0.036203939778021166,1.4963822375984592,0.036203939778021166,1.4444823246786351,1.H00905,1.5,1.0,1.5,False,1.0,,0.0,1.H00905,1.5,1.0,1.5
2013-07-24,0.005952439178732893,1.5052893618559002,0.005952439178732893,1.4530805178610393,1.H00852,1.5,1.0,1.5,False,1.0,,0.0,1.H00852,1.5,1.0,1.5
2013-07-25,-0.03498828327729442,1.4526218712489882,-0.03498828327729442,1.4022397250773997,1.H00852,1.5,1.0,1.5,False,1.0,,0.0,1.H00852,1.5,1.0,1.5
2013-07-26,0.002098860273251457,1.455670721586609,0.002098860273251457,1.4051828303299396,1.H00852,1.5,1.0,1.5,False,1.0,,1.0,1.H00852,1.5,1.0,1.5
2013-07-29,-0.025673846210913842,1.4182980553468643,-0.025673846210913842,1.369106382445832,1.H00852,1.5,1.0,1.5,False,1.0,,2.0,1.H00852,1.5,1.0,1.5
2013-07-30,-0.007221019929978145,1.4080564968225553,-0.007221019929978145,1.3592200379719304,1.H00852,1.5,1.0,1.5,False,1.0,,3.0,1.H00852,1.5,1.0,1.5
2013-07-31,0.006962644282564323,1.4178602933396844,0.006962644282564323,1.3686838035980624,1.H00852,1.5,1.0,1.5,False,1.0,,4.0,1.H00852,1.5,1.0,1.5
2013-08-01,0.048412506250095966,1.4865024636527548,0.048412506250095966,1.4349452167941588,1.H00852,1.5,1.0,1.5,False,1.0,,0.0,1.H00852,1.5,1.0,1.5
2013-08-02,0.004553360081764435,1.4932710446321957,0.004553360081764435,1.4414790390638281,1.H00852,1.5,1.0,1.5,False,1.0,,0.0,1.H00852,1.5,1.0,1.5
2013-08-05,0.023468963315380176,1.5283165679985882,0.023468963315380176,1.4753090577515067,1.H00852,1.5,1.0,1.5,False,1.0,,1.0,1.H00852,1.5,1.0,1.5
2013-08-06,0.01622244050841304,1.5531095926009673,0.01622244050841304,1.4992421711724033,1.H00852,1.5,1.0,1.5,False,1.0,,0.0,1.H00852,1.5,1.0,1.5
2013-08-07,-0.018993681732624612,1.523610323303218,-0.018993681732624612,1.4707660425330256,1.H00852,1.5,1.0,1.5,False,1.0,,1.0,1.H00852,1.5,1.0,1.5
2013-08-08,0.006807391714808819,1.5339821355946697,0.006807391714808819,1.4807781231053871,1.H00852,1.5,1.0,1.5,False,1.0,,2.0,1.H00852,1.5,1.0,1.5
2013-08-09,-0.0012933332020326205,1.53199818556738,-0.0012933332020326205,1.4788629835939313,cash,0.0,0.0,1.5,False,1.0,,3.0,cash,0.0,0.0,1.5
2013-08-12,0.0001211499702025165,1.532183787101912,0.0001211499702025165,1.4790421478003273,cash,0.0,0.0,1.5,False,1.0,,4.0,cash,0.0,0.0,1.5
2013-08-13,0.0001211499702025165,1.532369411122064,0.0001211499702025165,1.4792213337124616,cash,0.0,0.0,1.5,True,0.0,,5.0,cash,0.0,0.0,1.5
2013-08-14,-0.0013790317547527353,1.530256225044115,-0.0013790317547527353,1.4771814405209645,1.H00016,1.5,1.0,1.5,False,1.0,,0.0,1.H00016,1.5,1.0,1.5
2013-08-15,-0.01409854940583033,1.508681832051751,-0.01409854940583033,1.456355325000404,1.H00016,1.5,1.0,1.5,False,1.0,,1.0,1.H00016,1.5,1.0,1.5
2013-08-16,-0.0022769404601004073,1.505246653346934,-0.0022769404601004073,1.4530392906366278,1.H00016,1.5,1.0,1.5,False,1.0,,0.0,1.H00016,1.5,1.0,1.5
2013-08-19,0.015075516025598201,1.5279390233919437,0.015075516025598201,1.4749446077484443,1.H00016,1.5,1.0,1.5,False,1.0,,1.0,1.H00016,1.5,1.0,1.5
2013-08-20,-0.01341683543997263,1.5074389169527815,-0.01341683543997263,1.4551555186632084,1.H00016,1.5,1.0,1.5,False,1.0,,0.0,1.H00016,1.5,1.0,1.5
2013-08-21,-0.00613825608374885,1.4981858708499163,-0.00613825608374885,1.4462234014479731,1.H00016,1.5,1.0,1.5,False,1.0,,1.0,1.H00016,1.5,1.0,1.5
2013-08-22,-0.004694614783634976,1.4911524653119912,-0.004694614783634976,1.4394339396870965,1.H00016,1.5,1.0,1.5,False,1.0,,0.0,1.H00016,1.5,1.0,1.5
2013-08-23,-0.01553412582450564,1.467988715292313,-0.01553412582450564,1.4170735917519333,1.H00016,1.5,1.0,1.5,False,1.0,,0.0,1.H00016,1.5,1.0,1.5
2013-08-26,0.033545518919926964,1.5172331585153906,0.033545518919926964,1.4646100607349766,1.H00016,1.5,1.0,1.5,False,1.0,,0.0,1.H00016,1.5,1.0,1.5
2013-08-27,0.0005185574640549362,1.5180199310944504,0.0005185574640549362,1.4653695452139006,1.H00016,1.5,1.0,1.5,False,1.0,,0.0,1.H00016,1.5,1.0,1.5
2013-08-28,-0.008611216478790595,1.5049479328486774,-0.008611216478790595,1.4527509308386368,1.H00016,1.5,1.0,1.5,False,1.0,,0.0,1.H00016,1.5,1.0,1.5
2013-08-29,-0.0074846013515400545,1.4936839975164808,-0.0074846013515400545,1.441877669258231,1.H20955,1.5,1.0,1.5,False,1.0,,1.0,1.H20955,1.5,1.0,1.5
2013-08-30,0.02409439745452735,1.5296734134241101,0.02409439745452735,1.4766188429021463,1.H20955,1.5,1.0,1.5,False,1.0,,0.0,1.H20955,1.5,1.0,1.5
2013-09-02,-0.005802719478337437,1.520797147712539,-0.005802719478337437,1.4680504379803578,1.H20955,1.5,1.0,1.5,False,1.0,,1.0,1.H20955,1.5,1.0,1.5
2013-09-03,0.012823943901818957,1.540299765020851,0.012823943901818957,1.4868766344420588,1.H20955,1.5,1.0,1.5,False,1.0,,2.0,1.H20955,1.5,1.0,1.5
2013-09-04,0.012748849661390338,1.5599368151585766,0.012748849661390338,1.5058326011195946,1.H20955,1.5,1.0,1.5,False,1.0,,3.0,1.H20955,1.5,1.0,1.5
2013-09-05,-0.002892377764243448,1.5554248886007873,-0.002892377764243448,1.5014771643874434,1.H20955,1.5,1.0,1.5,False,1.0,,0.0,1.H20955,1.5,1.0,1.5
2013-09-06,0.02400991918730533,1.5927705144780155,0.02400991918730533,1.5375275097659702,1.H20955,1.5,1.0,1.5,False,1.0,,0.0,1.H20955,1.5,1.0,1.5
2013-09-09,0.04254200616853643,1.6605301675300022,0.04254200616853643,1.6029370145707285,1.H20955,1.5,1.0,1.5,False,1.0,,0.0,1.H20955,1.5,1.0,1.5
2013-09-10,0.033719675762311496,1.7165227063726507,0.033719675762311496,1.656987530969461,1.H20955,1.5,1.0,1.5,False,1.0,,0.0,1.H20955,1.5,1.0,1.5
2013-09-11,0.005223939776407782,1.725489717615578,0.005223939776407782,1.6656435340415041,1.H20955,1.5,1.0,1.5,False,1.0,,0.0,1.H20955,1.5,1.0,1.5
2013-09-12,0.007270928794916642,1.7380356304887217,0.007270928794916642,1.6777543095752332,1.H20955,1.5,1.0,1.5,False,1.0,,1.0,1.H20955,1.5,1.0,1.5
2013-09-13,-0.01650162758408258,1.7093552137865307,-0.01650162758408258,1.650068632781033,1.H20955,1.5,1.0,1.5,False,1.0,,2.0,1.H20955,1.5,1.0,1.5
2013-09-16,-0.003923581124032571,1.7026484199354512,-0.003923581124032571,1.6435944546400951,1.H20955,1.5,1.0,1.5,False,1.0,,0.0,1.H20955,1.5,1.0,1.5
2013-09-17,-0.04303839437848378,1.629369165750367,-0.04303839437848378,1.5728567883030058,1.H00016,1.5,1.0,1.5,False,1.0,,1.0,1.H00016,1.5,1.0,1.5
2013-09-18,0.0016619806789659464,1.632077145822747,0.0016619806789659464,1.5754708458959459,1.H00016,1.5,1.0,1.5,False,1.0,,2.0,1.H00016,1.5,1.0,1.5
2013-09-23,0.010968782714125824,1.6499790454079672,0.010968782714125824,1.5927518432770185,1.H00016,1.5,1.0,1.5,False,1.0,,0.0,1.H00016,1.5,1.0,1.5
2013-09-24,-0.034673545238287584,1.5927684223347875,-0.034673545238287584,1.5375254901857869,1.H00016,1.5,1.0,1.5,False,1.0,,0.0,1.H00016,1.5,1.0,1.5
2013-09-25,-0.010774914068280572,1.5756064794534594,-0.010774914068280572,1.520958785151244,1.H00016,1.5,1.0,1.5,False,1.0,,0.0,1.H00016,1.5,1.0,1.5
2013-09-26,-0.02615865600855538,1.5343907315525853,-0.02615865600855538,1.4811725474872823,1.H00016,1.5,1.0,1.5,False,1.0,,1.0,1.H00016,1.5,1.0,1.5
2013-09-27,0.002857253288101047,1.5387748745155456,0.002857253288101047,1.4854046326188353,0.399606,1.5,1.0,1.5,False,1.0,,2.0,0.399606,1.5,1.0,1.5
2013-09-30,0.049968202630341185,1.6156646892478161,0.049968202630341185,1.5596276322895808,0.399606,1.5,1.0,1.5,False,1.0,,3.0,0.399606,1.5,1.0,1.5
2013-10-08,0.021597213392670955,1.6505585443125046,0.021597213392670955,1.593311243077245,0.399606,1.5,1.0,1.5,False,1.0,,0.0,0.399606,1.5,1.0,1.5
2013-10-09,0.030390489323942615,1.700719826131976,0.030390489323942615,1.6417327513997018,0.399606,1.5,1.0,1.5,False,1.0,,0.0,0.399606,1.5,1.0,1.5
2013-10-10,-0.03998523762273676,1.6327161397543895,-0.03998523762273676,1.5760876772219552,0.399606,1.5,1.0,1.5,False,1.0,,0.0,0.399606,1.5,1.0,1.5
2013-10-11,0.0018424656272737483,1.635724363120982,0.0018424656272737483,1.5789915645928063,0.399606,1.5,1.0,1.5,False,1.0,,0.0,0.399606,1.5,1.0,1.5
2013-10-14,0.014836536199942962,1.659992846847555,0.014836536199942962,1.602418330100292,0.399606,1.5,1.0,1.5,False,1.0,,0.0,0.399606,1.5,1.0,1.5
2013-10-15,-0.004213457120348596,1.6529985381672776,-0.004213457120348596,1.595666609177554,0.399606,1.5,1.0,1.5,False,1.0,,0.0,0.399606,1.5,1.0,1.5
2013-10-16,-0.05903707856614393,1.5554103335997749,-0.05903707856614393,1.5014631142061663,0.399606,1.5,1.0,1.5,False,1.0,,0.0,0.399606,1.5,1.0,1.5
2013-10-17,-0.013668704745202875,1.534149888992162,-0.013668704745202875,1.4809400582122694,0.399606,1.5,1.0,1.5,False,1.0,,0.0,0.399606,1.5,1.0,1.5
2013-10-18,0.028948971884700248,1.5785619509955122,0.028948971884700248,1.5238117503203827,cash,0.0,0.0,1.5,False,1.0,,1.0,cash,0.0,0.0,1.5
2013-10-21,0.0001211499702025165,1.5787531937288382,0.0001211499702025165,1.5239963600685282,cash,0.0,0.0,1.5,False,1.0,,0.0,cash,0.0,0.0,1.5
2013-10-22,-0.0013790317547527353,1.5765760429417688,-0.0013790317547527353,1.5218947206938662,1.H00905,1.5,1.0,1.5,False,1.0,,0.0,1.H00905,1.5,1.0,1.5
2013-10-23,-0.03957414225841838,1.514184398337177,-0.03957414225841838,1.4616670425147913,cash,0.0,0.0,1.5,False,1.0,,0.0,cash,0.0,0.0,1.5
2013-10-24,0.0001211499702025165,1.5143678417319166,0.0001211499702025165,1.461844123433438,cash,0.0,0.0,1.4931764231181495,False,1.0,,1.0,cash,0.0,0.0,1.4931764231181488
2013-10-25,0.0001211499702025165,1.514551307350818,0.0001211499702025165,1.4620212258054328,cash,0.0,0.0,1.4931764231181495,False,1.0,,2.0,cash,0.0,0.0,1.4931764231181488
2013-10-28,0.0001211499702025165,1.514734795196574,0.0001211499702025165,1.4621983496333746,cash,0.0,0.0,1.4931764231181495,False,1.0,,3.0,cash,0.0,0.0,1.4931764231181488
2013-10-29,0.0001211499702025165,1.5149183052718767,0.0001211499702025165,1.4623754949198629,cash,0.0,0.0,1.4931764231181495,False,1.0,,4.0,cash,0.0,0.0,1.4931764231181488
2013-10-30,0.0001211499702025165,1.5151018375794196,0.0001211499702025165,1.4625526616674973,cash,0.0,0.0,1.4931764231181495,True,0.0,,5.0,cash,0.0,0.0,1.4931764231181488
2013-10-31,0.0001211499702025165,1.515285392121896,0.0001211499702025165,1.4627298498788779,cash,0.0,0.0,1.4931764231181495,True,0.0,,6.0,cash,0.0,0.0,1.4931764231181488
2013-11-01,0.0001211499702025165,1.515468968902,0.0001211499702025165,1.462907059556605,cash,0.0,0.0,1.4931764231181495,True,0.0,,7.0,cash,0.0,0.0,1.4931764231181488
2013-11-04,0.0001211499702025165,1.5156525679224253,0.0001211499702025165,1.4630842907032793,cash,0.0,0.0,1.4931764231181495,True,0.0,,8.0,cash,0.0,0.0,1.4931764231181488
2013-11-05,0.0001211499702025165,1.5158361891858665,0.0001211499702025165,1.4632615433215017,cash,0.0,0.0,1.4931764231181495,True,0.0,,9.0,cash,0.0,0.0,1.4931764231181488
2013-11-06,0.0001211499702025165,1.5160198326950183,0.0001211499702025165,1.4634388174138735,cash,0.0,0.0,1.4931764231181495,True,0.0,,10.0,cash,0.0,0.0,1.4931764231181488
2013-11-07,0.0001211499702025165,1.5162034984525756,0.0001211499702025165,1.4636161129829963,cash,0.0,0.0,1.4931764231181495,True,0.0,,11.0,cash,0.0,0.0,1.4931764231181488
2013-11-08,0.0001211499702025165,1.5163871864612342,0.0001211499702025165,1.463793430031472,cash,0.0,0.0,1.4931764231181495,True,0.0,,12.0,cash,0.0,0.0,1.4931764231181488
2013-11-11,0.0001211499702025165,1.5165708967236895,0.0001211499702025165,1.463970768561903,cash,0.0,0.0,1.4931764231181495,True,0.0,,13.0,cash,0.0,0.0,1.4931764231181488
2013-11-12,0.0001211499702025165,1.5167546292426375,0.0001211499702025165,1.4641481285768916,cash,0.0,0.0,1.4931764231181495,True,0.0,,14.0,cash,0.0,0.0,1.4931764231181488
2013-11-13,0.0001211499702025165,1.5169383840207749,0.0001211499702025165,1.4643255100790407,cash,0.0,0.0,1.4931764231181495,True,0.0,,15.0,cash,0.0,0.0,1.4931764231181488
2013-11-14,0.0001211499702025165,1.5171221610607981,0.0001211499702025165,1.4645029130709535,cash,0.0,0.0,1.4931764231181495,False,1.0,,0.0,cash,0.0,0.0,1.4931764231181488
2013-11-15,0.0001211499702025165,1.5173059603654042,0.0001211499702025165,1.4646803375552335,cash,0.0,0.0,1.4931764231181495,False,1.0,,0.0,cash,0.0,0.0,1.4931764231181488
2013-11-18,0.0001211499702025165,1.5174897819372906,0.0001211499702025165,1.4648577835344845,cash,0.0,0.0,1.4931764231181495,False,1.0,,0.0,cash,0.0,0.0,1.4931764231181488
2013-11-19,0.0001211499702025165,1.517673625779155,0.0001211499702025165,1.4650352510113107,cash,0.0,0.0,1.4931764231181495,False,1.0,,0.0,cash,0.0,0.0,1.4931764231181488
2013-11-20,0.0001211499702025165,1.5178574918936953,0.0001211499702025165,1.4652127399883164,cash,0.0,0.0,1.4931764231181495,False,1.0,,0.0,cash,0.0,0.0,1.4931764231181488
2013-11-21,0.0001211499702025165,1.51804138028361,0.0001211499702025165,1.4653902504681062,cash,0.0,0.0,1.4931764231181495,False,1.0,,0.0,cash,0.0,0.0,1.4931764231181488
2013-11-22,0.0001211499702025165,1.5182252909515974,0.0001211499702025165,1.4655677824532856,cash,0.0,0.0,1.5,False,1.0,,0.0,cash,0.0,0.0,1.5
2013-11-25,-0.0013790317547527353,1.5161316100645064,-0.0013790317547527353,1.4635467179425399,1.H00852,1.5,1.0,1.5,False,1.0,,0.0,1.H00852,1.5,1.0,1.5
2013-11-26,0.005625006225622231,1.5246598598099819,0.005625006225622231,1.4717791773424556,1.H00852,1.5,1.0,1.5,False,1.0,,0.0,1.H00852,1.5,1.0,1.5
2013-11-27,0.022969827036828816,1.5596810330798128,0.022969827036828816,1.5055856904824179,1.H00852,1.5,1.0,1.5,False,1.0,,0.0,1.H00852,1.5,1.0,1.5
2013-11-28,0.00620493137229583,1.5693587468527446,0.00620493137229583,1.514927746366972,0.399606,1.5,1.0,1.5,False,1.0,,0.0,0.399606,1.5,1.0,1.5
2013-11-29,0.03379939593047343,1.622402124494572,0.03379939593047343,1.566131389072489,0.399606,1.5,1.0,1.5,False,1.0,,0.0,0.399606,1.5,1.0,1.5
2013-12-02,-0.12659528520766328,1.417013664822663,-0.12659528520766328,1.3678665392001834,1.H00852,1.5,1.0,1.5,False,1.0,,0.0,1.H00852,1.5,1.0,1.5
2013-12-03,0.024891333854653475,1.45228502503037,0.024891333854653475,1.4019145618960247,1.H00852,1.265703747406811,1.0,1.265703747406811,False,1.0,,0.0,1.H00852,1.2657037474068105,1.0,1.2657037474068105
2013-12-04,0.008282443629734848,1.4643134938844922,0.008282443629734848,1.413525840228633,1.H00905,1.2564215637694514,1.0,1.2564215637694514,False,1.0,,1.0,1.H00905,1.256421563769451,1.0,1.256421563769451
2013-12-05,-0.0014009471226384962,1.462262068108594,-0.0014009471226384962,1.4115455652699895,1.H00905,1.2622585382856095,1.0,1.2622585382856095,False,1.0,,2.0,1.H00905,1.2622585382856093,1.0,1.2622585382856093
2013-12-06,-0.0032287942165611927,1.4575407247999883,-0.0032287942165611927,1.4069879751124332,1.H00905,1.2662819051014171,1.0,1.2662819051014171,False,1.0,,3.0,1.H00905,1.2662819051014167,1.0,1.2662819051014167
2013-12-09,0.009305143673365546,1.4711033506540336,0.009305143673365546,1.4200802003675521,1.H00905,1.2716539242321796,1.0,1.2716539242321796,False,1.0,,4.0,1.H00905,1.2716539242321792,1.0,1.2716539242321792
2013-12-10,-0.00040784521161529863,1.4705033681966782,0.0008637468641732315,1.421306790187494,cash,0.0,0.0,1.2704932153096744,True,0.0,,5.0,1.H00905,1.2704932153096737,1.0,1.2704932153096737
2013-12-11,0.0001211499702025165,1.470681519635918,-0.01408793895423277,1.4012835068920961,cash,0.0,0.0,1.2704811042065296,True,0.0,,6.0,1.H00905,1.2704811042065294,1.0,1.2704811042065294
2013-12-12,0.0001211499702025165,1.4708596926581992,0.0032741012540797865,1.4058714509793329,cash,0.0,0.0,1.2704811042065296,True,0.0,,7.0,1.H00905,1.2661583848067952,1.0,1.2661583848067952
2013-12-13,0.0001211499702025165,1.4710378872661367,0.001434402439046245,1.4078880364176032,cash,0.0,0.0,1.2704811042065296,True,0.0,,8.0,cash,0.0,0.0,1.2659215256510243
2013-12-16,0.0001211499702025165,1.4712161034623459,0.0001211499702025165,1.4080586020112638,cash,0.0,0.0,1.2704811042065296,True,0.0,,9.0,cash,0.0,0.0,1.2657628158992908
2013-12-17,0.0001211499702025165,1.471394341249442,0.0001211499702025165,1.4082291882689408,cash,0.0,0.0,1.273693808739094,True,0.0,,10.0,cash,0.0,0.0,1.26888444433127
2013-12-18,0.0001211499702025165,1.4715726006300405,0.0001211499702025165,1.408399795193138,cash,0.0,0.0,1.2737988070537878,True,0.0,,11.0,cash,0.0,0.0,1.2689789256387287
2013-12-19,0.0001211499702025165,1.4717508816067577,0.0001211499702025165,1.408570422786359,cash,0.0,0.0,1.2772853699983835,True,0.0,,12.0,cash,0.0,0.0,1.2724846259114015
2013-12-20,0.0001211499702025165,1.47192918418221,0.0001211499702025165,1.4087410710511077,cash,0.0,0.0,1.2802524652544596,True,0.0,,13.0,cash,0.0,0.0,1.2753648298068287
2013-12-23,0.0001211499702025165,1.4721075083590138,0.0001211499702025165,1.4089117399898885,cash,0.0,0.0,1.2809253514213832,True,0.0,,14.0,cash,0.0,0.0,1.2760052693603048
2013-12-24,0.0001211499702025165,1.4722858541397865,0.0001211499702025165,1.4090824296052062,cash,0.0,0.0,1.2813429137826642,True,0.0,,15.0,cash,0.0,0.0,1.276398965924345
2013-12-25,0.0001211499702025165,1.472464221527145,0.0001211499702025165,1.4092531398995658,cash,0.0,0.0,1.2855080373617869,False,1.0,,0.0,cash,0.0,0.0,1.2804533153464523
2013-12-26,0.0001211499702025165,1.4726426105237074,0.0001211499702025165,1.4094238708754725,cash,0.0,0.0,1.3036454661877122,False,1.0,,0.0,cash,0.0,0.0,1.2985139795479281
2013-12-27,0.0001211499702025165,1.4728210211320913,0.0001211499702025165,1.4095946225354319,cash,0.0,0.0,1.3036467759983996,False,1.0,,0.0,cash,0.0,0.0,1.2985169309397109
2013-12-30,-0.0011839905823707308,1.4710772149135534,-0.0011788078686522097,1.4079329813027772,0.399606,1.3049824539878045,1.0,1.3049824539878045,False,1.0,,0.0,0.399606,1.2998003680788897,1.0,1.2998003680788897
2013-12-31,-0.003574940296549367,1.4658182016986232,-0.003560240721603547,1.4029204009694545,0.399606,1.3053813293219267,1.0,1.3053813293219267,False,1.0,0.0,0.0,0.399606,1.3001751747636705,1.0,1.3001751747636705
2014-01-02,0.02853512663578006,1.5076455097091248,0.02842176020524012,1.4427938681928476,0.399606,1.314840954878253,1.0,1.314840954878253,False,1.0,0.0,0.0,0.399606,1.3096419611823926,1.0,1.3096419611823926
2014-01-03,0.019512454011466174,1.5370633733829175,0.019435754913313064,1.4708356562054747,0.399606,1.2975114494753557,1.0,1.2975114494753557,False,1.0,0.0,0.0,0.399606,1.2923559189899887,1.0,1.2923559189899887
2014-01-06,-0.028343077071446898,1.4934982677274273,-0.028229974721130424,1.429314002811857,0.399606,1.2922076604824062,1.0,1.2922076604824062,False,1.0,0.0,0.0,0.399606,1.2870765186558581,1.0,1.2870765186558581
2014-01-07,0.02821041116591383,1.535630467935598,0.02809918022001101,1.4694765545678525,0.399606,1.2769518563760305,1.0,1.2769518563760305,False,1.0,0.0,1.0,0.399606,1.2721780938655458,1.0,1.2721780938655458
2014-01-08,0.04975789647182949,1.6120402097781246,0.04957232052842464,1.5423219173398952,0.399606,1.2606993443748296,1.0,1.2606993443748296,False,1.0,0.0,0.0,0.399606,1.2559704153442857,1.0,1.2559704153442857
2014-01-09,-0.02230688452500751,1.576080614968935,-0.022222592806135144,1.508047525394873,0.399606,1.2201178217103377,1.0,1.2201178217103377,False,1.0,0.0,0.0,0.399606,1.215711640344993,1.0,1.215711640344993
2014-01-10,-0.023855438178143284,1.5384825212947735,-0.023768988139683533,1.4722027616496833,0.399606,1.2347311564589905,1.0,1.2347311564589905,False,1.0,0.0,1.0,0.399606,1.2304102438010718,1.0,1.2304102438010718
2014-01-13,0.008620575210633197,1.5517451255798396,0.00859063587529918,1.4848499195096256,0.399606,1.239295415142776,1.0,1.239295415142776,False,1.0,0.0,2.0,0.399606,1.2351527920561647,1.0,1.2351527920561647
2014-01-14,0.03464795206764859,1.6055099163121371,0.034532528149175734,1.536125541152393,0.399606,1.2380049092212568,1.0,1.2380049092212568,False,1.0,0.0,3.0,0.399606,1.2338564684928843,1.0,1.2338564684928843
2014-01-15,0.012678656696829771,1.6258656253644146,0.012636620026823975,1.5555369759294353,0.399606,1.2136582727654082,1.0,1.2136582727654082,False,1.0,0.0,0.0,0.399606,1.2096322567353088,1.0,1.2096322567353088
2014-01-16,-0.01731455645466029,1.5977144832063508,-0.017256608966990883,1.5286936826021256,0.399606,1.2141408196969568,1.0,1.2141408196969568,False,1.0,0.0,0.0,0.399606,1.2100024908339158,1.0,1.2100024908339158
2014-01-17,0.0002655238531255044,1.5981387145121262,0.0002651306929835062,1.5290989862175535,0.399606,1.2080926054898382,1.0,1.2080926054898382,False,1.0,0.0,1.0,0.399606,1.2040737916171114,1.0,1.2040737916171114
2014-01-20,-0.019758392292678062,1.5665620628526793,-0.01969197324848415,1.4989880098866732,0.399606,1.230632357689709,1.0,1.230632357689709,False,1.0,0.0,2.0,0.399606,1.226243064061657,1.0,1.226243064061657
2014-01-21,0.03081301081108978,1.614832556631602,0.030703698643798738,1.5450124860129013,0.399606,1.2219777103920497,1.0,1.2219777103920497,False,1.0,0.0,0.0,0.399606,1.2177701310132114,1.0,1.2177701310132114
2014-01-22,0.02130581062839476,1.6492378732797615,0.021232897008047313,1.5778175770045604,0.399606,1.2046461732344884,1.0,1.2046461732344884,False,1.0,0.0,0.0,0.399606,1.2005269431869134,1.0,1.2005269431869134
2014-01-23,0.025033265365806745,1.6905236826129124,0.024948349069178644,1.617181520683156,0.399606,1.2130382685119607,1.0,1.2130382685119607,False,1.0,0.0,0.0,0.399606,1.2086281072861418,1.0,1.2086281072861418
2014-01-24,0.018975440429331192,1.7226021140467074,0.018906824972017677,1.6477572886426937,0.399606,1.2032413380668587,1.0,1.2032413380668587,False,1.0,0.0,0.0,0.399606,1.1987992156696559,1.0,1.1987992156696559
2014-01-27,-0.005516018743416673,1.7131002084981766,-0.005495010540305101,1.6387028449737375,0.399606,1.2077850293210828,1.0,1.2077850293210828,False,1.0,0.0,0.0,0.399606,1.203128028396754,1.0,1.203128028396754
2014-01-28,-0.00519968626021472,1.7041926248816777,-0.005179120688751149,1.6302158051666187,0.399606,1.2068195580173071,1.0,1.2068195580173071,False,1.0,0.0,0.0,0.399606,1.2022159446818048,1.0,1.2022159446818048
2014-01-29,0.02060552115896086,1.7393084020726222,0.020527428098964462,1.6636799428929718,0.399606,1.238065937544887,1.0,1.238065937544887,False,1.0,1.0,0.0,0.399606,1.2332985122042535,1.0,1.2332985122042535
2014-01-30,-0.00048393307253935536,1.7384666932135135,-0.0004815978124309561,1.6628787182718894,0.399606,1.2355034676473085,1.0,1.2355034676473085,False,1.0,2.0,1.0,0.399606,1.230751182540605,1.0,1.230751182540605
2014-02-07,0.029014777725686836,1.7889079179006135,0.0301590959097775,1.7130296370225793,cash,0.0,0.0,1.247736038040767,True,0.0,3.0,0.0,0.399606,1.2429551010733029,1.0,1.2429551010733029
2014-02-10,-0.0011342608195935577,1.7868788297394782,0.014244887259943662,1.737431551074908,1.H00905,1.2552587152401267,1.0,1.2552587152401267,False,1.0,0.0,0.0,1.H00905,1.2501055578248845,1.0,1.2501055578248845
2014-02-11,0.001738305069219015,1.7899849702672945,0.0017268682095084031,1.7404318663866563,1.H00905,1.2551991810110323,1.0,1.2551991810110323,False,1.0,0.0,0.0,1.H00905,1.245256536835012,1.0,1.245256536835012
2014-02-12,0.013820273506054193,1.8147230521281148,0.013711848677804062,1.7642964047725782,1.H00905,1.2576769954768257,1.0,1.2576769954768257,False,1.0,0.0,0.0,1.H00905,1.2476279438687967,1.0,1.2476279438687967
2014-02-13,-0.01862677741826646,1.7809206097603272,-0.01847686377398461,1.7316977404446645,1.H00905,1.2551377302673274,1.0,1.2551377302673274,False,1.0,0.0,0.0,1.H00905,1.2452260461054865,1.0,1.2452260461054865
2014-02-14,0.021452143099769394,1.8191251735302343,0.02128440334157866,1.768555893617989,1.H00905,1.3058729241868088,1.0,1.3058729241868088,False,1.0,0.0,1.0,1.H00905,1.2948749759683544,1.0,1.2948749759683544
2014-02-17,0.024781472496623103,1.8642057739859885,0.024574023011832535,1.8120164268454695,1.H00905,1.3017752602015635,1.0,1.3017752602015635,False,1.0,0.0,0.0,1.H00905,1.2910429058296036,1.0,1.2910429058296036
2014-02-18,-0.0015955829473793814,1.8612312790426102,-0.0015813915142106616,1.8091509194444457,1.H00905,1.3035876865406029,1.0,1.3035876865406029,False,1.0,0.0,0.0,1.H00905,1.2928023018333552,1.0,1.2928023018333552
2014-02-19,5.308149863458844e-05,1.8613300759882074,5.3640800649290554e-05,1.8092479637482601,1.H00905,1.3033208694664398,1.0,1.3033208694664398,False,1.0,0.0,0.0,1.H00905,1.2925338222377365,1.0,1.2925338222377365
2014-02-20,-0.018287031675902843,1.8272918739293005,-0.01813467496971244,1.7764378399860714,1.H00905,1.3033128724224314,1.0,1.3033128724224314,False,1.0,0.0,1.0,1.H00905,1.2925256972284693,1.0,1.2925256972284693
2014-02-21,-0.008583954526690918,1.8116064835764996,-0.008511659336808086,1.7613174062590948,1.H00905,1.3226492193036121,1.0,1.3226492193036121,False,1.0,1.0,2.0,1.H00905,1.3114531630160886,1.0,1.3114531630160886
2014-02-24,-0.005218288183623021,1.8021529988698775,-0.005173086154917628,1.7522059595703605,1.H00905,1.3197848481834544,1.0,1.3197848481834544,False,1.0,2.0,3.0,1.H00905,1.3086175585016322,1.0,1.3086175585016322
2014-02-25,-0.04644039896687768,1.7184602946030052,-0.04604642578441542,1.6715231378939934,1.H00905,1.3184980551072407,1.0,1.3184980551072407,False,1.0,0.0,0.0,1.H00905,1.3073370429684807,1.0,1.3073370429684807
2014-02-26,0.00729900477833878,1.731003344504698,0.007238338790774623,1.6836221886626888,cash,0.0,0.0,1.2676887239478944,False,1.0,1.0,1.0,cash,0.0,0.0,1.2575564079737338
2014-02-27,0.0001211499702025165,1.7312130555083052,0.0001211499702025165,1.6838261594406776,cash,0.0,0.0,1.266958071306999,False,1.0,2.0,2.0,cash,0.0,0.0,1.2568801864505779
2014-02-28,0.0001211499702025165,1.7314227919183942,0.0001211499702025165,1.68403015492972,cash,0.0,0.0,1.266958071306999,True,0.0,3.0,3.0,cash,0.0,0.0,1.2568801864505779
2014-03-03,0.0001211499702025165,1.731632553738043,0.0001211499702025165,1.68423417513281,cash,0.0,0.0,1.266958071306999,True,0.0,4.0,4.0,cash,0.0,0.0,1.2568801864505779
2014-03-04,0.0001211499702025165,1.73184234097033,0.0001211499702025165,1.6844382200529415,cash,0.0,0.0,1.266958071306999,True,0.0,5.0,5.0,cash,0.0,0.0,1.2568801864505779
2014-03-05,0.0001211499702025165,1.732052153618334,0.0001211499702025165,1.684642289693109,cash,0.0,0.0,1.266958071306999,True,0.0,6.0,6.0,cash,0.0,0.0,1.2568801864505779
2014-03-06,0.0001211499702025165,1.732261991685134,0.0001211499702025165,1.6848463840563073,cash,0.0,0.0,1.266958071306999,True,0.0,7.0,7.0,cash,0.0,0.0,1.2568801864505779
2014-03-07,0.0001211499702025165,1.7324718551738096,0.0001211499702025165,1.6850505031455314,cash,0.0,0.0,1.266958071306999,True,0.0,8.0,8.0,cash,0.0,0.0,1.2568801864505779
2014-03-10,0.0001211499702025165,1.7326817440874407,0.0001211499702025165,1.6852546469637772,cash,0.0,0.0,1.266958071306999,True,0.0,9.0,9.0,cash,0.0,0.0,1.2568801864505779
2014-03-11,0.0001211499702025165,1.7328916584291074,0.0001211499702025165,1.6854588155140406,cash,0.0,0.0,1.266958071306999,True,0.0,10.0,10.0,cash,0.0,0.0,1.2568801864505779
2014-03-12,0.0001211499702025165,1.7331015982018902,0.0001211499702025165,1.6856630087993176,cash,0.0,0.0,1.266958071306999,True,0.0,11.0,11.0,cash,0.0,0.0,1.2568801864505779
2014-03-13,0.0001211499702025165,1.7333115634088703,0.0001211499702025165,1.6858672268226051,cash,0.0,0.0,1.266958071306999,True,0.0,12.0,12.0,cash,0.0,0.0,1.2568801864505779
2014-03-14,0.0001211499702025165,1.733521554053129,0.0001211499702025165,1.6860714695869001,cash,0.0,0.0,1.266958071306999,True,0.0,13.0,13.0,cash,0.0,0.0,1.2568801864505779
2014-03-17,0.0001211499702025165,1.733731570137748,0.0001211499702025165,1.6862757370952,cash,0.0,0.0,1.266958071306999,True,0.0,14.0,14.0,cash,0.0,0.0,1.2568801864505779
2014-03-18,0.0001211499702025165,1.7339416116658093,0.0001211499702025165,1.6864800293505022,cash,0.0,0.0,1.266958071306999,False,1.0,0.0,0.0,cash,0.0,0.0,1.2568801864505779
2014-03-19,0.0001211499702025165,1.7341516786403954,0.0001211499702025165,1.6866843463558052,cash,0.0,0.0,1.266958071306999,False,1.0,1.0,1.0,cash,0.0,0.0,1.2568801864505779
2014-03-20,0.0001211499702025165,1.7343617710645893,0.0001211499702025165,1.6868886881141072,cash,0.0,0.0,1.266958071306999,False,1.0,0.0,0.0,cash,0.0,0.0,1.2568801864505779
2014-03-21,0.0001211499702025165,1.7345718889414743,0.0001211499702025165,1.687093054628407,cash,0.0,0.0,1.266958071306999,False,1.0,1.0,1.0,cash,0.0,0.0,1.2568801864505779
2014-03-24,0.0001211499702025165,1.7347820322741336,0.0001211499702025165,1.6872974459017043,cash,0.0,0.0,1.266958071306999,False,1.0,2.0,2.0,cash,0.0,0.0,1.2568801864505779
2014-03-25,0.0001211499702025165,1.7349922010656516,0.0001211499702025165,1.6875018619369981,cash,0.0,0.0,1.266958071306999,False,1.0,0.0,3.0,cash,0.0,0.0,1.2568801864505779
2014-03-26,0.0001211499702025165,1.7352023953191122,0.0001211499702025165,1.6877063027372885,cash,0.0,0.0,1.266958071306999,False,1.0,1.0,4.0,cash,0.0,0.0,1.2568801864505779
2014-03-27,0.0001211499702025165,1.7354126150376006,0.0001211499702025165,1.6879107683055756,cash,0.0,0.0,1.2670123566231704,True,0.0,0.0,5.0,cash,0.0,0.0,1.256912109028657
2014-03-28,0.0001211499702025165,1.7356228602242014,0.0001211499702025165,1.6881152586448605,cash,0.0,0.0,1.2735610146967067,True,0.0,0.0,6.0,cash,0.0,0.0,1.263215780562269
2014-03-31,0.0001211499702025165,1.7358331308820003,0.0001211499702025165,1.6883197737581437,cash,0.0,0.0,1.2742789252855424,True,0.0,1.0,7.0,cash,0.0,0.0,1.2638808508829724
2014-04-01,0.0001211499702025165,1.7360434270140832,0.0001211499702025165,1.6885243136484267,cash,0.0,0.0,1.2905822755859802,True,0.0,2.0,8.0,cash,0.0,0.0,1.2796472448855163
2014-04-02,0.0001211499702025165,1.7362537486235363,-0.0013790317547527353,1.6861957850012335,cash,0.0,0.0,1.5,True,0.0,3.0,9.0,1.H00016,1.5,1.0,1.5
2014-04-03,0.0001211499702025165,1.736464095713446,-0.015432803170588483,1.6601730573442335,cash,0.0,0.0,1.5,True,0.0,4.0,10.0,cash,0.0,0.0,1.5
2014-04-04,0.0001211499702025165,1.7366744682868995,-0.0013790317547527353,1.657883625979771,cash,0.0,0.0,1.5,True,0.0,5.0,11.0,1.H00016,1.5,1.0,1.5
2014-04-08,0.0001211499702025165,1.736884866346984,0.04464116173777821,1.731893477069548,cash,0.0,0.0,1.5,True,0.0,6.0,12.0,1.H00016,1.5,1.0,1.5
2014-04-09,-0.0013790317547527353,1.734489646961942,-0.0038490092618770344,1.7252274030357229,1.H00016,1.5,1.0,1.5,False,1.0,0.0,0.0,1.H00016,1.5,1.0,1.5
2014-04-10,0.038671129144538074,1.8015643200994715,0.038671129144538074,1.7919438947422133,1.H00016,1.5,1.0,1.5,False,1.0,0.0,0.0,1.H00016,1.5,1.0,1.5
2014-04-11,-0.004925482888918031,1.7926907458675363,-0.004925482888918031,1.7831177057507595,1.H00016,1.5,1.0,1.5,False,1.0,0.0,0.0,1.H00016,1.5,1.0,1.5
2014-04-14,-0.007353722781180516,1.7795077950900386,-0.007353722781180516,1.7700051524564537,1.H00016,1.5,1.0,1.5,False,1.0,0.0,1.0,1.H00016,1.5,1.0,1.5
2014-04-15,-0.03326083613480235,1.7203198779169455,-0.03326083613480235,1.7111333011228438,1.H00016,1.5,1.0,1.5,False,1.0,0.0,2.0,1.H00016,1.5,1.0,1.5
2014-04-16,0.0037154880587340067,1.7267117058805486,0.0037154880587340067,1.7174909964700678,1.H00016,1.5,1.0,1.5,False,1.0,0.0,3.0,1.H00016,1.5,1.0,1.5
2014-04-17,-0.006439198272398805,1.7155930668471118,-0.006439198272398805,1.7064317314127373,1.H00016,1.5,1.0,1.5,False,1.0,0.0,4.0,1.H00016,1.5,1.0,1.5
2014-04-18,-0.000854350720580821,1.7141273486742274,0.0006466192082315025,1.7075351429478045,cash,0.0,0.0,1.5,True,0.0,1.0,5.0,1.H00016,1.5,1.0,1.5
2014-04-21,-0.0013790317547527353,1.7117635126287156,-0.02719252783912074,1.6611029460369193,1.H00016,1.5,1.0,1.5,False,1.0,0.0,0.0,1.H00016,1.5,1.0,1.5
2014-04-22,0.015793573544999884,1.7387983755570646,0.015793573544999884,1.6873376975809693,1.H00016,1.5,1.0,1.5,False,1.0,0.0,0.0,1.H00016,1.5,1.0,1.5
2014-04-23,-0.0025538103929095834,1.7343578141943927,-0.0025538103929095834,1.683028557032539,1.H00016,1.5,1.0,1.5,False,1.0,1.0,1.0,1.H00016,1.5,1.0,1.5
2014-04-24,0.0031669443883117765,1.7398504289413803,0.0031669443883117765,1.6883586148766017,1.H00016,1.5,1.0,1.5,False,1.0,2.0,2.0,1.H00016,1.5,1.0,1.5
2014-04-25,-0.010720023360279218,1.721199191699737,-0.010720023360279218,1.6702593710845959,cash,0.0,0.0,1.5,False,1.0,0.0,3.0,cash,0.0,0.0,1.5
2014-04-28,0.0001211499702025165,1.721407714930524,0.0001211499702025165,1.6704617229576333,cash,0.0,0.0,1.5,False,1.0,1.0,4.0,cash,0.0,0.0,1.5
2014-04-29,0.0001211499702025165,1.7216162634238943,0.0001211499702025165,1.6706640993455941,cash,0.0,0.0,1.5,True,0.0,2.0,5.0,cash,0.0,0.0,1.5
2014-04-30,0.0001211499702025165,1.7218248371829084,0.0001211499702025165,1.6708665002514482,cash,0.0,0.0,1.5,True,0.0,3.0,6.0,cash,0.0,0.0,1.5
2014-05-05,0.0001211499702025165,1.722033436210627,0.0001211499702025165,1.6710689256781661,cash,0.0,0.0,1.5,True,0.0,4.0,7.0,cash,0.0,0.0,1.5
2014-05-06,0.0001211499702025165,1.7222420605101119,0.0001211499702025165,1.6712713756287183,cash,0.0,0.0,1.5,False,1.0,0.0,0.0,cash,0.0,0.0,1.5
2014-05-07,0.0001211499702025165,1.7224507100844242,0.0001211499702025165,1.671473850106076,cash,0.0,0.0,1.5,False,1.0,0.0,0.0,cash,0.0,0.0,1.5
2014-05-08,0.0001211499702025165,1.7226593849366263,0.0001211499702025165,1.6716763491132105,cash,0.0,0.0,1.5,False,1.0,1.0,1.0,cash,0.0,0.0,1.5
2014-05-09,-0.0013790317547527353,1.7202837829421758,-0.0013790317547527353,1.6693710543441143,1.H11077,1.5,1.0,1.5,False,1.0,2.0,2.0,1.H11077,1.5,1.0,1.5
2014-05-12,0.0017098989571540102,1.7232252943886375,0.0017098989571540102,1.6722255101690404,1.H11077,1.5,1.0,1.5,False,1.0,0.0,3.0,1.H11077,1.5,1.0,1.5
2014-05-13,-0.0015569021819816786,1.7205424011677577,-0.0015569021819816786,1.669622018623493,1.H11077,1.5,1.0,1.5,False,1.0,1.0,4.0,1.H11077,1.5,1.0,1.5
2014-05-14,-0.004415672031120255,1.7129450502085648,-0.004415672031120255,1.6622495153733146,cash,0.0,0.0,1.5,True,0.0,2.0,5.0,cash,0.0,0.0,1.5
2014-05-15,0.0001211499702025165,1.713152573450356,0.0001211499702025165,1.662450896852571,cash,0.0,0.0,1.5,True,0.0,3.0,0.0,cash,0.0,0.0,1.5
2014-05-16,0.0001211499702025165,1.7133601218335819,0.0001211499702025165,1.662652302729188,cash,0.0,0.0,1.5,True,0.0,4.0,0.0,cash,0.0,0.0,1.5
2014-05-19,0.0001211499702025165,1.7135676953612882,0.0001211499702025165,1.6628537330061208,cash,0.0,0.0,1.5,True,0.0,5.0,1.0,cash,0.0,0.0,1.5
2014-05-20,0.0001211499702025165,1.7137752940365212,0.0001211499702025165,1.6630551876863258,cash,0.0,0.0,1.5,True,0.0,6.0,0.0,cash,0.0,0.0,1.5
2014-05-21,0.0001211499702025165,1.7139829178623276,0.0001211499702025165,1.663256666772759,cash,0.0,0.0,1.5,True,0.0,7.0,1.0,cash,0.0,0.0,1.5
2014-05-22,0.0001211499702025165,1.7141905668417543,0.0001211499702025165,1.6634581702683777,cash,0.0,0.0,1.5,False,1.0,0.0,0.0,cash,0.0,0.0,1.5
2014-05-23,0.0001211499702025165,1.7143982409778487,0.0001211499702025165,1.663659698176139,cash,0.0,0.0,1.5,False,1.0,1.0,0.0,cash,0.0,0.0,1.5
2014-05-26,0.0001211499702025165,1.7146059402736584,0.0001211499702025165,1.663861250499,cash,0.0,0.0,1.5,False,1.0,0.0,0.0,cash,0.0,0.0,1.5
2014-05-27,0.0001211499702025165,1.7148136647322316,0.0001211499702025165,1.6640628272399192,cash,0.0,0.0,1.5,False,1.0,0.0,0.0,cash,0.0,0.0,1.5
2014-05-28,0.0001211499702025165,1.7150214143566167,0.0001211499702025165,1.6642644284018544,cash,0.0,0.0,1.5,False,1.0,0.0,0.0,cash,0.0,0.0,1.5
2014-05-29,0.0001211499702025165,1.7152291891498628,0.0001211499702025165,1.6644660539877645,cash,0.0,0.0,1.5,False,1.0,0.0,0.0,cash,0.0,0.0,1.5
2014-05-30,0.0001211499702025165,1.7154369891150187,0.0001211499702025165,1.6646677040006082,cash,0.0,0.0,1.5,False,1.0,0.0,0.0,cash,0.0,0.0,1.5
2014-06-03,0.0001211499702025165,1.7156448142551344,0.0001211499702025165,1.6648693784433448,cash,0.0,0.0,1.5,False,1.0,0.0,0.0,cash,0.0,0.0,1.5
2014-06-04,0.0001211499702025165,1.7158526645732595,0.0001211499702025165,1.6650710773189343,cash,0.0,0.0,1.5,False,1.0,0.0,0.0,cash,0.0,0.0,1.5
2014-06-05,-0.0013790317547527353,1.7134864492623358,-0.0013790317547527353,1.6627748914293912,0.399606,1.5,1.0,1.5,False,1.0,0.0,0.0,0.399606,1.5,1.0,1.5
2014-06-06,-0.005489659365711552,1.7040799923281231,-0.005489659365711552,1.6536468236735857,0.399606,1.5,1.0,1.5,False,1.0,0.0,0.0,0.399606,1.5,1.0,1.5
2014-06-09,-0.026461336088124066,1.6589877589300808,-0.026461336088124066,1.6098891193013,0.399606,1.5,1.0,1.5,False,1.0,0.0,0.0,0.399606,1.5,1.0,1.5
2014-06-10,0.030686871898335966,1.7098969037692757,0.030686871898335966,1.659291580475824,0.399606,1.5,1.0,1.5,False,1.0,0.0,0.0,0.399606,1.5,1.0,1.5
2014-06-11,0.014907289398283119,1.7353868317549925,0.014907289398283119,1.6840271202621115,0.399606,1.5,1.0,1.5,False,1.0,0.0,0.0,0.399606,1.5,1.0,1.5
2014-06-12,-0.003754893280162541,1.728870639401953,-0.003754893280162541,1.6777037781446278,0.399606,1.5,1.0,1.5,False,1.0,0.0,0.0,0.399606,1.5,1.0,1.5
2014-06-13,0.020886335247523036,1.7649804111761018,0.020886335247523036,1.7127448617009926,0.399606,1.5,1.0,1.5,False,1.0,0.0,0.0,0.399606,1.5,1.0,1.5
2014-06-16,0.013915793270386168,1.7895415137043096,0.013915793270386168,1.7365790651213397,0.399606,1.5,1.0,1.5,False,1.0,0.0,0.0,0.399606,1.5,1.0,1.5
2014-06-17,-0.019461499535899263,1.7547143523658808,-0.019461499535899263,1.7027826324514284,0.399606,1.5,1.0,1.5,False,1.0,1.0,0.0,0.399606,1.5,1.0,1.5
2014-06-18,-0.014619155435209419,1.729061910504251,-0.014619155435209419,1.677889388475246,0.399606,1.5,1.0,1.5,False,1.0,2.0,1.0,0.399606,1.5,1.0,1.5
2014-06-19,-0.048984818250106144,1.644364127075019,-0.04755615247882439,1.5980954248743158,cash,0.0,0.0,1.5,True,0.0,3.0,0.0,0.399606,1.5,1.0,1.5
2014-06-20,0.0001211499702025165,1.6445633417400163,0.015121409943408493,1.6222608809225258,cash,0.0,0.0,1.5,True,0.0,4.0,1.0,0.399606,1.5,1.0,1.5
2014-06-23,0.0001211499702025165,1.6447625805398642,0.030633599028769165,1.6719565702687644,cash,0.0,0.0,1.5,True,0.0,5.0,2.0,0.399606,1.5,1.0,1.5
2014-06-24,0.0001211499702025165,1.6449618434774869,0.008922295388577695,1.6868742606655756,cash,0.0,0.0,1.5,True,0.0,6.0,3.0,0.399606,1.5,1.0,1.5
2014-06-25,0.0001211499702025165,1.6451611305558085,-0.011813705956679188,1.6669460241641818,cash,0.0,0.0,1.5,True,0.0,7.0,4.0,0.399606,1.5,1.0,1.5
2014-06-26,-0.0013790317547527353,1.6428924011150872,0.03037588862861118,1.717580990944099,0.399606,1.5,1.0,1.5,False,1.0,0.0,0.0,0.399606,1.5,1.0,1.5
2014-06-27,0.002686754876936037,1.6473064502860644,0.002686754876936037,1.7221957100480507,0.399606,1.5,1.0,1.5,False,1.0,0.0,0.0,0.399606,1.5,1.0,1.5
2014-06-30,0.017191794326274934,1.6756266039717285,0.017191794326274934,1.7518033444847898,0.399606,1.5,1.0,1.5,False,1.0,0.0,0.0,0.399606,1.5,1.0,1.5
2014-07-01,0.00441684783261409,1.6830275917057516,0.00441684783261409,1.7595407932900435,1.H00852,1.5,1.0,1.5,False,1.0,0.0,0.0,1.H00852,1.5,1.0,1.5
2014-07-02,0.009094525252937302,1.6983339286399097,0.009094525252937302,1.7755429814681931,1.H00852,1.5,1.0,1.5,False,1.0,0.0,0.0,1.H00852,1.5,1.0,1.5
2014-07-03,0.010656104145831513,1.7164315518578959,0.010656104145831513,1.7944633523941185,1.H00852,1.5,1.0,1.5,False,1.0,0.0,0.0,1.H00852,1.5,1.0,1.5
2014-07-04,-0.0007433360399475841,1.7151556664252967,-0.0007433360399475841,1.7931294631119188,1.H00852,1.5,1.0,1.5,False,1.0,0.0,0.0,1.H00852,1.5,1.0,1.5
2014-07-07,-0.0020200653439457206,1.711690939904079,-0.0020200653439457206,1.7895072244262784,1.H00852,1.5,1.0,1.5,False,1.0,0.0,0.0,1.H00852,1.5,1.0,1.5
2014-07-08,0.013250667938561334,1.7343719881621917,0.013250667938561334,1.8132193904308076,1.H00852,1.5,1.0,1.5,False,1.0,0.0,0.0,1.H00852,1.5,1.0,1.5
2014-07-09,-0.023211391875612497,1.694114800286874,-0.023211391875612497,1.771132044603059,1.H00852,1.5,1.0,1.5,False,1.0,0.0,0.0,1.H00852,1.5,1.0,1.5
2014-07-10,-0.0004486287641031206,1.6933547716577726,-0.0004486287641031206,1.7703374638228253,1.H00852,1.5,1.0,1.5,False,1.0,0.0,1.0,1.H00852,1.5,1.0,1.5
2014-07-11,0.009328087021120979,1.7091505323254268,0.009328087021120979,1.7868513257421152,1.H00852,1.5,1.0,1.5,False,1.0,1.0,2.0,1.H00852,1.5,1.0,1.5
2014-07-14,0.014844384112879139,1.7345218193339973,0.014844384112879139,1.8133760331740385,1.H00905,1.5,1.0,1.5,False,1.0,0.0,3.0,1.H00905,1.5,1.0,1.5
2014-07-15,0.000918092118043834,1.7361142701449028,0.000918092118043834,1.815040879417145,1.H00905,1.5,1.0,1.5,False,1.0,0.0,0.0,1.H00905,1.5,1.0,1.5
2014-07-16,-0.011309612291057425,1.716479490856592,-0.011309612291057425,1.7945134707785173,1.H00905,1.5,1.0,1.5,False,1.0,1.0,1.0,1.H00905,1.5,1.0,1.5
2014-07-17,-0.011346541061966198,1.6970033858315647,-0.011346541061966198,1.7741519499960774,1.H00905,1.5,1.0,1.5,False,1.0,2.0,2.0,1.H00905,1.5,1.0,1.5
2014-07-18,0.002657284447638686,1.7015128065363252,0.004163529742251981,1.7815386844071603,cash,0.0,0.0,1.5,True,0.0,3.0,3.0,1.H00905,1.5,1.0,1.5
2014-07-21,0.0001211499702025165,1.7017189447621364,-0.004521205522078908,1.7734839818694215,cash,0.0,0.0,1.5,True,0.0,4.0,4.0,1.H00905,1.5,1.0,1.5
2014-07-22,0.0001211499702025165,1.7019251079615874,0.016661767192529764,1.8030333590950105,cash,0.0,0.0,1.5,True,0.0,5.0,5.0,1.H20955,1.5,1.0,1.5
2014-07-23,0.0001211499702025165,1.7021312961377038,0.0056372558104273995,1.8131975193749632,cash,0.0,0.0,1.5,True,0.0,6.0,6.0,1.H20955,1.5,1.0,1.5
2014-07-24,0.0001211499702025165,1.7023375092935116,0.018966393982716045,1.8475873378959122,cash,0.0,0.0,1.5,True,0.0,7.0,7.0,1.H20955,1.5,1.0,1.5
2014-07-25,0.0001211499702025165,1.702543747432037,0.019404650316294347,1.8834391241165955,cash,0.0,0.0,1.5,True,0.0,8.0,8.0,1.H20955,1.5,1.0,1.5
2014-07-28,0.0001211499702025165,1.702750010556307,0.031778807550668864,1.943292573575297,cash,0.0,0.0,1.5,True,0.0,0.0,9.0,1.H00016,1.5,1.0,1.5
2014-07-29,0.0001211499702025165,1.702956298669348,0.0027872687903258697,1.9487090523160955,cash,0.0,0.0,1.5,True,0.0,0.0,10.0,1.H00016,1.5,1.0,1.5
2014-07-30,-0.0013790317547527353,1.7006078678565268,-0.007294527941847928,1.9344941396834436,1.H00016,1.5,1.0,1.5,False,1.0,0.0,0.0,1.H00016,1.5,1.0,1.5
2014-07-31,0.0191169137562468,1.7331182417995348,0.0191169137562468,1.9714756973137368,1.H00016,1.5,1.0,1.5,False,1.0,0.0,1.0,1.H00016,1.5,1.0,1.5
2014-08-01,-0.012893076029607209,1.7107730165397141,-0.012893076029607209,1.946057311257748,1.H00016,1.5,1.0,1.5,False,1.0,0.0,0.0,1.H00016,1.5,1.0,1.5
2014-08-04,0.034141158805760075,1.7691807897780056,0.034141158805760075,2.0124979629665094,1.H00016,1.5,1.0,1.5,False,1.0,0.0,1.0,1.H00016,1.5,1.0,1.5
2014-08-05,-0.011214358884216846,1.749340561470373,-0.011214358884216846,1.9899290885560477,1.H00016,1.5,1.0,1.5,False,1.0,0.0,0.0,1.H00016,1.5,1.0,1.5
2014-08-06,-0.012372729995206777,1.7276964430336366,-0.012372729995206777,1.9653082332337357,1.H00016,1.5,1.0,1.5,False,1.0,0.0,0.0,1.H00016,1.5,1.0,1.5
2014-08-07,-0.023767600396162547,1.6866332443697416,-0.023767600396162547,1.918597572490948,1.H00016,1.5,1.0,1.5,False,1.0,0.0,0.0,1.H00016,1.5,1.0,1.5
2014-08-08,0.002278333929078169,1.6904759581163005,0.002278333929078169,1.9229687784366012,1.H00016,1.5,1.0,1.5,False,1.0,1.0,0.0,1.H00016,1.5,1.0,1.5
2014-08-11,0.022116885133380837,1.7278640207027005,0.022116885133380837,1.965498858024361,1.H00016,1.5,1.0,1.5,False,1.0,0.0,0.0,1.H00016,1.5,1.0,1.5
2014-08-12,-0.0105730749228381,1.7095951849553346,-0.0105730749228381,1.9447174913377168,1.H00016,1.5,1.0,1.5,False,1.0,0.0,0.0,1.H00016,1.5,1.0,1.5
2014-08-13,-0.000982413886769895,1.7079156549048795,-0.000982413886769895,1.9428069738683822,0.399606,1.5,1.0,1.5,False,1.0,0.0,0.0,0.399606,1.5,1.0,1.5
2014-08-14,-0.004401102731468098,1.7003989426509605,-0.004401102731468098,1.9342564807889748,0.399606,1.5,1.0,1.5,False,1.0,0.0,0.0,0.399606,1.5,1.0,1.5
2014-08-15,0.013136153832158826,1.7227356447376636,0.013136153832158826,1.959665171471469,0.399606,1.5,1.0,1.5,False,1.0,0.0,0.0,0.399606,1.5,1.0,1.5
2014-08-18,0.03902723643261741,1.789969256055738,0.03902723643261741,2.0361454874472518,0.399606,1.5,1.0,1.5,False,1.0,0.0,0.0,0.399606,1.5,1.0,1.5
2014-08-19,0.007983086718358123,1.804258735850026,0.007983086718358123,2.0524002134447366,0.399606,1.5,1.0,1.5,False,1.0,0.0,0.0,0.399606,1.5,1.0,1.5
2014-08-20,-0.009452327841547814,1.787204290767795,-0.009452327841547814,2.033000253765194,0.399606,1.5,1.0,1.5,False,1.0,0.0,0.0,0.399606,1.5,1.0,1.5
2014-08-21,0.021456886240556416,1.8255521299234339,0.021456886240556416,2.076622108937256,0.399606,1.5,1.0,1.5,False,1.0,0.0,0.0,0.399606,1.5,1.0,1.5
2014-08-22,0.014303130971908384,1.851663241133775,0.014303130971908384,2.106324306940546,0.399606,1.5,1.0,1.5,False,1.0,0.0,0.0,0.399606,1.5,1.0,1.5
2014-08-25,-0.018448527866179898,1.8175027802309376,-0.018448527866179898,2.0674657242687413,0.399606,1.5,1.0,1.5,False,1.0,0.0,0.0,0.399606,1.5,1.0,1.5
2014-08-26,-0.03398986791439407,1.755726100796844,-0.03398986791439407,1.9971928373833097,0.399606,1.5,1.0,1.5,False,1.0,0.0,1.0,0.399606,1.5,1.0,1.5
2014-08-27,0.009922820471730098,1.773147855692582,0.009922820471730098,2.0170106233560894,0.399606,1.5,1.0,1.5,False,1.0,1.0,2.0,0.399606,1.5,1.0,1.5
2014-08-28,-0.01773939940829794,1.741693277670484,-0.01773939940829794,1.9812300662975957,0.399606,1.5,1.0,1.5,False,1.0,2.0,3.0,0.399606,1.5,1.0,1.5
2014-08-29,0.020493167572497306,1.7773860898696774,0.02202620688282142,2.0248690496203325,cash,0.0,0.0,1.5,True,0.0,3.0,4.0,0.399606,1.5,1.0,1.5
2014-09-01,0.0001211499702025165,1.7776014201415036,0.0298245530940191,2.08525986409917,cash,0.0,0.0,1.5,True,0.0,4.0,5.0,0.399606,1.5,1.0,1.5
2014-09-02,-0.0013790317547527353,1.775150051335835,0.012517220638267545,2.111361521906223,0.399606,1.5,1.0,1.5,False,1.0,0.0,0.0,0.399606,1.5,1.0,1.5
2014-09-03,0.012880499986859695,1.79801487154874,0.012880499986859695,2.1385569139613922,0.399606,1.5,1.0,1.5,False,1.0,0.0,0.0,0.399606,1.5,1.0,1.5
2014-09-04,0.018050003171666162,1.8304690456828978,0.018050003171666162,2.177157873041184,0.399606,1.5,1.0,1.5,False,1.0,0.0,0.0,0.399606,1.5,1.0,1.5
2014-09-05,-0.005755617177822803,1.8199335666000924,-0.005755617177822803,2.164626985788276,0.399606,1.5,1.0,1.5,False,1.0,0.0,0.0,0.399606,1.5,1.0,1.5
2014-09-09,0.00415846256531216,1.827501692208154,0.00415846256531216,2.173628506076541,0.399606,1.5,1.0,1.5,False,1.0,0.0,0.0,0.399606,1.5,1.0,1.5
2014-09-10,0.01087229847339577,1.847370836066477,0.01087229847339577,2.1972608439648864,0.399606,1.5,1.0,1.5,False,1.0,0.0,0.0,0.399606,1.5,1.0,1.5
2014-09-11,0.008011912659050324,1.8621718098539184,0.008011912659050324,2.214865105935884,0.399606,1.5,1.0,1.5,False,1.0,0.0,0.0,0.399606,1.5,1.0,1.5
2014-09-12,0.010956788044882426,1.882575231677643,0.010956788044882426,2.23913291344963,0.399606,1.5,1.0,1.5,False,1.0,0.0,0.0,0.399606,1.5,1.0,1.5
2014-09-15,0.0019201472608658676,1.8861900533521228,0.0019201472608658676,2.243432378380105,0.399606,1.5,1.0,1.5,False,1.0,0.0,0.0,0.399606,1.5,1.0,1.5
2014-09-16,-0.052160366025313154,1.787805689775971,-0.052160366025313154,2.12641412437076,0.399606,1.5,1.0,1.5,False,1.0,0.0,0.0,0.399606,1.5,1.0,1.5
2014-09-17,0.0060377908640498745,1.798600086636397,0.0060377908640498745,2.1392529681440724,0.399606,1.5,1.0,1.5,False,1.0,1.0,1.0,0.399606,1.5,1.0,1.5
2014-09-18,0.011771255267574166,1.819771867380475,0.011771255267574166,2.164434660914012,0.399606,1.5,1.0,1.5,False,1.0,2.0,2.0,0.399606,1.5,1.0,1.5
2014-09-19,0.006820476798775843,1.8321835791810086,0.008332976263170533,2.182470843566592,cash,0.0,0.0,1.5,True,0.0,3.0,3.0,0.399606,1.5,1.0,1.5
2014-09-22,0.0001211499702025165,1.8324055481670318,-0.017316048685824925,2.1446790721839997,cash,0.0,0.0,1.5,True,0.0,4.0,4.0,cash,0.0,0.0,1.5
2014-09-23,0.0001211499702025165,1.8326275440445912,-0.0013790317547527353,2.1417214916397045,cash,0.0,0.0,1.5,True,0.0,5.0,5.0,1.H00852,1.5,1.0,1.5
2014-09-24,0.0001211499702025165,1.8328495668169444,0.0184835240236787,2.1813080522824557,cash,0.0,0.0,1.5,True,0.0,0.0,6.0,cash,0.0,0.0,1.5
2014-09-25,0.0001211499702025165,1.83307161648735,0.0001211499702025165,2.1815723176879924,cash,0.0,0.0,1.5,False,1.0,0.0,0.0,cash,0.0,0.0,1.5
2014-09-26,0.0001211499702025165,1.8332936930590664,0.0001211499702025165,2.181836615109275,cash,0.0,0.0,1.5,False,1.0,1.0,1.0,cash,0.0,0.0,1.5
2014-09-29,0.0001211499702025165,1.833515796535353,0.0001211499702025165,2.182100944550182,cash,0.0,0.0,1.5,False,1.0,0.0,0.0,cash,0.0,0.0,1.5
2014-09-30,0.0001211499702025165,1.8337379269194691,0.0001211499702025165,2.1823653060145936,cash,0.0,0.0,1.5,False,1.0,0.0,1.0,cash,0.0,0.0,1.5
2014-10-08,-0.0013790317547527353,1.8312091440883527,-0.0013790317547527353,2.179355754957129,1.H11077,1.5,1.0,1.5,False,1.0,0.0,0.0,1.H11077,1.5,1.0,1.5
2014-10-09,-0.006554298284244919,1.8192068531371608,-0.006554298284244919,2.165071607271654,cash,0.0,0.0,1.5,False,1.0,0.0,0.0,cash,0.0,0.0,1.5
2014-10-10,-0.0013790317547527353,1.8166981091182208,-0.0013790317547527353,2.162085904773913,1.H00852,1.5,1.0,1.5,False,1.0,0.0,0.0,1.H00852,1.5,1.0,1.5
2014-10-13,-0.00013696210576974455,1.816449290319648,-0.00013696210576974455,2.16178978093554,1.H00852,1.5,1.0,1.5,False,1.0,0.0,0.0,1.H00852,1.5,1.0,1.5
2014-10-14,-0.003111585661323635,1.810797252753368,-0.003111585661323635,2.155063186850385,1.H00852,1.5,1.0,1.5,False,1.0,0.0,0.0,1.H00852,1.5,1.0,1.5
2014-10-15,0.004483515918366265,1.8189159910610215,0.004483515918366265,2.164725446953714,1.H00852,1.5,1.0,1.5,False,1.0,1.0,1.0,1.H00852,1.5,1.0,1.5
2014-10-16,-0.024210154369449732,1.7748797541323735,-0.024210154369449732,2.1123171097154883,1.H11077,1.5,1.0,1.5,False,1.0,0.0,0.0,1.H11077,1.5,1.0,1.5
2014-10-17,-0.0005807310319151382,1.773849026381231,-0.0005807310319151382,2.111090421620631,1.H11077,1.5,1.0,1.5,False,1.0,0.0,1.0,1.H11077,1.5,1.0,1.5
2014-10-20,0.0072241357945361795,1.7866635526268149,0.0072241357945361795,2.1263412255009633,1.H11077,1.5,1.0,1.5,False,1.0,1.0,2.0,1.H11077,1.5,1.0,1.5
2014-10-21,0.0016223455292680988,1.7895621382537252,0.0016223455292680988,2.129790885681853,1.H11077,1.5,1.0,1.5,False,1.0,2.0,3.0,1.H11077,1.5,1.0,1.5
2014-10-22,-0.0014829887782046303,1.7869082376847951,-0.0014829887782046303,2.126632429698464,1.H11077,1.5,1.0,1.5,True,0.0,3.0,4.0,1.H11077,1.5,1.0,1.5
2014-10-23,-0.0010960396498695957,1.784949715405614,-0.0010960396498695957,2.124301556234816,1.H11077,1.5,1.0,1.5,True,0.0,4.0,5.0,1.H11077,1.5,1.0,1.5
2014-10-24,-0.0008377099475398442,1.7834544452731602,-0.0008377099475398442,2.1225220076895837,1.H11077,1.5,1.0,1.5,True,0.0,5.0,6.0,1.H11077,1.5,1.0,1.5
2014-10-27,0.0016240902416806424,1.7863509362342103,0.0016240902416806424,2.1259691749700247,1.H11077,1.5,1.0,1.5,True,0.0,6.0,7.0,1.H11077,1.5,1.0,1.5
2014-10-28,0.0005866462782748716,1.787398892362645,0.0005866462782748716,2.127216366874248,1.H11077,1.5,1.0,1.5,True,0.0,7.0,8.0,1.H11077,1.5,1.0,1.5
2014-10-29,0.004079854584466469,1.794691219927921,0.004079854584466469,2.135895100320792,1.H11077,1.5,1.0,1.5,False,1.0,0.0,0.0,1.H11077,1.5,1.0,1.5
2014-10-30,-0.0009638007915527824,1.7929614951095616,-0.0009638007915527824,2.1338365229324294,1.H11077,1.5,1.0,1.5,False,1.0,0.0,0.0,1.H11077,1.5,1.0,1.5
2014-10-31,-0.0010934549988731446,1.791000972399947,-0.0010934549988731446,2.131503268719651,1.H11077,1.5,1.0,1.5,False,1.0,1.0,0.0,1.H11077,1.5,1.0,1.5
2014-11-03,0.0023942053766559113,1.7952889965576628,0.0023942053766559113,2.136606525305979,1.H11077,1.5,1.0,1.5,False,1.0,0.0,1.0,1.H11077,1.5,1.0,1.5
2014-11-04,0.006388818771885685,1.8067587725998302,0.006388818771885685,2.1502569171829875,1.H11077,1.5,1.0,1.5,False,1.0,0.0,0.0,1.H11077,1.5,1.0,1.5
2014-11-05,0.0020616206109045354,1.8104836237243547,0.0020616206109045354,2.154689931162192,1.H20955,1.5,1.0,1.5,False,1.0,1.0,1.0,1.H20955,1.5,1.0,1.5
2014-11-06,0.0007847583778652911,1.8119044159160602,0.0007847583778652911,2.1563808421373736,1.H20955,1.5,1.0,1.5,False,1.0,2.0,0.0,1.H20955,1.5,1.0,1.5
2014-11-07,-0.010867608005136642,1.7922133489811085,-0.010867608005136642,2.132946140435238,1.H20955,1.5,1.0,1.5,False,1.0,0.0,0.0,1.H20955,1.5,1.0,1.5
2014-11-10,0.0425056223195428,1.8683924927089424,0.0425056223195428,2.223608343508505,1.H20955,1.5,1.0,1.5,False,1.0,1.0,0.0,1.H20955,1.5,1.0,1.5
2014-11-11,-0.011617684542210904,1.8466860981276148,-0.011617684542210904,2.197775163228195,1.H20955,1.5,1.0,1.5,False,1.0,0.0,0.0,1.H20955,1.5,1.0,1.5
2014-11-12,0.015301311999649014,1.87494281828048,0.015301311999649014,2.231404006705829,1.H00016,1.5,1.0,1.5,False,1.0,1.0,1.0,1.H00016,1.5,1.0,1.5
2014-11-13,-0.004120926789237034,1.8672163161923403,-0.004120926789237034,2.2222085541569845,1.H00016,1.5,1.0,1.5,False,1.0,2.0,0.0,1.H00016,1.5,1.0,1.5
2014-11-14,0.0005769235369672554,1.868293557233761,0.0020800436023706848,2.226830844843192,cash,0.0,0.0,1.5,True,0.0,3.0,1.0,1.H00016,1.5,1.0,1.5
2014-11-17,0.0001211499702025165,1.8685199009425493,-0.018027323925631444,2.186687043875616,cash,0.0,0.0,1.5,True,0.0,4.0,2.0,1.H00016,1.5,1.0,1.5
2014-11-18,0.0001211499702025165,1.8687462720728714,-0.025237565718422728,2.1315003859001815,cash,0.0,0.0,1.5,True,0.0,5.0,3.0,1.H00016,1.5,1.0,1.5
2014-11-19,0.0001211499702025165,1.868972670628049,-0.006999792711146924,2.1165803250351507,cash,0.0,0.0,1.5,True,0.0,6.0,4.0,1.H00016,1.5,1.0,1.5
2014-11-20,0.0001211499702025165,1.869199096611405,0.004375157464617363,2.1258406972436905,cash,0.0,0.0,1.5,True,0.0,7.0,5.0,1.H00016,1.5,1.0,1.5
2014-11-21,0.0001211499702025165,1.869425550026262,0.03403851935524638,2.19820116696299,cash,0.0,0.0,1.5,True,0.0,8.0,6.0,1.H00016,1.5,1.0,1.5
2014-11-24,-0.0013790317547527353,1.8668475528296298,0.037893693021284314,2.2814991271829146,1.H00016,1.5,1.0,1.5,False,1.0,0.0,0.0,1.H00016,1.5,1.0,1.5
2014-11-25,0.016638223837075694,1.8979085802833062,0.016638223837075694,2.3194592203450766,1.H00016,1.5,1.0,1.5,False,1.0,0.0,0.0,1.H00016,1.5,1.0,1.5
2014-11-26,0.0360671424062029,1.9663607193223387,0.0360671424062029,2.403115486350643,1.H00016,1.5,1.0,1.5,False,1.0,0.0,0.0,1.H00016,1.5,1.0,1.5
2014-11-27,0.026732957595232865,2.0189273570489146,0.026732957595232865,2.4673578707437023,1.H00016,1.5,1.0,1.5,False,1.0,0.0,0.0,1.H00016,1.5,1.0,1.5
2014-11-28,0.049672867838710166,2.1192132688315617,0.049672867838710166,2.5899186121679554,1.H00016,1.5,1.0,1.5,False,1.0,0.0,0.0,1.H00016,1.5,1.0,1.5
2014-12-01,0.00458852421250322,2.1289373302270533,0.00458852421250322,2.6018025164283007,1.H00016,1.5,1.0,1.5,False,1.0,0.0,0.0,1.H00016,1.5,1.0,1.5
2014-12-02,0.07895629955635153,2.2970303438091597,0.07895629955635153,2.807231215301883,1.H00016,1.5,1.0,1.5,False,1.0,0.0,0.0,1.H00016,1.5,1.0,1.5
2014-12-03,0.011845514464896567,2.3242398499730577,0.011845514464896567,2.8404843132690503,1.H00016,1.5,1.0,1.5,False,1.0,0.0,0.0,1.H00016,1.5,1.0,1.5
2014-12-04,0.09054408830717842,2.5346860281960812,0.09054408830717842,3.0976733757648383,1.H00016,1.5,1.0,1.5,False,1.0,0.0,0.0,1.H00016,1.5,1.0,1.5
2014-12-05,0.02588645294187719,2.6003000587874125,0.02588645294187719,3.177861151835881,cash,0.0,0.0,1.4755698039474636,False,1.0,0.0,0.0,cash,0.0,0.0,1.3762331876550198
2014-12-08,0.0001211499702025165,2.6006150850620524,0.0001211499702025165,3.1782461496197336,cash,0.0,0.0,1.485140035848761,False,1.0,0.0,0.0,cash,0.0,0.0,1.3858377250319625
2014-12-09,0.0001211499702025165,2.600930149502116,0.0001211499702025165,3.1786311940460563,cash,0.0,0.0,1.4846321496933481,False,1.0,0.0,0.0,cash,0.0,0.0,1.3853470064576143
2014-12-10,0.0001211499702025165,2.601245252112227,0.0001211499702025165,3.1790162851205,cash,0.0,0.0,1.4905466420789883,False,1.0,1.0,0.0,cash,0.0,0.0,1.3893456745109
2014-12-11,0.0001211499702025165,2.60156039289701,0.0001211499702025165,3.1794014228487155,cash,0.0,0.0,1.4964798528242353,False,1.0,2.0,1.0,cash,0.0,0.0,1.394541154376622
2014-12-12,0.0001211499702025165,2.6018755718610898,0.0001211499702025165,3.1797866072363554,cash,0.0,0.0,1.4960253827547243,True,0.0,3.0,2.0,cash,0.0,0.0,1.3941032297467086
2014-12-15,0.0001211499702025165,2.602190789009091,0.0001211499702025165,3.1801718382890725,cash,0.0,0.0,1.4978541782775256,True,0.0,4.0,3.0,cash,0.0,0.0,1.395750007633072
2014-12-16,0.0001211499702025165,2.602506044345641,0.0001211499702025165,3.18055711601252,cash,0.0,0.0,1.498466598136672,True,0.0,5.0,4.0,cash,0.0,0.0,1.3957638459722075
2014-12-17,0.0001211499702025165,2.602821337875365,0.0001211499702025165,3.1809424404123523,cash,0.0,0.0,1.5,True,0.0,6.0,5.0,cash,0.0,0.0,1.4177251817785659
2014-12-18,0.0001211499702025165,2.603136669602891,0.0001211499702025165,3.1813278114942243,cash,0.0,0.0,1.5,True,0.0,7.0,6.0,cash,0.0,0.0,1.417064767598729
2014-12-19,0.0001211499702025165,2.6034520395328467,0.0001211499702025165,3.1817132292637913,cash,0.0,0.0,1.5,True,0.0,8.0,7.0,cash,0.0,0.0,1.4215159753383821
2014-12-22,0.0001211499702025165,2.60376744766986,0.0001211499702025165,3.1820986937267097,cash,0.0,0.0,1.5,True,0.0,9.0,8.0,cash,0.0,0.0,1.4260861193251173
2014-12-23,0.0001211499702025165,2.604082894018559,0.0001211499702025165,3.1824842048886364,cash,0.0,0.0,1.5,True,0.0,10.0,9.0,cash,0.0,0.0,1.4270348294255186
2014-12-24,0.0001211499702025165,2.6043983785835745,0.0001211499702025165,3.1828697627552285,cash,0.0,0.0,1.5,True,0.0,11.0,10.0,cash,0.0,0.0,1.4394529008422483
2014-12-25,0.0001211499702025165,2.6047139013695353,-0.001355544385006513,3.178555241520119,cash,0.0,0.0,1.5,True,0.0,12.0,11.0,1.H20955,1.4765154754032161,1.0,1.4765154754032161
2014-12-26,0.0001211499702025165,2.605029462381072,0.036043923261060984,3.2931228427265133,cash,0.0,0.0,1.5,True,0.0,13.0,12.0,1.H20955,1.4759440924541216,1.0,1.4759440924541216
2014-12-29,0.0001211499702025165,2.6053450616228164,0.006840036263456417,3.3156479223907795,cash,0.0,0.0,1.5,True,0.0,14.0,13.0,1.H20955,1.4681435701269558,1.0,1.4681435701269558
2014-12-30,0.0001211499702025165,2.605660699099399,-0.008448003497923517,3.287637317144539,cash,0.0,0.0,1.5,True,0.0,15.0,14.0,1.H20955,1.4738186546568526,1.0,1.4738186546568526
2014-12-31,0.0001211499702025165,2.605976374815453,0.026294972999181487,3.374085651629956,cash,0.0,0.0,1.5,True,0.0,16.0,15.0,1.H20955,1.481765795363395,1.0,1.481765795363395
2015-01-05,0.0001211499702025165,2.6062920887756102,0.0623846222701292,3.5845767105139537,cash,0.0,0.0,1.5,True,0.0,17.0,16.0,1.H20955,1.4723835266510836,1.0,1.4723835266510836
2015-01-06,0.0001211499702025165,2.6066078409845046,-0.00355287555682815,3.571841155537593,cash,0.0,0.0,1.5,True,0.0,18.0,0.0,1.H00016,1.4011226527815823,1.0,1.4011226527815823
2015-01-07,0.0001211499702025165,2.6069236314467696,0.001652062235049101,3.5777420594202507,cash,0.0,0.0,1.5,True,0.0,19.0,0.0,cash,0.0,0.0,1.4025626641899747
2015-01-08,0.0001211499702025165,2.6072394601670394,0.0001211499702025165,3.5781755027641418,cash,0.0,0.0,1.5,True,0.0,20.0,0.0,cash,0.0,0.0,1.4056220952367549
2015-01-09,0.0001211499702025165,2.6075553271499494,0.0001211499702025165,3.578608998619681,cash,0.0,0.0,1.5,False,1.0,0.0,0.0,cash,0.0,0.0,1.4048225605656663
2015-01-12,0.0001211499702025165,2.607871232400135,0.0001211499702025165,3.5790425469932305,cash,0.0,0.0,1.5,False,1.0,1.0,0.0,cash,0.0,0.0,1.4042637642600615
2015-01-13,0.0001211499702025165,2.6081871759222324,0.0001211499702025165,3.5794761478911523,cash,0.0,0.0,1.5,False,1.0,2.0,0.0,cash,0.0,0.0,1.4034168323733858
2015-01-14,-0.0013790317547527353,2.6045904029842966,-0.0012820011938298181,3.5748872551962707,1.H11077,1.5,1.0,1.5,True,0.0,3.0,1.0,1.H11077,1.402981192902633,1.0,1.402981192902633
2015-01-15,-0.0011816266184079272,2.6015127496340806,-0.0010973461245293858,3.5709643665211517,cash,0.0,0.0,1.5,True,0.0,4.0,2.0,cash,0.0,0.0,1.4025726872433022
2015-01-16,0.0001211499702025165,2.6018279228261805,0.0001211499702025165,3.57139698874775,cash,0.0,0.0,1.5,False,1.0,0.0,0.0,cash,0.0,0.0,1.4807694260341546
2015-01-19,0.0001211499702025165,2.602143134201503,0.0001211499702025165,3.571829663386518,cash,0.0,0.0,1.5,False,1.0,0.0,0.0,cash,0.0,0.0,1.479615643328626
2015-01-20,-0.0013790317547527353,2.5985546961890273,-0.0013580892459068572,3.5669787999324614,0.399606,1.5,1.0,1.5,False,1.0,0.0,0.0,0.399606,1.4790600280310464,1.0,1.4790600280310464
2015-01-21,0.019099304997753475,2.648185284884886,0.018833314064177653,3.634156831931853,0.399606,1.5,1.0,1.5,False,1.0,0.0,0.0,0.399606,1.4780233099210238,1.0,1.4780233099210238
2015-01-22,0.018629115212968728,2.697518633662295,0.01834853395501579,3.7008382819604075,0.399606,1.5,1.0,1.5,False,1.0,0.0,0.0,0.399606,1.4872722325026544,1.0,1.4872722325026544
2015-01-23,-0.04027393150451419,2.588878952978029,-0.03993302840965296,3.553052601707351,0.399606,1.5,1.0,1.5,False,1.0,0.0,0.0,0.399606,1.4853386469972731,1.0,1.4853386469972731
2015-01-26,0.03750643225397132,2.6859785660416318,0.037090043824064,3.6848354784138815,0.399606,1.5,1.0,1.5,False,1.0,0.0,1.0,0.399606,1.4361882597055518,1.0,1.4361882597055518
2015-01-27,0.0032917361540700796,2.6948200987965283,0.003137057660884679,3.6963950197805393,0.399606,1.5,1.0,1.5,False,1.0,0.0,0.0,0.399606,1.4164524842804047,1.0,1.4164524842804047
2015-01-28,-0.010613532098730838,2.6662185391776463,-0.01001636768468317,3.6593705681545856,0.399606,1.5,1.0,1.5,False,1.0,0.0,0.0,0.399606,1.4171995653178504,1.0,1.4171995653178504
2015-01-29,-0.01742537043084269,2.6197586934828956,-0.01646241816841676,3.599128479628428,0.399606,1.5,1.0,1.5,False,1.0,1.0,1.0,0.399606,1.4114847695979178,1.0,1.4114847695979178
2015-01-30,-0.02704331353000411,2.548911737762084,-0.025451611132954466,3.5075248611473837,0.399606,1.5,1.0,1.5,False,1.0,2.0,2.0,0.399606,1.3999136293236587,1.0,1.3999136293236587
2015-02-02,0.012915426861238588,2.5818320208869023,0.013459263617906503,3.5547335628999273,cash,0.0,0.0,1.5,True,0.0,3.0,3.0,0.399606,1.3776152053865038,1.0,1.3776152053865038
2015-02-03,0.0001211499702025165,2.5821448097593005,0.04097919395475258,3.700403679031472,cash,0.0,0.0,1.5,True,0.0,4.0,0.0,1.H00852,1.3790943438809176,1.0,1.3790943438809176
2015-02-04,0.0001211499702025165,2.5824576365260614,-0.00032757737918454044,3.69919151049237,cash,0.0,0.0,1.5,True,0.0,5.0,0.0,1.H00852,1.3479383187946357,1.0,1.3479383187946357
2015-02-05,-0.0013790317547527353,2.5788963454399885,0.00010938972495000421,3.69959616403424,1.H00852,1.5,1.0,1.5,False,1.0,0.0,0.0,1.H00852,1.3478831122896537,1.0,1.3478831122896537
2015-02-06,-0.028721122057773663,2.5048275487282603,-0.02579722587707678,3.604156846136682,1.H00852,1.5,1.0,1.5,False,1.0,1.0,0.0,1.H00852,1.3489454391740197,1.0,1.3489454391740197
2015-02-09,-0.01204089146182108,2.474667192083444,-0.01083920018393425,3.5650906685871098,1.H00852,1.5,1.0,1.5,False,1.0,2.0,1.0,1.H00852,1.325629982380243,1.0,1.325629982380243
2015-02-10,0.01717770135383967,2.517176286059198,0.016537406703071467,3.6240480229068597,cash,0.0,0.0,1.5,True,0.0,3.0,2.0,1.H00852,1.3334546267243572,1.0,1.3334546267243572
2015-02-11,0.0001211499702025165,2.517481241891249,0.01820072641602488,3.690008329490323,cash,0.0,0.0,1.5,True,0.0,4.0,3.0,1.H00852,1.3321314960903357,1.0,1.3321314960903357
2015-02-12,0.0001211499702025165,2.5177862346686894,0.011644827388682444,3.7329778395500384,cash,0.0,0.0,1.5,True,0.0,5.0,0.0,1.H00852,1.3290514100983941,1.0,1.3290514100983941
2015-02-13,-0.0013790317547527353,2.514314127499402,0.02217042316406226,3.8157395379149297,1.H00852,1.5,1.0,1.5,False,1.0,0.0,0.0,1.H00852,1.32911674539944,1.0,1.32911674539944
2015-02-16,0.02973203116781198,2.589069793503884,0.026372493115094597,3.9163701026075852,0.399606,1.5,1.0,1.5,False,1.0,0.0,0.0,0.399606,1.325334480008204,1.0,1.325334480008204
2015-02-17,-0.0018979435248418497,2.58415588525394,-0.0016720346374436978,3.9098217961429764,0.399606,1.5,1.0,1.5,False,1.0,0.0,0.0,0.399606,1.3161173640671124,1.0,1.3161173640671124
2015-02-25,-0.013969348211290145,2.5480569118605727,-0.012242369632546546,3.861956312517207,0.399606,1.5,1.0,1.5,False,1.0,0.0,0.0,0.399606,1.3157595982217283,1.0,1.3157595982217283
2015-02-26,0.00285287609481788,2.555326202512655,0.002509589476099361,3.8716482374362555,0.399606,1.5,1.0,1.5,False,1.0,0.0,0.0,0.399606,1.308022003541812,1.0,1.308022003541812
2015-02-27,0.037950229119424694,2.65230141737288,0.03310814746820512,3.9998313382263113,0.399606,1.5,1.0,1.5,False,1.0,0.0,0.0,0.399606,1.3085199530360203,1.0,1.3085199530360203
2015-03-02,0.04579040703366877,2.7737513788503607,0.03995262935952426,4.159635117183077,0.399606,1.4923093961976301,1.0,1.4923093961976301,False,1.0,0.0,0.0,0.399606,1.2941353917013658,1.0,1.2941353917013658
2015-03-03,-0.019056588969728505,2.7208931389193918,-0.016497451712621403,4.091011737695225,0.399606,1.4541234771217368,1.0,1.4541234771217368,False,1.0,0.0,0.0,0.399606,1.2737073719289689,1.0,1.2737073719289689
2015-03-04,0.03557565908311644,2.8176907056311786,0.03117772225514126,4.218560165395609,0.399606,1.440823877468305,1.0,1.440823877468305,False,1.0,0.0,0.0,0.399606,1.2629559999542812,1.0,1.2629559999542812
2015-03-05,0.0034796468081839116,2.827495274101478,0.0030725264056066237,4.2315218028974275,0.399606,1.419990121326716,1.0,1.419990121326716,False,1.0,0.0,0.0,0.399606,1.2521453173327508,1.0,1.2521453173327508
2015-03-06,-0.047438344319516434,2.6933635797268463,-0.04182979193015601,4.054518126334309,1.H00852,1.419854232961329,1.0,1.419854232961329,False,1.0,0.0,0.0,1.H00852,1.2517875275696917,1.0,1.2517875275696917
2015-03-09,0.021640360462147123,2.751648938447754,0.019099657232874545,4.131958032791771,1.H00852,1.362141614481269,1.0,1.362141614481269,False,1.0,0.0,0.0,1.H00852,1.2071604852872464,1.0,1.2071604852872464
2015-03-10,0.021103581452910802,2.809718585950102,0.018719215800263145,4.209305046885231,1.H00852,1.3568504749363908,1.0,1.3568504749363908,False,1.0,0.0,0.0,1.H00852,1.2053697945718256,1.0,1.2053697945718256
2015-03-11,-7.276095919661607e-05,2.8095141481307158,-5.3600211017745814e-05,4.20907942724648,1.H00852,1.3565669449259545,1.0,1.3565669449259545,False,1.0,0.0,0.0,1.H00852,1.2081095305471075,1.0,1.2081095305471075
2015-03-12,-0.009368365624676245,2.783193592363326,-0.00832132709314315,4.174054300571342,1.H00852,1.3820777352681894,1.0,1.3820777352681894,False,1.0,0.0,0.0,1.H00852,1.2221904041735843,1.0,1.2221904041735843
2015-03-13,0.02476402396200128,2.8521166651755,0.021913237091056414,4.265521342090706,1.H00852,1.382931757198881,1.0,1.382931757198881,False,1.0,0.0,1.0,1.H00852,1.2228951342271381,1.0,1.2228951342271381
2015-03-16,0.04587192402122775,2.982948744140108,0.040579485643703395,4.438614004154986,1.H00852,1.3771662662057538,1.0,1.3771662662057538,False,1.0,0.0,0.0,1.H00852,1.2196598269182917,1.0,1.2196598269182917
2015-03-17,0.015614146749099111,3.0295249435761527,0.013853358907464086,4.500103717006241,1.H00852,1.3426443904252578,1.0,1.3426443904252578,False,1.0,0.0,0.0,1.H00852,1.2000256053201868,1.0,1.2000256053201868
2015-03-18,0.026457197921741615,3.1096776846172,0.0236611723869935,4.606581446813676,1.H00852,1.3409787193350555,1.0,1.3409787193350555,False,1.0,0.0,0.0,1.H00852,1.2001016899376036,1.0,1.2001016899376036
2015-03-19,0.010763899032970148,3.1431499412395,0.00964801157312456,4.651025797925075,1.H00852,1.3323808868159819,1.0,1.3323808868159819,False,1.0,0.0,0.0,1.H00852,1.2056351557435403,1.0,1.2056351557435403
2015-03-20,0.016544546140940808,3.195151930470232,0.014964777022228759,4.720627361915658,1.H00852,1.332807311974556,1.0,1.332807311974556,False,1.0,0.0,0.0,1.H00852,1.223220514060499,1.0,1.223220514060499
2015-03-23,0.03867462562241819,3.3187232351879152,0.03550208831575952,4.888219491424178,1.H00852,1.3314032975513306,1.0,1.3314032975513306,False,1.0,0.0,0.0,1.H00852,1.2269975619184397,1.0,1.2269975619184397
2015-03-24,0.014703821281234042,3.367521148519997,0.013566762819833933,4.95453680587562,1.H00852,1.309807261226969,1.0,1.309807261226969,False,1.0,0.0,0.0,1.H00852,1.2134684317589093,1.0,1.2134684317589093
2015-03-25,0.019565438751505848,3.4334081772957656,0.01812875461408403,5.044356387855786,1.H00852,1.3096227249663852,1.0,1.3096227249663852,False,1.0,0.0,0.0,1.H00852,1.2200430115158214,1.0,1.2200430115158214
2015-03-26,-0.0271056616469999,3.340343376945944,-0.025245481824828553,4.917009180348215,cash,0.0,0.0,1.307345932229084,False,1.0,0.0,0.0,cash,0.0,0.0,1.2281729693919927
2015-03-27,0.0001211499702025165,3.3407480594465273,0.0001211499702025165,4.9176048758638995,cash,0.0,0.0,1.2849350951447738,False,1.0,1.0,1.0,cash,0.0,0.0,1.2059338350181057
2015-03-30,0.0001211499702025165,3.3411527909743834,0.0001211499702025165,4.9182006435480785,cash,0.0,0.0,1.297318745994417,False,1.0,0.0,2.0,cash,0.0,0.0,1.2133039710024125
2015-03-31,0.0001211499702025165,3.341557571535452,0.0001211499702025165,4.918796483409494,cash,0.0,0.0,1.3028653709535218,False,1.0,0.0,0.0,cash,0.0,0.0,1.2157175349012612
2015-04-01,-0.0012133427605449665,3.3375031168470852,-0.0011159931399460365,4.913307140277219,1.H20955,1.3343310765773737,1.0,1.3343310765773737,False,1.0,0.0,1.0,1.H20955,1.2369932484534278,1.0,1.2369932484534278
2015-04-02,0.018174935235339085,3.3981620198435234,0.016861976243725207,4.996155208554699,1.H00905,1.333677597623197,1.0,1.333677597623197,False,1.0,0.0,0.0,1.H00905,1.2360992503679136,1.0,1.2360992503679136
2015-04-03,0.020734987784624792,3.4686228678151547,0.019247377426917955,5.092318093537213,1.H00905,1.4348509705211756,1.0,1.4348509705211756,False,1.0,0.0,0.0,1.H00905,1.3098018010607073,1.0,1.3098018010607073
2015-04-07,0.031548552799524066,3.5780528995020577,0.02881530991364345,5.239054817581342,1.H20955,1.4286901850835794,1.0,1.4286901850835794,False,1.0,0.0,0.0,1.H20955,1.3062499853927696,1.0,1.3062499853927696
2015-04-08,-0.00578833818349378,3.5573419192813094,-0.005331849804021238,5.211120964178964,1.H20955,1.5,1.0,1.5,False,1.0,0.0,0.0,1.H20955,1.421638453856964,1.0,1.421638453856964
2015-04-09,-0.029920388742467274,3.450904866166538,-0.02835510913540895,5.063359060521853,1.H20955,1.5,1.0,1.5,False,1.0,0.0,0.0,1.H20955,1.4258800482157565,1.0,1.4258800482157565
2015-04-10,0.03113779034580144,3.5583584183925376,0.029575536300478156,5.213110620218671,1.H20955,1.5,1.0,1.5,False,1.0,0.0,1.0,1.H20955,1.397112270206797,1.0,1.397112270206797
2015-04-13,0.04899123216400314,3.7326867817907416,0.045628216495016805,5.45097556021048,1.H20955,1.5,1.0,1.5,False,1.0,0.0,0.0,1.H20955,1.3866614425371524,1.0,1.3866614425371524
2015-04-14,0.012576318420993271,3.7796302393243746,0.011669424599058953,5.51458530850167,1.H00016,1.4985108749494518,1.0,1.4985108749494518,False,1.0,0.0,0.0,1.H00016,1.3547656386405766,1.0,1.3547656386405766
2015-04-15,0.00038011990772202076,3.78106695202217,0.00035674998284762616,5.51655263671589,1.H00016,1.4965796320295752,1.0,1.4965796320295752,False,1.0,1.0,1.0,1.H00016,1.355040328596317,1.0,1.355040328596317
2015-04-16,0.06365765520779254,4.021760808371576,0.05764866030569382,5.834574505728404,1.H00016,1.496650214431826,1.0,1.496650214431826,False,1.0,2.0,2.0,1.H00016,1.3551214578511677,1.0,1.3551214578511677
2015-04-17,0.02286928172845215,4.1137355893426735,0.022052501413749814,5.963241468264608,cash,0.0,0.0,1.4184870617071001,True,0.0,3.0,3.0,1.H00016,1.3024626125109706,1.0,1.3024626125109706
2015-04-20,0.0001211499702025165,4.114233968286744,-0.02857201657748909,5.792859634177781,cash,0.0,0.0,1.4123805717686924,True,0.0,4.0,4.0,1.H00016,1.3000889900168626,1.0,1.3000889900168626
2015-04-21,0.0001211499702025165,4.114732407609408,0.02043910814099159,5.911260518686326,cash,0.0,0.0,1.4123805717686924,True,0.0,5.0,5.0,1.H00016,1.2724955473677986,1.0,1.2724955473677986
2015-04-22,-0.0012914017114303844,4.109418635136143,0.033556784524513494,6.109623414180147,1.H00016,1.4123805717686924,1.0,1.4123805717686924,False,1.0,0.0,0.0,1.H00016,1.2705920889656361,1.0,1.2705920889656361
2015-04-23,-0.011087143497834795,4.063856921035712,-0.009974173907409067,6.048684967738336,1.H00016,1.4123805717686924,1.0,1.4123805717686924,False,1.0,0.0,0.0,1.H00016,1.258241256298666,1.0,1.258241256298666
2015-04-24,-0.021387758107320076,3.9769401322258418,-0.019040426659543863,5.933515425223429,1.H00016,1.4060821427847074,1.0,1.4060821427847074,False,1.0,0.0,0.0,1.H00016,1.2526125642786563,1.0,1.2526125642786563
2015-04-27,0.03678632220287459,4.123237133311444,0.032785388868613374,6.128048035797295,1.H00016,1.3893018288659416,1.0,1.3893018288659416,False,1.0,0.0,0.0,1.H00016,1.238533798470857,1.0,1.238533798470857
2015-04-28,-0.011039335248204551,4.077719336288974,-0.009820966545145415,6.067864681050685,1.H00016,1.3685869694241157,1.0,1.3685869694241157,False,1.0,1.0,1.0,1.H00016,1.2273859006938148,1.0,1.2273859006938148
2015-04-29,0.00034540361772839034,4.079127795299809,0.0003221904331842662,6.069819689000776,1.H00016,1.3627408484447479,1.0,1.3627408484447479,False,1.0,2.0,2.0,1.H00016,1.2220665531310524,1.0,1.2220665531310524
2015-04-30,-0.014617698543062385,4.019500334869489,-0.011899352759202064,5.9975927633366055,cash,0.0,0.0,1.362802164560809,True,0.0,3.0,0.0,1.H00016,1.2311505201763158,1.0,1.2311505201763158
2015-05-04,0.0001211499702025165,4.0199872972152875,0.008111429861658026,6.046241816375198,cash,0.0,0.0,1.3550679166125859,True,0.0,4.0,1.0,1.H00016,1.223205926586932,1.0,1.223205926586932
2015-05-05,0.0001211499702025165,4.02047431855656,-0.04608583023645596,5.7675957424571695,cash,0.0,0.0,1.3550679166125859,True,0.0,5.0,2.0,1.H00016,1.2276651403228387,1.0,1.2276651403228387
2015-05-06,0.0001211499702025165,4.020961398900453,-0.0062385038629493295,5.731614574137921,cash,0.0,0.0,1.3550679166125859,True,0.0,6.0,0.0,0.399606,1.1754981646455935,1.0,1.1754981646455935
2015-05-07,0.0001211499702025165,4.021448538254115,-0.016789816344571884,5.6353818180802735,cash,0.0,0.0,1.3550679166125859,True,0.0,7.0,1.0,0.399606,1.2131551892424859,1.0,1.2131551892424859
2015-05-08,0.0001211499702025165,4.0219357366246955,0.07241125332183729,6.04344687847456,cash,0.0,0.0,1.3550679166125859,True,0.0,8.0,0.0,0.399606,1.2029293427925623,1.0,1.2029293427925623
2015-05-11,0.0001211499702025165,4.022422994019344,0.06876771881364485,6.459040934078699,cash,0.0,0.0,1.3550679166125859,False,1.0,0.0,0.0,cash,0.0,0.0,1.1230800968274153
2015-05-12,0.0001211499702025165,4.022910310445211,0.0001211499702025165,6.459823446695399,cash,0.0,0.0,1.3550679166125859,False,1.0,0.0,0.0,cash,0.0,0.0,1.0625497863286335
2015-05-13,0.0001211499702025165,4.023397685909449,0.0001211499702025165,6.460606054113479,cash,0.0,0.0,1.3550679166125859,False,1.0,0.0,0.0,cash,0.0,0.0,1.0625497863286335
2015-05-14,0.0001211499702025165,4.0238851204192105,0.0001211499702025165,6.461388756344426,cash,0.0,0.0,1.3550679166125859,False,1.0,0.0,0.0,cash,0.0,0.0,1.0625497863286335
2015-05-15,0.0001211499702025165,4.024372613981647,0.0001211499702025165,6.462171553399724,cash,0.0,0.0,1.3550679166125859,False,1.0,0.0,0.0,cash,0.0,0.0,1.0625497863286335
2015-05-18,0.0001211499702025165,4.024860166603915,0.0001211499702025165,6.462954445290862,cash,0.0,0.0,1.3550679166125859,False,1.0,0.0,0.0,cash,0.0,0.0,1.0625497863286335
2015-05-19,0.0001211499702025165,4.025347778293169,0.0001211499702025165,6.463737432029329,cash,0.0,0.0,1.355021838349553,False,1.0,0.0,0.0,cash,0.0,0.0,1.0625167858978666
2015-05-20,0.0001211499702025165,4.025835449056563,0.0001211499702025165,6.464520513626616,cash,0.0,0.0,1.355021838349553,False,1.0,0.0,0.0,cash,0.0,0.0,1.0625167858978666
2015-05-21,0.0001211499702025165,4.026323178901257,0.0001211499702025165,6.465303690094216,cash,0.0,0.0,1.355021838349553,False,1.0,0.0,0.0,cash,0.0,0.0,1.0625167858978666
2015-05-22,-0.0012340360290024055,4.021354551034086,-0.0009414955395723457,6.459216635508012,1.H00852,1.355021838349553,1.0,1.355021838349553,False,1.0,0.0,0.0,1.H00852,1.0625167858978666,1.0,1.0625167858978666
2015-05-25,0.018946963425289676,4.097547008632651,0.014887718915383763,6.5553796371910265,cash,0.0,0.0,1.3574541668027096,False,1.0,0.0,0.0,cash,0.0,0.0,1.0626511647609063
2015-05-26,0.0001211499702025165,4.0980434263306496,0.0001211499702025165,6.556173821238739,cash,0.0,0.0,1.3553351793931965,False,1.0,0.0,0.0,cash,0.0,0.0,1.0618439320739093
2015-05-27,0.0001211499702025165,4.098539904169638,0.0001211499702025165,6.556968101501824,cash,0.0,0.0,1.3979102111856336,False,1.0,0.0,0.0,cash,0.0,0.0,1.084282829847294
2015-05-28,0.0001211499702025165,4.099036442156902,0.0001211499702025165,6.55776247799194,cash,0.0,0.0,1.4175880321029686,False,1.0,0.0,0.0,cash,0.0,0.0,1.0911730922084861
2015-05-29,0.0001211499702025165,4.099533040299728,0.0001211499702025165,6.558556950720743,cash,0.0,0.0,1.416970870423945,False,1.0,0.0,0.0,cash,0.0,0.0,1.0907044210168508
2015-06-01,0.0001211499702025165,4.100029698605405,0.0001211499702025165,6.559351519699895,cash,0.0,0.0,1.4223501481425527,False,1.0,0.0,0.0,cash,0.0,0.0,1.0937903315437756
2015-06-02,0.0001211499702025165,4.100526417081221,0.0001211499702025165,6.560146184941055,cash,0.0,0.0,1.434095990959082,False,1.0,0.0,0.0,cash,0.0,0.0,1.100165884958756
2015-06-03,0.0001211499702025165,4.101023195734465,0.0001211499702025165,6.560940946455885,cash,0.0,0.0,1.4593772824019051,False,1.0,0.0,0.0,cash,0.0,0.0,1.1131564598148866
2015-06-04,0.0001211499702025165,4.101520034572427,0.0001211499702025165,6.561735804256048,cash,0.0,0.0,1.459720833761639,False,1.0,0.0,0.0,cash,0.0,0.0,1.112411660881562
2015-06-05,-0.0013387477086946875,4.096029134023978,-0.0010062525843845815,6.555133040644966,1.H20955,1.459720833761639,1.0,1.459720833761639,False,1.0,0.0,0.0,1.H20955,1.127265986346511,1.0,1.127265986346511
2015-06-08,0.013649251467517498,4.15193686569255,0.010568102531367085,6.624408358725255,1.H20955,1.459720833761639,1.0,1.459720833761639,False,1.0,0.0,1.0,1.H20955,1.1273570788777758,1.0,1.1273570788777758
2015-06-09,-0.007767837221736018,4.119685295964925,-0.00597207632406449,6.584846886405177,1.H20955,1.4595221362095105,1.0,1.4595221362095105,False,1.0,1.0,2.0,1.H20955,1.1279953083722258,1.0,1.1279953083722258
2015-06-10,0.014668089034214127,4.180113206679081,0.011370894667195763,6.659722486750102,1.H20955,1.4850962177581455,1.0,1.4850962177581455,False,1.0,2.0,3.0,1.H20955,1.1407982741564562,1.0,1.1407982741564562
2015-06-11,0.017989978828895747,4.255313354769625,0.01500528212922636,6.75965350156614,cash,0.0,0.0,1.4929644018742292,True,0.0,3.0,4.0,1.H20955,1.1458398444547342,1.0,1.1458398444547342
2015-06-12,0.0001211499702025165,4.255828885855758,0.018801530527690957,6.886745333232449,cash,0.0,0.0,1.4923731635688389,True,0.0,4.0,5.0,1.H20955,1.1456269455240413,1.0,1.1456269455240413
2015-06-15,0.0001211499702025165,4.256344479398466,-0.006422567024184533,6.842514749751274,cash,0.0,0.0,1.4923731635688389,True,0.0,0.0,6.0,cash,0.0,0.0,1.1444366333933473
2015-06-16,0.0001211499702025165,4.256860135405317,0.0001211499702025165,6.843343720209317,cash,0.0,0.0,1.4923731635688389,True,0.0,0.0,7.0,cash,0.0,0.0,1.141370898276971
2015-06-17,0.0001211499702025165,4.257375853883877,-0.001022089401394921,6.836349211122789,cash,0.0,0.0,1.4923731635688389,True,0.0,1.0,8.0,1.H20955,1.1431008849593358,1.0,1.1431008849593358
2015-06-18,0.0001211499702025165,4.257891634841716,-0.0348216546738751,6.598296219663053,cash,0.0,0.0,1.5,True,0.0,2.0,9.0,cash,0.0,0.0,1.148602801476303
2015-06-19,0.0001211499702025165,4.2584074782864025,0.0001211499702025165,6.599095603053452,cash,0.0,0.0,1.5,True,0.0,3.0,10.0,cash,0.0,0.0,1.1186945968530362
2015-06-23,0.0001211499702025165,4.258923384225507,0.0001211499702025165,6.599895083289125,cash,0.0,0.0,1.5,True,0.0,4.0,11.0,cash,0.0,0.0,1.123364333953718
2015-06-24,0.0001211499702025165,4.2594393526666,0.0001211499702025165,6.600694660381805,cash,0.0,0.0,1.5,True,0.0,5.0,12.0,cash,0.0,0.0,1.1229461853207243
2015-06-25,0.0001211499702025165,4.259955383617255,0.0001211499702025165,6.601494334343227,cash,0.0,0.0,1.5,True,0.0,0.0,13.0,cash,0.0,0.0,1.1318076684086182
2015-06-26,0.0001211499702025165,4.260471477085044,0.0001211499702025165,6.602294105185124,cash,0.0,0.0,1.5,True,0.0,1.0,14.0,cash,0.0,0.0,1.1474435808587937
2015-06-29,0.0001211499702025165,4.260987633077542,0.0001211499702025165,6.603093972919235,cash,0.0,0.0,1.5,True,0.0,2.0,15.0,cash,0.0,0.0,1.1551128795355836
2015-06-30,0.0001211499702025165,4.261503851602322,0.0001211499702025165,6.603893937557299,cash,0.0,0.0,1.5,False,1.0,0.0,0.0,cash,0.0,0.0,1.1645978121974236
2015-07-01,0.0001211499702025165,4.262020132666962,0.0001211499702025165,6.6046939991110545,cash,0.0,0.0,1.5,False,1.0,1.0,0.0,cash,0.0,0.0,1.164141201619106
2015-07-02,0.0001211499702025165,4.2625364762790365,0.0001211499702025165,6.6054941575922435,cash,0.0,0.0,1.5,False,1.0,2.0,1.0,cash,0.0,0.0,1.201313328385888
2015-07-03,0.0001211499702025165,4.263052882446125,0.0001211499702025165,6.606294413012608,cash,0.0,0.0,1.5,True,0.0,3.0,2.0,cash,0.0,0.0,1.2036232240339326
2015-07-06,0.0001211499702025165,4.263569351175805,0.0001211499702025165,6.607094765383894,cash,0.0,0.0,1.5,True,0.0,4.0,3.0,cash,0.0,0.0,1.2062538864612817
2015-07-07,0.0001211499702025165,4.264085882475657,0.0001211499702025165,6.607895214717845,cash,0.0,0.0,1.5,True,0.0,5.0,4.0,cash,0.0,0.0,1.2062954571756552
2015-07-08,0.0001211499702025165,4.26460247635326,0.0001211499702025165,6.60869576102621,cash,0.0,0.0,1.5,True,0.0,6.0,5.0,cash,0.0,0.0,1.2097978367170834
2015-07-09,0.0001211499702025165,4.265119132816196,0.0001211499702025165,6.609496404320736,cash,0.0,0.0,1.5,True,0.0,7.0,6.0,cash,0.0,0.0,1.2143460185716524
2015-07-10,0.0001211499702025165,4.265635851872046,0.0001211499702025165,6.610297144613173,cash,0.0,0.0,1.5,True,0.0,8.0,7.0,cash,0.0,0.0,1.239766702860998
2015-07-13,0.0001211499702025165,4.266152633528395,0.0001211499702025165,6.611097981915273,cash,0.0,0.0,1.5,True,0.0,9.0,8.0,cash,0.0,0.0,1.2408681383656395
2015-07-14,0.0001211499702025165,4.266669477792826,0.0001211499702025165,6.611898916238788,cash,0.0,0.0,1.5,False,1.0,0.0,0.0,cash,0.0,0.0,1.2484686678874508
2015-07-15,0.0001211499702025165,4.267186384672924,0.0001211499702025165,6.612699947595472,cash,0.0,0.0,1.5,False,1.0,0.0,0.0,cash,0.0,0.0,1.2485699675215731
2015-07-16,0.0001211499702025165,4.267703354176276,0.0001211499702025165,6.613501075997082,cash,0.0,0.0,1.5,False,1.0,0.0,0.0,cash,0.0,0.0,1.2506413683840587
2015-07-17,0.0001211499702025165,4.2682203863104675,0.0001211499702025165,6.614302301455373,cash,0.0,0.0,1.5,False,1.0,0.0,0.0,cash,0.0,0.0,1.2727044715941822
2015-07-20,0.0001211499702025165,4.268737481083087,0.0001211499702025165,6.615103623982105,cash,0.0,0.0,1.5,False,1.0,0.0,0.0,cash,0.0,0.0,1.2745227128344414
2015-07-21,0.0001211499702025165,4.269254638501723,0.0001211499702025165,6.615905043589037,cash,0.0,0.0,1.5,False,1.0,0.0,0.0,cash,0.0,0.0,1.2792289203075244
2015-07-22,0.0001211499702025165,4.269771858573964,0.0001211499702025165,6.6167065602879305,cash,0.0,0.0,1.5,False,1.0,0.0,0.0,cash,0.0,0.0,1.298033908488768
2015-07-23,0.0001211499702025165,4.270289141307402,0.0001211499702025165,6.617508174090548,cash,0.0,0.0,1.5,False,1.0,0.0,0.0,cash,0.0,0.0,1.298033908488768
2015-07-24,0.0001211499702025165,4.270806486709628,0.0001211499702025165,6.618309885008654,cash,0.0,0.0,1.5,False,1.0,0.0,0.0,cash,0.0,0.0,1.298033908488768
2015-07-27,0.0001211499702025165,4.2713238947882335,0.0001211499702025165,6.6191116930540135,cash,0.0,0.0,1.5,False,1.0,0.0,0.0,cash,0.0,0.0,1.298033908488768
2015-07-28,0.0001211499702025165,4.271841365550812,0.0001211499702025165,6.619913598238394,cash,0.0,0.0,1.5,False,1.0,0.0,0.0,cash,0.0,0.0,1.298033908488768
2015-07-29,0.0001211499702025165,4.272358899004958,0.0001211499702025165,6.620715600573564,cash,0.0,0.0,1.5,False,1.0,0.0,0.0,cash,0.0,0.0,1.3036126782618007
2015-07-30,0.0001211499702025165,4.272876495158267,0.0001211499702025165,6.621517700071292,cash,0.0,0.0,1.5,False,1.0,0.0,1.0,cash,0.0,0.0,1.309460331487333
2015-07-31,0.0001211499702025165,4.273394154018335,0.0001211499702025165,6.622319896743352,cash,0.0,0.0,1.5,False,1.0,1.0,2.0,cash,0.0,0.0,1.3271388495598506
2015-08-03,-0.0013790317547527353,4.2675010077793685,-0.001207634325279483,6.614322555923063,1.H00905,1.5,1.0,1.5,False,1.0,2.0,3.0,1.H00905,1.32862333280486,1.0,1.32862333280486
2015-08-04,0.07829931262160494,4.6016434033005,0.07077983997580639,7.082483247979664,cash,0.0,0.0,1.5,True,0.0,3.0,4.0,1.H00905,1.3494829336230976,1.0,1.3494829336230976
2015-08-05,0.0001211499702025165,4.602200892261692,-0.018825974437509774,6.949148599399108,cash,0.0,0.0,1.5,True,0.0,4.0,5.0,cash,0.0,0.0,1.2649435824013546
2015-08-06,0.0001211499702025165,4.602758448762655,0.0001211499702025165,6.9499904885448585,cash,0.0,0.0,1.5,True,0.0,5.0,6.0,cash,0.0,0.0,1.2873559083905224
2015-08-07,0.0001211499702025165,4.603316072811572,0.0001211499702025165,6.950832479685453,cash,0.0,0.0,1.5,True,0.0,6.0,7.0,cash,0.0,0.0,1.2893596184501912
2015-08-10,0.0001211499702025165,4.603873764416626,0.0001211499702025165,6.95167457283325,cash,0.0,0.0,1.5,False,1.0,0.0,0.0,cash,0.0,0.0,1.289329240400883
2015-08-11,0.0001211499702025165,4.604431523586001,0.0001211499702025165,6.952516768000606,cash,0.0,0.0,1.5,False,1.0,0.0,0.0,cash,0.0,0.0,1.3532234987191123
2015-08-12,0.0001211499702025165,4.604989350327883,0.0001211499702025165,6.953359065199882,cash,0.0,0.0,1.5,False,1.0,0.0,1.0,cash,0.0,0.0,1.3619804760779162
2015-08-13,0.0001211499702025165,4.605547244650458,0.0001211499702025165,6.954201464443438,cash,0.0,0.0,1.5,False,1.0,0.0,2.0,cash,0.0,0.0,1.3872596279320684
2015-08-14,0.0001211499702025165,4.606105206561914,0.0001211499702025165,6.955043965743638,cash,0.0,0.0,1.5,False,1.0,0.0,3.0,cash,0.0,0.0,1.3958308753985251
2015-08-17,0.0001211499702025165,4.606663236070438,0.0001211499702025165,6.955886569112844,cash,0.0,0.0,1.5,False,1.0,0.0,4.0,cash,0.0,0.0,1.4249148460522136
2015-08-18,0.0001211499702025165,4.607221333184221,0.0001211499702025165,6.956729274563425,cash,0.0,0.0,1.5,False,1.0,0.0,0.0,cash,0.0,0.0,1.4292628162715388
2015-08-19,0.0001211499702025165,4.607779497911452,0.0001211499702025165,6.957572082107745,cash,0.0,0.0,1.5,False,1.0,0.0,1.0,cash,0.0,0.0,1.4436365425293598
2015-08-20,0.0001211499702025165,4.608337730260324,0.0001211499702025165,6.958414991758175,cash,0.0,0.0,1.5,False,1.0,1.0,2.0,cash,0.0,0.0,1.4754810307109725
2015-08-21,0.0001211499702025165,4.608896030239028,0.0001211499702025165,6.959258003527083,cash,0.0,0.0,1.5,False,1.0,2.0,3.0,cash,0.0,0.0,1.4803653520367073
2015-08-24,0.0001211499702025165,4.609454397855758,0.0001211499702025165,6.9601011174268415,cash,0.0,0.0,1.5,True,0.0,3.0,4.0,cash,0.0,0.0,1.4803381308803785
2015-08-25,0.0001211499702025165,4.610012833118708,0.0001211499702025165,6.960944333469824,cash,0.0,0.0,1.5,True,0.0,4.0,5.0,cash,0.0,0.0,1.4875168539505559
2015-08-26,0.0001211499702025165,4.610571336036073,0.0001211499702025165,6.961787651668405,cash,0.0,0.0,1.5,True,0.0,5.0,6.0,cash,0.0,0.0,1.488713519870617
2015-08-27,0.0001211499702025165,4.611129906616051,0.0001211499702025165,6.96263107203496,cash,0.0,0.0,1.5,True,0.0,6.0,7.0,cash,0.0,0.0,1.5
2015-08-28,0.0001211499702025165,4.611688544866837,0.0001211499702025165,6.963474594581869,cash,0.0,0.0,1.5,True,0.0,7.0,8.0,cash,0.0,0.0,1.5
2015-08-31,0.0001211499702025165,4.612247250796631,0.0001211499702025165,6.964318219321508,cash,0.0,0.0,1.5,True,0.0,8.0,9.0,cash,0.0,0.0,1.5
2015-09-01,0.0001211499702025165,4.612806024413631,0.0001211499702025165,6.965161946266259,cash,0.0,0.0,1.5,True,0.0,9.0,10.0,cash,0.0,0.0,1.5
2015-09-02,0.0001211499702025165,4.613364865726039,0.0001211499702025165,6.966005775428505,cash,0.0,0.0,1.5,True,0.0,10.0,11.0,cash,0.0,0.0,1.5
2015-09-07,0.0001211499702025165,4.613923774742055,0.0001211499702025165,6.966849706820629,cash,0.0,0.0,1.5,True,0.0,11.0,12.0,cash,0.0,0.0,1.5
2015-09-08,0.0001211499702025165,4.614482751469882,0.0001211499702025165,6.967693740455016,cash,0.0,0.0,1.5,True,0.0,12.0,13.0,cash,0.0,0.0,1.5
2015-09-09,0.0001211499702025165,4.615041795917723,0.0001211499702025165,6.968537876344053,cash,0.0,0.0,1.5,False,1.0,0.0,0.0,cash,0.0,0.0,1.5
2015-09-10,0.0001211499702025165,4.615600908093781,0.0001211499702025165,6.969382114500127,cash,0.0,0.0,1.5,False,1.0,1.0,1.0,cash,0.0,0.0,1.5
2015-09-11,0.0001211499702025165,4.616160088006263,0.0001211499702025165,6.970226454935629,cash,0.0,0.0,1.5,False,1.0,2.0,2.0,cash,0.0,0.0,1.5
2015-09-14,0.0001211499702025165,4.616719335663375,0.0001211499702025165,6.971070897662949,cash,0.0,0.0,1.5,False,1.0,0.0,3.0,cash,0.0,0.0,1.5
2015-09-15,0.0001211499702025165,4.617278651073324,0.0001211499702025165,6.971915442694481,cash,0.0,0.0,1.5,False,1.0,1.0,4.0,cash,0.0,0.0,1.5
2015-09-16,0.0001211499702025165,4.617838034244318,0.0001211499702025165,6.972760090042618,cash,0.0,0.0,1.5,True,0.0,0.0,5.0,cash,0.0,0.0,1.5
2015-09-17,0.0001211499702025165,4.618397485184567,0.0001211499702025165,6.973604839719756,cash,0.0,0.0,1.5,False,1.0,0.0,0.0,cash,0.0,0.0,1.5
2015-09-18,0.0001211499702025165,4.61895700390228,0.0001211499702025165,6.974449691738292,cash,0.0,0.0,1.5,False,1.0,1.0,1.0,cash,0.0,0.0,1.5
2015-09-21,0.0001211499702025165,4.61951659040567,0.0001211499702025165,6.975294646110625,cash,0.0,0.0,1.5,False,1.0,2.0,0.0,cash,0.0,0.0,1.5
2015-09-22,0.0001211499702025165,4.620076244702948,0.0001211499702025165,6.976139702849156,cash,0.0,0.0,1.5,False,1.0,0.0,0.0,cash,0.0,0.0,1.5
2015-09-23,0.0001211499702025165,4.620635966802327,0.0001211499702025165,6.976984861966284,cash,0.0,0.0,1.5,False,1.0,0.0,0.0,cash,0.0,0.0,1.5
2015-09-24,0.0001211499702025165,4.621195756712022,0.0001211499702025165,6.977830123474415,cash,0.0,0.0,1.5,False,1.0,0.0,0.0,cash,0.0,0.0,1.5
2015-09-25,0.0001211499702025165,4.621755614440247,0.0001211499702025165,6.978675487385952,cash,0.0,0.0,1.5,False,1.0,0.0,0.0,cash,0.0,0.0,1.5
2015-09-28,-0.0013790317547527353,4.615382066685227,-0.0013790317547527353,6.969051672282732,0.399606,1.5,1.0,1.5,False,1.0,1.0,1.0,0.399606,1.5,1.0,1.5
2015-09-29,-0.018278369376168335,4.531020408458212,-0.018278369376168335,6.8416687716151445,cash,0.0,0.0,1.5,False,1.0,2.0,0.0,cash,0.0,0.0,1.5
2015-09-30,0.0001211499702025165,4.5315693414456835,-0.0013790317547527353,6.832233893123587,cash,0.0,0.0,1.5,True,0.0,3.0,1.0,0.399606,1.5,1.0,1.5
2015-10-08,-0.0013790317547527353,4.525320163424966,0.07746227105910952,7.361474246891961,0.399606,1.5,1.0,1.5,False,1.0,0.0,0.0,0.399606,1.5,1.0,1.5
2015-10-09,0.017975776733722082,4.606666308331303,0.017975776733722082,7.493802464385136,0.399606,1.5,1.0,1.5,False,1.0,0.0,0.0,0.399606,1.5,1.0,1.5
2015-10-12,0.0676960560447486,4.918519448919555,0.0676960560447486,8.001103336002428,0.399606,1.5,1.0,1.5,False,1.0,0.0,0.0,0.399606,1.5,1.0,1.5
2015-10-13,0.016294085842010864,4.99866222703585,0.016294085842010864,8.131474000590051,0.399606,1.5,1.0,1.5,False,1.0,0.0,0.0,0.399606,1.5,1.0,1.5
2015-10-14,-0.023781245144771535,4.879787815218801,-0.023781245144771535,7.938097423993684,0.399606,1.5,1.0,1.5,False,1.0,0.0,0.0,0.399606,1.5,1.0,1.5
2015-10-15,0.06470751820688436,5.195546774117804,0.06470751820688436,8.451752007584776,0.399606,1.5,1.0,1.5,False,1.0,0.0,0.0,0.399606,1.5,1.0,1.5
2015-10-16,0.02769714356079045,5.339448578997346,0.02769714356079045,8.68584139627905,0.399606,1.5,1.0,1.5,False,1.0,0.0,0.0,0.399606,1.5,1.0,1.5
2015-10-19,-0.009507466423088529,5.288683950914721,-0.009507466423088529,8.603261050847655,0.399606,1.5,1.0,1.5,False,1.0,0.0,0.0,0.399606,1.5,1.0,1.5
2015-10-20,0.047748285239553434,5.541209540744846,0.047748285239553434,9.014052013493869,0.399606,1.5,1.0,1.5,False,1.0,0.0,0.0,0.399606,1.5,1.0,1.5
2015-10-21,-0.09947533915244389,4.989995842364494,-0.09947533915244389,8.117376132313796,0.399606,1.5,1.0,1.5,False,1.0,0.0,0.0,0.399606,1.5,1.0,1.5
2015-10-22,0.07248195751258324,5.351680508998724,0.07233713596797786,8.704563873300197,0.399606,1.4979676906135504,1.0,1.4979676906135504,False,1.0,0.0,0.0,0.399606,1.3629339501681068,1.0,1.3629339501681068
2015-10-23,0.048722444282554234,5.612427464416446,0.04435997087437227,9.090698073193908,0.399606,1.3870194680203825,1.0,1.3870194680203825,False,1.0,0.0,0.0,0.399606,1.2794402447937265,1.0,1.2794402447937265
2015-10-26,-0.006044439788193801,5.578503484542176,-0.005559937821266625,9.040154357155041,0.399606,1.347036803137215,1.0,1.347036803137215,False,1.0,0.0,0.0,0.399606,1.24890125267676,1.0,1.24890125267676
2015-10-27,0.019400415150677697,5.686728768061796,0.017995948471271728,9.202840509138746,0.399606,1.345329866149672,1.0,1.345329866149672,False,1.0,0.0,0.0,0.399606,1.2473988884243534,1.0,1.2473988884243534
2015-10-28,-0.041351968175561415,5.451571341021855,-0.03833188935761023,8.850078244966706,0.399606,1.3397588425033196,1.0,1.3397588425033196,False,1.0,1.0,0.0,0.399606,1.2434084168121489,1.0,1.2434084168121489
2015-10-29,-6.329991786435674e-05,5.451226257003737,-4.56219472273478e-05,8.849674487164057,0.399606,1.2967021914990806,1.0,1.2967021914990806,False,1.0,2.0,1.0,0.399606,1.2078617165155334,1.0,1.2078617165155334
2015-10-30,-0.004982098839471205,5.4240677089950236,-0.003429074585007408,8.819328293294534,cash,0.0,0.0,1.2966846119614,True,0.0,3.0,2.0,0.399606,1.2078444367066423,1.0,1.2078444367066423
2015-11-02,0.0001211499702025165,5.424724834636344,-0.02255841648858037,8.620378212504875,cash,0.0,0.0,1.295888351862142,True,0.0,4.0,3.0,0.399606,1.2071154053065454,1.0,1.2071154053065454
2015-11-03,0.0001211499702025165,5.425382039888418,-0.0014153385800725893,8.6081774586459,cash,0.0,0.0,1.295888351862142,True,0.0,5.0,4.0,0.399606,1.1938630524406897,1.0,1.1938630524406897
2015-11-04,0.0001211499702025165,5.426039324760888,0.07617695256452617,9.263922184580192,cash,0.0,0.0,1.295888351862142,True,0.0,6.0,0.0,0.399606,1.193641623888236,1.0,1.193641623888236
2015-11-05,-0.0011748953784948002,5.4196642962346955,-0.009168476578301776,9.178986131007658,0.399606,1.295888351862142,1.0,1.295888351862142,False,1.0,0.0,0.0,0.399606,1.0982718193933791,1.0,1.0982718193933791
2015-11-06,0.04881649380849851,5.684233304795977,0.04138816350505192,9.558887509808407,0.399606,1.295888351862142,1.0,1.295888351862142,False,1.0,0.0,0.0,0.399606,1.0958400639870434,1.0,1.0958400639870434
2015-11-09,0.030696391347618812,5.858718754831163,0.02598854880614465,9.80730912438951,0.399606,1.25213505758164,1.0,1.25213505758164,False,1.0,0.0,0.0,0.399606,1.070468390278341,1.0,1.070468390278341
2015-11-10,0.010061407399139188,5.917665711060496,0.008623399059282333,9.891881464666861,0.399606,1.2379554446637944,1.0,1.2379554446637944,False,1.0,0.0,0.0,0.399606,1.0624720018250882,1.0,1.0624720018250882
2015-11-11,0.026142751796461416,6.072369776959182,0.02245455659917628,10.113999276887565,0.399606,1.2374256334281029,1.0,1.2374256334281029,False,1.0,0.0,0.0,0.399606,1.0624414471105905,1.0,1.0624414471105905
2015-11-12,-0.00947146392416609,6.014855545682516,-0.008111989698333155,10.031954618944503,0.399606,1.227462437680028,1.0,1.227462437680028,False,1.0,0.0,0.0,0.399606,1.0569072521744658,1.0,1.0569072521744658
2015-11-13,-0.03228290905211473,5.820678511139639,-0.027779931096225785,9.753267610869761,0.399606,1.2239940394620012,1.0,1.2239940394620012,False,1.0,0.0,0.0,0.399606,1.0544005247720134,1.0,1.0544005247720134
2015-11-16,0.03923500321697437,6.049052851249177,0.03382047838811042,10.08312778731664,0.399606,1.1979402553855902,1.0,1.1979402553855902,False,1.0,1.0,1.0,0.399606,1.036667202125212,1.0,1.036667202125212
2015-11-17,-0.036622049963563885,5.827524135498491,-0.03169095350192819,9.763583853454788,1.H00852,1.1742270714181968,1.0,1.1742270714181968,False,1.0,0.0,0.0,1.H00852,1.02227452204185,1.0,1.02227452204185
2015-11-18,-0.021040197694736973,5.704911875616752,-0.018297337759806354,9.584936261941934,1.H00852,1.1473187589488931,1.0,1.1473187589488931,False,1.0,1.0,1.0,1.H00852,1.0034415384602573,1.0,1.0034415384602573
2015-11-19,0.0354176306448013,5.906966337288487,0.030993070810906742,9.882002870226328,1.H00852,1.1364996223777613,1.0,1.1364996223777613,False,1.0,2.0,2.0,1.H00852,0.995611572450987,1.0,0.995611572450987
2015-11-20,0.022726059375203667,6.041208404997034,0.019928668345720713,10.078938028018529,1.H00852,1.1175396259685837,1.0,1.1175396259685837,False,1.0,0.0,0.0,1.H00852,0.9837250605377029,1.0,0.9837250605377029
2015-11-23,-0.010606950134229964,5.97712960869474,-0.009320526588391331,9.984997018145634,1.H00852,1.111118677273284,1.0,1.111118677273284,False,1.0,0.0,0.0,1.H00852,0.9799348429350055,1.0,0.9799348429350055
2015-11-24,0.01267716851246714,6.05290268796502,0.011195173803354441,10.096780795189751,1.H00852,1.1075130010926435,1.0,1.1075130010926435,False,1.0,1.0,1.0,1.H00852,0.9771726627974282,1.0,0.9771726627974282
2015-11-25,0.02504955392978858,6.204525200278962,0.022116395062643512,10.32008518811708,1.H00852,1.1062421257570119,1.0,1.1062421257570119,False,1.0,0.0,0.0,1.H00852,0.976635609264931,1.0,0.976635609264931
2015-11-26,-0.00782637842845113,6.155966238092717,-0.006893055359164846,10.248948269604092,1.H00852,1.0981665186066423,1.0,1.0981665186066423,False,1.0,0.0,0.0,1.H00852,0.971724514937275,1.0,0.971724514937275
2015-11-27,-0.07108306395399555,5.718381296291735,-0.06288446506972167,9.60444864014279,1.H00852,1.09584762153611,1.0,1.09584762153611,False,1.0,0.0,0.0,1.H00852,0.9699075632785054,1.0,0.9699075632785054
2015-11-30,0.007364407407730589,5.760493785870374,0.006546382127156969,9.667323031061818,1.H00852,1.0046555713435334,1.0,1.0046555713435334,False,1.0,1.0,1.0,1.H00852,0.9034380750484888,1.0,0.9034380750484888
2015-12-01,-0.004620279295950325,5.733878695697067,-0.004142511905855573,9.627276030307891,1.H00852,1.0045118536630178,1.0,1.0045118536630178,False,1.0,2.0,2.0,1.H00852,0.9034912178662419,1.0,0.9034912178662419
2015-12-02,-0.014426754904785843,5.651157433100472,-0.012964949112958424,9.502458886478545,cash,0.0,0.0,1.003675417715718,True,0.0,3.0,3.0,cash,0.0,0.0,0.9027715224785404
2015-12-03,0.0001211499702025165,5.6518420706551025,0.0001211499702025165,9.503610109089491,cash,0.0,0.0,0.9993133623517775,True,0.0,4.0,4.0,cash,0.0,0.0,0.8992795959358105
2015-12-04,0.0001211499702025165,5.6525267911535515,0.0001211499702025165,9.504761471171024,cash,0.0,0.0,1.0469477300155512,True,0.0,5.0,5.0,cash,0.0,0.0,0.9321414656319594
2015-12-07,0.0001211499702025165,5.653211594605868,0.0001211499702025165,9.505912972740038,cash,0.0,0.0,1.0469477300155512,True,0.0,6.0,6.0,cash,0.0,0.0,0.9355793476076856
2015-12-08,0.0001211499702025165,5.6538964810221035,0.0001211499702025165,9.507064613813434,cash,0.0,0.0,1.0469477300155512,True,0.0,7.0,7.0,cash,0.0,0.0,0.9355793476076856
2015-12-09,0.0001211499702025165,5.654581450412308,0.0001211499702025165,9.50821639440811,cash,0.0,0.0,1.0469477300155512,True,0.0,8.0,8.0,cash,0.0,0.0,0.9355793476076856
2015-12-10,0.0001211499702025165,5.6552665027865325,0.0001211499702025165,9.509368314540973,cash,0.0,0.0,1.0469477300155512,True,0.0,9.0,9.0,cash,0.0,0.0,0.9355793476076856
2015-12-11,0.0001211499702025165,5.655951638154832,0.0001211499702025165,9.510520374228925,cash,0.0,0.0,1.0469477300155512,True,0.0,10.0,10.0,cash,0.0,0.0,0.9355793476076856
2015-12-14,0.0001211499702025165,5.656636856527261,0.0001211499702025165,9.511672573488873,cash,0.0,0.0,1.0469477300155512,True,0.0,11.0,11.0,cash,0.0,0.0,0.9355793476076856
2015-12-15,0.0001211499702025165,5.657322157913876,0.0001211499702025165,9.512824912337727,cash,0.0,0.0,1.0469477300155512,True,0.0,0.0,12.0,cash,0.0,0.0,0.9355793476076856
2015-12-16,0.0001211499702025165,5.658007542324734,0.0001211499702025165,9.513977390792398,cash,0.0,0.0,1.0469477300155512,True,0.0,0.0,13.0,cash,0.0,0.0,0.9355793476076856
2015-12-17,0.0001211499702025165,5.658693009769892,0.0001211499702025165,9.5151300088698,cash,0.0,0.0,1.0469477300155512,False,1.0,0.0,0.0,cash,0.0,0.0,0.9355793476076856
2015-12-18,0.0001211499702025165,5.659378560259411,0.0001211499702025165,9.516282766586848,cash,0.0,0.0,1.0469477300155512,False,1.0,0.0,0.0,cash,0.0,0.0,0.9355793476076856
2015-12-21,0.0001211499702025165,5.6600641938033505,0.0001211499702025165,9.517435663960459,cash,0.0,0.0,1.0469477300155512,False,1.0,0.0,1.0,cash,0.0,0.0,0.9355793476076856
2015-12-22,-0.0009259245974992947,5.654823401142883,-0.0008145427228152258,9.509683306000518,1.H20955,1.0469477300155512,1.0,1.0469477300155512,False,1.0,0.0,2.0,1.H20955,0.9355793476076856,1.0,0.9355793476076856
2015-12-23,-0.0016894931400224245,5.645269615798614,-0.0014968871593010746,9.495448383170746,1.H20955,1.0469477300155512,1.0,1.0469477300155512,False,1.0,0.0,0.0,1.H20955,0.9355793476076856,1.0,0.9355793476076856
2015-12-24,-0.0054306711247792405,5.6146120131045025,-0.00484011943855267,9.449489278873589,1.H20955,1.046761656554952,1.0,1.046761656554952,False,1.0,0.0,1.0,1.H20955,0.9353934064046997,1.0,0.9353934064046997
2015-12-25,0.003294383166967174,5.633108696409526,0.002956778456735476,9.477429325200514,1.H20955,1.0458288089706909,1.0,1.0458288089706909,False,1.0,0.0,2.0,1.H20955,0.9345650157409726,1.0,0.9345650157409726
2015-12-28,-0.027332497459510496,5.479141767275766,-0.02441183930831259,9.24606784345783,1.H20955,1.0458637699817845,1.0,1.0458637699817845,False,1.0,0.0,0.0,1.H20955,0.9346829181579747,1.0,0.9346829181579747
2015-12-29,0.008488225412725425,5.525649957664681,0.007598947029079595,9.316328223227542,1.H11077,1.0309466705897112,1.0,1.0309466705897112,False,1.0,1.0,1.0,1.H11077,0.9232129313272146,1.0,0.9232129313272146
2015-12-30,-0.0018336089275441392,5.515518076571824,-0.0016294261840800184,9.30114795408113,cash,0.0,0.0,1.0296545609897476,False,1.0,2.0,2.0,cash,0.0,0.0,0.9225795899105701
2015-12-31,0.0001211499702025165,5.516186281422452,0.0001211499702025165,9.302274787878616,cash,0.0,0.0,1.0295850639184803,True,0.0,3.0,3.0,cash,0.0,0.0,0.9225031590336389
2016-01-04,0.0001211499702025165,5.516854567226078,0.0001211499702025165,9.303401758191983,cash,0.0,0.0,1.0295850639184803,True,0.0,4.0,4.0,cash,0.0,0.0,0.9225031590336389
2016-01-05,0.0001211499702025165,5.517522933992509,0.0001211499702025165,9.30452886503777,cash,0.0,0.0,1.0295850639184803,True,0.0,5.0,0.0,cash,0.0,0.0,0.9225031590336389
2016-01-06,0.0001211499702025165,5.518191381731554,0.0001211499702025165,9.305656108432519,cash,0.0,0.0,1.0295850639184803,True,0.0,6.0,1.0,cash,0.0,0.0,0.9225031590336389
2016-01-07,0.0001211499702025165,5.518859910453022,0.0001211499702025165,9.306783488392771,cash,0.0,0.0,1.0295850639184803,True,0.0,7.0,2.0,cash,0.0,0.0,0.9225031590336389
2016-01-08,0.0001211499702025165,5.519528520166726,0.0001211499702025165,9.307911004935072,cash,0.0,0.0,1.0295850639184803,True,0.0,8.0,3.0,cash,0.0,0.0,0.9225031590336389
2016-01-11,0.0001211499702025165,5.520197210882476,0.0001211499702025165,9.309038658075968,cash,0.0,0.0,1.0295850639184803,True,0.0,9.0,4.0,cash,0.0,0.0,0.9225031590336389
2016-01-12,0.0001211499702025165,5.520865982610087,0.0001211499702025165,9.310166447832009,cash,0.0,0.0,1.0295850639184803,True,0.0,10.0,5.0,cash,0.0,0.0,0.9225031590336389
2016-01-13,-0.0009085598279158225,5.515849945562981,-0.0008014649500613924,9.302704675744833,1.H11077,1.0295850639184803,1.0,1.0295850639184803,True,0.0,11.0,6.0,1.H11077,0.9225031590336389,1.0,0.9225031590336389
2016-01-14,0.0015877373529509242,5.524607666554823,0.0014352050599639732,9.316055964566813,1.H11077,1.0295850639184803,1.0,1.0295850639184803,True,0.0,12.0,7.0,1.H11077,0.9225031590336389,1.0,0.9225031590336389
2016-01-15,-0.0032552875568423456,5.506623479961451,-0.002904346854487927,9.288998906729889,cash,0.0,0.0,1.0296336842333398,True,0.0,13.0,8.0,cash,0.0,0.0,0.9225801260028184
2016-01-18,0.0001211499702025165,5.507290607231965,0.0001211499702025165,9.29012426867065,cash,0.0,0.0,1.029397958030101,True,0.0,14.0,9.0,cash,0.0,0.0,0.9223433098869303
2016-01-19,0.0001211499702025165,5.507957815324928,0.0001211499702025165,9.291249766948978,cash,0.0,0.0,1.029397958030101,True,0.0,15.0,0.0,cash,0.0,0.0,0.9223433098869303
2016-01-20,0.0001211499702025165,5.5086251042501315,0.0001211499702025165,9.292375401581388,cash,0.0,0.0,1.029397958030101,False,1.0,0.0,0.0,cash,0.0,0.0,0.9223433098869303
2016-01-21,0.0001211499702025165,5.509292474017368,0.0001211499702025165,9.293501172584401,cash,0.0,0.0,1.029397958030101,False,1.0,0.0,0.0,cash,0.0,0.0,0.9223433098869303
2016-01-22,0.0001211499702025165,5.509959924636432,0.0001211499702025165,9.294627079974537,cash,0.0,0.0,1.029397958030101,False,1.0,1.0,1.0,cash,0.0,0.0,0.9223433098869303
2016-01-25,0.0001211499702025165,5.510627456117119,0.0001211499702025165,9.29575312376832,cash,0.0,0.0,1.029397958030101,False,1.0,2.0,2.0,cash,0.0,0.0,0.9223433098869303
2016-01-26,0.0001211499702025165,5.511295068469225,0.0001211499702025165,9.296879303982275,cash,0.0,0.0,1.029397958030101,True,0.0,3.0,3.0,cash,0.0,0.0,0.9223433098869303
2016-01-27,0.0001211499702025165,5.511962761702547,0.0001211499702025165,9.298005620632928,cash,0.0,0.0,1.029397958030101,True,0.0,4.0,4.0,cash,0.0,0.0,0.9223433098869303
2016-01-28,0.0001211499702025165,5.512630535826885,0.0001211499702025165,9.29913207373681,cash,0.0,0.0,1.0325020294704612,True,0.0,5.0,5.0,cash,0.0,0.0,0.9249091756710746
2016-01-29,0.0001211499702025165,5.513298390852038,0.0001211499702025165,9.300258663310453,cash,0.0,0.0,1.0325020294704612,True,0.0,6.0,6.0,cash,0.0,0.0,0.9249091756710746
2016-02-01,0.0001211499702025165,5.513966326787807,0.0001211499702025165,9.301385389370388,cash,0.0,0.0,1.0325020294704612,True,0.0,7.0,7.0,cash,0.0,0.0,0.959306959854206
2016-02-02,0.0001211499702025165,5.514634343643995,0.0001211499702025165,9.302512251933152,cash,0.0,0.0,1.0344323047089083,True,0.0,8.0,8.0,cash,0.0,0.0,0.9606916751263582
2016-02-03,0.0001211499702025165,5.515302441430405,0.0001211499702025165,9.303639251015282,cash,0.0,0.0,1.0727587266952452,True,0.0,9.0,9.0,cash,0.0,0.0,0.9904805792316983
2016-02-04,0.0001211499702025165,5.515970620156843,0.0001211499702025165,9.304766386633318,cash,0.0,0.0,1.0747859676222906,True,0.0,10.0,10.0,cash,0.0,0.0,0.9919131823391822
2016-02-05,0.0001211499702025165,5.5166388798331125,0.0001211499702025165,9.3058936588038,cash,0.0,0.0,1.0809251118851773,True,0.0,11.0,11.0,cash,0.0,0.0,0.9969763038048016
2016-02-15,0.0001211499702025165,5.517307220469022,0.0001211499702025165,9.307021067543271,cash,0.0,0.0,1.12175883165922,True,0.0,12.0,12.0,cash,0.0,0.0,1.0280215403225323
2016-02-16,0.0001211499702025165,5.51797564207438,0.0001211499702025165,9.308148612868278,cash,0.0,0.0,1.1296312319468027,False,1.0,0.0,0.0,cash,0.0,0.0,1.0337570531268114
2016-02-17,0.0001211499702025165,5.518644144658996,0.0001211499702025165,9.309276294795367,cash,0.0,0.0,1.1307694453351156,False,1.0,0.0,0.0,cash,0.0,0.0,1.0347388427217235
2016-02-18,0.0001211499702025165,5.51931272823268,0.0001211499702025165,9.31040411334109,cash,0.0,0.0,1.1562866896942512,False,1.0,0.0,0.0,cash,0.0,0.0,1.0536102261768512
2016-02-19,0.0001211499702025165,5.519981392805243,0.0001211499702025165,9.311532068521995,cash,0.0,0.0,1.2967352426214214,False,1.0,0.0,0.0,cash,0.0,0.0,1.1581562783864094
2016-02-22,0.0001211499702025165,5.520650138386499,0.0001211499702025165,9.312660160354636,cash,0.0,0.0,1.3912748078913866,False,1.0,0.0,0.0,cash,0.0,0.0,1.2226585931588714
2016-02-23,0.0001211499702025165,5.521318964986263,0.0001211499702025165,9.313788388855569,cash,0.0,0.0,1.4427652158249544,False,1.0,0.0,0.0,cash,0.0,0.0,1.2561684007194482
2016-02-24,0.0001211499702025165,5.52198787261435,0.0001211499702025165,9.31491675404135,cash,0.0,0.0,1.4437079266949036,False,1.0,0.0,0.0,cash,0.0,0.0,1.256925743486384
2016-02-25,0.0001211499702025165,5.522656861280575,0.0001211499702025165,9.316045255928541,cash,0.0,0.0,1.454708286720861,False,1.0,0.0,0.0,cash,0.0,0.0,1.2637191297350394
2016-02-26,0.0001211499702025165,5.523325930994758,0.0001211499702025165,9.317173894533703,cash,0.0,0.0,1.5,False,1.0,1.0,1.0,cash,0.0,0.0,1.2987772235142516
2016-02-29,0.0001211499702025165,5.523995081766717,0.0001211499702025165,9.318302669873397,cash,0.0,0.0,1.5,False,1.0,2.0,2.0,cash,0.0,0.0,1.2987819660002857
2016-03-01,0.0001211499702025165,5.524664313606272,0.0001211499702025165,9.31943158196419,cash,0.0,0.0,1.5,True,0.0,3.0,3.0,cash,0.0,0.0,1.2992315916485229
2016-03-02,0.0001211499702025165,5.525333626523245,0.0001211499702025165,9.32056063082265,cash,0.0,0.0,1.5,False,1.0,0.0,0.0,cash,0.0,0.0,1.3137262609254643
2016-03-03,-0.0013790317547527353,5.517714015996666,-0.0011928784372308154,9.309442335023238,1.H00016,1.5,1.0,1.5,False,1.0,0.0,0.0,1.H00016,1.313869232215036,1.0,1.313869232215036
2016-03-04,0.05034620038513893,5.795509951513924,0.04391957386319523,9.718309075281448,1.H00016,1.5,1.0,1.5,False,1.0,1.0,1.0,1.H00016,1.5,1.0,1.5
2016-03-07,-0.010427600642002877,5.735076688222783,-0.010427600642002877,9.61697042932886,1.H00016,1.4471174752222624,1.0,1.4471174752222624,False,1.0,2.0,2.0,1.H00016,1.4471174752222626,1.0,1.4471174752222626
2016-03-08,0.003628407578315729,5.755885883940553,0.0050297292585121944,9.665341186875503,cash,0.0,0.0,1.5,True,0.0,3.0,3.0,1.H00016,1.5,1.0,1.5
2016-03-09,0.0001211499702025165,5.756583209343882,-0.0023560915601087418,9.642568758079534,cash,0.0,0.0,1.5,True,0.0,4.0,4.0,1.H00016,1.5,1.0,1.5
2016-03-10,0.0001211499702025165,5.757280619228162,-0.03590538173937852,9.296348645872483,cash,0.0,0.0,1.5,True,0.0,5.0,5.0,1.H00016,1.5,1.0,1.5
2016-03-11,0.0001211499702025165,5.757978113603629,0.006684462226262289,9.358489737237981,cash,0.0,0.0,1.5,True,0.0,6.0,6.0,1.H00016,1.5,1.0,1.5
2016-03-14,0.0001211499702025165,5.758675692480519,0.0055075528079957525,9.410032113668906,cash,0.0,0.0,1.5,True,0.0,7.0,0.0,1.H00016,1.5,1.0,1.5
2016-03-15,0.0001211499702025165,5.759373355869069,0.01632625189315995,9.56366266827939,cash,0.0,0.0,1.5,True,0.0,8.0,1.0,1.H00016,1.5,1.0,1.5
2016-03-16,0.0001211499702025165,5.760071103779518,0.024937176004463435,9.802153407485589,cash,0.0,0.0,1.5,True,0.0,9.0,2.0,1.H00016,1.5,1.0,1.5
2016-03-17,-0.0013790317547527353,5.752127782817773,-0.0033234883796372516,9.76957606454039,1.H00016,1.5,1.0,1.5,False,1.0,0.0,0.0,1.H00016,1.5,1.0,1.5
2016-03-18,0.006762141538694033,5.791024485033841,0.006762141538694033,9.83563932066185,1.H00016,1.5,1.0,1.5,False,1.0,0.0,0.0,1.H00016,1.5,1.0,1.5
2016-03-21,0.03495898558911481,5.99347282655235,0.03495898558911481,10.179483293932599,cash,0.0,0.0,1.5,False,1.0,0.0,0.0,cash,0.0,0.0,1.5
2016-03-22,0.0001211499702025165,5.994198935606696,0.0001211499702025165,10.180716538030335,cash,0.0,0.0,1.5,False,1.0,0.0,0.0,cash,0.0,0.0,1.5
2016-03-23,-0.0013790317547527353,5.98593274493019,-0.0013790317547527353,10.166677006638254,0.399606,1.5,1.0,1.5,False,1.0,0.0,0.0,0.399606,1.5,1.0,1.5
2016-03-24,-0.02617989787471231,5.8292216369830205,-0.02617989787471231,9.90051444087928,0.399606,1.5,1.0,1.5,False,1.0,0.0,0.0,0.399606,1.5,1.0,1.5
2016-03-25,-0.0025182483876136086,5.814542208994646,-0.0025182483876136086,9.87558248635199,0.399606,1.5,1.0,1.5,False,1.0,0.0,0.0,0.399606,1.5,1.0,1.5
2016-03-28,-0.011161231440243391,5.749644757680993,-0.011161231440243391,9.765358824614601,0.399606,1.5,1.0,1.5,False,1.0,0.0,0.0,0.399606,1.5,1.0,1.5
2016-03-29,-0.03220215666836801,5.564493796406689,-0.03220215666836801,9.450893209821531,0.399606,1.5,1.0,1.5,False,1.0,1.0,1.0,0.399606,1.5,1.0,1.5
2016-03-30,0.0670021286089677,5.937326725397333,0.0670021286089677,10.084123172135614,0.399606,1.5,1.0,1.5,False,1.0,0.0,0.0,0.399606,1.5,1.0,1.5
2016-03-31,-0.007066595548170573,5.895370038791606,-0.007066595548170573,10.012862752220197,0.399606,1.5,1.0,1.5,False,1.0,0.0,0.0,0.399606,1.5,1.0,1.5
2016-04-01,-0.021820710866794046,5.766728873722374,-0.021820710866794046,9.79437496915511,0.399606,1.5,1.0,1.5,False,1.0,0.0,1.0,0.399606,1.5,1.0,1.5
2016-04-05,0.05039206987664313,6.057326278086648,0.05039206987664313,10.287933796998818,0.399606,1.5,1.0,1.5,False,1.0,0.0,0.0,0.399606,1.5,1.0,1.5
2016-04-06,0.00843459591425888,6.10841737756313,0.00843459591425888,10.37470836136915,1.H00852,1.5,1.0,1.5,False,1.0,0.0,0.0,1.H00852,1.5,1.0,1.5
2016-04-07,-0.02451921408810831,5.958643784143139,-0.02451921408810831,10.120328665955052,1.H00852,1.5,1.0,1.5,False,1.0,0.0,0.0,1.H00852,1.5,1.0,1.5
2016-04-08,-0.011524292512120282,5.889974630199147,-0.011524292512120282,10.00369903808979,1.H00852,1.5,1.0,1.5,False,1.0,1.0,1.0,1.H00852,1.5,1.0,1.5
2016-04-11,0.03411515887405603,6.09091205047255,0.03411515887405603,10.344976820102465,1.H00852,1.5,1.0,1.5,False,1.0,2.0,0.0,1.H00852,1.5,1.0,1.5
2016-04-12,-0.013465575679262654,6.008894413301179,-0.011983551005771309,10.221007262725244,cash,0.0,0.0,1.5,True,0.0,3.0,1.0,1.H00852,1.5,1.0,1.5
2016-04-13,-0.0013790317547527353,6.00060795709428,0.021106397426722268,10.436735904113737,1.H00852,1.5,1.0,1.5,False,1.0,0.0,0.0,1.H00852,1.5,1.0,1.5
2016-04-14,0.018361403195808368,6.1107875392144635,0.018361403195808368,10.62836902009734,1.H00852,1.5,1.0,1.5,False,1.0,1.0,1.0,1.H00852,1.5,1.0,1.5
2016-04-15,0.0006489204559441131,6.114752954250588,0.0006489204559441131,10.635265986167804,1.H00852,1.5,1.0,1.5,False,1.0,2.0,2.0,1.H00852,1.5,1.0,1.5
2016-04-18,-0.022759622582464334,5.975583484826836,-0.02129155992234788,10.408824583133203,cash,0.0,0.0,1.5,True,0.0,3.0,3.0,1.H00852,1.5,1.0,1.5
2016-04-19,0.0001211499702025165,5.976307426587965,0.0065995073194251574,10.477517697156204,cash,0.0,0.0,1.5,True,0.0,4.0,4.0,1.H00852,1.5,1.0,1.5
2016-04-20,0.0001211499702025165,5.977031456054617,-0.07717976247629266,9.668865369948534,cash,0.0,0.0,1.5,False,1.0,0.0,0.0,cash,0.0,0.0,1.5
2016-04-21,0.0001211499702025165,5.977755573237418,0.0001211499702025165,9.670036752699996,cash,0.0,0.0,1.5,False,1.0,1.0,1.0,cash,0.0,0.0,1.5
2016-04-22,0.0001211499702025165,5.978479778146993,0.0001211499702025165,9.671208277364443,cash,0.0,0.0,1.5,False,1.0,2.0,2.0,cash,0.0,0.0,1.5
2016-04-25,0.0001211499702025165,5.979204070793972,0.0001211499702025165,9.672379943959067,cash,0.0,0.0,1.5,True,0.0,3.0,3.0,cash,0.0,0.0,1.5
2016-04-26,0.0001211499702025165,5.979928451188983,0.0001211499702025165,9.673551752501066,cash,0.0,0.0,1.5,True,0.0,4.0,4.0,cash,0.0,0.0,1.5
2016-04-27,0.0001211499702025165,5.980652919342658,0.0001211499702025165,9.674723703007635,cash,0.0,0.0,1.5,True,0.0,5.0,5.0,cash,0.0,0.0,1.5
2016-04-28,0.0001211499702025165,5.981377475265628,0.0001211499702025165,9.675895795495972,cash,0.0,0.0,1.5,True,0.0,6.0,6.0,cash,0.0,0.0,1.5
2016-04-29,0.0001211499702025165,5.982102118968526,0.0001211499702025165,9.677068029983278,cash,0.0,0.0,1.5,True,0.0,7.0,7.0,cash,0.0,0.0,1.5
2016-05-03,0.0001211499702025165,5.982826850461987,0.0001211499702025165,9.678240406486758,cash,0.0,0.0,1.5,True,0.0,8.0,0.0,cash,0.0,0.0,1.5
2016-05-04,0.0001211499702025165,5.983551669756648,0.0001211499702025165,9.679412925023616,cash,0.0,0.0,1.5,False,1.0,0.0,0.0,cash,0.0,0.0,1.5
2016-05-05,0.0001211499702025165,5.984276576863144,0.0001211499702025165,9.68058558561106,cash,0.0,0.0,1.5,False,1.0,1.0,1.0,cash,0.0,0.0,1.5
2016-05-06,0.0001211499702025165,5.985001571792115,0.0001211499702025165,9.681758388266301,cash,0.0,0.0,1.5,False,1.0,0.0,0.0,cash,0.0,0.0,1.5
2016-05-09,0.0001211499702025165,5.985726654554199,0.0001211499702025165,9.682931333006547,cash,0.0,0.0,1.5,False,1.0,1.0,1.0,cash,0.0,0.0,1.5
2016-05-10,0.0001211499702025165,5.986451825160039,0.0001211499702025165,9.684104419849014,cash,0.0,0.0,1.5,False,1.0,2.0,2.0,cash,0.0,0.0,1.5
2016-05-11,0.0001211499702025165,5.987177083620276,0.0001211499702025165,9.685277648810917,cash,0.0,0.0,1.5,True,0.0,3.0,3.0,cash,0.0,0.0,1.5
2016-05-12,0.0001211499702025165,5.987902429945554,0.0001211499702025165,9.686451019909473,cash,0.0,0.0,1.5,True,0.0,4.0,4.0,cash,0.0,0.0,1.5
2016-05-13,0.0001211499702025165,5.988627864146517,0.0001211499702025165,9.687624533161904,cash,0.0,0.0,1.5,True,0.0,5.0,5.0,cash,0.0,0.0,1.5
2016-05-16,0.0001211499702025165,5.989353386233812,0.0001211499702025165,9.688798188585428,cash,0.0,0.0,1.5,True,0.0,6.0,6.0,cash,0.0,0.0,1.5
2016-05-17,0.0001211499702025165,5.990078996218087,0.0001211499702025165,9.689971986197273,cash,0.0,0.0,1.5,True,0.0,7.0,0.0,cash,0.0,0.0,1.5
2016-05-18,0.0001211499702025165,5.99080469410999,0.0001211499702025165,9.691145926014665,cash,0.0,0.0,1.5,True,0.0,8.0,1.0,cash,0.0,0.0,1.5
2016-05-19,0.0001211499702025165,5.99153047992017,0.0001211499702025165,9.69232000805483,cash,0.0,0.0,1.5,True,0.0,9.0,2.0,cash,0.0,0.0,1.5
2016-05-20,0.0001211499702025165,5.99225635365928,0.0001211499702025165,9.693494232334999,cash,0.0,0.0,1.5,True,0.0,10.0,3.0,cash,0.0,0.0,1.5
2016-05-23,0.0001211499702025165,5.992982315337971,0.0001211499702025165,9.694668598872404,cash,0.0,0.0,1.5,True,0.0,11.0,0.0,cash,0.0,0.0,1.5
2016-05-24,0.0001211499702025165,5.993708364966898,0.0001211499702025165,9.695843107684281,cash,0.0,0.0,1.5,True,0.0,12.0,0.0,cash,0.0,0.0,1.5
2016-05-25,0.0001211499702025165,5.994434502556716,0.0001211499702025165,9.697017758787865,cash,0.0,0.0,1.5,True,0.0,13.0,0.0,cash,0.0,0.0,1.5
2016-05-26,0.0001211499702025165,5.995160728118082,0.0001211499702025165,9.698192552200396,cash,0.0,0.0,1.5,True,0.0,14.0,0.0,cash,0.0,0.0,1.5
2016-05-27,0.0001211499702025165,5.9958870416616525,0.0001211499702025165,9.699367487939114,cash,0.0,0.0,1.5,True,0.0,15.0,0.0,cash,0.0,0.0,1.5
2016-05-30,0.0001211499702025165,5.996613443198087,0.0001211499702025165,9.70054256602126,cash,0.0,0.0,1.5,True,0.0,16.0,1.0,cash,0.0,0.0,1.5
2016-05-31,0.0001211499702025165,5.997339932738046,0.0001211499702025165,9.701717786464082,cash,0.0,0.0,1.5,False,1.0,0.0,0.0,cash,0.0,0.0,1.5
2016-06-01,0.0001211499702025165,5.998066510292191,0.0001211499702025165,9.702893149284826,cash,0.0,0.0,1.5,False,1.0,0.0,0.0,cash,0.0,0.0,1.5
2016-06-02,0.0001211499702025165,5.998793175871186,0.0001211499702025165,9.70406865450074,cash,0.0,0.0,1.5,False,1.0,0.0,0.0,cash,0.0,0.0,1.5
2016-06-03,-0.0013790317547527353,5.990520649591466,-0.0013790317547527353,9.690686435675882,0.399606,1.5,1.0,1.5,False,1.0,0.0,0.0,0.399606,1.5,1.0,1.5
2016-06-06,-0.003904855301596122,5.967128533273588,-0.003904855301596122,9.652845707371428,0.399606,1.5,1.0,1.5,False,1.0,0.0,0.0,0.399606,1.5,1.0,1.5
2016-06-07,-0.0018160647403444585,5.956291841543206,-0.0018160647403444585,9.635315514638286,0.399606,1.5,1.0,1.5,False,1.0,0.0,0.0,0.399606,1.5,1.0,1.5
2016-06-08,-0.009997026875538495,5.896746631924748,-0.009997026875538495,9.538991006484155,1.H00852,1.5,1.0,1.5,False,1.0,0.0,0.0,1.H00852,1.5,1.0,1.5
2016-06-13,-0.07667358320538376,5.444621938400799,-0.07667358320538376,8.807602385853084,1.H00852,1.5,1.0,1.5,False,1.0,0.0,0.0,1.H00852,1.5,1.0,1.5
2016-06-14,0.00709414448117629,5.483246873077197,0.007051278976771824,8.869707247392215,1.H00852,1.5,1.0,1.5,False,1.0,1.0,1.0,1.H00852,1.4574364475859631,1.0,1.4574364475859631
2016-06-15,0.05640141797132414,5.792509771805579,0.05480310322093018,9.355794729210483,1.H00852,1.5,1.0,1.5,False,1.0,0.0,0.0,1.H00852,1.4561825098254346,1.0,1.4561825098254346
2016-06-16,0.00325392677542391,5.811358174448962,0.003093045160794894,9.384732624823059,1.H00852,1.5,1.0,1.5,False,1.0,0.0,0.0,1.H00852,1.3870331851856472,1.0,1.3870331851856472
2016-06-17,0.010177853546853743,5.870505326856815,0.009420326053413142,9.473139866072996,1.H00852,1.5,1.0,1.5,False,1.0,0.0,0.0,1.H00852,1.3868895585002792,1.0,1.3868895585002792
2016-06-20,0.007832407065169189,5.916485514255002,0.007249071085214442,9.541811330362338,1.H00852,1.5,1.0,1.5,False,1.0,0.0,1.0,1.H00852,1.385049384527864,1.0,1.385049384527864
2016-06-21,-0.0189891834802437,5.80413628526661,-0.01752567537084837,9.374584642536524,1.H00852,1.5,1.0,1.5,False,1.0,0.0,0.0,1.H00852,1.3840434709312617,1.0,1.3840434709312617
2016-06-22,0.029252192795532928,5.973919998894777,0.026992274348282885,9.62762600310907,1.H00852,1.5,1.0,1.5,False,1.0,1.0,1.0,1.H00852,1.376290758209515,1.0,1.376290758209515
2016-06-23,-0.003094684766645539,5.955432599677038,-0.0028452899750307514,9.600232615359078,1.H00852,1.5,1.0,1.5,False,1.0,2.0,0.0,1.H00852,1.3604216640861821,1.0,1.3604216640861821
2016-06-24,-0.011763468368845453,5.885376056667946,-0.010657870669245284,9.49791457774991,1.H00852,1.5,1.0,1.5,False,1.0,0.0,0.0,1.H00852,1.3601260459560505,1.0,1.3601260459560505
2016-06-27,0.03869051289279857,6.113084274867425,0.03509082489544757,9.83120423506965,1.H00852,1.5,1.0,1.5,False,1.0,0.0,0.0,1.H00852,1.3571100884180602,1.0,1.3571100884180602
2016-06-28,0.014667566687486033,6.202748346135265,0.013255219211329328,9.961519002316848,1.H00852,1.5,1.0,1.5,False,1.0,0.0,0.0,1.H00852,1.3308028211642906,1.0,1.3308028211642906
2016-06-29,0.002708924036014526,6.21955112021946,0.0024138511740610102,9.985564626656021,1.H00852,1.5,1.0,1.5,False,1.0,0.0,0.0,1.H00852,1.3276336667454658,1.0,1.3276336667454658
2016-06-30,-0.0007639417674329962,6.21479974534404,-0.0006622354760391636,9.978951831511967,1.H00852,1.5,1.0,1.5,False,1.0,0.0,0.0,1.H00852,1.3276340538814564,1.0,1.3276340538814564
2016-07-01,-0.005246656408816053,6.182192826430622,-0.004675045727929428,9.932299775382843,1.H00852,1.5,1.0,1.5,False,1.0,1.0,1.0,1.H00852,1.3730516659326775,1.0,1.3730516659326775
2016-07-04,0.028120905803014296,6.356041688558749,0.025749426347285054,10.18805079690822,1.H00852,1.5,1.0,1.5,False,1.0,0.0,0.0,1.H00852,1.3748044147232508,1.0,1.3748044147232508
2016-07-05,0.006880257613923302,6.399772892780869,0.006302033060269219,10.252256229850037,1.H00852,1.5,1.0,1.5,False,1.0,0.0,0.0,1.H00852,1.3608085521818358,1.0,1.3608085521818358
2016-07-06,0.005391426649322684,6.434276798904621,0.004901997740934361,10.302512766728242,1.H00852,1.5,1.0,1.5,False,1.0,0.0,1.0,1.H00852,1.360433111921732,1.0,1.360433111921732
2016-07-07,-0.00030741602170747395,6.432298799128537,-0.0002674044239168172,10.29975782923696,cash,0.0,0.0,1.5,False,1.0,0.0,0.0,cash,0.0,0.0,1.3878470842476704
2016-07-08,-0.0013790317547527353,6.423428454828481,-0.0012673570683432445,10.286704358349853,0.399606,1.5,1.0,1.5,False,1.0,1.0,1.0,0.399606,1.3883388413365054,1.0,1.3883388413365054
2016-07-11,-0.016584802674959098,6.316897161408433,-0.01534428733762705,10.128862210918113,1.H00905,1.5,1.0,1.5,False,1.0,0.0,2.0,1.H00905,1.3885892362250916,1.0,1.3885892362250916
2016-07-12,0.019614253221085898,6.440798381903857,0.01816629533537628,10.312866113252984,1.H00905,1.5,1.0,1.5,False,1.0,1.0,3.0,1.H00905,1.388461354682161,1.0,1.388461354682161
2016-07-13,0.012047645194117163,6.5183948355758785,0.011156155187698857,10.427918048042395,1.H00905,1.5,1.0,1.5,False,1.0,2.0,0.0,1.H00905,1.3930566600316625,1.0,1.3930566600316625
2016-07-14,0.0006687835221688143,6.522754230632902,0.0020238797252505325,10.449022899956402,cash,0.0,0.0,1.5,True,0.0,3.0,1.0,1.H00905,1.391118193824908,1.0,1.391118193824908
2016-07-15,0.0001211499702025165,6.523544462113581,-0.002950350940112645,10.418194615420257,cash,0.0,0.0,1.5,True,0.0,4.0,2.0,1.H00905,1.3917033089462754,1.0,1.3917033089462754
2016-07-18,0.0001211499702025165,6.524334789330782,-0.006275581969863886,10.352814381133193,cash,0.0,0.0,1.5,True,0.0,5.0,3.0,1.H00905,1.4178440049597556,1.0,1.4178440049597556
2016-07-19,0.0001211499702025165,6.525125212296101,0.0043709057498879655,10.39806555703921,cash,0.0,0.0,1.5,True,0.0,6.0,4.0,1.H00905,1.4166190881068632,1.0,1.4166190881068632
2016-07-20,0.0001211499702025165,6.525915731021138,-0.003028686080006615,10.36657308062761,cash,0.0,0.0,1.5,True,0.0,7.0,5.0,1.H00905,1.4163095292462728,1.0,1.4163095292462728
2016-07-21,0.0001211499702025165,6.526706345517495,0.005402424968076636,10.422577713871783,cash,0.0,0.0,1.5,True,0.0,8.0,6.0,1.H00905,1.432146086064153,1.0,1.432146086064153
2016-07-22,0.0001211499702025165,6.5274970557967755,-0.011375883034036693,10.30401168888562,cash,0.0,0.0,1.5,True,0.0,9.0,7.0,1.H00905,1.4319768551474032,1.0,1.4319768551474032
2016-07-25,0.0001211499702025165,6.528287861870583,0.00401863049554807,10.345419704485058,cash,0.0,0.0,1.5,True,0.0,10.0,8.0,1.H00905,1.431543998274726,1.0,1.431543998274726
2016-07-26,0.0001211499702025165,6.529078763750522,0.01906257983343762,10.542630093512223,cash,0.0,0.0,1.5,True,0.0,11.0,9.0,1.H00905,1.4573399226307047,1.0,1.4573399226307047
2016-07-27,-0.0013790317547527353,6.520074956806028,-0.062343816008118,9.88536230272065,1.H20955,1.5,1.0,1.5,False,1.0,0.0,0.0,1.H20955,1.5,1.0,1.5
2016-07-28,0.01787300953199411,6.636608318658339,0.01783381884959745,10.061656063290009,1.H20955,1.5,1.0,1.5,False,1.0,1.0,1.0,1.H20955,1.4614974736241961,1.0,1.4614974736241961
2016-07-29,-0.0029244652692423934,6.617199788124857,-0.002851218063024241,10.03296808777842,1.H20955,1.5,1.0,1.5,False,1.0,2.0,2.0,1.H20955,1.4664402567217913,1.0,1.4664402567217913
2016-08-01,-0.01502240103883079,6.51779355915358,-0.013270126754523992,9.899829329529506,cash,0.0,0.0,1.5,True,0.0,3.0,3.0,1.H20955,1.5,1.0,1.5
2016-08-02,0.0001211499702025165,6.518583189649057,0.005350049871695628,9.952793910163765,cash,0.0,0.0,1.5,True,0.0,4.0,4.0,1.H20955,1.5,1.0,1.5
2016-08-03,0.0001211499702025165,6.519372915808246,-0.0004774457176408564,9.948041991332795,cash,0.0,0.0,1.5,True,0.0,5.0,5.0,cash,0.0,0.0,1.5
2016-08-04,0.0001211499702025165,6.520162737642735,0.0001211499702025165,9.949247196323618,cash,0.0,0.0,1.5,True,0.0,6.0,6.0,cash,0.0,0.0,1.5
2016-08-05,0.0001211499702025165,6.520952655164116,0.0001211499702025165,9.950452547324991,cash,0.0,0.0,1.5,True,0.0,7.0,7.0,cash,0.0,0.0,1.5
2016-08-08,0.0001211499702025165,6.521742668383982,0.0001211499702025165,9.9516580443546,cash,0.0,0.0,1.5,True,0.0,8.0,8.0,cash,0.0,0.0,1.5
2016-08-09,0.0001211499702025165,6.522532777313925,0.0001211499702025165,9.95286368743014,cash,0.0,0.0,1.5,True,0.0,9.0,9.0,cash,0.0,0.0,1.5
2016-08-10,0.0001211499702025165,6.523322981965542,0.0001211499702025165,9.954069476569302,cash,0.0,0.0,1.5,True,0.0,10.0,10.0,cash,0.0,0.0,1.5
2016-08-11,0.0001211499702025165,6.524113282350428,0.0001211499702025165,9.955275411789781,cash,0.0,0.0,1.5,True,0.0,11.0,11.0,cash,0.0,0.0,1.5
2016-08-12,0.0001211499702025165,6.524903678480182,0.0001211499702025165,9.956481493109278,cash,0.0,0.0,1.5,True,0.0,12.0,12.0,cash,0.0,0.0,1.5
2016-08-15,-0.0013790317547527353,6.515905629110855,-0.0013790317547527353,9.942751188964673,1.H00016,1.5,1.0,1.5,False,1.0,0.0,0.0,1.H00016,1.5,1.0,1.5
2016-08-16,-0.019703408168608827,6.387520080912348,-0.019703408168608827,9.746845103969582,1.H00016,1.5,1.0,1.5,False,1.0,0.0,0.0,1.H00016,1.5,1.0,1.5
2016-08-17,-0.002696357732704935,6.370297041749372,-0.002696357732704935,9.720564122804015,1.H00016,1.5,1.0,1.5,False,1.0,0.0,0.0,1.H00016,1.5,1.0,1.5
2016-08-18,-0.006061535138725871,6.3316832623866866,-0.006061535138725871,9.6616425818054,1.H00016,1.5,1.0,1.5,False,1.0,0.0,0.0,1.H00016,1.5,1.0,1.5
2016-08-19,0.004600517286407424,6.3608122806873535,0.004600517286407424,9.706091135518086,1.H00016,1.5,1.0,1.5,False,1.0,0.0,0.0,1.H00016,1.5,1.0,1.5
2016-08-22,-0.008208831680746265,6.308597443322367,-0.008208831680746265,9.626415467108634,1.H00016,1.5,1.0,1.5,False,1.0,0.0,0.0,1.H00016,1.5,1.0,1.5
2016-08-23,0.0031774673869962022,6.328642805956211,0.0031774673869962022,9.657003088309049,1.H00016,1.5,1.0,1.5,False,1.0,0.0,1.0,1.H00016,1.5,1.0,1.5
2016-08-24,-0.006579125415397402,6.287005871226573,-0.006579125415397402,9.593468453854184,1.H00016,1.5,1.0,1.5,False,1.0,0.0,0.0,1.H00016,1.5,1.0,1.5
2016-08-25,-0.008308542171675315,6.234770017811917,-0.008308542171675315,9.5137607166327,cash,0.0,0.0,1.5,False,1.0,0.0,0.0,cash,0.0,0.0,1.5
2016-08-26,-0.0013790317547527353,6.2261720719737745,-0.0013790317547527353,9.500640938497344,0.399606,1.5,1.0,1.5,False,1.0,0.0,0.0,0.399606,1.5,1.0,1.5
2016-08-29,0.002303652987401872,6.240515011867455,0.002303652987401872,9.522527118377546,0.399606,1.5,1.0,1.5,False,1.0,1.0,0.0,0.399606,1.5,1.0,1.5
2016-08-30,0.0015329328479924964,6.250081302317537,0.0015329328479924964,9.537124512993206,0.399606,1.5,1.0,1.5,False,1.0,2.0,1.0,0.399606,1.5,1.0,1.5
2016-08-31,-0.0026365440558587805,6.233602687611278,-0.0026365440558587805,9.511979464048489,0.399606,1.5,1.0,1.5,False,1.0,0.0,2.0,0.399606,1.5,1.0,1.5
2016-09-01,-0.007199682828195275,6.18872272538349,-0.007199682828195275,9.443496228839033,0.399606,1.5,1.0,1.5,False,1.0,1.0,3.0,0.399606,1.5,1.0,1.5
2016-09-02,-0.007260415431850742,6.143790027404671,-0.007260415431850742,9.374932523088546,0.399606,1.5,1.0,1.5,False,1.0,2.0,4.0,0.399606,1.5,1.0,1.5
2016-09-05,0.006603713127841138,6.184361854263343,0.008115886958278473,9.451018415687422,cash,0.0,0.0,1.5,True,0.0,3.0,5.0,0.399606,1.5,1.0,1.5
2016-09-06,-0.0013790317547527353,6.175833422883432,0.0275248987914245,9.711156741055108,0.399606,1.5,1.0,1.5,False,1.0,0.0,0.0,0.399606,1.5,1.0,1.5
2016-09-07,-0.007334749382617023,6.130535232497793,-0.007334749382617023,9.639927840144157,0.399606,1.5,1.0,1.5,False,1.0,0.0,0.0,0.399606,1.5,1.0,1.5
2016-09-08,0.007681724235205634,6.177628313568053,0.007681724235205634,9.713979107459426,0.399606,1.5,1.0,1.5,False,1.0,0.0,1.0,0.399606,1.5,1.0,1.5
2016-09-09,-0.015320906360208553,6.082981448647703,-0.015320906360208553,9.565152143169017,cash,0.0,0.0,1.5,False,1.0,0.0,2.0,cash,0.0,0.0,1.5
2016-09-12,0.0001211499702025165,6.083718401668949,0.0001211499702025165,9.566310961066145,cash,0.0,0.0,1.5,False,1.0,0.0,0.0,cash,0.0,0.0,1.5
2016-09-13,0.0001211499702025165,6.084455443972032,0.0001211499702025165,9.567469919354027,cash,0.0,0.0,1.5,False,1.0,1.0,1.0,cash,0.0,0.0,1.5
2016-09-14,0.0001211499702025165,6.085192575567768,0.0001211499702025165,9.56862901804967,cash,0.0,0.0,1.5,False,1.0,2.0,2.0,cash,0.0,0.0,1.5
2016-09-19,0.0001211499702025165,6.085929796466974,0.0001211499702025165,9.569788257170085,cash,0.0,0.0,1.5,True,0.0,3.0,3.0,cash,0.0,0.0,1.5
2016-09-20,0.0001211499702025165,6.086667106680471,0.0001211499702025165,9.570947636732285,cash,0.0,0.0,1.5,True,0.0,4.0,4.0,cash,0.0,0.0,1.5
2016-09-21,0.0001211499702025165,6.087404506219078,0.0001211499702025165,9.572107156753285,cash,0.0,0.0,1.5,True,0.0,5.0,5.0,cash,0.0,0.0,1.5
2016-09-22,0.0001211499702025165,6.088141995093617,0.0001211499702025165,9.5732668172501,cash,0.0,0.0,1.5,True,0.0,6.0,6.0,cash,0.0,0.0,1.5
2016-09-23,0.0001211499702025165,6.088879573314911,0.0001211499702025165,9.574426618239752,cash,0.0,0.0,1.5,True,0.0,0.0,7.0,cash,0.0,0.0,1.5
2016-09-26,0.0001211499702025165,6.0896172408937845,0.0001211499702025165,9.575586559739257,cash,0.0,0.0,1.5,True,0.0,0.0,8.0,cash,0.0,0.0,1.5
2016-09-27,0.0001211499702025165,6.090354997841064,0.0001211499702025165,9.576746641765641,cash,0.0,0.0,1.5,True,0.0,1.0,9.0,cash,0.0,0.0,1.5
2016-09-28,0.0001211499702025165,6.091092844167575,0.0001211499702025165,9.577906864335928,cash,0.0,0.0,1.5,True,0.0,2.0,10.0,cash,0.0,0.0,1.5
2016-09-29,0.0001211499702025165,6.0918307798841465,0.0001211499702025165,9.579067227467144,cash,0.0,0.0,1.5,True,0.0,3.0,11.0,cash,0.0,0.0,1.5
2016-09-30,0.0001211499702025165,6.0925688050016085,0.0001211499702025165,9.58022773117632,cash,0.0,0.0,1.5,True,0.0,4.0,12.0,cash,0.0,0.0,1.5
2016-10-10,0.0001211499702025165,6.093306919530791,0.0001211499702025165,9.581388375480486,cash,0.0,0.0,1.5,False,1.0,0.0,0.0,cash,0.0,0.0,1.5
2016-10-11,0.0001211499702025165,6.094045123482527,0.0001211499702025165,9.582549160396674,cash,0.0,0.0,1.5,False,1.0,0.0,0.0,cash,0.0,0.0,1.5
2016-10-12,0.0001211499702025165,6.094783416867649,0.0001211499702025165,9.58371008594192,cash,0.0,0.0,1.5,False,1.0,0.0,0.0,cash,0.0,0.0,1.5
2016-10-13,0.0001211499702025165,6.095521799696994,0.0001211499702025165,9.584871152133262,cash,0.0,0.0,1.5,False,1.0,0.0,0.0,cash,0.0,0.0,1.5
2016-10-14,0.0001211499702025165,6.096260271981396,0.0001211499702025165,9.586032358987739,cash,0.0,0.0,1.5,False,1.0,0.0,0.0,cash,0.0,0.0,1.5
2016-10-17,0.0001211499702025165,6.096998833731693,0.0001211499702025165,9.58719370652239,cash,0.0,0.0,1.5,False,1.0,0.0,0.0,cash,0.0,0.0,1.5
2016-10-18,0.0001211499702025165,6.097737484958724,0.0001211499702025165,9.58835519475426,cash,0.0,0.0,1.5,False,1.0,0.0,0.0,cash,0.0,0.0,1.5
2016-10-19,-0.0013790317547527353,6.08932851133482,-0.0013790317547527353,9.575132548464847,1.H00852,1.5,1.0,1.5,False,1.0,0.0,0.0,1.H00852,1.5,1.0,1.5
2016-10-20,0.006841980429030503,6.13099157783531,0.006841980429030503,9.640645417966816,1.H00852,1.5,1.0,1.5,False,1.0,0.0,0.0,1.H00852,1.5,1.0,1.5
2016-10-21,-0.008782724700771904,6.077144766664431,-0.008782724700771904,9.555974283323055,1.H00852,1.5,1.0,1.5,False,1.0,0.0,0.0,1.H00852,1.5,1.0,1.5
2016-10-24,0.009615637897975038,6.13558039019425,0.009615637897975038,9.647861071793852,1.H00852,1.5,1.0,1.5,False,1.0,0.0,0.0,1.H00852,1.5,1.0,1.5
2016-10-25,0.006402881868545096,6.174865786627626,0.006402881868545096,9.709635186520682,1.H00852,1.5,1.0,1.5,False,1.0,0.0,0.0,1.H00852,1.5,1.0,1.5
2016-10-26,-0.006486812926681296,6.1348105874224075,-0.006486812926681296,9.6466505994794,1.H00852,1.5,1.0,1.5,False,1.0,0.0,0.0,1.H00852,1.5,1.0,1.5
2016-10-27,-0.0006719791820335441,6.13068812242194,-0.0006719791820335441,9.6401682511002,1.H00852,1.5,1.0,1.5,False,1.0,1.0,1.0,1.H00852,1.5,1.0,1.5
2016-10-28,-0.013798153917530476,6.046095944088386,-0.013798153917530476,9.507151725780629,1.H00852,1.5,1.0,1.5,False,1.0,0.0,0.0,1.H00852,1.5,1.0,1.5
2016-10-31,-0.000753241591195275,6.041541773158942,-0.000753241591195275,9.499990543686966,1.H00852,1.5,1.0,1.5,False,1.0,1.0,1.0,1.H00852,1.5,1.0,1.5
2016-11-01,0.013099169046087766,6.120680950144552,0.013099169046087766,9.624432525754957,1.H00016,1.5,1.0,1.5,False,1.0,0.0,0.0,1.H00016,1.5,1.0,1.5
2016-11-02,-0.01247558524641823,6.044321873184895,-0.01247558524641823,9.5043620973315,1.H00016,1.5,1.0,1.5,False,1.0,0.0,0.0,1.H00016,1.5,1.0,1.5
2016-11-03,0.019244082338054413,6.1606393009901685,0.019244082338054413,9.68726482410323,1.H00016,1.5,1.0,1.5,False,1.0,0.0,0.0,1.H00016,1.5,1.0,1.5
2016-11-04,-0.00118646610520301,6.153329911273162,-0.00118646610520301,9.675771212737306,1.H00016,1.5,1.0,1.5,False,1.0,0.0,0.0,1.H00016,1.5,1.0,1.5
2016-11-07,0.003259003962267082,6.173383637835138,0.003259003962267082,9.707304589457607,1.H00016,1.5,1.0,1.5,False,1.0,1.0,1.0,1.H00016,1.5,1.0,1.5
2016-11-08,0.003539037829654923,6.195231476066409,0.003539037829654923,9.741659107623681,1.H00016,1.5,1.0,1.5,False,1.0,2.0,2.0,1.H00016,1.5,1.0,1.5
2016-11-09,-0.012216647489007526,6.119546517010502,-0.012216647489007526,9.622648692347763,1.H00016,1.5,1.0,1.5,False,1.0,0.0,0.0,1.H00016,1.5,1.0,1.5
2016-11-10,0.016854602363975513,6.222689040202565,0.016854602363975513,9.784834609745513,1.H00016,1.5,1.0,1.5,False,1.0,0.0,0.0,1.H00016,1.5,1.0,1.5
2016-11-11,0.012374034678462209,6.299688810179318,0.012374034678462209,9.90591249252952,1.H00016,1.5,1.0,1.5,False,1.0,0.0,0.0,1.H00016,1.5,1.0,1.5
2016-11-14,0.0060111318225701815,6.337557070058476,0.0060111318225701815,9.96545823834496,1.H00016,1.5,1.0,1.5,False,1.0,0.0,0.0,1.H00016,1.5,1.0,1.5
2016-11-15,-0.0045080864258044695,6.308986815058184,-0.0045080864258044695,9.920533091333755,1.H00016,1.5,1.0,1.5,False,1.0,0.0,0.0,1.H00016,1.5,1.0,1.5
2016-11-16,-0.00068150170581327,6.304687229781768,-0.00068150170581327,9.913772231109435,1.H00016,1.5,1.0,1.5,False,1.0,0.0,0.0,1.H00016,1.5,1.0,1.5
2016-11-17,0.004337406747124017,6.33203322271073,0.004337406747124017,9.956772293674101,1.H00016,1.5,1.0,1.5,False,1.0,1.0,1.0,1.H00016,1.5,1.0,1.5
2016-11-18,-0.006174974710267178,6.29293307769592,-0.006174974710267178,9.895289476564775,1.H00016,1.5,1.0,1.5,False,1.0,2.0,2.0,1.H00016,1.5,1.0,1.5
2016-11-21,0.016229066415695437,6.395061506563374,0.017755699965643856,10.070987267583853,cash,0.0,0.0,1.5,True,0.0,3.0,3.0,1.H00016,1.5,1.0,1.5
2016-11-22,-0.0013790317547527353,6.386242513672226,0.01171030102899362,10.188921560146422,1.H00016,1.5,1.0,1.5,False,1.0,0.0,0.0,1.H00016,1.5,1.0,1.5
2016-11-23,0.004613066910504449,6.415702677694504,0.004613066910504449,10.235923737049259,1.H00016,1.5,1.0,1.5,False,1.0,0.0,0.0,1.H00016,1.5,1.0,1.5
2016-11-24,0.005279424431292146,6.44957389515503,0.005279424431292146,10.289963522903479,1.H00016,1.5,1.0,1.5,False,1.0,0.0,0.0,1.H00016,1.5,1.0,1.5
2016-11-25,0.01590259438732433,6.552138852780756,0.01590259438732433,10.453600639068576,1.H00016,1.5,1.0,1.5,False,1.0,0.0,0.0,1.H00016,1.5,1.0,1.5
2016-11-28,0.005698346308042668,6.5894752090222815,0.005698346308042668,10.513168875675964,1.H00016,1.5,1.0,1.5,False,1.0,1.0,1.0,1.H00016,1.5,1.0,1.5
2016-11-29,0.023937896449839347,6.74721338423464,0.023937896449839347,10.764832023581569,1.H00016,1.5,1.0,1.5,False,1.0,2.0,2.0,1.H00016,1.5,1.0,1.5
2016-11-30,-0.015160431935464569,6.644922714968895,-0.013680953365512893,10.61755885867937,cash,0.0,0.0,1.5,True,0.0,3.0,3.0,1.H00016,1.5,1.0,1.5
2016-12-01,0.0001211499702025165,6.645727747157811,0.007312577377565521,10.695200579394319,cash,0.0,0.0,1.5,True,0.0,4.0,4.0,1.H00016,1.5,1.0,1.5
2016-12-02,0.0001211499702025165,6.646532876876353,-0.009187080724774921,10.596942908303763,cash,0.0,0.0,1.5,True,0.0,5.0,5.0,1.H00016,1.5,1.0,1.5
2016-12-05,0.0001211499702025165,6.647338104136337,-0.025669566396517185,10.324923978718958,cash,0.0,0.0,1.5,True,0.0,6.0,6.0,1.H00016,1.5,1.0,1.5
2016-12-06,0.0001211499702025165,6.648143428949579,-0.004211977956326662,10.281435626519846,cash,0.0,0.0,1.5,True,0.0,7.0,7.0,1.H00016,1.5,1.0,1.5
2016-12-07,0.0001211499702025165,6.648948851327899,0.00515398442662951,10.334425985622323,cash,0.0,0.0,1.5,True,0.0,8.0,8.0,1.H00016,1.5,1.0,1.5
2016-12-08,0.0001211499702025165,6.649754371283115,0.0012578664529176997,10.347425313379798,cash,0.0,0.0,1.5,True,0.0,9.0,9.0,1.H00016,1.5,1.0,1.5
2016-12-09,0.0001211499702025165,6.65055998882705,0.02031148123186588,10.557596848430645,cash,0.0,0.0,1.5,True,0.0,10.0,10.0,1.H00016,1.5,1.0,1.5
2016-12-12,-0.0013790317547527353,6.641388655415569,-0.015089662004958981,10.398286280403207,1.H00016,1.5,1.0,1.5,False,1.0,0.0,0.0,1.H00016,1.5,1.0,1.5
2016-12-13,-0.01048652329141686,6.571743578593202,-0.01048652329141686,10.28924440913294,cash,0.0,0.0,1.5,False,1.0,1.0,1.0,cash,0.0,0.0,1.5
2016-12-14,0.0001211499702025165,6.572539745131928,0.0001211499702025165,10.290490950786513,cash,0.0,0.0,1.5,False,1.0,0.0,2.0,cash,0.0,0.0,1.5
2016-12-15,0.0001211499702025165,6.573336008126205,0.0001211499702025165,10.29173764345857,cash,0.0,0.0,1.5,False,1.0,0.0,3.0,cash,0.0,0.0,1.5
2016-12-16,0.0001211499702025165,6.574132367587721,0.0001211499702025165,10.292984487167407,cash,0.0,0.0,1.5,False,1.0,0.0,4.0,cash,0.0,0.0,1.5
2016-12-19,0.0001211499702025165,6.574928823528161,0.0001211499702025165,10.294231481931323,cash,0.0,0.0,1.5,True,0.0,0.0,5.0,cash,0.0,0.0,1.5
2016-12-20,0.0001211499702025165,6.575725375959215,0.0001211499702025165,10.295478627768617,cash,0.0,0.0,1.5,True,0.0,0.0,6.0,cash,0.0,0.0,1.5
2016-12-21,0.0001211499702025165,6.576522024892572,0.0001211499702025165,10.296725924697592,cash,0.0,0.0,1.5,True,0.0,0.0,7.0,cash,0.0,0.0,1.5
2016-12-22,0.0001211499702025165,6.577318770339924,0.0001211499702025165,10.297973372736552,cash,0.0,0.0,1.5,True,0.0,0.0,8.0,cash,0.0,0.0,1.5
2016-12-23,0.0001211499702025165,6.578115612312963,0.0001211499702025165,10.299220971903805,cash,0.0,0.0,1.5,True,0.0,0.0,9.0,cash,0.0,0.0,1.5
2016-12-26,0.0001211499702025165,6.578912550823384,0.0001211499702025165,10.30046872221766,cash,0.0,0.0,1.5,True,0.0,1.0,10.0,cash,0.0,0.0,1.5
2016-12-27,0.0001211499702025165,6.579709585882881,0.0001211499702025165,10.301716623696429,cash,0.0,0.0,1.5,True,0.0,2.0,11.0,cash,0.0,0.0,1.5
2016-12-28,0.0001211499702025165,6.580506717503152,0.0001211499702025165,10.302964676358425,cash,0.0,0.0,1.5,True,0.0,3.0,12.0,cash,0.0,0.0,1.5
2016-12-29,0.0001211499702025165,6.581303945695895,0.0001211499702025165,10.304212880221963,cash,0.0,0.0,1.5,True,0.0,4.0,13.0,cash,0.0,0.0,1.5
2016-12-30,0.0001211499702025165,6.58210127047281,0.0001211499702025165,10.305461235305362,cash,0.0,0.0,1.5,True,0.0,5.0,14.0,cash,0.0,0.0,1.5
2017-01-03,0.0001211499702025165,6.582898691845598,0.0001211499702025165,10.306709741626943,cash,0.0,0.0,1.5,True,0.0,6.0,15.0,cash,0.0,0.0,1.5
2017-01-04,0.0001211499702025165,6.583696209825961,0.0001211499702025165,10.307958399205027,cash,0.0,0.0,1.5,False,1.0,0.0,0.0,cash,0.0,0.0,1.5
2017-01-05,0.0001211499702025165,6.5844938244256035,0.0001211499702025165,10.30920720805794,cash,0.0,0.0,1.5,False,1.0,0.0,0.0,cash,0.0,0.0,1.5
2017-01-06,0.0001211499702025165,6.585291535656231,0.0001211499702025165,10.310456168204007,cash,0.0,0.0,1.5,False,1.0,0.0,0.0,cash,0.0,0.0,1.5
2017-01-09,0.0001211499702025165,6.586089343529551,0.0001211499702025165,10.31170527966156,cash,0.0,0.0,1.5,False,1.0,0.0,1.0,cash,0.0,0.0,1.5
2017-01-10,-0.0013790317547527353,6.577006917185185,-0.0013790317547527353,10.297485110635256,1.H00852,1.5,1.0,1.5,False,1.0,0.0,2.0,1.H00852,1.5,1.0,1.5
2017-01-11,-0.017165655477358155,6.464108282372583,-0.017165655477358155,10.120722028942865,cash,0.0,0.0,1.5,False,1.0,1.0,0.0,cash,0.0,0.0,1.5
2017-01-12,0.0001211499702025165,6.464891408898378,0.0001211499702025165,10.121948154115099,cash,0.0,0.0,1.5,False,1.0,2.0,1.0,cash,0.0,0.0,1.5
2017-01-13,0.0001211499702025165,6.465674630299929,0.0001211499702025165,10.123174427832362,cash,0.0,0.0,1.5,True,0.0,3.0,0.0,cash,0.0,0.0,1.5
2017-01-16,0.0001211499702025165,6.466457946588728,0.0001211499702025165,10.124400850112648,cash,0.0,0.0,1.5,False,1.0,0.0,0.0,cash,0.0,0.0,1.5
2017-01-17,-0.0013790317547527353,6.457540495739609,-0.0013790317547527353,10.110438979842497,1.H20955,1.5,1.0,1.5,False,1.0,1.0,0.0,1.H20955,1.5,1.0,1.5
2017-01-18,0.008664471074816493,6.513491668579401,0.008664471074816493,10.19804058593704,1.H20955,1.5,1.0,1.5,False,1.0,2.0,1.0,1.H20955,1.5,1.0,1.5
2017-01-19,-0.005922520992499125,6.474915377437771,-0.0044291647396086375,10.152871784160709,cash,0.0,0.0,1.5,True,0.0,3.0,2.0,1.H20955,1.5,1.0,1.5
2017-01-20,0.0001211499702025165,6.475699813242811,0.008661129863934303,10.240807125175198,cash,0.0,0.0,1.5,True,0.0,4.0,0.0,1.H20955,1.5,1.0,1.5
2017-01-23,0.0001211499702025165,6.476484344082226,0.0030281248314874,10.271817567525414,cash,0.0,0.0,1.5,True,0.0,5.0,1.0,1.H20955,1.5,1.0,1.5
2017-01-24,0.0001211499702025165,6.477268969967529,0.0075862022084534075,10.349741652641006,cash,0.0,0.0,1.5,True,0.0,6.0,2.0,1.H20955,1.5,1.0,1.5
2017-01-25,0.0001211499702025165,6.478053690910234,-0.0013002709791979372,10.33628418392788,cash,0.0,0.0,1.5,True,0.0,7.0,3.0,1.H00016,1.5,1.0,1.5
2017-01-26,0.0001211499702025165,6.478838506921858,0.0033266929108020094,10.370669827246587,cash,0.0,0.0,1.5,True,0.0,8.0,4.0,1.H00016,1.5,1.0,1.5
2017-02-03,0.0001211499702025165,6.479623418013919,-0.015307783710000855,10.211917856603264,cash,0.0,0.0,1.5,True,0.0,9.0,5.0,1.H00016,1.5,1.0,1.5
2017-02-06,0.0001211499702025165,6.480408424197934,-0.0005171007746422873,10.206637265969032,cash,0.0,0.0,1.5,True,0.0,10.0,6.0,1.H20955,1.5,1.0,1.5
2017-02-07,-0.0013790317547527353,6.471471735197198,1.0255382912882638e-05,10.206741938942448,1.H20955,1.5,1.0,1.5,False,1.0,0.0,0.0,1.H20955,1.5,1.0,1.5
2017-02-08,0.001980606512357763,6.48428917426047,0.001980606512357763,10.226957478496672,cash,0.0,0.0,1.5,False,1.0,0.0,0.0,cash,0.0,0.0,1.5
2017-02-09,0.0001211499702025165,6.485074745700715,0.0001211499702025165,10.228196474090455,cash,0.0,0.0,1.5,False,1.0,0.0,0.0,cash,0.0,0.0,1.5
2017-02-10,0.0001211499702025165,6.485860412312918,0.0001211499702025165,10.229435619788516,cash,0.0,0.0,1.5,False,1.0,0.0,0.0,cash,0.0,0.0,1.5
2017-02-13,0.0001211499702025165,6.486646174108607,0.0001211499702025165,10.230674915609042,cash,0.0,0.0,1.5,False,1.0,0.0,0.0,cash,0.0,0.0,1.5
2017-02-14,0.0001211499702025165,6.487432031099314,0.0001211499702025165,10.231914361570219,cash,0.0,0.0,1.5,False,1.0,0.0,0.0,cash,0.0,0.0,1.5
2017-02-15,0.0001211499702025165,6.488217983296573,0.0001211499702025165,10.233153957690238,cash,0.0,0.0,1.5,False,1.0,0.0,0.0,cash,0.0,0.0,1.5
2017-02-16,0.0001211499702025165,6.489004030711916,0.0001211499702025165,10.23439370398729,cash,0.0,0.0,1.5,False,1.0,0.0,0.0,cash,0.0,0.0,1.5
2017-02-17,0.0001211499702025165,6.489790173356881,0.0001211499702025165,10.23563360047957,cash,0.0,0.0,1.5,False,1.0,0.0,0.0,cash,0.0,0.0,1.5
2017-02-20,-0.0013790317547527353,6.48084054662614,-0.0013790317547527353,10.221518336714494,1.H00852,1.5,1.0,1.5,False,1.0,0.0,0.0,1.H00852,1.5,1.0,1.5
2017-02-21,0.014652549721282826,6.575801384971285,0.014652549721282826,10.371289642370208,1.H00852,1.5,1.0,1.5,False,1.0,0.0,0.0,1.H00852,1.5,1.0,1.5
2017-02-22,0.005370384518122773,6.611115966923386,0.005370384518122773,10.42698745569856,1.H00852,1.5,1.0,1.5,False,1.0,0.0,0.0,1.H00852,1.5,1.0,1.5
2017-02-23,0.00036098090884317813,6.613502453573593,0.00036098090884317813,10.430751399106814,1.H00852,1.5,1.0,1.5,False,1.0,0.0,0.0,1.H00852,1.5,1.0,1.5
2017-02-24,0.0053576667084396234,6.648935395495289,0.0053576667084396234,10.48663588862182,1.H00852,1.5,1.0,1.5,False,1.0,1.0,0.0,1.H00852,1.5,1.0,1.5
2017-02-27,-0.011743068142569868,6.570856494070443,-0.011743068142569868,10.363490608795415,1.H00852,1.5,1.0,1.5,False,1.0,2.0,0.0,1.H00852,1.5,1.0,1.5
2017-02-28,0.0039482336935108275,6.596799771075557,0.0024400490660292373,10.388778034376209,cash,0.0,0.0,1.5,True,0.0,3.0,0.0,0.399606,1.5,1.0,1.5
2017-03-01,-0.0013790317547527353,6.587702574711498,0.003678309919433076,10.426991179670843,0.399606,1.5,1.0,1.5,False,1.0,0.0,0.0,0.399606,1.5,1.0,1.5
2017-03-02,-0.010522047598169881,6.518386454657797,-0.010522047598169881,10.317277882172649,cash,0.0,0.0,1.5,False,1.0,0.0,0.0,cash,0.0,0.0,1.5
2017-03-03,-0.0013790317547527353,6.509397392747074,-0.0013790317547527353,10.303050028350524,0.399606,1.5,1.0,1.5,False,1.0,1.0,0.0,0.399606,1.5,1.0,1.5
2017-03-06,0.026765551416478628,6.683625003352938,0.026765551416478628,10.578816843630891,0.399606,1.5,1.0,1.5,False,1.0,0.0,0.0,0.399606,1.5,1.0,1.5
2017-03-07,0.011469647838978414,6.760283828429187,0.011469647838978414,10.70015214738039,0.399606,1.5,1.0,1.5,False,1.0,0.0,0.0,0.399606,1.5,1.0,1.5
2017-03-08,-0.010095466206587078,6.692035611492343,-0.010095466206587078,10.592129122971171,0.399606,1.5,1.0,1.5,False,1.0,0.0,0.0,0.399606,1.5,1.0,1.5
2017-03-09,-0.008214874502485037,6.637061378777773,-0.008214874502485037,10.505116111511846,0.399606,1.5,1.0,1.5,False,1.0,1.0,0.0,0.399606,1.5,1.0,1.5
2017-03-10,-0.003080430348621599,6.616616373480921,-0.003080430348621599,10.47275583302615,0.399606,1.5,1.0,1.5,False,1.0,2.0,0.0,0.399606,1.5,1.0,1.5
2017-03-13,0.014467085206513408,6.7123395263348815,0.015991071814234648,10.640226423645016,cash,0.0,0.0,1.5,True,0.0,3.0,0.0,0.399606,1.5,1.0,1.5
2017-03-14,0.0001211499702025165,6.713152726068486,-0.009844111181733228,10.535482851731839,cash,0.0,0.0,1.5,True,0.0,4.0,0.0,0.399606,1.5,1.0,1.5
2017-03-15,0.0001211499702025165,6.7139660243212145,2.087271066963936e-05,10.535702755817168,cash,0.0,0.0,1.5,True,0.0,5.0,0.0,0.399606,1.5,1.0,1.5
2017-03-16,-0.0013790317547527353,6.704707251973344,0.006765852123169047,10.606985762676691,0.399606,1.5,1.0,1.5,False,1.0,0.0,0.0,0.399606,1.5,1.0,1.5
2017-03-17,-0.013076686661275927,6.617031896083705,-0.013076686661275927,10.468281533437553,0.399606,1.5,1.0,1.5,False,1.0,0.0,0.0,0.399606,1.5,1.0,1.5
2017-03-20,0.0031364351908087507,6.637785787781286,0.0031364351908087507,10.50111462002632,0.399606,1.5,1.0,1.5,False,1.0,1.0,0.0,0.399606,1.5,1.0,1.5
2017-03-21,0.005503746093536099,6.674318475380517,0.005503746093536099,10.558910088594065,0.399606,1.5,1.0,1.5,False,1.0,2.0,1.0,0.399606,1.5,1.0,1.5
2017-03-22,-0.011096203160128715,6.600258881622294,-0.011096203160128715,10.441746277101492,cash,0.0,0.0,1.5,False,1.0,0.0,0.0,cash,0.0,0.0,1.5
2017-03-23,0.0001211499702025165,6.601058502789131,0.0001211499702025165,10.443011294351825,cash,0.0,0.0,1.5,False,1.0,0.0,0.0,cash,0.0,0.0,1.5
2017-03-24,0.0001211499702025165,6.601858220830049,0.0001211499702025165,10.44427646485896,cash,0.0,0.0,1.5,False,1.0,0.0,1.0,cash,0.0,0.0,1.5
2017-03-27,0.0001211499702025165,6.602658035756784,0.0001211499702025165,10.445541788641465,cash,0.0,0.0,1.5,False,1.0,0.0,2.0,cash,0.0,0.0,1.5
2017-03-28,0.0001211499702025165,6.603457947581074,0.0001211499702025165,10.446807265717908,cash,0.0,0.0,1.5,False,1.0,1.0,3.0,cash,0.0,0.0,1.5
2017-03-29,0.0001211499702025165,6.604257956314656,0.0001211499702025165,10.448072896106861,cash,0.0,0.0,1.5,False,1.0,0.0,4.0,cash,0.0,0.0,1.5
2017-03-30,0.0001211499702025165,6.605058061969274,0.0001211499702025165,10.449338679826898,cash,0.0,0.0,1.5,False,1.0,0.0,0.0,cash,0.0,0.0,1.5
2017-03-31,0.0001211499702025165,6.605858264556668,0.0001211499702025165,10.450604616896594,cash,0.0,0.0,1.5,False,1.0,1.0,1.0,cash,0.0,0.0,1.5
2017-04-05,0.0001211499702025165,6.606658564088581,0.0001211499702025165,10.45187070733453,cash,0.0,0.0,1.5,False,1.0,2.0,2.0,cash,0.0,0.0,1.5
2017-04-06,0.0001211499702025165,6.607458960576758,0.0001211499702025165,10.453136951159284,cash,0.0,0.0,1.5,True,0.0,3.0,3.0,cash,0.0,0.0,1.5
2017-04-07,0.0001211499702025165,6.608259454032946,-0.0013790317547527353,10.438721743366855,cash,0.0,0.0,1.5,True,0.0,4.0,4.0,1.H20955,1.5,1.0,1.5
2017-04-10,-0.0013790317547527353,6.599146454402189,0.0020876544286903,10.46051418704426,1.H20955,1.5,1.0,1.5,False,1.0,0.0,0.0,1.H20955,1.5,1.0,1.5
2017-04-11,0.004602294415797292,6.629517669278313,0.004602294415797292,10.508656553073664,1.H20955,1.5,1.0,1.5,False,1.0,0.0,0.0,1.H20955,1.5,1.0,1.5
2017-04-12,0.00045157911374804627,6.632511420991983,0.00045157911374804627,10.513402042886582,1.H20955,1.5,1.0,1.5,False,1.0,1.0,1.0,1.H20955,1.5,1.0,1.5
2017-04-13,0.0054423155892773245,6.668607641294507,0.0054423155892773245,10.570619294720924,1.H20955,1.5,1.0,1.5,False,1.0,2.0,2.0,1.H20955,1.5,1.0,1.5
2017-04-14,-0.013775299635558902,6.576745572883698,-0.012293740245927887,10.44066684687303,cash,0.0,0.0,1.5,True,0.0,3.0,3.0,1.H20955,1.5,1.0,1.5
2017-04-17,0.0001211499702025165,6.577542345413882,-0.004448179152097831,10.39422489027077,cash,0.0,0.0,1.5,True,0.0,4.0,4.0,1.H20955,1.5,1.0,1.5
2017-04-18,0.0001211499702025165,6.578339214473035,-0.006743485001286409,10.324131590623232,cash,0.0,0.0,1.5,True,0.0,5.0,5.0,1.H20955,1.5,1.0,1.5
2017-04-19,0.0001211499702025165,6.57913618007285,-0.008559539222769308,10.235761781332261,cash,0.0,0.0,1.5,True,0.0,6.0,6.0,cash,0.0,0.0,1.5
2017-04-20,0.0001211499702025165,6.5799332422250245,0.0001211499702025165,10.23700184356707,cash,0.0,0.0,1.5,True,0.0,7.0,7.0,cash,0.0,0.0,1.5
2017-04-21,0.0001211499702025165,6.580730400941254,0.0001211499702025165,10.23824205603538,cash,0.0,0.0,1.5,True,0.0,8.0,8.0,cash,0.0,0.0,1.5
2017-04-24,0.0001211499702025165,6.58152765623324,0.0001211499702025165,10.239482418755395,cash,0.0,0.0,1.5,True,0.0,9.0,9.0,cash,0.0,0.0,1.5
2017-04-25,0.0001211499702025165,6.582325008112679,0.0001211499702025165,10.240722931745317,cash,0.0,0.0,1.5,True,0.0,10.0,10.0,cash,0.0,0.0,1.5
2017-04-26,0.0001211499702025165,6.583122456591275,0.0001211499702025165,10.24196359502335,cash,0.0,0.0,1.5,True,0.0,11.0,11.0,cash,0.0,0.0,1.5
2017-04-27,0.0001211499702025165,6.583920001680731,0.0001211499702025165,10.243204408607703,cash,0.0,0.0,1.5,True,0.0,12.0,0.0,cash,0.0,0.0,1.5
2017-04-28,0.0001211499702025165,6.58471764339275,0.0001211499702025165,10.244445372516584,cash,0.0,0.0,1.5,True,0.0,13.0,1.0,cash,0.0,0.0,1.5
2017-05-02,0.0001211499702025165,6.5855153817390395,0.0001211499702025165,10.245686486768205,cash,0.0,0.0,1.5,True,0.0,14.0,2.0,cash,0.0,0.0,1.5
2017-05-03,0.0001211499702025165,6.586313216731305,0.0001211499702025165,10.246927751380781,cash,0.0,0.0,1.5,True,0.0,15.0,0.0,cash,0.0,0.0,1.5
2017-05-04,0.0001211499702025165,6.587111148381257,0.0001211499702025165,10.248169166372529,cash,0.0,0.0,1.5,True,0.0,16.0,0.0,cash,0.0,0.0,1.5
2017-05-05,0.0001211499702025165,6.587909176700604,0.0001211499702025165,10.249410731761666,cash,0.0,0.0,1.5,True,0.0,17.0,0.0,cash,0.0,0.0,1.5
2017-05-08,0.0001211499702025165,6.588707301701058,0.0001211499702025165,10.250652447566411,cash,0.0,0.0,1.5,True,0.0,18.0,1.0,cash,0.0,0.0,1.5
2017-05-09,0.0001211499702025165,6.589505523394332,0.0001211499702025165,10.251894313804991,cash,0.0,0.0,1.5,True,0.0,19.0,2.0,cash,0.0,0.0,1.5
2017-05-10,0.0001211499702025165,6.5903038417921405,0.0001211499702025165,10.253136330495627,cash,0.0,0.0,1.5,True,0.0,20.0,0.0,cash,0.0,0.0,1.5
2017-05-11,0.0001211499702025165,6.591102256906199,0.0001211499702025165,10.254378497656548,cash,0.0,0.0,1.5,False,1.0,0.0,0.0,cash,0.0,0.0,1.5
2017-05-12,0.0001211499702025165,6.591900768748225,0.0001211499702025165,10.255620815305985,cash,0.0,0.0,1.5,False,1.0,1.0,1.0,cash,0.0,0.0,1.5
2017-05-15,0.0001211499702025165,6.592699377329937,0.0001211499702025165,10.256863283462167,cash,0.0,0.0,1.5,False,1.0,2.0,2.0,cash,0.0,0.0,1.5
2017-05-16,0.0001211499702025165,6.5934980826630545,0.0001211499702025165,10.25810590214333,cash,0.0,0.0,1.5,False,1.0,0.0,0.0,cash,0.0,0.0,1.5
2017-05-17,0.0001211499702025165,6.5942968847592995,0.0001211499702025165,10.25934867136771,cash,0.0,0.0,1.5,False,1.0,0.0,0.0,cash,0.0,0.0,1.5
2017-05-18,0.0001211499702025165,6.595095783630395,0.0001211499702025165,10.260591591153542,cash,0.0,0.0,1.5,False,1.0,1.0,0.0,cash,0.0,0.0,1.5
2017-05-19,0.0001211499702025165,6.595894779288065,0.0001211499702025165,10.261834661519071,cash,0.0,0.0,1.5,False,1.0,2.0,1.0,cash,0.0,0.0,1.5
2017-05-22,0.0001211499702025165,6.596693871744034,0.0001211499702025165,10.263077882482538,cash,0.0,0.0,1.5,True,0.0,3.0,2.0,cash,0.0,0.0,1.5
2017-05-23,0.0001211499702025165,6.597493061010032,-0.0013790317547527353,10.248924772181093,cash,0.0,0.0,1.5,True,0.0,4.0,3.0,1.H00016,1.5,1.0,1.5
2017-05-24,0.0001211499702025165,6.598292347097784,-0.002688935293850614,10.221366076637155,cash,0.0,0.0,1.5,True,0.0,5.0,4.0,1.H00016,1.5,1.0,1.5
2017-05-25,0.0001211499702025165,6.599091730019023,0.04163849466570846,10.646968373495465,cash,0.0,0.0,1.5,True,0.0,6.0,5.0,1.H00016,1.5,1.0,1.5
2017-05-26,0.0001211499702025165,6.599891209785478,-0.0014410525006123276,10.6316255330969,cash,0.0,0.0,1.5,True,0.0,7.0,6.0,1.H00016,1.5,1.0,1.5
2017-05-31,0.0001211499702025165,6.600690786408884,0.0047106327007626625,10.681707215995369,cash,0.0,0.0,1.5,True,0.0,8.0,7.0,1.H00016,1.5,1.0,1.5
2017-06-01,0.0001211499702025165,6.601490459900973,0.01044994477874317,10.793330466545223,cash,0.0,0.0,1.5,True,0.0,9.0,8.0,1.H00016,1.5,1.0,1.5
2017-06-02,0.0001211499702025165,6.602290230273483,-0.012668972627739361,10.656590058302417,cash,0.0,0.0,1.5,True,0.0,10.0,9.0,1.H00016,1.5,1.0,1.5
2017-06-05,0.0001211499702025165,6.603090097538149,-0.015280025764126126,10.493757087653826,cash,0.0,0.0,1.5,True,0.0,11.0,10.0,1.H00016,1.5,1.0,1.5
2017-06-06,0.0001211499702025165,6.603890061706711,0.009558436708599238,10.59406100061158,cash,0.0,0.0,1.5,True,0.0,12.0,11.0,1.H00016,1.5,1.0,1.5
2017-06-07,-0.0013790317547527353,6.5947830876067215,0.0109050165992719,10.709589411676948,1.H00016,1.5,1.0,1.5,False,1.0,0.0,0.0,1.H00016,1.5,1.0,1.5
2017-06-08,0.01382831390378736,6.685977818269535,0.01382831390378736,10.857684975842295,1.H00016,1.5,1.0,1.5,False,1.0,0.0,0.0,1.H00016,1.5,1.0,1.5
2017-06-09,0.008038169983652477,6.739720844479716,0.008038169983652477,10.944960893307066,1.H00016,1.5,1.0,1.5,False,1.0,0.0,1.0,1.H00016,1.5,1.0,1.5
2017-06-12,0.001066796814238824,6.746910757205465,0.001066796814238824,10.956636942720014,1.H00016,1.5,1.0,1.5,False,1.0,0.0,2.0,1.H00016,1.5,1.0,1.5
2017-06-13,-0.003372013757552361,6.72416008131119,-0.003372013757552361,10.919691012212656,1.H00016,1.5,1.0,1.5,False,1.0,0.0,3.0,1.H00016,1.5,1.0,1.5
2017-06-14,-0.017364590281468417,6.607397796512216,-0.017364590281468417,10.73007505178535,1.H00016,1.5,1.0,1.5,False,1.0,0.0,4.0,1.H00016,1.5,1.0,1.5
2017-06-15,-0.010836086768092112,6.535799460677909,-0.010836086768092112,10.613803027496063,cash,0.0,0.0,1.5,False,1.0,0.0,0.0,cash,0.0,0.0,1.5
2017-06-16,0.0001211499702025165,6.5365912725878195,0.0001211499702025165,10.61508888941658,cash,0.0,0.0,1.5,False,1.0,0.0,0.0,cash,0.0,0.0,1.5
2017-06-19,0.0001211499702025165,6.53738318042572,0.0001211499702025165,10.61637490711923,cash,0.0,0.0,1.5,False,1.0,0.0,1.0,cash,0.0,0.0,1.5
2017-06-20,0.0001211499702025165,6.538175184203231,0.0001211499702025165,10.617661080622886,cash,0.0,0.0,1.5,False,1.0,0.0,0.0,cash,0.0,0.0,1.5
2017-06-21,-0.0013790317547527353,6.529158833006079,-0.0013790317547527353,10.603018988831504,1.H00852,1.5,1.0,1.5,False,1.0,0.0,0.0,1.H00852,1.5,1.0,1.5
2017-06-22,-0.02643414295262425,6.356566115054007,-0.02643414295262425,10.322737269151343,1.H00852,1.5,1.0,1.5,False,1.0,0.0,0.0,1.H00852,1.5,1.0,1.5
2017-06-23,0.0011103203440698817,6.363623939729977,0.0011103203440698817,10.33419881434777,1.H00852,1.5,1.0,1.5,False,1.0,0.0,1.0,1.H00852,1.5,1.0,1.5
2017-06-26,0.01741772114005702,6.474463766952384,0.01741772114005702,10.514197007501988,1.H00852,1.5,1.0,1.5,False,1.0,1.0,2.0,1.H00852,1.5,1.0,1.5
2017-06-27,0.0024089283660948535,6.490060286375849,0.0024089283660948535,10.539524954920068,1.H00852,1.5,1.0,1.5,False,1.0,2.0,3.0,1.H00852,1.5,1.0,1.5
2017-06-28,-0.011483566321886185,6.415531248644212,-0.00999856416813849,10.434144838356604,cash,0.0,0.0,1.5,True,0.0,3.0,4.0,1.H00852,1.5,1.0,1.5
2017-06-29,0.0001211499702025165,6.416308490063819,0.006769411230895805,10.504777855610168,cash,0.0,0.0,1.5,True,0.0,4.0,5.0,1.H00852,1.5,1.0,1.5
2017-06-30,0.0001211499702025165,6.4170858256462004,0.0019461024839775298,10.525221229888603,cash,0.0,0.0,1.5,True,0.0,5.0,6.0,1.H00852,1.5,1.0,1.5
2017-07-03,0.0001211499702025165,6.417863255402764,0.014348751321214603,10.676245011917043,cash,0.0,0.0,1.5,True,0.0,6.0,7.0,1.H00852,1.5,1.0,1.5
2017-07-04,0.0001211499702025165,6.41864077934492,-0.0026687451110716243,10.647752835236886,cash,0.0,0.0,1.5,True,0.0,7.0,8.0,1.H00852,1.5,1.0,1.5
2017-07-05,0.0001211499702025165,6.419418397484078,0.012866773555739952,10.784755059845368,cash,0.0,0.0,1.5,True,0.0,8.0,0.0,1.H00852,1.5,1.0,1.5
2017-07-06,-0.0013790317547527353,6.410565815666904,0.0027230140941261194,10.814122099875025,1.H00852,1.5,1.0,1.5,False,1.0,0.0,0.0,1.H00852,1.5,1.0,1.5
2017-07-07,0.004440336805265455,6.439030887000786,0.004440336805265455,10.862140444251734,1.H00852,1.5,1.0,1.5,False,1.0,0.0,0.0,1.H00852,1.5,1.0,1.5
2017-07-10,-0.009000001920981493,6.3810795966485205,-0.009000001920981493,10.764381159387497,1.H00852,1.5,1.0,1.5,False,1.0,0.0,0.0,1.H00852,1.5,1.0,1.5
2017-07-11,-0.02003143284981701,6.253257429198919,-0.02003143284981701,10.548755181023392,cash,0.0,0.0,1.5,False,1.0,0.0,0.0,cash,0.0,0.0,1.5
2017-07-12,0.0001211499702025165,6.254015011150135,0.0001211499702025165,10.550033162399247,cash,0.0,0.0,1.5,False,1.0,0.0,0.0,cash,0.0,0.0,1.5
2017-07-13,0.0001211499702025165,6.254772684882382,0.0001211499702025165,10.551311298602506,cash,0.0,0.0,1.5,False,1.0,1.0,1.0,cash,0.0,0.0,1.5
2017-07-14,0.0001211499702025165,6.255530450406779,0.0001211499702025165,10.55258958965193,cash,0.0,0.0,1.5,False,1.0,2.0,2.0,cash,0.0,0.0,1.5
2017-07-17,-0.0013790317547527353,6.246903875272845,-0.0013790317547527353,10.538037233512927,1.H00016,1.5,1.0,1.5,False,1.0,0.0,0.0,1.H00016,1.5,1.0,1.5
2017-07-18,-0.004110548897623967,6.221225671434779,-0.004110548897623967,10.49472011617959,1.H00016,1.5,1.0,1.5,False,1.0,1.0,1.0,1.H00016,1.5,1.0,1.5
2017-07-19,0.020119758695100742,6.346395230731813,0.020119758695100742,10.705871352489742,1.H00016,1.5,1.0,1.5,False,1.0,2.0,2.0,1.H00016,1.5,1.0,1.5
2017-07-20,0.0043145766360459525,6.373777239317443,0.0043145766360459525,10.752062654895708,1.H00016,1.5,1.0,1.5,False,1.0,0.0,3.0,1.H00016,1.5,1.0,1.5
2017-07-21,-0.014683566749648325,6.280187455776536,-0.014683566749648325,10.594184025206145,1.H00016,1.5,1.0,1.5,False,1.0,1.0,4.0,1.H00016,1.5,1.0,1.5
2017-07-24,0.007045611966222776,6.3244352196650775,0.00855844964068364,10.684853815670007,cash,0.0,0.0,1.5,True,0.0,2.0,5.0,1.H00016,1.5,1.0,1.5
2017-07-25,0.0001211499702025165,6.325201424803487,-0.006448727250184083,10.615950107704663,cash,0.0,0.0,1.5,True,0.0,3.0,6.0,1.H00016,1.5,1.0,1.5
2017-07-26,0.0001211499702025165,6.325967722767627,-0.0038426417207819696,10.575156814915056,cash,0.0,0.0,1.5,True,0.0,4.0,7.0,1.H00016,1.5,1.0,1.5
2017-07-27,-0.0013790317547527353,6.31724401239839,0.0009417110801366313,10.585115557261844,1.H00016,1.5,1.0,1.5,False,1.0,0.0,0.0,1.H00016,1.5,1.0,1.5
2017-07-28,-0.00019270315795316684,6.31602665952764,-0.00019270315795316684,10.58307577206666,1.H00016,1.5,1.0,1.5,False,1.0,1.0,0.0,1.H00016,1.5,1.0,1.5
2017-07-31,-0.0005773063732629202,6.312380377083397,-0.0005773063732629202,10.576966094974722,cash,0.0,0.0,1.5,False,1.0,0.0,0.0,cash,0.0,0.0,1.5
2017-08-01,0.0001211499702025165,6.313145121777987,0.0001211499702025165,10.57824749410196,cash,0.0,0.0,1.5,False,1.0,0.0,0.0,cash,0.0,0.0,1.5
2017-08-02,0.0001211499702025165,6.313909959121375,0.0001211499702025165,10.579529048470667,cash,0.0,0.0,1.5,False,1.0,0.0,0.0,cash,0.0,0.0,1.5
2017-08-03,0.0001211499702025165,6.314674889124784,0.0001211499702025165,10.580810758099645,cash,0.0,0.0,1.5,False,1.0,0.0,0.0,cash,0.0,0.0,1.5
2017-08-04,0.0001211499702025165,6.31543991179944,0.0001211499702025165,10.582092623007707,cash,0.0,0.0,1.5,False,1.0,0.0,0.0,cash,0.0,0.0,1.5
2017-08-07,0.0001211499702025165,6.31620502715657,0.0001211499702025165,10.583374643213665,cash,0.0,0.0,1.5,False,1.0,1.0,1.0,cash,0.0,0.0,1.5
2017-08-08,0.0001211499702025165,6.316970235207403,0.0001211499702025165,10.584656818736333,cash,0.0,0.0,1.5,False,1.0,2.0,0.0,cash,0.0,0.0,1.5
2017-08-09,0.0001211499702025165,6.317735535963169,0.0001211499702025165,10.585939149594527,cash,0.0,0.0,1.5,True,0.0,3.0,0.0,cash,0.0,0.0,1.5
2017-08-10,0.0001211499702025165,6.318500929435098,0.0001211499702025165,10.587221635807065,cash,0.0,0.0,1.5,False,1.0,0.0,0.0,cash,0.0,0.0,1.5
2017-08-11,0.0001211499702025165,6.319266415634424,0.0001211499702025165,10.58850427739277,cash,0.0,0.0,1.5,False,1.0,1.0,0.0,cash,0.0,0.0,1.5
2017-08-14,-0.0013790317547527353,6.310551946580521,-0.0013790317547527353,10.57390239375891,0.399606,1.5,1.0,1.5,False,1.0,2.0,0.0,0.399606,1.5,1.0,1.5
2017-08-15,0.002688997946530103,6.3275210078063475,0.004195290882854419,10.61826299006764,cash,0.0,0.0,1.5,True,0.0,3.0,0.0,0.399606,1.5,1.0,1.5
2017-08-16,0.0001211499702025165,6.328287586787899,0.022135431014973506,10.853302817983128,cash,0.0,0.0,1.5,True,0.0,4.0,0.0,0.399606,1.5,1.0,1.5
2017-08-17,-0.0013790317547527353,6.319560677252511,0.006685767786974939,10.925865480345884,0.399606,1.5,1.0,1.5,False,1.0,0.0,0.0,0.399606,1.5,1.0,1.5
2017-08-18,-0.009541717435273545,6.259261214955101,-0.009541717435273545,10.821613959196615,0.399606,1.5,1.0,1.5,False,1.0,0.0,0.0,0.399606,1.5,1.0,1.5
2017-08-21,0.0060421596513433595,6.297080670515322,0.0060421596513433595,10.886999878423287,0.399606,1.5,1.0,1.5,False,1.0,1.0,1.0,0.399606,1.5,1.0,1.5
2017-08-22,-0.011791442124501783,6.222829008235621,-0.011791442124501783,10.758626449447402,0.399606,1.5,1.0,1.5,False,1.0,2.0,0.0,0.399606,1.5,1.0,1.5
2017-08-23,-0.0077881348502742975,6.174364776769283,-0.006297581222107551,10.690873125543693,cash,0.0,0.0,1.5,True,0.0,3.0,1.0,0.399606,1.5,1.0,1.5
2017-08-24,0.0001211499702025165,6.175112800878009,-0.009710131153327195,10.587063345351082,cash,0.0,0.0,1.5,True,0.0,4.0,2.0,0.399606,1.5,1.0,1.5
2017-08-25,0.0001211499702025165,6.1758609156098325,0.014302970000890536,10.738489794777166,cash,0.0,0.0,1.5,True,0.0,5.0,3.0,0.399606,1.5,1.0,1.5
2017-08-28,-0.0013790317547527353,6.167344207294271,0.024716072422314106,11.00390308625116,0.399606,1.5,1.0,1.5,False,1.0,0.0,0.0,0.399606,1.5,1.0,1.5
2017-08-29,-0.00920377150912366,6.110581380392217,-0.00920377150912366,10.902625676536763,0.399606,1.5,1.0,1.5,False,1.0,0.0,0.0,0.399606,1.5,1.0,1.5
2017-08-30,0.005702728575094795,6.145428367440622,0.005702728575094795,10.96480039152591,0.399606,1.5,1.0,1.5,False,1.0,0.0,1.0,0.399606,1.5,1.0,1.5
2017-08-31,0.008704026156359346,6.1989183366928575,0.008704026156359346,11.060238300933012,0.399606,1.5,1.0,1.5,False,1.0,0.0,0.0,0.399606,1.5,1.0,1.5
2017-09-01,0.012811385477552006,6.2783350690480955,0.012811385477552006,11.20193527727985,0.399606,1.5,1.0,1.5,False,1.0,0.0,0.0,0.399606,1.5,1.0,1.5
2017-09-04,0.014716989470506814,6.37073326015159,0.014716989470506814,11.366794040804876,0.399606,1.5,1.0,1.5,False,1.0,0.0,0.0,0.399606,1.5,1.0,1.5
2017-09-05,0.0011703432340175457,6.378189204718338,0.0011703432340175457,11.380097091303004,0.399606,1.5,1.0,1.5,False,1.0,0.0,0.0,0.399606,1.5,1.0,1.5
2017-09-06,0.014018444754555492,6.467601497718785,0.014018444754555492,11.539628353678912,0.399606,1.5,1.0,1.5,False,1.0,0.0,0.0,0.399606,1.5,1.0,1.5
2017-09-07,-0.009899171547142371,6.4035776009943115,-0.009899171547142371,11.425395593015576,0.399606,1.5,1.0,1.5,False,1.0,0.0,0.0,0.399606,1.5,1.0,1.5
2017-09-08,-0.004113414258027914,6.377237033587993,-0.004113414258027914,11.378398207879657,0.399606,1.5,1.0,1.5,False,1.0,0.0,0.0,0.399606,1.5,1.0,1.5
2017-09-11,0.008769829308899357,6.4331643138349515,0.008769829308899357,11.478184817971448,0.399606,1.5,1.0,1.5,False,1.0,0.0,0.0,0.399606,1.5,1.0,1.5
2017-09-12,-0.00946201177980377,6.372293637316032,-0.00946201177980377,11.369578098013037,0.399606,1.5,1.0,1.5,False,1.0,0.0,0.0,0.399606,1.5,1.0,1.5
2017-09-13,0.0030802661387747676,6.3919219976333865,0.0030802661387747676,11.404599424440502,0.399606,1.5,1.0,1.5,False,1.0,1.0,1.0,0.399606,1.5,1.0,1.5
2017-09-14,-0.010328959982397468,6.325900091109225,-0.010328959982397468,11.286801773370183,1.H00852,1.5,1.0,1.5,False,1.0,0.0,2.0,1.H00852,1.5,1.0,1.5
2017-09-15,-0.006881997015475205,6.282365265562017,-0.006881997015475205,11.209126037251588,1.H00852,1.5,1.0,1.5,False,1.0,1.0,3.0,1.H00852,1.5,1.0,1.5
2017-09-18,0.011572044209111176,6.355065074152885,0.011572044209111176,11.338838539300163,1.H00852,1.5,1.0,1.5,False,1.0,2.0,4.0,1.H00852,1.5,1.0,1.5
2017-09-19,-0.008335838136128926,6.302090280350181,-0.006846107297074577,11.26121163403591,cash,0.0,0.0,1.5,True,0.0,3.0,5.0,1.H00852,1.5,1.0,1.5
2017-09-20,0.0001211499702025165,6.302853778399859,0.013162206893538198,11.40943403143501,cash,0.0,0.0,1.5,True,0.0,4.0,6.0,1.H00852,1.5,1.0,1.5
2017-09-21,0.0001211499702025165,6.303617368947303,-0.01676811637075426,11.218119313871464,cash,0.0,0.0,1.5,True,0.0,0.0,7.0,1.H00852,1.5,1.0,1.5
2017-09-22,0.0001211499702025165,6.304381052003719,-0.007059308496111472,11.138927148888659,cash,0.0,0.0,1.5,True,0.0,1.0,8.0,1.H00852,1.5,1.0,1.5
2017-09-25,0.0001211499702025165,6.305144827580315,-0.02404827806930454,10.871055131418458,cash,0.0,0.0,1.5,True,0.0,2.0,9.0,cash,0.0,0.0,1.5
2017-09-26,0.0001211499702025165,6.305908695688299,0.0001211499702025165,10.8723721594237,cash,0.0,0.0,1.5,True,0.0,3.0,10.0,cash,0.0,0.0,1.5
2017-09-27,0.0001211499702025165,6.306672656338881,0.0001211499702025165,10.873689346986845,cash,0.0,0.0,1.5,True,0.0,4.0,11.0,cash,0.0,0.0,1.5
2017-09-28,0.0001211499702025165,6.307436709543273,0.0001211499702025165,10.875006694127224,cash,0.0,0.0,1.5,True,0.0,5.0,12.0,cash,0.0,0.0,1.5
2017-09-29,0.0001211499702025165,6.3082008553126885,0.0001211499702025165,10.87632420086417,cash,0.0,0.0,1.5,True,0.0,6.0,13.0,cash,0.0,0.0,1.5
2017-10-09,0.0001211499702025165,6.308965093658341,0.0001211499702025165,10.877641867217017,cash,0.0,0.0,1.5,True,0.0,7.0,0.0,cash,0.0,0.0,1.5
2017-10-10,0.0001211499702025165,6.309729424591446,0.0001211499702025165,10.878959693205104,cash,0.0,0.0,1.5,False,1.0,0.0,0.0,cash,0.0,0.0,1.5
2017-10-11,0.0001211499702025165,6.310493848123222,0.0001211499702025165,10.88027767884777,cash,0.0,0.0,1.5,False,1.0,0.0,0.0,cash,0.0,0.0,1.5
2017-10-12,0.0001211499702025165,6.3112583642648845,0.0001211499702025165,10.881595824164357,cash,0.0,0.0,1.5,False,1.0,0.0,0.0,cash,0.0,0.0,1.5
2017-10-13,0.0001211499702025165,6.312022973027656,0.0001211499702025165,10.88291412917421,cash,0.0,0.0,1.5,False,1.0,0.0,0.0,cash,0.0,0.0,1.5
2017-10-16,0.0001211499702025165,6.312787674422755,0.0001211499702025165,10.884232593896677,cash,0.0,0.0,1.5,False,1.0,0.0,0.0,cash,0.0,0.0,1.5
2017-10-17,0.0001211499702025165,6.313552468461406,0.0001211499702025165,10.885551218351104,cash,0.0,0.0,1.5,False,1.0,1.0,1.0,cash,0.0,0.0,1.5
2017-10-18,-0.0013790317547527353,6.304845879122101,-0.0013790317547527353,10.87053969755301,1.H00016,1.5,1.0,1.5,False,1.0,2.0,2.0,1.H00016,1.5,1.0,1.5
2017-10-19,8.30760421148824e-05,6.3053696607638825,0.0015854542234499114,10.887774440627675,cash,0.0,0.0,1.5,True,0.0,3.0,3.0,1.H00016,1.5,1.0,1.5
2017-10-20,0.0001211499702025165,6.3061335561103995,-0.010072077793139567,10.778111929467517,cash,0.0,0.0,1.5,True,0.0,4.0,4.0,1.H00016,1.5,1.0,1.5
2017-10-23,0.0001211499702025165,6.306897544002815,-0.0018548089139696078,10.758120591384978,cash,0.0,0.0,1.5,True,0.0,5.0,5.0,1.H00016,1.5,1.0,1.5
2017-10-24,0.0001211499702025165,6.307661624452342,0.010517213704644535,10.87126604470491,cash,0.0,0.0,1.5,True,0.0,6.0,6.0,1.H00016,1.5,1.0,1.5
2017-10-25,0.0001211499702025165,6.308425797470192,-0.0008813684187537474,10.861684454141237,cash,0.0,0.0,1.5,True,0.0,7.0,7.0,1.H00016,1.5,1.0,1.5
2017-10-26,0.0001211499702025165,6.309190063067581,0.010241550217837903,10.972924940928634,cash,0.0,0.0,1.5,True,0.0,8.0,8.0,1.H00016,1.5,1.0,1.5
2017-10-27,0.0001211499702025165,6.309954421255723,0.023338628755541047,11.229017962487385,cash,0.0,0.0,1.5,True,0.0,9.0,9.0,1.H00016,1.5,1.0,1.5
2017-10-30,-0.0013790317547527353,6.301252793737769,-0.0028118326650330427,11.19744384298422,1.H00016,1.5,1.0,1.5,False,1.0,0.0,0.0,1.H00016,1.5,1.0,1.5
2017-10-31,-0.008281717341509953,6.2490675992026326,-0.008281717341509953,11.104709778129193,1.H00016,1.5,1.0,1.5,False,1.0,1.0,1.0,1.H00016,1.5,1.0,1.5
2017-11-01,-0.002375501051649409,6.2342229325488985,-0.002375501051649409,11.078330528372986,1.H00016,1.5,1.0,1.5,False,1.0,2.0,0.0,1.H00016,1.5,1.0,1.5
2017-11-02,0.0009628145713125313,6.2402253332291675,0.002466514342826631,11.105655389515793,cash,0.0,0.0,1.5,True,0.0,3.0,0.0,1.H00016,1.5,1.0,1.5
2017-11-03,0.0001211499702025165,6.240981336342346,0.0033592734843763683,11.142962323192414,cash,0.0,0.0,1.5,True,0.0,4.0,1.0,1.H00016,1.5,1.0,1.5
2017-11-06,0.0001211499702025165,6.241737431045278,-0.004475489004151401,11.093092117841293,cash,0.0,0.0,1.5,True,0.0,5.0,0.0,1.H00016,1.5,1.0,1.5
2017-11-07,-0.0013790317547527353,6.233129876923038,0.01590808343387451,11.269561952791568,1.H00016,1.5,1.0,1.5,False,1.0,0.0,0.0,1.H00016,1.5,1.0,1.5
2017-11-08,-0.0011192249882732153,6.226153602209633,-0.0011192249882732153,11.25694877744711,1.H00016,1.5,1.0,1.5,False,1.0,0.0,0.0,1.H00016,1.5,1.0,1.5
2017-11-09,0.006855268366880551,6.2688355560462,0.006855268366880551,11.334118182308739,1.H00016,1.5,1.0,1.5,False,1.0,0.0,0.0,1.H00016,1.5,1.0,1.5
2017-11-10,0.01549678859668635,6.365982375405639,0.01549678859668635,11.509760615709837,1.H00016,1.5,1.0,1.5,False,1.0,0.0,0.0,1.H00016,1.5,1.0,1.5
2017-11-13,0.005791241540709979,6.402849316985516,0.005791241540709979,11.576416419511164,1.H00016,1.5,1.0,1.5,False,1.0,0.0,0.0,1.H00016,1.5,1.0,1.5
2017-11-14,-0.006368593177114024,6.3620721745112725,-0.006368593177114024,11.502690932886434,1.H00016,1.5,1.0,1.5,False,1.0,0.0,0.0,1.H00016,1.5,1.0,1.5
2017-11-15,-0.006023755765280692,6.323748605570929,-0.006023755765280692,11.433401532063218,1.H00016,1.5,1.0,1.5,False,1.0,1.0,0.0,1.H00016,1.5,1.0,1.5
2017-11-16,0.01538387498466931,6.4210323635535085,0.01538387498466931,11.609291551882006,1.H00016,1.5,1.0,1.5,False,1.0,2.0,1.0,1.H00016,1.5,1.0,1.5
2017-11-17,0.03088268340256972,6.619331073154785,0.03088268340256972,11.967817627406905,1.H00016,1.5,1.0,1.5,False,1.0,0.0,0.0,1.H00016,1.5,1.0,1.5
2017-11-20,0.0011425439866128428,6.626893950067818,0.0011425439866128428,11.981491385469978,1.H00016,1.5,1.0,1.5,False,1.0,1.0,1.0,1.H00016,1.5,1.0,1.5
2017-11-21,0.023411876903346895,6.78204197547834,0.023411876903346895,12.262000586905112,1.H00016,1.5,1.0,1.5,False,1.0,2.0,2.0,1.H00016,1.5,1.0,1.5
2017-11-22,0.011065942354794966,6.857091661026783,0.012584819584171125,12.416315652032313,cash,0.0,0.0,1.5,True,0.0,3.0,3.0,1.H00016,1.5,1.0,1.5
2017-11-23,0.0001211499702025165,6.857922397477193,-0.03572958087360112,11.972685897790866,cash,0.0,0.0,1.5,True,0.0,4.0,4.0,1.H00016,1.5,1.0,1.5
2017-11-24,0.0001211499702025165,6.8587532345712985,-0.002046700012052094,11.94818140141956,cash,0.0,0.0,1.5,True,0.0,5.0,5.0,1.H00016,1.5,1.0,1.5
2017-11-27,0.0001211499702025165,6.859584172321293,-0.010034845583227425,11.828283246055925,cash,0.0,0.0,1.5,True,0.0,6.0,6.0,1.H00016,1.5,1.0,1.5
2017-11-28,0.0001211499702025165,6.860415210739371,-0.010446798281231406,11.70471555697111,cash,0.0,0.0,1.5,True,0.0,7.0,7.0,1.H00016,1.5,1.0,1.5
2017-11-29,0.0001211499702025165,6.861246349837729,-0.002037984115684899,11.680861532587393,cash,0.0,0.0,1.5,True,0.0,8.0,8.0,1.H00016,1.5,1.0,1.5
2017-11-30,0.0001211499702025165,6.862077589628564,-0.015529476048588231,11.499463873190201,cash,0.0,0.0,1.5,True,0.0,9.0,9.0,1.H00016,1.5,1.0,1.5
2017-12-01,0.0001211499702025165,6.862908930124075,-0.01268411876931852,11.353603307639169,cash,0.0,0.0,1.5,True,0.0,10.0,10.0,cash,0.0,0.0,1.5
2017-12-04,0.0001211499702025165,6.863740371336462,0.0001211499702025165,11.35497879634158,cash,0.0,0.0,1.5,True,0.0,11.0,11.0,cash,0.0,0.0,1.5
2017-12-05,0.0001211499702025165,6.864571913277927,0.0001211499702025165,11.356354451684407,cash,0.0,0.0,1.5,True,0.0,0.0,12.0,cash,0.0,0.0,1.5
2017-12-06,0.0001211499702025165,6.865403555960674,0.0001211499702025165,11.357730273687837,cash,0.0,0.0,1.5,True,0.0,1.0,13.0,cash,0.0,0.0,1.5
2017-12-07,0.0001211499702025165,6.866235299396907,0.0001211499702025165,11.359106262372062,cash,0.0,0.0,1.5,True,0.0,2.0,14.0,cash,0.0,0.0,1.5
2017-12-08,0.0001211499702025165,6.867067143598832,0.0001211499702025165,11.360482417757275,cash,0.0,0.0,1.5,True,0.0,3.0,15.0,cash,0.0,0.0,1.5
2017-12-11,0.0001211499702025165,6.867899088578658,0.0001211499702025165,11.361858739863672,cash,0.0,0.0,1.5,False,1.0,0.0,0.0,cash,0.0,0.0,1.5
2017-12-12,0.0001211499702025165,6.868731134348593,0.0001211499702025165,11.363235228711453,cash,0.0,0.0,1.5,False,1.0,0.0,0.0,cash,0.0,0.0,1.5
2017-12-13,0.0001211499702025165,6.869563280920849,0.0001211499702025165,11.364611884320816,cash,0.0,0.0,1.5,False,1.0,0.0,1.0,cash,0.0,0.0,1.5
2017-12-14,0.0001211499702025165,6.870395528307636,0.0001211499702025165,11.365988706711965,cash,0.0,0.0,1.5,False,1.0,0.0,2.0,cash,0.0,0.0,1.5
2017-12-15,0.0001211499702025165,6.8712278765211705,0.0001211499702025165,11.367365695905105,cash,0.0,0.0,1.5,False,1.0,0.0,0.0,cash,0.0,0.0,1.5
2017-12-18,0.0001211499702025165,6.872060325573666,0.0001211499702025165,11.368742851920446,cash,0.0,0.0,1.5,False,1.0,0.0,1.0,cash,0.0,0.0,1.5
2017-12-19,0.0001211499702025165,6.872892875477339,0.0001211499702025165,11.370120174778197,cash,0.0,0.0,1.5,False,1.0,1.0,2.0,cash,0.0,0.0,1.5
2017-12-20,0.0001211499702025165,6.873725526244408,0.0001211499702025165,11.371497664498571,cash,0.0,0.0,1.5,False,1.0,0.0,3.0,cash,0.0,0.0,1.5
2017-12-21,0.0001211499702025165,6.874558277887093,0.0001211499702025165,11.372875321101784,cash,0.0,0.0,1.5,False,1.0,0.0,0.0,cash,0.0,0.0,1.5
2017-12-22,0.0001211499702025165,6.875391130417615,0.0001211499702025165,11.374253144608053,cash,0.0,0.0,1.5,False,1.0,1.0,1.0,cash,0.0,0.0,1.5
2017-12-25,0.0001211499702025165,6.876224083848196,0.0001211499702025165,11.375631135037597,cash,0.0,0.0,1.5,False,1.0,0.0,2.0,cash,0.0,0.0,1.5
2017-12-26,0.0001211499702025165,6.877057138191059,0.0001211499702025165,11.377009292410643,cash,0.0,0.0,1.5,False,1.0,0.0,3.0,cash,0.0,0.0,1.5
2017-12-27,0.0001211499702025165,6.8778902934584325,0.0001211499702025165,11.378387616747412,cash,0.0,0.0,1.5,False,1.0,0.0,4.0,cash,0.0,0.0,1.5
2017-12-28,0.0001211499702025165,6.878723549662541,0.0001211499702025165,11.379766108068134,cash,0.0,0.0,1.5,True,0.0,0.0,5.0,cash,0.0,0.0,1.5
2017-12-29,0.0001211499702025165,6.879556906815614,0.0001211499702025165,11.381144766393039,cash,0.0,0.0,1.5,True,0.0,0.0,6.0,cash,0.0,0.0,1.5
2018-01-02,0.0001211499702025165,6.880390364929881,0.0001211499702025165,11.382523591742357,cash,0.0,0.0,1.5,True,0.0,0.0,7.0,cash,0.0,0.0,1.5
2018-01-03,-0.0013790317547527353,6.870902088131548,-0.0013790317547527353,11.366826730260122,1.H00905,1.5,1.0,1.5,False,1.0,0.0,0.0,1.H00905,1.5,1.0,1.5
2018-01-04,0.006814788225509405,6.917725830780375,0.006814788225509405,11.444289247222905,1.H00905,1.5,1.0,1.5,False,1.0,0.0,0.0,1.H00905,1.5,1.0,1.5
2018-01-05,-0.00012650531163349577,6.916850701718357,-0.00012650531163349577,11.44284148384526,1.H00905,1.5,1.0,1.5,False,1.0,0.0,0.0,1.H00905,1.5,1.0,1.5
2018-01-08,0.006700770846713722,6.963198933251503,0.006700770846713722,11.519517342463777,1.H00905,1.5,1.0,1.5,False,1.0,0.0,0.0,1.H00905,1.5,1.0,1.5
2018-01-09,-0.00016008969210457025,6.962084196878216,-0.00016008969210457025,11.517673186479229,1.H00905,1.5,1.0,1.5,False,1.0,0.0,1.0,1.H00905,1.5,1.0,1.5
2018-01-10,-0.00932452667279926,6.89716605708615,-0.00932452667279926,11.410276335643319,1.H00905,1.5,1.0,1.5,False,1.0,0.0,0.0,1.H00905,1.5,1.0,1.5
2018-01-11,0.00462255721643956,6.929048601816316,0.00462255721643956,11.463020990860217,1.H00905,1.5,1.0,1.5,False,1.0,0.0,0.0,1.H00905,1.5,1.0,1.5
2018-01-12,-0.00775326704677981,6.875325837626318,-0.00775326704677981,11.374145127955236,cash,0.0,0.0,1.5,False,1.0,1.0,0.0,cash,0.0,0.0,1.5
2018-01-15,0.0001211499702025165,6.876158783146678,0.0001211499702025165,11.375523105298567,cash,0.0,0.0,1.5,False,1.0,0.0,0.0,cash,0.0,0.0,1.5
2018-01-16,-0.0013790317547527353,6.8666763418339976,-0.0013790317547527353,11.359835897709438,1.H20955,1.5,1.0,1.5,False,1.0,1.0,0.0,1.H20955,1.5,1.0,1.5
2018-01-17,0.004671134827137324,6.898751512841018,0.004671134827137324,11.412899222801792,1.H00016,1.5,1.0,1.5,False,1.0,2.0,0.0,1.H00016,1.5,1.0,1.5
2018-01-18,0.013228377984972894,6.990010805477283,0.014750503740583731,11.581245235478635,cash,0.0,0.0,1.5,True,0.0,3.0,1.0,1.H00016,1.5,1.0,1.5
2018-01-19,0.0001211499702025165,6.990857645078082,0.005378044253924408,11.64352968487059,cash,0.0,0.0,1.5,True,0.0,4.0,0.0,1.H00016,1.5,1.0,1.5
2018-01-22,0.0001211499702025165,6.991704587273473,0.00595771314627469,11.712898494743182,cash,0.0,0.0,1.5,True,0.0,5.0,0.0,1.H00016,1.5,1.0,1.5
2018-01-23,0.0001211499702025165,6.992551632075886,0.022064847685534072,11.971341815985813,cash,0.0,0.0,1.5,True,0.0,6.0,1.0,1.H00016,1.5,1.0,1.5
2018-01-24,-0.0013790317547527353,6.982908681328505,0.0017499514295631347,11.992291082710485,1.H00016,1.5,1.0,1.5,False,1.0,0.0,0.0,1.H00016,1.5,1.0,1.5
2018-01-25,-0.010850828223584519,6.9071383387264325,-0.010850828223584519,11.86216479216477,1.H00016,1.5,1.0,1.5,False,1.0,0.0,0.0,1.H00016,1.5,1.0,1.5
2018-01-26,0.007781566336451107,6.960886693904277,0.007781566336451107,11.954471014388915,1.H00016,1.5,1.0,1.5,False,1.0,1.0,0.0,1.H00016,1.5,1.0,1.5
2018-01-29,-0.027610320052671278,6.768694384435198,-0.027610320052671278,11.624404243621255,1.H20955,1.5,1.0,1.5,False,1.0,2.0,0.0,1.H20955,1.5,1.0,1.5
2018-01-30,-0.011107001012584106,6.693514489053404,-0.009621433162327664,11.512560815139375,cash,0.0,0.0,1.5,True,0.0,3.0,1.0,1.H20955,1.5,1.0,1.5
2018-01-31,-0.0013790317547527353,6.684283920022102,-0.011824009736319585,11.376436183971196,1.H20955,1.5,1.0,1.5,False,1.0,0.0,0.0,1.H20955,1.5,1.0,1.5
2018-02-01,-0.015097453199369282,6.583368256368272,-0.015097453199369282,11.204680971108079,1.H20955,1.5,1.0,1.5,False,1.0,0.0,0.0,1.H20955,1.5,1.0,1.5
2018-02-02,0.001544800679273095,6.593538248122615,0.001544800679273095,11.221989969883285,cash,0.0,0.0,1.5,False,1.0,1.0,1.0,cash,0.0,0.0,1.5
2018-02-05,-0.0013790317547527353,6.584445549502277,-0.0013790317547527353,11.2065144893633,1.H20955,1.5,1.0,1.5,False,1.0,2.0,2.0,1.H20955,1.5,1.0,1.5
2018-02-06,-0.040685540632771855,6.316553822553728,-0.040685540632771855,10.750571388754564,cash,0.0,0.0,1.5,True,0.0,3.0,3.0,cash,0.0,0.0,1.5
2018-02-07,0.0001211499702025165,6.317319072861113,0.0001211499702025165,10.751873820157972,cash,0.0,0.0,1.5,True,0.0,4.0,4.0,cash,0.0,0.0,1.5
2018-02-08,0.0001211499702025165,6.31808441587855,0.0001211499702025165,10.753176409350905,cash,0.0,0.0,1.5,True,0.0,5.0,5.0,cash,0.0,0.0,1.5
2018-02-09,0.0001211499702025165,6.318849851617271,0.0001211499702025165,10.754479156352481,cash,0.0,0.0,1.5,True,0.0,6.0,6.0,cash,0.0,0.0,1.5
2018-02-12,0.0001211499702025165,6.319615380088509,0.0001211499702025165,10.755782061181817,cash,0.0,0.0,1.5,True,0.0,7.0,7.0,cash,0.0,0.0,1.5
2018-02-13,0.0001211499702025165,6.320381001303498,0.0001211499702025165,10.757085123858033,cash,0.0,0.0,1.5,True,0.0,8.0,8.0,cash,0.0,0.0,1.5
2018-02-14,0.0001211499702025165,6.321146715273475,0.0001211499702025165,10.758388344400254,cash,0.0,0.0,1.5,True,0.0,9.0,9.0,cash,0.0,0.0,1.5
2018-02-22,0.0001211499702025165,6.321912522009676,0.0001211499702025165,10.759691722827606,cash,0.0,0.0,1.5,True,0.0,10.0,10.0,cash,0.0,0.0,1.5
2018-02-23,0.0001211499702025165,6.3226784215233405,0.0001211499702025165,10.760995259159214,cash,0.0,0.0,1.5,True,0.0,11.0,11.0,cash,0.0,0.0,1.5
2018-02-26,0.0001211499702025165,6.323444413825708,0.0001211499702025165,10.762298953414211,cash,0.0,0.0,1.5,False,1.0,0.0,0.0,cash,0.0,0.0,1.5
2018-02-27,0.0001211499702025165,6.324210498928021,0.0001211499702025165,10.763602805611727,cash,0.0,0.0,1.5,False,1.0,0.0,0.0,cash,0.0,0.0,1.5
2018-02-28,0.0001211499702025165,6.32497667684152,0.0001211499702025165,10.7649068157709,cash,0.0,0.0,1.5,False,1.0,0.0,0.0,cash,0.0,0.0,1.5
2018-03-01,0.0001211499702025165,6.325742947577451,0.0001211499702025165,10.766210983910863,cash,0.0,0.0,1.5,False,1.0,0.0,0.0,cash,0.0,0.0,1.5
2018-03-02,0.0001211499702025165,6.326509311147059,0.0001211499702025165,10.767515310050758,cash,0.0,0.0,1.5,False,1.0,0.0,0.0,cash,0.0,0.0,1.5
2018-03-05,0.0001211499702025165,6.3272757675615905,0.0001211499702025165,10.768819794209726,cash,0.0,0.0,1.5,False,1.0,0.0,0.0,cash,0.0,0.0,1.5
2018-03-06,0.0001211499702025165,6.328042316832294,0.0001211499702025165,10.770124436406912,cash,0.0,0.0,1.5,False,1.0,0.0,0.0,cash,0.0,0.0,1.5
2018-03-07,-0.0013790317547527353,6.319315745531963,-0.0013790317547527353,10.755272092806468,0.399606,1.5,1.0,1.5,False,1.0,0.0,0.0,0.399606,1.5,1.0,1.5
2018-03-08,0.00661842434807447,6.361139658725362,0.00661842434807447,10.826455047495664,0.399606,1.5,1.0,1.5,False,1.0,0.0,0.0,0.399606,1.5,1.0,1.5
2018-03-09,0.052837424843577896,6.697245897362766,0.052837424843577896,11.39849705239009,0.399606,1.5,1.0,1.5,False,1.0,0.0,0.0,0.399606,1.5,1.0,1.5
2018-03-12,0.020906891698113883,6.837264492014567,0.020906891698113883,11.636804195785679,0.399606,1.5,1.0,1.5,False,1.0,0.0,0.0,0.399606,1.5,1.0,1.5
2018-03-13,-0.007817850299523421,6.78381178175775,-0.007817850299523421,11.54582940261816,0.399606,1.5,1.0,1.5,False,1.0,0.0,0.0,0.399606,1.5,1.0,1.5
2018-03-14,-0.025198993933117086,6.612866549825829,-0.025198993933117086,11.25488611754878,0.399606,1.5,1.0,1.5,False,1.0,0.0,0.0,0.399606,1.5,1.0,1.5
2018-03-15,0.005985068449679165,6.65244500877513,0.005985068449679165,11.322247381355654,0.399606,1.5,1.0,1.5,False,1.0,0.0,1.0,0.399606,1.5,1.0,1.5
2018-03-16,-0.022284355130923084,6.5041995617106485,-0.022284355130923084,11.069938399829361,0.399606,1.5,1.0,1.5,False,1.0,1.0,2.0,0.399606,1.5,1.0,1.5
2018-03-19,0.017729642767164044,6.619516696426123,0.017729642767164044,11.266204453112847,0.399606,1.5,1.0,1.5,False,1.0,2.0,3.0,0.399606,1.5,1.0,1.5
2018-03-20,0.01759926216932084,6.736015306200723,0.01759926216932084,11.46448133893635,0.399606,1.5,1.0,1.5,False,1.0,0.0,4.0,0.399606,1.5,1.0,1.5
2018-03-21,-0.027979801021420836,6.547542938255981,-0.027979801021420836,11.143707432259118,0.399606,1.5,1.0,1.5,False,1.0,0.0,0.0,0.399606,1.5,1.0,1.5
2018-03-22,-0.013424996158270974,6.45964219946378,-0.013424996158270974,10.994103202792145,1.H00852,1.5,1.0,1.5,False,1.0,0.0,1.0,1.H00852,1.5,1.0,1.5
2018-03-23,-0.08166593629964247,5.932109471083889,-0.08166593629964247,10.096259470961225,cash,0.0,0.0,1.5,False,1.0,0.0,0.0,cash,0.0,0.0,1.5
2018-03-26,0.0001211499702025165,5.932828145969549,0.0001211499702025165,10.09748263249529,cash,0.0,0.0,1.5,False,1.0,1.0,1.0,cash,0.0,0.0,1.5
2018-03-27,0.0001211499702025165,5.93354690792265,0.0001211499702025165,10.098705942215336,cash,0.0,0.0,1.5,False,1.0,0.0,0.0,cash,0.0,0.0,1.5
2018-03-28,0.0001211499702025165,5.93426575695374,0.0001211499702025165,10.099929400139319,cash,0.0,0.0,1.5,False,1.0,0.0,0.0,cash,0.0,0.0,1.5
2018-03-29,0.0001211499702025165,5.9349846930733685,0.0001211499702025165,10.101153006285193,cash,0.0,0.0,1.5,False,1.0,0.0,0.0,cash,0.0,0.0,1.5
2018-03-30,0.0001211499702025165,5.935703716292087,0.0001211499702025165,10.102376760670916,cash,0.0,0.0,1.5,False,1.0,0.0,0.0,cash,0.0,0.0,1.5
2018-04-02,0.0001211499702025165,5.936422826620447,0.0001211499702025165,10.103600663314445,cash,0.0,0.0,1.5,False,1.0,0.0,0.0,cash,0.0,0.0,1.5
2018-04-03,0.0001211499702025165,5.937142024069002,0.0001211499702025165,10.104824714233745,cash,0.0,0.0,1.5,False,1.0,0.0,0.0,cash,0.0,0.0,1.5
2018-04-04,0.0001211499702025165,5.937861308648306,0.0001211499702025165,10.106048913446775,cash,0.0,0.0,1.5,False,1.0,0.0,0.0,cash,0.0,0.0,1.5
2018-04-09,0.0001211499702025165,5.938580680368915,0.0001211499702025165,10.107273260971505,cash,0.0,0.0,1.5,False,1.0,0.0,1.0,cash,0.0,0.0,1.5
2018-04-10,0.0001211499702025165,5.939300139241387,0.0001211499702025165,10.1084977568259,cash,0.0,0.0,1.5,False,1.0,0.0,0.0,cash,0.0,0.0,1.5
2018-04-11,0.0001211499702025165,5.94001968527628,0.0001211499702025165,10.10972240102793,cash,0.0,0.0,1.5,False,1.0,0.0,1.0,cash,0.0,0.0,1.5
2018-04-12,0.0001211499702025165,5.9407393184841535,0.0001211499702025165,10.110947193595571,cash,0.0,0.0,1.5,False,1.0,0.0,2.0,cash,0.0,0.0,1.5
2018-04-13,0.0001211499702025165,5.941459038875569,0.0001211499702025165,10.112172134546794,cash,0.0,0.0,1.5,False,1.0,1.0,3.0,cash,0.0,0.0,1.5
2018-04-16,0.0001211499702025165,5.942178846461088,0.0001211499702025165,10.113397223899577,cash,0.0,0.0,1.5,False,1.0,2.0,4.0,cash,0.0,0.0,1.5
2018-04-17,0.0001211499702025165,5.942898741251275,0.0001211499702025165,10.1146224616719,cash,0.0,0.0,1.5,True,0.0,3.0,5.0,cash,0.0,0.0,1.5
2018-04-18,0.0001211499702025165,5.943618723256694,0.0001211499702025165,10.11584784788174,cash,0.0,0.0,1.5,True,0.0,4.0,0.0,cash,0.0,0.0,1.5
2018-04-19,0.0001211499702025165,5.944338792487912,0.0001211499702025165,10.117073382547085,cash,0.0,0.0,1.5,True,0.0,5.0,0.0,cash,0.0,0.0,1.5
2018-04-20,-0.0013790317547527353,5.936141360532062,-0.0013790317547527353,10.103121617087389,1.H11077,1.5,1.0,1.5,True,0.0,6.0,1.0,1.H11077,1.5,1.0,1.5
2018-04-23,-0.0005150171573347073,5.933084145883024,-0.0005150171573347073,10.09791833611195,1.H11077,1.5,1.0,1.5,True,0.0,7.0,2.0,1.H11077,1.5,1.0,1.5
2018-04-24,-0.004397346763732823,5.906994317515171,-0.004397346763732823,10.05351428759621,cash,0.0,0.0,1.5,True,0.0,8.0,3.0,cash,0.0,0.0,1.5
2018-04-25,0.0001211499702025165,5.907709949700724,0.0001211499702025165,10.054732270552583,cash,0.0,0.0,1.5,True,0.0,9.0,0.0,cash,0.0,0.0,1.5
2018-04-26,0.0001211499702025165,5.908425668585095,0.0001211499702025165,10.055950401067554,cash,0.0,0.0,1.5,True,0.0,10.0,1.0,cash,0.0,0.0,1.5
2018-04-27,0.0001211499702025165,5.909141474178788,0.0001211499702025165,10.057168679159,cash,0.0,0.0,1.5,True,0.0,11.0,2.0,cash,0.0,0.0,1.5
2018-05-02,0.0001211499702025165,5.909857366492307,0.0001211499702025165,10.058387104844801,cash,0.0,0.0,1.5,True,0.0,12.0,3.0,cash,0.0,0.0,1.5
2018-05-03,0.0001211499702025165,5.910573345536159,0.0001211499702025165,10.05960567814284,cash,0.0,0.0,1.5,True,0.0,13.0,4.0,cash,0.0,0.0,1.5
2018-05-04,0.0001211499702025165,5.91128941132085,0.0001211499702025165,10.060824399070995,cash,0.0,0.0,1.5,True,0.0,14.0,5.0,cash,0.0,0.0,1.5
2018-05-07,0.0001211499702025165,5.912005563856891,0.0001211499702025165,10.062043267647155,cash,0.0,0.0,1.5,True,0.0,0.0,6.0,cash,0.0,0.0,1.5
2018-05-08,0.0001211499702025165,5.912721803154789,0.0001211499702025165,10.063262283889207,cash,0.0,0.0,1.5,True,0.0,0.0,7.0,cash,0.0,0.0,1.5
2018-05-09,0.0001211499702025165,5.9134381292250575,0.0001211499702025165,10.06448144781504,cash,0.0,0.0,1.5,True,0.0,0.0,8.0,cash,0.0,0.0,1.5
2018-05-10,0.0001211499702025165,5.914154542078207,0.0001211499702025165,10.065700759442548,cash,0.0,0.0,1.5,False,1.0,0.0,0.0,cash,0.0,0.0,1.5
2018-05-11,0.0001211499702025165,5.914871041724753,0.0001211499702025165,10.06692021878962,cash,0.0,0.0,1.5,False,1.0,0.0,1.0,cash,0.0,0.0,1.5
2018-05-14,0.0001211499702025165,5.91558762817521,0.0001211499702025165,10.068139825874159,cash,0.0,0.0,1.5,False,1.0,1.0,2.0,cash,0.0,0.0,1.5
2018-05-15,0.0001211499702025165,5.916304301440094,0.0001211499702025165,10.069359580714059,cash,0.0,0.0,1.5,False,1.0,2.0,3.0,cash,0.0,0.0,1.5
2018-05-16,0.0001211499702025165,5.917021061529922,0.0001211499702025165,10.07057948332722,cash,0.0,0.0,1.5,False,1.0,0.0,4.0,cash,0.0,0.0,1.5
2018-05-17,0.0001211499702025165,5.917737908455214,-0.0013790317547527353,10.05669183443095,cash,0.0,0.0,1.5,True,0.0,1.0,5.0,1.H00016,1.5,1.0,1.5
2018-05-18,0.0001211499702025165,5.91845484222649,0.021966093890167793,10.277598071490544,cash,0.0,0.0,1.5,True,0.0,0.0,6.0,1.H00016,1.5,1.0,1.5
2018-05-21,-0.0013790317547527353,5.910293105059989,0.002824833094041468,10.306630570650148,1.H00016,1.5,1.0,1.5,False,1.0,0.0,0.0,1.H00016,1.5,1.0,1.5
2018-05-22,-0.009787768220058335,5.852444526035053,-0.009787768220058335,10.205751659494856,1.H00016,1.5,1.0,1.5,False,1.0,0.0,0.0,1.H00016,1.5,1.0,1.5
2018-05-23,-0.025885852161589562,5.700949012250206,-0.025885852161589562,9.941567080839276,cash,0.0,0.0,1.5,False,1.0,0.0,0.0,cash,0.0,0.0,1.5
2018-05-24,-0.0013790317547527353,5.693087222530086,-0.0013790317547527353,9.927857344142794,1.H20955,1.5,1.0,1.5,False,1.0,1.0,1.0,1.H20955,1.5,1.0,1.5
2018-05-25,-0.005529719149612422,5.661606049095248,-0.005529719149612422,9.872959081272267,cash,0.0,0.0,1.5,False,1.0,0.0,0.0,cash,0.0,0.0,1.5
2018-05-28,-0.0013790317547527353,5.653798514570645,-0.0013790317547527353,9.859343957185818,1.H20955,1.5,1.0,1.5,False,1.0,0.0,1.0,1.H20955,1.5,1.0,1.5
2018-05-29,-0.008010560369040576,5.608508420255284,-0.008010560369040576,9.780365087217644,cash,0.0,0.0,1.5,False,1.0,1.0,2.0,cash,0.0,0.0,1.5
2018-05-30,0.0001211499702025165,5.609187890883279,0.0001211499702025165,9.78154997815653,cash,0.0,0.0,1.5,False,1.0,0.0,0.0,cash,0.0,0.0,1.5
2018-05-31,0.0001211499702025165,5.60986744382912,0.0001211499702025165,9.782735012644919,cash,0.0,0.0,1.5,False,1.0,1.0,1.0,cash,0.0,0.0,1.5
2018-06-01,0.0001211499702025165,5.61054707910278,0.0001211499702025165,9.783920190700199,cash,0.0,0.0,1.5,False,1.0,2.0,2.0,cash,0.0,0.0,1.5
2018-06-04,0.0001211499702025165,5.611226796714233,0.0001211499702025165,9.785105512339767,cash,0.0,0.0,1.5,True,0.0,3.0,3.0,cash,0.0,0.0,1.5
2018-06-05,0.0001211499702025165,5.611906596673454,0.0001211499702025165,9.786290977581015,cash,0.0,0.0,1.5,True,0.0,4.0,4.0,cash,0.0,0.0,1.5
2018-06-06,0.0001211499702025165,5.61258647899042,0.0001211499702025165,9.787476586441342,cash,0.0,0.0,1.5,True,0.0,5.0,5.0,cash,0.0,0.0,1.5
2018-06-07,0.0001211499702025165,5.6132664436751085,0.0001211499702025165,9.788662338938147,cash,0.0,0.0,1.5,True,0.0,6.0,6.0,cash,0.0,0.0,1.5
2018-06-08,0.0001211499702025165,5.613946490737499,0.0001211499702025165,9.789848235088833,cash,0.0,0.0,1.5,True,0.0,7.0,7.0,cash,0.0,0.0,1.5
2018-06-11,0.0001211499702025165,5.61462662018757,0.0001211499702025165,9.791034274910801,cash,0.0,0.0,1.5,True,0.0,0.0,8.0,cash,0.0,0.0,1.5
2018-06-12,0.0001211499702025165,5.615306832035304,0.0001211499702025165,9.79222045842146,cash,0.0,0.0,1.5,True,0.0,0.0,9.0,cash,0.0,0.0,1.5
2018-06-13,0.0001211499702025165,5.615987126290683,0.0001211499702025165,9.793406785638213,cash,0.0,0.0,1.5,True,0.0,0.0,10.0,cash,0.0,0.0,1.5
2018-06-14,0.0001211499702025165,5.616667502963691,0.0001211499702025165,9.794593256578475,cash,0.0,0.0,1.5,True,0.0,0.0,11.0,cash,0.0,0.0,1.5
2018-06-15,0.0001211499702025165,5.617347962064312,0.0001211499702025165,9.795779871259654,cash,0.0,0.0,1.5,True,0.0,0.0,12.0,cash,0.0,0.0,1.5
2018-06-18,0.0001211499702025165,5.618028503602534,0.0001211499702025165,9.796966629699167,cash,0.0,0.0,1.5,True,0.0,0.0,12.0,cash,0.0,0.0,1.5
2018-06-19,0.0001211499702025165,5.618709127588342,0.0001211499702025165,9.79815353191443,cash,0.0,0.0,1.5,False,1.0,0.0,0.0,cash,0.0,0.0,1.5
2018-06-20,0.0001211499702025165,5.619389834031725,0.0001211499702025165,9.79934057792286,cash,0.0,0.0,1.5,False,1.0,0.0,0.0,cash,0.0,0.0,1.5
2018-06-21,0.0001211499702025165,5.6200706229426745,0.0001211499702025165,9.80052776774188,cash,0.0,0.0,1.5,False,1.0,0.0,0.0,cash,0.0,0.0,1.5
2018-06-22,0.0001211499702025165,5.62075149433118,0.0001211499702025165,9.801715101388911,cash,0.0,0.0,1.5,False,1.0,1.0,1.0,cash,0.0,0.0,1.5
2018-06-25,0.0001211499702025165,5.6214324482072335,0.0001211499702025165,9.802902578881378,cash,0.0,0.0,1.5,False,1.0,2.0,2.0,cash,0.0,0.0,1.5
2018-06-26,0.0001211499702025165,5.622113484580829,0.0001211499702025165,9.804090200236708,cash,0.0,0.0,1.5,True,0.0,3.0,0.0,cash,0.0,0.0,1.5
2018-06-27,0.0001211499702025165,5.622794603461961,0.0001211499702025165,9.80527796547233,cash,0.0,0.0,1.5,True,0.0,4.0,0.0,cash,0.0,0.0,1.5
2018-06-28,0.0001211499702025165,5.623475804860625,0.0001211499702025165,9.806465874605674,cash,0.0,0.0,1.5,True,0.0,5.0,0.0,cash,0.0,0.0,1.5
2018-06-29,0.0001211499702025165,5.624157088786819,0.0001211499702025165,9.807653927654174,cash,0.0,0.0,1.5,False,1.0,0.0,0.0,cash,0.0,0.0,1.5
2018-07-02,0.0001211499702025165,5.62483845525054,0.0001211499702025165,9.808842124635266,cash,0.0,0.0,1.5,False,1.0,0.0,0.0,cash,0.0,0.0,1.5
2018-07-03,0.0001211499702025165,5.625519904261788,0.0001211499702025165,9.810030465566387,cash,0.0,0.0,1.5,False,1.0,0.0,0.0,cash,0.0,0.0,1.5
2018-07-04,0.0001211499702025165,5.626201435830563,0.0001211499702025165,9.811218950464976,cash,0.0,0.0,1.5,False,1.0,0.0,0.0,cash,0.0,0.0,1.5
2018-07-05,0.0001211499702025165,5.626883049966867,0.0001211499702025165,9.812407579348475,cash,0.0,0.0,1.5,False,1.0,1.0,1.0,cash,0.0,0.0,1.5
2018-07-06,0.0001211499702025165,5.6275647466807035,0.0001211499702025165,9.813596352234327,cash,0.0,0.0,1.5,False,1.0,0.0,0.0,cash,0.0,0.0,1.5
2018-07-09,0.0001211499702025165,5.628246525982076,0.0001211499702025165,9.81478526913998,cash,0.0,0.0,1.5,False,1.0,1.0,1.0,cash,0.0,0.0,1.5
2018-07-10,0.0001211499702025165,5.6289283878809915,0.0001211499702025165,9.81597433008288,cash,0.0,0.0,1.5,False,1.0,0.0,0.0,cash,0.0,0.0,1.5
2018-07-11,0.0001211499702025165,5.629610332387456,0.0001211499702025165,9.817163535080478,cash,0.0,0.0,1.5,False,1.0,0.0,0.0,cash,0.0,0.0,1.5
2018-07-12,0.0001211499702025165,5.630292359511476,0.0001211499702025165,9.818352884150226,cash,0.0,0.0,1.5,False,1.0,0.0,0.0,cash,0.0,0.0,1.5
2018-07-13,0.0001211499702025165,5.630974469263062,0.0001211499702025165,9.81954237730958,cash,0.0,0.0,1.5,False,1.0,0.0,0.0,cash,0.0,0.0,1.5
2018-07-16,0.0001211499702025165,5.631656661652225,0.0001211499702025165,9.820732014575993,cash,0.0,0.0,1.5,False,1.0,1.0,0.0,cash,0.0,0.0,1.5
2018-07-17,-0.0013790317547527353,5.623890428283942,-0.0013790317547527353,9.807188913272975,0.399606,1.5,1.0,1.5,False,1.0,2.0,1.0,0.399606,1.5,1.0,1.5
2018-07-18,-0.012708144685104061,5.552421215028137,-0.012708144685104061,9.682557737608954,0.399606,1.5,1.0,1.5,False,1.0,0.0,0.0,0.399606,1.5,1.0,1.5
2018-07-19,-0.016645790212858502,5.459996776309354,-0.016645790212858502,9.521383912784826,0.399606,1.5,1.0,1.5,False,1.0,1.0,1.0,0.399606,1.5,1.0,1.5
2018-07-20,0.01836731964745164,5.560282282373883,0.01836731964745164,9.696266214597049,0.399606,1.5,1.0,1.5,False,1.0,2.0,2.0,0.399606,1.5,1.0,1.5
2018-07-23,0.009073827835000658,5.6107353265181485,0.010589712403606066,9.798946885198434,cash,0.0,0.0,1.5,True,0.0,3.0,0.0,0.399606,1.5,1.0,1.5
2018-07-24,-0.0013790317547527353,5.6029979443353675,0.004911073426939083,9.84707023285832,1.H00016,1.5,1.0,1.5,False,1.0,0.0,0.0,1.H00016,1.5,1.0,1.5
2018-07-25,3.3106227488310935e-06,5.603016493747823,3.3106227488310935e-06,9.847102832793041,1.H00016,1.5,1.0,1.5,False,1.0,0.0,0.0,1.H00016,1.5,1.0,1.5
2018-07-26,-0.01919137022767159,5.495486929824558,-0.01919137022767159,9.658123436658956,1.H00016,1.5,1.0,1.5,False,1.0,0.0,1.0,1.H00016,1.5,1.0,1.5
2018-07-27,-0.0026230183654558648,5.481072166680506,-0.0026230183654558648,9.63279000150876,1.H00016,1.5,1.0,1.5,False,1.0,1.0,2.0,1.H00016,1.5,1.0,1.5
2018-07-30,0.009571512961176865,5.533534319965034,0.009571512961176865,9.724990375860495,1.H00016,1.5,1.0,1.5,False,1.0,2.0,3.0,1.H00016,1.5,1.0,1.5
2018-07-31,0.000690320943928624,5.537354234600054,0.0021936113609699603,9.746323225234306,cash,0.0,0.0,1.5,True,0.0,3.0,4.0,1.H00016,1.5,1.0,1.5
2018-08-01,0.0001211499702025165,5.5380250849005765,-0.035306343956823305,9.402216185129808,cash,0.0,0.0,1.5,True,0.0,4.0,5.0,1.H20955,1.5,1.0,1.5
2018-08-02,0.0001211499702025165,5.538696016474593,-0.025594255336833793,9.161573463355484,cash,0.0,0.0,1.5,True,0.0,5.0,6.0,1.H20955,1.5,1.0,1.5
2018-08-03,0.0001211499702025165,5.53936702933195,-0.005570682657432657,9.110537244948375,cash,0.0,0.0,1.5,True,0.0,6.0,7.0,1.H20955,1.5,1.0,1.5
2018-08-06,0.0001211499702025165,5.5400381234824945,-0.014573508923378165,8.977764749112351,cash,0.0,0.0,1.5,True,0.0,7.0,8.0,cash,0.0,0.0,1.5
2018-08-07,0.0001211499702025165,5.5407092989360756,0.0001211499702025165,8.978852405044192,cash,0.0,0.0,1.5,True,0.0,8.0,9.0,cash,0.0,0.0,1.5
2018-08-08,0.0001211499702025165,5.541380555702543,0.0001211499702025165,8.979940192745516,cash,0.0,0.0,1.5,True,0.0,9.0,10.0,cash,0.0,0.0,1.5
2018-08-09,0.0001211499702025165,5.542051893791747,0.0001211499702025165,8.981028112232288,cash,0.0,0.0,1.5,True,0.0,0.0,11.0,cash,0.0,0.0,1.5
2018-08-10,0.0001211499702025165,5.542723313213541,0.0001211499702025165,8.982116163520473,cash,0.0,0.0,1.5,True,0.0,1.0,12.0,cash,0.0,0.0,1.5
2018-08-13,0.0001211499702025165,5.543394813977778,0.0001211499702025165,8.983204346626039,cash,0.0,0.0,1.5,True,0.0,2.0,13.0,cash,0.0,0.0,1.5
2018-08-14,0.0001211499702025165,5.544066396094312,0.0001211499702025165,8.984292661564956,cash,0.0,0.0,1.5,True,0.0,3.0,14.0,cash,0.0,0.0,1.5
2018-08-15,0.0001211499702025165,5.544738059573,0.0001211499702025165,8.985381108353195,cash,0.0,0.0,1.5,True,0.0,4.0,15.0,cash,0.0,0.0,1.5
2018-08-16,0.0001211499702025165,5.545409804423698,0.0001211499702025165,8.98646968700673,cash,0.0,0.0,1.5,True,0.0,5.0,16.0,cash,0.0,0.0,1.5
2018-08-17,0.0001211499702025165,5.546081630656264,0.0001211499702025165,8.987558397541537,cash,0.0,0.0,1.5,True,0.0,6.0,17.0,cash,0.0,0.0,1.5
2018-08-20,0.0001211499702025165,5.546753538280559,0.0001211499702025165,8.988647239973593,cash,0.0,0.0,1.5,True,0.0,7.0,18.0,cash,0.0,0.0,1.5
2018-08-21,0.0001211499702025165,5.547425527306442,0.0001211499702025165,8.989736214318876,cash,0.0,0.0,1.5,True,0.0,8.0,0.0,cash,0.0,0.0,1.5
2018-08-22,0.0001211499702025165,5.548097597743776,0.0001211499702025165,8.99082532059337,cash,0.0,0.0,1.5,True,0.0,9.0,1.0,cash,0.0,0.0,1.5
2018-08-23,0.0001211499702025165,5.548769749602423,0.0001211499702025165,8.991914558813056,cash,0.0,0.0,1.5,True,0.0,10.0,2.0,cash,0.0,0.0,1.5
2018-08-24,0.0001211499702025165,5.549441982892247,0.0001211499702025165,8.99300392899392,cash,0.0,0.0,1.5,True,0.0,11.0,3.0,cash,0.0,0.0,1.5
2018-08-27,0.0001211499702025165,5.550114297623115,0.0001211499702025165,8.99409343115195,cash,0.0,0.0,1.5,False,1.0,0.0,0.0,cash,0.0,0.0,1.5
2018-08-28,0.0001211499702025165,5.550786693804893,0.0001211499702025165,8.995183065303133,cash,0.0,0.0,1.5,False,1.0,0.0,0.0,cash,0.0,0.0,1.5
2018-08-29,0.0001211499702025165,5.551459171447448,0.0001211499702025165,8.996272831463461,cash,0.0,0.0,1.5,False,1.0,1.0,1.0,cash,0.0,0.0,1.5
2018-08-30,0.0001211499702025165,5.5521317305606495,0.0001211499702025165,8.997362729648927,cash,0.0,0.0,1.5,False,1.0,2.0,2.0,cash,0.0,0.0,1.5
2018-08-31,0.0001211499702025165,5.552804371154368,0.0001211499702025165,8.998452759875525,cash,0.0,0.0,1.5,True,0.0,3.0,3.0,cash,0.0,0.0,1.5
2018-09-03,0.0001211499702025165,5.553477093238474,0.0001211499702025165,8.999542922159252,cash,0.0,0.0,1.5,True,0.0,4.0,4.0,cash,0.0,0.0,1.5
2018-09-04,0.0001211499702025165,5.55414989682284,0.0001211499702025165,9.000633216516109,cash,0.0,0.0,1.5,True,0.0,5.0,0.0,cash,0.0,0.0,1.5
2018-09-05,0.0001211499702025165,5.55482278191734,0.0001211499702025165,9.001723642962093,cash,0.0,0.0,1.5,False,1.0,0.0,0.0,cash,0.0,0.0,1.5
2018-09-06,0.0001211499702025165,5.5554957485318495,0.0001211499702025165,9.002814201513209,cash,0.0,0.0,1.5,False,1.0,1.0,0.0,cash,0.0,0.0,1.5
2018-09-07,0.0001211499702025165,5.5561687966762445,0.0001211499702025165,9.00390489218546,cash,0.0,0.0,1.5,False,1.0,2.0,0.0,cash,0.0,0.0,1.5
2018-09-10,0.0001211499702025165,5.556841926360402,0.0001211499702025165,9.004995714994855,cash,0.0,0.0,1.5,True,0.0,3.0,1.0,cash,0.0,0.0,1.5
2018-09-11,0.0001211499702025165,5.5575151375942005,0.0001211499702025165,9.006086669957401,cash,0.0,0.0,1.5,True,0.0,4.0,2.0,cash,0.0,0.0,1.5
2018-09-12,0.0001211499702025165,5.55818843038752,0.0001211499702025165,9.007177757089108,cash,0.0,0.0,1.5,True,0.0,5.0,3.0,cash,0.0,0.0,1.5
2018-09-13,0.0001211499702025165,5.558861804750241,0.0001211499702025165,9.008268976405988,cash,0.0,0.0,1.5,True,0.0,6.0,0.0,cash,0.0,0.0,1.5
2018-09-14,0.0001211499702025165,5.559535260692246,0.0001211499702025165,9.009360327924057,cash,0.0,0.0,1.5,False,1.0,0.0,0.0,cash,0.0,0.0,1.5
2018-09-17,0.0001211499702025165,5.560208798223418,0.0001211499702025165,9.010451811659328,cash,0.0,0.0,1.5,False,1.0,1.0,1.0,cash,0.0,0.0,1.5
2018-09-18,0.0001211499702025165,5.560882417353643,0.0001211499702025165,9.011543427627823,cash,0.0,0.0,1.5,False,1.0,0.0,2.0,cash,0.0,0.0,1.5
2018-09-19,0.0001211499702025165,5.561556118092804,0.0001211499702025165,9.012635175845558,cash,0.0,0.0,1.5,False,1.0,0.0,0.0,cash,0.0,0.0,1.5
2018-09-20,0.0001211499702025165,5.562229900450791,0.0001211499702025165,9.013727056328557,cash,0.0,0.0,1.5,False,1.0,0.0,1.0,cash,0.0,0.0,1.5
2018-09-21,0.0001211499702025165,5.56290376443749,0.0001211499702025165,9.014819069092844,cash,0.0,0.0,1.5,False,1.0,0.0,0.0,cash,0.0,0.0,1.5
2018-09-25,0.0001211499702025165,5.56357771006279,0.0001211499702025165,9.015911214154446,cash,0.0,0.0,1.5,False,1.0,1.0,1.0,cash,0.0,0.0,1.5
2018-09-26,0.0001211499702025165,5.564251737336583,0.0001211499702025165,9.01700349152939,cash,0.0,0.0,1.5,False,1.0,0.0,0.0,cash,0.0,0.0,1.5
2018-09-27,-0.0013790317547527353,5.556578457499358,-0.0013790317547527353,9.004568757381856,1.H00016,1.5,1.0,1.5,False,1.0,0.0,0.0,1.H00016,1.5,1.0,1.5
2018-09-28,0.018121422290624745,5.657271562218693,0.018121422290624745,9.167744350379339,1.H00016,1.5,1.0,1.5,False,1.0,1.0,1.0,1.H00016,1.5,1.0,1.5
2018-10-08,-0.07041939367157801,5.258889928971791,-0.07041939367157801,8.522157351889591,cash,0.0,0.0,1.5,False,1.0,2.0,2.0,cash,0.0,0.0,1.5
2018-10-09,0.0001211499702025165,5.259527043329984,0.0001211499702025165,8.523189810998835,cash,0.0,0.0,1.5,True,0.0,3.0,3.0,cash,0.0,0.0,1.5
2018-10-10,0.0001211499702025165,5.260164234874563,0.0001211499702025165,8.524222395190467,cash,0.0,0.0,1.5,True,0.0,4.0,4.0,cash,0.0,0.0,1.5
2018-10-11,0.0001211499702025165,5.2608015036148785,0.0001211499702025165,8.525255104479644,cash,0.0,0.0,1.5,False,1.0,0.0,0.0,cash,0.0,0.0,1.5
2018-10-12,0.0001211499702025165,5.261438849560283,0.0001211499702025165,8.52628793888152,cash,0.0,0.0,1.5,False,1.0,0.0,0.0,cash,0.0,0.0,1.5
2018-10-15,0.0001211499702025165,5.26207627272013,0.0001211499702025165,8.527320898411254,cash,0.0,0.0,1.5,False,1.0,1.0,1.0,cash,0.0,0.0,1.5
2018-10-16,0.0001211499702025165,5.262713773103773,0.0001211499702025165,8.528353983084004,cash,0.0,0.0,1.5,False,1.0,2.0,2.0,cash,0.0,0.0,1.5
2018-10-17,0.0001211499702025165,5.263351350720568,0.0001211499702025165,8.529387192914932,cash,0.0,0.0,1.5,False,1.0,0.0,0.0,cash,0.0,0.0,1.5
2018-10-18,0.0001211499702025165,5.263989005579873,0.0001211499702025165,8.5304205279192,cash,0.0,0.0,1.5,False,1.0,1.0,0.0,cash,0.0,0.0,1.5
2018-10-19,0.0001211499702025165,5.264626737691046,0.0001211499702025165,8.531453988111972,cash,0.0,0.0,1.5,False,1.0,2.0,0.0,cash,0.0,0.0,1.5
2018-10-22,0.0001211499702025165,5.2652645470634445,0.0001211499702025165,8.532487573508416,cash,0.0,0.0,1.5,False,1.0,0.0,0.0,cash,0.0,0.0,1.5
2018-10-23,0.0001211499702025165,5.2659024337064295,0.0001211499702025165,8.5335212841237,cash,0.0,0.0,1.5,False,1.0,0.0,0.0,cash,0.0,0.0,1.5
2018-10-24,0.0001211499702025165,5.266540397629362,0.0001211499702025165,8.534555119972993,cash,0.0,0.0,1.5,False,1.0,1.0,0.0,cash,0.0,0.0,1.5
2018-10-25,0.0001211499702025165,5.267178438841605,0.0001211499702025165,8.53558908107147,cash,0.0,0.0,1.5,False,1.0,2.0,0.0,cash,0.0,0.0,1.5
2018-10-26,0.0001211499702025165,5.267816557352522,0.0001211499702025165,8.536623167434302,cash,0.0,0.0,1.5,True,0.0,3.0,1.0,cash,0.0,0.0,1.5
2018-10-29,0.0001211499702025165,5.268454753171477,0.0001211499702025165,8.537657379076666,cash,0.0,0.0,1.5,True,0.0,4.0,2.0,cash,0.0,0.0,1.5
2018-10-30,0.0001211499702025165,5.2690930263078375,0.0001211499702025165,8.53869171601374,cash,0.0,0.0,1.5,True,0.0,5.0,3.0,cash,0.0,0.0,1.5
2018-10-31,0.0001211499702025165,5.269731376770969,0.0001211499702025165,8.539726178260704,cash,0.0,0.0,1.5,False,1.0,0.0,4.0,cash,0.0,0.0,1.5
2018-11-01,0.0001211499702025165,5.27036980457024,0.0001211499702025165,8.540760765832738,cash,0.0,0.0,1.5,False,1.0,0.0,0.0,cash,0.0,0.0,1.5
2018-11-02,0.0001211499702025165,5.27100830971502,0.0001211499702025165,8.541795478745026,cash,0.0,0.0,1.5,False,1.0,0.0,0.0,cash,0.0,0.0,1.5
2018-11-05,0.0001211499702025165,5.2716468922146795,0.0001211499702025165,8.542830317012752,cash,0.0,0.0,1.5,False,1.0,0.0,0.0,cash,0.0,0.0,1.5
2018-11-06,0.0001211499702025165,5.272285552078589,0.0001211499702025165,8.543865280651104,cash,0.0,0.0,1.5,False,1.0,0.0,1.0,cash,0.0,0.0,1.5
2018-11-07,0.0001211499702025165,5.272924289316123,0.0001211499702025165,8.54490036967527,cash,0.0,0.0,1.5,False,1.0,0.0,0.0,cash,0.0,0.0,1.5
2018-11-08,-0.0013790317547527353,5.265652759280749,-0.0013790317547527353,8.533116680724289,0.399606,1.5,1.0,1.5,False,1.0,0.0,1.0,0.399606,1.5,1.0,1.5
2018-11-09,-0.010662392097029572,5.2095083049144915,-0.010662392097029572,8.442133244864703,1.H00852,1.5,1.0,1.5,False,1.0,1.0,2.0,1.H00852,1.5,1.0,1.5
2018-11-12,0.04470752625049812,5.4424125342086445,0.04470752625049812,8.819560138519694,1.H00852,1.5,1.0,1.5,False,1.0,0.0,0.0,1.H00852,1.5,1.0,1.5
2018-11-13,0.029670386346960953,5.6038910167581575,0.029670386346960953,9.08123989523983,1.H00852,1.5,1.0,1.5,False,1.0,0.0,0.0,1.H00852,1.5,1.0,1.5
2018-11-14,0.0001834211423177301,5.604918888849875,0.0001834211423177301,9.082905586635077,1.H00852,1.5,1.0,1.5,False,1.0,0.0,0.0,1.H00852,1.5,1.0,1.5
2018-11-15,0.02494055172136944,5.744708658291316,0.02494055172136944,9.309438263198864,1.H00852,1.5,1.0,1.5,False,1.0,0.0,0.0,1.H00852,1.5,1.0,1.5
2018-11-16,0.016227589257260977,5.837931430800698,0.016227589257260977,9.460508003549885,1.H00852,1.5,1.0,1.5,False,1.0,0.0,0.0,1.H00852,1.5,1.0,1.5
2018-11-19,0.005579329147968437,5.870503171796406,0.005579329147968437,9.51329129160868,1.H00852,1.5,1.0,1.5,False,1.0,0.0,0.0,1.H00852,1.5,1.0,1.5
2018-11-20,-0.039699742311850805,5.637445708635186,-0.039699742311850805,9.135616078794241,1.H00852,1.5,1.0,1.5,False,1.0,0.0,0.0,1.H00852,1.5,1.0,1.5
2018-11-21,0.010896682734829355,5.698875165957008,0.010896682734829355,9.235163988792067,1.H00852,1.5,1.0,1.5,False,1.0,1.0,1.0,1.H00852,1.5,1.0,1.5
2018-11-22,0.0008982052140535934,5.703993925345311,0.0008982052140535934,9.24345906123944,1.H00852,1.5,1.0,1.5,False,1.0,2.0,2.0,1.H00852,1.5,1.0,1.5
2018-11-23,-0.06579768919568618,5.328684305871358,-0.06439428061661112,8.64823316458183,cash,0.0,0.0,1.5,True,0.0,3.0,3.0,1.H00852,1.5,1.0,1.5
2018-11-26,0.0001211499702025165,5.329329875816233,-0.0027696237540464352,8.624280812578672,cash,0.0,0.0,1.5,True,0.0,4.0,4.0,1.H00852,1.5,1.0,1.5
2018-11-27,0.0001211499702025165,5.329975523971888,0.012211464337292366,8.72959591015627,cash,0.0,0.0,1.5,True,0.0,5.0,5.0,1.H00852,1.5,1.0,1.5
2018-11-28,0.0001211499702025165,5.330621250347797,0.018219204516063403,8.888642203385999,cash,0.0,0.0,1.5,True,0.0,6.0,6.0,1.H00852,1.5,1.0,1.5
2018-11-29,0.0001211499702025165,5.331267054953438,-0.036790080598838926,8.561628340309186,cash,0.0,0.0,1.5,True,0.0,7.0,7.0,cash,0.0,0.0,1.5
2018-11-30,0.0001211499702025165,5.331912937798287,0.0001211499702025165,8.562665581327499,cash,0.0,0.0,1.5,True,0.0,8.0,8.0,cash,0.0,0.0,1.5
2018-12-03,0.0001211499702025165,5.332558898891824,0.0001211499702025165,8.563702948007531,cash,0.0,0.0,1.5,False,1.0,0.0,0.0,cash,0.0,0.0,1.5
2018-12-04,0.0001211499702025165,5.333204938243528,0.0001211499702025165,8.564740440364506,cash,0.0,0.0,1.5,False,1.0,1.0,1.0,cash,0.0,0.0,1.5
2018-12-05,0.0001211499702025165,5.33385105586288,0.0001211499702025165,8.565778058413649,cash,0.0,0.0,1.5,False,1.0,2.0,2.0,cash,0.0,0.0,1.5
2018-12-06,0.0001211499702025165,5.3344972517593625,0.0001211499702025165,8.566815802170186,cash,0.0,0.0,1.5,True,0.0,3.0,3.0,cash,0.0,0.0,1.5
2018-12-07,0.0001211499702025165,5.335143525942459,0.0001211499702025165,8.567853671649349,cash,0.0,0.0,1.5,True,0.0,4.0,4.0,cash,0.0,0.0,1.5
2018-12-10,0.0001211499702025165,5.335789878421653,0.0001211499702025165,8.568891666866369,cash,0.0,0.0,1.5,True,0.0,5.0,5.0,cash,0.0,0.0,1.5
2018-12-11,0.0001211499702025165,5.33643630920643,0.0001211499702025165,8.569929787836479,cash,0.0,0.0,1.5,True,0.0,6.0,6.0,cash,0.0,0.0,1.5
2018-12-12,0.0001211499702025165,5.337082818306278,0.0001211499702025165,8.570968034574912,cash,0.0,0.0,1.5,True,0.0,7.0,7.0,cash,0.0,0.0,1.5
2018-12-13,0.0001211499702025165,5.337729405730685,0.0001211499702025165,8.572006407096907,cash,0.0,0.0,1.5,True,0.0,8.0,8.0,cash,0.0,0.0,1.5
2018-12-14,0.0001211499702025165,5.338376071489138,0.0001211499702025165,8.573044905417703,cash,0.0,0.0,1.5,True,0.0,9.0,0.0,cash,0.0,0.0,1.5
2018-12-17,0.0001211499702025165,5.339022815591129,0.0001211499702025165,8.574083529552539,cash,0.0,0.0,1.5,True,0.0,10.0,1.0,cash,0.0,0.0,1.5
2018-12-18,0.0001211499702025165,5.339669638046148,0.0001211499702025165,8.575122279516657,cash,0.0,0.0,1.5,True,0.0,11.0,2.0,cash,0.0,0.0,1.5
2018-12-19,0.0001211499702025165,5.340316538863688,0.0001211499702025165,8.576161155325304,cash,0.0,0.0,1.5,True,0.0,12.0,3.0,cash,0.0,0.0,1.5
2018-12-20,0.0001211499702025165,5.340963518053243,0.0001211499702025165,8.577200156993724,cash,0.0,0.0,1.5,True,0.0,13.0,4.0,cash,0.0,0.0,1.5
2018-12-21,0.0001211499702025165,5.341610575624308,0.0001211499702025165,8.578239284537165,cash,0.0,0.0,1.5,True,0.0,14.0,5.0,cash,0.0,0.0,1.5
2018-12-24,0.0001211499702025165,5.342257711586378,0.0001211499702025165,8.579278537970877,cash,0.0,0.0,1.5,True,0.0,15.0,6.0,cash,0.0,0.0,1.5
2018-12-25,0.0001211499702025165,5.342904925948951,0.0001211499702025165,8.580317917310111,cash,0.0,0.0,1.5,False,1.0,0.0,0.0,cash,0.0,0.0,1.5
2018-12-26,0.0001211499702025165,5.343552218721525,0.0001211499702025165,8.581357422570122,cash,0.0,0.0,1.5,False,1.0,0.0,0.0,cash,0.0,0.0,1.5
2018-12-27,0.0001211499702025165,5.344199589913599,0.0001211499702025165,8.582397053766163,cash,0.0,0.0,1.5,False,1.0,0.0,0.0,cash,0.0,0.0,1.5
2018-12-28,0.0001211499702025165,5.344847039534673,0.0001211499702025165,8.583436810913494,cash,0.0,0.0,1.5,False,1.0,1.0,1.0,cash,0.0,0.0,1.5
2019-01-02,0.0001211499702025165,5.345494567594249,0.0001211499702025165,8.584476694027371,cash,0.0,0.0,1.5,False,1.0,2.0,2.0,cash,0.0,0.0,1.5
2019-01-03,0.0001211499702025165,5.346142174101831,0.0001211499702025165,8.585516703123057,cash,0.0,0.0,1.5,False,1.0,0.0,0.0,cash,0.0,0.0,1.5
2019-01-04,0.0001211499702025165,5.346789859066922,0.0001211499702025165,8.586556838215813,cash,0.0,0.0,1.5,False,1.0,0.0,0.0,cash,0.0,0.0,1.5
2019-01-07,0.0001211499702025165,5.347437622499027,0.0001211499702025165,8.587597099320906,cash,0.0,0.0,1.5,False,1.0,0.0,0.0,cash,0.0,0.0,1.5
2019-01-08,0.0001211499702025165,5.348085464407652,0.0001211499702025165,8.5886374864536,cash,0.0,0.0,1.5,False,1.0,0.0,0.0,cash,0.0,0.0,1.5
2019-01-09,0.0001211499702025165,5.348733384802306,0.0001211499702025165,8.589677999629163,cash,0.0,0.0,1.5,False,1.0,0.0,0.0,cash,0.0,0.0,1.5
2019-01-10,0.0001211499702025165,5.349381383692496,0.0001211499702025165,8.590718638862867,cash,0.0,0.0,1.5,False,1.0,0.0,0.0,cash,0.0,0.0,1.5
2019-01-11,0.0001211499702025165,5.350029461087732,0.0001211499702025165,8.591759404169984,cash,0.0,0.0,1.5,False,1.0,0.0,0.0,cash,0.0,0.0,1.5
2019-01-14,0.0001211499702025165,5.350677616997525,0.0001211499702025165,8.592800295565787,cash,0.0,0.0,1.5,False,1.0,0.0,0.0,cash,0.0,0.0,1.5
2019-01-15,0.0001211499702025165,5.351325851431388,0.0001211499702025165,8.593841313065552,cash,0.0,0.0,1.5,False,1.0,0.0,0.0,cash,0.0,0.0,1.5
2019-01-16,0.0001211499702025165,5.351974164398833,0.0001211499702025165,8.594882456684555,cash,0.0,0.0,1.5,False,1.0,0.0,0.0,cash,0.0,0.0,1.5
2019-01-17,0.0001211499702025165,5.352622555909374,0.0001211499702025165,8.595923726438077,cash,0.0,0.0,1.5,False,1.0,1.0,1.0,cash,0.0,0.0,1.5
2019-01-18,-0.0013790317547527353,5.345241119433569,-0.0013790317547527353,8.584069674657886,1.H00016,1.5,1.0,1.5,False,1.0,2.0,2.0,1.H00016,1.5,1.0,1.5
2019-01-21,0.0078097697534151855,5.386986221852832,0.00932375538649488,8.664105440525026,cash,0.0,0.0,1.5,True,0.0,3.0,3.0,1.H00016,1.5,1.0,1.5
2019-01-22,0.0001211499702025165,5.387638855073091,-0.019333681412449177,8.496596386214048,cash,0.0,0.0,1.5,True,0.0,4.0,4.0,1.H00016,1.5,1.0,1.5
2019-01-23,0.0001211499702025165,5.388291567359845,-0.0026725220399839156,8.473889045107043,cash,0.0,0.0,1.5,True,0.0,5.0,5.0,1.H00016,1.5,1.0,1.5
2019-01-24,0.0001211499702025165,5.388944358722673,0.009017829416549494,8.550305131010585,cash,0.0,0.0,1.5,True,0.0,6.0,0.0,1.H00016,1.5,1.0,1.5
2019-01-25,0.0001211499702025165,5.389597229171155,0.018649590976910435,8.709764824431712,cash,0.0,0.0,1.5,True,0.0,7.0,0.0,1.H00016,1.5,1.0,1.5
2019-01-28,0.0001211499702025165,5.390250178714873,-0.0028964082838089933,8.6845377894442,cash,0.0,0.0,1.5,True,0.0,8.0,1.0,1.H00016,1.5,1.0,1.5
2019-01-29,0.0001211499702025165,5.390903207363409,0.011558480563350626,8.784917850685174,cash,0.0,0.0,1.5,True,0.0,9.0,2.0,1.H00016,1.5,1.0,1.5
2019-01-30,0.0001211499702025165,5.391556315126346,-0.009762380205427856,8.699156142553335,cash,0.0,0.0,1.5,True,0.0,10.0,3.0,1.H00016,1.5,1.0,1.5
2019-01-31,0.0001211499702025165,5.3922095020132685,0.026654975897844047,8.931031939864676,cash,0.0,0.0,1.5,True,0.0,11.0,4.0,1.H00016,1.5,1.0,1.5
2019-02-01,0.0001211499702025165,5.392862768033763,0.009708589121098843,9.017739659396232,cash,0.0,0.0,1.5,True,0.0,12.0,5.0,1.H00016,1.5,1.0,1.5
2019-02-11,0.0001211499702025165,5.393516113197417,0.0166378360567232,9.167775333451479,cash,0.0,0.0,1.5,True,0.0,13.0,0.0,1.H00016,1.5,1.0,1.5
2019-02-12,-0.0013790317547527353,5.386078283207547,0.0033283516540985048,9.198288913646975,1.H00016,1.5,1.0,1.5,False,1.0,0.0,0.0,1.H00016,1.5,1.0,1.5
2019-02-13,0.028023848493962777,5.537016924992778,0.028023848493962777,9.456060368566716,1.H00016,1.5,1.0,1.5,False,1.0,0.0,0.0,1.H00016,1.5,1.0,1.5
2019-02-14,-0.0025625687174806178,5.522827938632631,-0.0025625687174806178,9.431828564075618,1.H00016,1.5,1.0,1.5,False,1.0,0.0,0.0,1.H00016,1.5,1.0,1.5
2019-02-15,-0.037221304539897804,5.31726107800733,-0.037221304539897804,9.080763600724053,0.399606,1.5,1.0,1.5,False,1.0,0.0,0.0,0.399606,1.5,1.0,1.5
2019-02-18,0.061536022315235916,5.644464174359524,0.061536022315235916,9.63955767229759,0.399606,1.5,1.0,1.5,False,1.0,0.0,0.0,0.399606,1.5,1.0,1.5
2019-02-19,-0.0080832112449859,5.5988387780734215,-0.0080832112449859,9.561639091324183,0.399606,1.5,1.0,1.5,False,1.0,0.0,0.0,0.399606,1.5,1.0,1.5
2019-02-20,0.0024447037526185156,5.6125262802444835,0.0024447037526185156,9.585014466291927,0.399606,1.5,1.0,1.5,False,1.0,0.0,0.0,0.399606,1.5,1.0,1.5
2019-02-21,0.0043621043791175484,5.637008705709451,0.0043621043791175484,9.626825299869244,0.399606,1.5,1.0,1.5,False,1.0,0.0,0.0,0.399606,1.5,1.0,1.5
2019-02-22,0.046408303841687815,5.898612718482254,0.046408303841687815,10.073589933416423,0.399606,1.5,1.0,1.5,False,1.0,0.0,0.0,0.399606,1.5,1.0,1.5
2019-02-25,0.08241513853273519,6.384747702826923,0.08241513853273519,10.903806243300904,0.399606,1.5,1.0,1.5,False,1.0,0.0,0.0,0.399606,1.5,1.0,1.5
2019-02-26,0.010303407070545889,6.450532357451881,0.010303407070545889,11.016152597643993,0.399606,1.5,1.0,1.5,False,1.0,0.0,0.0,0.399606,1.5,1.0,1.5
2019-02-27,-0.02582050685966153,6.2839763424678265,-0.02582050685966153,10.731709953929448,0.399606,1.5,1.0,1.5,False,1.0,0.0,0.0,0.399606,1.5,1.0,1.5
2019-02-28,0.01499866367102598,6.378227590145185,0.01499866367102598,10.892671262143438,0.399606,1.5,1.0,1.5,False,1.0,0.0,0.0,0.399606,1.5,1.0,1.5
2019-03-01,0.0313809616593943,6.578382505606422,0.0313809616593943,11.234493761389148,0.399606,1.5,1.0,1.5,False,1.0,1.0,0.0,0.399606,1.5,1.0,1.5
2019-03-04,0.04953088152419616,6.904215590112458,0.049526169408603105,11.790895202635602,0.399606,1.5,1.0,1.5,False,1.0,0.0,0.0,0.399606,1.495510264942248,1.0,1.495510264942248
2019-03-05,0.052593958467678004,7.267335618110728,0.05238453377900387,12.40855575066276,0.399606,1.5,1.0,1.5,False,1.0,0.0,0.0,0.399606,1.4457539801480426,1.0,1.4457539801480426
2019-03-06,0.02132286913068393,7.422296064424461,0.020532662941022295,12.663336443476002,0.399606,1.4723016162874782,1.0,1.4723016162874782,False,1.0,0.0,0.0,0.399606,1.3960435478847142,1.0,1.3960435478847142
2019-03-07,-0.008519660129294171,7.359060624576567,-0.008072627253915887,12.561110048576891,cash,0.0,0.0,1.4659104016158235,False,1.0,0.0,0.0,cash,0.0,0.0,1.3911509990079327
2019-03-08,0.0001211499702025165,7.359952174551953,0.0001211499702025165,12.562631826684987,cash,0.0,0.0,1.463060396580009,False,1.0,0.0,0.0,cash,0.0,0.0,1.388522583589033
2019-03-11,-0.0013420876761010003,7.350074473441794,-0.0012675408328560733,12.546708177876527,0.399606,1.463060396580009,1.0,1.463060396580009,False,1.0,0.0,0.0,0.399606,1.388522583589033,1.0,1.388522583589033
2019-03-12,0.03706318600712333,7.622491650817176,0.03518383918814716,12.988149540747544,cash,0.0,0.0,1.463060396580009,False,1.0,0.0,0.0,cash,0.0,0.0,1.388522583589033
2019-03-13,0.0001211499702025165,7.6234151154535414,0.0001211499702025165,12.989723054677391,cash,0.0,0.0,1.4386680008603006,False,1.0,0.0,0.0,cash,0.0,0.0,1.3688054678109276
2019-03-14,-0.0013546089972573672,7.61308836874832,-0.0012783018002743285,12.973118268311532,0.399606,1.4755802009625383,1.0,1.4755802009625383,False,1.0,1.0,1.0,0.399606,1.3992822474742506,1.0,1.3992822474742506
2019-03-15,0.011040683569991883,7.6971420684180565,0.010478409329600424,13.109055911808218,0.399606,1.4910157960460313,1.0,1.4910157960460313,False,1.0,2.0,2.0,0.399606,1.4116091976375347,1.0,1.4116091976375347
2019-03-18,0.038240877865145295,7.991487538167103,0.037678140361159906,13.60298076045562,cash,0.0,0.0,1.4902200384707476,True,0.0,3.0,3.0,0.399606,1.4112381781567016,1.0,1.4112381781567016
2019-03-19,0.0001211499702025165,7.992455706644225,-0.0013516473452781508,13.58459432762288,cash,0.0,0.0,1.469313498876873,True,0.0,4.0,4.0,1.H00852,1.3938444480315613,1.0,1.3938444480315613
2019-03-20,0.0001211499702025165,7.993423992414931,-0.003742900265571558,13.53374854590634,cash,0.0,0.0,1.4722303799659227,True,0.0,5.0,5.0,1.H00852,1.3961496704763592,1.0,1.3961496704763592
2019-03-21,0.0001211499702025165,7.994392395493428,0.015139466380553301,13.73864227701995,cash,0.0,0.0,1.4718433952889742,True,0.0,0.0,6.0,1.H00852,1.3944887852713037,1.0,1.3944887852713037
2019-03-22,0.0001211499702025165,7.995360915893929,0.005476657836775534,13.813884119913048,cash,0.0,0.0,1.5,True,0.0,1.0,7.0,1.H00852,1.4354607852371477,1.0,1.4354607852371477
2019-03-25,0.0001211499702025165,7.996329553630648,-0.012729796604169508,13.638036184752988,cash,0.0,0.0,1.5,True,0.0,2.0,8.0,1.H00852,1.4361028509230935,1.0,1.4361028509230935
2019-03-26,0.0001211499702025165,7.9972983087178005,-0.04175358431196108,13.068599291063327,cash,0.0,0.0,1.5,True,0.0,3.0,9.0,1.H00852,1.4286945502537765,1.0,1.4286945502537765
2019-03-27,0.0001211499702025165,7.998267181169602,0.007926966148194659,13.172193635247908,cash,0.0,0.0,1.5,True,0.0,4.0,10.0,cash,0.0,0.0,1.4870695094655433
2019-03-28,0.0001211499702025165,7.999236171000272,0.0001211499702025165,13.17378944611432,cash,0.0,0.0,1.5,True,0.0,5.0,11.0,cash,0.0,0.0,1.4884298293232843
2019-03-29,0.0001211499702025165,8.000205278224032,0.0001211499702025165,13.17538545031317,cash,0.0,0.0,1.5,True,0.0,6.0,12.0,cash,0.0,0.0,1.4887237035861107
2019-04-01,0.0001211499702025165,8.001174502855102,0.0001211499702025165,13.176981647867882,cash,0.0,0.0,1.5,False,1.0,0.0,0.0,cash,0.0,0.0,1.4920827682351883
2019-04-02,0.0001211499702025165,8.002143844907708,0.0001211499702025165,13.17857803880188,cash,0.0,0.0,1.5,False,1.0,0.0,0.0,cash,0.0,0.0,1.5
2019-04-03,-0.0013790317547527353,7.991108634439482,-0.0013790317547527353,13.160404361203886,1.H00016,1.5,1.0,1.5,False,1.0,0.0,0.0,1.H00016,1.5,1.0,1.5
2019-04-04,0.016369113096488697,8.121915995442949,0.016369113096488697,13.375828508587956,1.H00016,1.5,1.0,1.5,False,1.0,0.0,0.0,1.H00016,1.5,1.0,1.5
2019-04-08,0.0063274329873290736,8.17330687463283,0.0063274329873290736,13.460463167126052,1.H00016,1.5,1.0,1.5,False,1.0,0.0,0.0,1.H00016,1.5,1.0,1.5
2019-04-09,0.002590113411751638,8.194476666387178,0.002590113411751638,13.495327293303614,1.H00016,1.5,1.0,1.5,False,1.0,0.0,1.0,1.H00016,1.5,1.0,1.5
2019-04-10,0.0057950544706666385,8.241964105027499,0.0057950544706666385,13.573533450067783,1.H00016,1.5,1.0,1.5,False,1.0,0.0,0.0,1.H00016,1.5,1.0,1.5
2019-04-11,-0.025572043844923176,8.031200237565454,-0.025572043844923176,13.22643045755212,1.H00016,1.5,1.0,1.5,False,1.0,1.0,1.0,1.H00016,1.5,1.0,1.5
2019-04-12,-0.0041140877822846145,7.998159174791004,-0.0041140877822846145,13.172015761603467,1.H00016,1.5,1.0,1.5,False,1.0,2.0,2.0,1.H00016,1.5,1.0,1.5
2019-04-15,0.0007007834201597785,8.003764152132497,0.002204089554491473,13.201048063955215,cash,0.0,0.0,1.5,True,0.0,3.0,3.0,1.H00016,1.5,1.0,1.5
2019-04-16,0.0001211499702025165,8.004733807921037,0.05024760858834276,13.864369160028737,cash,0.0,0.0,1.5,True,0.0,4.0,4.0,1.H00016,1.5,1.0,1.5
2019-04-17,0.0001211499702025165,8.005703581183345,-0.002883341443329246,13.82439344984401,cash,0.0,0.0,1.5,True,0.0,5.0,0.0,1.H00016,1.4613613636578133,1.0,1.4613613636578133
2019-04-18,0.0001211499702025165,8.006673471933656,-0.006105759446032755,13.739985028951951,cash,0.0,0.0,1.5,True,0.0,6.0,1.0,1.H00016,1.4602573169763893,1.0,1.4602573169763893
2019-04-19,0.0001211499702025165,8.007643480186202,0.018170389315560476,13.98964590611798,cash,0.0,0.0,1.5,True,0.0,7.0,2.0,1.H00016,1.4573878177214612,1.0,1.4573878177214612
2019-04-22,0.0001211499702025165,8.008613605955219,-0.034521734236637736,13.506699068082309,cash,0.0,0.0,1.5,True,0.0,8.0,3.0,1.H00016,1.4548482766068105,1.0,1.4548482766068105
2019-04-23,0.0001211499702025165,8.009583849254943,0.00399815488451738,13.56070094293507,cash,0.0,0.0,1.5,True,0.0,9.0,4.0,1.H00016,1.4161234795678685,1.0,1.4161234795678685
2019-04-24,0.0001211499702025165,8.010554210099615,-0.00336374776418491,13.515086165457491,cash,0.0,0.0,1.5,True,0.0,10.0,5.0,cash,0.0,0.0,1.416830567164022
2019-04-25,0.0001211499702025165,8.011524688503474,0.0001211499702025165,13.51672351774372,cash,0.0,0.0,1.5,True,0.0,11.0,6.0,cash,0.0,0.0,1.4161488075515016
2019-04-26,0.0001211499702025165,8.012495284480764,0.0001211499702025165,13.51836106839513,cash,0.0,0.0,1.5,True,0.0,12.0,7.0,cash,0.0,0.0,1.4161488075515016
2019-04-29,0.0001211499702025165,8.013465998045726,0.0001211499702025165,13.519998817435752,cash,0.0,0.0,1.5,True,0.0,13.0,8.0,cash,0.0,0.0,1.4161488075515016
2019-04-30,0.0001211499702025165,8.014436829212608,0.0001211499702025165,13.521636764889623,cash,0.0,0.0,1.5,True,0.0,14.0,9.0,cash,0.0,0.0,1.4161488075515016
2019-05-06,0.0001211499702025165,8.015407777995657,0.0001211499702025165,13.523274910780778,cash,0.0,0.0,1.5,True,0.0,15.0,10.0,cash,0.0,0.0,1.4161488075515016
2019-05-07,0.0001211499702025165,8.016378844409122,0.0001211499702025165,13.52491325513326,cash,0.0,0.0,1.5,True,0.0,16.0,11.0,cash,0.0,0.0,1.4161488075515016
2019-05-08,0.0001211499702025165,8.017350028467254,0.0001211499702025165,13.526551797971111,cash,0.0,0.0,1.5,True,0.0,17.0,12.0,cash,0.0,0.0,1.4161488075515016
2019-05-09,0.0001211499702025165,8.018321330184305,0.0001211499702025165,13.528190539318379,cash,0.0,0.0,1.5,True,0.0,18.0,13.0,cash,0.0,0.0,1.4161488075515016
2019-05-10,0.0001211499702025165,8.01929274957453,0.0001211499702025165,13.529829479199112,cash,0.0,0.0,1.5,True,0.0,19.0,0.0,cash,0.0,0.0,1.4161488075515016
2019-05-13,0.0001211499702025165,8.020264286652187,0.0001211499702025165,13.531468617637362,cash,0.0,0.0,1.5,True,0.0,20.0,1.0,cash,0.0,0.0,1.4161488075515016
2019-05-14,0.0001211499702025165,8.02123594143153,0.0001211499702025165,13.533107954657185,cash,0.0,0.0,1.5,True,0.0,21.0,2.0,cash,0.0,0.0,1.4161488075515016
2019-05-15,0.0001211499702025165,8.022207713926823,0.0001211499702025165,13.534747490282639,cash,0.0,0.0,1.5,True,0.0,22.0,3.0,cash,0.0,0.0,1.4161488075515016
2019-05-16,0.0001211499702025165,8.023179604152324,0.0001211499702025165,13.536387224537785,cash,0.0,0.0,1.5,False,1.0,0.0,4.0,cash,0.0,0.0,1.4161488075515016
2019-05-17,0.0001211499702025165,8.024151612122296,0.0001211499702025165,13.538027157446688,cash,0.0,0.0,1.5,False,1.0,0.0,0.0,cash,0.0,0.0,1.4161488075515016
2019-05-20,0.0001211499702025165,8.025123737851004,0.0001211499702025165,13.539667289033414,cash,0.0,0.0,1.5,False,1.0,1.0,1.0,cash,0.0,0.0,1.4161488075515016
2019-05-21,0.0001211499702025165,8.026095981352716,0.0001211499702025165,13.541307619322032,cash,0.0,0.0,1.5,False,1.0,2.0,2.0,cash,0.0,0.0,1.4161488075515016
2019-05-22,0.0001211499702025165,8.0270683426417,0.0001211499702025165,13.542948148336615,cash,0.0,0.0,1.5,False,1.0,0.0,3.0,cash,0.0,0.0,1.4161488075515016
2019-05-23,0.0001211499702025165,8.028040821732224,0.0001211499702025165,13.54458887610124,cash,0.0,0.0,1.5,False,1.0,1.0,0.0,cash,0.0,0.0,1.4161488075515016
2019-05-24,0.0001211499702025165,8.029013418638561,0.0001211499702025165,13.546229802639985,cash,0.0,0.0,1.5,False,1.0,2.0,1.0,cash,0.0,0.0,1.4161488075515016
2019-05-27,0.0001211499702025165,8.029986133374985,0.0001211499702025165,13.54787092797693,cash,0.0,0.0,1.5,True,0.0,3.0,0.0,cash,0.0,0.0,1.415591884677188
2019-05-28,0.0001211499702025165,8.03095896595577,0.0001211499702025165,13.549512252136163,cash,0.0,0.0,1.5,False,1.0,0.0,0.0,cash,0.0,0.0,1.4290737694433675
2019-05-29,0.0001211499702025165,8.031931916395195,0.0001211499702025165,13.551153775141767,cash,0.0,0.0,1.5,False,1.0,0.0,1.0,cash,0.0,0.0,1.4300197325136448
2019-05-30,0.0001211499702025165,8.032904984707535,0.0001211499702025165,13.552795497017835,cash,0.0,0.0,1.5,False,1.0,0.0,2.0,cash,0.0,0.0,1.4293393381303978
2019-05-31,0.0001211499702025165,8.033878170907073,0.0001211499702025165,13.55443741778846,cash,0.0,0.0,1.5,False,1.0,1.0,3.0,cash,0.0,0.0,1.4320467481316332
2019-06-03,0.0001211499702025165,8.03485147500809,0.0001211499702025165,13.556079537477737,cash,0.0,0.0,1.5,False,1.0,0.0,0.0,cash,0.0,0.0,1.4330486453559768
2019-06-04,0.0001211499702025165,8.035824897024868,0.0001211499702025165,13.557721856109765,cash,0.0,0.0,1.5,False,1.0,1.0,1.0,cash,0.0,0.0,1.4329847074259225
2019-06-05,0.0001211499702025165,8.036798436971695,0.0001211499702025165,13.559364373708647,cash,0.0,0.0,1.5,False,1.0,2.0,2.0,cash,0.0,0.0,1.4377884766445663
2019-06-06,0.0001211499702025165,8.037772094862857,0.0001211499702025165,13.561007090298487,cash,0.0,0.0,1.5,True,0.0,3.0,3.0,cash,0.0,0.0,1.4469418317127551
2019-06-10,0.0001211499702025165,8.038745870712646,0.0001211499702025165,13.562650005903393,cash,0.0,0.0,1.5,True,0.0,4.0,4.0,cash,0.0,0.0,1.4466274284907072
2019-06-11,0.0001211499702025165,8.039719764535349,0.0001211499702025165,13.564293120547475,cash,0.0,0.0,1.5,False,1.0,0.0,0.0,cash,0.0,0.0,1.4488578738069555
2019-06-12,0.0001211499702025165,8.04069377634526,0.0001211499702025165,13.565936434254848,cash,0.0,0.0,1.5,False,1.0,0.0,0.0,cash,0.0,0.0,1.4483205371977248
2019-06-13,0.0001211499702025165,8.041667906156672,0.0001211499702025165,13.567579947049627,cash,0.0,0.0,1.5,False,1.0,0.0,0.0,cash,0.0,0.0,1.4600044597341075
2019-06-14,0.0001211499702025165,8.04264215398388,0.0001211499702025165,13.569223658955933,cash,0.0,0.0,1.5,False,1.0,0.0,0.0,cash,0.0,0.0,1.4607958235516578
2019-06-17,-0.0013790317547527353,8.031551095061424,-0.0013778130206065775,13.550527805919101,1.H00016,1.5,1.0,1.5,False,1.0,1.0,1.0,1.H00016,1.4987814134855086,1.0,1.4987814134855086
2019-06-18,0.00678512786354446,8.086046196184006,0.006778487259632815,13.642379886012824,1.H00016,1.5,1.0,1.5,False,1.0,2.0,2.0,1.H00016,1.5,1.0,1.5
2019-06-19,0.025046663449153517,8.288574673894134,0.025046663449153517,13.984075983663288,1.H00016,1.5,1.0,1.5,False,1.0,0.0,0.0,1.H00016,1.5,1.0,1.5
2019-06-20,0.05269356144596937,8.72532919277248,0.05269356144596937,14.720946750773555,1.H00016,1.5,1.0,1.5,False,1.0,0.0,0.0,1.H00016,1.5,1.0,1.5
2019-06-21,-0.002027804852930859,8.707635927891955,-0.002027804852930859,14.6910955435126,1.H00016,1.5,1.0,1.5,False,1.0,0.0,0.0,1.H00016,1.5,1.0,1.5
2019-06-24,0.005567462876244544,8.756115367660346,0.005567462876244544,14.772887672562467,1.H00016,1.5,1.0,1.5,False,1.0,0.0,0.0,1.H00016,1.5,1.0,1.5
2019-06-25,-0.020096498623097814,8.580148107230475,-0.020096498623097814,14.476004355791636,1.H00016,1.5,1.0,1.5,False,1.0,0.0,0.0,1.H00016,1.5,1.0,1.5
2019-06-26,-0.0027987036107230967,8.55613481574223,-0.0027987036107230967,14.435490310132238,1.H00016,1.5,1.0,1.5,False,1.0,1.0,1.0,1.H00016,1.5,1.0,1.5
2019-06-27,0.017448174460356736,8.705423748713631,0.017448174460356736,14.687363263484214,1.H00016,1.5,1.0,1.5,False,1.0,0.0,0.0,1.H00016,1.5,1.0,1.5
2019-06-28,-0.004055022666006547,8.670123058095406,-0.004055022666006547,14.627805672546913,0.399606,1.5,1.0,1.5,False,1.0,1.0,1.0,0.399606,1.5,1.0,1.5
2019-07-01,0.05671447403204244,9.16184452712837,0.05671447403204244,15.457413977508338,0.399606,1.5,1.0,1.5,False,1.0,0.0,0.0,0.399606,1.5,1.0,1.5
2019-07-02,0.0022373220909077673,9.182342524282376,0.0022373220909077673,15.491997191268524,0.399606,1.5,1.0,1.5,False,1.0,0.0,0.0,0.399606,1.5,1.0,1.5
2019-07-03,-0.025044855897291995,8.952372078962147,-0.025044855897291995,15.104002354051952,0.399606,1.5,1.0,1.5,False,1.0,1.0,1.0,0.399606,1.5,1.0,1.5
2019-07-04,-0.011339463880821521,8.850856979125082,-0.011339463880821521,14.932731064902336,0.399606,1.5,1.0,1.5,False,1.0,2.0,2.0,0.399606,1.5,1.0,1.5
2019-07-05,0.013535220720462426,8.970655281902784,0.015057807431609893,15.157585253705655,cash,0.0,0.0,1.5,True,0.0,3.0,3.0,0.399606,1.5,1.0,1.5
2019-07-08,0.0001211499702025165,8.971742076522885,-0.039839051922048174,14.553721427770403,cash,0.0,0.0,1.5,True,0.0,4.0,4.0,0.399606,1.5,1.0,1.5
2019-07-09,0.0001211499702025165,8.97282900280812,0.01123225745257539,14.717192573740183,cash,0.0,0.0,1.5,True,0.0,5.0,5.0,0.399606,1.5,1.0,1.5
2019-07-10,0.0001211499702025165,8.973916060774444,-0.007226478789408519,14.610839093766408,cash,0.0,0.0,1.5,True,0.0,6.0,6.0,0.399606,1.5,1.0,1.5
2019-07-11,0.0001211499702025165,8.975003250437807,0.0037563388123356134,14.665722355735113,cash,0.0,0.0,1.5,True,0.0,7.0,7.0,0.399606,1.5,1.0,1.5
2019-07-12,0.0001211499702025165,8.976090571814165,0.0038030542569003067,14.72149689357061,cash,0.0,0.0,1.5,True,0.0,8.0,8.0,0.399606,1.5,1.0,1.5
2019-07-15,0.0001211499702025165,8.977178024919475,0.028978155824520346,15.148098724522692,cash,0.0,0.0,1.5,True,0.0,9.0,0.0,0.399606,1.5,1.0,1.5
2019-07-16,0.0001211499702025165,8.978265609769696,-0.002157795248418859,15.115412229072337,cash,0.0,0.0,1.5,True,0.0,10.0,1.0,0.399606,1.5,1.0,1.5
2019-07-17,0.0001211499702025165,8.97935332638079,0.003258951537052912,15.16467262498946,cash,0.0,0.0,1.5,True,0.0,11.0,2.0,cash,0.0,0.0,1.5
2019-07-18,0.0001211499702025165,8.98044117476872,0.0001211499702025165,15.16650982462611,cash,0.0,0.0,1.5,True,0.0,12.0,3.0,cash,0.0,0.0,1.5
2019-07-19,0.0001211499702025165,8.981529154949449,0.0001211499702025165,15.168347246839438,cash,0.0,0.0,1.5,True,0.0,13.0,4.0,cash,0.0,0.0,1.5
2019-07-22,0.0001211499702025165,8.982617266938943,0.0001211499702025165,15.170184891656415,cash,0.0,0.0,1.5,True,0.0,14.0,5.0,cash,0.0,0.0,1.5
2019-07-23,0.0001211499702025165,8.983705510753174,0.0001211499702025165,15.172022759104006,cash,0.0,0.0,1.5,True,0.0,15.0,6.0,cash,0.0,0.0,1.5
2019-07-24,0.0001211499702025165,8.98479388640811,0.0001211499702025165,15.173860849209184,cash,0.0,0.0,1.5,False,1.0,0.0,0.0,cash,0.0,0.0,1.5
2019-07-25,0.0001211499702025165,8.985882393919724,0.0001211499702025165,15.175699161998923,cash,0.0,0.0,1.5,False,1.0,1.0,0.0,cash,0.0,0.0,1.5
2019-07-26,0.0001211499702025165,8.986971033303991,0.0001211499702025165,15.1775376975002,cash,0.0,0.0,1.5,False,1.0,2.0,1.0,cash,0.0,0.0,1.5
2019-07-29,0.0001211499702025165,8.988059804576887,0.0001211499702025165,15.17937645574,cash,0.0,0.0,1.5,True,0.0,3.0,2.0,cash,0.0,0.0,1.5
2019-07-30,0.0001211499702025165,8.98914870775439,0.0001211499702025165,15.181215436745306,cash,0.0,0.0,1.5,True,0.0,4.0,0.0,cash,0.0,0.0,1.5
2019-07-31,0.0001211499702025165,8.99023774285248,0.0001211499702025165,15.183054640543107,cash,0.0,0.0,1.5,True,0.0,5.0,1.0,cash,0.0,0.0,1.5
2019-08-01,0.0001211499702025165,8.99132690988714,-0.0013790317547527353,15.162116726059653,cash,0.0,0.0,1.5,True,0.0,6.0,2.0,0.399606,1.5,1.0,1.5
2019-08-02,0.0001211499702025165,8.992416208874355,-0.017856567488607977,14.891373365470617,cash,0.0,0.0,1.5,False,1.0,0.0,0.0,cash,0.0,0.0,1.5
2019-08-05,0.0001211499702025165,8.993505639830108,0.0001211499702025165,14.893177454910118,cash,0.0,0.0,1.5,False,1.0,1.0,0.0,cash,0.0,0.0,1.5
2019-08-06,0.0001211499702025165,8.99459520277039,0.0001211499702025165,14.894981762915002,cash,0.0,0.0,1.5,False,1.0,0.0,0.0,cash,0.0,0.0,1.5
2019-08-07,0.0001211499702025165,8.995684897711188,0.0001211499702025165,14.896786289511747,cash,0.0,0.0,1.5,False,1.0,1.0,1.0,cash,0.0,0.0,1.5
2019-08-08,0.0001211499702025165,8.996774724668496,0.0001211499702025165,14.898591034726834,cash,0.0,0.0,1.5,False,1.0,2.0,2.0,cash,0.0,0.0,1.5
2019-08-09,0.0001211499702025165,8.997864683658308,0.0001211499702025165,14.90039599858675,cash,0.0,0.0,1.5,True,0.0,3.0,3.0,cash,0.0,0.0,1.5
2019-08-12,0.0001211499702025165,8.99895477469662,0.0001211499702025165,14.902201181117984,cash,0.0,0.0,1.5,True,0.0,4.0,4.0,cash,0.0,0.0,1.5
2019-08-13,0.0001211499702025165,9.000044997799428,0.0001211499702025165,14.904006582347028,cash,0.0,0.0,1.5,True,0.0,5.0,5.0,cash,0.0,0.0,1.5
2019-08-14,0.0001211499702025165,9.001135352982732,0.0001211499702025165,14.905812202300378,cash,0.0,0.0,1.5,False,1.0,0.0,0.0,cash,0.0,0.0,1.5
2019-08-15,0.0001211499702025165,9.002225840262534,0.0001211499702025165,14.90761804100453,cash,0.0,0.0,1.5,False,1.0,0.0,0.0,cash,0.0,0.0,1.5
2019-08-16,0.0001211499702025165,9.003316459654839,0.0001211499702025165,14.909424098485989,cash,0.0,0.0,1.5,False,1.0,0.0,0.0,cash,0.0,0.0,1.5
2019-08-19,0.0001211499702025165,9.00440721117565,0.0001211499702025165,14.911230374771257,cash,0.0,0.0,1.5,False,1.0,0.0,0.0,cash,0.0,0.0,1.5
2019-08-20,0.0001211499702025165,9.005498094840975,0.0001211499702025165,14.913036869886843,cash,0.0,0.0,1.5,False,1.0,0.0,0.0,cash,0.0,0.0,1.5
2019-08-21,0.0001211499702025165,9.006589110666823,0.0001211499702025165,14.914843583859259,cash,0.0,0.0,1.5,False,1.0,0.0,0.0,cash,0.0,0.0,1.5
2019-08-22,0.0001211499702025165,9.007680258669208,0.0001211499702025165,14.916650516715018,cash,0.0,0.0,1.5,False,1.0,0.0,0.0,cash,0.0,0.0,1.5
2019-08-23,0.0001211499702025165,9.008771538864139,0.0001211499702025165,14.91845766848064,cash,0.0,0.0,1.5,False,1.0,0.0,0.0,cash,0.0,0.0,1.5
2019-08-26,0.0001211499702025165,9.009862951267634,0.0001211499702025165,14.920265039182643,cash,0.0,0.0,1.5,False,1.0,0.0,0.0,cash,0.0,0.0,1.5
2019-08-27,0.0001211499702025165,9.010954495895708,0.0001211499702025165,14.922072628847554,cash,0.0,0.0,1.5,False,1.0,0.0,0.0,cash,0.0,0.0,1.5
2019-08-28,0.0001211499702025165,9.012046172764382,0.0001211499702025165,14.923880437501898,cash,0.0,0.0,1.5,False,1.0,0.0,0.0,cash,0.0,0.0,1.5
2019-08-29,0.0001211499702025165,9.013137981889676,0.0001211499702025165,14.925688465172207,cash,0.0,0.0,1.5,False,1.0,0.0,0.0,cash,0.0,0.0,1.5
2019-08-30,0.0001211499702025165,9.014229923287612,0.0001211499702025165,14.927496711885015,cash,0.0,0.0,1.5,False,1.0,0.0,0.0,cash,0.0,0.0,1.5
2019-09-02,-0.0013790317547527353,9.001799013978756,-0.0013790317547527353,14.906911219900358,1.H00852,1.5,1.0,1.5,False,1.0,0.0,0.0,1.H00852,1.5,1.0,1.5
2019-09-03,0.011087992189406481,9.10161089113636,0.011087992189406481,15.07219893507479,1.H00852,1.5,1.0,1.5,False,1.0,0.0,0.0,1.H00852,1.5,1.0,1.5
2019-09-04,0.01048274055631504,9.197020716752673,0.01048274055631504,15.230196886124347,1.H00852,1.5,1.0,1.5,False,1.0,0.0,0.0,1.H00852,1.5,1.0,1.5
2019-09-05,0.014083372538803651,9.326545785753796,0.014083372538803651,15.444689422710963,1.H00852,1.5,1.0,1.5,False,1.0,0.0,0.0,1.H00852,1.5,1.0,1.5
2019-09-06,0.006241419025188488,9.38475666606029,0.006241419025188488,15.541086201112,1.H00852,1.5,1.0,1.5,False,1.0,0.0,0.0,1.H00852,1.5,1.0,1.5
2019-09-09,0.03663731971417672,9.728588996474492,0.03663731971417672,16.110469944967722,1.H00852,1.5,1.0,1.5,False,1.0,0.0,0.0,1.H00852,1.5,1.0,1.5
2019-09-10,0.0032411647107504216,9.76012095581526,0.0032411647107504216,16.162686631626958,1.H00852,1.5,1.0,1.5,False,1.0,0.0,0.0,1.H00852,1.5,1.0,1.5
2019-09-11,-0.012928194661660397,9.63394021217713,-0.012928194661660397,15.953732272597868,1.H00852,1.5,1.0,1.5,False,1.0,0.0,0.0,1.H00852,1.5,1.0,1.5
2019-09-12,0.007083736943954699,9.70218451037398,0.007083736943954699,16.06674431529123,1.H00852,1.5,1.0,1.5,False,1.0,0.0,1.0,1.H00852,1.5,1.0,1.5
2019-09-16,0.009140885152704836,9.790871064713661,0.009140885152704836,16.213608579855183,1.H00852,1.5,1.0,1.5,False,1.0,0.0,0.0,1.H00852,1.5,1.0,1.5
2019-09-17,-0.03604999292209443,9.437910232129594,-0.03604999292209443,15.629108105309795,1.H00852,1.5,1.0,1.5,False,1.0,0.0,0.0,1.H00852,1.5,1.0,1.5
2019-09-18,-0.001791469161987469,9.421002506995128,-0.001791469161987469,15.601109040109764,1.H00852,1.5,1.0,1.5,False,1.0,1.0,1.0,1.H00852,1.5,1.0,1.5
2019-09-19,0.017583434758403182,9.58665608993563,0.017583434758403182,15.875430123075267,1.H00852,1.5,1.0,1.5,False,1.0,2.0,2.0,1.H00852,1.5,1.0,1.5
2019-09-20,8.951185920103022e-05,9.58751420934576,0.0015918997087640552,15.900702215664694,cash,0.0,0.0,1.5,True,0.0,3.0,3.0,1.H00852,1.5,1.0,1.5
2019-09-23,0.0001211499702025165,9.58867573640654,-0.014979196126880368,15.662522478621131,cash,0.0,0.0,1.5,True,0.0,4.0,4.0,1.H00852,1.5,1.0,1.5
2019-09-24,0.0001211499702025165,9.589837404186287,0.007507875530694985,15.780114747887332,cash,0.0,0.0,1.5,True,0.0,5.0,0.0,1.H00852,1.5,1.0,1.5
2019-09-25,0.0001211499702025165,9.590999212702052,-0.029118499231803652,15.320621488723202,cash,0.0,0.0,1.5,True,0.0,6.0,1.0,1.H00852,1.5,1.0,1.5
2019-09-26,0.0001211499702025165,9.592161161970882,-0.05059575401351535,14.545463092545585,cash,0.0,0.0,1.5,True,0.0,7.0,2.0,cash,0.0,0.0,1.5
2019-09-27,0.0001211499702025165,9.593323252009833,0.0001211499702025165,14.547225274965829,cash,0.0,0.0,1.5,True,0.0,8.0,3.0,cash,0.0,0.0,1.5
2019-09-30,0.0001211499702025165,9.594485482835957,0.0001211499702025165,14.54898767087442,cash,0.0,0.0,1.5,True,0.0,9.0,4.0,cash,0.0,0.0,1.5
2019-10-08,0.0001211499702025165,9.59564785446631,0.0001211499702025165,14.550750280297223,cash,0.0,0.0,1.5,True,0.0,10.0,5.0,cash,0.0,0.0,1.5
2019-10-09,0.0001211499702025165,9.596810366917953,0.0001211499702025165,14.552513103260106,cash,0.0,0.0,1.5,True,0.0,11.0,6.0,cash,0.0,0.0,1.5
2019-10-10,0.0001211499702025165,9.597973020207945,0.0001211499702025165,14.554276139788938,cash,0.0,0.0,1.5,True,0.0,12.0,7.0,cash,0.0,0.0,1.5
2019-10-11,0.0001211499702025165,9.599135814353348,0.0001211499702025165,14.556039389909593,cash,0.0,0.0,1.5,True,0.0,13.0,8.0,cash,0.0,0.0,1.5
2019-10-14,0.0001211499702025165,9.600298749371227,0.0001211499702025165,14.557802853647948,cash,0.0,0.0,1.5,False,1.0,0.0,0.0,cash,0.0,0.0,1.5
2019-10-15,0.0001211499702025165,9.601461825278648,0.0001211499702025165,14.559566531029882,cash,0.0,0.0,1.5,False,1.0,0.0,0.0,cash,0.0,0.0,1.5
2019-10-16,0.0001211499702025165,9.602625042092681,0.0001211499702025165,14.561330422081278,cash,0.0,0.0,1.5,False,1.0,1.0,1.0,cash,0.0,0.0,1.5
2019-10-17,0.0001211499702025165,9.603788399830396,0.0001211499702025165,14.563094526828023,cash,0.0,0.0,1.5,False,1.0,2.0,2.0,cash,0.0,0.0,1.5
2019-10-18,0.0001211499702025165,9.604951898508867,0.0001211499702025165,14.564858845296005,cash,0.0,0.0,1.5,True,0.0,3.0,3.0,cash,0.0,0.0,1.5
2019-10-21,0.0001211499702025165,9.606115538145168,0.0001211499702025165,14.566623377511116,cash,0.0,0.0,1.5,True,0.0,4.0,4.0,cash,0.0,0.0,1.5
2019-10-22,0.0001211499702025165,9.607279318756376,0.0001211499702025165,14.568388123499252,cash,0.0,0.0,1.5,True,0.0,5.0,5.0,cash,0.0,0.0,1.5
2019-10-23,0.0001211499702025165,9.60844324035957,0.0001211499702025165,14.570153083286312,cash,0.0,0.0,1.5,True,0.0,6.0,6.0,cash,0.0,0.0,1.5
2019-10-24,0.0001211499702025165,9.609607302971831,0.0001211499702025165,14.571918256898199,cash,0.0,0.0,1.5,True,0.0,7.0,7.0,cash,0.0,0.0,1.5
2019-10-25,0.0001211499702025165,9.610771506610243,0.0001211499702025165,14.573683644360816,cash,0.0,0.0,1.5,True,0.0,8.0,8.0,cash,0.0,0.0,1.5
2019-10-28,0.0001211499702025165,9.611935851291893,0.0001211499702025165,14.57544924570007,cash,0.0,0.0,1.5,False,1.0,0.0,0.0,cash,0.0,0.0,1.5
2019-10-29,0.0001211499702025165,9.613100337033865,0.0001211499702025165,14.577215060941876,cash,0.0,0.0,1.5,False,1.0,0.0,0.0,cash,0.0,0.0,1.5
2019-10-30,0.0001211499702025165,9.61426496385325,0.0001211499702025165,14.578981090112144,cash,0.0,0.0,1.5,False,1.0,0.0,0.0,cash,0.0,0.0,1.5
2019-10-31,-0.0013790317547527353,9.60100658716949,-0.0013790317547527353,14.55887621223694,0.399606,1.5,1.0,1.5,False,1.0,1.0,1.0,0.399606,1.5,1.0,1.5
2019-11-01,0.014018779831654449,9.735600984677284,0.014018779831654449,14.762973892452601,0.399606,1.5,1.0,1.5,False,1.0,2.0,2.0,0.399606,1.5,1.0,1.5
2019-11-04,0.009909724106530016,9.832078104446698,0.011426864403134562,14.931668393308673,cash,0.0,0.0,1.5,True,0.0,3.0,0.0,0.399606,1.5,1.0,1.5
2019-11-05,0.0001211499702025165,9.83326926041608,0.01174103090315537,15.106981573350179,cash,0.0,0.0,1.5,True,0.0,4.0,0.0,0.399606,1.5,1.0,1.5
2019-11-06,0.0001211499702025165,9.834460560693973,-0.009056375838208508,14.970167070441029,cash,0.0,0.0,1.5,True,0.0,5.0,0.0,0.399606,1.5,1.0,1.5
2019-11-07,0.0001211499702025165,9.83565200529786,0.011001556625044318,15.13486221115286,cash,0.0,0.0,1.5,True,0.0,6.0,1.0,0.399606,1.5,1.0,1.5
2019-11-08,0.0001211499702025165,9.836843594245224,-0.0038728981817066632,15.076246430814905,cash,0.0,0.0,1.5,True,0.0,7.0,0.0,0.399606,1.5,1.0,1.5
2019-11-11,0.0001211499702025165,9.838035327553554,-0.03489507023478089,14.550159752734753,cash,0.0,0.0,1.5,True,0.0,8.0,1.0,cash,0.0,0.0,1.5
2019-11-12,0.0001211499702025165,9.839227205240338,0.0001211499702025165,14.55192250415524,cash,0.0,0.0,1.5,True,0.0,9.0,2.0,cash,0.0,0.0,1.5
2019-11-13,0.0001211499702025165,9.840419227323068,0.0001211499702025165,14.553685469133008,cash,0.0,0.0,1.5,True,0.0,10.0,3.0,cash,0.0,0.0,1.5
2019-11-14,0.0001211499702025165,9.841611393819239,0.0001211499702025165,14.55544864769393,cash,0.0,0.0,1.5,True,0.0,11.0,4.0,cash,0.0,0.0,1.5
2019-11-15,0.0001211499702025165,9.842803704746345,0.0001211499702025165,14.557212039863883,cash,0.0,0.0,1.5,True,0.0,12.0,5.0,cash,0.0,0.0,1.5
2019-11-18,0.0001211499702025165,9.843996160121884,0.0001211499702025165,14.558975645668744,cash,0.0,0.0,1.5,True,0.0,13.0,6.0,cash,0.0,0.0,1.5
2019-11-19,0.0001211499702025165,9.845188759963357,0.0001211499702025165,14.560739465134395,cash,0.0,0.0,1.5,False,1.0,0.0,0.0,cash,0.0,0.0,1.5
2019-11-20,0.0001211499702025165,9.846381504288264,0.0001211499702025165,14.562503498286722,cash,0.0,0.0,1.5,False,1.0,0.0,0.0,cash,0.0,0.0,1.5
2019-11-21,0.0001211499702025165,9.84757439311411,0.0001211499702025165,14.564267745151612,cash,0.0,0.0,1.5,False,1.0,1.0,1.0,cash,0.0,0.0,1.5
2019-11-22,0.0001211499702025165,9.848767426458403,0.0001211499702025165,14.56603220575496,cash,0.0,0.0,1.5,False,1.0,0.0,0.0,cash,0.0,0.0,1.5
2019-11-25,0.0001211499702025165,9.84996060433865,0.0001211499702025165,14.567796880122655,cash,0.0,0.0,1.5,False,1.0,1.0,1.0,cash,0.0,0.0,1.5
2019-11-26,0.0001211499702025165,9.851153926772362,0.0001211499702025165,14.569561768280598,cash,0.0,0.0,1.5,False,1.0,2.0,2.0,cash,0.0,0.0,1.5
2019-11-27,0.0001211499702025165,9.85234739377705,0.0001211499702025165,14.571326870254689,cash,0.0,0.0,1.5,True,0.0,3.0,3.0,cash,0.0,0.0,1.5
2019-11-28,0.0001211499702025165,9.85354100537023,0.0001211499702025165,14.57309218607083,cash,0.0,0.0,1.5,True,0.0,4.0,4.0,cash,0.0,0.0,1.5
2019-11-29,0.0001211499702025165,9.85473476156942,0.0001211499702025165,14.574857715754932,cash,0.0,0.0,1.5,True,0.0,5.0,5.0,cash,0.0,0.0,1.5
2019-12-02,0.0001211499702025165,9.855928662392138,0.0001211499702025165,14.576623459332902,cash,0.0,0.0,1.5,True,0.0,6.0,6.0,cash,0.0,0.0,1.5
2019-12-03,0.0001211499702025165,9.857122707855906,0.0001211499702025165,14.578389416830653,cash,0.0,0.0,1.5,True,0.0,7.0,7.0,cash,0.0,0.0,1.5
2019-12-04,0.0001211499702025165,9.858316897978245,0.0001211499702025165,14.580155588274103,cash,0.0,0.0,1.5,True,0.0,8.0,8.0,cash,0.0,0.0,1.5
2019-12-05,0.0001211499702025165,9.859511232776683,0.0001211499702025165,14.58192197368917,cash,0.0,0.0,1.5,False,1.0,0.0,0.0,cash,0.0,0.0,1.5
2019-12-06,0.0001211499702025165,9.860705712268745,0.0001211499702025165,14.583688573101778,cash,0.0,0.0,1.5,False,1.0,0.0,0.0,cash,0.0,0.0,1.5
2019-12-09,-0.0013790317547527353,9.847107485967255,-0.0013790317547527353,14.563577203458046,1.H00905,1.5,1.0,1.5,False,1.0,0.0,0.0,1.H00905,1.5,1.0,1.5
2019-12-10,0.007277722932315545,9.918772005934855,0.007277722932315545,14.6695668832482,1.H00905,1.5,1.0,1.5,False,1.0,0.0,0.0,1.H00905,1.5,1.0,1.5
2019-12-11,-0.006530374680454143,9.8539987083661,-0.006530374680454143,14.573769115100607,1.H00905,1.5,1.0,1.5,False,1.0,0.0,0.0,1.H00905,1.5,1.0,1.5
2019-12-12,-0.004618316970674385,9.80848981890225,-0.004618316970674385,14.506462829869648,1.H00905,1.5,1.0,1.5,False,1.0,0.0,0.0,1.H00905,1.5,1.0,1.5
2019-12-13,0.01534597233597168,9.959010632320785,0.01534597233597168,14.72907860714963,1.H00852,1.5,1.0,1.5,False,1.0,0.0,0.0,1.H00852,1.5,1.0,1.5
2019-12-16,0.02812260531777966,10.239083957689115,0.02812260531777966,15.143298671513051,1.H00852,1.5,1.0,1.5,False,1.0,0.0,0.0,1.H00852,1.5,1.0,1.5
2019-12-17,0.018735384405245137,10.430917131593999,0.018735384405245137,15.427014193287286,1.H00852,1.5,1.0,1.5,False,1.0,0.0,0.0,1.H00852,1.5,1.0,1.5
2019-12-18,-0.0005556311249702572,10.4251213893737,-0.0005556311249702572,15.418442464036138,1.H00852,1.5,1.0,1.5,False,1.0,0.0,0.0,1.H00852,1.5,1.0,1.5
2019-12-19,0.0065230802549252065,10.493125292863922,0.0065230802549252065,15.519018201634992,1.H00852,1.5,1.0,1.5,False,1.0,0.0,0.0,1.H00852,1.5,1.0,1.5
2019-12-20,-0.01809839759857912,10.303216539261964,-0.01809839759857912,15.238148839882216,1.H00852,1.5,1.0,1.5,False,1.0,0.0,0.0,1.H00852,1.5,1.0,1.5
2019-12-23,-0.033890037743306234,9.95404014186892,-0.033890037743306234,14.72172740056049,1.H00852,1.5,1.0,1.5,False,1.0,0.0,0.0,1.H00852,1.5,1.0,1.5
2019-12-24,0.026341423760499083,10.216243731374908,0.026341423760499083,15.109518660505204,1.H00852,1.5,1.0,1.5,False,1.0,1.0,1.0,1.H00852,1.5,1.0,1.5
2019-12-25,0.008899438598394926,10.307162565168516,0.008899438598394926,15.243984894075671,1.H00852,1.5,1.0,1.5,False,1.0,0.0,0.0,1.H00852,1.5,1.0,1.5
2019-12-26,0.010633673480638706,10.41676556639838,0.010633673480638706,15.40608445198306,1.H00852,1.5,1.0,1.5,False,1.0,0.0,1.0,1.H00852,1.5,1.0,1.5
2019-12-27,-0.01216480966563982,10.290047595951554,-0.01216480966563982,15.218672366931914,1.H00852,1.5,1.0,1.5,False,1.0,0.0,0.0,1.H00852,1.5,1.0,1.5
2019-12-30,0.008431898957964368,10.376812237553262,0.008431898957964368,15.346994674604248,1.H00852,1.5,1.0,1.5,False,1.0,1.0,1.0,1.H00852,1.5,1.0,1.5
2019-12-31,0.009986835418979378,10.480443753543357,0.009986835418979378,15.500262584595474,1.H00852,1.5,1.0,1.5,False,1.0,2.0,2.0,1.H00852,1.5,1.0,1.5
2020-01-02,0.02945053538429865,10.789098433150237,0.02945053538429865,15.956753616309022,1.H00852,1.5,1.0,1.5,False,1.0,0.0,0.0,1.H00852,1.5,1.0,1.5
2020-01-03,0.007731518029019835,10.872514542203007,0.007731518029019835,16.080123544578143,1.H00852,1.5,1.0,1.5,False,1.0,0.0,0.0,1.H00852,1.5,1.0,1.5
2020-01-06,0.015367362843997201,11.039596418199677,0.015367362843997201,16.32723263766398,1.H00852,1.5,1.0,1.5,False,1.0,0.0,0.0,1.H00852,1.5,1.0,1.5
2020-01-07,0.022740575709102817,11.290643196345687,0.022740575709102817,16.69852330758091,1.H00852,1.5,1.0,1.5,False,1.0,0.0,0.0,1.H00852,1.5,1.0,1.5
2020-01-08,-0.020536757145891427,11.058769999001425,-0.020536757145891427,16.355589789718113,1.H00852,1.5,1.0,1.5,False,1.0,0.0,0.0,1.H00852,1.5,1.0,1.5
2020-01-09,0.023769833430421716,11.321635119823034,0.023769833430421716,16.74435943467602,1.H00852,1.5,1.0,1.5,False,1.0,0.0,0.0,1.H00852,1.5,1.0,1.5
2020-01-10,-0.0032045913729598086,11.28535390559025,-0.0032045913729598086,16.69070060488592,1.H00852,1.5,1.0,1.5,False,1.0,0.0,0.0,1.H00852,1.5,1.0,1.5
2020-01-13,0.01912177201653087,11.501149870098814,0.01912177201653087,17.00985637664872,1.H00852,1.5,1.0,1.5,False,1.0,0.0,0.0,1.H00852,1.5,1.0,1.5
2020-01-14,-0.0032537102928384964,11.463728460386996,-0.0032537102928384964,16.954511231876314,1.H00852,1.5,1.0,1.5,False,1.0,0.0,0.0,1.H00852,1.5,1.0,1.5
2020-01-15,-0.00021138251228181026,11.461305228664923,-0.00021138251228181026,16.95092734469761,1.H00852,1.5,1.0,1.5,False,1.0,0.0,1.0,1.H00852,1.5,1.0,1.5
2020-01-16,-0.0029474155482354103,11.427523999430884,-0.0029474155482354103,16.90096591788484,1.H00852,1.5,1.0,1.5,False,1.0,1.0,2.0,1.H00852,1.5,1.0,1.5
2020-01-17,-0.008818436906767091,11.326751100041335,-0.008818436906767091,16.75192581627455,0.399606,1.5,1.0,1.5,False,1.0,2.0,3.0,0.399606,1.5,1.0,1.5
2020-01-20,0.03692661974780931,11.745009730890642,0.03848434626720998,17.396612730030675,cash,0.0,0.0,1.5,True,0.0,3.0,0.0,0.399606,1.5,1.0,1.5
2020-01-21,0.0001211499702025165,11.746432638469567,-0.011523002896615342,17.196151511151236,cash,0.0,0.0,1.5,True,0.0,4.0,0.0,0.399606,1.5,1.0,1.5
2020-01-22,0.0001211499702025165,11.747855718433703,0.020431425785909063,17.54749340455457,cash,0.0,0.0,1.5,True,0.0,5.0,0.0,0.399606,1.5,1.0,1.5
2020-01-23,-0.0013790317547527353,11.73165505234773,-0.04983357776611441,16.67303902737832,0.399606,1.5,1.0,1.5,False,1.0,0.0,0.0,0.399606,1.5,1.0,1.5
2020-02-03,-0.10408869801321985,10.510522352408643,-0.10408869801321985,14.937564103094909,cash,0.0,0.0,1.5,False,1.0,1.0,1.0,cash,0.0,0.0,1.5
2020-02-04,-0.0013790317547527353,10.496028008325633,-0.0013790317547527353,14.916964727858087,1.H11077,1.5,1.0,1.5,False,1.0,0.0,0.0,1.H11077,1.5,1.0,1.5
2020-02-05,-0.001584552227040792,10.479396503769957,-0.001584552227040792,14.89332801817787,1.H11077,1.5,1.0,1.5,False,1.0,0.0,0.0,1.H11077,1.5,1.0,1.5
2020-02-06,0.0008547413075288279,10.488353676839703,0.0008547413075288279,14.906057960841583,1.H11077,1.5,1.0,1.5,False,1.0,0.0,0.0,1.H11077,1.5,1.0,1.5
2020-02-07,0.0026836993068082293,10.516501264331797,0.0026836993068082293,14.946061338258337,1.H11077,1.5,1.0,1.5,False,1.0,0.0,0.0,1.H11077,1.5,1.0,1.5
2020-02-10,0.0017656001924435394,10.535069200987934,0.0017656001924435394,14.972450107033438,1.H11077,1.5,1.0,1.5,False,1.0,0.0,0.0,1.H11077,1.5,1.0,1.5
2020-02-11,-0.0008712214756776415,10.525890822452283,-0.0008712214756776415,14.95940578695668,1.H11077,1.5,1.0,1.5,False,1.0,0.0,0.0,1.H11077,1.5,1.0,1.5
2020-02-12,-0.005486347974576367,10.468142122657909,-0.005486347974576367,14.877333281316544,0.399606,1.5,1.0,1.5,False,1.0,0.0,0.0,0.399606,1.5,1.0,1.5
2020-02-13,-0.014938185839893148,10.311767070231232,-0.014938185839893148,14.65509291195821,0.399606,1.5,1.0,1.5,False,1.0,0.0,0.0,0.399606,1.5,1.0,1.5
2020-02-14,0.0033001059659900633,10.345796994259603,0.0033001059659900633,14.703456271509102,0.399606,1.5,1.0,1.5,False,1.0,0.0,0.0,0.399606,1.5,1.0,1.5
2020-02-17,0.055727076010542165,10.922338009748346,0.055727076010542165,15.522836896769173,0.399606,1.5,1.0,1.5,False,1.0,0.0,0.0,0.399606,1.5,1.0,1.5
2020-02-18,0.017256799805111633,11.110822610186334,0.017256799805111633,15.79071138550412,0.399606,1.5,1.0,1.5,False,1.0,0.0,0.0,0.399606,1.5,1.0,1.5
2020-02-19,-0.021836817813676968,10.868197601087612,-0.021836817813676968,15.445892497830512,0.399606,1.5,1.0,1.5,False,1.0,0.0,0.0,0.399606,1.5,1.0,1.5
2020-02-20,0.03310159400239998,11.227952265616672,0.03310159400239998,15.957176160298413,0.399606,1.5,1.0,1.5,False,1.0,0.0,0.0,0.399606,1.5,1.0,1.5
2020-02-21,0.027312755631850205,11.53461858209354,0.027307663981314567,16.392929364974485,0.399606,1.5,1.0,1.5,False,1.0,0.0,0.0,0.399606,1.4950437191520733,1.0,1.4950437191520733
2020-02-24,0.025085332579104502,11.823968325398475,0.024986060153625367,16.80252408418187,0.399606,1.5,1.0,1.5,False,1.0,0.0,0.0,0.399606,1.4786670894596212,1.0,1.4786670894596212
2020-02-25,0.012361263700167768,11.970127515851157,0.012200870916853512,17.007529511610294,1.H00852,1.5,1.0,1.5,False,1.0,0.0,0.0,1.H00852,1.4658197854186268,1.0,1.4658197854186268
2020-02-26,-0.043443360774576334,11.450104947662352,-0.04245450435817799,16.285483275837795,1.H00852,1.5,1.0,1.5,False,1.0,0.0,0.0,1.H00852,1.461809756498265,1.0,1.461809756498265
2020-02-27,0.002412030014756761,11.477722944468228,0.0023066302675842643,16.323047864484078,1.H00852,1.5,1.0,1.5,False,1.0,0.0,1.0,1.H00852,1.4148467242179772,1.0,1.4148467242179772
2020-02-28,-0.08698031626584812,10.4793869727466,-0.08203571880800664,14.983974899783629,1.H00852,1.5,1.0,1.5,False,1.0,0.0,0.0,1.H00852,1.4149040893041782,1.0,1.4149040893041782
2020-03-02,0.06172638869701985,11.126241686332841,0.05822836065103032,15.856467194234217,1.H00852,1.3517423380031568,1.0,1.3517423380031568,False,1.0,1.0,1.0,1.H00852,1.271641150948045,1.0,1.271641150948045
2020-03-03,0.018129746946244918,11.327957632568816,0.017067736100848885,16.127101191797173,1.H00852,1.288881182728267,1.0,1.288881182728267,False,1.0,0.0,0.0,1.H00852,1.2174940402459047,1.0,1.2174940402459047
2020-03-04,0.006335463271454067,11.399725492090544,0.005991434348494806,16.223725659819358,1.H00852,1.2859363206666268,1.0,1.2859363206666268,False,1.0,1.0,1.0,1.H00852,1.214873034805487,1.0,1.214873034805487
2020-03-05,0.0184080102612183,11.60957175592402,0.01739744686747491,16.505977064978556,1.H00852,1.2868583780063416,1.0,1.2868583780063416,False,1.0,0.0,2.0,1.H00852,1.2157417864276308,1.0,1.2157417864276308
2020-03-06,-0.006482478452212614,11.534312957176825,-0.0061194881805617385,16.404968933420797,1.H20955,1.281165771063577,1.0,1.281165771063577,False,1.0,1.0,3.0,1.H20955,1.2117774329152826,1.0,1.2117774329152826
2020-03-09,-0.024852729186448208,11.247653800900368,-0.023500469941108548,16.019444454116123,1.H20955,1.280430874670948,1.0,1.280430874670948,False,1.0,0.0,4.0,1.H20955,1.2128134451023915,1.0,1.2128134451023915
2020-03-10,0.015337262705893862,11.420162022069723,0.015755179628381466,16.271833679037602,cash,0.0,0.0,1.2648855501980683,True,0.0,0.0,5.0,1.H20955,1.2014536891293155,1.0,1.2014536891293155
2020-03-11,0.0001211499702025165,11.421545574358404,-0.01342088923037943,16.05345120165608,cash,0.0,0.0,1.2604625723049034,True,0.0,1.0,6.0,cash,0.0,0.0,1.197516264756559
2020-03-12,0.0001211499702025165,11.422929294264405,0.0001211499702025165,16.05539607679081,cash,0.0,0.0,1.2604625723049034,True,0.0,2.0,7.0,cash,0.0,0.0,1.2100775363325973
2020-03-13,0.0001211499702025165,11.42431318180803,0.0001211499702025165,16.057341187547102,cash,0.0,0.0,1.2604625723049034,True,0.0,3.0,8.0,cash,0.0,0.0,1.2100775363325973
2020-03-16,0.0001211499702025165,11.42569723700959,0.0001211499702025165,16.059286533953504,cash,0.0,0.0,1.2604625723049034,True,0.0,4.0,9.0,cash,0.0,0.0,1.2100775363325973
2020-03-17,0.0001211499702025165,11.427081459889397,0.0001211499702025165,16.061232116038568,cash,0.0,0.0,1.2604625723049034,True,0.0,5.0,10.0,cash,0.0,0.0,1.2100775363325973
2020-03-18,0.0001211499702025165,11.428465850467765,0.0001211499702025165,16.06317793383084,cash,0.0,0.0,1.2604625723049034,True,0.0,6.0,11.0,cash,0.0,0.0,1.2100775363325973
2020-03-19,0.0001211499702025165,11.42985040876501,0.0001211499702025165,16.06512398735888,cash,0.0,0.0,1.2604625723049034,True,0.0,7.0,12.0,cash,0.0,0.0,1.2100775363325973
2020-03-20,0.0001211499702025165,11.431235134801451,0.0001211499702025165,16.06707027665125,cash,0.0,0.0,1.2604625723049034,True,0.0,8.0,13.0,cash,0.0,0.0,1.2100775363325973
2020-03-23,0.0001211499702025165,11.43262002859741,0.0001211499702025165,16.06901680173651,cash,0.0,0.0,1.2604625723049034,True,0.0,9.0,14.0,cash,0.0,0.0,1.2100775363325973
2020-03-24,0.0001211499702025165,11.434005090173212,0.0001211499702025165,16.070963562643225,cash,0.0,0.0,1.2604625723049034,True,0.0,10.0,15.0,cash,0.0,0.0,1.2100775363325973
2020-03-25,0.0001211499702025165,11.435390319549182,0.0001211499702025165,16.072910559399965,cash,0.0,0.0,1.2604625723049034,True,0.0,11.0,16.0,cash,0.0,0.0,1.2100775363325973
2020-03-26,0.0001211499702025165,11.436775716745649,0.0001211499702025165,16.074857792035303,cash,0.0,0.0,1.2604625723049034,True,0.0,12.0,17.0,cash,0.0,0.0,1.2100775363325973
2020-03-27,0.0001211499702025165,11.438161281782945,0.0001211499702025165,16.076805260577817,cash,0.0,0.0,1.2604625723049034,True,0.0,13.0,18.0,cash,0.0,0.0,1.2100775363325973
2020-03-30,0.0001211499702025165,11.439547014681404,0.0001211499702025165,16.078752965056086,cash,0.0,0.0,1.2604625723049034,True,0.0,14.0,19.0,cash,0.0,0.0,1.2100775363325973
2020-03-31,0.0001211499702025165,11.440932915461362,0.0001211499702025165,16.080700905498695,cash,0.0,0.0,1.2604625723049034,True,0.0,15.0,20.0,cash,0.0,0.0,1.2100775363325973
2020-04-01,0.0001211499702025165,11.442318984143158,0.0001211499702025165,16.082649081934232,cash,0.0,0.0,1.2604625723049034,True,0.0,16.0,21.0,cash,0.0,0.0,1.2100775363325973
2020-04-02,0.0001211499702025165,11.443705220747136,0.0001211499702025165,16.084597494391286,cash,0.0,0.0,1.2604625723049034,True,0.0,17.0,22.0,cash,0.0,0.0,1.2100775363325973
2020-04-03,0.0001211499702025165,11.445091625293635,0.0001211499702025165,16.086546142898452,cash,0.0,0.0,1.2604625723049034,True,0.0,18.0,23.0,cash,0.0,0.0,1.2100775363325973
2020-04-07,0.0001211499702025165,11.446478197803005,0.0001211499702025165,16.088495027484328,cash,0.0,0.0,1.2604625723049034,True,0.0,0.0,24.0,cash,0.0,0.0,1.2100775363325973
2020-04-08,0.0001211499702025165,11.447864938295593,0.0001211499702025165,16.09044414817751,cash,0.0,0.0,1.2604625723049034,False,1.0,0.0,0.0,cash,0.0,0.0,1.2100775363325973
2020-04-09,0.0001211499702025165,11.44925184679175,0.0001211499702025165,16.09239350500661,cash,0.0,0.0,1.2604625723049034,False,1.0,0.0,0.0,cash,0.0,0.0,1.2100775363325973
2020-04-10,0.0001211499702025165,11.45063892331183,0.0001211499702025165,16.094343098000227,cash,0.0,0.0,1.2604625723049034,False,1.0,0.0,0.0,cash,0.0,0.0,1.2100775363325973
2020-04-13,0.0001211499702025165,11.45202616787619,0.0001211499702025165,16.09629292718698,cash,0.0,0.0,1.2607405140674963,False,1.0,1.0,1.0,cash,0.0,0.0,1.2104606767326878
2020-04-14,-0.001140889516866861,11.438960671274375,-0.0010903438617098082,16.078742432997537,1.H00016,1.2618866095441295,1.0,1.2618866095441295,False,1.0,2.0,2.0,1.H00016,1.2113470772500183,1.0,1.2113470772500183
2020-04-15,-0.009650580302192124,11.328568062742624,-0.009259073315445066,15.929868177990254,1.H00016,1.2625763998260358,1.0,1.2625763998260358,False,1.0,0.0,0.0,1.H00016,1.2118660054489834,1.0,1.2118660054489834
2020-04-16,0.0016896322686899001,11.347709176899484,0.001626135108152349,15.955772295902724,1.H00016,1.2636005272702218,1.0,1.2636005272702218,False,1.0,1.0,0.0,1.H00016,1.2133485433241002,1.0,1.2133485433241002
2020-04-17,0.0185882316585253,11.558643023873264,0.017854117942825987,16.240648536342647,1.H00016,1.2742418676152534,1.0,1.2742418676152534,False,1.0,0.0,0.0,1.H00016,1.2232778278263,1.0,1.2232778278263
2020-04-20,0.00482539187561426,11.614418006013787,0.004637323919272518,16.315961684264728,1.H00016,1.2723025581381073,1.0,1.2723025581381073,False,1.0,1.0,0.0,1.H00016,1.2214962766023325,1.0,1.2214962766023325
2020-04-21,-0.01594317766259945,11.429247276296216,-0.01530179946702881,16.066298110460384,1.H00016,1.272176268091583,1.0,1.272176268091583,False,1.0,0.0,0.0,1.H00016,1.2212620582144547,1.0,1.2212620582144547
2020-04-22,0.008962557322213405,11.531682560159773,0.008609684038321408,16.204623860856927,1.H00016,1.2659090876400585,1.0,1.2659090876400585,False,1.0,0.0,1.0,1.H00016,1.2162070482355294,1.0,1.2162070482355294
2020-04-23,-0.003006275806345493,11.497015141872708,-0.0028825572580807313,16.157913104732344,1.H00016,1.2708848384531146,1.0,1.2708848384531146,False,1.0,0.0,0.0,1.H00016,1.220054406494609,1.0,1.220054406494609
2020-04-24,-0.009880902185304352,11.383414259832902,-0.00947870301848397,16.004757045014117,1.H00016,1.2912054073620816,1.0,1.2912054073620816,False,1.0,0.0,1.0,1.H00016,1.2373776451771537,1.0,1.2373776451771537
2020-04-27,0.013539255580220289,11.537537214872303,0.012979607821385075,16.21249251473495,1.H00016,1.297759442062108,1.0,1.297759442062108,False,1.0,1.0,2.0,1.H00016,1.2439322784493856,1.0,1.2439322784493856
2020-04-28,0.00917454141813323,11.643388827913403,0.008799076637074688,16.355147478850103,1.H00016,1.2954078771540736,1.0,1.2954078771540736,False,1.0,2.0,0.0,1.H00016,1.2417197403700182,1.0,1.2417197403700182
2020-04-29,0.007678730703275294,11.732795275196475,0.008618372047954903,16.496102224722005,cash,0.0,0.0,1.2954209123061167,True,0.0,3.0,1.0,1.H00016,1.241732163493169,1.0,1.241732163493169
2020-04-30,0.0001211499702025165,11.734216702994457,0.007430947445721037,16.618683893413156,cash,0.0,0.0,1.2976737408100967,True,0.0,4.0,0.0,1.H00016,1.2432470852215645,1.0,1.2432470852215645
2020-05-06,0.0001211499702025165,11.735638302998375,0.000812572081132279,16.632187771970106,cash,0.0,0.0,1.2982480198621418,True,0.0,5.0,0.0,1.H00016,1.2431379916182046,1.0,1.2431379916182046
2020-05-07,0.0001211499702025165,11.73706007522909,-0.004121757349545119,16.56363392978197,cash,0.0,0.0,1.2992246931817857,True,0.0,6.0,0.0,1.H00016,1.2441908335396739,1.0,1.2441908335396739
2020-05-08,0.0001211499702025165,11.738482019707469,0.011223628811289021,16.749538008775918,cash,0.0,0.0,1.3121084422176708,True,0.0,7.0,0.0,1.H00016,1.255474630810139,1.0,1.255474630810139
2020-05-11,0.0001211499702025165,11.73990413645438,-0.0005427008309232262,16.740448020580974,cash,0.0,0.0,1.3127148643317006,True,0.0,8.0,0.0,1.H00016,1.2538043800539127,1.0,1.2538043800539127
2020-05-12,0.0001211499702025165,11.74132642549069,-0.0035212731157868715,16.681500331019876,cash,0.0,0.0,1.3160265598652776,True,0.0,9.0,1.0,0.399606,1.2568848326215818,1.0,1.2568848326215818
2020-05-13,0.0001211499702025165,11.742748886837276,0.009744134046839825,16.844047106347737,cash,0.0,0.0,1.32411748034008,True,0.0,10.0,2.0,0.399606,1.2642240659553574,1.0,1.2642240659553574
2020-05-14,0.0001211499702025165,11.744171520515012,-0.0135554097331273,16.615719146257096,cash,0.0,0.0,1.3325592817566214,True,0.0,11.0,3.0,0.399606,1.2694533674174893,1.0,1.2694533674174893
2020-05-15,0.0001211499702025165,11.745594326544776,0.004484083810680328,16.69022542348364,cash,0.0,0.0,1.3418222135601823,True,0.0,12.0,0.0,0.399606,1.2733267118179437,1.0,1.2733267118179437
2020-05-18,-0.0012211559719320642,11.731251123889024,-0.005698177359858114,16.595121558844617,0.399606,1.342143341508684,1.0,1.342143341508684,False,1.0,0.0,0.0,0.399606,1.2731934578050539,1.0,1.2731934578050539
2020-05-19,0.018570683010703082,11.94910846982972,0.017623966311566708,16.88759342213405,0.399606,1.3482394427803044,1.0,1.3482394427803044,False,1.0,1.0,0.0,0.399606,1.2779101368933652,1.0,1.2779101368933652
2020-05-20,-0.01620945071975599,11.755419984942996,-0.015357380101567397,16.62824423094961,0.399606,1.3413521772724866,1.0,1.3413521772724866,False,1.0,0.0,0.0,0.399606,1.271595236922714,1.0,1.271595236922714
2020-05-21,-0.01171600864077027,11.617693382823521,-0.011099473498905166,16.44367947477486,0.399606,1.3347237941807957,1.0,1.3347237941807957,False,1.0,0.0,1.0,0.399606,1.266270477952179,1.0,1.266270477952179
2020-05-22,-0.0347522737561371,11.213952121968775,-0.03296591878671129,15.90159847265472,cash,0.0,0.0,1.3314550063487414,False,1.0,1.0,2.0,cash,0.0,0.0,1.2636632629803273
2020-05-25,0.0001211499702025165,11.215310691934205,0.0001211499702025165,15.903524950835855,cash,0.0,0.0,1.3066040049288004,False,1.0,2.0,3.0,cash,0.0,0.0,1.2429097789617474
2020-05-26,0.0001211499702025165,11.216669426490345,0.0001211499702025165,15.905451662409764,cash,0.0,0.0,1.3323103809970323,True,0.0,3.0,4.0,cash,0.0,0.0,1.2656761450344358
2020-05-27,0.0001211499702025165,11.218028325657135,0.0001211499702025165,15.907378607404722,cash,0.0,0.0,1.3323103809970323,True,0.0,0.0,5.0,cash,0.0,0.0,1.267522507271564
2020-05-28,0.0001211499702025165,11.21938738945452,0.0001211499702025165,15.909305785849009,cash,0.0,0.0,1.3323103809970323,True,0.0,1.0,6.0,cash,0.0,0.0,1.2744648328348904
2020-05-29,0.0001211499702025165,11.220746617902442,0.0001211499702025165,15.911233197770907,cash,0.0,0.0,1.3323103809970323,True,0.0,2.0,7.0,cash,0.0,0.0,1.3147899340736553
2020-06-01,0.0001211499702025165,11.222106011020852,0.0001211499702025165,15.913160843198701,cash,0.0,0.0,1.5,False,1.0,0.0,0.0,cash,0.0,0.0,1.5
2020-06-02,0.0001211499702025165,11.223465568829697,0.0001211499702025165,15.915088722160682,cash,0.0,0.0,1.5,False,1.0,0.0,0.0,cash,0.0,0.0,1.5
2020-06-03,0.0001211499702025165,11.22482529134893,0.0001211499702025165,15.917016834685143,cash,0.0,0.0,1.5,False,1.0,0.0,0.0,cash,0.0,0.0,1.5
2020-06-04,0.0001211499702025165,11.226185178598506,0.0001211499702025165,15.918945180800378,cash,0.0,0.0,1.5,False,1.0,0.0,0.0,cash,0.0,0.0,1.5
2020-06-05,0.0001211499702025165,11.22754523059838,0.0001211499702025165,15.920873760534688,cash,0.0,0.0,1.5,False,1.0,0.0,1.0,cash,0.0,0.0,1.5
2020-06-08,-0.0013790317547527353,11.212062089197463,-0.0013790317547527353,15.898918370055501,1.H00852,1.5,1.0,1.5,False,1.0,0.0,0.0,1.H00852,1.5,1.0,1.5
2020-06-09,0.010315414938757428,11.327719161966646,0.010315414938757428,16.062922310120058,1.H00852,1.5,1.0,1.5,False,1.0,1.0,1.0,1.H00852,1.5,1.0,1.5
2020-06-10,0.0018272054260766168,11.348417231884463,0.0018272054260766168,16.092272568923757,1.H00852,1.5,1.0,1.5,False,1.0,2.0,2.0,1.H00852,1.5,1.0,1.5
2020-06-11,-0.005267235841103779,11.288642441900882,-0.005267235841103779,16.00751077408391,1.H00852,1.5,1.0,1.5,False,1.0,0.0,0.0,1.H00852,1.5,1.0,1.5
2020-06-12,0.0013963837382378053,11.304405718633532,0.0013963837382378053,16.02986340181851,1.H00852,1.5,1.0,1.5,False,1.0,1.0,0.0,1.H00852,1.5,1.0,1.5
2020-06-15,-0.0035028536293132406,11.264808040034788,-0.0035028536293132406,15.973713136624054,0.399606,1.5,1.0,1.5,False,1.0,0.0,0.0,0.399606,1.5,1.0,1.5
2020-06-16,0.027899280146504335,11.579088075340314,0.027899280146504335,16.419368234402626,0.399606,1.5,1.0,1.5,False,1.0,1.0,0.0,0.399606,1.5,1.0,1.5
2020-06-17,0.0023118027758917137,11.60585664329518,0.0023118027758917137,16.457326575465306,0.399606,1.5,1.0,1.5,False,1.0,0.0,0.0,0.399606,1.5,1.0,1.5
2020-06-18,0.0013143562683364252,11.621110873723708,0.0013143562683364252,16.47895736580983,0.399606,1.5,1.0,1.5,False,1.0,0.0,0.0,0.399606,1.5,1.0,1.5
2020-06-19,0.035342701847294045,12.031832330468072,0.035342701847294045,17.061368242743917,0.399606,1.5,1.0,1.5,False,1.0,1.0,0.0,0.399606,1.5,1.0,1.5
2020-06-22,0.015122302746678251,12.213781341566682,0.015122302746678251,17.319375418583252,0.399606,1.5,1.0,1.5,False,1.0,2.0,0.0,0.399606,1.5,1.0,1.5
2020-06-23,0.023511456889731885,12.500945135039538,0.025049030435384978,17.7532089805652,cash,0.0,0.0,1.5,True,0.0,3.0,0.0,0.399606,1.5,1.0,1.5
2020-06-24,0.0001211499702025165,12.502459624170152,0.00022451820473512463,17.757194899173804,cash,0.0,0.0,1.5,True,0.0,4.0,0.0,0.399606,1.5,1.0,1.5
2020-06-29,0.0001211499702025165,12.50397429678108,-0.00631955668322115,17.64497729947347,cash,0.0,0.0,1.5,True,0.0,5.0,0.0,0.399606,1.5,1.0,1.5
2020-06-30,0.0001211499702025165,12.505489152894548,0.04147307930064703,18.37676884227265,cash,0.0,0.0,1.5,True,0.0,6.0,0.0,0.399606,1.5,1.0,1.5
2020-07-01,-0.0013790317547527353,12.48824368624399,-0.011288467352068565,18.169323287160143,0.399606,1.5,1.0,1.5,False,1.0,0.0,0.0,0.399606,1.5,1.0,1.5
2020-07-02,0.0029210325885717925,12.524722253025535,0.0029210325885717925,18.222396472594234,0.399606,1.5,1.0,1.5,False,1.0,0.0,0.0,0.399606,1.5,1.0,1.5
2020-07-03,0.023575760361849163,12.820002103461585,0.023575760361849163,18.65200332505072,0.399606,1.5,1.0,1.5,False,1.0,0.0,0.0,0.399606,1.5,1.0,1.5
2020-07-06,0.04070010726998596,13.341777564273917,0.04070010726998596,19.411141861180422,0.399606,1.5,1.0,1.5,False,1.0,0.0,0.0,0.399606,1.5,1.0,1.5
2020-07-07,0.03347545843429511,13.788399684566379,0.03347545843429511,20.060938733716572,1.H00016,1.5,1.0,1.5,False,1.0,0.0,0.0,1.H00016,1.5,1.0,1.5
2020-07-08,0.021328621978640827,14.082487249128905,0.021328621978640827,20.488810912504686,1.H00016,1.5,1.0,1.5,False,1.0,0.0,0.0,1.H00016,1.5,1.0,1.5
2020-07-09,0.005219154303246265,14.155985923055606,0.005219154303246265,20.595745178147084,1.H00016,1.5,1.0,1.5,False,1.0,0.0,0.0,1.H00016,1.5,1.0,1.5
2020-07-10,-0.035600281206369266,13.652028843441421,-0.035600281206369266,19.862530858150322,1.H00016,1.5,1.0,1.5,False,1.0,0.0,0.0,1.H00016,1.5,1.0,1.5
2020-07-13,0.018904592386279617,13.910114883972414,0.018904592386279617,20.238023907783553,1.H00016,1.5,1.0,1.5,False,1.0,0.0,0.0,1.H00016,1.5,1.0,1.5
2020-07-14,-0.019741821720570485,13.635503875820376,-0.019741821720570485,19.838488447819447,0.399606,1.5,1.0,1.5,False,1.0,0.0,0.0,0.399606,1.5,1.0,1.5
2020-07-15,-0.025336881284761636,13.290022732860809,-0.025336881284761636,19.33584302114793,cash,0.0,0.0,1.5,False,1.0,0.0,0.0,cash,0.0,0.0,1.5
2020-07-16,0.0001211499702025165,13.291632818718886,0.0001211499702025165,19.338185557953782,cash,0.0,0.0,1.5,False,1.0,0.0,0.0,cash,0.0,0.0,1.5
2020-07-17,-0.0013790317547527353,13.27330323498936,-0.0013790317547527353,19.311517585990064,0.399606,1.5,1.0,1.5,False,1.0,1.0,1.0,0.399606,1.5,1.0,1.5
2020-07-20,0.01960337090629194,13.533504721456541,0.01960337090629194,19.690088427991608,0.399606,1.5,1.0,1.5,False,1.0,2.0,2.0,0.399606,1.5,1.0,1.5
2020-07-21,0.02021234904235203,13.80704864265294,0.018679731592613935,20.057893994861324,cash,0.0,0.0,1.5,True,0.0,3.0,3.0,1.H00905,1.5,1.0,1.5
2020-07-22,0.0001211499702025165,13.808721366184583,0.010013936271502821,20.258752467066426,cash,0.0,0.0,1.5,True,0.0,4.0,4.0,1.H00852,1.5,1.0,1.5
2020-07-23,0.0001211499702025165,13.810394292366631,-0.0012186379744166809,20.23406438199575,cash,0.0,0.0,1.5,True,0.0,5.0,5.0,1.H00852,1.5,1.0,1.5
2020-07-24,0.0001211499702025165,13.812067421223636,-0.07061722414121707,18.805190922244538,cash,0.0,0.0,1.5,True,0.0,6.0,6.0,1.H00852,1.5,1.0,1.5
2020-07-27,0.0001211499702025165,13.813740752780152,-0.0011190911775932344,18.7841461989905,cash,0.0,0.0,1.5,True,0.0,7.0,7.0,cash,0.0,0.0,1.5
2020-07-28,0.0001211499702025165,13.815414287060737,0.0001211499702025165,18.786421897742787,cash,0.0,0.0,1.5,True,0.0,8.0,8.0,cash,0.0,0.0,1.5
2020-07-29,0.0001211499702025165,13.81708802408995,0.0001211499702025165,18.78869787219591,cash,0.0,0.0,1.5,True,0.0,9.0,9.0,cash,0.0,0.0,1.5
2020-07-30,0.0001211499702025165,13.818761963892353,0.0001211499702025165,18.790974122383272,cash,0.0,0.0,1.5,True,0.0,10.0,10.0,cash,0.0,0.0,1.5
2020-07-31,0.0001211499702025165,13.820436106492513,0.0001211499702025165,18.793250648338276,cash,0.0,0.0,1.5,True,0.0,11.0,11.0,cash,0.0,0.0,1.5
2020-08-03,0.0001211499702025165,13.822110451915,0.0001211499702025165,18.79552745009433,cash,0.0,0.0,1.5,False,1.0,0.0,0.0,cash,0.0,0.0,1.5
2020-08-04,0.0001211499702025165,13.823785000184385,0.0001211499702025165,18.79780452768485,cash,0.0,0.0,1.5,False,1.0,0.0,0.0,cash,0.0,0.0,1.5
2020-08-05,0.0001211499702025165,13.825459751325242,0.0001211499702025165,18.800081881143253,cash,0.0,0.0,1.5,False,1.0,0.0,0.0,cash,0.0,0.0,1.5
2020-08-06,0.0001211499702025165,13.827134705362152,0.0001211499702025165,18.80235951050296,cash,0.0,0.0,1.5,False,1.0,0.0,0.0,cash,0.0,0.0,1.5
2020-08-07,0.0001211499702025165,13.828809862319693,0.0001211499702025165,18.804637415797394,cash,0.0,0.0,1.5,False,1.0,0.0,0.0,cash,0.0,0.0,1.5
2020-08-10,0.0001211499702025165,13.83048522222245,0.0001211499702025165,18.806915597059987,cash,0.0,0.0,1.5,False,1.0,1.0,1.0,cash,0.0,0.0,1.5
2020-08-11,0.0001211499702025165,13.832160785095008,0.0001211499702025165,18.809194054324173,cash,0.0,0.0,1.5,False,1.0,0.0,2.0,cash,0.0,0.0,1.5
2020-08-12,0.0001211499702025165,13.833836550961959,0.0001211499702025165,18.811472787623387,cash,0.0,0.0,1.5,False,1.0,1.0,3.0,cash,0.0,0.0,1.5
2020-08-13,0.0001211499702025165,13.835512519847894,0.0001211499702025165,18.813751796991074,cash,0.0,0.0,1.5,False,1.0,2.0,4.0,cash,0.0,0.0,1.5
2020-08-14,0.0001211499702025165,13.83718869177741,0.0001211499702025165,18.816031082460675,cash,0.0,0.0,1.5,True,0.0,3.0,5.0,cash,0.0,0.0,1.5
2020-08-17,0.0001211499702025165,13.838865066775105,0.0001211499702025165,18.818310644065644,cash,0.0,0.0,1.5,True,0.0,4.0,6.0,cash,0.0,0.0,1.5
2020-08-18,0.0001211499702025165,13.840541644865581,-0.0013790317547527353,18.792359596116675,cash,0.0,0.0,1.5,True,0.0,0.0,7.0,1.H20955,1.5,1.0,1.5
2020-08-19,0.0001211499702025165,13.842218426073444,-0.0046298818139483,18.705353192181438,cash,0.0,0.0,1.5,True,0.0,0.0,8.0,1.H20955,1.5,1.0,1.5
2020-08-20,0.0001211499702025165,13.843895410423299,-0.017851426806987813,18.371435948772355,cash,0.0,0.0,1.5,True,0.0,1.0,9.0,1.H20955,1.5,1.0,1.5
2020-08-21,0.0001211499702025165,13.845572597939759,0.010220551942204947,18.559202164139673,cash,0.0,0.0,1.5,True,0.0,2.0,10.0,1.H20955,1.5,1.0,1.5
2020-08-24,0.0001211499702025165,13.847249988647436,-0.0010355888838879945,18.53998246068466,cash,0.0,0.0,1.5,True,0.0,3.0,0.0,cash,0.0,0.0,1.5
2020-08-25,0.0001211499702025165,13.848927582570948,0.0001211499702025165,18.542228579007325,cash,0.0,0.0,1.5,True,0.0,4.0,0.0,cash,0.0,0.0,1.5
2020-08-26,0.0001211499702025165,13.850605379734914,0.0001211499702025165,18.544474969447162,cash,0.0,0.0,1.5,True,0.0,5.0,0.0,cash,0.0,0.0,1.5
2020-08-27,0.0001211499702025165,13.852283380163955,0.0001211499702025165,18.54672163203713,cash,0.0,0.0,1.5,True,0.0,6.0,0.0,cash,0.0,0.0,1.5
2020-08-28,0.0001211499702025165,13.853961583882699,0.0001211499702025165,18.548968566810206,cash,0.0,0.0,1.5,False,1.0,0.0,0.0,cash,0.0,0.0,1.5
2020-08-31,0.0001211499702025165,13.855639990915773,0.0001211499702025165,18.551215773799363,cash,0.0,0.0,1.5,False,1.0,0.0,0.0,cash,0.0,0.0,1.5
2020-09-01,0.0001211499702025165,13.857318601287808,0.0001211499702025165,18.55346325303758,cash,0.0,0.0,1.5,False,1.0,1.0,0.0,cash,0.0,0.0,1.5
2020-09-02,0.0001211499702025165,13.858997415023442,0.0001211499702025165,18.55571100455784,cash,0.0,0.0,1.5,False,1.0,0.0,0.0,cash,0.0,0.0,1.5
2020-09-03,0.0001211499702025165,13.860676432147308,0.0001211499702025165,18.557959028393128,cash,0.0,0.0,1.5,False,1.0,0.0,0.0,cash,0.0,0.0,1.5
2020-09-04,0.0001211499702025165,13.86235565268405,0.0001211499702025165,18.56020732457644,cash,0.0,0.0,1.5,False,1.0,0.0,0.0,cash,0.0,0.0,1.5
2020-09-07,0.0001211499702025165,13.86403507665831,0.0001211499702025165,18.562455893140765,cash,0.0,0.0,1.5,False,1.0,0.0,0.0,cash,0.0,0.0,1.5
2020-09-08,0.0001211499702025165,13.865714704094733,0.0001211499702025165,18.564704734119104,cash,0.0,0.0,1.5,False,1.0,0.0,0.0,cash,0.0,0.0,1.5
2020-09-09,0.0001211499702025165,13.86739453501797,0.0001211499702025165,18.56695384754446,cash,0.0,0.0,1.5,False,1.0,0.0,0.0,cash,0.0,0.0,1.5
2020-09-10,0.0001211499702025165,13.869074569452675,0.0001211499702025165,18.569203233449844,cash,0.0,0.0,1.5,False,1.0,0.0,0.0,cash,0.0,0.0,1.5
2020-09-11,0.0001211499702025165,13.8707548074235,0.0001211499702025165,18.57145289186826,cash,0.0,0.0,1.5,False,1.0,1.0,1.0,cash,0.0,0.0,1.5
2020-09-14,0.0001211499702025165,13.872435248955107,0.0001211499702025165,18.57370282283273,cash,0.0,0.0,1.5,False,1.0,2.0,2.0,cash,0.0,0.0,1.5
2020-09-15,0.0001211499702025165,13.874115894072155,0.0001211499702025165,18.575953026376265,cash,0.0,0.0,1.5,True,0.0,3.0,3.0,cash,0.0,0.0,1.5
2020-09-16,0.0001211499702025165,13.875796742799308,0.0001211499702025165,18.578203502531895,cash,0.0,0.0,1.5,True,0.0,4.0,4.0,cash,0.0,0.0,1.5
2020-09-17,0.0001211499702025165,13.877477795161234,0.0001211499702025165,18.580454251332643,cash,0.0,0.0,1.5,True,0.0,5.0,5.0,cash,0.0,0.0,1.5
2020-09-18,0.0001211499702025165,13.879159051182603,0.0001211499702025165,18.58270527281154,cash,0.0,0.0,1.5,True,0.0,6.0,6.0,cash,0.0,0.0,1.5
2020-09-21,0.0001211499702025165,13.88084051088809,0.0001211499702025165,18.584956567001626,cash,0.0,0.0,1.5,True,0.0,7.0,7.0,cash,0.0,0.0,1.5
2020-09-22,0.0001211499702025165,13.88252217430237,0.0001211499702025165,18.587208133935935,cash,0.0,0.0,1.5,True,0.0,8.0,8.0,cash,0.0,0.0,1.5
2020-09-23,0.0001211499702025165,13.884204041450122,0.0001211499702025165,18.58945997364751,cash,0.0,0.0,1.5,True,0.0,9.0,9.0,cash,0.0,0.0,1.5
2020-09-24,0.0001211499702025165,13.88588611235603,0.0001211499702025165,18.591712086169398,cash,0.0,0.0,1.5,True,0.0,10.0,10.0,cash,0.0,0.0,1.5
2020-09-25,0.0001211499702025165,13.887568387044777,0.0001211499702025165,18.59396447153465,cash,0.0,0.0,1.5,True,0.0,11.0,11.0,cash,0.0,0.0,1.5
2020-09-28,0.0001211499702025165,13.889250865541053,0.0001211499702025165,18.596217129776324,cash,0.0,0.0,1.5,True,0.0,12.0,12.0,cash,0.0,0.0,1.5
2020-09-29,0.0001211499702025165,13.890933547869547,0.0001211499702025165,18.598470060927475,cash,0.0,0.0,1.5,True,0.0,13.0,13.0,cash,0.0,0.0,1.5
2020-09-30,0.0001211499702025165,13.892616434054958,0.0001211499702025165,18.60072326502117,cash,0.0,0.0,1.5,True,0.0,14.0,14.0,cash,0.0,0.0,1.5
2020-10-09,0.0001211499702025165,13.894299524121978,0.0001211499702025165,18.602976742090473,cash,0.0,0.0,1.5,True,0.0,15.0,15.0,cash,0.0,0.0,1.5
2020-10-12,0.0001211499702025165,13.89598281809531,0.0001211499702025165,18.605230492168456,cash,0.0,0.0,1.5,False,1.0,0.0,0.0,cash,0.0,0.0,1.5
2020-10-13,-0.0013790317547527353,13.876819816525659,-0.0013790317547527353,18.579573288515263,0.399606,1.5,1.0,1.5,False,1.0,0.0,0.0,0.399606,1.5,1.0,1.5
2020-10-14,-0.011088306785789648,13.722949381188897,-0.011088306785789648,18.373557279943142,0.399606,1.5,1.0,1.5,False,1.0,0.0,0.0,0.399606,1.5,1.0,1.5
2020-10-15,-0.014320715131385331,13.52642693233847,-0.014320715131385331,18.110434800186887,0.399606,1.5,1.0,1.5,False,1.0,0.0,0.0,0.399606,1.5,1.0,1.5
2020-10-16,-0.007439816715083314,13.425792795151905,-0.007439816715083314,17.97569648464303,0.399606,1.5,1.0,1.5,False,1.0,0.0,0.0,0.399606,1.5,1.0,1.5
2020-10-19,-0.01923559089941307,13.167539737444075,-0.01923559089941307,17.629923340932418,0.399606,1.5,1.0,1.5,False,1.0,0.0,0.0,0.399606,1.5,1.0,1.5
2020-10-20,0.028330575624844867,13.540583717768884,0.028330575624844867,18.12938921740292,0.399606,1.5,1.0,1.5,False,1.0,0.0,0.0,0.399606,1.5,1.0,1.5
2020-10-21,-0.02198116765106617,13.242945876975309,-0.02198116765106617,17.730884073603754,0.399606,1.5,1.0,1.5,False,1.0,0.0,0.0,0.399606,1.5,1.0,1.5
2020-10-22,-0.01502366463449678,13.04398829934684,-0.01502366463449678,17.46450121760879,0.399606,1.5,1.0,1.5,False,1.0,0.0,0.0,0.399606,1.5,1.0,1.5
2020-10-23,-0.04231407749748717,12.492043967571961,-0.04231407749748717,16.725506959631936,cash,0.0,0.0,1.5,False,1.0,0.0,0.0,cash,0.0,0.0,1.5
2020-10-26,0.0001211499702025165,12.4935573783264,0.0001211499702025165,16.72753325430172,cash,0.0,0.0,1.5,False,1.0,1.0,1.0,cash,0.0,0.0,1.5
2020-10-27,-0.0013790317547527353,12.476328365971863,-0.0013790317547527353,16.704465454765355,0.399606,1.5,1.0,1.5,False,1.0,2.0,2.0,0.399606,1.5,1.0,1.5
2020-10-28,0.011097750199359657,12.614787541582604,0.011097750199359657,16.889847439596174,0.399606,1.5,1.0,1.5,False,1.0,0.0,0.0,0.399606,1.5,1.0,1.5
2020-10-29,0.016479202013807814,12.82266917384161,0.016479202013807814,17.168178647535676,0.399606,1.5,1.0,1.5,False,1.0,0.0,0.0,0.399606,1.5,1.0,1.5
2020-10-30,-0.026000014427293605,12.489279590325316,-0.026000014427293605,16.721805755009395,cash,0.0,0.0,1.5,False,1.0,0.0,0.0,cash,0.0,0.0,1.5
2020-11-02,0.0001211499702025165,12.490792666175535,0.0001211499702025165,16.72383160127835,cash,0.0,0.0,1.5,False,1.0,1.0,1.0,cash,0.0,0.0,1.5
2020-11-03,0.0001211499702025165,12.492305925334849,0.0001211499702025165,16.725857692978515,cash,0.0,0.0,1.5,False,1.0,2.0,2.0,cash,0.0,0.0,1.5
2020-11-04,0.0001211499702025165,12.493819367825465,0.0001211499702025165,16.72788403013963,cash,0.0,0.0,1.5,True,0.0,3.0,3.0,cash,0.0,0.0,1.5
2020-11-05,0.0001211499702025165,12.495332993669592,0.0001211499702025165,16.729910612791432,cash,0.0,0.0,1.5,False,1.0,0.0,0.0,cash,0.0,0.0,1.5
2020-11-06,0.0001211499702025165,12.496846802889445,0.0001211499702025165,16.731937440963662,cash,0.0,0.0,1.5,False,1.0,1.0,0.0,cash,0.0,0.0,1.5
2020-11-09,0.0001211499702025165,12.49836079550724,0.0001211499702025165,16.733964514686065,cash,0.0,0.0,1.5,False,1.0,0.0,0.0,cash,0.0,0.0,1.5
2020-11-10,0.0001211499702025165,12.499874971545196,0.0001211499702025165,16.73599183398839,cash,0.0,0.0,1.5,False,1.0,0.0,0.0,cash,0.0,0.0,1.5
2020-11-11,0.0001211499702025165,12.501389331025534,0.0001211499702025165,16.738019398900388,cash,0.0,0.0,1.5,False,1.0,1.0,1.0,cash,0.0,0.0,1.5
2020-11-12,0.0001211499702025165,12.502903873970478,0.0001211499702025165,16.740047209451813,cash,0.0,0.0,1.5,False,1.0,2.0,2.0,cash,0.0,0.0,1.5
2020-11-13,0.0001211499702025165,12.504418600402255,0.0001211499702025165,16.742075265672426,cash,0.0,0.0,1.5,True,0.0,3.0,3.0,cash,0.0,0.0,1.5
2020-11-16,0.0001211499702025165,12.505933510343095,0.0001211499702025165,16.744103567591992,cash,0.0,0.0,1.5,True,0.0,4.0,4.0,cash,0.0,0.0,1.5
2020-11-17,0.0001211499702025165,12.507448603815227,0.0001211499702025165,16.746132115240275,cash,0.0,0.0,1.5,True,0.0,5.0,5.0,cash,0.0,0.0,1.5
2020-11-18,0.0001211499702025165,12.50896388084089,-0.0013790317547527353,16.723038667284076,cash,0.0,0.0,1.5,True,0.0,6.0,6.0,1.H20955,1.5,1.0,1.5
2020-11-19,0.0001211499702025165,12.510479341442318,-0.0024938393425072425,16.681334095529333,cash,0.0,0.0,1.5,True,0.0,7.0,7.0,1.H20955,1.5,1.0,1.5
2020-11-20,0.0001211499702025165,12.511994985641753,0.007313516440714096,16.803333306690032,cash,0.0,0.0,1.5,True,0.0,8.0,8.0,1.H20955,1.5,1.0,1.5
2020-11-23,0.0001211499702025165,12.513510813461437,0.023973841922833472,17.206173763161303,cash,0.0,0.0,1.5,True,0.0,0.0,9.0,1.H20955,1.5,1.0,1.5
2020-11-24,0.0001211499702025165,12.515026824923616,-0.0033512001300743943,17.148512431408115,cash,0.0,0.0,1.5,True,0.0,1.0,10.0,1.H20955,1.5,1.0,1.5
2020-11-25,0.0001211499702025165,12.51654302005054,-0.013988511658302838,16.90863026533881,cash,0.0,0.0,1.5,True,0.0,2.0,11.0,1.H20955,1.5,1.0,1.5
2020-11-26,0.0001211499702025165,12.518059398864457,0.0055133255934067815,17.001853049330155,cash,0.0,0.0,1.5,True,0.0,3.0,12.0,1.H20955,1.5,1.0,1.5
2020-11-27,0.0001211499702025165,12.519575961387623,0.014370900742476156,17.246184991940243,cash,0.0,0.0,1.5,True,0.0,4.0,13.0,1.H20955,1.5,1.0,1.5
2020-11-30,0.0001211499702025165,12.521092707642294,-0.009442528039551146,17.08333740657856,cash,0.0,0.0,1.5,True,0.0,5.0,14.0,1.H20955,1.5,1.0,1.5
2020-12-01,0.0001211499702025165,12.522609637650728,0.020734203407986485,17.437546799253827,cash,0.0,0.0,1.5,True,0.0,6.0,0.0,1.H20955,1.5,1.0,1.5
2020-12-02,0.0001211499702025165,12.524126751435187,0.002353585302884653,17.478587553118913,cash,0.0,0.0,1.5,True,0.0,7.0,0.0,1.H20955,1.5,1.0,1.5
2020-12-03,0.0001211499702025165,12.525644049017936,-0.01368997923231352,17.239306052506542,cash,0.0,0.0,1.5,True,0.0,8.0,0.0,1.H20955,1.5,1.0,1.5
2020-12-04,0.0001211499702025165,12.527161530421242,-0.01089915855156165,17.051412122521377,cash,0.0,0.0,1.5,True,0.0,9.0,1.0,1.H00016,1.5,1.0,1.5
2020-12-07,0.0001211499702025165,12.528679195667376,-0.01343743110389295,16.82228494690091,cash,0.0,0.0,1.5,True,0.0,10.0,2.0,1.H00016,1.5,1.0,1.5
2020-12-08,0.0001211499702025165,12.530197044778609,-0.004692723307782032,16.743342618240437,cash,0.0,0.0,1.5,True,0.0,11.0,3.0,1.H00016,1.5,1.0,1.5
2020-12-09,0.0001211499702025165,12.531715077777216,-0.014629368394024511,16.498398090930827,cash,0.0,0.0,1.5,True,0.0,12.0,0.0,cash,0.0,0.0,1.5
2020-12-10,0.0001211499702025165,12.533233294685475,0.0001211499702025165,16.500396871367933,cash,0.0,0.0,1.5,True,0.0,13.0,1.0,cash,0.0,0.0,1.5
2020-12-11,0.0001211499702025165,12.534751695525667,0.0001211499702025165,16.502395893957228,cash,0.0,0.0,1.5,False,1.0,0.0,0.0,cash,0.0,0.0,1.5
2020-12-14,0.0001211499702025165,12.536270280320077,0.0001211499702025165,16.50439515872805,cash,0.0,0.0,1.5,False,1.0,1.0,1.0,cash,0.0,0.0,1.5
2020-12-15,-0.0013790317547527353,12.518982365517353,-0.0013790317547527353,16.48163507371118,0.399606,1.5,1.0,1.5,False,1.0,2.0,2.0,0.399606,1.5,1.0,1.5
2020-12-16,-0.0005887759910373491,12.511611489268317,0.0009125928983100273,16.496676096831983,cash,0.0,0.0,1.5,True,0.0,3.0,3.0,0.399606,1.5,1.0,1.5
2020-12-17,-0.0013790317547527353,12.494357579721486,0.013508874388379999,16.719527622049878,0.399606,1.5,1.0,1.5,False,1.0,0.0,4.0,0.399606,1.5,1.0,1.5
2020-12-18,-0.004189279789838962,12.442015220025738,-0.0026933197694932742,16.67449658776882,cash,0.0,0.0,1.5,True,0.0,0.0,5.0,0.399606,1.5,1.0,1.5
2020-12-21,-0.0013790317547527353,12.424857285944205,0.054805947136993494,17.588358166294057,0.399606,1.5,1.0,1.5,False,1.0,0.0,0.0,0.399606,1.5,1.0,1.5
2020-12-22,-0.036847653752459575,11.967030446748009,-0.036847653752459575,16.94026843450821,0.399606,1.5,1.0,1.5,False,1.0,0.0,0.0,0.399606,1.5,1.0,1.5
2020-12-23,0.016594197808417643,12.165613717160701,0.016594197808417643,17.221378599838133,0.399606,1.5,1.0,1.5,False,1.0,0.0,0.0,0.399606,1.5,1.0,1.5
2020-12-24,-0.011780761739335177,12.022293520546043,-0.011780761739335177,17.018497641730555,0.399606,1.5,1.0,1.5,False,1.0,0.0,0.0,0.399606,1.5,1.0,1.5
2020-12-25,0.010599715100361617,12.149726406716754,0.010599715100361617,17.198888868169075,0.399606,1.5,1.0,1.5,False,1.0,0.0,1.0,0.399606,1.5,1.0,1.5
2020-12-28,0.0009989262037286561,12.161863086792557,0.0009989262037286561,17.216069288934506,0.399606,1.5,1.0,1.5,False,1.0,0.0,0.0,0.399606,1.5,1.0,1.5
2020-12-29,-0.015787784449262654,11.969854213876832,-0.015787784449262654,16.944265697937237,0.399606,1.5,1.0,1.5,False,1.0,0.0,0.0,0.399606,1.5,1.0,1.5
2020-12-30,0.04661631697286328,12.527844732029878,0.04661631697286328,17.734144958584693,0.399606,1.5,1.0,1.5,False,1.0,1.0,1.0,0.399606,1.5,1.0,1.5
2020-12-31,0.03392470585465723,12.95284817955681,0.03392470585465723,18.33577060988853,0.399606,1.5,1.0,1.5,False,1.0,2.0,0.0,0.399606,1.5,1.0,1.5
2021-01-04,0.05650490835109023,13.684747678828254,0.05650490835109023,19.371831647746895,0.399606,1.5,1.0,1.5,False,1.0,0.0,0.0,0.399606,1.5,1.0,1.5
2021-01-05,0.009621198124451169,13.816411347529383,0.009621198124451169,19.558211878063382,0.399606,1.5,1.0,1.5,False,1.0,0.0,0.0,0.399606,1.5,1.0,1.5
2021-01-06,0.008227221838441823,13.930082028696672,0.008227221838441823,19.71912162594746,0.399606,1.5,1.0,1.5,False,1.0,0.0,0.0,0.399606,1.5,1.0,1.5
2021-01-07,0.022715633607046648,14.246512668176651,0.022715633607046648,20.16705396785527,0.399606,1.5,1.0,1.5,False,1.0,0.0,0.0,0.399606,1.5,1.0,1.5
2021-01-08,-0.00557004042247744,14.16715901673557,-0.00557004042247744,20.054722662052033,0.399606,1.5,1.0,1.5,False,1.0,1.0,0.0,0.399606,1.5,1.0,1.5
2021-01-11,-0.027633214029297637,13.775674879439022,-0.027633214029297637,19.500546218433342,0.399606,1.5,1.0,1.5,False,1.0,2.0,0.0,0.399606,1.5,1.0,1.5
2021-01-12,0.04080628747407955,14.337809028718867,0.04236984223743567,20.326781285252185,cash,0.0,0.0,1.5,True,0.0,3.0,0.0,0.399606,1.5,1.0,1.5
2021-01-13,0.0001211499702025165,14.339546053855466,-0.023666843923878078,19.845710525099317,cash,0.0,0.0,1.5,True,0.0,4.0,0.0,0.399606,1.5,1.0,1.5
2021-01-14,0.0001211499702025165,14.341283289432608,-0.019764867646888673,19.453462683212265,cash,0.0,0.0,1.5,True,0.0,5.0,1.0,0.399606,1.5,1.0,1.5
2021-01-15,0.0001211499702025165,14.34302073547579,0.00030993882454311006,19.459492066569595,cash,0.0,0.0,1.5,True,0.0,6.0,2.0,0.399606,1.5,1.0,1.5
2021-01-18,0.0001211499702025165,14.344758392010506,0.025618205171580533,19.958009326865717,cash,0.0,0.0,1.5,True,0.0,7.0,3.0,1.H00016,1.5,1.0,1.5
2021-01-19,0.0001211499702025165,14.346496259062262,-0.015921864979587586,19.64024059710201,cash,0.0,0.0,1.5,True,0.0,8.0,4.0,1.H00016,1.5,1.0,1.5
2021-01-20,0.0001211499702025165,14.348234336656558,0.0022875075043711224,19.685167794855538,cash,0.0,0.0,1.5,True,0.0,9.0,5.0,1.H00016,1.5,1.0,1.5
2021-01-21,0.0001211499702025165,14.349972624818903,0.01081846975377454,19.89813118724216,cash,0.0,0.0,1.5,True,0.0,10.0,0.0,0.399606,1.5,1.0,1.5
2021-01-22,0.0001211499702025165,14.351711123574807,0.0339781083360875,20.574232044407957,cash,0.0,0.0,1.5,True,0.0,11.0,0.0,0.399606,1.5,1.0,1.5
2021-01-25,0.0001211499702025165,14.353449832949783,-0.0013986434538124648,20.545456029441826,cash,0.0,0.0,1.5,True,0.0,12.0,0.0,0.399606,1.5,1.0,1.5
2021-01-26,0.0001211499702025165,14.35518875296935,-0.04337605147640011,19.654275271102644,cash,0.0,0.0,1.5,True,0.0,13.0,1.0,0.399606,1.5,1.0,1.5
2021-01-27,0.0001211499702025165,14.356927883659022,0.01037798625416908,19.858247069701804,cash,0.0,0.0,1.5,True,0.0,14.0,2.0,0.399606,1.5,1.0,1.5
2021-01-28,0.0001211499702025165,14.358667225044327,-0.0545370427359283,18.775237000600853,cash,0.0,0.0,1.5,True,0.0,15.0,3.0,0.399606,1.5,1.0,1.5
2021-01-29,0.0001211499702025165,14.36040677715079,-0.017192214195707933,18.45244910451134,cash,0.0,0.0,1.5,True,0.0,16.0,4.0,cash,0.0,0.0,1.4639021268851702
2021-02-01,0.0001211499702025165,14.362146540003938,0.0001211499702025165,18.454684618170518,cash,0.0,0.0,1.5,True,0.0,17.0,5.0,cash,0.0,0.0,1.4576893319169528
2021-02-02,0.0001211499702025165,14.363886513629303,0.0001211499702025165,18.456920402662107,cash,0.0,0.0,1.5,True,0.0,18.0,6.0,cash,0.0,0.0,1.4576893319169528
2021-02-03,0.0001211499702025165,14.365626698052422,0.0001211499702025165,18.45915645801892,cash,0.0,0.0,1.5,True,0.0,19.0,7.0,cash,0.0,0.0,1.4576893319169528
2021-02-04,0.0001211499702025165,14.367367093298832,0.0001211499702025165,18.461392784273773,cash,0.0,0.0,1.5,True,0.0,20.0,8.0,cash,0.0,0.0,1.4576893319169528
2021-02-05,0.0001211499702025165,14.369107699394073,0.0001211499702025165,18.463629381459484,cash,0.0,0.0,1.5,True,0.0,21.0,9.0,cash,0.0,0.0,1.4608283463383114
2021-02-08,0.0001211499702025165,14.370848516363692,0.0001211499702025165,18.46586624960888,cash,0.0,0.0,1.5,True,0.0,22.0,10.0,cash,0.0,0.0,1.4661342979175502
2021-02-09,0.0001211499702025165,14.372589544233234,0.0001211499702025165,18.468103388754784,cash,0.0,0.0,1.5,True,0.0,23.0,11.0,cash,0.0,0.0,1.4677295279511409
2021-02-10,0.0001211499702025165,14.37433078302825,0.0001211499702025165,18.470340798930028,cash,0.0,0.0,1.5,True,0.0,24.0,12.0,cash,0.0,0.0,1.4775810753303011
2021-02-18,0.0001211499702025165,14.376072232774296,-0.0013755560688151203,18.444933809550978,cash,0.0,0.0,1.5,True,0.0,25.0,0.0,1.H00016,1.4965247350904918,1.0,1.4965247350904918
2021-02-19,-0.0013790317547527353,14.356247172656682,-1.4976866445470804e-05,18.444657562240717,1.H00016,1.5,1.0,1.5,False,1.0,0.0,1.0,1.H00016,1.5,1.0,1.5
2021-02-22,-0.0510275365359143,13.623683245535327,-0.0510275365359143,17.503472124591053,cash,0.0,0.0,1.5,False,1.0,0.0,0.0,cash,0.0,0.0,1.5
2021-02-23,0.0001211499702025165,13.625333754354573,0.0001211499702025165,17.505592669717387,cash,0.0,0.0,1.5,False,1.0,0.0,1.0,cash,0.0,0.0,1.4956773589134276
2021-02-24,0.0001211499702025165,13.626984463132912,0.0001211499702025165,17.5077134717477,cash,0.0,0.0,1.5,False,1.0,0.0,0.0,cash,0.0,0.0,1.4956773589134276
2021-02-25,-0.0013790317547527353,13.60819241883673,-0.0013747085899783462,17.483645467647207,1.H20955,1.5,1.0,1.5,False,1.0,0.0,1.0,1.H20955,1.4956773589134276,1.0,1.4956773589134276
2021-02-26,-0.029678276178878416,13.204324725935173,-0.029594943275966568,16.966217971775077,1.H20955,1.5,1.0,1.5,False,1.0,0.0,2.0,1.H20955,1.4982967870561217,1.0,1.4982967870561217
2021-03-01,0.018230478603720845,13.445045885327916,0.018192874899469746,17.274882252852716,1.H20955,1.5,1.0,1.5,False,1.0,0.0,3.0,1.H20955,1.4815605436784267,1.0,1.4815605436784267
2021-03-02,-0.011546369076783192,13.289804423281636,-0.011410805833753646,17.077761925664458,1.H20955,1.5,1.0,1.5,False,1.0,0.0,4.0,1.H20955,1.4895164937740943,1.0,1.4895164937740943
2021-03-03,0.04050228753838647,13.828071903362309,0.04176828574506719,17.79107076566184,cash,0.0,0.0,1.5,True,0.0,0.0,5.0,1.H20955,1.4857235008575203,1.0,1.4857235008575203
2021-03-04,-0.0013790317547527353,13.809002553100568,0.0023332974487253466,17.83258262568945,1.H20955,1.5,1.0,1.5,False,1.0,0.0,0.0,1.H20955,1.445184683486261,1.0,1.445184683486261
2021-03-05,-0.01623698736121837,13.584785953174842,-0.015639206250029347,17.553695188035604,1.H20955,1.5,1.0,1.5,False,1.0,0.0,1.0,1.H20955,1.4451814268120724,1.0,1.4451814268120724
2021-03-08,0.0009514030722099776,13.597710560266007,0.0009141777848613586,17.569742386218735,1.H20955,1.5,1.0,1.5,False,1.0,0.0,0.0,1.H20955,1.4383046670023583,1.0,1.4383046670023583
2021-03-09,-0.001501224234890297,13.577297347633912,-0.0014345146590808433,17.54453833320943,1.H20955,1.5,1.0,1.5,False,1.0,0.0,0.0,1.H20955,1.4383237297582645,1.0,1.4383237297582645
2021-03-10,-0.015196140949301329,13.370974823428693,-0.014566457344533879,17.288976563949195,1.H20955,1.5,1.0,1.5,False,1.0,1.0,1.0,1.H20955,1.4381965661364469,1.0,1.4381965661364469
2021-03-11,0.03770275960385305,13.875097472865596,0.03614824992447585,17.913942809721235,1.H20955,1.5,1.0,1.5,False,1.0,2.0,2.0,1.H20955,1.4323467337400626,1.0,1.4323467337400626
2021-03-12,0.018860694301761516,14.136791444708457,0.019447347588944508,18.262321482230355,cash,0.0,0.0,1.5,True,0.0,3.0,3.0,1.H20955,1.4032076995088476,1.0,1.4032076995088476
2021-03-15,0.0001211499702025165,14.138504116570743,0.015483836264327921,18.545092277867727,cash,0.0,0.0,1.5,True,0.0,4.0,4.0,1.H20955,1.3957303182146577,1.0,1.3957303182146577
2021-03-16,0.0001211499702025165,14.140216995923174,0.005756306195803473,18.651843507448564,cash,0.0,0.0,1.5,True,0.0,0.0,5.0,1.H20955,1.3912042215686453,1.0,1.3912042215686453
2021-03-17,0.0001211499702025165,14.141930082790887,-0.014312975197928401,18.38488013393081,cash,0.0,0.0,1.5,True,0.0,0.0,6.0,1.H20955,1.3908683976512597,1.0,1.3908683976512597
2021-03-18,0.0001211499702025165,14.143643377199023,-0.00048229721349557497,18.376013157471764,cash,0.0,0.0,1.5,True,0.0,0.0,7.0,1.H20955,1.384901733332618,1.0,1.384901733332618
2021-03-19,0.0001211499702025165,14.145356879172725,-0.009842859006517046,18.195140650860868,cash,0.0,0.0,1.5,True,0.0,0.0,8.0,1.H20955,1.3848536398555276,1.0,1.3848536398555276
2021-03-22,0.0001211499702025165,14.14707058873714,0.01834358820493387,18.52890481829111,cash,0.0,0.0,1.5,True,0.0,0.0,9.0,1.H20955,1.3821557485652967,1.0,1.3821557485652967
2021-03-23,-0.0013790317547527353,14.127561329158544,-0.015486634950260925,18.241954433342105,1.H20955,1.5,1.0,1.5,False,1.0,0.0,0.0,1.H20955,1.376144143033174,1.0,1.376144143033174
2021-03-24,-0.013675319783772899,13.934362410217437,-0.012539583264929544,18.01320792681016,1.H20955,1.5,1.0,1.5,False,1.0,0.0,1.0,1.H20955,1.3796337601733493,1.0,1.3796337601733493
2021-03-25,-0.008094691612319904,13.821568043692425,-0.007436162897936804,17.879258778351993,cash,0.0,0.0,1.5,False,1.0,1.0,2.0,cash,0.0,0.0,1.3756684824876049
2021-03-26,-0.0013790317547527353,13.802507662459698,-0.0012580390706333766,17.856765972254863,1.H20955,1.5,1.0,1.5,False,1.0,2.0,0.0,1.H20955,1.3790219723650448,1.0,1.3790219723650448
2021-03-29,0.012609805979135302,13.976554606108843,0.011602198395477048,18.063943713766566,1.H20955,1.5,1.0,1.5,False,1.0,0.0,1.0,1.H20955,1.3793899717695053,1.0,1.3793899717695053
2021-03-30,-0.0027463834558446587,13.938169627768916,-0.002515966481310694,18.018495436862445,cash,0.0,0.0,1.5,False,1.0,0.0,2.0,cash,0.0,0.0,1.3802666377456307
2021-03-31,0.0001211499702025165,13.939858236603998,0.0001211499702025165,18.020678377047716,cash,0.0,0.0,1.5,False,1.0,1.0,3.0,cash,0.0,0.0,1.3823922028374453
2021-04-01,0.0001211499702025165,13.94154705001399,0.0001211499702025165,18.022861581696123,cash,0.0,0.0,1.5,False,1.0,2.0,4.0,cash,0.0,0.0,1.3902646659861624
2021-04-02,0.0001211499702025165,13.943236068023676,0.0001211499702025165,18.025045050839708,cash,0.0,0.0,1.5,True,0.0,3.0,5.0,cash,0.0,0.0,1.3902967421541228
2021-04-06,0.0001211499702025165,13.944925290657844,-0.0012737201916263041,18.00208618700348,cash,0.0,0.0,1.5,True,0.0,4.0,6.0,0.399606,1.3947011938207525,1.0,1.3947011938207525
2021-04-07,0.0001211499702025165,13.946614717941284,-0.012066110770712735,17.78487102096718,cash,0.0,0.0,1.5,True,0.0,5.0,7.0,0.399606,1.3963673475579215,1.0,1.3963673475579215
2021-04-08,-0.0013790317547527353,13.92738189337394,0.010053741992614551,17.963675525583913,0.399606,1.5,1.0,1.5,False,1.0,0.0,0.0,0.399606,1.3966375406302054,1.0,1.3966375406302054
2021-04-09,-0.024697441433765177,13.583411194736657,-0.022989481870047013,17.550699932769096,cash,0.0,0.0,1.5,False,1.0,1.0,1.0,cash,0.0,0.0,1.3954804086791135
2021-04-12,0.0001211499702025165,13.585056824598148,0.0001211499702025165,17.552826199542984,cash,0.0,0.0,1.5,False,1.0,0.0,0.0,cash,0.0,0.0,1.3874125272108522
2021-04-13,-0.0013790317547527353,13.566322599846906,-0.0012664306419947202,17.530596762590275,0.399606,1.5,1.0,1.5,False,1.0,1.0,1.0,0.399606,1.3874125272108522,1.0,1.3874125272108522
2021-04-14,0.0336026145712065,14.02218650931821,0.031089552248068975,18.075615166580654,0.399606,1.5,1.0,1.5,False,1.0,2.0,2.0,0.399606,1.3874125272108522,1.0,1.3874125272108522
2021-04-15,-0.008914082824995173,13.897191577386618,-0.0068792429142888745,17.951268619024543,cash,0.0,0.0,1.5,True,0.0,3.0,3.0,0.399606,1.3668312408957406,1.0,1.3668312408957406
2021-04-16,0.0001211499702025165,13.898875221732117,-0.004930582693675745,17.862758404642054,cash,0.0,0.0,1.5,False,1.0,0.0,4.0,cash,0.0,0.0,1.3652929648377725
2021-04-19,-0.0013790317547527353,13.879708231446003,-0.0012437410574233088,17.840541758615366,0.399606,1.5,1.0,1.5,False,1.0,0.0,0.0,0.399606,1.3647256911490289,1.0,1.3647256911490289
2021-04-20,-0.0010742300889521328,13.864798231237907,-0.0009692441493318604,17.823249917894916,0.399606,1.5,1.0,1.5,False,1.0,0.0,0.0,0.399606,1.367545284004526,1.0,1.367545284004526
2021-04-21,0.010750929977690005,14.013857706176747,0.009812082243765952,17.998133111940497,0.399606,1.5,1.0,1.5,False,1.0,0.0,0.0,0.399606,1.3677480338316825,1.0,1.3677480338316825
2021-04-22,0.011472448907270172,14.174630972704614,0.010412993117442593,18.18554754816195,0.399606,1.5,1.0,1.5,False,1.0,0.0,0.0,0.399606,1.4257751169788095,1.0,1.4257751169788095
2021-04-23,0.028153193641495378,14.573692103275905,0.026734896757567794,18.6717362843419,0.399606,1.5,1.0,1.5,False,1.0,0.0,0.0,0.399606,1.456142412638936,1.0,1.456142412638936
2021-04-26,-0.012591229578573948,14.390191400196107,-0.012230654192789903,18.443368734669146,0.399606,1.5,1.0,1.5,False,1.0,0.0,0.0,0.399606,1.4448907775322057,1.0,1.4448907775322057
2021-04-27,0.008338203720237303,14.510179747664148,0.008035798190330956,18.591575923770808,0.399606,1.5,1.0,1.5,False,1.0,0.0,0.0,0.399606,1.4443796506287045,1.0,1.4443796506287045
2021-04-28,0.03236377922353828,14.979784001511407,0.031167361181159814,19.17102628551393,0.399606,1.5,1.0,1.5,False,1.0,1.0,0.0,0.399606,1.4452076822596307,1.0,1.4452076822596307
2021-04-29,0.000374576623570988,14.985395078424515,0.0003441401742514394,19.177623805840405,0.399606,1.5,1.0,1.5,False,1.0,2.0,0.0,0.399606,1.4240361897740457,1.0,1.4240361897740457
2021-04-30,0.018129545619539167,15.25707348212563,0.018662504144646874,19.53552628960138,cash,0.0,0.0,1.5,True,0.0,3.0,0.0,0.399606,1.4309883371220555,1.0,1.4309883371220555
2021-05-06,0.0001211499702025165,15.258921876123367,-0.03554004371769104,18.841232831220843,cash,0.0,0.0,1.5,True,0.0,4.0,0.0,0.399606,1.4701499231052115,1.0,1.4701499231052115
2021-05-07,0.0001211499702025165,15.26077049405398,-0.050977434827651935,17.880755112494665,cash,0.0,0.0,1.5,True,0.0,5.0,1.0,0.399606,1.460064313951714,1.0,1.460064313951714
2021-05-10,0.0001211499702025165,15.262619335944603,0.005605479883189268,17.980985325573986,cash,0.0,0.0,1.5,True,0.0,6.0,2.0,0.399606,1.4708198549554536,1.0,1.4708198549554536
2021-05-11,-0.0013790317547527353,15.241571699219632,-0.00024814342340073736,17.97652346231918,0.399606,1.5,1.0,1.5,False,1.0,0.0,3.0,0.399606,1.472358333852056,1.0,1.472358333852056
2021-05-12,0.020101131146712747,15.547944530827671,0.019731011921412023,18.33121846105974,0.399606,1.5,1.0,1.5,False,1.0,0.0,4.0,0.399606,1.4742535154244034,1.0,1.4742535154244034
2021-05-13,-0.010013953582410529,15.39224813599407,-0.008381113149014352,18.1775824449783,cash,0.0,0.0,1.5,True,0.0,0.0,5.0,0.399606,1.4770819042209988,1.0,1.4770819042209988
2021-05-14,-0.0013790317547527353,15.3710217370375,0.04533366629983071,19.001638901676607,0.399606,1.5,1.0,1.5,False,1.0,0.0,0.0,0.399606,1.4761599632712128,1.0,1.4761599632712128
2021-05-17,0.03917038039492238,15.97311050553588,0.03851544170716803,19.73349541713479,0.399606,1.5,1.0,1.5,False,1.0,0.0,0.0,0.399606,1.4431184110309996,1.0,1.4431184110309996
2021-05-18,-0.0109131170710145,15.798794080600715,-0.01050061273134284,19.52628162392373,0.399606,1.5,1.0,1.5,False,1.0,1.0,1.0,0.399606,1.4491080254232598,1.0,1.4491080254232598
2021-05-19,0.011917168886697471,15.98707097786539,0.011506341397340414,19.75095768650921,0.399606,1.5,1.0,1.5,False,1.0,0.0,2.0,0.399606,1.4595995544556126,1.0,1.4595995544556126
2021-05-20,0.013857142346104911,16.208606096102955,0.013480366189093873,20.017207828708653,0.399606,1.5,1.0,1.5,False,1.0,0.0,3.0,0.399606,1.4663248646622287,1.0,1.4663248646622287
2021-05-21,-0.014496950160223676,15.973630741361053,-0.014172788649754242,19.73350817279416,0.399606,1.5,1.0,1.5,False,1.0,0.0,0.0,0.399606,1.4622509864290483,1.0,1.4622509864290483
2021-05-24,0.012693439831862996,16.176391062072916,0.012363331256607824,19.97748007118939,0.399606,1.5,1.0,1.5,False,1.0,0.0,0.0,0.399606,1.4757975350321024,1.0,1.4757975350321024
2021-05-25,0.04185310701699674,16.853423288342643,0.041176625335503036,20.800085283228235,0.399606,1.5,1.0,1.5,False,1.0,0.0,0.0,0.399606,1.478810971610877,1.0,1.478810971610877
2021-05-26,-0.014191424935388941,16.614249196841794,-0.014028257259397492,20.5082963358577,0.399606,1.5,1.0,1.5,False,1.0,0.0,0.0,0.399606,1.4392454518462257,1.0,1.4392454518462257
2021-05-27,0.013917679101823621,16.845480985681167,0.013357340714182486,20.782232637483173,0.399606,1.5,1.0,1.5,False,1.0,0.0,0.0,0.399606,1.4377285900971022,1.0,1.4377285900971022
2021-05-28,0.003403911116127256,16.90282150566484,0.003245965240832316,20.849691042251333,0.399606,1.5,1.0,1.5,False,1.0,0.0,0.0,0.399606,1.4593224613302171,1.0,1.4593224613302171
2021-05-31,0.03557369909112795,17.504117391698408,0.034612196213470225,21.571344639595967,0.399606,1.5,1.0,1.5,False,1.0,0.0,0.0,0.399606,1.4592374834888675,1.0,1.4592374834888675
2021-06-01,-0.003858906731651901,17.43657063526396,-0.0037699622472423533,21.490021484682437,0.399606,1.5,1.0,1.5,False,1.0,0.0,0.0,0.399606,1.4785234204642912,1.0,1.4785234204642912
2021-06-02,-0.0259171911447027,16.98466370120171,-0.025545547122180157,20.941047128188817,0.399606,1.5,1.0,1.5,False,1.0,0.0,0.0,0.399606,1.4797196234963068,1.0,1.4797196234963068
2021-06-03,-0.01905606384641556,16.661002865301715,-0.01881668227275246,20.547006097918953,0.399606,1.5,1.0,1.5,False,1.0,0.0,0.0,0.399606,1.5,1.0,1.5
2021-06-04,0.019350329535741118,16.98339876114123,0.019350329535741118,20.944597436886568,0.399606,1.5,1.0,1.5,False,1.0,1.0,0.0,0.399606,1.5,1.0,1.5
2021-06-07,-0.00670041751893824,16.869602898550966,-0.00670041751893824,20.804259889293345,0.399606,1.5,1.0,1.5,False,1.0,0.0,0.0,0.399606,1.5,1.0,1.5
2021-06-08,-0.012069901581929443,16.665988451839223,-0.012069901581929443,20.55315451994469,1.H00852,1.5,1.0,1.5,False,1.0,0.0,0.0,1.H00852,1.5,1.0,1.5
2021-06-09,0.0032231590203271043,16.719705582850434,0.0032231590203271043,20.619400605331826,1.H00852,1.5,1.0,1.5,False,1.0,1.0,1.0,1.H00852,1.5,1.0,1.5
2021-06-10,0.016882429778607655,17.001974838271902,0.016882429778607655,20.967506188128322,1.H00852,1.5,1.0,1.5,False,1.0,0.0,0.0,1.H00852,1.5,1.0,1.5
2021-06-11,-0.009513460665759421,16.840227219407772,-0.009513460665759421,20.768032642748494,1.H00852,1.5,1.0,1.5,False,1.0,0.0,0.0,1.H00852,1.5,1.0,1.5
2021-06-15,-0.008270007075812824,16.700958421144975,-0.008270007075812824,20.596280865842253,1.H00852,1.5,1.0,1.5,False,1.0,0.0,0.0,1.H00852,1.5,1.0,1.5
2021-06-16,-0.03109903466239039,16.181574736310647,-0.03109903466239039,19.955756413279097,1.H00852,1.5,1.0,1.5,False,1.0,0.0,0.0,1.H00852,1.5,1.0,1.5
2021-06-17,0.026004754420817733,16.602372613470514,0.025990589923873042,20.474418294837335,1.H00852,1.5,1.0,1.5,False,1.0,0.0,0.0,1.H00852,1.4861945113961732,1.0,1.4861945113961732
2021-06-18,0.01728866558509834,16.889405481504003,0.01711579831835852,20.824854309057482,1.H00852,1.5,1.0,1.5,False,1.0,0.0,0.0,1.H00852,1.4715815353882906,1.0,1.4715815353882906
2021-06-21,0.022955961711320416,17.277118027064375,0.02251757096110829,21.293779443716424,1.H00852,1.5,1.0,1.5,False,1.0,0.0,0.0,1.H00852,1.4659380874027437,1.0,1.4659380874027437
2021-06-22,0.006979430689462385,17.397702474847932,0.006789398909870625,21.43835140665862,1.H00852,1.5,1.0,1.5,False,1.0,0.0,0.0,1.H00852,1.5,1.0,1.5
2021-06-23,0.010007868465703895,17.571816392821663,0.010007868465703895,21.652903607657997,1.H00852,1.5,1.0,1.5,False,1.0,0.0,0.0,1.H00852,1.5,1.0,1.5
2021-06-24,-0.015120984154463724,17.30611323558066,-0.015120984154463724,21.32549039530847,1.H00852,1.5,1.0,1.5,False,1.0,0.0,0.0,1.H00852,1.5,1.0,1.5
2021-06-25,0.005734630900492643,17.405357407308845,0.005734630900492643,21.447784211497567,1.H00852,1.5,1.0,1.5,False,1.0,0.0,0.0,1.H00852,1.5,1.0,1.5
2021-06-28,0.013545440594874503,17.641120642102106,0.013545440594874503,21.738303898426093,1.H00852,1.5,1.0,1.5,False,1.0,0.0,0.0,1.H00852,1.5,1.0,1.5
2021-06-29,-0.012514696831261496,17.42034736550249,-0.012514696831261496,21.46625561551146,1.H00852,1.5,1.0,1.5,False,1.0,0.0,0.0,1.H00852,1.5,1.0,1.5
2021-06-30,0.017056133884584712,17.717471142484474,0.017056133884584712,21.83238694529034,1.H00852,1.5,1.0,1.5,False,1.0,0.0,1.0,1.H00852,1.5,1.0,1.5
2021-07-01,-0.027114493360729464,17.23707088882266,-0.027114493360729464,21.24041283441339,0.399606,1.5,1.0,1.5,False,1.0,0.0,0.0,0.399606,1.5,1.0,1.5
2021-07-02,-0.05279031434059944,16.327120498290515,-0.05279031434059944,20.119124764160606,0.399606,1.5,1.0,1.5,False,1.0,1.0,0.0,0.399606,1.5,1.0,1.5
2021-07-05,0.008249065494034369,16.461803984609904,0.008238824437334147,20.284882700925348,0.399606,1.5,1.0,1.5,False,1.0,2.0,0.0,0.399606,1.4898427312746323,1.0,1.4898427312746323
2021-07-06,-0.028426011437639565,15.993860556259202,-0.028232977250852942,19.7121800690939,cash,0.0,0.0,1.5,False,1.0,0.0,0.0,cash,0.0,0.0,1.4889740615676794
2021-07-07,0.0001211499702025165,15.995798211989015,0.0001211499702025165,19.7145681991219,cash,0.0,0.0,1.5,False,1.0,0.0,0.0,cash,0.0,0.0,1.4684326987030838
2021-07-08,0.0001211499702025165,15.997736102465764,0.0001211499702025165,19.716956618471777,cash,0.0,0.0,1.5,False,1.0,0.0,0.0,cash,0.0,0.0,1.475585200498126
2021-07-09,-0.0013790317547527353,15.975674716376309,-0.0013790317547527353,19.68976630918782,1.H00852,1.5,1.0,1.5,False,1.0,0.0,0.0,1.H00852,1.5,1.0,1.5
2021-07-12,0.029771424462063045,16.451293309425395,0.029771424462063045,20.27595869953748,1.H00852,1.5,1.0,1.5,False,1.0,0.0,0.0,1.H00852,1.5,1.0,1.5
2021-07-13,0.009828165703032354,16.612979346099614,0.009828165703032354,20.475234181424373,1.H00852,1.5,1.0,1.5,False,1.0,0.0,0.0,1.H00852,1.5,1.0,1.5
2021-07-14,-0.017930339052608657,16.315102993750063,-0.017930339052608657,20.10810629036987,1.H00852,1.5,1.0,1.5,False,1.0,0.0,0.0,1.H00852,1.5,1.0,1.5
2021-07-15,-0.00038038262112360943,16.308897012109398,-0.0003817368604259741,20.100430285005473,1.H00852,1.5,1.0,1.5,False,1.0,0.0,1.0,1.H00852,1.4986452453725132,1.0,1.4986452453725132
2021-07-16,-0.0024189494858868343,16.269446614066574,-0.0024166704589732024,20.05185416892305,1.H00852,1.5,1.0,1.5,False,1.0,0.0,2.0,1.H00852,1.4986603960678306,1.0,1.4986603960678306
2021-07-19,-0.00632868256584429,16.166482450924196,-0.006322929053094839,19.925067717629947,cash,0.0,0.0,1.5,False,1.0,0.0,3.0,cash,0.0,0.0,1.5
2021-07-20,0.0001211499702025165,16.168441019791405,0.0001211499702025165,19.92748163899022,cash,0.0,0.0,1.5,False,1.0,1.0,4.0,cash,0.0,0.0,1.5
2021-07-21,-0.0013790317547527353,16.146144226200267,-0.0013790317547527353,19.9000010090178,1.H00852,1.5,1.0,1.5,False,1.0,0.0,0.0,1.H00852,1.5,1.0,1.5
2021-07-22,0.009741264765713797,16.303428092053085,0.009741264765713797,20.093852187684615,1.H00852,1.5,1.0,1.5,False,1.0,0.0,0.0,1.H00852,1.5,1.0,1.5
2021-07-23,-0.013463715447314728,16.083923375405924,-0.013463715447314728,19.823314279589226,1.H00852,1.5,1.0,1.5,False,1.0,0.0,0.0,1.H00852,1.5,1.0,1.5
2021-07-26,-0.0189403151860148,15.779288797248025,-0.0189403151860148,19.447854459102377,1.H00852,1.5,1.0,1.5,False,1.0,0.0,0.0,1.H00852,1.5,1.0,1.5
2021-07-27,-0.040990420488231094,15.132489114443594,-0.040990420488231094,18.65067872722985,cash,0.0,0.0,1.5,False,1.0,0.0,0.0,cash,0.0,0.0,1.5
2021-07-28,0.0001211499702025165,15.1343224150489,0.0001211499702025165,18.65293825640191,cash,0.0,0.0,1.5,False,1.0,1.0,0.0,cash,0.0,0.0,1.4692126126118161
2021-07-29,0.0001211499702025165,15.136155937758518,0.0001211499702025165,18.65519805931586,cash,0.0,0.0,1.5,False,1.0,2.0,0.0,cash,0.0,0.0,1.4692126126118161
2021-07-30,0.0001211499702025165,15.137989682599358,0.0001211499702025165,18.65745813600487,cash,0.0,0.0,1.5,False,1.0,0.0,0.0,cash,0.0,0.0,1.4692126126118161
2021-08-02,-0.0013790317547527353,15.117113914123934,-0.001348240637473519,18.632303392753947,1.H11077,1.5,1.0,1.5,False,1.0,0.0,0.0,1.H11077,1.4692126126118161,1.0,1.4692126126118161
2021-08-03,-0.001423945757028866,15.095587963907395,-0.001392232783224867,18.60636288914356,1.H11077,1.5,1.0,1.5,False,1.0,0.0,0.0,1.H11077,1.4692126126118161,1.0,1.4692126126118161
2021-08-04,-0.0022417662072292677,15.06174718493165,-0.0021932935853357094,18.565553672772374,cash,0.0,0.0,1.5,False,1.0,0.0,0.0,cash,0.0,0.0,1.4738375148609306
2021-08-05,0.0001211499702025165,15.063571915154304,0.0001211499702025165,18.567802889046625,cash,0.0,0.0,1.5,False,1.0,0.0,0.0,cash,0.0,0.0,1.4760935777891966
2021-08-06,0.0001211499702025165,15.065396866442969,0.0001211499702025165,18.570052377813358,cash,0.0,0.0,1.5,False,1.0,1.0,1.0,cash,0.0,0.0,1.4908106015133638
2021-08-09,0.0001211499702025165,15.067222038824427,0.0001211499702025165,18.572302139105588,cash,0.0,0.0,1.5,False,1.0,2.0,2.0,cash,0.0,0.0,1.4908106015133638
2021-08-10,0.0001211499702025165,15.069047432325466,0.0001211499702025165,18.574552172956334,cash,0.0,0.0,1.5,False,1.0,0.0,3.0,cash,0.0,0.0,1.4908106015133638
2021-08-11,-0.0013790317547527353,15.048266737402413,-0.0013790317547527353,18.548937275679517,1.H00852,1.5,1.0,1.5,False,1.0,0.0,4.0,1.H00852,1.5,1.0,1.5
2021-08-12,0.008602327629429585,15.177716858132596,0.01011750388525745,18.7366062206336,cash,0.0,0.0,1.5,True,0.0,0.0,5.0,1.H00852,1.5,1.0,1.5
2021-08-13,0.0001211499702025165,15.179555638077701,-0.0030864451015936156,18.67877671414344,cash,0.0,0.0,1.5,True,0.0,0.0,6.0,1.H00852,1.5,1.0,1.5
2021-08-16,0.0001211499702025165,15.181394640790941,-0.01601954424268448,18.379551224171994,cash,0.0,0.0,1.5,True,0.0,0.0,7.0,cash,0.0,0.0,1.5
2021-08-17,0.0001211499702025165,15.183233866299306,0.0001211499702025165,18.381777906255138,cash,0.0,0.0,1.5,True,0.0,0.0,8.0,cash,0.0,0.0,1.5
2021-08-18,0.0001211499702025165,15.185073314629786,0.0001211499702025165,18.38400485810075,cash,0.0,0.0,1.5,True,0.0,1.0,9.0,cash,0.0,0.0,1.5
2021-08-19,0.0001211499702025165,15.186912985809377,0.0001211499702025165,18.38623207974151,cash,0.0,0.0,1.5,True,0.0,2.0,10.0,cash,0.0,0.0,1.5
2021-08-20,0.0001211499702025165,15.188752879865076,0.0001211499702025165,18.38845957121011,cash,0.0,0.0,1.5,True,0.0,3.0,11.0,cash,0.0,0.0,1.5
2021-08-23,0.0001211499702025165,15.190592996823884,0.0001211499702025165,18.390687332539233,cash,0.0,0.0,1.5,False,1.0,0.0,0.0,cash,0.0,0.0,1.5
2021-08-24,-0.0013790317547527353,15.16964468670774,-0.0013790317547527353,18.365325990715935,1.H20955,1.5,1.0,1.5,False,1.0,0.0,0.0,1.H20955,1.5,1.0,1.5
2021-08-25,0.008547733132702184,15.29931076120763,0.008547733132702184,18.522307896179655,1.H20955,1.5,1.0,1.5,False,1.0,0.0,1.0,1.H20955,1.5,1.0,1.5
2021-08-26,-0.0020444116005513546,15.268032672806978,-0.0020444116005513546,18.484440675047722,1.H20955,1.5,1.0,1.5,False,1.0,0.0,2.0,1.H20955,1.5,1.0,1.5
2021-08-27,0.001728571540887458,15.294424559570531,0.001728571540887458,18.516392353147832,1.H20955,1.5,1.0,1.5,False,1.0,0.0,3.0,1.H20955,1.5,1.0,1.5
2021-08-30,-0.002757435965542898,15.25225116321769,-0.002757435965542898,18.46533458692116,1.H20955,1.5,1.0,1.5,False,1.0,0.0,0.0,1.H20955,1.5,1.0,1.5
2021-08-31,0.022012495194106307,15.587991268647322,0.022012495194106307,18.871802675773328,1.H20955,1.5,1.0,1.5,False,1.0,0.0,1.0,1.H20955,1.5,1.0,1.5
2021-09-01,0.019928120233419833,15.898630632846425,0.019928120233419833,19.24788222851751,1.H20955,1.5,1.0,1.5,False,1.0,0.0,2.0,1.H20955,1.5,1.0,1.5
2021-09-02,0.01931306407802369,16.205681905011417,0.01931306407802369,19.619617811363124,1.H20955,1.5,1.0,1.5,False,1.0,1.0,3.0,1.H20955,1.5,1.0,1.5
2021-09-03,0.010474625510457303,16.375430354108005,0.010474625510457303,19.82512596059545,1.H20955,1.5,1.0,1.5,False,1.0,0.0,4.0,1.H20955,1.5,1.0,1.5
2021-09-06,0.015404819682845128,16.62769090594203,0.01693021500535319,20.16076960561654,cash,0.0,0.0,1.5,True,0.0,1.0,5.0,1.H20955,1.5,1.0,1.5
2021-09-07,0.0001211499702025165,16.62970535019982,0.021014296166153246,20.58443398904655,cash,0.0,0.0,1.5,True,0.0,2.0,6.0,1.H20955,1.5,1.0,1.5
2021-09-08,0.0001211499702025165,16.631720038507474,0.021003816542983333,21.016785664193634,cash,0.0,0.0,1.5,True,0.0,0.0,7.0,1.H20955,1.5,1.0,1.5
2021-09-09,0.0001211499702025165,16.633734970894555,0.02465880434801182,21.535034469911086,cash,0.0,0.0,1.5,True,0.0,0.0,8.0,1.H20955,1.5,1.0,1.5
2021-09-10,0.0001211499702025165,16.635750147390635,-0.014151090391691046,21.23029025053919,cash,0.0,0.0,1.5,True,0.0,0.0,9.0,1.H20955,1.5,1.0,1.5
2021-09-13,0.0001211499702025165,16.637765568025287,0.02050857659677585,21.66569328431416,cash,0.0,0.0,1.5,True,0.0,1.0,10.0,1.H20955,1.5,1.0,1.5
2021-09-14,-0.0013790317547527353,16.61482156097885,-0.03281105278574803,20.9548190783227,1.H20955,1.5,1.0,1.5,False,1.0,0.0,0.0,1.H20955,1.5,1.0,1.5
2021-09-15,-0.0012328925103090027,16.5943372719162,-0.0012328925103090027,20.928984038826155,1.H20955,1.5,1.0,1.5,False,1.0,1.0,1.0,1.H20955,1.5,1.0,1.5
2021-09-16,-0.01626493588255029,16.32443144017507,-0.01626493588255029,20.58857545534773,1.H20955,1.5,1.0,1.5,False,1.0,0.0,2.0,1.H20955,1.5,1.0,1.5
2021-09-17,-0.002437421214586344,16.284641924666726,-0.002437421214586344,20.538392424754754,1.H20955,1.5,1.0,1.5,False,1.0,0.0,3.0,1.H20955,1.5,1.0,1.5
2021-09-22,0.024532803449788698,16.68414984425476,0.024532803449788698,21.042256769285892,1.H20955,1.5,1.0,1.5,False,1.0,1.0,4.0,1.H20955,1.5,1.0,1.5
2021-09-23,0.02044445878760648,17.02524825815188,0.021977424924993993,21.50471138768532,cash,0.0,0.0,1.5,True,0.0,0.0,5.0,1.H20955,1.5,1.0,1.5
2021-09-24,0.0001211499702025165,17.027310866471044,-0.026512378433249828,20.93457034127719,cash,0.0,0.0,1.5,True,0.0,1.0,6.0,1.H20955,1.5,1.0,1.5
2021-09-27,0.0001211499702025165,17.029373724675146,-0.034797446759416095,20.206100744395346,cash,0.0,0.0,1.5,True,0.0,2.0,7.0,1.H20955,1.5,1.0,1.5
2021-09-28,0.0001211499702025165,17.03143683279446,0.029597276741028633,20.80414629998432,cash,0.0,0.0,1.5,True,0.0,3.0,8.0,1.H20955,1.5,1.0,1.5
2021-09-29,0.0001211499702025165,17.033500190859257,-0.02638450263845238,20.255239247041636,cash,0.0,0.0,1.5,True,0.0,4.0,9.0,cash,0.0,0.0,1.5
2021-09-30,0.0001211499702025165,17.035563798899826,0.0001211499702025165,20.257693168672862,cash,0.0,0.0,1.5,True,0.0,5.0,10.0,cash,0.0,0.0,1.5
2021-10-08,0.0001211499702025165,17.037627656946444,0.0001211499702025165,20.260147387596618,cash,0.0,0.0,1.5,True,0.0,6.0,11.0,cash,0.0,0.0,1.5
2021-10-11,0.0001211499702025165,17.039691765029406,0.0001211499702025165,20.262601903848925,cash,0.0,0.0,1.5,True,0.0,7.0,12.0,cash,0.0,0.0,1.5
2021-10-12,0.0001211499702025165,17.041756123179,0.0001211499702025165,20.2650567174658,cash,0.0,0.0,1.5,True,0.0,8.0,13.0,cash,0.0,0.0,1.5
2021-10-13,0.0001211499702025165,17.04382073142552,0.0001211499702025165,20.267511828483272,cash,0.0,0.0,1.5,True,0.0,9.0,14.0,cash,0.0,0.0,1.5
2021-10-14,0.0001211499702025165,17.04588558979927,0.0001211499702025165,20.269967236937372,cash,0.0,0.0,1.5,True,0.0,10.0,15.0,cash,0.0,0.0,1.5
2021-10-15,0.0001211499702025165,17.04795069833055,-0.0013790317547527353,20.24201430844984,cash,0.0,0.0,1.5,True,0.0,11.0,16.0,1.H00016,1.5,1.0,1.5
2021-10-18,0.0001211499702025165,17.050016057049667,-0.03120164732083075,19.610430116934378,cash,0.0,0.0,1.5,True,0.0,12.0,17.0,cash,0.0,0.0,1.5
2021-10-19,0.0001211499702025165,17.052081665986933,0.0001211499702025165,19.612805919958703,cash,0.0,0.0,1.5,True,0.0,13.0,18.0,cash,0.0,0.0,1.5
2021-10-20,0.0001211499702025165,17.054147525172656,0.0001211499702025165,19.615182010811495,cash,0.0,0.0,1.5,True,0.0,14.0,0.0,cash,0.0,0.0,1.5
2021-10-21,-0.0013790317547527353,17.030629314185205,-0.0013790317547527353,19.58813205194333,1.H00016,1.5,1.0,1.5,False,1.0,0.0,1.0,1.H00016,1.5,1.0,1.5
2021-10-22,0.018050818096239762,17.33804610600005,0.018050818096239762,19.941713860458083,1.H00016,1.5,1.0,1.5,False,1.0,0.0,0.0,1.H00016,1.5,1.0,1.5
2021-10-25,-0.0038619915351784107,17.271086718702144,-0.0038619915351784107,19.864699130332045,0.399606,1.5,1.0,1.5,False,1.0,0.0,0.0,0.399606,1.5,1.0,1.5
2021-10-26,-0.005041763721962855,17.184009980244916,-0.005041763721962855,19.76454601090903,0.399606,1.5,1.0,1.5,False,1.0,0.0,0.0,0.399606,1.5,1.0,1.5
2021-10-27,-0.008431124868443995,17.03912944636088,-0.008431124868443995,19.59790865552295,0.399606,1.5,1.0,1.5,False,1.0,0.0,0.0,0.399606,1.5,1.0,1.5
2021-10-28,-0.013933741897172558,16.801710614502777,-0.013933741897172558,19.32483645459253,0.399606,1.5,1.0,1.5,False,1.0,0.0,0.0,0.399606,1.5,1.0,1.5
2021-10-29,0.03302181743913657,17.35653363508009,0.03302181743913657,19.962977676037255,0.399606,1.5,1.0,1.5,False,1.0,0.0,0.0,0.399606,1.5,1.0,1.5
2021-11-01,-0.008453188476602369,17.20981558496227,-0.008453188476602369,19.794226863187507,0.399606,1.5,1.0,1.5,False,1.0,0.0,0.0,0.399606,1.5,1.0,1.5
2021-11-02,0.0033965031499361142,17.268268777806416,0.0033965031499361142,19.861458017078874,0.399606,1.5,1.0,1.5,False,1.0,0.0,0.0,0.399606,1.5,1.0,1.5
2021-11-03,-0.005681221408632808,17.170163919535916,-0.005681221408632808,19.748620676585585,0.399606,1.5,1.0,1.5,False,1.0,1.0,0.0,0.399606,1.5,1.0,1.5
2021-11-04,0.015793988527676328,17.44134929149939,0.015793988527676328,20.060530164989007,0.399606,1.5,1.0,1.5,False,1.0,0.0,0.0,0.399606,1.5,1.0,1.5
2021-11-05,-0.004298963392355359,17.36636956938195,-0.004298963392355359,19.97429068017848,0.399606,1.5,1.0,1.5,False,1.0,0.0,0.0,0.399606,1.5,1.0,1.5
2021-11-08,0.012262220085780928,17.579319815132717,0.012262220085780928,20.21921982855619,0.399606,1.5,1.0,1.5,False,1.0,0.0,0.0,0.399606,1.5,1.0,1.5
2021-11-09,0.013094944528780683,17.809520032965576,0.013094944528780683,20.48398939062636,0.399606,1.5,1.0,1.5,False,1.0,0.0,0.0,0.399606,1.5,1.0,1.5
2021-11-10,-0.00458244099470928,17.72790895827042,-0.00458244099470928,20.390122717907563,0.399606,1.5,1.0,1.5,False,1.0,0.0,0.0,0.399606,1.5,1.0,1.5
2021-11-11,0.014755518238513954,17.98949344223489,0.014755518238513954,20.690989545557187,0.399606,1.5,1.0,1.5,False,1.0,0.0,0.0,0.399606,1.5,1.0,1.5
2021-11-12,-0.001414080564552167,17.964054849192088,-0.001414080564552167,20.661730819379464,0.399606,1.5,1.0,1.5,False,1.0,0.0,0.0,0.399606,1.5,1.0,1.5
2021-11-15,-0.01242144168260273,17.740915389499772,-0.01242144168260273,20.405082334944908,0.399606,1.5,1.0,1.5,False,1.0,0.0,0.0,0.399606,1.5,1.0,1.5
2021-11-16,-0.0036576675077849563,17.676025019721237,-0.0036576675077849563,20.330447328294703,0.399606,1.5,1.0,1.5,False,1.0,0.0,0.0,0.399606,1.5,1.0,1.5
2021-11-17,0.012142508219373127,17.89065629880905,0.012142508219373127,20.577309952082054,0.399606,1.5,1.0,1.5,False,1.0,0.0,0.0,0.399606,1.5,1.0,1.5
2021-11-18,-0.019416808990236456,17.5432768427451,-0.019416808990236456,20.177764255209585,1.H00852,1.5,1.0,1.5,False,1.0,0.0,0.0,1.H00852,1.5,1.0,1.5
2021-11-19,0.017237589436187584,17.845680646325718,0.017237589436187584,20.52558027118107,1.H00852,1.5,1.0,1.5,False,1.0,0.0,0.0,1.H00852,1.5,1.0,1.5
2021-11-22,0.027541642455018556,18.337180002053266,0.027541642455018556,21.09088846419172,1.H00852,1.5,1.0,1.5,False,1.0,0.0,0.0,1.H00852,1.5,1.0,1.5
2021-11-23,-0.0011234225207419346,18.31657960107206,-0.0011234225207419346,21.06719448510859,1.H00852,1.5,1.0,1.5,False,1.0,0.0,0.0,1.H00852,1.5,1.0,1.5
2021-11-24,-0.0005863421742405839,18.305839817964117,-0.0005863421742405839,21.05484190048904,1.H00852,1.5,1.0,1.5,False,1.0,0.0,0.0,1.H00852,1.5,1.0,1.5
2021-11-25,-0.0024644321929943036,18.26072631699693,-0.0024644321929943036,21.00295367029107,1.H00852,1.5,1.0,1.5,False,1.0,0.0,0.0,1.H00852,1.5,1.0,1.5
2021-11-26,0.0027841221677833428,18.311566409935907,0.0027841221677833428,21.061428459193454,1.H00852,1.5,1.0,1.5,False,1.0,0.0,0.0,1.H00852,1.5,1.0,1.5
2021-11-29,0.011091527347375951,18.514669649545002,0.011091527347375951,21.2950318689234,1.H00852,1.5,1.0,1.5,False,1.0,0.0,0.0,1.H00852,1.5,1.0,1.5
2021-11-30,0.010151911353758702,18.702628934571308,0.010151911353758702,21.511217144732175,1.H00852,1.5,1.0,1.5,False,1.0,0.0,0.0,1.H00852,1.5,1.0,1.5
2021-12-01,0.00022326419762341843,18.706804562013833,0.00022326419762341843,21.516019829367895,1.H00852,1.5,1.0,1.5,False,1.0,0.0,1.0,1.H00852,1.5,1.0,1.5
2021-12-02,-0.016360397463403786,18.400753804109073,-0.016360397463403786,21.16400919312896,1.H00852,1.5,1.0,1.5,False,1.0,0.0,2.0,1.H00852,1.5,1.0,1.5
2021-12-03,0.010431146055721374,18.592694754575106,0.010431146055721374,21.384774064147116,1.H00852,1.5,1.0,1.5,False,1.0,1.0,3.0,1.H00852,1.5,1.0,1.5
2021-12-06,-0.02197137359842405,18.184187711920877,-0.02197137359842405,20.914921203865852,1.H00852,1.5,1.0,1.5,False,1.0,2.0,4.0,1.H00852,1.5,1.0,1.5
2021-12-07,-0.02529785284377495,17.724166807101124,-0.023833603248648028,20.416443269916176,cash,0.0,0.0,1.5,True,0.0,3.0,5.0,1.H00852,1.5,1.0,1.5
2021-12-08,0.0001211499702025165,17.72631408938167,0.024059082491921346,20.90764416273872,cash,0.0,0.0,1.5,True,0.0,4.0,6.0,1.H20955,1.5,1.0,1.5
2021-12-09,0.0001211499702025165,17.7284616318054,0.010081896384542599,21.11843286483234,cash,0.0,0.0,1.5,True,0.0,5.0,7.0,1.H20955,1.5,1.0,1.5
2021-12-10,0.0001211499702025165,17.730609434403828,-0.012663820558099781,20.850992820563825,cash,0.0,0.0,1.5,True,0.0,6.0,8.0,1.H20955,1.5,1.0,1.5
2021-12-13,0.0001211499702025165,17.73275749720848,0.0005098153745928258,20.86162297727927,cash,0.0,0.0,1.5,True,0.0,0.0,9.0,1.H20955,1.5,1.0,1.5
2021-12-14,0.0001211499702025165,17.734905820250873,-0.011635513463681746,20.618887282252885,cash,0.0,0.0,1.5,True,0.0,0.0,10.0,1.H00016,1.5,1.0,1.5
2021-12-15,-0.0013790317547527353,17.710448821957197,-0.014171879088473949,20.326678904749922,1.H00016,1.5,1.0,1.5,False,1.0,0.0,0.0,1.H00016,1.5,1.0,1.5
2021-12-16,0.005306124114874633,17.804422661536638,0.005306124114874633,20.43453478586173,1.H00016,1.5,1.0,1.5,False,1.0,0.0,1.0,1.H00016,1.5,1.0,1.5
2021-12-17,-0.026386187820676144,17.33463182115063,-0.026386187820676144,19.89534531297384,1.H20955,1.5,1.0,1.5,False,1.0,0.0,0.0,1.H20955,1.5,1.0,1.5
2021-12-20,0.00844903299888955,17.481092697431134,0.00844903299888955,20.06344174204746,1.H20955,1.5,1.0,1.5,False,1.0,0.0,1.0,1.H20955,1.5,1.0,1.5
2021-12-21,0.02704238968566619,17.95382321828632,0.02704238968566619,20.606005152071567,1.H20955,1.5,1.0,1.5,False,1.0,0.0,2.0,1.H20955,1.5,1.0,1.5
2021-12-22,-0.006288743194505897,17.84091623470696,-0.006288743194505897,20.476419277405522,1.H20955,1.5,1.0,1.5,False,1.0,0.0,3.0,1.H20955,1.5,1.0,1.5
2021-12-23,-0.006483614261226789,17.72524261577426,-0.006483614261226789,20.343658073359677,1.H20955,1.5,1.0,1.5,False,1.0,0.0,4.0,1.H20955,1.5,1.0,1.5
2021-12-24,-0.0042468300809864745,17.649966522240806,-0.0027509565157601834,20.287693554628373,cash,0.0,0.0,1.5,True,0.0,0.0,5.0,1.H20955,1.5,1.0,1.5
2021-12-27,0.0001211499702025165,17.652104815159053,0.013264555930797561,20.55680080049062,cash,0.0,0.0,1.5,True,0.0,1.0,6.0,1.H20955,1.5,1.0,1.5
2021-12-28,0.0001211499702025165,17.65424336713142,-0.006227853716489928,20.42877605222614,cash,0.0,0.0,1.5,True,0.0,2.0,7.0,1.H20955,1.5,1.0,1.5
2021-12-29,0.0001211499702025165,17.656382178189297,-0.0036737942273836754,20.35372493269296,cash,0.0,0.0,1.5,True,0.0,3.0,8.0,1.H20955,1.5,1.0,1.5
2021-12-30,0.0001211499702025165,17.658521248364067,0.010655605051269834,20.57060618689792,cash,0.0,0.0,1.5,True,0.0,4.0,9.0,1.H20955,1.5,1.0,1.5
2021-12-31,0.0001211499702025165,17.66066057768713,0.02121975584999891,21.00710942787037,cash,0.0,0.0,1.5,True,0.0,0.0,10.0,1.H20955,1.5,1.0,1.5
2022-01-04,-0.0013790317547527353,17.636305965940586,0.031009106312507306,21.658521117437676,1.H20955,1.5,1.0,1.5,False,1.0,0.0,0.0,1.H20955,1.5,1.0,1.5
2022-01-05,-0.00637898276451021,17.523804274154223,-0.00637898276451021,21.52036178452476,1.H20955,1.5,1.0,1.5,False,1.0,0.0,0.0,1.H20955,1.5,1.0,1.5
2022-01-06,0.012474602274226143,17.742406762805683,0.012474602274226143,21.788819738584163,1.H20955,1.5,1.0,1.5,False,1.0,0.0,0.0,1.H20955,1.5,1.0,1.5
2022-01-07,0.00840518889997588,17.891535043187275,0.00840518889997588,21.971958884394486,1.H20955,1.5,1.0,1.5,False,1.0,0.0,0.0,1.H20955,1.5,1.0,1.5
2022-01-10,0.012911829004654374,18.12254748429569,0.012911829004654374,22.255657060407085,1.H20955,1.5,1.0,1.5,False,1.0,1.0,1.0,1.H20955,1.5,1.0,1.5
2022-01-11,0.004253837489500034,18.199637856189632,0.004253837489500034,22.3503290087641,1.H20955,1.5,1.0,1.5,False,1.0,2.0,2.0,1.H20955,1.5,1.0,1.5
2022-01-12,-0.01164627393552875,17.987679888189028,-0.010161516209843624,22.123215778246205,cash,0.0,0.0,1.5,True,0.0,3.0,3.0,1.H20955,1.5,1.0,1.5
2022-01-13,-0.0013790317547527353,17.962874306428887,-0.009206517872057729,21.919537996796393,1.H20955,1.5,1.0,1.5,False,1.0,0.0,0.0,1.H20955,1.5,1.0,1.5
2022-01-14,-0.018493505604847638,17.63067778976377,-0.018493505604847638,21.514168897996967,1.H20955,1.5,1.0,1.5,False,1.0,0.0,0.0,1.H20955,1.5,1.0,1.5
2022-01-17,0.00711974480912092,17.756203716438723,0.00711974480912092,21.66734429033103,1.H20955,1.5,1.0,1.5,False,1.0,0.0,0.0,1.H20955,1.5,1.0,1.5
2022-01-18,0.008999155692163807,17.91599455818473,0.008999155692163807,21.862332095035434,1.H20955,1.5,1.0,1.5,False,1.0,0.0,0.0,1.H20955,1.5,1.0,1.5
2022-01-19,0.008177777176029632,18.062507569568528,0.008177777176029632,22.041117375456995,1.H20955,1.5,1.0,1.5,False,1.0,1.0,0.0,1.H20955,1.5,1.0,1.5
2022-01-20,-0.004686722996710024,17.977853599963982,-0.004686722996710024,21.937816763780255,1.H20955,1.5,1.0,1.5,False,1.0,0.0,0.0,1.H20955,1.5,1.0,1.5
2022-01-21,-0.01713170529484931,17.669862310255454,-0.01713170529484931,21.561984552170767,1.H20955,1.5,1.0,1.5,False,1.0,1.0,1.0,1.H20955,1.5,1.0,1.5
2022-01-24,-0.008701207936148037,17.516113164090815,-0.008701207936148037,21.37436924106632,cash,0.0,0.0,1.5,False,1.0,2.0,2.0,cash,0.0,0.0,1.5
2022-01-25,0.0001211499702025165,17.51823524067871,0.0001211499702025165,21.37695874526297,cash,0.0,0.0,1.5,True,0.0,3.0,3.0,cash,0.0,0.0,1.5
2022-01-26,0.0001211499702025165,17.52035757435612,0.0001211499702025165,21.37954856317798,cash,0.0,0.0,1.5,True,0.0,4.0,4.0,cash,0.0,0.0,1.5
2022-01-27,0.0001211499702025165,17.52248016515419,0.0001211499702025165,21.382138694849353,cash,0.0,0.0,1.5,True,0.0,5.0,5.0,cash,0.0,0.0,1.5
2022-01-28,0.0001211499702025165,17.52460301310407,0.0001211499702025165,21.3847291403151,cash,0.0,0.0,1.5,True,0.0,6.0,6.0,cash,0.0,0.0,1.5
2022-02-07,0.0001211499702025165,17.52672611823692,0.0001211499702025165,21.387319899613235,cash,0.0,0.0,1.5,True,0.0,7.0,7.0,cash,0.0,0.0,1.5
2022-02-08,0.0001211499702025165,17.52884948058389,0.0001211499702025165,21.389910972781784,cash,0.0,0.0,1.5,True,0.0,8.0,8.0,cash,0.0,0.0,1.5
2022-02-09,0.0001211499702025165,17.530973100176148,0.0001211499702025165,21.39250235985877,cash,0.0,0.0,1.5,True,0.0,9.0,9.0,cash,0.0,0.0,1.5
2022-02-10,0.0001211499702025165,17.533096977044856,0.0001211499702025165,21.395094060882226,cash,0.0,0.0,1.5,True,0.0,10.0,10.0,cash,0.0,0.0,1.5
2022-02-11,0.0001211499702025165,17.535221111221183,0.0001211499702025165,21.39768607589018,cash,0.0,0.0,1.5,True,0.0,0.0,11.0,cash,0.0,0.0,1.5
2022-02-14,0.0001211499702025165,17.5373455027363,0.0001211499702025165,21.400278404920677,cash,0.0,0.0,1.5,True,0.0,1.0,12.0,cash,0.0,0.0,1.5
2022-02-15,0.0001211499702025165,17.539470151621387,0.0001211499702025165,21.402871048011757,cash,0.0,0.0,1.5,True,0.0,2.0,13.0,cash,0.0,0.0,1.5
2022-02-16,0.0001211499702025165,17.541595057907625,0.0001211499702025165,21.405464005201473,cash,0.0,0.0,1.5,True,0.0,0.0,14.0,cash,0.0,0.0,1.5
2022-02-17,0.0001211499702025165,17.543720221626195,0.0001211499702025165,21.408057276527874,cash,0.0,0.0,1.5,False,1.0,0.0,0.0,cash,0.0,0.0,1.5
2022-02-18,0.0001211499702025165,17.545845642808285,0.0001211499702025165,21.41065086202902,cash,0.0,0.0,1.5,False,1.0,0.0,1.0,cash,0.0,0.0,1.5
2022-02-21,0.0001211499702025165,17.54797132148509,0.0001211499702025165,21.41324476174297,cash,0.0,0.0,1.5,False,1.0,0.0,0.0,cash,0.0,0.0,1.5
2022-02-22,0.0001211499702025165,17.550097257687803,0.0001211499702025165,21.415838975707793,cash,0.0,0.0,1.5,False,1.0,0.0,0.0,cash,0.0,0.0,1.5
2022-02-23,0.0001211499702025165,17.552223451447624,0.0001211499702025165,21.418433503961563,cash,0.0,0.0,1.5,False,1.0,0.0,0.0,cash,0.0,0.0,1.5
2022-02-24,0.0001211499702025165,17.554349902795753,0.0001211499702025165,21.421028346542354,cash,0.0,0.0,1.5,False,1.0,0.0,0.0,cash,0.0,0.0,1.5
2022-02-25,0.0001211499702025165,17.5564766117634,0.0001211499702025165,21.423623503488244,cash,0.0,0.0,1.5,False,1.0,0.0,0.0,cash,0.0,0.0,1.5
2022-02-28,0.0001211499702025165,17.558603578381778,0.0001211499702025165,21.426218974837322,cash,0.0,0.0,1.5,False,1.0,0.0,1.0,cash,0.0,0.0,1.5
2022-03-01,-0.0013790317547527353,17.534389706478073,-0.0013790317547527353,21.396671538486736,1.H00852,1.5,1.0,1.5,False,1.0,0.0,2.0,1.H00852,1.5,1.0,1.5
2022-03-02,-0.0031172947323583333,17.47972984581095,-0.0031172947323583333,21.32997180700981,1.H00852,1.5,1.0,1.5,False,1.0,0.0,3.0,1.H00852,1.5,1.0,1.5
2022-03-03,-0.014564870023928256,17.225139852553333,-0.014564870023928256,21.019303540026655,1.H00852,1.5,1.0,1.5,False,1.0,0.0,4.0,1.H00852,1.5,1.0,1.5
2022-03-04,-0.020703931315569024,16.868511740145,-0.020703931315569024,20.584121323232846,1.H00852,1.5,1.0,1.5,False,1.0,0.0,0.0,1.H00852,1.5,1.0,1.5
2022-03-07,-0.033791025255802465,16.29850743390596,-0.033791025255802465,19.888562759730984,cash,0.0,0.0,1.5,False,1.0,1.0,1.0,cash,0.0,0.0,1.5
2022-03-08,0.0001211499702025165,16.300481997595924,0.0001211499702025165,19.890972258516697,cash,0.0,0.0,1.5,False,1.0,0.0,0.0,cash,0.0,0.0,1.5
2022-03-09,0.0001211499702025165,16.30245680050422,0.0001211499702025165,19.893382049213116,cash,0.0,0.0,1.5,False,1.0,0.0,0.0,cash,0.0,0.0,1.5
2022-03-10,0.0001211499702025165,16.30443184265983,0.0001211499702025165,19.895792131855604,cash,0.0,0.0,1.5,False,1.0,0.0,0.0,cash,0.0,0.0,1.5
2022-03-11,0.0001211499702025165,16.306407124091738,0.0001211499702025165,19.898202506479535,cash,0.0,0.0,1.5,False,1.0,1.0,0.0,cash,0.0,0.0,1.5
2022-03-14,0.0001211499702025165,16.30838264482893,0.0001211499702025165,19.900613173120277,cash,0.0,0.0,1.5,False,1.0,2.0,1.0,cash,0.0,0.0,1.5
2022-03-15,0.0001211499702025165,16.310358404900402,0.0001211499702025165,19.90302413181321,cash,0.0,0.0,1.5,True,0.0,3.0,0.0,cash,0.0,0.0,1.5
2022-03-16,0.0001211499702025165,16.312334404335147,0.0001211499702025165,19.90543538259372,cash,0.0,0.0,1.5,False,1.0,0.0,0.0,cash,0.0,0.0,1.5
2022-03-17,0.0001211499702025165,16.314310643162166,0.0001211499702025165,19.90784692549719,cash,0.0,0.0,1.5,False,1.0,0.0,0.0,cash,0.0,0.0,1.5
2022-03-18,0.0001211499702025165,16.31628712141046,0.0001211499702025165,19.91025876055901,cash,0.0,0.0,1.5,False,1.0,1.0,1.0,cash,0.0,0.0,1.5
2022-03-21,0.0001211499702025165,16.318263839109036,0.0001211499702025165,19.912670887814578,cash,0.0,0.0,1.5,False,1.0,0.0,0.0,cash,0.0,0.0,1.5
2022-03-22,0.0001211499702025165,16.3202407962869,0.0001211499702025165,19.915083307299287,cash,0.0,0.0,1.5,False,1.0,0.0,1.0,cash,0.0,0.0,1.5
2022-03-23,0.0001211499702025165,16.32221799297307,0.0001211499702025165,19.917496019048546,cash,0.0,0.0,1.5,False,1.0,0.0,2.0,cash,0.0,0.0,1.5
2022-03-24,0.0001211499702025165,16.324195429196557,0.0001211499702025165,19.919909023097762,cash,0.0,0.0,1.5,False,1.0,1.0,3.0,cash,0.0,0.0,1.5
2022-03-25,0.0001211499702025165,16.326173104986385,0.0001211499702025165,19.922322319482348,cash,0.0,0.0,1.5,False,1.0,2.0,4.0,cash,0.0,0.0,1.5
2022-03-28,0.0001211499702025165,16.328151020371575,0.0001211499702025165,19.924735908237718,cash,0.0,0.0,1.5,True,0.0,3.0,5.0,cash,0.0,0.0,1.5
2022-03-29,0.0001211499702025165,16.330129175381156,0.0001211499702025165,19.927149789399294,cash,0.0,0.0,1.5,True,0.0,4.0,6.0,cash,0.0,0.0,1.5
2022-03-30,0.0001211499702025165,16.33210757004416,0.0001211499702025165,19.9295639630025,cash,0.0,0.0,1.5,True,0.0,5.0,7.0,cash,0.0,0.0,1.5
2022-03-31,0.0001211499702025165,16.334086204389614,0.0001211499702025165,19.93197842908277,cash,0.0,0.0,1.5,True,0.0,0.0,8.0,cash,0.0,0.0,1.5
2022-04-01,0.0001211499702025165,16.336065078446563,0.0001211499702025165,19.93439318767553,cash,0.0,0.0,1.5,True,0.0,1.0,9.0,cash,0.0,0.0,1.5
2022-04-06,0.0001211499702025165,16.33804419224404,0.0001211499702025165,19.93680823881622,cash,0.0,0.0,1.5,True,0.0,2.0,10.0,cash,0.0,0.0,1.5
2022-04-07,0.0001211499702025165,16.3400235458111,-0.0013790317547527353,19.909314747166476,cash,0.0,0.0,1.5,True,0.0,3.0,11.0,1.H20955,1.5,1.0,1.5
2022-04-08,0.0001211499702025165,16.342003139176782,0.010423291229721077,20.116835332960374,cash,0.0,0.0,1.5,True,0.0,4.0,12.0,1.H20955,1.5,1.0,1.5
2022-04-11,0.0001211499702025165,16.343982972370142,-0.025138869668086095,19.611120831390735,cash,0.0,0.0,1.5,True,0.0,5.0,13.0,1.H20955,1.5,1.0,1.5
2022-04-12,0.0001211499702025165,16.345963045420234,0.013845319090229014,19.882643057018377,cash,0.0,0.0,1.5,True,0.0,6.0,14.0,1.H20955,1.5,1.0,1.5
2022-04-13,0.0001211499702025165,16.34794335835612,-0.018288442346735767,19.51902048576937,cash,0.0,0.0,1.5,True,0.0,7.0,15.0,1.H20955,1.5,1.0,1.5
2022-04-14,0.0001211499702025165,16.349923911206854,0.015670049195128932,19.824884497022108,cash,0.0,0.0,1.5,True,0.0,8.0,16.0,1.H20955,1.5,1.0,1.5
2022-04-15,0.0001211499702025165,16.35190470400151,-0.005399173656123635,19.717846502910092,cash,0.0,0.0,1.5,True,0.0,9.0,17.0,1.H20955,1.5,1.0,1.5
2022-04-18,0.0001211499702025165,16.353885736769154,-0.014365318385366033,19.434593360022014,cash,0.0,0.0,1.5,True,0.0,10.0,18.0,cash,0.0,0.0,1.5
2022-04-19,0.0001211499702025165,16.35586700953886,0.0001211499702025165,19.43694786042848,cash,0.0,0.0,1.5,True,0.0,11.0,19.0,cash,0.0,0.0,1.5
2022-04-20,0.0001211499702025165,16.3578485223397,0.0001211499702025165,19.4393026460826,cash,0.0,0.0,1.5,True,0.0,12.0,20.0,cash,0.0,0.0,1.5
2022-04-21,0.0001211499702025165,16.35983027520076,0.0001211499702025165,19.44165771701893,cash,0.0,0.0,1.5,True,0.0,13.0,21.0,cash,0.0,0.0,1.5
2022-04-22,0.0001211499702025165,16.36181226815112,0.0001211499702025165,19.444013073272036,cash,0.0,0.0,1.5,True,0.0,14.0,22.0,cash,0.0,0.0,1.5
2022-04-25,0.0001211499702025165,16.363794501219864,0.0001211499702025165,19.44636871487648,cash,0.0,0.0,1.5,True,0.0,15.0,0.0,cash,0.0,0.0,1.5
2022-04-26,0.0001211499702025165,16.365776974436088,0.0001211499702025165,19.448724641866836,cash,0.0,0.0,1.5,True,0.0,16.0,1.0,cash,0.0,0.0,1.5
2022-04-27,0.0001211499702025165,16.367759687828883,0.0001211499702025165,19.451080854277674,cash,0.0,0.0,1.5,True,0.0,17.0,0.0,cash,0.0,0.0,1.5
2022-04-28,0.0001211499702025165,16.369742641427347,0.0001211499702025165,19.453437352143577,cash,0.0,0.0,1.5,True,0.0,18.0,0.0,cash,0.0,0.0,1.5
2022-04-29,0.0001211499702025165,16.37172583526058,0.0001211499702025165,19.455794135499126,cash,0.0,0.0,1.5,True,0.0,19.0,0.0,cash,0.0,0.0,1.5
2022-05-05,0.0001211499702025165,16.373709269357686,0.0001211499702025165,19.458151204378908,cash,0.0,0.0,1.5,True,0.0,20.0,0.0,cash,0.0,0.0,1.5
2022-05-06,0.0001211499702025165,16.375692943747772,0.0001211499702025165,19.460508558817516,cash,0.0,0.0,1.5,True,0.0,21.0,1.0,cash,0.0,0.0,1.5
2022-05-09,0.0001211499702025165,16.377676858459953,0.0001211499702025165,19.462866198849543,cash,0.0,0.0,1.5,True,0.0,22.0,2.0,cash,0.0,0.0,1.5
2022-05-10,0.0001211499702025165,16.379661013523343,0.0001211499702025165,19.46522412450959,cash,0.0,0.0,1.5,False,1.0,0.0,0.0,cash,0.0,0.0,1.5
2022-05-11,0.0001211499702025165,16.38164540896706,0.0001211499702025165,19.467582335832258,cash,0.0,0.0,1.5,False,1.0,0.0,0.0,cash,0.0,0.0,1.5
2022-05-12,0.0001211499702025165,16.383630044820226,0.0001211499702025165,19.46994083285216,cash,0.0,0.0,1.5,False,1.0,0.0,1.0,cash,0.0,0.0,1.5
2022-05-13,0.0001211499702025165,16.385614921111966,0.0001211499702025165,19.472299615603905,cash,0.0,0.0,1.5,False,1.0,0.0,2.0,cash,0.0,0.0,1.5
2022-05-16,0.0001211499702025165,16.387600037871408,0.0001211499702025165,19.47465868412211,cash,0.0,0.0,1.5,False,1.0,0.0,3.0,cash,0.0,0.0,1.5
2022-05-17,0.0001211499702025165,16.389585395127686,0.0001211499702025165,19.477018038441397,cash,0.0,0.0,1.5,False,1.0,1.0,4.0,cash,0.0,0.0,1.5
2022-05-18,0.0001211499702025165,16.391570992909937,0.0001211499702025165,19.47937767859639,cash,0.0,0.0,1.5,True,0.0,0.0,5.0,cash,0.0,0.0,1.5
2022-05-19,0.0001211499702025165,16.393556831247302,0.0001211499702025165,19.481737604621713,cash,0.0,0.0,1.5,True,0.0,0.0,6.0,cash,0.0,0.0,1.5
2022-05-20,0.0001211499702025165,16.39554291016892,0.0001211499702025165,19.484097816552005,cash,0.0,0.0,1.5,True,0.0,0.0,7.0,cash,0.0,0.0,1.5
2022-05-23,0.0001211499702025165,16.39752922970394,-0.0013790317547527353,19.457228626950272,cash,0.0,0.0,1.5,True,0.0,0.0,8.0,1.H00852,1.5,1.0,1.5
2022-05-24,0.0001211499702025165,16.399515789881516,-0.06330245487840991,18.225538289733848,cash,0.0,0.0,1.5,False,1.0,0.0,0.0,cash,0.0,0.0,1.5
2022-05-25,-0.0013790317547527353,16.3769003368447,-0.0013790317547527353,18.200404693684842,1.H00852,1.5,1.0,1.5,False,1.0,1.0,1.0,1.H00852,1.5,1.0,1.5
2022-05-26,0.009943381007786467,16.539742096620493,0.009943381007786467,18.381378252050055,1.H00852,1.5,1.0,1.5,False,1.0,2.0,2.0,1.H00852,1.5,1.0,1.5
2022-05-27,-0.0038033655115461418,16.476835411960337,-0.0038033655115461418,18.311467151951526,1.H00852,1.5,1.0,1.5,False,1.0,0.0,3.0,1.H00852,1.5,1.0,1.5
2022-05-30,0.01794228965620359,16.772467565539323,0.01794228965620359,18.640016799621897,1.H00852,1.5,1.0,1.5,False,1.0,1.0,4.0,1.H00852,1.5,1.0,1.5
2022-05-31,0.017648465351916,17.06847587823588,0.017648465351916,18.968984490269158,1.H00852,1.5,1.0,1.5,False,1.0,0.0,0.0,1.H00852,1.5,1.0,1.5
2022-06-01,0.004863183634158164,17.15148301078694,0.004863183634158164,19.061234145198835,1.H00852,1.5,1.0,1.5,False,1.0,0.0,0.0,1.H00852,1.5,1.0,1.5
2022-06-02,0.016886318333938055,17.44110841280622,0.016886318333938055,19.38310821281239,1.H00852,1.5,1.0,1.5,False,1.0,0.0,0.0,1.H00852,1.5,1.0,1.5
2022-06-06,0.03777875254129137,18.10001173157946,0.03777875254129137,20.115377861465305,1.H00852,1.5,1.0,1.5,False,1.0,0.0,0.0,1.H00852,1.5,1.0,1.5
2022-06-07,-0.0015538182655063792,18.071887602745054,-0.0015538182655063792,20.0841222199266,1.H00852,1.5,1.0,1.5,False,1.0,0.0,0.0,1.H00852,1.5,1.0,1.5
2022-06-08,0.002869015739306535,18.12373613271631,0.002869015739306535,20.141743882685724,1.H00852,1.5,1.0,1.5,False,1.0,0.0,0.0,1.H00852,1.5,1.0,1.5
2022-06-09,-0.029805846719143436,17.583542831566366,-0.029805846719143436,19.541402151862147,0.399606,1.5,1.0,1.5,False,1.0,1.0,0.0,0.399606,1.5,1.0,1.5
2022-06-10,0.03413576332782675,18.18377048812942,0.03413576332782675,20.208462830812,0.399606,1.5,1.0,1.5,False,1.0,0.0,0.0,0.399606,1.5,1.0,1.5
2022-06-13,-0.005787589140654803,18.078530295516163,-0.005787589140654803,20.091504550783064,0.399606,1.5,1.0,1.5,False,1.0,0.0,0.0,0.399606,1.5,1.0,1.5
2022-06-14,0.001118982295082116,18.09875985083795,0.001118982295082116,20.113986588656953,0.399606,1.5,1.0,1.5,False,1.0,0.0,0.0,0.399606,1.5,1.0,1.5
2022-06-15,0.015740783560887373,18.38364851237047,0.015740783560887373,20.430596498095593,0.399606,1.5,1.0,1.5,False,1.0,0.0,0.0,0.399606,1.5,1.0,1.5
2022-06-16,0.006032754327191858,18.494552547483046,0.006032754327191858,20.55384926752659,0.399606,1.5,1.0,1.5,False,1.0,0.0,0.0,0.399606,1.5,1.0,1.5
2022-06-17,0.041562515661464516,19.26323267738959,0.041562515661464516,21.408118949611545,0.399606,1.5,1.0,1.5,False,1.0,0.0,0.0,0.399606,1.5,1.0,1.5
2022-06-20,0.02981742012061872,19.837612579012546,0.02981742012061872,22.046453826324292,0.399606,1.5,1.0,1.5,False,1.0,0.0,0.0,0.399606,1.5,1.0,1.5
2022-06-21,-0.009537137323274547,19.648418543680584,-0.009537137323274547,21.836193768691405,0.399606,1.5,1.0,1.5,False,1.0,0.0,0.0,0.399606,1.5,1.0,1.5
2022-06-22,-0.008773991144527704,19.476023493374356,-0.008773991144527704,21.644603197934718,0.399606,1.5,1.0,1.5,False,1.0,0.0,0.0,0.399606,1.5,1.0,1.5
2022-06-23,0.04643963468780887,20.380482909577843,0.04643963468780887,22.649770663409384,0.399606,1.5,1.0,1.5,False,1.0,0.0,0.0,0.399606,1.5,1.0,1.5
2022-06-24,0.03491880006362269,21.09214491749747,0.03491880006362269,23.440673476691885,0.399606,1.5,1.0,1.5,False,1.0,0.0,0.0,0.399606,1.5,1.0,1.5
2022-06-27,0.0034172711351130314,21.164222495501658,0.0034172711351130314,23.520776613551394,0.399606,1.5,1.0,1.5,False,1.0,0.0,0.0,0.399606,1.5,1.0,1.5
2022-06-28,0.005208565925176156,21.274457743624573,0.005208565925176156,23.64328612915442,0.399606,1.5,1.0,1.5,False,1.0,0.0,0.0,0.399606,1.5,1.0,1.5
2022-06-29,-0.03775395670365467,20.47126278707804,-0.03775395670365467,22.750658528302203,0.399606,1.5,1.0,1.5,False,1.0,0.0,0.0,0.399606,1.5,1.0,1.5
2022-06-30,0.022887104912751477,20.939790726182398,0.022887104912751477,23.27135523687364,0.399606,1.5,1.0,1.5,False,1.0,0.0,0.0,0.399606,1.5,1.0,1.5
2022-07-01,-0.01535142043976756,20.618335194824027,-0.01535142043976756,22.914106878429205,0.399606,1.5,1.0,1.5,False,1.0,1.0,1.0,0.399606,1.5,1.0,1.5
2022-07-04,0.02839076077729863,21.203705416966432,0.02839076077729863,23.564655805240143,0.399606,1.5,1.0,1.5,False,1.0,2.0,2.0,0.399606,1.5,1.0,1.5
2022-07-05,-0.005117460827470333,21.095196285097884,-0.005117460827470333,23.444064602244005,0.399606,1.5,1.0,1.5,False,1.0,0.0,0.0,0.399606,1.5,1.0,1.5
2022-07-06,-0.011891614044575727,20.844340352680934,-0.011891614044575727,23.165276834358018,0.399606,1.5,1.0,1.5,False,1.0,1.0,1.0,0.399606,1.5,1.0,1.5
2022-07-07,0.025140762147004114,21.368382955598886,0.025140762147004114,23.74766954932012,0.399606,1.5,1.0,1.5,False,1.0,2.0,2.0,0.399606,1.5,1.0,1.5
2022-07-08,-0.01828339836952797,20.97769629750904,-0.01680861128645772,23.348504202906348,cash,0.0,0.0,1.5,True,0.0,3.0,3.0,0.399606,1.5,1.0,1.5
2022-07-11,0.0001211499702025165,20.9802377447904,-0.026658314044557985,22.72607244539459,cash,0.0,0.0,1.5,True,0.0,4.0,4.0,0.399606,1.5,1.0,1.5
2022-07-12,0.0001211499702025165,20.982779499968025,-0.0351645322874472,21.926920737121648,cash,0.0,0.0,1.5,True,0.0,5.0,5.0,0.399606,1.5,1.0,1.5
2022-07-13,0.0001211499702025165,20.98532156307921,0.024470135098016543,22.463475449842516,cash,0.0,0.0,1.5,True,0.0,6.0,6.0,0.399606,1.5,1.0,1.5
2022-07-14,0.0001211499702025165,20.98786393416127,0.037866732682726445,23.314093869826692,cash,0.0,0.0,1.5,True,0.0,7.0,7.0,cash,0.0,0.0,1.5
2022-07-15,0.0001211499702025165,20.990406613251505,0.0001211499702025165,23.31691837160432,cash,0.0,0.0,1.5,True,0.0,0.0,8.0,cash,0.0,0.0,1.5
2022-07-18,0.0001211499702025165,20.992949600387238,0.0001211499702025165,23.319743215570256,cash,0.0,0.0,1.5,False,1.0,0.0,0.0,cash,0.0,0.0,1.5
2022-07-19,0.0001211499702025165,20.99549289560579,0.0001211499702025165,23.322568401765952,cash,0.0,0.0,1.5,False,1.0,0.0,0.0,cash,0.0,0.0,1.5
2022-07-20,0.0001211499702025165,20.99803649894448,0.0001211499702025165,23.325393930232874,cash,0.0,0.0,1.5,False,1.0,0.0,1.0,cash,0.0,0.0,1.5
2022-07-21,0.0001211499702025165,21.000580410440637,0.0001211499702025165,23.328219801012484,cash,0.0,0.0,1.5,False,1.0,0.0,2.0,cash,0.0,0.0,1.5
2022-07-22,0.0001211499702025165,21.003124630131598,0.0001211499702025165,23.331046014146253,cash,0.0,0.0,1.5,False,1.0,0.0,3.0,cash,0.0,0.0,1.5
2022-07-25,0.0001211499702025165,21.005669158054697,0.0001211499702025165,23.33387256967566,cash,0.0,0.0,1.5,False,1.0,1.0,4.0,cash,0.0,0.0,1.5
2022-07-26,0.0001211499702025165,21.00821399424728,0.0001211499702025165,23.336699467642184,cash,0.0,0.0,1.5,True,0.0,2.0,5.0,cash,0.0,0.0,1.5
2022-07-27,0.0001211499702025165,21.010759138746693,0.0001211499702025165,23.339526708087313,cash,0.0,0.0,1.5,True,0.0,0.0,6.0,cash,0.0,0.0,1.5
2022-07-28,0.0001211499702025165,21.013304591590284,0.0001211499702025165,23.342354291052537,cash,0.0,0.0,1.5,False,1.0,0.0,0.0,cash,0.0,0.0,1.5
2022-07-29,0.0001211499702025165,21.015850352815413,0.0001211499702025165,23.345182216579353,cash,0.0,0.0,1.5,False,1.0,0.0,0.0,cash,0.0,0.0,1.5
2022-08-01,0.0001211499702025165,21.018396422459436,0.0001211499702025165,23.348010484709263,cash,0.0,0.0,1.5,False,1.0,0.0,0.0,cash,0.0,0.0,1.5
2022-08-02,0.0001211499702025165,21.02094280055972,0.0001211499702025165,23.350839095483774,cash,0.0,0.0,1.5,False,1.0,0.0,0.0,cash,0.0,0.0,1.5
2022-08-03,0.0001211499702025165,21.023489487153636,0.0001211499702025165,23.353668048944396,cash,0.0,0.0,1.5,False,1.0,0.0,0.0,cash,0.0,0.0,1.5
2022-08-04,0.0001211499702025165,21.026036482278556,0.0001211499702025165,23.356497345132645,cash,0.0,0.0,1.5,False,1.0,1.0,1.0,cash,0.0,0.0,1.5
2022-08-05,0.0001211499702025165,21.02858378597186,0.0001211499702025165,23.359326984090043,cash,0.0,0.0,1.5,False,1.0,2.0,0.0,cash,0.0,0.0,1.5
2022-08-08,0.0001211499702025165,21.031131398270933,0.0001211499702025165,23.362156965858116,cash,0.0,0.0,1.5,True,0.0,3.0,0.0,cash,0.0,0.0,1.5
2022-08-09,0.0001211499702025165,21.03367931921316,0.0001211499702025165,23.364987290478396,cash,0.0,0.0,1.5,True,0.0,4.0,0.0,cash,0.0,0.0,1.5
2022-08-10,0.0001211499702025165,21.03622754883593,0.0001211499702025165,23.36781795799242,cash,0.0,0.0,1.5,False,1.0,0.0,0.0,cash,0.0,0.0,1.5
2022-08-11,0.0001211499702025165,21.038776087176647,0.0001211499702025165,23.370648968441728,cash,0.0,0.0,1.5,False,1.0,0.0,0.0,cash,0.0,0.0,1.5
2022-08-12,0.0001211499702025165,21.041324934272705,0.0001211499702025165,23.373480321867866,cash,0.0,0.0,1.5,False,1.0,0.0,0.0,cash,0.0,0.0,1.5
2022-08-15,0.0001211499702025165,21.043874090161513,0.0001211499702025165,23.37631201831239,cash,0.0,0.0,1.5,False,1.0,1.0,1.0,cash,0.0,0.0,1.5
2022-08-16,0.0001211499702025165,21.04642355488048,0.0001211499702025165,23.379144057816852,cash,0.0,0.0,1.5,False,1.0,0.0,0.0,cash,0.0,0.0,1.5
2022-08-17,0.0001211499702025165,21.048973328467024,0.0001211499702025165,23.381976440422818,cash,0.0,0.0,1.5,False,1.0,0.0,0.0,cash,0.0,0.0,1.5
2022-08-18,0.0001211499702025165,21.051523410958563,0.0001211499702025165,23.384809166171852,cash,0.0,0.0,1.5,False,1.0,0.0,0.0,cash,0.0,0.0,1.5
2022-08-19,0.0001211499702025165,21.05407380239252,0.0001211499702025165,23.387642235105524,cash,0.0,0.0,1.5,False,1.0,0.0,0.0,cash,0.0,0.0,1.5
2022-08-22,0.0001211499702025165,21.056624502806322,0.0001211499702025165,23.390475647265415,cash,0.0,0.0,1.5,False,1.0,1.0,1.0,cash,0.0,0.0,1.5
2022-08-23,0.0001211499702025165,21.059175512237402,0.0001211499702025165,23.393309402693102,cash,0.0,0.0,1.5,False,1.0,0.0,2.0,cash,0.0,0.0,1.5
2022-08-24,0.0001211499702025165,21.0617268307232,0.0001211499702025165,23.396143501430178,cash,0.0,0.0,1.5,False,1.0,0.0,0.0,cash,0.0,0.0,1.5
2022-08-25,0.0001211499702025165,21.064278458301153,0.0001211499702025165,23.39897794351823,cash,0.0,0.0,1.5,False,1.0,1.0,1.0,cash,0.0,0.0,1.5
2022-08-26,0.0001211499702025165,21.066830395008715,0.0001211499702025165,23.401812728998856,cash,0.0,0.0,1.5,False,1.0,2.0,2.0,cash,0.0,0.0,1.5
2022-08-29,0.0001211499702025165,21.069382640883333,0.0001211499702025165,23.40464785791366,cash,0.0,0.0,1.5,True,0.0,3.0,3.0,cash,0.0,0.0,1.5
2022-08-30,0.0001211499702025165,21.07193519596246,-0.0013790317547527353,23.37237210530879,cash,0.0,0.0,1.5,True,0.0,4.0,4.0,1.H20955,1.5,1.0,1.5
2022-08-31,0.0001211499702025165,21.07448806028356,-0.007994558176239841,23.185520316796175,cash,0.0,0.0,1.5,True,0.0,5.0,5.0,1.H20955,1.5,1.0,1.5
2022-09-01,0.0001211499702025165,21.077041233884096,0.002148878091466022,23.23534317344418,cash,0.0,0.0,1.5,True,0.0,6.0,6.0,1.H20955,1.5,1.0,1.5
2022-09-02,0.0001211499702025165,21.079594716801537,0.005206678078251592,23.356322125386004,cash,0.0,0.0,1.5,True,0.0,7.0,7.0,1.H20955,1.5,1.0,1.5
2022-09-05,0.0001211499702025165,21.08214850907336,0.01247307542757703,23.64764729296673,cash,0.0,0.0,1.5,True,0.0,8.0,8.0,1.H20955,1.5,1.0,1.5
2022-09-06,0.0001211499702025165,21.08470261073704,0.008768818090848729,23.85500921035531,cash,0.0,0.0,1.5,True,0.0,9.0,9.0,1.H20955,1.5,1.0,1.5
2022-09-07,0.0001211499702025165,21.08725702183006,-0.004155760675753184,23.755873501159183,cash,0.0,0.0,1.5,True,0.0,10.0,10.0,1.H20955,1.5,1.0,1.5
2022-09-08,0.0001211499702025165,21.089811742389905,-0.0001331742631014432,23.752709830211334,cash,0.0,0.0,1.5,True,0.0,11.0,11.0,1.H20955,1.5,1.0,1.5
2022-09-09,0.0001211499702025165,21.09236677245407,0.008834174562492692,23.96254541518366,cash,0.0,0.0,1.5,True,0.0,12.0,12.0,1.H20955,1.5,1.0,1.5
2022-09-13,0.0001211499702025165,21.094922112060054,-0.003177624478975294,23.886401444293814,cash,0.0,0.0,1.5,True,0.0,13.0,13.0,1.H20955,1.5,1.0,1.5
2022-09-14,0.0001211499702025165,21.097477761245354,-0.012894881639461842,23.578389124876974,cash,0.0,0.0,1.5,True,0.0,14.0,14.0,cash,0.0,0.0,1.5
2022-09-15,0.0001211499702025165,21.100033720047477,0.0001211499702025165,23.581245646016875,cash,0.0,0.0,1.5,True,0.0,15.0,0.0,cash,0.0,0.0,1.5
2022-09-16,0.0001211499702025165,21.102589988503933,0.0001211499702025165,23.584102513224227,cash,0.0,0.0,1.5,True,0.0,16.0,1.0,cash,0.0,0.0,1.5
2022-09-19,0.0001211499702025165,21.105146566652238,0.0001211499702025165,23.586959726540957,cash,0.0,0.0,1.5,True,0.0,17.0,2.0,cash,0.0,0.0,1.5
2022-09-20,0.0001211499702025165,21.107703454529908,0.0001211499702025165,23.589817286008994,cash,0.0,0.0,1.5,True,0.0,18.0,3.0,cash,0.0,0.0,1.5
2022-09-21,0.0001211499702025165,21.110260652174468,0.0001211499702025165,23.592675191670278,cash,0.0,0.0,1.5,True,0.0,19.0,4.0,cash,0.0,0.0,1.5
2022-09-22,0.0001211499702025165,21.112818159623444,0.0001211499702025165,23.595533443566747,cash,0.0,0.0,1.5,True,0.0,20.0,5.0,cash,0.0,0.0,1.5
2022-09-23,0.0001211499702025165,21.115375976914375,0.0001211499702025165,23.598392041740347,cash,0.0,0.0,1.5,True,0.0,21.0,6.0,cash,0.0,0.0,1.5
2022-09-26,0.0001211499702025165,21.117934104084792,0.0001211499702025165,23.60125098623303,cash,0.0,0.0,1.5,True,0.0,22.0,7.0,cash,0.0,0.0,1.5
2022-09-27,0.0001211499702025165,21.12049254117224,0.0001211499702025165,23.604110277086754,cash,0.0,0.0,1.5,True,0.0,23.0,8.0,cash,0.0,0.0,1.5
2022-09-28,0.0001211499702025165,21.123051288214267,0.0001211499702025165,23.60696991434348,cash,0.0,0.0,1.5,True,0.0,24.0,9.0,cash,0.0,0.0,1.5
2022-09-29,0.0001211499702025165,21.125610345248422,0.0001211499702025165,23.609829898045174,cash,0.0,0.0,1.5,True,0.0,25.0,10.0,cash,0.0,0.0,1.5
2022-09-30,0.0001211499702025165,21.128169712312257,0.0001211499702025165,23.61269022823381,cash,0.0,0.0,1.5,True,0.0,26.0,11.0,cash,0.0,0.0,1.5
2022-10-10,0.0001211499702025165,21.13072938944334,0.0001211499702025165,23.615550904951363,cash,0.0,0.0,1.5,True,0.0,27.0,12.0,cash,0.0,0.0,1.5
2022-10-11,0.0001211499702025165,21.133289376679226,0.0001211499702025165,23.618411928239812,cash,0.0,0.0,1.5,True,0.0,28.0,13.0,cash,0.0,0.0,1.5
2022-10-12,0.0001211499702025165,21.135849674057493,0.0001211499702025165,23.621273298141148,cash,0.0,0.0,1.5,False,1.0,0.0,0.0,cash,0.0,0.0,1.5
2022-10-13,0.0001211499702025165,21.13841028161571,0.0001211499702025165,23.624135014697362,cash,0.0,0.0,1.5,False,1.0,0.0,0.0,cash,0.0,0.0,1.5
2022-10-14,0.0001211499702025165,21.140971199391455,0.0001211499702025165,23.626997077950453,cash,0.0,0.0,1.5,False,1.0,0.0,0.0,cash,0.0,0.0,1.5
2022-10-17,0.0001211499702025165,21.143532427422315,0.0001211499702025165,23.629859487942422,cash,0.0,0.0,1.5,False,1.0,0.0,0.0,cash,0.0,0.0,1.5
2022-10-18,0.0001211499702025165,21.146093965745873,0.0001211499702025165,23.632722244715275,cash,0.0,0.0,1.5,False,1.0,0.0,0.0,cash,0.0,0.0,1.5
2022-10-19,0.0001211499702025165,21.148655814399724,0.0001211499702025165,23.635585348311025,cash,0.0,0.0,1.5,False,1.0,0.0,0.0,cash,0.0,0.0,1.5
2022-10-20,0.0001211499702025165,21.151217973421463,0.0001211499702025165,23.63844879877169,cash,0.0,0.0,1.5,False,1.0,0.0,0.0,cash,0.0,0.0,1.5
2022-10-21,0.0001211499702025165,21.15378044284869,0.0001211499702025165,23.641312596139297,cash,0.0,0.0,1.5,False,1.0,0.0,1.0,cash,0.0,0.0,1.5
2022-10-24,0.0001211499702025165,21.15634322271901,0.0001211499702025165,23.64417674045587,cash,0.0,0.0,1.5,False,1.0,0.0,0.0,cash,0.0,0.0,1.5
2022-10-25,0.0001211499702025165,21.158906313070037,0.0001211499702025165,23.64704123176344,cash,0.0,0.0,1.5,False,1.0,0.0,0.0,cash,0.0,0.0,1.5
2022-10-26,0.0001211499702025165,21.161469713939383,0.0001211499702025165,23.649906070104045,cash,0.0,0.0,1.5,False,1.0,0.0,0.0,cash,0.0,0.0,1.5
2022-10-27,0.0001211499702025165,21.164033425364668,0.0001211499702025165,23.65277125551973,cash,0.0,0.0,1.5,False,1.0,0.0,0.0,cash,0.0,0.0,1.5
2022-10-28,0.0001211499702025165,21.166597447383516,0.0001211499702025165,23.655636788052544,cash,0.0,0.0,1.5,False,1.0,0.0,0.0,cash,0.0,0.0,1.5
2022-10-31,0.0001211499702025165,21.169161780033555,0.0001211499702025165,23.65850266774454,cash,0.0,0.0,1.5,False,1.0,1.0,0.0,cash,0.0,0.0,1.5
2022-11-01,0.0001211499702025165,21.171726423352418,0.0001211499702025165,23.66136889463777,cash,0.0,0.0,1.5,False,1.0,0.0,0.0,cash,0.0,0.0,1.5
2022-11-02,-0.0013790317547527353,21.142529940311675,-0.0013790317547527353,23.628739115571147,1.H00852,1.5,1.0,1.5,False,1.0,0.0,0.0,1.H00852,1.5,1.0,1.5
2022-11-03,0.009671296652217887,21.347005619342827,0.009671296652217887,23.857259661075698,1.H00852,1.5,1.0,1.5,False,1.0,0.0,0.0,1.H00852,1.5,1.0,1.5
2022-11-04,0.03255987313251829,22.042061414067785,0.03255987313251829,24.634049008929868,1.H00852,1.5,1.0,1.5,False,1.0,0.0,0.0,1.H00852,1.5,1.0,1.5
2022-11-07,0.0008320405399464548,22.06040130274828,0.0008320405399464548,24.654545536368325,1.H00852,1.5,1.0,1.5,False,1.0,0.0,0.0,1.H00852,1.5,1.0,1.5
2022-11-08,-0.004234400978806785,21.96698871787905,-0.004234400978806785,24.55014830461709,1.H00852,1.5,1.0,1.5,False,1.0,0.0,1.0,1.H00852,1.5,1.0,1.5
2022-11-09,-0.0043067649504923144,21.87238206080103,-0.0043067649504923144,24.444416586369375,1.H00852,1.5,1.0,1.5,False,1.0,1.0,2.0,1.H00852,1.5,1.0,1.5
2022-11-10,-0.016395345774655734,21.51377679399882,-0.016395345774655734,24.043641924176118,1.H00852,1.5,1.0,1.5,False,1.0,0.0,3.0,1.H00852,1.5,1.0,1.5
2022-11-11,0.009070889373459678,21.708925883302484,0.009070889373459678,24.261739140205396,1.H00852,1.5,1.0,1.5,False,1.0,0.0,0.0,1.H00852,1.5,1.0,1.5
2022-11-14,-0.011407148835808512,21.461288934686117,-0.011407148835808512,23.984981870817514,cash,0.0,0.0,1.5,False,1.0,0.0,0.0,cash,0.0,0.0,1.5
2022-11-15,0.0001211499702025165,21.46388896920106,0.0001211499702025165,23.98788765065647,cash,0.0,0.0,1.5,False,1.0,0.0,0.0,cash,0.0,0.0,1.5
2022-11-16,-0.0013790317547527353,21.434289584732046,-0.0013790317547527353,23.954807591856774,1.H00016,1.5,1.0,1.5,False,1.0,0.0,0.0,1.H00016,1.5,1.0,1.5
2022-11-17,-0.007565635649416924,21.272125559329872,-0.007565635649416924,23.773574245564898,1.H00016,1.5,1.0,1.5,False,1.0,1.0,1.0,1.H00016,1.5,1.0,1.5
2022-11-18,-0.00785288248055882,21.105078057200764,-0.00785288248055882,23.586883160871636,1.H00016,1.5,1.0,1.5,False,1.0,0.0,0.0,1.H00016,1.5,1.0,1.5
2022-11-21,-0.018825044810691693,20.707774017040812,-0.018825044810691693,23.14285902842368,1.H00016,1.5,1.0,1.5,False,1.0,1.0,1.0,1.H00016,1.5,1.0,1.5
2022-11-22,0.00977460659649898,20.91018436154659,0.00977460659649898,23.369071370944756,1.H00016,1.5,1.0,1.5,False,1.0,0.0,2.0,1.H00016,1.5,1.0,1.5
2022-11-23,0.0024161715482300394,20.960706954069206,0.0024161715482300394,23.42553505629979,1.H00016,1.5,1.0,1.5,False,1.0,1.0,3.0,1.H00016,1.5,1.0,1.5
2022-11-24,-0.008912556216627454,20.77389347500081,-0.008912556216627454,23.216753658205942,1.H00016,1.5,1.0,1.5,False,1.0,2.0,4.0,1.H00016,1.5,1.0,1.5
2022-11-25,0.012730013163911869,21.038345412403274,0.014251390249285789,23.54762467491057,cash,0.0,0.0,1.5,True,0.0,3.0,5.0,1.H00016,1.5,1.0,1.5
2022-11-28,0.0001211499702025165,21.040894207323095,-0.024223914059657403,22.977209038476467,cash,0.0,0.0,1.5,True,0.0,4.0,6.0,1.H00016,1.5,1.0,1.5
2022-11-29,0.0001211499702025165,21.043443311029346,0.06232788854607163,24.409329962526417,cash,0.0,0.0,1.5,True,0.0,5.0,7.0,1.H00016,1.5,1.0,1.5
2022-11-30,0.0001211499702025165,21.045992723559436,-0.0007577113248719014,24.390834736781276,cash,0.0,0.0,1.5,True,0.0,0.0,8.0,1.H00016,1.5,1.0,1.5
2022-12-01,-0.0013790317547527353,21.016969631283352,0.014133688496621444,24.735567197123515,1.H00016,1.5,1.0,1.5,False,1.0,0.0,0.0,1.H00016,1.5,1.0,1.5
2022-12-02,-0.009520609792651236,20.8168752643999,-0.009520609792651236,24.500069513839797,1.H00016,1.5,1.0,1.5,False,1.0,0.0,1.0,1.H00016,1.5,1.0,1.5
2022-12-05,0.03523849493151188,21.55043061789437,0.03523849493151188,25.36341508922493,1.H00016,1.5,1.0,1.5,False,1.0,0.0,0.0,1.H00016,1.5,1.0,1.5
2022-12-06,0.004819521760031975,21.654293387195374,0.004819521760031975,25.485654620156172,1.H00016,1.5,1.0,1.5,False,1.0,0.0,0.0,1.H00016,1.5,1.0,1.5
2022-12-07,-0.007995669232645941,21.481152819804688,-0.007995669232645941,25.28187975563595,1.H00016,1.5,1.0,1.5,False,1.0,1.0,0.0,1.H00016,1.5,1.0,1.5
2022-12-08,0.001205195012715432,21.507041798050494,0.001205195012715432,25.31234935102951,1.H00016,1.5,1.0,1.5,False,1.0,2.0,1.0,1.H00016,1.5,1.0,1.5
2022-12-09,0.017403627484946282,21.881342341806935,0.018932025523231033,25.791563394996142,cash,0.0,0.0,1.5,True,0.0,3.0,0.0,1.H00016,1.5,1.0,1.5
2022-12-12,-0.0013790317547527353,21.851167275880968,-0.01823845463183016,25.321165136132535,1.H00016,1.5,1.0,1.5,False,1.0,0.0,0.0,1.H00016,1.5,1.0,1.5
2022-12-13,0.0016005383038049104,21.886140906088865,0.0016005383038049104,25.361692630829886,1.H00016,1.5,1.0,1.5,False,1.0,0.0,0.0,1.H00016,1.5,1.0,1.5
2022-12-14,0.008092636374330109,22.063257486079195,0.008092636374330109,25.566935587128718,1.H00016,1.5,1.0,1.5,False,1.0,1.0,1.0,1.H00016,1.5,1.0,1.5
2022-12-15,-0.006303987758661256,21.92417098097076,-0.006303987758661256,25.40576193816098,1.H00016,1.5,1.0,1.5,False,1.0,2.0,2.0,1.H00016,1.5,1.0,1.5
2022-12-16,0.00728318227127378,22.083848714371744,0.00728318227127378,25.590796733097193,1.H00016,1.5,1.0,1.5,False,1.0,0.0,3.0,1.H00016,1.5,1.0,1.5
2022-12-19,-0.02355702133001747,21.56361901915841,-0.02355702133001747,24.98795378860348,1.H00016,1.5,1.0,1.5,False,1.0,1.0,4.0,1.H00016,1.5,1.0,1.5
2022-12-20,-0.027985749637121304,20.960144976017975,-0.026525537944037447,24.325134872240024,cash,0.0,0.0,1.5,True,0.0,2.0,5.0,1.H00016,1.5,1.0,1.5
2022-12-21,0.0001211499702025165,20.96268429695726,0.004516253859862651,24.43499335649846,cash,0.0,0.0,1.5,True,0.0,3.0,6.0,1.H00016,1.5,1.0,1.5
2022-12-22,0.0001211499702025165,20.965223925535202,0.00703769740498883,24.60695944583441,cash,0.0,0.0,1.5,True,0.0,4.0,7.0,1.H00016,1.5,1.0,1.5
2022-12-23,0.0001211499702025165,20.96776386178907,-0.0037773183104101715,24.514011127356138,cash,0.0,0.0,1.5,True,0.0,5.0,8.0,cash,0.0,0.0,1.5
2022-12-26,0.0001211499702025165,20.97030410575614,0.0001211499702025165,24.516980999073763,cash,0.0,0.0,1.5,True,0.0,6.0,9.0,cash,0.0,0.0,1.5
2022-12-27,0.0001211499702025165,20.97284465747369,0.0001211499702025165,24.519951230591257,cash,0.0,0.0,1.5,True,0.0,7.0,10.0,cash,0.0,0.0,1.5
2022-12-28,0.0001211499702025165,20.975385516979006,0.0001211499702025165,24.52292182195221,cash,0.0,0.0,1.5,True,0.0,8.0,11.0,cash,0.0,0.0,1.5
2022-12-29,0.0001211499702025165,20.977926684309374,0.0001211499702025165,24.52589277320022,cash,0.0,0.0,1.5,True,0.0,9.0,12.0,cash,0.0,0.0,1.5
2022-12-30,0.0001211499702025165,20.980468159502088,0.0001211499702025165,24.52886408437888,cash,0.0,0.0,1.5,True,0.0,10.0,13.0,cash,0.0,0.0,1.5
2023-01-03,0.0001211499702025165,20.983009942594446,0.0001211499702025165,24.531835755531805,cash,0.0,0.0,1.5,False,1.0,0.0,0.0,cash,0.0,0.0,1.5
2023-01-04,0.0001211499702025165,20.98555203362375,0.0001211499702025165,24.5348077867026,cash,0.0,0.0,1.5,False,1.0,0.0,0.0,cash,0.0,0.0,1.5
2023-01-05,0.0001211499702025165,20.988094432627307,0.0001211499702025165,24.537780177934884,cash,0.0,0.0,1.5,False,1.0,0.0,0.0,cash,0.0,0.0,1.5
2023-01-06,0.0001211499702025165,20.990637139642427,0.0001211499702025165,24.540752929272276,cash,0.0,0.0,1.5,False,1.0,0.0,0.0,cash,0.0,0.0,1.5
2023-01-09,0.0001211499702025165,20.993180154706426,0.0001211499702025165,24.543726040758404,cash,0.0,0.0,1.5,False,1.0,0.0,0.0,cash,0.0,0.0,1.5
2023-01-10,-0.0013790317547527353,20.964229892639842,-0.0013790317547527353,24.509879463168247,0.399606,1.5,1.0,1.5,False,1.0,1.0,0.0,0.399606,1.5,1.0,1.5
2023-01-11,-0.017058849291141986,20.606604254396444,-0.017058849291141986,24.091769123262004,0.399606,1.5,1.0,1.5,False,1.0,0.0,0.0,0.399606,1.5,1.0,1.5
2023-01-12,0.0076164550355235505,20.76355352913488,0.0076164550355235505,24.275262999515544,0.399606,1.5,1.0,1.5,False,1.0,1.0,1.0,0.399606,1.5,1.0,1.5
2023-01-13,0.02106915597705128,21.201024077078078,0.02106915597705128,24.786722302036278,0.399606,1.5,1.0,1.5,False,1.0,2.0,2.0,0.399606,1.5,1.0,1.5
2023-01-16,0.02631042723022259,21.758832078264238,0.027852205538530406,25.47708718621907,cash,0.0,0.0,1.5,True,0.0,3.0,0.0,0.399606,1.5,1.0,1.5
2023-01-17,0.0001211499702025165,21.76146816012216,0.0035041136288638253,25.566361794652053,cash,0.0,0.0,1.5,True,0.0,4.0,1.0,0.399606,1.5,1.0,1.5
2023-01-18,0.0001211499702025165,21.764104561341323,-0.001034962002082307,25.5399015816631,cash,0.0,0.0,1.5,True,0.0,5.0,2.0,0.399606,1.5,1.0,1.5
2023-01-19,0.0001211499702025165,21.766741281960414,0.016178747531810256,25.953105201340108,cash,0.0,0.0,1.5,True,0.0,6.0,3.0,0.399606,1.5,1.0,1.5
2023-01-20,0.0001211499702025165,21.76937832201813,0.008413539456315844,26.1714626759655,cash,0.0,0.0,1.5,True,0.0,7.0,4.0,0.399606,1.5,1.0,1.5
2023-01-30,-0.0013790317547527353,21.73935765803084,0.0161313290628744,26.593643152448234,0.399606,1.5,1.0,1.5,False,1.0,0.0,0.0,0.399606,1.5,1.0,1.5
2023-01-31,-0.019022807778630635,21.32581403607122,-0.019022807778630635,26.087757390625715,0.399606,1.5,1.0,1.5,False,1.0,0.0,0.0,0.399606,1.5,1.0,1.5
2023-02-01,0.01903041308393627,21.73165308652886,0.01903041308393627,26.584218190202833,0.399606,1.5,1.0,1.5,False,1.0,0.0,0.0,0.399606,1.5,1.0,1.5
2023-02-02,-0.006585531020730118,21.588538610995776,-0.006585531020730118,26.409146996649394,0.399606,1.5,1.0,1.5,False,1.0,0.0,0.0,0.399606,1.5,1.0,1.5
2023-02-03,-0.01286056062528007,21.310897901377867,-0.01286056062528007,26.069510560637053,0.399606,1.5,1.0,1.5,False,1.0,0.0,0.0,0.399606,1.5,1.0,1.5
2023-02-06,-0.02393516424118003,20.80081805998137,-0.02393516424118003,25.44553254368103,1.H00852,1.5,1.0,1.5,False,1.0,0.0,0.0,1.H00852,1.5,1.0,1.5
2023-02-07,0.007101661567273654,20.948538430165794,0.007101661567273654,25.6262381042053,1.H00852,1.5,1.0,1.5,False,1.0,0.0,0.0,1.H00852,1.5,1.0,1.5
2023-02-08,-0.010155108922484724,20.735803740640602,-0.010155108922484724,25.366000864983565,1.H00852,1.5,1.0,1.5,False,1.0,0.0,0.0,1.H00852,1.5,1.0,1.5
2023-02-09,0.02642922597202757,21.283834983413605,0.02642922597202757,26.036404633850864,1.H00852,1.5,1.0,1.5,False,1.0,0.0,0.0,1.H00852,1.5,1.0,1.5
2023-02-10,-0.005159356620195732,21.17402408848878,-0.005159356620195732,25.90207353723711,1.H00852,1.5,1.0,1.5,False,1.0,0.0,0.0,1.H00852,1.5,1.0,1.5
2023-02-13,0.016451415194334018,21.522366750103338,0.016451415194334018,26.32819930339237,1.H00852,1.5,1.0,1.5,False,1.0,0.0,0.0,1.H00852,1.5,1.0,1.5
2023-02-14,0.001912507583377021,21.563528439725133,0.001912507583377021,26.37855218421677,1.H00852,1.5,1.0,1.5,False,1.0,0.0,0.0,1.H00852,1.5,1.0,1.5
2023-02-15,0.00039607230283578154,21.57206915609152,0.00039607230283578154,26.388999998125847,1.H00852,1.5,1.0,1.5,False,1.0,0.0,0.0,1.H00852,1.5,1.0,1.5
2023-02-16,-0.02944973617345492,20.9367774107291,-0.02944973617345492,25.61185091029974,1.H00852,1.5,1.0,1.5,False,1.0,0.0,0.0,1.H00852,1.5,1.0,1.5
2023-02-17,-0.01233328625064023,20.67855814175664,-0.01233328625064023,25.295972621614293,1.H00852,1.5,1.0,1.5,False,1.0,1.0,0.0,1.H00852,1.5,1.0,1.5
2023-02-20,0.01977167737804164,21.087407921978528,0.01977167737804164,25.796116431252624,1.H00852,1.5,1.0,1.5,False,1.0,2.0,1.0,1.H00852,1.5,1.0,1.5
2023-02-21,0.00513629626939105,21.195719096619314,0.006646265667892726,25.967564274254624,cash,0.0,0.0,1.5,True,0.0,3.0,2.0,1.H00852,1.5,1.0,1.5
2023-02-22,0.0001211499702025165,21.19828695735629,0.0016469504016600744,26.01033156466624,cash,0.0,0.0,1.5,True,0.0,4.0,3.0,1.H00852,1.5,1.0,1.5
2023-02-23,0.0001211499702025165,21.20085512918952,-0.009823658481981412,25.75481495037186,cash,0.0,0.0,1.5,True,0.0,5.0,4.0,1.H20955,1.5,1.0,1.5
2023-02-24,0.0001211499702025165,21.20342361215669,-0.005564619074316823,25.61149921584352,cash,0.0,0.0,1.5,True,0.0,6.0,5.0,1.H20955,1.5,1.0,1.5
2023-02-27,0.0001211499702025165,21.205992406295493,-0.007305620109327782,25.42439133214222,cash,0.0,0.0,1.5,True,0.0,7.0,6.0,1.H20955,1.5,1.0,1.5
2023-02-28,0.0001211499702025165,21.20856151164363,0.010191761999471805,25.68351067758085,cash,0.0,0.0,1.5,True,0.0,8.0,7.0,1.H20955,1.5,1.0,1.5
2023-03-01,0.0001211499702025165,21.211130928238806,0.012914343248819904,26.015196350305857,cash,0.0,0.0,1.5,True,0.0,9.0,0.0,1.H20955,1.5,1.0,1.5
2023-03-02,-0.0013790317547527353,21.181880105134546,0.009660433099361931,26.26651441421475,1.H20955,1.5,1.0,1.5,False,1.0,0.0,0.0,1.H20955,1.5,1.0,1.5
2023-03-03,0.012209382597321294,21.44049778346872,0.012209382597321294,26.587212338195954,1.H20955,1.5,1.0,1.5,False,1.0,1.0,1.0,1.H20955,1.5,1.0,1.5
2023-03-06,-0.005540136820503916,21.321714492248592,-0.005540136820503916,26.43991554416656,1.H20955,1.5,1.0,1.5,False,1.0,2.0,2.0,1.H20955,1.5,1.0,1.5
2023-03-07,-0.012691366882168764,21.05111279107061,-0.011208179150895115,26.143572234013003,cash,0.0,0.0,1.5,True,0.0,3.0,3.0,1.H20955,1.5,1.0,1.5
2023-03-08,0.0001211499702025165,21.05366313275798,0.00015130015206876735,26.147527760467632,cash,0.0,0.0,1.5,True,0.0,4.0,4.0,1.H20955,1.5,1.0,1.5
2023-03-09,0.0001211499702025165,21.056213783419167,-0.003880540876052385,26.046061210185425,cash,0.0,0.0,1.5,True,0.0,5.0,0.0,1.H20955,1.5,1.0,1.5
2023-03-10,0.0001211499702025165,21.058764743091608,-0.025880292198528387,25.37198153544507,cash,0.0,0.0,1.5,True,0.0,6.0,0.0,1.H20955,1.5,1.0,1.5
2023-03-13,0.0001211499702025165,21.061316011812735,0.016562363470335573,25.792201515597753,cash,0.0,0.0,1.5,True,0.0,7.0,0.0,1.H20955,1.5,1.0,1.5
2023-03-14,0.0001211499702025165,21.063867589619992,-0.012989756938869834,25.457167086991788,cash,0.0,0.0,1.5,False,1.0,0.0,0.0,cash,0.0,0.0,1.5
2023-03-15,0.0001211499702025165,21.066419476550823,0.0001211499702025165,25.460251222025818,cash,0.0,0.0,1.5,False,1.0,1.0,0.0,cash,0.0,0.0,1.5
2023-03-16,0.0001211499702025165,21.068971672642682,0.0001211499702025165,25.463335730702713,cash,0.0,0.0,1.5,False,1.0,2.0,0.0,cash,0.0,0.0,1.5
2023-03-17,0.0001211499702025165,21.07152417793302,0.0001211499702025165,25.466420613067744,cash,0.0,0.0,1.5,True,0.0,3.0,0.0,cash,0.0,0.0,1.5
2023-03-20,0.0001211499702025165,21.0740769924593,0.0001211499702025165,25.46950586916618,cash,0.0,0.0,1.5,False,1.0,0.0,0.0,cash,0.0,0.0,1.5
2023-03-21,0.0001211499702025165,21.076630116258983,0.0001211499702025165,25.472591499043304,cash,0.0,0.0,1.5,False,1.0,1.0,0.0,cash,0.0,0.0,1.5
2023-03-22,0.0001211499702025165,21.079183549369535,0.0001211499702025165,25.475677502744393,cash,0.0,0.0,1.5,False,1.0,0.0,0.0,cash,0.0,0.0,1.5
2023-03-23,0.0001211499702025165,21.081737291828436,0.0001211499702025165,25.47876388031474,cash,0.0,0.0,1.5,False,1.0,0.0,0.0,cash,0.0,0.0,1.5
2023-03-24,0.0001211499702025165,21.084291343673158,0.0001211499702025165,25.481850631799638,cash,0.0,0.0,1.5,False,1.0,0.0,0.0,cash,0.0,0.0,1.5
2023-03-27,0.0001211499702025165,21.086845704941187,0.0001211499702025165,25.484937757244385,cash,0.0,0.0,1.5,False,1.0,0.0,0.0,cash,0.0,0.0,1.5
2023-03-28,0.0001211499702025165,21.089400375670007,0.0001211499702025165,25.48802525669429,cash,0.0,0.0,1.5,False,1.0,0.0,0.0,cash,0.0,0.0,1.5
2023-03-29,0.0001211499702025165,21.09195535589711,0.0001211499702025165,25.49111313019466,cash,0.0,0.0,1.5,False,1.0,0.0,0.0,cash,0.0,0.0,1.5
2023-03-30,0.0001211499702025165,21.09451064565999,0.0001211499702025165,25.494201377790812,cash,0.0,0.0,1.5,False,1.0,1.0,1.0,cash,0.0,0.0,1.5
2023-03-31,0.0001211499702025165,21.09706624499615,0.0001211499702025165,25.497289999528068,cash,0.0,0.0,1.5,False,1.0,2.0,0.0,cash,0.0,0.0,1.5
2023-04-03,0.0001211499702025165,21.09962215394309,0.0001211499702025165,25.500378995451754,cash,0.0,0.0,1.5,False,1.0,0.0,0.0,cash,0.0,0.0,1.5
2023-04-04,0.0001211499702025165,21.102178372538326,0.0001211499702025165,25.503468365607205,cash,0.0,0.0,1.5,False,1.0,0.0,0.0,cash,0.0,0.0,1.5
2023-04-06,-0.0013790317547527353,21.073077798468137,-0.0013790317547527353,25.4682982728747,0.399606,1.5,1.0,1.5,False,1.0,0.0,0.0,0.399606,1.5,1.0,1.5
2023-04-07,0.012537868396963248,21.3372892746243,0.012537868396963248,25.78761644491461,0.399606,1.5,1.0,1.5,False,1.0,1.0,0.0,0.399606,1.5,1.0,1.5
2023-04-10,-0.0021619125122031013,21.291159921964994,-0.0021619125122031013,25.731865874262457,0.399606,1.5,1.0,1.5,False,1.0,0.0,0.0,0.399606,1.5,1.0,1.5
2023-04-11,-0.0025948914650389954,21.235911672802708,-0.0025948914650389954,25.665094475125805,0.399606,1.5,1.0,1.5,False,1.0,1.0,1.0,0.399606,1.5,1.0,1.5
2023-04-12,-0.006269246065291334,21.102778517105115,-0.006269246065291334,25.504193682572293,0.399606,1.5,1.0,1.5,False,1.0,0.0,0.0,0.399606,1.5,1.0,1.5
2023-04-13,-0.014594229237925527,20.794799729869315,-0.014594229237925527,25.13197963344038,0.399606,1.5,1.0,1.5,False,1.0,0.0,0.0,0.399606,1.5,1.0,1.5
2023-04-14,0.013864011334521642,21.08309906902333,0.013864011334521642,25.480409683937363,0.399606,1.5,1.0,1.5,False,1.0,1.0,1.0,0.399606,1.5,1.0,1.5
2023-04-17,0.0038631508618656163,21.164546261362627,0.0038631508618656163,25.578844350568556,0.399606,1.5,1.0,1.5,False,1.0,2.0,2.0,0.399606,1.5,1.0,1.5
2023-04-18,-0.003278687025511373,21.095154338134662,-0.0017813590641075905,25.533279244335272,cash,0.0,0.0,1.5,True,0.0,3.0,3.0,0.399606,1.5,1.0,1.5
2023-04-19,0.0001211499702025165,21.097710015454144,-0.012492788838202262,25.214297378388938,cash,0.0,0.0,1.5,True,0.0,4.0,4.0,1.H00016,1.5,1.0,1.5
2023-04-20,0.0001211499702025165,21.10026600239386,-0.008806144040680808,24.992256643790284,cash,0.0,0.0,1.5,True,0.0,5.0,5.0,1.H00016,1.5,1.0,1.5
2023-04-21,0.0001211499702025165,21.102822298991313,-0.02960244500296072,24.252424740992602,cash,0.0,0.0,1.5,False,1.0,0.0,0.0,cash,0.0,0.0,1.5
2023-04-24,-0.0013790317547527353,21.0737208369261,-0.0013790317547527353,24.21897987714502,1.H20955,1.5,1.0,1.5,False,1.0,1.0,1.0,1.H20955,1.5,1.0,1.5
2023-04-25,0.008924902964818404,21.261801750503338,0.008924902964818404,24.43513192245543,1.H20955,1.5,1.0,1.5,False,1.0,0.0,0.0,1.H20955,1.5,1.0,1.5
2023-04-26,-0.006462775674428323,21.124391495355667,-0.006462775674428323,24.277213146265538,1.H20955,1.5,1.0,1.5,False,1.0,0.0,0.0,1.H20955,1.5,1.0,1.5
2023-04-27,0.007894732627141021,21.291162918122552,0.007894732627141021,24.468875252987417,1.H20955,1.5,1.0,1.5,False,1.0,1.0,1.0,1.H20955,1.5,1.0,1.5
2023-04-28,0.024449923533512496,21.811730223410205,0.024449923533512496,25.067137381874016,1.H20955,1.5,1.0,1.5,False,1.0,0.0,2.0,1.H20955,1.5,1.0,1.5
2023-05-04,0.03863391857307796,22.654402832799377,0.03863391857307796,26.035579126345496,1.H20955,1.5,1.0,1.5,False,1.0,0.0,3.0,1.H20955,1.5,1.0,1.5
2023-05-05,0.002389730331332718,22.708540746387147,0.002389730331332718,26.097797139477535,1.H20955,1.5,1.0,1.5,False,1.0,1.0,4.0,1.H20955,1.5,1.0,1.5
2023-05-08,0.029992139279912733,23.389618463296365,0.03153944845259149,26.920907267084278,cash,0.0,0.0,1.5,True,0.0,2.0,5.0,1.H20955,1.5,1.0,1.5
2023-05-09,0.0001211499702025165,23.392452114876242,-0.012100919880904115,26.595139525124043,cash,0.0,0.0,1.5,True,0.0,0.0,6.0,1.H20955,1.5,1.0,1.5
2023-05-10,0.0001211499702025165,23.395286109752924,-0.029933838543616864,25.79904491253402,cash,0.0,0.0,1.5,True,0.0,1.0,7.0,1.H20955,1.5,1.0,1.5
2023-05-11,0.0001211499702025165,23.398120447968,-0.0005327764535858481,25.785299788879616,cash,0.0,0.0,1.5,True,0.0,2.0,8.0,1.H20955,1.5,1.0,1.5
2023-05-12,0.0001211499702025165,23.400955129563066,-0.00983154212724302,25.531790527741656,cash,0.0,0.0,1.5,True,0.0,3.0,9.0,1.H20955,1.5,1.0,1.5
2023-05-15,0.0001211499702025165,23.403790154579724,-0.0009739341135315271,25.50692424596715,cash,0.0,0.0,1.5,True,0.0,4.0,10.0,1.H20955,1.5,1.0,1.5
2023-05-16,0.0001211499702025165,23.406625523059578,-0.01189922506079144,25.203411613755826,cash,0.0,0.0,1.5,True,0.0,5.0,11.0,1.H20955,1.5,1.0,1.5
2023-05-17,0.0001211499702025165,23.409461235044237,-0.004564022959657743,25.08838266448894,cash,0.0,0.0,1.5,True,0.0,6.0,12.0,cash,0.0,0.0,1.5
2023-05-18,0.0001211499702025165,23.41229729057532,0.0001211499702025165,25.09142212130117,cash,0.0,0.0,1.5,True,0.0,7.0,0.0,cash,0.0,0.0,1.5
2023-05-19,0.0001211499702025165,23.415133689694446,0.0001211499702025165,25.094461946343507,cash,0.0,0.0,1.5,True,0.0,8.0,1.0,cash,0.0,0.0,1.5
2023-05-22,0.0001211499702025165,23.41797043244324,0.0001211499702025165,25.097502139660556,cash,0.0,0.0,1.5,True,0.0,9.0,2.0,cash,0.0,0.0,1.5
2023-05-23,0.0001211499702025165,23.420807518863334,0.0001211499702025165,25.100542701296934,cash,0.0,0.0,1.5,True,0.0,10.0,3.0,cash,0.0,0.0,1.5
2023-05-24,0.0001211499702025165,23.423644948996362,0.0001211499702025165,25.103583631297262,cash,0.0,0.0,1.5,True,0.0,11.0,4.0,cash,0.0,0.0,1.5
2023-05-25,0.0001211499702025165,23.426482722883968,0.0001211499702025165,25.10662492970617,cash,0.0,0.0,1.5,False,1.0,0.0,0.0,cash,0.0,0.0,1.5
2023-05-26,0.0001211499702025165,23.429320840567794,0.0001211499702025165,25.109666596568292,cash,0.0,0.0,1.5,False,1.0,0.0,0.0,cash,0.0,0.0,1.5
2023-05-29,0.0001211499702025165,23.432159302089495,0.0001211499702025165,25.11270863192826,cash,0.0,0.0,1.5,False,1.0,0.0,0.0,cash,0.0,0.0,1.5
2023-05-30,0.0001211499702025165,23.434998107490724,0.0001211499702025165,25.115751035830723,cash,0.0,0.0,1.5,False,1.0,0.0,0.0,cash,0.0,0.0,1.5
2023-05-31,0.0001211499702025165,23.437837256813143,0.0001211499702025165,25.118793808320326,cash,0.0,0.0,1.5,False,1.0,0.0,0.0,cash,0.0,0.0,1.5
2023-06-01,0.0001211499702025165,23.44067675009842,0.0001211499702025165,25.12183694944173,cash,0.0,0.0,1.5,False,1.0,0.0,0.0,cash,0.0,0.0,1.5
2023-06-02,0.0001211499702025165,23.44351658738822,0.0001211499702025165,25.124880459239588,cash,0.0,0.0,1.5,False,1.0,0.0,0.0,cash,0.0,0.0,1.5
2023-06-05,0.0001211499702025165,23.446356768724225,0.0001211499702025165,25.127924337758568,cash,0.0,0.0,1.5,False,1.0,0.0,1.0,cash,0.0,0.0,1.5
2023-06-06,0.0001211499702025165,23.449197294148114,0.0001211499702025165,25.130968585043338,cash,0.0,0.0,1.5,False,1.0,0.0,0.0,cash,0.0,0.0,1.5
2023-06-07,0.0001211499702025165,23.452038163701573,0.0001211499702025165,25.134013201138576,cash,0.0,0.0,1.5,False,1.0,0.0,1.0,cash,0.0,0.0,1.5
2023-06-08,0.0001211499702025165,23.454879377426295,0.0001211499702025165,25.137058186088964,cash,0.0,0.0,1.5,False,1.0,0.0,2.0,cash,0.0,0.0,1.5
2023-06-09,0.0001211499702025165,23.457720935363973,0.0001211499702025165,25.140103539939187,cash,0.0,0.0,1.5,False,1.0,0.0,0.0,cash,0.0,0.0,1.5
2023-06-12,0.0001211499702025165,23.46056283755631,0.0001211499702025165,25.14314926273394,cash,0.0,0.0,1.5,False,1.0,0.0,1.0,cash,0.0,0.0,1.5
2023-06-13,0.0001211499702025165,23.463405084045014,0.0001211499702025165,25.146195354517918,cash,0.0,0.0,1.5,False,1.0,0.0,2.0,cash,0.0,0.0,1.5
2023-06-14,0.0001211499702025165,23.466247674871795,0.0001211499702025165,25.149241815335824,cash,0.0,0.0,1.5,False,1.0,0.0,0.0,cash,0.0,0.0,1.5
2023-06-15,0.0001211499702025165,23.46909061007837,0.0001211499702025165,25.152288645232368,cash,0.0,0.0,1.5,False,1.0,0.0,0.0,cash,0.0,0.0,1.5
2023-06-16,0.0001211499702025165,23.471933889706463,0.0001211499702025165,25.155335844252264,cash,0.0,0.0,1.5,False,1.0,0.0,0.0,cash,0.0,0.0,1.5
2023-06-19,0.0001211499702025165,23.474777513797797,0.0001211499702025165,25.15838341244023,cash,0.0,0.0,1.5,False,1.0,0.0,0.0,cash,0.0,0.0,1.5
2023-06-20,0.0001211499702025165,23.477621482394103,0.0001211499702025165,25.161431349840992,cash,0.0,0.0,1.5,False,1.0,0.0,0.0,cash,0.0,0.0,1.5
2023-06-21,0.0001211499702025165,23.48046579553712,0.0001211499702025165,25.164479656499278,cash,0.0,0.0,1.5,False,1.0,0.0,0.0,cash,0.0,0.0,1.5
2023-06-26,0.0001211499702025165,23.48331045326859,0.0001211499702025165,25.167528332459824,cash,0.0,0.0,1.5,False,1.0,0.0,1.0,cash,0.0,0.0,1.5
2023-06-27,0.0001211499702025165,23.48615545563026,0.0001211499702025165,25.170577377767373,cash,0.0,0.0,1.5,False,1.0,1.0,2.0,cash,0.0,0.0,1.5
2023-06-28,0.0001211499702025165,23.48900080266388,0.0001211499702025165,25.17362679246667,cash,0.0,0.0,1.5,False,1.0,2.0,3.0,cash,0.0,0.0,1.5
2023-06-29,0.0001211499702025165,23.49184649441121,0.0001211499702025165,25.176676576602468,cash,0.0,0.0,1.5,True,0.0,3.0,4.0,cash,0.0,0.0,1.5
2023-06-30,0.0001211499702025165,23.49469253091401,0.0001211499702025165,25.17972673021952,cash,0.0,0.0,1.5,True,0.0,4.0,5.0,cash,0.0,0.0,1.5
2023-07-03,0.0001211499702025165,23.497538912214047,0.0001211499702025165,25.182777253362595,cash,0.0,0.0,1.5,True,0.0,0.0,6.0,cash,0.0,0.0,1.5
2023-07-04,0.0001211499702025165,23.500385638353094,0.0001211499702025165,25.185828146076457,cash,0.0,0.0,1.5,True,0.0,1.0,7.0,cash,0.0,0.0,1.5
2023-07-05,0.0001211499702025165,23.503232709372927,0.0001211499702025165,25.188879408405878,cash,0.0,0.0,1.5,True,0.0,2.0,8.0,cash,0.0,0.0,1.5
2023-07-06,0.0001211499702025165,23.506080125315332,0.0001211499702025165,25.19193104039564,cash,0.0,0.0,1.5,True,0.0,3.0,9.0,cash,0.0,0.0,1.5
2023-07-07,0.0001211499702025165,23.508927886222093,0.0001211499702025165,25.194983042090527,cash,0.0,0.0,1.5,True,0.0,4.0,10.0,cash,0.0,0.0,1.5
2023-07-10,0.0001211499702025165,23.511775992135004,0.0001211499702025165,25.19803541353533,cash,0.0,0.0,1.5,True,0.0,5.0,11.0,cash,0.0,0.0,1.5
2023-07-11,0.0001211499702025165,23.514624443095858,0.0001211499702025165,25.20108815477484,cash,0.0,0.0,1.5,True,0.0,6.0,12.0,cash,0.0,0.0,1.5
2023-07-12,0.0001211499702025165,23.51747323914646,0.0001211499702025165,25.204141265853863,cash,0.0,0.0,1.5,False,1.0,0.0,0.0,cash,0.0,0.0,1.5
2023-07-13,0.0001211499702025165,23.520322380328622,0.0001211499702025165,25.2071947468172,cash,0.0,0.0,1.5,False,1.0,1.0,0.0,cash,0.0,0.0,1.5
2023-07-14,0.0001211499702025165,23.52317186668415,0.0001211499702025165,25.21024859770967,cash,0.0,0.0,1.5,False,1.0,0.0,0.0,cash,0.0,0.0,1.5
2023-07-17,0.0001211499702025165,23.52602169825487,0.0001211499702025165,25.21330281857608,cash,0.0,0.0,1.5,False,1.0,1.0,1.0,cash,0.0,0.0,1.5
2023-07-18,0.0001211499702025165,23.528871875082597,0.0001211499702025165,25.216357409461256,cash,0.0,0.0,1.5,False,1.0,2.0,2.0,cash,0.0,0.0,1.5
2023-07-19,0.0001211499702025165,23.531722397209162,0.0001211499702025165,25.21941237041003,cash,0.0,0.0,1.5,True,0.0,3.0,3.0,cash,0.0,0.0,1.5
2023-07-20,0.0001211499702025165,23.534573264676396,0.0001211499702025165,25.22246770146723,cash,0.0,0.0,1.5,True,0.0,4.0,4.0,cash,0.0,0.0,1.5
2023-07-21,0.0001211499702025165,23.53742447752614,0.0001211499702025165,25.225523402677698,cash,0.0,0.0,1.5,True,0.0,5.0,5.0,cash,0.0,0.0,1.5
2023-07-24,0.0001211499702025165,23.540276035800236,-0.0013790317547527353,25.19073660487515,cash,0.0,0.0,1.5,True,0.0,6.0,6.0,1.H00016,1.5,1.0,1.5
2023-07-25,0.0001211499702025165,23.543127939540533,0.0469501868819151,26.373446396167136,cash,0.0,0.0,1.5,True,0.0,7.0,0.0,1.H00016,1.5,1.0,1.5
2023-07-26,0.0001211499702025165,23.54598018878888,-0.001202346837653856,26.341736366294672,cash,0.0,0.0,1.5,True,0.0,8.0,1.0,1.H00016,1.5,1.0,1.5
2023-07-27,0.0001211499702025165,23.54883278358714,-0.0006559319404234598,26.324457980045803,cash,0.0,0.0,1.5,True,0.0,9.0,2.0,1.H00016,1.5,1.0,1.5
2023-07-28,0.0001211499702025165,23.551685723977176,0.04214516737330021,27.433906667626243,cash,0.0,0.0,1.5,True,0.0,10.0,0.0,1.H00016,1.5,1.0,1.5
2023-07-31,-0.0013790317547527353,23.519207201485855,0.003544718535684943,27.531152145097227,1.H00016,1.5,1.0,1.5,False,1.0,0.0,0.0,1.H00016,1.5,1.0,1.5
2023-08-01,-0.004285381093900753,23.418418435601073,-0.004285381093900753,27.41317066620132,1.H00016,1.5,1.0,1.5,False,1.0,1.0,1.0,1.H00016,1.5,1.0,1.5
2023-08-02,-0.014351020184663499,23.082340239938866,-0.014351020184663499,27.01976370064504,1.H00016,1.5,1.0,1.5,False,1.0,2.0,2.0,1.H00016,1.5,1.0,1.5
2023-08-03,0.012421206013102815,23.36905074332368,0.0139421191918907,27.396476466696154,cash,0.0,0.0,1.5,True,0.0,3.0,3.0,1.H00016,1.5,1.0,1.5
2023-08-04,-0.0013790317547527353,23.33682408027021,0.0020349854512939913,27.452227897722597,1.H00016,1.5,1.0,1.5,False,1.0,0.0,0.0,1.H00016,1.5,1.0,1.5
2023-08-07,-0.008139879452989218,23.146865145441193,-0.008139879452989218,27.228770071919147,1.H00016,1.5,1.0,1.5,False,1.0,0.0,0.0,1.H00016,1.5,1.0,1.5
2023-08-08,-0.001882569056390393,23.103289573365945,-0.001882569056390393,27.177510031938183,1.H00016,1.5,1.0,1.5,False,1.0,1.0,0.0,1.H00016,1.5,1.0,1.5
2023-08-09,-0.0014721659567105139,23.069277696968012,-0.0014721659567105139,27.137500226881006,1.H00016,1.5,1.0,1.5,False,1.0,2.0,1.0,1.H00016,1.5,1.0,1.5
2023-08-10,-0.0008912578959183737,23.048717021067457,0.0006096565889650574,27.154044782702364,cash,0.0,0.0,1.5,True,0.0,3.0,2.0,1.H00016,1.5,1.0,1.5
2023-08-11,0.0001211499702025165,23.051509372447764,-0.03604820806708808,26.175190126512483,cash,0.0,0.0,1.5,True,0.0,4.0,3.0,cash,0.0,0.0,1.5
2023-08-14,0.0001211499702025165,23.05430206212136,0.0001211499702025165,26.178361250016355,cash,0.0,0.0,1.5,True,0.0,5.0,4.0,cash,0.0,0.0,1.5
2023-08-15,0.0001211499702025165,23.057095090129224,-0.0013790317547527353,26.142260458565193,cash,0.0,0.0,1.5,True,0.0,6.0,5.0,1.H20955,1.5,1.0,1.5
2023-08-16,0.0001211499702025165,23.05988845651235,0.0012931195597025713,26.176065526899002,cash,0.0,0.0,1.5,True,0.0,7.0,6.0,1.H20955,1.5,1.0,1.5
2023-08-17,0.0001211499702025165,23.06268216131173,-0.0022853385101110346,26.116244356307188,cash,0.0,0.0,1.5,True,0.0,8.0,7.0,cash,0.0,0.0,1.5
2023-08-18,0.0001211499702025165,23.065476204568363,0.0001211499702025165,26.119408338532757,cash,0.0,0.0,1.5,True,0.0,9.0,0.0,cash,0.0,0.0,1.5
2023-08-21,0.0001211499702025165,23.06827058632325,0.0001211499702025165,26.122572704074678,cash,0.0,0.0,1.5,True,0.0,10.0,1.0,cash,0.0,0.0,1.5
2023-08-22,0.0001211499702025165,23.07106530661741,0.0001211499702025165,26.12573745297939,cash,0.0,0.0,1.5,False,1.0,0.0,0.0,cash,0.0,0.0,1.5
2023-08-23,0.0001211499702025165,23.073860365491846,0.0001211499702025165,26.128902585293336,cash,0.0,0.0,1.5,False,1.0,0.0,1.0,cash,0.0,0.0,1.5
2023-08-24,0.0001211499702025165,23.07665576298758,0.0001211499702025165,26.13206810106297,cash,0.0,0.0,1.5,False,1.0,0.0,0.0,cash,0.0,0.0,1.5
2023-08-25,0.0001211499702025165,23.07945149914564,0.0001211499702025165,26.135234000334744,cash,0.0,0.0,1.5,False,1.0,0.0,0.0,cash,0.0,0.0,1.5
2023-08-28,0.0001211499702025165,23.082247574007052,0.0001211499702025165,26.13840028315512,cash,0.0,0.0,1.5,False,1.0,0.0,0.0,cash,0.0,0.0,1.5
2023-08-29,0.0001211499702025165,23.08504398761285,0.0001211499702025165,26.141566949570567,cash,0.0,0.0,1.5,False,1.0,0.0,0.0,cash,0.0,0.0,1.5
2023-08-30,0.0001211499702025165,23.087840740004072,0.0001211499702025165,26.144733999627555,cash,0.0,0.0,1.5,False,1.0,0.0,0.0,cash,0.0,0.0,1.5
2023-08-31,0.0001211499702025165,23.090637831221763,0.0001211499702025165,26.147901433372564,cash,0.0,0.0,1.5,False,1.0,0.0,1.0,cash,0.0,0.0,1.5
2023-09-01,0.0001211499702025165,23.093435261306972,0.0001211499702025165,26.151069250852075,cash,0.0,0.0,1.5,False,1.0,1.0,2.0,cash,0.0,0.0,1.5
2023-09-04,0.0001211499702025165,23.096233030300752,0.0001211499702025165,26.15423745211258,cash,0.0,0.0,1.5,False,1.0,0.0,3.0,cash,0.0,0.0,1.5
2023-09-05,0.0001211499702025165,23.099031138244165,0.0001211499702025165,26.157406037200573,cash,0.0,0.0,1.5,False,1.0,0.0,4.0,cash,0.0,0.0,1.5
2023-09-06,0.0001211499702025165,23.10182958517827,0.0001211499702025165,26.160575006162556,cash,0.0,0.0,1.5,False,1.0,0.0,0.0,cash,0.0,0.0,1.5
2023-09-07,0.0001211499702025165,23.104628371144138,0.0001211499702025165,26.163744359045033,cash,0.0,0.0,1.5,False,1.0,0.0,0.0,cash,0.0,0.0,1.5
2023-09-08,0.0001211499702025165,23.107427496182844,0.0001211499702025165,26.16691409589452,cash,0.0,0.0,1.5,False,1.0,1.0,1.0,cash,0.0,0.0,1.5
2023-09-11,0.0001211499702025165,23.110226960335464,0.0001211499702025165,26.17008421675753,cash,0.0,0.0,1.5,False,1.0,0.0,0.0,cash,0.0,0.0,1.5
2023-09-12,0.0001211499702025165,23.11302676364308,0.0001211499702025165,26.17325472168059,cash,0.0,0.0,1.5,False,1.0,1.0,1.0,cash,0.0,0.0,1.5
2023-09-13,0.0001211499702025165,23.115826906146786,0.0001211499702025165,26.176425610710222,cash,0.0,0.0,1.5,False,1.0,2.0,2.0,cash,0.0,0.0,1.5
2023-09-14,0.0001211499702025165,23.118627387887674,0.0001211499702025165,26.17959688389297,cash,0.0,0.0,1.5,True,0.0,3.0,3.0,cash,0.0,0.0,1.5
2023-09-15,0.0001211499702025165,23.12142820890684,0.0001211499702025165,26.18276854127537,cash,0.0,0.0,1.5,True,0.0,4.0,4.0,cash,0.0,0.0,1.5
2023-09-18,0.0001211499702025165,23.124229369245388,0.0001211499702025165,26.185940582903964,cash,0.0,0.0,1.5,True,0.0,5.0,5.0,cash,0.0,0.0,1.5
2023-09-19,0.0001211499702025165,23.127030868944427,0.0001211499702025165,26.189113008825306,cash,0.0,0.0,1.5,True,0.0,6.0,6.0,cash,0.0,0.0,1.5
2023-09-20,0.0001211499702025165,23.129832708045072,0.0001211499702025165,26.192285819085956,cash,0.0,0.0,1.5,True,0.0,7.0,7.0,cash,0.0,0.0,1.5
2023-09-21,0.0001211499702025165,23.13263488658844,0.0001211499702025165,26.195459013732474,cash,0.0,0.0,1.5,True,0.0,8.0,8.0,cash,0.0,0.0,1.5
2023-09-22,0.0001211499702025165,23.135437404615658,0.0001211499702025165,26.19863259281143,cash,0.0,0.0,1.5,True,0.0,9.0,0.0,cash,0.0,0.0,1.5
2023-09-25,0.0001211499702025165,23.138240262167848,0.0001211499702025165,26.201806556369394,cash,0.0,0.0,1.5,True,0.0,10.0,0.0,cash,0.0,0.0,1.5
2023-09-26,0.0001211499702025165,23.14104345928615,0.0001211499702025165,26.204980904452952,cash,0.0,0.0,1.5,False,1.0,0.0,1.0,cash,0.0,0.0,1.5
2023-09-27,0.0001211499702025165,23.143846996011696,0.0001211499702025165,26.208155637108685,cash,0.0,0.0,1.5,False,1.0,0.0,0.0,cash,0.0,0.0,1.5
2023-09-28,0.0001211499702025165,23.146650872385635,0.0001211499702025165,26.211330754383184,cash,0.0,0.0,1.5,False,1.0,0.0,0.0,cash,0.0,0.0,1.5
2023-10-09,0.0001211499702025165,23.149455088449113,0.0001211499702025165,26.214506256323045,cash,0.0,0.0,1.5,False,1.0,0.0,0.0,cash,0.0,0.0,1.5
2023-10-10,0.0001211499702025165,23.152259644243284,0.0001211499702025165,26.217682142974873,cash,0.0,0.0,1.5,False,1.0,0.0,0.0,cash,0.0,0.0,1.5
2023-10-11,0.0001211499702025165,23.155064539809306,0.0001211499702025165,26.220858414385273,cash,0.0,0.0,1.5,False,1.0,0.0,0.0,cash,0.0,0.0,1.5
2023-10-12,0.0001211499702025165,23.157869775188342,0.0001211499702025165,26.22403507060086,cash,0.0,0.0,1.5,False,1.0,0.0,0.0,cash,0.0,0.0,1.5
2023-10-13,0.0001211499702025165,23.16067535042156,0.0001211499702025165,26.22721211166825,cash,0.0,0.0,1.5,False,1.0,0.0,0.0,cash,0.0,0.0,1.5
2023-10-16,0.0001211499702025165,23.163481265550132,0.0001211499702025165,26.230389537634075,cash,0.0,0.0,1.5,False,1.0,0.0,0.0,cash,0.0,0.0,1.5
2023-10-17,0.0001211499702025165,23.16628752061524,0.0001211499702025165,26.23356734854496,cash,0.0,0.0,1.5,False,1.0,0.0,1.0,cash,0.0,0.0,1.5
2023-10-18,0.0001211499702025165,23.169094115658066,0.0001211499702025165,26.23674554444754,cash,0.0,0.0,1.5,False,1.0,0.0,2.0,cash,0.0,0.0,1.5
2023-10-19,0.0001211499702025165,23.171901050719796,0.0001211499702025165,26.239924125388463,cash,0.0,0.0,1.5,False,1.0,0.0,3.0,cash,0.0,0.0,1.5
2023-10-20,0.0001211499702025165,23.174708325841628,0.0001211499702025165,26.24310309141437,cash,0.0,0.0,1.5,False,1.0,1.0,4.0,cash,0.0,0.0,1.5
2023-10-23,0.0001211499702025165,23.177515941064755,0.0001211499702025165,26.246282442571914,cash,0.0,0.0,1.5,True,0.0,2.0,5.0,cash,0.0,0.0,1.5
2023-10-24,0.0001211499702025165,23.180323896430384,0.0001211499702025165,26.24946217890776,cash,0.0,0.0,1.5,True,0.0,3.0,0.0,cash,0.0,0.0,1.5
2023-10-25,0.0001211499702025165,23.18313219197972,0.0001211499702025165,26.252642300468565,cash,0.0,0.0,1.5,False,1.0,0.0,0.0,cash,0.0,0.0,1.5
2023-10-26,0.0001211499702025165,23.185940827753978,0.0001211499702025165,26.255822807301005,cash,0.0,0.0,1.5,False,1.0,0.0,0.0,cash,0.0,0.0,1.5
2023-10-27,0.0001211499702025165,23.188749803794376,0.0001211499702025165,26.259003699451753,cash,0.0,0.0,1.5,False,1.0,0.0,0.0,cash,0.0,0.0,1.5
2023-10-30,0.0001211499702025165,23.19155912014214,0.0001211499702025165,26.26218497696749,cash,0.0,0.0,1.5,False,1.0,0.0,0.0,cash,0.0,0.0,1.5
2023-10-31,0.0001211499702025165,23.194368776838495,0.0001211499702025165,26.265366639894903,cash,0.0,0.0,1.5,False,1.0,0.0,0.0,cash,0.0,0.0,1.5
2023-11-01,0.0001211499702025165,23.197178773924676,0.0001211499702025165,26.268548688280685,cash,0.0,0.0,1.5,False,1.0,1.0,1.0,cash,0.0,0.0,1.5
2023-11-02,0.0001211499702025165,23.19998911144192,0.0001211499702025165,26.271731122171534,cash,0.0,0.0,1.5,False,1.0,0.0,2.0,cash,0.0,0.0,1.5
2023-11-03,0.0001211499702025165,23.20279978943147,0.0001211499702025165,26.274913941614155,cash,0.0,0.0,1.5,False,1.0,0.0,0.0,cash,0.0,0.0,1.5
2023-11-06,0.0001211499702025165,23.205610807934576,0.0001211499702025165,26.278097146655256,cash,0.0,0.0,1.5,False,1.0,0.0,0.0,cash,0.0,0.0,1.5
2023-11-07,0.0001211499702025165,23.208422166992488,0.0001211499702025165,26.28128073734155,cash,0.0,0.0,1.5,False,1.0,0.0,0.0,cash,0.0,0.0,1.5
2023-11-08,0.0001211499702025165,23.211233866646467,0.0001211499702025165,26.284464713719764,cash,0.0,0.0,1.5,False,1.0,0.0,0.0,cash,0.0,0.0,1.5
2023-11-09,0.0001211499702025165,23.214045906937773,0.0001211499702025165,26.28764907583662,cash,0.0,0.0,1.5,False,1.0,0.0,0.0,cash,0.0,0.0,1.5
2023-11-10,0.0001211499702025165,23.21685828790768,0.0001211499702025165,26.29083382373885,cash,0.0,0.0,1.5,False,1.0,1.0,1.0,cash,0.0,0.0,1.5
2023-11-13,-0.0013790317547527353,23.18484150308306,-0.0013790317547527353,26.254577929036987,0.399606,1.5,1.0,1.5,False,1.0,0.0,2.0,0.399606,1.5,1.0,1.5
2023-11-14,-0.0033501853567232676,23.10716798658148,-0.0033501853567232676,26.166620226512176,0.399606,1.5,1.0,1.5,False,1.0,0.0,0.0,0.399606,1.5,1.0,1.5
2023-11-15,0.007837960986321502,23.288281067764682,0.007837960986321502,26.37171317499147,0.399606,1.5,1.0,1.5,False,1.0,0.0,0.0,0.399606,1.5,1.0,1.5
2023-11-16,-0.02778158357412619,22.641295740982837,-0.02778158357412619,25.63906522142756,0.399606,1.5,1.0,1.5,False,1.0,0.0,1.0,0.399606,1.5,1.0,1.5
2023-11-17,0.003293617966693363,22.715867519424556,0.003293617966693363,25.72351050729008,1.H00852,1.5,1.0,1.5,False,1.0,0.0,2.0,1.H00852,1.5,1.0,1.5
2023-11-20,0.013018940335256968,23.011604043323548,0.013018940335256968,26.058403355797843,1.H00852,1.5,1.0,1.5,False,1.0,0.0,0.0,1.H00852,1.5,1.0,1.5
2023-11-21,-0.00993283316766791,22.783033619440783,-0.00993283316766791,25.799569582648907,1.H00852,1.5,1.0,1.5,False,1.0,0.0,0.0,1.H00852,1.5,1.0,1.5
2023-11-22,-0.01917395586265469,22.34619273840425,-0.01917395586265469,25.304889774195708,1.H00852,1.5,1.0,1.5,False,1.0,0.0,1.0,1.H00852,1.5,1.0,1.5
2023-11-23,0.015740129600535502,22.697924708185276,0.015740129600535502,25.703192018768814,1.H00852,1.5,1.0,1.5,False,1.0,1.0,2.0,1.H00852,1.5,1.0,1.5
2023-11-24,-0.019921992198906446,22.245736829217442,-0.019921992198906446,25.191133227883906,1.H00852,1.5,1.0,1.5,False,1.0,2.0,3.0,1.H00852,1.5,1.0,1.5
2023-11-27,-0.002429634671354264,22.191687815727352,-0.002429634671354264,25.129927977182735,cash,0.0,0.0,1.5,True,0.0,3.0,4.0,cash,0.0,0.0,1.5
2023-11-28,0.0001211499702025165,22.19437633804497,0.0001211499702025165,25.13297246720836,cash,0.0,0.0,1.5,True,0.0,4.0,5.0,cash,0.0,0.0,1.5
2023-11-29,0.0001211499702025165,22.19706518607699,0.0001211499702025165,25.136017326073866,cash,0.0,0.0,1.5,True,0.0,5.0,6.0,cash,0.0,0.0,1.5
2023-11-30,0.0001211499702025165,22.19975435986287,0.0001211499702025165,25.13906255382393,cash,0.0,0.0,1.5,True,0.0,6.0,7.0,cash,0.0,0.0,1.5
2023-12-01,0.0001211499702025165,22.20244385944207,0.0001211499702025165,25.142108150503244,cash,0.0,0.0,1.5,True,0.0,7.0,8.0,cash,0.0,0.0,1.5
2023-12-04,0.0001211499702025165,22.205133684854065,0.0001211499702025165,25.145154116156505,cash,0.0,0.0,1.5,True,0.0,8.0,9.0,cash,0.0,0.0,1.5
2023-12-05,0.0001211499702025165,22.207823836138328,0.0001211499702025165,25.148200450828416,cash,0.0,0.0,1.5,True,0.0,9.0,10.0,cash,0.0,0.0,1.5
2023-12-06,0.0001211499702025165,22.21051431333434,0.0001211499702025165,25.15124715456368,cash,0.0,0.0,1.5,True,0.0,10.0,11.0,cash,0.0,0.0,1.5
2023-12-07,0.0001211499702025165,22.213205116481582,0.0001211499702025165,25.15429422740701,cash,0.0,0.0,1.5,True,0.0,11.0,12.0,cash,0.0,0.0,1.5
2023-12-08,0.0001211499702025165,22.215896245619547,0.0001211499702025165,25.157341669403127,cash,0.0,0.0,1.5,True,0.0,12.0,0.0,cash,0.0,0.0,1.5
2023-12-11,0.0001211499702025165,22.218587700787726,0.0001211499702025165,25.16038948059675,cash,0.0,0.0,1.5,True,0.0,13.0,0.0,cash,0.0,0.0,1.5
2023-12-12,0.0001211499702025165,22.22127948202562,0.0001211499702025165,25.163437661032606,cash,0.0,0.0,1.5,True,0.0,14.0,1.0,cash,0.0,0.0,1.5
2023-12-13,0.0001211499702025165,22.223971589372727,0.0001211499702025165,25.166486210755433,cash,0.0,0.0,1.5,True,0.0,15.0,2.0,cash,0.0,0.0,1.5
2023-12-14,0.0001211499702025165,22.22666402286856,0.0001211499702025165,25.16953512980997,cash,0.0,0.0,1.5,True,0.0,16.0,3.0,cash,0.0,0.0,1.5
2023-12-15,0.0001211499702025165,22.229356782552635,0.0001211499702025165,25.172584418240955,cash,0.0,0.0,1.5,True,0.0,17.0,4.0,cash,0.0,0.0,1.5
2023-12-18,0.0001211499702025165,22.23204986846446,0.0001211499702025165,25.175634076093147,cash,0.0,0.0,1.5,True,0.0,18.0,5.0,cash,0.0,0.0,1.5
2023-12-19,0.0001211499702025165,22.234743280643567,0.0001211499702025165,25.178684103411296,cash,0.0,0.0,1.5,True,0.0,19.0,6.0,cash,0.0,0.0,1.5
2023-12-20,0.0001211499702025165,22.237437019129477,0.0001211499702025165,25.181734500240164,cash,0.0,0.0,1.5,True,0.0,20.0,7.0,cash,0.0,0.0,1.5
2023-12-21,0.0001211499702025165,22.240131083961725,0.0001211499702025165,25.184785266624516,cash,0.0,0.0,1.5,True,0.0,21.0,8.0,cash,0.0,0.0,1.5
2023-12-22,0.0001211499702025165,22.242825475179846,0.0001211499702025165,25.187836402609125,cash,0.0,0.0,1.5,True,0.0,22.0,0.0,cash,0.0,0.0,1.5
2023-12-25,0.0001211499702025165,22.245520192823385,0.0001211499702025165,25.190887908238768,cash,0.0,0.0,1.5,True,0.0,23.0,1.0,cash,0.0,0.0,1.5
2023-12-26,0.0001211499702025165,22.248215236931884,0.0001211499702025165,25.193939783558225,cash,0.0,0.0,1.5,True,0.0,24.0,2.0,cash,0.0,0.0,1.5
2023-12-27,0.0001211499702025165,22.2509106075449,0.0001211499702025165,25.196992028612286,cash,0.0,0.0,1.5,True,0.0,25.0,3.0,cash,0.0,0.0,1.5
2023-12-28,0.0001211499702025165,22.253606304701982,0.0001211499702025165,25.200044643445747,cash,0.0,0.0,1.5,False,1.0,0.0,0.0,cash,0.0,0.0,1.5
2023-12-29,0.0001211499702025165,22.256302328442697,0.0001211499702025165,25.203097628103404,cash,0.0,0.0,1.5,False,1.0,0.0,0.0,cash,0.0,0.0,1.5
2024-01-02,0.0001211499702025165,22.258998678806606,0.0001211499702025165,25.20615098263006,cash,0.0,0.0,1.5,False,1.0,0.0,0.0,cash,0.0,0.0,1.5
2024-01-03,0.0001211499702025165,22.261695355833282,0.0001211499702025165,25.209204707070526,cash,0.0,0.0,1.5,False,1.0,0.0,1.0,cash,0.0,0.0,1.5
2024-01-04,0.0001211499702025165,22.2643923595623,0.0001211499702025165,25.212258801469616,cash,0.0,0.0,1.5,False,1.0,1.0,2.0,cash,0.0,0.0,1.5
2024-01-05,0.0001211499702025165,22.267089690033238,0.0001211499702025165,25.21531326587215,cash,0.0,0.0,1.5,False,1.0,0.0,3.0,cash,0.0,0.0,1.5
2024-01-08,0.0001211499702025165,22.269787347285682,0.0001211499702025165,25.21836810032296,cash,0.0,0.0,1.5,False,1.0,1.0,4.0,cash,0.0,0.0,1.5
2024-01-09,0.0001211499702025165,22.27248533135922,0.0001211499702025165,25.221423304866867,cash,0.0,0.0,1.5,True,0.0,2.0,5.0,cash,0.0,0.0,1.5
2024-01-10,0.0001211499702025165,22.275183642293452,0.0001211499702025165,25.224478879548716,cash,0.0,0.0,1.5,True,0.0,3.0,6.0,cash,0.0,0.0,1.5
2024-01-11,0.0001211499702025165,22.277882280127972,0.0001211499702025165,25.227534824413347,cash,0.0,0.0,1.5,True,0.0,4.0,7.0,cash,0.0,0.0,1.5
2024-01-12,0.0001211499702025165,22.280581244902386,0.0001211499702025165,25.230591139505606,cash,0.0,0.0,1.5,True,0.0,5.0,8.0,cash,0.0,0.0,1.5
2024-01-15,0.0001211499702025165,22.2832805366563,0.0001211499702025165,25.23364782487035,cash,0.0,0.0,1.5,True,0.0,6.0,9.0,cash,0.0,0.0,1.5
2024-01-16,0.0001211499702025165,22.28598015542933,0.0001211499702025165,25.236704880552434,cash,0.0,0.0,1.5,True,0.0,7.0,10.0,cash,0.0,0.0,1.5
2024-01-17,0.0001211499702025165,22.288680101261093,0.0001211499702025165,25.239762306596724,cash,0.0,0.0,1.5,True,0.0,8.0,11.0,cash,0.0,0.0,1.5
2024-01-18,0.0001211499702025165,22.291380374191213,0.0001211499702025165,25.242820103048086,cash,0.0,0.0,1.5,False,1.0,0.0,0.0,cash,0.0,0.0,1.5
2024-01-19,0.0001211499702025165,22.29408097425932,0.0001211499702025165,25.245878269951397,cash,0.0,0.0,1.5,False,1.0,1.0,1.0,cash,0.0,0.0,1.5
2024-01-22,0.0001211499702025165,22.296781901505042,0.0001211499702025165,25.248936807351537,cash,0.0,0.0,1.5,False,1.0,0.0,0.0,cash,0.0,0.0,1.5
2024-01-23,0.0001211499702025165,22.299483155968023,0.0001211499702025165,25.251995715293393,cash,0.0,0.0,1.5,False,1.0,1.0,0.0,cash,0.0,0.0,1.5
2024-01-24,0.0001211499702025165,22.3021847376879,0.0001211499702025165,25.255054993821854,cash,0.0,0.0,1.5,False,1.0,2.0,0.0,cash,0.0,0.0,1.5
2024-01-25,-0.0013790317547527353,22.271429316734267,-0.0013790317547527353,25.22022747101735,1.H00016,1.5,1.0,1.5,False,1.0,0.0,0.0,1.H00016,1.5,1.0,1.5
2024-01-26,-0.000576325880901396,22.258593715614367,-0.000576325880901396,25.20569240120358,cash,0.0,0.0,1.5,False,1.0,0.0,0.0,cash,0.0,0.0,1.5
2024-01-29,0.0001211499702025165,22.261290343579763,0.0001211499702025165,25.20874607008692,cash,0.0,0.0,1.5,False,1.0,1.0,0.0,cash,0.0,0.0,1.5
2024-01-30,0.0001211499702025165,22.263987298241556,0.0001211499702025165,25.211800108922155,cash,0.0,0.0,1.5,False,1.0,2.0,1.0,cash,0.0,0.0,1.5
2024-01-31,0.0001211499702025165,22.26668457963933,0.0001211499702025165,25.2148545177541,cash,0.0,0.0,1.5,True,0.0,3.0,0.0,cash,0.0,0.0,1.5
2024-02-01,0.0001211499702025165,22.26938218781266,0.0001211499702025165,25.21790929662759,cash,0.0,0.0,1.5,True,0.0,4.0,1.0,cash,0.0,0.0,1.5
2024-02-02,0.0001211499702025165,22.272080122801142,0.0001211499702025165,25.220964445587445,cash,0.0,0.0,1.5,False,1.0,0.0,0.0,cash,0.0,0.0,1.5
2024-02-05,0.0001211499702025165,22.274778384644367,0.0001211499702025165,25.224019964678508,cash,0.0,0.0,1.5,False,1.0,1.0,0.0,cash,0.0,0.0,1.5
2024-02-06,-0.0013790317547527353,22.24406075792186,-0.0013790317547527353,25.1892352401647,1.H00016,1.5,1.0,1.5,False,1.0,0.0,0.0,1.H00016,1.5,1.0,1.5
2024-02-07,0.016309306282609404,22.606845957791784,0.016309306282609404,25.60005419272124,1.H00016,1.5,1.0,1.5,False,1.0,0.0,0.0,1.H00016,1.5,1.0,1.5
2024-02-08,0.0053304201161950004,22.727349944248918,0.0053304201161950004,25.736513236565806,1.H00016,1.5,1.0,1.5,False,1.0,0.0,0.0,1.H00016,1.5,1.0,1.5
2024-02-19,0.012037788043523623,23.000936965668775,0.012037788043523623,26.046323927886924,1.H00016,1.5,1.0,1.5,False,1.0,0.0,0.0,1.H00016,1.5,1.0,1.5
2024-02-20,-0.0016201001874540655,22.963673143379076,-0.0016201001874540655,26.004126273608865,1.H00016,1.5,1.0,1.5,False,1.0,1.0,0.0,1.H00016,1.5,1.0,1.5
2024-02-21,0.0244488614727556,23.52510880696719,0.0244488614727556,26.639897554592373,cash,0.0,0.0,1.5,False,1.0,0.0,0.0,cash,0.0,0.0,1.5
2024-02-22,0.0001211499702025165,23.527958873198166,0.0001211499702025165,26.64312497738731,cash,0.0,0.0,1.5,False,1.0,0.0,0.0,cash,0.0,0.0,1.5
2024-02-23,0.0001211499702025165,23.53080928471458,0.0001211499702025165,26.646352791184423,cash,0.0,0.0,1.5,False,1.0,0.0,0.0,cash,0.0,0.0,1.5
2024-02-26,-0.0013790317547527353,23.498359551495927,-0.0013790317547527353,26.609606624537037,0.399606,1.5,1.0,1.5,False,1.0,0.0,0.0,0.399606,1.5,1.0,1.5
2024-02-27,0.036134305873415595,24.347456463053177,0.036134305873415595,27.571126289479324,0.399606,1.5,1.0,1.5,False,1.0,0.0,0.0,0.399606,1.5,1.0,1.5
2024-02-28,-0.037689038793055296,23.42982423190494,-0.037689038793055296,26.531997041186912,0.399606,1.5,1.0,1.5,False,1.0,0.0,0.0,0.399606,1.5,1.0,1.5
2024-02-29,0.04973749796303384,24.595165066913555,0.04973749796303384,27.851632189978165,0.399606,1.5,1.0,1.5,False,1.0,0.0,0.0,0.399606,1.5,1.0,1.5
2024-03-01,0.01405102515032075,24.94075234984505,0.01405102515032075,28.242976174357032,0.399606,1.5,1.0,1.5,False,1.0,0.0,0.0,0.399606,1.5,1.0,1.5
2024-03-04,0.005793440970975228,25.085245126355588,0.005793440970975228,28.40660018966783,1.H00852,1.5,1.0,1.5,False,1.0,0.0,0.0,1.H00852,1.5,1.0,1.5
2024-03-05,-0.014762196756209489,24.71493180212258,-0.014762196756209489,27.987256368492975,1.H00852,1.5,1.0,1.5,False,1.0,0.0,0.0,1.H00852,1.5,1.0,1.5
2024-03-06,0.0017049229950494293,24.757068857673097,0.0017049229950494293,28.034972485443962,1.H00852,1.5,1.0,1.5,False,1.0,1.0,1.0,1.H00852,1.5,1.0,1.5
2024-03-07,-0.021851793739148695,24.216082495409324,-0.021851793739148695,27.422358049209333,1.H00852,1.5,1.0,1.5,False,1.0,0.0,2.0,1.H00852,1.5,1.0,1.5
2024-03-08,0.018917872804158353,24.674199263872485,0.018917872804158353,27.94113073077436,1.H00852,1.5,1.0,1.5,False,1.0,1.0,3.0,1.H00852,1.5,1.0,1.5
2024-03-11,0.0268296975282849,25.336200566874812,0.0268296975282849,28.690782816879302,1.H00852,1.5,1.0,1.5,False,1.0,2.0,0.0,1.H00852,1.5,1.0,1.5
2024-03-12,0.008089520148379936,25.54115827184394,0.008089520148379936,28.92287748254924,1.H00852,1.5,1.0,1.5,False,1.0,0.0,0.0,1.H00852,1.5,1.0,1.5
2024-03-13,0.006879805053136678,25.716876461585535,0.006879805053136678,29.121861241204936,1.H00852,1.5,1.0,1.5,False,1.0,0.0,0.0,1.H00852,1.5,1.0,1.5
2024-03-14,-0.009605160075611296,25.469861746527286,-0.009605160075611296,28.84214110228342,1.H00852,1.5,1.0,1.5,False,1.0,1.0,1.0,1.H00852,1.5,1.0,1.5
2024-03-15,0.018801495665214052,25.94873324174822,0.018801495665214052,29.384416493193495,1.H00852,1.5,1.0,1.5,False,1.0,2.0,2.0,1.H00852,1.5,1.0,1.5
2024-03-18,0.024905206035951366,26.594991789505897,0.024905206035951366,30.116241440202685,1.H00852,1.5,1.0,1.5,False,1.0,0.0,0.0,1.H00852,1.5,1.0,1.5
2024-03-19,-0.01082505221025809,26.30709961485311,-0.01082505221025809,29.790231554235753,1.H00852,1.5,1.0,1.5,False,1.0,0.0,0.0,1.H00852,1.5,1.0,1.5
2024-03-20,0.013762382166838893,26.66914797345382,0.013762382166838893,30.20021610572377,1.H00852,1.5,1.0,1.5,False,1.0,0.0,0.0,1.H00852,1.5,1.0,1.5
2024-03-21,-0.0002903144873482866,26.661405533431893,-0.0002903144873482866,30.191448545467228,1.H00852,1.5,1.0,1.5,False,1.0,0.0,0.0,1.H00852,1.5,1.0,1.5
2024-03-22,-0.01660198417514147,26.218773300678826,-0.01660198417514147,29.690210594490782,1.H00852,1.5,1.0,1.5,False,1.0,0.0,0.0,1.H00852,1.5,1.0,1.5
2024-03-25,-0.03486079726197011,25.304765960186305,-0.03486079726197011,28.655186182291043,1.H00852,1.5,1.0,1.5,False,1.0,0.0,0.0,1.H00852,1.5,1.0,1.5
2024-03-26,-0.006577329739142379,25.138328170494333,-0.006577329739142379,28.4667115740336,cash,0.0,0.0,1.5,False,1.0,1.0,1.0,cash,0.0,0.0,1.5
2024-03-27,-0.0013790317547527353,25.103661617685827,-0.0013790317547527353,28.42745507481962,1.H00852,1.5,1.0,1.5,False,1.0,2.0,2.0,1.H00852,1.5,1.0,1.5
2024-03-28,0.03143121611187061,25.89270023119058,0.03143121611187061,29.320964558786766,cash,0.0,0.0,1.5,True,0.0,3.0,3.0,cash,0.0,0.0,1.5
2024-03-29,0.0001211499702025165,25.89583713105205,0.0001211499702025165,29.324516792769373,cash,0.0,0.0,1.5,True,0.0,4.0,4.0,cash,0.0,0.0,1.5
2024-04-01,0.0001211499702025165,25.89897441094885,0.0001211499702025165,29.32806945710502,cash,0.0,0.0,1.5,True,0.0,5.0,5.0,cash,0.0,0.0,1.5
2024-04-02,0.0001211499702025165,25.90211207092701,0.0001211499702025165,29.331622551845847,cash,0.0,0.0,1.5,True,0.0,6.0,6.0,cash,0.0,0.0,1.5
2024-04-03,0.0001211499702025165,25.905250111032586,0.0001211499702025165,29.335176077043993,cash,0.0,0.0,1.5,True,0.0,7.0,7.0,cash,0.0,0.0,1.5
2024-04-08,0.0001211499702025165,25.908388531311626,0.0001211499702025165,29.338730032751613,cash,0.0,0.0,1.5,True,0.0,8.0,8.0,cash,0.0,0.0,1.5
2024-04-09,0.0001211499702025165,25.91152733181019,0.0001211499702025165,29.34228441902086,cash,0.0,0.0,1.5,True,0.0,9.0,9.0,cash,0.0,0.0,1.5
2024-04-10,0.0001211499702025165,25.914666512574343,0.0001211499702025165,29.3458392359039,cash,0.0,0.0,1.5,True,0.0,10.0,10.0,cash,0.0,0.0,1.5
2024-04-11,0.0001211499702025165,25.917806073650148,-0.0013790317547527353,29.30537039172772,cash,0.0,0.0,1.5,True,0.0,11.0,11.0,1.H20955,1.5,1.0,1.5
2024-04-12,0.0001211499702025165,25.920946015083686,-0.006644850729945695,29.11064057988892,cash,0.0,0.0,1.5,True,0.0,12.0,12.0,1.H20955,1.5,1.0,1.5
2024-04-15,0.0001211499702025165,25.924086336921036,0.017582018448695447,29.62246439961787,cash,0.0,0.0,1.5,True,0.0,0.0,13.0,1.H20955,1.5,1.0,1.5
2024-04-16,0.0001211499702025165,25.927227039208283,-0.019241104755339133,29.052495458993516,cash,0.0,0.0,1.5,True,0.0,1.0,14.0,cash,0.0,0.0,1.5
2024-04-17,0.0001211499702025165,25.930368121991517,-0.0013790317547527353,29.012431145200754,cash,0.0,0.0,1.5,True,0.0,2.0,15.0,1.H20955,1.5,1.0,1.5
2024-04-18,0.0001211499702025165,25.933509585316838,0.003152934403196417,29.103905437478826,cash,0.0,0.0,1.5,True,0.0,3.0,16.0,1.H20955,1.5,1.0,1.5
2024-04-19,0.0001211499702025165,25.936651429230345,0.01197289571412341,29.452363462155468,cash,0.0,0.0,1.5,True,0.0,4.0,17.0,1.H20955,1.5,1.0,1.5
2024-04-22,0.0001211499702025165,25.93979365377815,-0.021276173859360537,28.82572985656557,cash,0.0,0.0,1.5,True,0.0,5.0,18.0,1.H20955,1.5,1.0,1.5
2024-04-23,0.0001211499702025165,25.942936259006366,-0.021220517780524917,28.214032943607712,cash,0.0,0.0,1.5,True,0.0,6.0,19.0,1.H20955,1.5,1.0,1.5
2024-04-24,0.0001211499702025165,25.946079244961112,0.002821305936715035,28.293633362250187,cash,0.0,0.0,1.5,True,0.0,7.0,0.0,1.H20955,1.5,1.0,1.5
2024-04-25,0.0001211499702025165,25.949222611688512,0.010472137854770303,28.589928191231998,cash,0.0,0.0,1.5,True,0.0,8.0,0.0,1.H20955,1.5,1.0,1.5
2024-04-26,-0.0013790317547527353,25.913437809695846,-0.004338236138237472,28.46589833156318,1.H20955,1.5,1.0,1.5,False,1.0,0.0,0.0,1.H20955,1.5,1.0,1.5
2024-04-29,0.005246402427350194,26.049390132721623,0.005246402427350194,28.6152418896666,1.H20955,1.5,1.0,1.5,False,1.0,0.0,0.0,1.H20955,1.5,1.0,1.5
2024-04-30,-0.0005831180034043815,26.03420026435753,-0.0005831180034043815,28.598555826948964,cash,0.0,0.0,1.5,False,1.0,0.0,0.0,cash,0.0,0.0,1.5
2024-05-06,0.0001211499702025165,26.037354306943804,0.0001211499702025165,28.602020541135232,cash,0.0,0.0,1.5,False,1.0,0.0,0.0,cash,0.0,0.0,1.5
2024-05-07,0.0001211499702025165,26.040508731642245,0.0001211499702025165,28.605485675071524,cash,0.0,0.0,1.5,False,1.0,0.0,0.0,cash,0.0,0.0,1.5
2024-05-08,0.0001211499702025165,26.043663538499143,0.0001211499702025165,28.60895122880869,cash,0.0,0.0,1.5,False,1.0,0.0,0.0,cash,0.0,0.0,1.5
2024-05-09,-0.0013790317547527353,26.007748499469457,-0.0013790317547527353,28.56949857659399,1.H00852,1.5,1.0,1.5,False,1.0,0.0,0.0,1.H00852,1.5,1.0,1.5
2024-05-10,-0.013924231182294466,25.645610596831872,-0.013924231182294466,28.17169027365126,1.H00852,1.5,1.0,1.5,False,1.0,0.0,0.0,1.H00852,1.5,1.0,1.5
2024-05-13,-0.014375459197650486,25.27694316809828,-0.014375459197650486,27.76670928959354,1.H00852,1.5,1.0,1.5,False,1.0,0.0,1.0,1.H00852,1.5,1.0,1.5
2024-05-14,0.00861984302023755,25.494826450238754,0.00861984302023755,28.006053964858406,1.H00852,1.5,1.0,1.5,False,1.0,1.0,2.0,1.H00852,1.5,1.0,1.5
2024-05-15,-0.014729245810128466,25.119306884566623,-0.014729245810128466,27.593545911838284,1.H00852,1.5,1.0,1.5,False,1.0,2.0,3.0,1.H00852,1.5,1.0,1.5
2024-05-16,-0.0034692760512807785,25.032161074767224,-0.001972234402885187,27.539124971293365,cash,0.0,0.0,1.5,True,0.0,3.0,4.0,1.H00852,1.5,1.0,1.5
2024-05-17,0.0001211499702025165,25.035193720335535,0.02043613162703295,28.101918154100026,cash,0.0,0.0,1.5,True,0.0,4.0,5.0,1.H00852,1.5,1.0,1.5
2024-05-20,0.0001211499702025165,25.03822673330877,0.009048951008439055,28.356211034719642,cash,0.0,0.0,1.5,True,0.0,0.0,6.0,1.H00852,1.5,1.0,1.5
2024-05-21,0.0001211499702025165,25.041260113731433,-0.018910144999564005,27.819990972414857,cash,0.0,0.0,1.5,True,0.0,1.0,7.0,0.399606,1.5,1.0,1.5
2024-05-22,0.0001211499702025165,25.044293861648043,0.01207132841263947,28.155815219879543,cash,0.0,0.0,1.5,True,0.0,2.0,8.0,cash,0.0,0.0,1.5
2024-05-23,0.0001211499702025165,25.047327977103127,0.0001211499702025165,28.15922629605446,cash,0.0,0.0,1.5,True,0.0,3.0,0.0,cash,0.0,0.0,1.5
2024-05-24,0.0001211499702025165,25.050362460141205,-0.0013790317547527353,28.120393828802932,cash,0.0,0.0,1.5,True,0.0,4.0,1.0,1.H20955,1.5,1.0,1.5
2024-05-27,0.0001211499702025165,25.05339731080681,0.01635938326272668,28.580426128947135,cash,0.0,0.0,1.5,True,0.0,5.0,2.0,1.H20955,1.5,1.0,1.5
2024-05-28,0.0001211499702025165,25.056432529144487,-0.012443172678524905,28.22479495139882,cash,0.0,0.0,1.5,True,0.0,6.0,3.0,cash,0.0,0.0,1.5
2024-05-29,0.0001211499702025165,25.059468115198776,0.0001211499702025165,28.228214384466156,cash,0.0,0.0,1.5,True,0.0,7.0,4.0,cash,0.0,0.0,1.5
2024-05-30,0.0001211499702025165,25.062504069014224,0.0001211499702025165,28.231634231797706,cash,0.0,0.0,1.5,True,0.0,8.0,5.0,cash,0.0,0.0,1.5
2024-05-31,0.0001211499702025165,25.065540390635388,0.0001211499702025165,28.235054493443656,cash,0.0,0.0,1.5,True,0.0,9.0,0.0,cash,0.0,0.0,1.5
2024-06-03,0.0001211499702025165,25.068577080106824,0.0001211499702025165,28.2384751694542,cash,0.0,0.0,1.5,False,1.0,0.0,0.0,cash,0.0,0.0,1.5
2024-06-04,0.0001211499702025165,25.071614137473098,0.0001211499702025165,28.241896259879546,cash,0.0,0.0,1.5,False,1.0,1.0,0.0,cash,0.0,0.0,1.5
2024-06-05,0.0001211499702025165,25.074651562778783,0.0001211499702025165,28.245317764769894,cash,0.0,0.0,1.5,False,1.0,2.0,1.0,cash,0.0,0.0,1.5
2024-06-06,0.0001211499702025165,25.07768935606845,0.0001211499702025165,28.248739684175455,cash,0.0,0.0,1.5,False,1.0,0.0,0.0,cash,0.0,0.0,1.5
2024-06-07,0.0001211499702025165,25.080727517386688,0.0001211499702025165,28.25216201814645,cash,0.0,0.0,1.5,False,1.0,1.0,1.0,cash,0.0,0.0,1.5
2024-06-11,0.0001211499702025165,25.083766046778077,0.0001211499702025165,28.255584766733104,cash,0.0,0.0,1.5,False,1.0,2.0,2.0,cash,0.0,0.0,1.5
2024-06-12,0.0001211499702025165,25.086804944287213,0.0001211499702025165,28.25900792998565,cash,0.0,0.0,1.5,True,0.0,3.0,3.0,cash,0.0,0.0,1.5
2024-06-13,0.0001211499702025165,25.089844209958688,0.0001211499702025165,28.26243150795432,cash,0.0,0.0,1.5,True,0.0,4.0,4.0,cash,0.0,0.0,1.5
2024-06-14,0.0001211499702025165,25.09288384383711,0.0001211499702025165,28.265855500689362,cash,0.0,0.0,1.5,True,0.0,5.0,0.0,cash,0.0,0.0,1.5
2024-06-17,0.0001211499702025165,25.095923845967086,0.0001211499702025165,28.269279908241018,cash,0.0,0.0,1.5,True,0.0,6.0,1.0,cash,0.0,0.0,1.5
2024-06-18,0.0001211499702025165,25.09896421639323,0.0001211499702025165,28.272704730659548,cash,0.0,0.0,1.5,True,0.0,7.0,0.0,cash,0.0,0.0,1.5
2024-06-19,0.0001211499702025165,25.10200495516016,0.0001211499702025165,28.27612996799521,cash,0.0,0.0,1.5,True,0.0,8.0,0.0,cash,0.0,0.0,1.5
2024-06-20,0.0001211499702025165,25.105046062312503,0.0001211499702025165,28.279555620298275,cash,0.0,0.0,1.5,False,1.0,0.0,0.0,cash,0.0,0.0,1.5
2024-06-21,0.0001211499702025165,25.108087537894885,0.0001211499702025165,28.282981687619014,cash,0.0,0.0,1.5,False,1.0,1.0,1.0,cash,0.0,0.0,1.5
2024-06-24,0.0001211499702025165,25.111129381951944,0.0001211499702025165,28.286408170007707,cash,0.0,0.0,1.5,False,1.0,2.0,2.0,cash,0.0,0.0,1.5
2024-06-25,0.0001211499702025165,25.11417159452832,0.0001211499702025165,28.28983506751464,cash,0.0,0.0,1.5,True,0.0,3.0,3.0,cash,0.0,0.0,1.5
2024-06-26,0.0001211499702025165,25.117214175668657,0.0001211499702025165,28.293262380190104,cash,0.0,0.0,1.5,True,0.0,4.0,4.0,cash,0.0,0.0,1.5
2024-06-27,0.0001211499702025165,25.12025712541761,0.0001211499702025165,28.296690108084395,cash,0.0,0.0,1.5,True,0.0,5.0,5.0,cash,0.0,0.0,1.5
2024-06-28,0.0001211499702025165,25.123300443819833,0.0001211499702025165,28.30011825124782,cash,0.0,0.0,1.5,False,1.0,0.0,0.0,cash,0.0,0.0,1.5
2024-07-01,0.0001211499702025165,25.12634413091999,0.0001211499702025165,28.303546809730687,cash,0.0,0.0,1.5,False,1.0,1.0,1.0,cash,0.0,0.0,1.5
2024-07-02,0.0001211499702025165,25.12938818676275,0.0001211499702025165,28.30697578358331,cash,0.0,0.0,1.5,False,1.0,2.0,2.0,cash,0.0,0.0,1.5
2024-07-03,0.0001211499702025165,25.132432611392783,0.0001211499702025165,28.310405172856015,cash,0.0,0.0,1.5,True,0.0,3.0,3.0,cash,0.0,0.0,1.5
2024-07-04,0.0001211499702025165,25.135477404854772,0.0001211499702025165,28.31383497759913,cash,0.0,0.0,1.5,True,0.0,4.0,4.0,cash,0.0,0.0,1.5
2024-07-05,0.0001211499702025165,25.138522567193395,0.0001211499702025165,28.317265197862984,cash,0.0,0.0,1.5,True,0.0,5.0,5.0,cash,0.0,0.0,1.5
2024-07-08,0.0001211499702025165,25.141568098453345,0.0001211499702025165,28.320695833697922,cash,0.0,0.0,1.5,True,0.0,6.0,6.0,cash,0.0,0.0,1.5
2024-07-09,0.0001211499702025165,25.144613998679315,0.0001211499702025165,28.32412688515429,cash,0.0,0.0,1.5,False,1.0,0.0,0.0,cash,0.0,0.0,1.5
2024-07-10,0.0001211499702025165,25.14766026791601,0.0001211499702025165,28.327558352282438,cash,0.0,0.0,1.5,False,1.0,1.0,0.0,cash,0.0,0.0,1.5
2024-07-11,0.0001211499702025165,25.150706906208132,0.0001211499702025165,28.330990235132727,cash,0.0,0.0,1.5,False,1.0,0.0,0.0,cash,0.0,0.0,1.5
2024-07-12,0.0001211499702025165,25.15375391360039,0.0001211499702025165,28.33442253375552,cash,0.0,0.0,1.5,False,1.0,0.0,0.0,cash,0.0,0.0,1.5
2024-07-15,0.0001211499702025165,25.156801290137505,0.0001211499702025165,28.33785524820119,cash,0.0,0.0,1.5,False,1.0,1.0,1.0,cash,0.0,0.0,1.5
2024-07-16,-0.0013790317547527353,25.1221092623104,-0.0013790317547527353,28.298776445952335,1.H00016,1.5,1.0,1.5,False,1.0,2.0,2.0,1.H00016,1.5,1.0,1.5
2024-07-17,0.004514723202482029,25.23552863189224,0.006023758840743021,28.46924145075085,cash,0.0,0.0,1.5,True,0.0,3.0,3.0,1.H00016,1.5,1.0,1.5
2024-07-18,0.0001211499702025165,25.23858591543404,0.007138944793632085,28.672481793784343,cash,0.0,0.0,1.5,True,0.0,4.0,0.0,1.H00016,1.5,1.0,1.5
2024-07-19,0.0001211499702025165,25.24164356936565,0.01008025730423645,28.961507787816725,cash,0.0,0.0,1.5,True,0.0,5.0,1.0,1.H00016,1.5,1.0,1.5
2024-07-22,0.0001211499702025165,25.24470159373194,-0.016339419136832567,28.488293573236948,cash,0.0,0.0,1.5,True,0.0,6.0,2.0,cash,0.0,0.0,1.5
2024-07-23,0.0001211499702025165,25.24775998857779,0.0001211499702025165,28.491744929154468,cash,0.0,0.0,1.5,False,1.0,0.0,0.0,cash,0.0,0.0,1.5
2024-07-24,0.0001211499702025165,25.25081875394809,0.0001211499702025165,28.495196703203653,cash,0.0,0.0,1.5,False,1.0,0.0,1.0,cash,0.0,0.0,1.5
2024-07-25,0.0001211499702025165,25.25387788988772,0.0001211499702025165,28.49864889543516,cash,0.0,0.0,1.5,False,1.0,1.0,2.0,cash,0.0,0.0,1.5
2024-07-26,0.0001211499702025165,25.256937396441575,0.0001211499702025165,28.502101505899653,cash,0.0,0.0,1.5,False,1.0,2.0,3.0,cash,0.0,0.0,1.5
2024-07-29,0.0001211499702025165,25.259997273654562,0.0001211499702025165,28.5055545346478,cash,0.0,0.0,1.5,True,0.0,3.0,4.0,cash,0.0,0.0,1.5
2024-07-30,0.0001211499702025165,25.263057521571582,0.0001211499702025165,28.509007981730278,cash,0.0,0.0,1.5,True,0.0,0.0,5.0,cash,0.0,0.0,1.5
2024-07-31,0.0001211499702025165,25.266118140237545,0.0001211499702025165,28.512461847197766,cash,0.0,0.0,1.5,False,1.0,0.0,0.0,cash,0.0,0.0,1.5
2024-08-01,0.0001211499702025165,25.269179129697367,0.0001211499702025165,28.515916131100955,cash,0.0,0.0,1.5,False,1.0,0.0,0.0,cash,0.0,0.0,1.5
2024-08-02,0.0001211499702025165,25.272240489995973,0.0001211499702025165,28.519370833490534,cash,0.0,0.0,1.5,False,1.0,0.0,0.0,cash,0.0,0.0,1.5
2024-08-05,0.0001211499702025165,25.275302221178286,0.0001211499702025165,28.522825954417204,cash,0.0,0.0,1.5,False,1.0,0.0,0.0,cash,0.0,0.0,1.5
2024-08-06,0.0001211499702025165,25.278364323289242,0.0001211499702025165,28.526281493931673,cash,0.0,0.0,1.5,False,1.0,0.0,1.0,cash,0.0,0.0,1.5
2024-08-07,0.0001211499702025165,25.281426796373776,0.0001211499702025165,28.529737452084653,cash,0.0,0.0,1.5,False,1.0,0.0,2.0,cash,0.0,0.0,1.5
2024-08-08,0.0001211499702025165,25.284489640476835,0.0001211499702025165,28.53319382892686,cash,0.0,0.0,1.5,False,1.0,0.0,3.0,cash,0.0,0.0,1.5
2024-08-09,0.0001211499702025165,25.287552855643366,0.0001211499702025165,28.536650624509015,cash,0.0,0.0,1.5,False,1.0,1.0,4.0,cash,0.0,0.0,1.5
2024-08-12,0.0001211499702025165,25.29061644191832,0.0001211499702025165,28.540107838881855,cash,0.0,0.0,1.5,True,0.0,2.0,5.0,cash,0.0,0.0,1.5
2024-08-13,0.0001211499702025165,25.293680399346663,0.0001211499702025165,28.543565472096113,cash,0.0,0.0,1.5,True,0.0,3.0,6.0,cash,0.0,0.0,1.5
2024-08-14,0.0001211499702025165,25.296744727973355,0.0001211499702025165,28.54702352420253,cash,0.0,0.0,1.5,True,0.0,4.0,7.0,cash,0.0,0.0,1.5
2024-08-15,0.0001211499702025165,25.29980942784337,0.0001211499702025165,28.550481995251857,cash,0.0,0.0,1.5,True,0.0,0.0,8.0,cash,0.0,0.0,1.5
2024-08-16,0.0001211499702025165,25.302874499001685,0.0001211499702025165,28.55394088529485,cash,0.0,0.0,1.5,False,1.0,0.0,0.0,cash,0.0,0.0,1.5
2024-08-19,0.0001211499702025165,25.30593994149328,0.0001211499702025165,28.557400194382268,cash,0.0,0.0,1.5,False,1.0,1.0,0.0,cash,0.0,0.0,1.5
2024-08-20,0.0001211499702025165,25.30900575536314,0.0001211499702025165,28.56085992256488,cash,0.0,0.0,1.5,False,1.0,2.0,1.0,cash,0.0,0.0,1.5
2024-08-21,0.0001211499702025165,25.312071940656256,0.0001211499702025165,28.56432006989346,cash,0.0,0.0,1.5,True,0.0,3.0,2.0,cash,0.0,0.0,1.5
2024-08-22,0.0001211499702025165,25.31513849741763,0.0001211499702025165,28.56778063641878,cash,0.0,0.0,1.5,True,0.0,4.0,3.0,cash,0.0,0.0,1.5
2024-08-23,0.0001211499702025165,25.318205425692266,0.0001211499702025165,28.571241622191636,cash,0.0,0.0,1.5,True,0.0,5.0,4.0,cash,0.0,0.0,1.5
2024-08-26,0.0001211499702025165,25.32127272552517,0.0001211499702025165,28.574703027262814,cash,0.0,0.0,1.5,True,0.0,6.0,5.0,cash,0.0,0.0,1.5
2024-08-27,0.0001211499702025165,25.324340396961357,0.0001211499702025165,28.578164851683113,cash,0.0,0.0,1.5,True,0.0,7.0,6.0,cash,0.0,0.0,1.5
2024-08-28,0.0001211499702025165,25.327408440045847,0.0001211499702025165,28.581627095503336,cash,0.0,0.0,1.5,True,0.0,8.0,7.0,cash,0.0,0.0,1.5
2024-08-29,0.0001211499702025165,25.330476854823665,0.0001211499702025165,28.585089758774295,cash,0.0,0.0,1.5,True,0.0,9.0,0.0,cash,0.0,0.0,1.5
2024-08-30,0.0001211499702025165,25.333545641339843,0.0001211499702025165,28.588552841546807,cash,0.0,0.0,1.5,False,1.0,0.0,0.0,cash,0.0,0.0,1.5
2024-09-02,0.0001211499702025165,25.336614799639413,0.0001211499702025165,28.592016343871695,cash,0.0,0.0,1.5,False,1.0,0.0,0.0,cash,0.0,0.0,1.5
2024-09-03,0.0001211499702025165,25.339684329767422,0.0001211499702025165,28.595480265799786,cash,0.0,0.0,1.5,False,1.0,1.0,1.0,cash,0.0,0.0,1.5
2024-09-04,0.0001211499702025165,25.342754231768915,0.0001211499702025165,28.598944607381913,cash,0.0,0.0,1.5,False,1.0,2.0,2.0,cash,0.0,0.0,1.5
2024-09-05,0.0001211499702025165,25.34582450568894,0.0001211499702025165,28.60240936866892,cash,0.0,0.0,1.5,True,0.0,3.0,3.0,cash,0.0,0.0,1.5
2024-09-06,0.0001211499702025165,25.348895151572563,0.0001211499702025165,28.605874549711654,cash,0.0,0.0,1.5,True,0.0,4.0,4.0,cash,0.0,0.0,1.5
2024-09-09,0.0001211499702025165,25.35196616946484,0.0001211499702025165,28.609340150560968,cash,0.0,0.0,1.5,True,0.0,5.0,5.0,cash,0.0,0.0,1.5
2024-09-10,0.0001211499702025165,25.355037559410846,0.0001211499702025165,28.61280617126772,cash,0.0,0.0,1.5,True,0.0,6.0,6.0,cash,0.0,0.0,1.5
2024-09-11,0.0001211499702025165,25.358109321455654,0.0001211499702025165,28.61627261188278,cash,0.0,0.0,1.5,True,0.0,7.0,7.0,cash,0.0,0.0,1.5
2024-09-12,0.0001211499702025165,25.361181455644342,0.0001211499702025165,28.619739472457017,cash,0.0,0.0,1.5,True,0.0,8.0,8.0,cash,0.0,0.0,1.5
2024-09-13,0.0001211499702025165,25.364253962021994,0.0001211499702025165,28.62320675304131,cash,0.0,0.0,1.5,True,0.0,9.0,9.0,cash,0.0,0.0,1.5
2024-09-18,0.0001211499702025165,25.3673268406337,0.0001211499702025165,28.62667445368654,cash,0.0,0.0,1.5,True,0.0,10.0,10.0,cash,0.0,0.0,1.5
2024-09-19,0.0001211499702025165,25.370400091524562,0.0001211499702025165,28.630142574443603,cash,0.0,0.0,1.5,True,0.0,11.0,11.0,cash,0.0,0.0,1.5
2024-09-20,0.0001211499702025165,25.373473714739678,0.0001211499702025165,28.63361111536339,cash,0.0,0.0,1.5,True,0.0,12.0,12.0,cash,0.0,0.0,1.5
2024-09-23,0.0001211499702025165,25.376547710324154,0.0001211499702025165,28.637080076496808,cash,0.0,0.0,1.5,True,0.0,13.0,13.0,cash,0.0,0.0,1.5
2024-09-24,0.0001211499702025165,25.379622078323102,0.0001211499702025165,28.640549457894764,cash,0.0,0.0,1.5,False,1.0,0.0,0.0,cash,0.0,0.0,1.5
2024-09-25,-0.0013790317547527353,25.34462277355347,-0.0013790317547527353,28.60105323071876,0.399606,1.5,1.0,1.5,False,1.0,0.0,0.0,0.399606,1.5,1.0,1.5
2024-09-26,0.0665046525840387,27.03015810598216,0.0665046525840387,30.50315633936531,0.399606,1.5,1.0,1.5,False,1.0,0.0,0.0,0.399606,1.5,1.0,1.5
2024-09-27,0.14992341476834103,31.08261171095916,0.14992341476834103,35.076293698975526,0.399606,1.5,1.0,1.5,False,1.0,0.0,0.0,0.399606,1.5,1.0,1.5
2024-09-30,0.23040188304823928,38.24410397922141,0.23040188304823928,43.15793781757258,0.399606,1.5,1.0,1.5,False,1.0,0.0,0.0,0.399606,1.5,1.0,1.5
2024-10-08,0.25679672977738655,48.0650648143518,0.25679672977738655,54.24075511306102,cash,0.0,0.0,0.9206423722733811,False,1.0,0.0,0.0,cash,0.0,0.0,0.9185647252148977
2024-10-09,0.0001211499702025165,48.07088789552184,0.0001211499702025165,54.24732637892673,cash,0.0,0.0,0.6832380211327408,False,1.0,0.0,0.0,cash,0.0,0.0,0.6824187559550186
2024-10-10,0.0001211499702025165,48.07671168215799,0.0001211499702025165,54.253898440901104,cash,0.0,0.0,0.6832380211327408,False,1.0,0.0,0.0,cash,0.0,0.0,0.6824187559550186
2024-10-11,0.0001211499702025165,48.08253617434572,0.0001211499702025165,54.26047129908059,cash,0.0,0.0,0.6832380211327408,False,1.0,0.0,0.0,cash,0.0,0.0,0.6824187559550186
2024-10-14,0.0001211499702025165,48.0883613721705,0.0001211499702025165,54.26704495356165,cash,0.0,0.0,0.6832380211327408,False,1.0,0.0,0.0,cash,0.0,0.0,0.6824187559550186
2024-10-15,0.0001211499702025165,48.09418727571783,0.0001211499702025165,54.27361940444075,cash,0.0,0.0,0.6832380211327408,False,1.0,0.0,0.0,cash,0.0,0.0,0.6824187559550186
2024-10-16,0.0001211499702025165,48.100013885073196,0.0001211499702025165,54.280194651814384,cash,0.0,0.0,0.6832380211327408,False,1.0,1.0,0.0,cash,0.0,0.0,0.6824187559550186
2024-10-17,-0.0005621708251961621,48.072973460575476,-0.0005613514607644143,54.24972438525601,0.399606,0.6832380211327408,1.0,0.6832380211327408,False,1.0,0.0,0.0,0.399606,0.6824187559550186,1.0,0.6824187559550186
2024-10-18,0.054343658670662265,50.68543472160079,0.05427864089961765,57.19432569406655,0.399606,0.6832380211327408,1.0,0.6832380211327408,False,1.0,0.0,0.0,0.399606,0.6824187559550186,1.0,0.6824187559550186
2024-10-21,0.004094464371255935,50.89296442821001,0.004089703815186585,57.4282335460646,cash,0.0,0.0,0.6560589752110001,False,1.0,0.0,0.0,cash,0.0,0.0,0.6553462785216149
2024-10-22,0.0001211499702025165,50.899130109334,0.0001211499702025165,57.43519097484749,cash,0.0,0.0,0.6562936586249605,False,1.0,0.0,0.0,cash,0.0,0.0,0.6555812935060006
2024-10-23,0.0001211499702025165,50.90529653743008,0.0001211499702025165,57.44214924652267,cash,0.0,0.0,0.6562936586249605,False,1.0,0.0,0.0,cash,0.0,0.0,0.6555812935060006
2024-10-24,0.0001211499702025165,50.91146371258874,0.0001211499702025165,57.44910836119225,cash,0.0,0.0,0.6562936586249605,False,1.0,1.0,1.0,cash,0.0,0.0,0.6555812935060006
2024-10-25,-0.0005352231983796196,50.8842147161463,-0.0005345107469576504,57.41840119537006,1.H00852,0.6562936586249605,1.0,0.6562936586249605,False,1.0,0.0,2.0,1.H00852,0.6555812935060006,1.0,0.6555812935060006
2024-10-28,0.011815965664307315,51.48546085008753,0.011803271684007965,58.09612618434038,1.H00852,0.6562936586249605,1.0,0.6562936586249605,False,1.0,0.0,3.0,1.H00852,0.6555812935060006,1.0,0.6555812935060006
2024-10-29,-0.010537428994683018,50.942936462121196,-0.010525856293024383,57.4846147089426,1.H00852,0.6559832961533179,1.0,0.6559832961533179,False,1.0,0.0,0.0,1.H00852,0.6552747992397363,1.0,0.6552747992397363
2024-10-30,0.003942365841355766,51.14377215468782,0.003938241282473776,57.71100299169646,1.H00852,0.6535983202561403,1.0,0.6535983202561403,False,1.0,0.0,1.0,1.H00852,0.6528949372738576,1.0,0.6528949372738576
2024-10-31,0.010652855307445641,51.68859935932867,0.010641520970663176,58.325135840270605,1.H00852,0.6538298615256067,1.0,0.6538298615256067,False,1.0,0.0,0.0,1.H00852,0.6531266576229952,1.0,0.6531266576229952
2024-11-01,-0.019868257080582152,50.661636979122314,-0.019846755385852566,57.16757113640213,1.H00852,0.6536966869433227,1.0,0.6536966869433227,False,1.0,0.0,0.0,1.H00852,0.6529964707731639,1.0,0.6529964707731639
2024-11-04,0.01358282069492911,51.34976491032132,0.013568410167858813,57.943244189881085,1.H00852,0.6472316098684749,1.0,0.6472316098684749,False,1.0,1.0,1.0,1.H00852,0.6465472308274627,1.0,0.6465472308274627
2024-11-05,0.022202781472234756,52.48987251927581,0.022179448028891047,59.2283933630159,cash,0.0,0.0,0.6466077001766968,False,1.0,0.0,0.0,cash,0.0,0.0,0.6459284626356612
2024-11-06,-0.0005222423759618788,52.46246008353741,-0.0005215786915458986,59.19750109510325,1.H00852,0.6433144086429388,1.0,0.6433144086429388,False,1.0,0.0,0.0,1.H00852,0.642650804622529,1.0,0.642650804622529
2024-11-07,0.011370919412649005,53.059006489336625,0.011359314834653578,59.86994414746728,1.H00852,0.6433144086429388,1.0,0.6433144086429388,False,1.0,0.0,0.0,1.H00852,0.642650804622529,1.0,0.642650804622529
2024-11-08,0.002038052268484636,53.16714351787576,0.002036077896575561,59.991844017415154,1.H00852,0.6431508696124071,1.0,0.6431508696124071,False,1.0,0.0,0.0,1.H00852,0.6424904158189161,1.0,0.6424904158189161
2024-11-11,0.015653565856617258,53.99939890034105,0.015637615471619126,60.92997340559285,1.H00852,0.6433239070284942,1.0,0.6433239070284942,False,1.0,0.0,0.0,1.H00852,0.6426633716239488,1.0,0.6426633716239488
2024-11-12,-0.00910353152354193,53.50781367019948,-0.00909406571084459,60.37587222368237,cash,0.0,0.0,0.64243024598938,False,1.0,0.0,0.0,cash,0.0,0.0,0.6417760970765289
2024-11-13,0.0001211499702025165,53.51429614023123,0.0001211499702025165,60.38318675880322,cash,0.0,0.0,0.6406452895617151,False,1.0,1.0,1.0,cash,0.0,0.0,0.6399945772766089
2024-11-14,-0.0005195729335170096,53.48649156040055,-0.000518922142398015,60.35185258616552,1.H00905,0.6406452895617151,1.0,0.6406452895617151,False,1.0,2.0,2.0,1.H00905,0.6399945772766089,1.0,0.6399945772766089
2024-11-15,-0.016780426255534664,52.58896543310397,-0.01676326966786379,59.340158206308466,cash,0.0,0.0,0.6406452895617151,True,0.0,3.0,3.0,cash,0.0,0.0,0.6399945772766089
2024-11-18,0.0001211499702025165,52.595336584699176,0.0001211499702025165,59.347347264706976,cash,0.0,0.0,0.6357911861573305,True,0.0,4.0,4.0,cash,0.0,0.0,0.6351508524292936
2024-11-19,0.0001211499702025165,52.601708508159206,0.0001211499702025165,59.354537194059695,cash,0.0,0.0,0.6357911861573305,True,0.0,5.0,5.0,cash,0.0,0.0,0.6349336362137125
2024-11-20,0.0001211499702025165,52.60808120357757,0.0001211499702025165,59.36172799447214,cash,0.0,0.0,0.6357911861573305,True,0.0,6.0,6.0,cash,0.0,0.0,0.634686988685306
2024-11-21,0.0001211499702025165,52.614454671047795,0.0001211499702025165,59.36891966604984,cash,0.0,0.0,0.6357911861573305,True,0.0,7.0,7.0,cash,0.0,0.0,0.6357911861573305
2024-11-22,0.0001211499702025165,52.62082891066341,0.0001211499702025165,59.37611220889834,cash,0.0,0.0,0.6357911861573305,True,0.0,0.0,8.0,cash,0.0,0.0,0.6357911861573305
2024-11-25,0.0001211499702025165,52.62720392251797,0.0001211499702025165,59.38330562312319,cash,0.0,0.0,0.6357911861573305,True,0.0,1.0,9.0,cash,0.0,0.0,0.6357911861573305
2024-11-26,0.0001211499702025165,52.63357970670503,0.0001211499702025165,59.39049990882996,cash,0.0,0.0,0.6357911861573305,True,0.0,2.0,10.0,cash,0.0,0.0,0.6357911861573305
2024-11-27,0.0001211499702025165,52.63995626331815,0.0001211499702025165,59.39769506612423,cash,0.0,0.0,0.6357911861573305,True,0.0,3.0,11.0,cash,0.0,0.0,0.6357911861573305
2024-11-28,0.0001211499702025165,52.64633359245091,0.0001211499702025165,59.40489109511159,cash,0.0,0.0,0.6357911861573305,True,0.0,4.0,12.0,cash,0.0,0.0,0.6357911861573305
2024-11-29,0.0001211499702025165,52.6527116941969,0.0001211499702025165,59.41208799589764,cash,0.0,0.0,0.6357911861573305,False,1.0,0.0,0.0,cash,0.0,0.0,0.6357911861573305
2024-12-02,0.0001211499702025165,52.65909056864974,0.0001211499702025165,59.41928576858802,cash,0.0,0.0,0.6357911861573305,False,1.0,0.0,0.0,cash,0.0,0.0,0.6357911861573305
2024-12-03,0.0001211499702025165,52.66547021590302,0.0001211499702025165,59.426484413288335,cash,0.0,0.0,0.6357911861573305,False,1.0,0.0,0.0,cash,0.0,0.0,0.6357911861573305
2024-12-04,0.0001211499702025165,52.67185063605038,0.0001211499702025165,59.433683930104245,cash,0.0,0.0,0.6357911861573305,False,1.0,0.0,0.0,cash,0.0,0.0,0.6357911861573305
2024-12-05,0.0001211499702025165,52.67823182918545,0.0001211499702025165,59.440884319141404,cash,0.0,0.0,0.6357911861573305,False,1.0,0.0,1.0,cash,0.0,0.0,0.6357911861573305
2024-12-06,0.0001211499702025165,52.68461379540188,0.0001211499702025165,59.44808558050548,cash,0.0,0.0,0.6357911861573305,False,1.0,0.0,0.0,cash,0.0,0.0,0.6357911861573305
2024-12-09,0.0001211499702025165,52.69099653479332,0.0001211499702025165,59.45528771430215,cash,0.0,0.0,0.6357911861573305,False,1.0,0.0,1.0,cash,0.0,0.0,0.6357911861573305
2024-12-10,0.0001211499702025165,52.69738004745345,0.0001211499702025165,59.46249072063712,cash,0.0,0.0,0.6357911861573305,False,1.0,0.0,0.0,cash,0.0,0.0,0.6357911861573305
2024-12-11,0.0001211499702025165,52.70376433347595,0.0001211499702025165,59.46969459961609,cash,0.0,0.0,0.6357911861573305,False,1.0,0.0,0.0,cash,0.0,0.0,0.6357911861573305
2024-12-12,-0.0005147182420380814,52.676636744549434,-0.0005147182420380814,59.43908446295723,1.H11077,0.6357911861573305,1.0,0.6357911861573305,False,1.0,0.0,0.0,1.H11077,0.6357911861573305,1.0,0.6357911861573305
2024-12-13,0.0021356569298440764,52.78913596885381,0.0021356569298440764,59.566025955594135,1.H11077,0.6357911861573305,1.0,0.6357911861573305,False,1.0,0.0,0.0,1.H11077,0.6357911861573305,1.0,0.6357911861573305
2024-12-16,0.0022676073273706354,52.90884100038235,0.0022676073273706354,59.70109831251339,1.H11077,0.6359608891666431,1.0,0.6359608891666431,False,1.0,0.0,1.0,1.H11077,0.6359608891666432,1.0,0.6359608891666432
2024-12-17,-0.0001638721489862771,52.90017071490725,-0.0001638721489862771,59.691314965236074,1.H11077,0.6361399926246327,1.0,0.6361399926246327,False,1.0,1.0,2.0,1.H11077,0.6361399926246328,1.0,0.6361399926246328
2024-12-18,-0.000614372149780329,52.86767032330138,-0.000614372149780329,59.654642283737665,1.H11077,0.6361085870397295,1.0,0.6361085870397295,False,1.0,2.0,3.0,1.H11077,0.6361085870397296,1.0,0.6361085870397296
2024-12-19,-0.0003722551235828542,52.847990062151645,-0.0003722551235828542,59.63243553750204,1.H11077,0.636024026313053,1.0,0.636024026313053,True,0.0,3.0,4.0,1.H11077,0.6360240263130531,1.0,0.6360240263130531
2024-12-20,0.00202228806748761,52.95486392184504,0.00202228806748761,59.75302950032476,1.H11077,0.6359687100024471,1.0,0.6359687100024471,True,0.0,4.0,5.0,1.H11077,0.6359687100024474,1.0,0.6359687100024474
2024-12-23,0.0003207022256204173,52.9718466645622,0.0003207022256204173,59.77219242987307,1.H11077,0.6361326522204133,1.0,0.6361326522204133,True,0.0,5.0,6.0,1.H11077,0.6361326522204134,1.0,0.6361326522204134
2024-12-24,-0.0007514934102648141,52.93203867086422,-0.0007514934102648141,59.72727402114494,1.H11077,0.6361536511947034,1.0,0.6361536511947034,True,0.0,6.0,7.0,1.H11077,0.6361536511947035,1.0,0.6361536511947035
2024-12-25,-0.0006140640192653368,52.89953501045009,-0.0006140640192653368,59.69059765119976,1.H11077,0.6360518083206089,1.0,0.6360518083206089,True,0.0,7.0,8.0,1.H11077,0.636051808320609,1.0,0.636051808320609
2024-12-26,-0.0003026332808738763,52.883525850613175,-0.0003026332808738763,59.672533289795254,1.H11077,0.6359673186990307,1.0,0.6359673186990307,True,0.0,8.0,9.0,1.H11077,0.6359673186990307,1.0,0.6359673186990307
2024-12-27,0.0022634733496080806,53.003226302009345,0.0022634733496080806,59.80760047860031,1.H11077,0.6359201342062064,1.0,0.6359201342062064,True,0.0,9.0,10.0,1.H11077,0.6359201342062066,1.0,0.6359201342062066
2024-12-30,-0.0005780651907560941,52.97258698188639,-0.0005780651907560941,59.77302778662098,1.H11077,0.6360993220678203,1.0,0.6360993220678203,True,0.0,10.0,11.0,1.H11077,0.6360993220678205,1.0,0.6360993220678205
2024-12-31,0.0015317554221676577,53.05372802922214,0.0015317554221676577,59.864585446032514,1.H11077,0.6360190126860962,1.0,0.6360190126860962,True,0.0,11.0,12.0,1.H11077,0.6360190126860963,1.0,0.6360190126860963
2025-01-02,0.0028740920630112576,53.20620932786409,0.0028740920630112576,60.03664177591842,1.H11077,0.6361487059706756,1.0,0.6361487059706756,True,0.0,12.0,13.0,1.H11077,0.6361487059706759,1.0,0.6361487059706759
2025-01-03,0.001212372323148303,53.27071506347283,0.001212372323148303,60.10942853878231,1.H11077,0.6363632332883234,1.0,0.6363632332883234,True,0.0,13.0,14.0,1.H11077,0.6363632332883236,1.0,0.6363632332883236
2025-01-06,0.0004557457821932065,53.29499296717742,0.0004557457821932065,60.1368231573089,1.H11077,0.6364687293089853,1.0,0.6364687293089853,True,0.0,14.0,15.0,1.H11077,0.6364687293089855,1.0,0.6364687293089855
2025-01-07,-0.0005390914665215352,53.266262091260494,-0.0005390914665215352,60.10440390912108,1.H11077,0.6365039144638364,1.0,0.6365039144638364,True,0.0,15.0,16.0,1.H11077,0.6365039144638366,1.0,0.6365039144638366
2025-01-08,-0.0006268057901767099,53.23287448976062,-0.0006268057901767099,60.06673012073573,cash,0.0,0.0,0.6364273847450721,True,0.0,16.0,17.0,cash,0.0,0.0,0.6364273847450722
2025-01-09,0.0001211499702025165,53.23932365091885,0.0001211499702025165,60.07400720330001,cash,0.0,0.0,0.6364151490750289,True,0.0,17.0,18.0,cash,0.0,0.0,0.6364151490750289
2025-01-10,0.0001211499702025165,53.24577359339276,0.0001211499702025165,60.08128516748264,cash,0.0,0.0,0.6364151490750289,True,0.0,18.0,19.0,cash,0.0,0.0,0.6364151490750289
2025-01-13,0.0001211499702025165,53.25222431727701,0.0001211499702025165,60.08856401339041,cash,0.0,0.0,0.6364151490750289,True,0.0,19.0,20.0,cash,0.0,0.0,0.6364151490750289
2025-01-14,0.0001211499702025165,53.25867582266627,0.0001211499702025165,60.095843741130146,cash,0.0,0.0,0.6364151490750289,False,1.0,0.0,0.0,cash,0.0,0.0,0.6364151490750289
2025-01-15,0.0001211499702025165,53.26512810965521,0.0001211499702025165,60.10312435080868,cash,0.0,0.0,0.6364151490750289,False,1.0,0.0,0.0,cash,0.0,0.0,0.6364151490750289
2025-01-16,0.0001211499702025165,53.27158117833853,0.0001211499702025165,60.110405842532856,cash,0.0,0.0,0.6364151490750289,False,1.0,0.0,0.0,cash,0.0,0.0,0.6364151490750289
2025-01-17,0.0001211499702025165,53.278035028810926,0.0001211499702025165,60.11768821640954,cash,0.0,0.0,0.6364151490750289,False,1.0,1.0,1.0,cash,0.0,0.0,0.6364151490750289
2025-01-20,0.0001211499702025165,53.284489661167115,0.0001211499702025165,60.1249714725456,cash,0.0,0.0,0.6364151490750289,False,1.0,0.0,0.0,cash,0.0,0.0,0.6364151490750289
2025-01-21,0.0001211499702025165,53.290945075501824,0.0001211499702025165,60.13225561104793,cash,0.0,0.0,0.6364151490750289,False,1.0,0.0,0.0,cash,0.0,0.0,0.6364151490750289
2025-01-22,0.0001211499702025165,53.297401271909784,0.0001211499702025165,60.13954063202342,cash,0.0,0.0,0.6364151490750289,False,1.0,1.0,0.0,cash,0.0,0.0,0.6364151490750289
2025-01-23,0.0001211499702025165,53.303858250485746,0.0001211499702025165,60.14682653557898,cash,0.0,0.0,0.6364151490750289,False,1.0,0.0,0.0,cash,0.0,0.0,0.6364151490750289
2025-01-24,0.0001211499702025165,53.310316011324474,0.0001211499702025165,60.15411332182154,cash,0.0,0.0,0.6364151490750289,False,1.0,0.0,0.0,cash,0.0,0.0,0.6364151490750289
2025-01-27,0.0001211499702025165,53.316774554520734,0.0001211499702025165,60.16140099085804,cash,0.0,0.0,0.6422062679064364,False,1.0,1.0,0.0,cash,0.0,0.0,0.6422062679064365
2025-02-05,0.0001211499702025165,53.32323388016931,0.0001211499702025165,60.16868954279543,cash,0.0,0.0,0.6855336808861514,False,1.0,2.0,0.0,cash,0.0,0.0,0.6855336808861515
2025-02-06,0.0001211499702025165,53.329693988364994,0.0001211499702025165,60.17597897774066,cash,0.0,0.0,0.853657893924932,False,1.0,0.0,0.0,cash,0.0,0.0,0.853657893924932
2025-02-07,-0.0013790317547527353,53.256150646883796,-0.0013790317547527353,60.092994391857026,0.399606,1.5,1.0,1.5,False,1.0,0.0,0.0,0.399606,1.5,1.0,1.5
2025-02-10,0.003490030260471677,53.44201622419766,0.003490030260471677,60.30272076072696,1.H00852,1.5,1.0,1.5,False,1.0,0.0,0.0,1.H00852,1.5,1.0,1.5
2025-02-11,-0.004974741722587495,53.176155996347944,-0.004974741722587495,60.002730299773035,1.H00852,1.5,1.0,1.5,False,1.0,0.0,0.0,1.H00852,1.5,1.0,1.5
2025-02-12,0.02282394939791632,54.389845889984294,0.02282394939791632,61.37222957987188,1.H00852,1.5,1.0,1.5,False,1.0,0.0,0.0,1.H00852,1.5,1.0,1.5
2025-02-13,-0.017272584900517973,53.45039265912345,-0.017272584900517973,60.31217253391946,1.H00852,1.5,1.0,1.5,False,1.0,0.0,0.0,1.H00852,1.5,1.0,1.5
2025-02-14,0.00871329244050889,53.91612156142242,0.00871329244050889,60.83769013092993,1.H00852,1.5,1.0,1.5,False,1.0,0.0,0.0,1.H00852,1.5,1.0,1.5
2025-02-17,0.007796531673907481,54.3364803109103,0.007796531673907481,61.31201310900309,1.H00852,1.5,1.0,1.5,False,1.0,0.0,0.0,1.H00852,1.5,1.0,1.5
2025-02-18,-0.03335437120606277,52.524121176589276,-0.03335437120606277,59.26698946437441,1.H00852,1.5,1.0,1.5,False,1.0,0.0,0.0,1.H00852,1.5,1.0,1.5
2025-02-19,0.03258331305008544,54.2355310595667,0.03258331305008544,61.19810433562824,0.399606,1.5,1.0,1.5,False,1.0,0.0,0.0,0.399606,1.5,1.0,1.5
2025-02-20,-0.001001584551006629,54.1812095895418,-0.001001584551006629,61.13680925977478,0.399606,1.5,1.0,1.5,False,1.0,0.0,0.0,0.399606,1.5,1.0,1.5
2025-02-21,0.037634207031359335,56.22027644844409,0.037634207031359335,63.43764459669387,0.399606,1.5,1.0,1.5,False,1.0,0.0,0.0,0.399606,1.5,1.0,1.5
2025-02-24,-0.013067941517363235,55.48559316372583,-0.013067941517363235,62.608645167105,1.H00852,1.5,1.0,1.5,False,1.0,0.0,0.0,1.H00852,1.5,1.0,1.5
2025-02-25,-0.006696677341519575,55.11402404920553,-0.006696677341519575,62.189375271631214,1.H00852,1.5,1.0,1.5,False,1.0,0.0,0.0,1.H00852,1.5,1.0,1.5
2025-02-26,0.020680465456783814,56.25380771973948,0.020680465456783814,63.47548049871515,1.H00852,1.5,1.0,1.5,False,1.0,0.0,0.0,1.H00852,1.5,1.0,1.5
2025-02-27,-0.005779799101297778,55.92867201243635,-0.005779799101297778,63.10860497357423,1.H00852,1.5,1.0,1.5,False,1.0,0.0,0.0,1.H00852,1.5,1.0,1.5
2025-02-28,-0.0529364778706809,52.968005104113445,-0.0529364778706809,59.76785770294108,1.H00852,1.5,1.0,1.5,False,1.0,0.0,1.0,1.H00852,1.5,1.0,1.5
2025-03-03,0.0007159020397362603,53.00592500700824,0.0007159020397362603,59.810645634181284,1.H00852,1.5,1.0,1.5,False,1.0,1.0,2.0,1.H00852,1.5,1.0,1.5
2025-03-04,0.020014326445625397,54.06680289365084,0.020014326445625397,61.00771542082741,1.H00852,1.5,1.0,1.5,False,1.0,2.0,3.0,1.H00852,1.5,1.0,1.5
2025-03-05,0.008005235096635088,54.499620361737946,0.00951951436818721,61.58847924434625,cash,0.0,0.0,1.5,True,0.0,3.0,4.0,1.H00852,1.5,1.0,1.5
2025-03-06,-0.0013790317547527353,54.424463654637144,0.03200310693525532,63.55950193158282,1.H00852,1.5,1.0,1.5,False,1.0,0.0,0.0,1.H00852,1.5,1.0,1.5
2025-03-07,-0.006305586177528966,54.08128550889704,-0.006305586177528966,63.158722014752406,1.H00852,1.5,1.0,1.5,False,1.0,0.0,0.0,1.H00852,1.5,1.0,1.5
2025-03-10,0.002982732846533498,54.24259553556718,0.002982732846533498,63.34710760945089,1.H00852,1.5,1.0,1.5,False,1.0,1.0,1.0,1.H00852,1.5,1.0,1.5
2025-03-11,0.007017330537607558,54.623233757658014,0.007017330537607558,63.7916352021478,1.H00852,1.5,1.0,1.5,False,1.0,2.0,2.0,1.H00852,1.5,1.0,1.5
2025-03-12,0.0034275207804470575,54.8104560264576,0.0034275207804470575,64.01028235742186,1.H00852,1.5,1.0,1.5,False,1.0,0.0,3.0,1.H00852,1.5,1.0,1.5
2025-03-13,-0.022911659505783888,53.55465752062266,-0.022911659505783888,62.54370056317952,1.H00852,1.5,1.0,1.5,False,1.0,1.0,4.0,1.H00852,1.5,1.0,1.5
2025-03-14,0.022601439928422673,54.76506989546226,0.02413764639801963,64.05335829179717,cash,0.0,0.0,1.5,True,0.0,2.0,5.0,1.H00852,1.5,1.0,1.5
2025-03-17,0.0001211499702025165,54.77170468204824,0.004142022473127227,64.31866874132106,cash,0.0,0.0,1.5,True,0.0,3.0,6.0,1.H00852,1.5,1.0,1.5
2025-03-18,0.0001211499702025165,54.778340272438406,0.005029322509462197,64.64214806980043,cash,0.0,0.0,1.5,True,0.0,4.0,7.0,1.H00852,1.5,1.0,1.5
2025-03-19,0.0001211499702025165,54.78497666673015,-0.013748320058101893,63.7534271288936,cash,0.0,0.0,1.5,True,0.0,5.0,8.0,1.H00016,1.5,1.0,1.5
2025-03-20,0.0001211499702025165,54.79161386502087,-0.01577321025889611,62.747830918064345,cash,0.0,0.0,1.5,True,0.0,0.0,9.0,1.H00016,1.5,1.0,1.5
2025-03-21,0.0001211499702025165,54.79825186740796,-0.025159314128584076,61.16913852910948,cash,0.0,0.0,1.5,True,0.0,0.0,10.0,cash,0.0,0.0,1.5
2025-03-24,0.0001211499702025165,54.80489067398885,-0.0013790317547527353,61.08478434466697,cash,0.0,0.0,1.5,True,0.0,1.0,11.0,1.H20955,1.5,1.0,1.5
2025-03-25,0.0001211499702025165,54.81153028486096,0.01144762509239583,61.78406005469457,cash,0.0,0.0,1.5,True,0.0,2.0,12.0,1.H20955,1.5,1.0,1.5
2025-03-26,0.0001211499702025165,54.81817070012172,-0.0009706589660924969,61.72408880284088,cash,0.0,0.0,1.5,True,0.0,3.0,13.0,1.H20955,1.5,1.0,1.5
2025-03-27,0.0001211499702025165,54.824811919868594,-0.001978275856995948,61.60198152816715,cash,0.0,0.0,1.5,True,0.0,4.0,14.0,cash,0.0,0.0,1.5
2025-03-28,0.0001211499702025165,54.83145394419905,-0.0013790317547527353,61.51703043948412,cash,0.0,0.0,1.5,True,0.0,5.0,15.0,1.H20955,1.5,1.0,1.5
2025-03-31,0.0001211499702025165,54.838096773210545,-0.005933070722240363,61.15204554726444,cash,0.0,0.0,1.5,True,0.0,6.0,16.0,cash,0.0,0.0,1.5
2025-04-01,0.0001211499702025165,54.84474040700058,-0.0013790317547527353,61.06771493458668,cash,0.0,0.0,1.5,True,0.0,7.0,17.0,1.H20955,1.5,1.0,1.5
2025-04-02,0.0001211499702025165,54.85138484566665,0.001970087366446549,61.18802366827707,cash,0.0,0.0,1.5,True,0.0,8.0,18.0,1.H20955,1.5,1.0,1.5
2025-04-03,0.0001211499702025165,54.85803008930627,0.006265190827110967,61.571378312892605,cash,0.0,0.0,1.5,True,0.0,9.0,19.0,1.H20955,1.5,1.0,1.5
2025-04-07,0.0001211499702025165,54.864676138016954,-0.09485432564259433,55.73106674413812,cash,0.0,0.0,1.5,True,0.0,10.0,0.0,cash,0.0,0.0,1.5
2025-04-08,0.0001211499702025165,54.87132299189624,0.0001211499702025165,55.73781856121352,cash,0.0,0.0,1.5,False,1.0,0.0,0.0,cash,0.0,0.0,1.5
2025-04-09,0.0001211499702025165,54.877970651041686,0.0001211499702025165,55.744571196271366,cash,0.0,0.0,1.5,False,1.0,0.0,0.0,cash,0.0,0.0,1.5
2025-04-10,0.0001211499702025165,54.884619115550834,0.0001211499702025165,55.75132464941075,cash,0.0,0.0,1.5,False,1.0,0.0,0.0,cash,0.0,0.0,1.5
2025-04-11,0.0001211499702025165,54.89126838552126,0.0001211499702025165,55.758078920730775,cash,0.0,0.0,1.5,False,1.0,1.0,1.0,cash,0.0,0.0,1.5
2025-04-14,0.0001211499702025165,54.897918461050544,0.0001211499702025165,55.764834010330574,cash,0.0,0.0,1.5,False,1.0,2.0,2.0,cash,0.0,0.0,1.5
2025-04-15,0.0001211499702025165,54.90456934223628,0.0001211499702025165,55.771589918309274,cash,0.0,0.0,1.5,True,0.0,3.0,3.0,cash,0.0,0.0,1.5
2025-04-16,-0.0013790317547527353,54.82885419763231,-0.0013790317547527353,55.69467912479888,1.H11077,1.5,1.0,1.5,True,0.0,4.0,4.0,1.H11077,1.5,1.0,1.5
2025-04-17,-0.002207006542091716,54.707846557722746,-0.002207006542091716,55.57176060361075,cash,0.0,0.0,1.5,True,0.0,5.0,5.0,cash,0.0,0.0,1.5
2025-04-18,0.0001211499702025165,54.71447441170306,0.0001211499702025165,55.57849312075198,cash,0.0,0.0,1.5,True,0.0,6.0,6.0,cash,0.0,0.0,1.5
2025-04-21,0.0001211499702025165,54.721103068647686,0.0001211499702025165,55.58522645353746,cash,0.0,0.0,1.5,True,0.0,7.0,7.0,cash,0.0,0.0,1.5
2025-04-22,0.0001211499702025165,54.7277325286539,0.0001211499702025165,55.591960602066,cash,0.0,0.0,1.5,True,0.0,8.0,8.0,cash,0.0,0.0,1.5
2025-04-23,0.0001211499702025165,54.734362791819,0.0001211499702025165,55.59869556643644,cash,0.0,0.0,1.5,False,1.0,0.0,0.0,cash,0.0,0.0,1.5
2025-04-24,0.0001211499702025165,54.74099385824029,0.0001211499702025165,55.605431346747615,cash,0.0,0.0,1.5,False,1.0,0.0,1.0,cash,0.0,0.0,1.5
2025-04-25,0.0001211499702025165,54.747625728015066,0.0001211499702025165,55.61216794309837,cash,0.0,0.0,1.5,False,1.0,1.0,2.0,cash,0.0,0.0,1.5
2025-04-28,0.0001211499702025165,54.754258401240676,0.0001211499702025165,55.61890535558757,cash,0.0,0.0,1.5,False,1.0,2.0,3.0,cash,0.0,0.0,1.5
2025-04-29,0.0001211499702025165,54.76089187801445,0.0001211499702025165,55.6256435843141,cash,0.0,0.0,1.5,True,0.0,3.0,4.0,cash,0.0,0.0,1.5
2025-04-30,0.0001211499702025165,54.76752615843373,0.0001211499702025165,55.632382629376835,cash,0.0,0.0,1.5,True,0.0,0.0,5.0,cash,0.0,0.0,1.5
2025-05-06,0.0001211499702025165,54.774161242595895,0.0001211499702025165,55.639122490874676,cash,0.0,0.0,1.5,False,1.0,0.0,0.0,cash,0.0,0.0,1.5
2025-05-07,0.0001211499702025165,54.7807971305983,0.0001211499702025165,55.64586316890654,cash,0.0,0.0,1.5,False,1.0,0.0,0.0,cash,0.0,0.0,1.5
2025-05-08,-0.0013790317547527353,54.70525267180454,-0.0013790317547527353,55.56912575657599,0.399606,1.5,1.0,1.5,False,1.0,0.0,0.0,0.399606,1.5,1.0,1.5
2025-05-09,-0.013112055451542037,53.98795436528122,-0.013112055451542037,54.84050029826206,0.399606,1.5,1.0,1.5,False,1.0,0.0,0.0,0.399606,1.5,1.0,1.5
2025-05-12,0.039417210572687544,56.11600893088615,0.039417210572687544,57.00215984643019,0.399606,1.5,1.0,1.5,False,1.0,0.0,0.0,0.399606,1.5,1.0,1.5
2025-05-13,-0.001836613648604768,56.01294550297846,-0.001836613648604768,56.89746890165628,0.399606,1.5,1.0,1.5,False,1.0,0.0,0.0,0.399606,1.5,1.0,1.5
2025-05-14,0.015123056394844347,56.86003243666135,0.015123056394844347,57.757932532579936,0.399606,1.5,1.0,1.5,False,1.0,0.0,0.0,0.399606,1.5,1.0,1.5
2025-05-15,-0.028736208331377133,55.226090698832586,-0.028736208331377133,56.0981885505341,0.399606,1.5,1.0,1.5,False,1.0,1.0,1.0,0.399606,1.5,1.0,1.5
2025-05-16,-0.0028492619005109354,55.06873710269024,-0.0028492619005109354,55.93835011920938,0.399606,1.5,1.0,1.5,False,1.0,0.0,2.0,0.399606,1.5,1.0,1.5
2025-05-19,-0.004685851811038422,54.810693161206004,-0.004685851811038422,55.676231299996786,0.399606,1.5,1.0,1.5,False,1.0,0.0,3.0,0.399606,1.5,1.0,1.5
2025-05-20,0.011565201072325948,55.44458984852891,0.011565201072325948,56.320138109930575,0.399606,1.5,1.0,1.5,False,1.0,0.0,4.0,0.399606,1.5,1.0,1.5
2025-05-21,0.011014820475510945,56.055302052048795,0.012533620906871157,57.02603337042307,cash,0.0,0.0,1.5,True,0.0,0.0,5.0,0.399606,1.5,1.0,1.5
2025-05-22,0.0001211499702025165,56.0620931502221,-0.014337869424609573,56.20840155015452,cash,0.0,0.0,1.5,True,0.0,1.0,6.0,0.399606,1.5,1.0,1.5
2025-05-23,0.0001211499702025165,56.068885071136734,-0.017299351129690277,55.23603267529977,cash,0.0,0.0,1.5,True,0.0,2.0,7.0,0.399606,1.5,1.0,1.5
2025-05-26,0.0001211499702025165,56.07567781489239,-0.011253196794429265,54.6144507294611,cash,0.0,0.0,1.5,True,0.0,3.0,8.0,0.399606,1.5,1.0,1.5
2025-05-27,0.0001211499702025165,56.082471381588746,-0.010088138904880806,54.063492564288524,cash,0.0,0.0,1.5,True,0.0,4.0,9.0,0.399606,1.5,1.0,1.5
2025-05-28,0.0001211499702025165,56.08926577132551,-0.0041546405266021935,53.83887818707127,cash,0.0,0.0,1.5,True,0.0,5.0,10.0,0.399606,1.5,1.0,1.5
2025-05-29,0.0001211499702025165,56.09606098420238,0.01959887438604624,54.894059597745326,cash,0.0,0.0,1.5,False,1.0,0.0,0.0,cash,0.0,0.0,1.5
2025-05-30,0.0001211499702025165,56.1028570203191,0.0001211499702025165,54.90071001142989,cash,0.0,0.0,1.5,False,1.0,0.0,0.0,cash,0.0,0.0,1.5
2025-06-03,0.0001211499702025165,56.10965387977539,0.0001211499702025165,54.907361230811865,cash,0.0,0.0,1.5,False,1.0,1.0,1.0,cash,0.0,0.0,1.5
2025-06-04,-0.0013790317547527353,56.03227688532699,-0.0013790317547527353,54.8316422361049,0.399606,1.5,1.0,1.5,False,1.0,0.0,0.0,0.399606,1.5,1.0,1.5
2025-06-05,0.015961214826553993,56.92662009391465,0.015961214826553993,55.70682185712812,cash,0.0,0.0,1.5,False,1.0,0.0,0.0,cash,0.0,0.0,1.5
2025-06-06,0.0001211499702025165,56.93351675224276,0.0001211499702025165,55.713570736936184,cash,0.0,0.0,1.5,False,1.0,0.0,0.0,cash,0.0,0.0,1.5
2025-06-09,0.0001211499702025165,56.940414246100815,0.0001211499702025165,55.72032043437084,cash,0.0,0.0,1.5,False,1.0,0.0,0.0,cash,0.0,0.0,1.5
2025-06-10,0.0001211499702025165,56.94731257559005,0.0001211499702025165,55.72707094953114,cash,0.0,0.0,1.5,False,1.0,0.0,0.0,cash,0.0,0.0,1.5
2025-06-11,0.0001211499702025165,56.954211740811694,0.0001211499702025165,55.73382228251615,cash,0.0,0.0,1.5,False,1.0,0.0,0.0,cash,0.0,0.0,1.5
2025-06-12,0.0001211499702025165,56.961111741867,0.0001211499702025165,55.74057443342495,cash,0.0,0.0,1.5,False,1.0,0.0,0.0,cash,0.0,0.0,1.5
2025-06-13,0.0001211499702025165,56.96801257885723,0.0001211499702025165,55.74732740235663,cash,0.0,0.0,1.5,False,1.0,0.0,0.0,cash,0.0,0.0,1.5
2025-06-16,0.0001211499702025165,56.97491425188365,0.0001211499702025165,55.7540811894103,cash,0.0,0.0,1.5,False,1.0,1.0,0.0,cash,0.0,0.0,1.5
2025-06-17,0.0001211499702025165,56.98181676104756,0.0001211499702025165,55.760835794685065,cash,0.0,0.0,1.5,False,1.0,2.0,0.0,cash,0.0,0.0,1.5
2025-06-18,0.0001211499702025165,56.988720106450245,0.0001211499702025165,55.76759121828006,cash,0.0,0.0,1.5,True,0.0,3.0,0.0,cash,0.0,0.0,1.5
2025-06-19,0.0001211499702025165,56.99562428819302,0.0001211499702025165,55.77434746029442,cash,0.0,0.0,1.5,True,0.0,4.0,0.0,cash,0.0,0.0,1.5
2025-06-20,0.0001211499702025165,57.00252930637721,0.0001211499702025165,55.7811045208273,cash,0.0,0.0,1.5,True,0.0,5.0,1.0,cash,0.0,0.0,1.5
2025-06-23,0.0001211499702025165,57.00943516110415,0.0001211499702025165,55.78786239997786,cash,0.0,0.0,1.5,True,0.0,6.0,2.0,cash,0.0,0.0,1.5
2025-06-24,-0.0013790317547527353,56.93081733969647,-0.0013790317547527353,55.71092916619852,0.399606,1.5,1.0,1.5,False,1.0,0.0,0.0,0.399606,1.5,1.0,1.5
2025-06-25,0.046857149196347425,59.59843314165263,0.046857149196347425,58.321384486006224,0.399606,1.5,1.0,1.5,False,1.0,0.0,0.0,0.399606,1.5,1.0,1.5
2025-06-26,-0.00990140508206494,59.00832491286076,-0.00990140508206494,57.74392083326342,0.399606,1.5,1.0,1.5,False,1.0,0.0,0.0,0.399606,1.5,1.0,1.5
2025-06-27,0.0069774315332344905,59.4200514598311,0.0069774315332344905,58.14682508733802,0.399606,1.5,1.0,1.5,False,1.0,0.0,0.0,0.399606,1.5,1.0,1.5
2025-06-30,0.02032903927464469,60.628004019659414,0.02032903927464469,59.328894178234414,0.399606,1.5,1.0,1.5,False,1.0,0.0,0.0,0.399606,1.5,1.0,1.5
2025-07-01,-0.0035886229665538227,60.41043297201815,-0.0035886229665538227,59.11598514600616,0.399606,1.5,1.0,1.5,False,1.0,0.0,0.0,0.399606,1.5,1.0,1.5
2025-07-02,-0.016959350729001232,59.38591125155487,-0.016959350729001232,58.11341642022462,0.399606,1.5,1.0,1.5,False,1.0,0.0,1.0,0.399606,1.5,1.0,1.5
2025-07-03,0.028450512660093796,61.075470871448445,0.028450512660093796,59.76677290980952,0.399606,1.5,1.0,1.5,False,1.0,1.0,2.0,0.399606,1.5,1.0,1.5
2025-07-04,-0.0053756343198831935,60.74715147412886,-0.0053756343198831935,59.44548859416688,0.399606,1.5,1.0,1.5,False,1.0,0.0,0.0,0.399606,1.5,1.0,1.5
2025-07-07,-0.01818219932674303,59.6426346574944,-0.01818219932674303,58.36463887147211,0.399606,1.5,1.0,1.5,False,1.0,1.0,1.0,0.399606,1.5,1.0,1.5
2025-07-08,0.035779079331065056,61.77659321441862,0.035779079331065056,60.452871915783476,0.399606,1.5,1.0,1.5,False,1.0,0.0,0.0,0.399606,1.5,1.0,1.5
2025-07-09,0.002476528074347062,61.929584681851644,0.002476528074347062,60.60258515025782,0.399606,1.5,1.0,1.5,False,1.0,0.0,0.0,0.399606,1.5,1.0,1.5
2025-07-10,0.003304101294137496,62.134206302744346,0.003304101294137496,60.80282223028087,0.399606,1.5,1.0,1.5,False,1.0,0.0,1.0,0.399606,1.5,1.0,1.5
2025-07-11,0.012042493107561114,62.88245705388893,0.012042493107561114,61.535039797909285,0.399606,1.5,1.0,1.5,False,1.0,0.0,0.0,0.399606,1.5,1.0,1.5
2025-07-14,-0.006862446165320946,62.45092957761351,-0.006862446165320946,61.11275890001525,0.399606,1.5,1.0,1.5,False,1.0,1.0,1.0,0.399606,1.5,1.0,1.5
2025-07-15,0.025869709727490697,64.06651699799833,0.025869709727490697,62.69372823340477,0.399606,1.5,1.0,1.5,False,1.0,0.0,0.0,0.399606,1.5,1.0,1.5
2025-07-16,-0.003258157685390062,63.85777818326513,-0.003258157685390062,62.48946218093535,0.399606,1.5,1.0,1.5,False,1.0,1.0,1.0,0.399606,1.5,1.0,1.5
2025-07-17,0.026286150270380393,65.53635333652306,0.026286150270380393,64.13206957413867,0.399606,1.5,1.0,1.5,False,1.0,0.0,0.0,0.399606,1.5,1.0,1.5
2025-07-18,0.005156057687471627,65.8742625549527,0.005156057687471627,64.46273822447988,0.399606,1.5,1.0,1.5,False,1.0,1.0,0.0,0.399606,1.5,1.0,1.5
2025-07-21,0.012938785864770264,66.72659553215088,0.012938785864770264,65.29680779062316,0.399606,1.5,1.0,1.5,False,1.0,0.0,0.0,0.399606,1.5,1.0,1.5
2025-07-22,0.00906056796200172,67.33117638584294,0.00906056796200172,65.88843395531187,0.399606,1.5,1.0,1.5,False,1.0,0.0,0.0,0.399606,1.5,1.0,1.5
2025-07-23,-0.00017793439830415814,67.31919585348561,-0.00017793439830415814,65.87671013646083,0.399606,1.5,1.0,1.5,False,1.0,0.0,0.0,0.399606,1.5,1.0,1.5
2025-07-24,0.022462458601878232,68.83135050345626,0.022462458601878232,67.35646301072902,0.399606,1.5,1.0,1.5,False,1.0,0.0,0.0,0.399606,1.5,1.0,1.5
2025-07-25,-0.003454384029862423,68.59358058552326,-0.003454384029862423,67.12378792059674,0.399606,1.5,1.0,1.5,False,1.0,0.0,0.0,0.399606,1.5,1.0,1.5
2025-07-28,0.014385680848257643,69.58034594406584,0.014385680848257643,68.08940931094858,0.399606,1.5,1.0,1.5,False,1.0,0.0,0.0,0.399606,1.5,1.0,1.5
2025-07-29,0.02787333714006479,71.51978238488712,0.02787333714006479,69.98728837234052,0.399606,1.5,1.0,1.5,False,1.0,0.0,0.0,0.399606,1.5,1.0,1.5
2025-07-30,-0.02431155914833716,69.78102496516074,-0.02431155914833716,68.28578827144463,0.399606,1.5,1.0,1.5,False,1.0,0.0,0.0,0.399606,1.5,1.0,1.5
2025-07-31,-0.02500215841770448,68.036348724432,-0.02500215841770448,66.57849617540414,0.399606,1.5,1.0,1.5,False,1.0,0.0,0.0,0.399606,1.5,1.0,1.5
2025-08-01,-0.003723841757116819,67.7829921280502,-0.003723841757116819,66.33056839122013,0.399606,1.5,1.0,1.5,False,1.0,1.0,0.0,0.399606,1.5,1.0,1.5
2025-08-04,0.004465767765511108,68.08569522934553,0.004465767765511108,66.62678530540967,1.H00905,1.5,1.0,1.5,False,1.0,2.0,1.0,1.H00905,1.5,1.0,1.5
2025-08-05,0.009893292456723213,68.75928692436877,0.009893292456723213,67.2859435778874,1.H00905,1.5,1.0,1.5,False,1.0,0.0,0.0,1.H00905,1.5,1.0,1.5
2025-08-06,0.009818474236151786,69.43439821153184,0.009818474236151786,67.94658888136205,1.H00852,1.5,1.0,1.5,False,1.0,0.0,0.0,1.H00852,1.5,1.0,1.5
2025-08-07,0.00016606577976396864,69.44592888901329,0.00016606577976396864,67.95787248462693,1.H00852,1.5,1.0,1.5,False,1.0,0.0,0.0,1.H00852,1.5,1.0,1.5
2025-08-08,-0.005272525083424462,69.07977348700426,-0.005272525083424462,67.59956289733557,1.H00852,1.5,1.0,1.5,False,1.0,0.0,0.0,1.H00852,1.5,1.0,1.5
2025-08-11,0.02317401172627176,70.68062896784029,0.02317401172627176,69.16611596060928,1.H00852,1.5,1.0,1.5,False,1.0,0.0,0.0,1.H00852,1.5,1.0,1.5
2025-08-12,0.004192176444713924,70.97693463569684,0.004192176444713924,69.4560725227117,1.H00852,1.5,1.0,1.5,False,1.0,0.0,0.0,1.H00852,1.5,1.0,1.5
2025-08-13,0.021664713390674883,72.51462958192788,0.021664713390674883,70.96081842715817,1.H00852,1.5,1.0,1.5,False,1.0,0.0,0.0,1.H00852,1.5,1.0,1.5
2025-08-14,-0.01869383963516802,71.15905272531971,-0.01869383963516802,69.6342882671006,1.H00852,1.5,1.0,1.5,False,1.0,0.0,0.0,1.H00852,1.5,1.0,1.5
2025-08-15,0.030293591291377098,73.3147159852621,0.030293591291377098,71.74376093573008,1.H00852,1.5,1.0,1.5,False,1.0,0.0,0.0,1.H00852,1.5,1.0,1.5
2025-08-18,0.02217324770511886,74.94034134323375,0.02217324770511886,73.33455311825486,0.399606,1.5,1.0,1.5,False,1.0,0.0,0.0,0.399606,1.5,1.0,1.5
2025-08-19,-0.002625646994424913,74.74357446122471,-0.002625646994424913,73.14200246927243,0.399606,1.5,1.0,1.5,False,1.0,0.0,0.0,0.399606,1.5,1.0,1.5
2025-08-20,0.00428093639594751,75.06354694949898,0.00428093639594751,73.45511872971562,0.399606,1.5,1.0,1.5,False,1.0,0.0,0.0,0.399606,1.5,1.0,1.5
2025-08-21,-0.007071134998405282,74.53276247555995,-0.007071134998405282,72.93570766885391,0.399606,1.5,1.0,1.5,False,1.0,0.0,0.0,0.399606,1.5,1.0,1.5
2025-08-22,0.050272367333903833,78.2797008891419,0.050272367333903833,76.60235835654076,0.399606,1.5,1.0,1.5,False,1.0,0.0,0.0,0.399606,1.5,1.0,1.5
2025-08-25,0.04491512611314885,81.79564352667728,0.04491512611314885,80.04296294268941,0.399606,1.5,1.0,1.5,False,1.0,0.0,0.0,0.399606,1.5,1.0,1.5
2025-08-26,-0.011370780000959924,80.8655632590985,-0.011370780000959924,79.13281202044311,0.399606,1.5,1.0,1.5,False,1.0,0.0,0.0,0.399606,1.5,1.0,1.5
2025-08-27,-0.010413957254707507,80.02343273994039,-0.010413957254707507,78.30872629861742,0.399606,1.5,1.0,1.5,False,1.0,0.0,0.0,0.399606,1.5,1.0,1.5
2025-08-28,0.057211618466756375,84.601702842258,0.057211618466756375,82.78889527023156,0.399606,1.5,1.0,1.5,False,1.0,0.0,0.0,0.399606,1.5,1.0,1.5
2025-08-29,0.033353391998774296,87.42345660091965,0.033353391998774296,85.55018574732507,0.399606,1.5,1.0,1.5,False,1.0,1.0,0.0,0.399606,1.5,1.0,1.5
2025-09-01,0.03432264024172893,90.42406045052142,0.03432264024172893,88.4864939953436,0.399606,1.5,1.0,1.5,False,1.0,2.0,0.0,0.399606,1.5,1.0,1.5
2025-09-02,-0.04419419632949195,86.42784177006124,-0.04419419632949195,84.57590450720497,cash,0.0,0.0,1.5,False,1.0,0.0,0.0,cash,0.0,0.0,1.5
2025-09-03,-0.0013790317547527353,86.30865503176558,-0.0013790317547527353,84.45927164920259,0.399606,1.5,1.0,1.5,False,1.0,1.0,1.0,0.399606,1.5,1.0,1.5
2025-09-04,-0.0637597941489274,80.80563295366942,-0.0637597941489274,79.07416587488109,0.399606,1.5,1.0,1.5,False,1.0,2.0,2.0,0.399606,1.5,1.0,1.5
2025-09-05,0.09685045730766317,88.63169545826747,0.0984527374002706,86.8592339629062,cash,0.0,0.0,1.4963148555911727,True,0.0,3.0,3.0,0.399606,1.4586096598761453,1.0,1.4586096598761453
2025-09-08,0.0001211499702025165,88.64243318553125,-0.0125021563452552,85.77330623987285,cash,0.0,0.0,1.3359993843786004,True,0.0,4.0,4.0,0.399606,1.3069619457310477,1.0,1.3069619457310477
2025-09-09,0.0001211499702025165,88.65317221367035,-0.029127697269389796,83.27492734192317,cash,0.0,0.0,1.3368412014680502,True,0.0,5.0,5.0,0.399606,1.3024014056624567,1.0,1.3024014056624567
2025-09-10,0.0001211499702025165,88.6639125428424,0.01651539352206477,84.65024553749639,cash,0.0,0.0,1.3383768086158219,True,0.0,6.0,6.0,0.399606,1.2791040522527328,1.0,1.2791040522527328
2025-09-11,0.0001211499702025165,88.674654173205,0.06579766351471772,90.22003390981081,cash,0.0,0.0,1.3381323035430992,True,0.0,7.0,7.0,0.399606,1.2767775479545076,1.0,1.2767775479545076
2025-09-12,0.0001211499702025165,88.68539710491581,-0.014039985773378616,88.95334591724333,cash,0.0,0.0,1.338154465286795,True,0.0,8.0,8.0,0.399606,1.2038009629546307,1.0,1.2038009629546307
2025-09-15,0.0001211499702025165,88.69614133813246,0.018210323953540053,90.57321516314764,cash,0.0,0.0,1.338154465286795,True,0.0,9.0,9.0,0.399606,1.202592280786256,1.0,1.202592280786256
2025-09-16,0.0001211499702025165,88.70688687301265,0.008182671296617539,91.31434601110548,cash,0.0,0.0,1.338154465286795,True,0.0,10.0,10.0,0.399606,1.2067512371791183,1.0,1.2067512371791183
2025-09-17,0.0001211499702025165,88.71763370971408,0.023678478472645148,93.47653078737312,cash,0.0,0.0,1.338154465286795,True,0.0,0.0,11.0,0.399606,1.2110858463201861,1.0,1.2110858463201861
2025-09-18,-0.001217166612457965,88.60964956802634,-0.01984249146618522,91.62172352293607,0.399606,1.338154465286795,1.0,1.338154465286795,False,1.0,0.0,0.0,0.399606,1.2086203951678989,1.0,1.2086203951678989
2025-09-19,-0.002078581805730839,88.42546716262206,-0.0018774767839320194,91.44970586411792,0.399606,1.338154465286795,1.0,1.338154465286795,False,1.0,1.0,1.0,0.399606,1.196768088752298,1.0,1.196768088752298
2025-09-22,0.007269002493321963,89.06823210390031,0.006513007709985752,92.04531850348684,0.399606,1.3374973335894325,1.0,1.3374973335894325,False,1.0,2.0,2.0,0.399606,1.1981200944196464,1.0,1.1981200944196464
2025-09-23,0.001544122414007143,89.20576435746794,0.0013961831632198773,92.17383062743463,cash,0.0,0.0,1.338109660261691,False,1.0,0.0,0.0,cash,0.0,0.0,1.1987447650083236
2025-09-24,0.0001211499702025165,89.21657163316173,0.0001211499702025165,92.18499748426859,cash,0.0,0.0,1.3386332001976278,False,1.0,1.0,1.0,cash,0.0,0.0,1.1991926265024433
2025-09-25,0.0001211499702025165,89.22738021815667,0.0001211499702025165,92.19616569396693,cash,0.0,0.0,1.3386332001976278,False,1.0,2.0,0.0,cash,0.0,0.0,1.1991926265024433
2025-09-26,0.0001211499702025165,89.23819011261135,0.0001211499702025165,92.20733525669354,cash,0.0,0.0,1.3402906547990188,True,0.0,3.0,1.0,cash,0.0,0.0,1.199982217797921
2025-09-29,0.0001211499702025165,89.24900131668441,-0.0010789776254053196,92.10784560505331,cash,0.0,0.0,1.3402906547990188,True,0.0,4.0,2.0,1.H00905,1.199982217797921,1.0,1.199982217797921
2025-09-30,0.0001211499702025165,89.25981383053454,0.010124170319020687,93.04036112167694,cash,0.0,0.0,1.3402906547990188,True,0.0,5.0,3.0,1.H00905,1.199982217797921,1.0,1.199982217797921
2025-10-09,0.0001211499702025165,89.27062765432039,0.022082391945502655,95.09491484271692,cash,0.0,0.0,1.3402906547990188,True,0.0,6.0,0.0,1.H00905,1.2002043570840897,1.0,1.2002043570840897
2025-10-10,0.0001211499702025165,89.28144278820068,-0.025140100739997173,92.70421910370956,cash,0.0,0.0,1.3402906547990188,True,0.0,7.0,1.0,cash,0.0,0.0,1.1954903298968058
2025-10-13,0.0001211499702025165,89.2922592323341,0.0001211499702025165,92.71545021709163,cash,0.0,0.0,1.3402906547990188,True,0.0,8.0,2.0,cash,0.0,0.0,1.1784345200909512
2025-10-14,0.0001211499702025165,89.30307698687942,0.0001211499702025165,92.72668269112275,cash,0.0,0.0,1.3402906547990188,False,1.0,0.0,3.0,cash,0.0,0.0,1.1784345200909512
2025-10-15,0.0001211499702025165,89.31389605199537,0.0001211499702025165,92.73791652596775,cash,0.0,0.0,1.3402906547990188,False,1.0,1.0,4.0,cash,0.0,0.0,1.1784345200909512
2025-10-16,0.0001211499702025165,89.32471642784074,0.0001211499702025165,92.7491517217915,cash,0.0,0.0,1.3402906547990188,True,0.0,2.0,5.0,cash,0.0,0.0,1.1784345200909512
2025-10-17,0.0001211499702025165,89.33553811457432,0.0001211499702025165,92.76038827875891,cash,0.0,0.0,1.3402906547990188,True,0.0,3.0,6.0,cash,0.0,0.0,1.1784345200909512
2025-10-20,0.0001211499702025165,89.34636111235493,0.0001211499702025165,92.77162619703486,cash,0.0,0.0,1.3402906547990188,True,0.0,4.0,7.0,cash,0.0,0.0,1.1784345200909512
2025-10-21,0.0001211499702025165,89.3571854213414,0.0001211499702025165,92.78286547678427,cash,0.0,0.0,1.3402906547990188,True,0.0,5.0,8.0,cash,0.0,0.0,1.1784345200909512
2025-10-22,0.0001211499702025165,89.36801104169257,-0.0010574273171953807,92.68475434026145,cash,0.0,0.0,1.3402906547990188,True,0.0,6.0,9.0,1.H20955,1.1784345200909512,1.0,1.1784345200909512
2025-10-23,0.0001211499702025165,89.37883797356733,0.007436408114000814,93.37399599948154,cash,0.0,0.0,1.3402906547990188,True,0.0,7.0,10.0,1.H20955,1.1784345200909512,1.0,1.1784345200909512
2025-10-24,0.0001211499702025165,89.38966621712456,-0.008086040484142298,92.61897008766358,cash,0.0,0.0,1.3717223687529352,True,0.0,8.0,0.0,1.H20955,1.1988371857332591,1.0,1.1988371857332591
2025-10-27,-0.0012548851330672628,89.27749245393885,0.003603436414279404,92.95271665713052,1.H20955,1.3758684168520872,1.0,1.3758684168520872,False,1.0,0.0,0.0,1.H20955,1.1986621394312915,1.0,1.1986621394312915
2025-10-28,-0.00672550598912558,88.67705614374577,-0.005843260846714271,92.40956968729219,1.H20955,1.3753128741940706,1.0,1.3753128741940706,False,1.0,0.0,0.0,1.H20955,1.1986046631513128,1.0,1.1986046631513128
2025-10-29,-0.001101371494581005,88.5793897618857,-0.0009432807793225972,92.3224015163807,1.H20955,1.3765429090523373,1.0,1.3765429090523373,False,1.0,0.0,0.0,1.H20955,1.1986614955218435,1.0,1.1986614955218435
2025-10-30,-0.00020872900106505554,88.56090067434575,-0.000166014201990472,92.3070746865671,1.H20955,1.3772639263335629,1.0,1.3772639263335629,False,1.0,0.0,0.0,1.H20955,1.1992025487955427,1.0,1.1992025487955427
2025-10-31,-0.0002181722908828343,88.54157913976297,-0.0001727777876947556,92.29112607441418,1.H20955,1.3866432464027936,1.0,1.3866432464027936,False,1.0,0.0,0.0,1.H20955,1.2058438708207293,1.0,1.2058438708207293
2025-11-03,0.012975263414565008,89.69042945224295,0.011302354317103802,93.33423308163171,1.H20955,1.3970792746830862,1.0,1.3970792746830862,False,1.0,0.0,0.0,1.H20955,1.2118767523445941,1.0,1.2118767523445941
2025-11-04,0.004010771324251428,90.0501572547498,0.0034947481734541874,93.66041272221449,1.H20955,1.3977838580310407,1.0,1.3977838580310407,False,1.0,0.0,1.0,1.H20955,1.2128859493396562,1.0,1.2128859493396562
2025-11-05,0.002542645490279938,90.27912288099259,0.0022242359581203797,93.86873558004363,1.H20955,1.409548422445924,1.0,1.409548422445924,False,1.0,0.0,2.0,1.H20955,1.2211975587889257,1.0,1.2211975587889257
2025-11-06,0.007475066950612286,90.95396536877057,0.006497821982109242,94.47867791352844,1.H20955,1.4295255321277853,1.0,1.4295255321277853,False,1.0,0.0,3.0,1.H20955,1.233135282588447,1.0,1.233135282588447
2025-11-07,0.006436098766919196,91.53935407312693,0.005568377952966719,95.00477090064759,1.H20955,1.4295265197493563,1.0,1.4295265197493563,False,1.0,0.0,4.0,1.H20955,1.2332993982828793,1.0,1.2332993982828793
2025-11-10,0.011689367851548838,92.60939125578089,0.011350803637240503,96.08315139974185,cash,0.0,0.0,1.4295658865843404,True,0.0,0.0,5.0,1.H20955,1.2334272172204546,1.0,1.2334272172204546
2025-11-11,0.0001211499702025165,92.620610880772,0.00098170010962928,96.17747624000451,cash,0.0,0.0,1.428978331373709,True,0.0,0.0,6.0,1.H20955,1.2331014651024044,1.0,1.2331014651024044
2025-11-12,0.0001211499702025165,92.63183186502035,0.004144017213113305,96.57603735705689,cash,0.0,0.0,1.4317025322909136,True,0.0,0.0,7.0,1.H20955,1.2352344224067617,1.0,1.2352344224067617
2025-11-13,0.0001211499702025165,92.6430542086906,0.0008269679867214386,96.6559026482356,cash,0.0,0.0,1.4407113958326205,True,0.0,0.0,8.0,1.H20955,1.2407300930132297,1.0,1.2407300930132297
2025-11-14,0.0001211499702025165,92.65427791194746,-0.006634399568348881,96.01464876942777,cash,0.0,0.0,1.4417422091761858,True,0.0,0.0,9.0,1.H20955,1.2416419827932044,1.0,1.2416419827932044
2025-11-17,0.0001211499702025165,92.66550297495563,-0.008073015993191879,95.23952097433147,cash,0.0,0.0,1.4516918206341813,True,0.0,0.0,10.0,1.H20955,1.244736908569322,1.0,1.244736908569322
2025-11-18,0.0001211499702025165,92.67672939787984,-0.012309212301863437,94.06719749113064,cash,0.0,0.0,1.451190226581843,True,0.0,1.0,11.0,cash,0.0,0.0,1.241218407302893
2025-11-19,0.0001211499702025165,92.68795718088487,0.0001211499702025165,94.07859372930373,cash,0.0,0.0,1.452306893072673,True,0.0,2.0,12.0,cash,0.0,0.0,1.236869195046839
2025-11-20,0.0001211499702025165,92.69918632413547,0.0001211499702025165,94.08999134813074,cash,0.0,0.0,1.4523334979903915,True,0.0,3.0,13.0,cash,0.0,0.0,1.2366970068175334
2025-11-21,0.0001211499702025165,92.71041682779644,0.0001211499702025165,94.10139034777892,cash,0.0,0.0,1.452396408160415,False,1.0,0.0,0.0,cash,0.0,0.0,1.2367421589417595
2025-11-24,0.0001211499702025165,92.72164869203259,0.0001211499702025165,94.11279072841556,cash,0.0,0.0,1.4597138526109235,False,1.0,1.0,1.0,cash,0.0,0.0,1.2407744811358277
2025-11-25,0.0001211499702025165,92.73288191700875,0.0001211499702025165,94.12419249020799,cash,0.0,0.0,1.4607130557116565,False,1.0,2.0,0.0,cash,0.0,0.0,1.2414642636831397
2025-11-26,0.0001211499702025165,92.7441165028898,0.0001211499702025165,94.13559563332352,cash,0.0,0.0,1.4628211348719926,True,0.0,3.0,0.0,cash,0.0,0.0,1.2424524188780435
2025-11-27,0.0001211499702025165,92.75535244984059,0.0001211499702025165,94.1470001579295,cash,0.0,0.0,1.4764015340961703,True,0.0,4.0,1.0,cash,0.0,0.0,1.250136053091188
2025-11-28,0.0001211499702025165,92.76658975802602,0.0001211499702025165,94.15840606419329,cash,0.0,0.0,1.4959265249031672,True,0.0,5.0,2.0,cash,0.0,0.0,1.2624711571953087
2025-12-01,0.0001211499702025165,92.77782842761098,0.0001211499702025165,94.16981335228228,cash,0.0,0.0,1.5,True,0.0,6.0,0.0,cash,0.0,0.0,1.276064756177722
2025-12-02,0.0001211499702025165,92.78906845876044,0.0001211499702025165,94.18122202236388,cash,0.0,0.0,1.5,True,0.0,7.0,1.0,cash,0.0,0.0,1.2769053419138356
2025-12-03,0.0001211499702025165,92.80030985163934,0.0001211499702025165,94.19263207460553,cash,0.0,0.0,1.5,True,0.0,8.0,2.0,cash,0.0,0.0,1.2766099141239013
2025-12-04,0.0001211499702025165,92.81155260641265,0.0001211499702025165,94.20404350917467,cash,0.0,0.0,1.5,True,0.0,9.0,3.0,cash,0.0,0.0,1.2766242999763517
2025-12-05,0.0001211499702025165,92.82279672324536,0.0001211499702025165,94.21545632623877,cash,0.0,0.0,1.5,True,0.0,10.0,4.0,cash,0.0,0.0,1.2772993595348374
2025-12-08,0.0001211499702025165,92.8340422023025,0.0001211499702025165,94.22687052596531,cash,0.0,0.0,1.5,False,1.0,0.0,0.0,cash,0.0,0.0,1.2772927972542114
2025-12-09,0.0001211499702025165,92.84528904374909,0.0001211499702025165,94.2382861085218,cash,0.0,0.0,1.5,False,1.0,0.0,0.0,cash,0.0,0.0,1.2785545914190477
2025-12-10,0.0001211499702025165,92.85653724775018,0.0001211499702025165,94.24970307407578,cash,0.0,0.0,1.5,False,1.0,0.0,1.0,cash,0.0,0.0,1.283718335216093
2025-12-11,0.0001211499702025165,92.86778681447086,0.0001211499702025165,94.2611214227948,cash,0.0,0.0,1.5,False,1.0,0.0,0.0,cash,0.0,0.0,1.2834114462090334
2025-12-12,-0.0013790317547527353,92.7397191874601,-0.001166998142357878,94.15111886919783,0.399606,1.5,1.0,1.5,False,1.0,0.0,0.0,0.399606,1.287992072359215,1.0,1.287992072359215
2025-12-15,-0.028078690713423615,90.13570929554565,-0.02409783197956661,91.8822810259997,cash,0.0,0.0,1.5,False,1.0,1.0,1.0,cash,0.0,0.0,1.296414945725766
2025-12-16,0.0001211499702025165,90.14662923404099,0.0001211499702025165,91.89341256160814,cash,0.0,0.0,1.5,False,1.0,2.0,2.0,cash,0.0,0.0,1.2921969358195928
2025-12-17,0.0001211499702025165,90.15755049548655,-0.0011788122723148664,91.78508747913563,cash,0.0,0.0,1.5,True,0.0,3.0,0.0,0.399606,1.2998047712080674,1.0,1.2998047712080674
2025-12-18,0.0001211499702025165,90.1684730800426,-0.028212146851928965,89.1956331123571,cash,0.0,0.0,1.5,True,0.0,4.0,1.0,0.399606,1.3002353879696906,1.0,1.3002353879696906
2025-12-19,0.0001211499702025165,90.17939698786945,0.006291762734162987,89.7568308728235,cash,0.0,0.0,1.5,True,0.0,5.0,2.0,0.399606,1.2793000634487035,1.0,1.2793000634487035
2025-12-22,-0.0013790317547527353,90.05503673579872,0.02591035011611864,92.08246178605161,1.H00905,1.5,1.0,1.5,False,1.0,0.0,3.0,1.H00905,1.2806643766620351,1.0,1.2806643766620351
2025-12-23,0.00018098271220434725,90.07133514059483,0.00015078706661819652,92.0963466303513,1.H00905,1.5,1.0,1.5,False,1.0,0.0,0.0,1.H00905,1.3021073612007668,1.0,1.3021073612007668
2025-12-24,0.019662350201812062,91.84234927527399,0.01705276648061016,93.66684412315601,1.H00905,1.5,1.0,1.5,False,1.0,0.0,0.0,1.H00905,1.333121442125377,1.0,1.333121442125377
2025-12-25,0.011909608883236,92.93615573406005,0.010596350653505837,94.65937084809225,1.H00905,1.5,1.0,1.5,False,1.0,0.0,0.0,1.H00905,1.331375728977703,1.0,1.331375728977703
2025-12-26,0.009679843620207684,93.83576318822902,0.008603528279686579,95.47377542212115,1.H00905,1.5,1.0,1.5,False,1.0,0.0,0.0,1.H00905,1.3331241910342613,1.0,1.3331241910342613
2025-12-29,-0.0057128498853061815,93.29969355926153,-0.005119580929605627,94.9849897021926,1.H00905,1.5,1.0,1.5,False,1.0,0.0,0.0,1.H00905,1.3891746949370896,1.0,1.3891746949370896
2025-12-30,0.005661877916085745,93.82794503380228,0.005233501925671513,95.48209382870893,1.H00905,1.5,1.0,1.5,False,1.0,0.0,0.0,1.H00905,1.4080827938035139,1.0,1.4080827938035139
2025-12-31,0.0012843895002743189,93.94845666123601,0.0011903359297653626,95.59574959564246,1.H00905,1.5,1.0,1.5,False,1.0,0.0,0.0,1.H00905,1.4308276205454717,1.0,1.4308276205454717
2026-01-05,0.03723442072458205,97.44657302298563,0.03547456077759503,98.98696682475283,1.H00905,1.5,1.0,1.5,False,1.0,0.0,0.0,1.H00905,1.4775522720173375,1.0,1.4775522720173375
2026-01-06,0.031882753423045695,100.5534380825983,0.031377676299562784,102.09294782765548,1.H00905,1.5,1.0,1.5,False,1.0,0.0,0.0,1.H00905,1.4486985917257984,1.0,1.4486985917257984
2026-01-07,0.011639202898544365,101.72379995058789,0.011193396367976005,103.23571465906552,1.H00905,1.5,1.0,1.5,False,1.0,0.0,0.0,1.H00905,1.5,1.0,1.5
2026-01-08,0.0036720587522598436,102.09733572050958,0.0036720587522598436,103.61480226862514,1.H00905,1.5,1.0,1.5,False,1.0,0.0,0.0,1.H00905,1.5,1.0,1.5
2026-01-09,0.030816437501655747,105.24361188582623,0.030816437501655747,106.80784134698264,1.H00905,1.5,1.0,1.5,False,1.0,0.0,0.0,1.H00905,1.5,1.0,1.5
2026-01-12,0.03576807633509649,109.00797342953973,0.03576807633509649,110.6281523694684,1.H00905,1.5,1.0,1.5,False,1.0,0.0,0.0,1.H00905,1.5,1.0,1.5
2026-01-13,-0.01930340324425095,106.90374856159073,-0.01930340324425095,108.49265253411411,1.H00905,1.5,1.0,1.5,False,1.0,0.0,0.0,1.H00905,1.5,1.0,1.5
2026-01-14,0.015520085879508372,108.56290392010798,0.015520085879508372,110.17646781873923,1.H00905,1.5,1.0,1.5,False,1.0,0.0,0.0,1.H00905,1.5,1.0,1.5
2026-01-15,-0.0008655308496257064,108.46893937764018,-0.0008655308496257064,110.08110668693931,1.H00905,1.5,1.0,1.5,False,1.0,0.0,0.0,1.H00905,1.5,1.0,1.5
2026-01-16,0.001656018556509764,108.64856595405449,0.001656018556509764,110.263403042334,1.H00905,1.5,1.0,1.5,False,1.0,0.0,0.0,1.H00905,1.5,1.0,1.5
2026-01-19,0.010009948036173055,109.73613245345929,0.010009948036173055,111.36713397707938,1.H00905,1.5,1.0,1.5,False,1.0,1.0,1.0,1.H00905,1.5,1.0,1.5
2026-01-20,-0.007290411256578588,108.93611091816719,-0.007290411256578588,110.55522176991998,1.H00905,1.5,1.0,1.5,False,1.0,2.0,2.0,1.H00905,1.5,1.0,1.5
2026-01-21,0.015202033021138206,110.59216127353955,0.016727123706698155,112.40449264088689,cash,0.0,0.0,1.5,True,0.0,3.0,3.0,1.H00905,1.5,1.0,1.5
2026-01-22,0.0001211499702025165,110.60555951058247,0.008478742391170524,113.35754137759919,cash,0.0,0.0,1.5,True,0.0,4.0,4.0,1.H00905,1.5,1.0,1.5
2026-01-23,0.0001211499702025165,110.6189593708214,0.03616693081195277,117.45733573361589,cash,0.0,0.0,1.5,True,0.0,0.0,5.0,1.H00905,1.5,1.0,1.5
2026-01-26,-0.0013790317547527353,110.46641231317133,-0.014637258856347257,115.73808230590608,1.H00905,1.5,1.0,1.5,False,1.0,0.0,0.0,1.H00905,1.5,1.0,1.5
2026-01-27,0.007403708970239897,111.28427348092458,0.007403708970239897,116.59497338407267,1.H00905,1.5,1.0,1.5,False,1.0,1.0,1.0,1.H00905,1.5,1.0,1.5
2026-01-28,0.009104126706191096,112.29741960710135,0.009104126706191096,117.65646879506625,1.H00905,1.5,1.0,1.5,False,1.0,2.0,2.0,1.H00905,1.5,1.0,1.5
2026-01-29,-0.016069886828781965,110.49281278285099,-0.01459177449051785,115.93965213505798,cash,0.0,0.0,1.5,True,0.0,3.0,3.0,1.H00905,1.5,1.0,1.5
2026-01-30,0.0001211499702025165,110.50619898382722,-0.02595246345139457,112.93073255045549,cash,0.0,0.0,1.5,True,0.0,4.0,4.0,1.H00905,1.5,1.0,1.5
2026-02-02,0.0001211499702025165,110.5195868065413,-0.06122980019790558,106.01600636018799,cash,0.0,0.0,1.5,True,0.0,5.0,5.0,cash,0.0,0.0,1.5
2026-02-03,0.0001211499702025165,110.53297625118971,0.0001211499702025165,106.02885019619951,cash,0.0,0.0,1.5,True,0.0,6.0,6.0,cash,0.0,0.0,1.5
2026-02-04,0.0001211499702025165,110.54636731796893,0.0001211499702025165,106.0416955882414,cash,0.0,0.0,1.5,True,0.0,7.0,7.0,cash,0.0,0.0,1.5
2026-02-05,0.0001211499702025165,110.5597600070755,-0.0013790317547527353,105.8954607226974,cash,0.0,0.0,1.5,True,0.0,8.0,8.0,1.H20955,1.5,1.0,1.5
2026-02-06,0.0001211499702025165,110.57315431870595,-0.005263068451841657,105.33812566417453,cash,0.0,0.0,1.5,True,0.0,9.0,9.0,cash,0.0,0.0,1.5
2026-02-09,0.0001211499702025165,110.58655025305686,0.0001211499702025165,105.35088737495992,cash,0.0,0.0,1.5,True,0.0,10.0,10.0,cash,0.0,0.0,1.5
2026-02-10,0.0001211499702025165,110.5999478103248,-0.0013790317547527353,105.20560515587847,cash,0.0,0.0,1.5,True,0.0,11.0,11.0,1.H20955,1.5,1.0,1.5
2026-02-11,0.0001211499702025165,110.61334699070643,0.0016068277614960103,105.37465244290793,cash,0.0,0.0,1.5,True,0.0,12.0,12.0,1.H20955,1.5,1.0,1.5
2026-02-12,0.0001211499702025165,110.62674779439836,-0.008684927822325106,104.45948119213868,cash,0.0,0.0,1.5,True,0.0,13.0,13.0,1.H20955,1.5,1.0,1.5
2026-02-13,0.0001211499702025165,110.64015022159725,-0.016196452076502887,102.76760821107385,cash,0.0,0.0,1.5,True,0.0,14.0,14.0,1.H20955,1.5,1.0,1.5
2026-02-24,0.0001211499702025165,110.6535542724998,0.015698458648412572,104.38090125897166,cash,0.0,0.0,1.5,True,0.0,15.0,15.0,1.H20955,1.5,1.0,1.5
2026-02-25,0.0001211499702025165,110.66695994730271,-0.0011292928398426438,104.26302465456358,cash,0.0,0.0,1.5,True,0.0,0.0,16.0,cash,0.0,0.0,1.5
2026-02-26,-0.0013790317547527353,110.51434669533343,-0.0013790317547527353,104.11924263271837,1.H20955,1.5,1.0,1.5,False,1.0,0.0,0.0,1.H20955,1.5,1.0,1.5
2026-02-27,0.007900578954200821,111.38747401697184,0.007900578954200821,104.94184492978975,1.H20955,1.5,1.0,1.5,False,1.0,0.0,0.0,1.H20955,1.5,1.0,1.5
2026-03-02,0.012454182175893003,112.77471391049176,0.012454182175893003,106.24880978441966,1.H20955,1.5,1.0,1.5,False,1.0,0.0,0.0,1.H20955,1.5,1.0,1.5
2026-03-03,0.0019330604885399172,112.99271425405853,0.0019330604885399172,106.45419516056832,1.H20955,1.5,1.0,1.5,False,1.0,0.0,0.0,1.H20955,1.5,1.0,1.5
2026-03-04,-0.020745376973208995,110.64863780163199,-0.020745376973208995,104.24576275158277,1.H20955,1.5,1.0,1.5,False,1.0,1.0,1.0,1.H20955,1.5,1.0,1.5
2026-03-05,-0.0012296663036459599,110.51257690018299,-0.0012296663036459599,104.11757524982929,cash,0.0,0.0,1.5,False,1.0,0.0,2.0,cash,0.0,0.0,1.5
2026-03-06,0.0001211499702025165,110.52596549558146,0.0001211499702025165,104.13018909096836,cash,0.0,0.0,1.5,False,1.0,1.0,3.0,cash,0.0,0.0,1.5
2026-03-09,0.0001211499702025165,110.53935571300785,0.0001211499702025165,104.14280446027391,cash,0.0,0.0,1.5,False,1.0,0.0,0.0,cash,0.0,0.0,1.5
2026-03-10,-0.0013790317547527353,110.3869184313297,-0.0013790317547527353,103.99918822589419,1.H20955,1.5,1.0,1.5,False,1.0,0.0,0.0,1.H20955,1.5,1.0,1.5
2026-03-11,0.015735190625072892,112.12387763536105,0.015735190625072892,105.63563527748147,1.H20955,1.5,1.0,1.5,False,1.0,0.0,0.0,1.H20955,1.5,1.0,1.5
2026-03-12,0.008044424808020034,113.02584973818236,0.008044424808020034,106.4854132025186,1.H20955,1.5,1.0,1.5,False,1.0,1.0,1.0,1.H20955,1.5,1.0,1.5
2026-03-13,-0.0028768512266731383,112.7006911837173,-0.0028768512266731383,106.17907051092413,1.H20955,1.5,1.0,1.5,False,1.0,2.0,2.0,1.H20955,1.5,1.0,1.5
2026-03-16,-0.0024729221449767413,112.4219911487349,-0.0009743837205575812,106.07561135315436,cash,0.0,0.0,1.5,True,0.0,3.0,3.0,1.H20955,1.5,1.0,1.5
2026-03-17,0.0001211499702025165,112.43561106961268,-0.0012086534756255984,105.94740269681326,cash,0.0,0.0,1.5,True,0.0,4.0,4.0,cash,0.0,0.0,1.5
2026-03-18,0.0001211499702025165,112.44923264054346,0.0001211499702025165,105.96023822149301,cash,0.0,0.0,1.5,True,0.0,5.0,5.0,cash,0.0,0.0,1.5
2026-03-19,0.0001211499702025165,112.46285586172715,0.0001211499702025165,105.9730753011962,cash,0.0,0.0,1.5,True,0.0,6.0,6.0,cash,0.0,0.0,1.5
2026-03-20,0.0001211499702025165,112.47648073336369,0.0001211499702025165,105.98591393611122,cash,0.0,0.0,1.5,True,0.0,7.0,0.0,cash,0.0,0.0,1.5
2026-03-23,0.0001211499702025165,112.49010725565302,0.0001211499702025165,105.99875412642646,cash,0.0,0.0,1.5,True,0.0,8.0,0.0,cash,0.0,0.0,1.5
2026-03-24,0.0001211499702025165,112.50373542879511,0.0001211499702025165,106.01159587233039,cash,0.0,0.0,1.5,True,0.0,9.0,1.0,cash,0.0,0.0,1.5
2026-03-25,0.0001211499702025165,112.51736525298998,0.0001211499702025165,106.02443917401145,cash,0.0,0.0,1.5,True,0.0,10.0,2.0,cash,0.0,0.0,1.5
2026-03-26,0.0001211499702025165,112.53099672843764,0.0001211499702025165,106.03728403165812,cash,0.0,0.0,1.5,True,0.0,11.0,3.0,cash,0.0,0.0,1.5
2026-03-27,0.0001211499702025165,112.54462985533816,0.0001211499702025165,106.0501304454589,cash,0.0,0.0,1.5,True,0.0,12.0,4.0,cash,0.0,0.0,1.5
2026-03-30,0.0001211499702025165,112.55826463389158,0.0001211499702025165,106.06297841560234,cash,0.0,0.0,1.5,True,0.0,13.0,5.0,cash,0.0,0.0,1.5
2026-03-31,0.0001211499702025165,112.57190106429803,0.0001211499702025165,106.07582794227699,cash,0.0,0.0,1.5,True,0.0,14.0,6.0,cash,0.0,0.0,1.5
2026-04-01,0.0001211499702025165,112.58553914675761,0.0001211499702025165,106.0886790256714,cash,0.0,0.0,1.5,True,0.0,0.0,7.0,cash,0.0,0.0,1.5
2026-04-02,0.0001211499702025165,112.59917888147048,0.0001211499702025165,106.10153166597418,cash,0.0,0.0,1.5,True,0.0,1.0,8.0,cash,0.0,0.0,1.5
2026-04-03,0.0001211499702025165,112.6128202686368,0.0001211499702025165,106.11438586337395,cash,0.0,0.0,1.5,True,0.0,2.0,9.0,cash,0.0,0.0,1.5
2026-04-07,0.0001211499702025165,112.62646330845676,0.0001211499702025165,106.12724161805936,cash,0.0,0.0,1.5,True,0.0,3.0,10.0,cash,0.0,0.0,1.5
2026-04-08,0.0001211499702025165,112.6401080011306,0.0001211499702025165,106.14009893021907,cash,0.0,0.0,1.5,False,1.0,0.0,0.0,cash,0.0,0.0,1.5
2026-04-09,0.0001211499702025165,112.65375434685855,0.0001211499702025165,106.15295780004176,cash,0.0,0.0,1.5,False,1.0,0.0,0.0,cash,0.0,0.0,1.5
2026-04-10,0.0001211499702025165,112.66740234584087,0.0001211499702025165,106.16581822771614,cash,0.0,0.0,1.5,False,1.0,0.0,0.0,cash,0.0,0.0,1.5
2026-04-13,0.0001211499702025165,112.68105199827787,0.0001211499702025165,106.17868021343095,cash,0.0,0.0,1.5,False,1.0,0.0,0.0,cash,0.0,0.0,1.5
2026-04-14,0.0001211499702025165,112.69470330436984,0.0001211499702025165,106.19154375737494,cash,0.0,0.0,1.5,False,1.0,0.0,0.0,cash,0.0,0.0,1.5
2026-04-15,-0.0013790317547527353,112.53929372992067,-0.0013790317547527353,106.04510224644731,0.399606,1.5,1.0,1.5,False,1.0,0.0,0.0,0.399606,1.5,1.0,1.5
2026-04-16,0.04744036123401019,117.87819847748848,0.04744036123401019,111.07592020411631,0.399606,1.5,1.0,1.5,False,1.0,0.0,0.0,0.399606,1.5,1.0,1.5
2026-04-17,0.021457927695077483,120.40762033724442,0.021457927695077483,113.45937926852044,0.399606,1.5,1.0,1.5,False,1.0,0.0,0.0,0.399606,1.5,1.0,1.5
2026-04-20,-0.0003547056085111411,120.36491107900332,-0.0003547056085111411,113.4191345903557,0.399606,1.5,1.0,1.5,False,1.0,0.0,0.0,0.399606,1.5,1.0,1.5
2026-04-21,0.005003141299692482,120.9671137366565,0.005003141299692482,113.98658654680008,0.399606,1.5,1.0,1.5,False,1.0,0.0,0.0,0.399606,1.5,1.0,1.5
2026-04-22,0.030388092061094607,124.64307352525093,0.030388092061094607,117.45042143251418,0.399606,1.5,1.0,1.5,False,1.0,0.0,0.0,0.399606,1.5,1.0,1.5
2026-04-23,-0.013056669212172523,123.01565014464323,-0.013056669212172523,115.91691013103959,0.399606,1.5,1.0,1.5,False,1.0,0.0,0.0,0.399606,1.5,1.0,1.5
2026-04-24,-0.021210709415456996,120.40640093587169,-0.021210709415456996,113.45823023391246,0.399606,1.5,1.0,1.5,False,1.0,0.0,0.0,0.399606,1.5,1.0,1.5
2026-04-27,-0.007822769569206578,119.46448940669286,-0.007822769569206578,112.57067264306258,0.399606,1.5,1.0,1.5,False,1.0,0.0,0.0,0.399606,1.5,1.0,1.5
2026-04-28,-0.02141050848591408,116.90669394248548,-0.02141050848591408,110.16047730117323,0.399606,1.5,1.0,1.5,False,1.0,0.0,0.0,0.399606,1.5,1.0,1.5
2026-04-29,0.037720411970258105,121.3164626000769,0.037720411970258105,114.31577588781376,0.399606,1.5,1.0,1.5,False,1.0,0.0,0.0,0.399606,1.5,1.0,1.5
2026-04-30,-0.0038441888298379467,120.85009920967424,-0.0038441888298379467,113.87632445907157,0.399606,1.5,1.0,1.5,False,1.0,1.0,1.0,0.399606,1.5,1.0,1.5
2026-05-06,0.04116599707802315,125.8250140406185,0.04116599707802315,118.56415689900973,0.399606,1.5,1.0,1.5,False,1.0,0.0,0.0,0.399606,1.5,1.0,1.5
2026-05-07,0.021733040781444446,128.55957420208907,0.021733040781444446,121.14091655611348,0.399606,1.5,1.0,1.5,False,1.0,0.0,0.0,0.399606,1.5,1.0,1.5
2026-05-08,-0.017414383453420945,126.32078848032536,-0.017414383453420945,119.03132218330646,1.H00905,1.5,1.0,1.5,False,1.0,0.0,0.0,1.H00905,1.5,1.0,1.5
2026-05-11,0.025371629417091146,129.52575271332293,0.025371629417091146,122.0513407787677,1.H00905,1.5,1.0,1.5,False,1.0,0.0,0.0,1.H00905,1.5,1.0,1.5
2026-05-12,-0.009162907935983622,128.33892016587177,-0.009162907935983622,120.93299557974848,1.H00905,1.5,1.0,1.5,False,1.0,0.0,0.0,1.H00905,1.5,1.0,1.5
2026-05-13,0.022520862208672998,131.22922330293724,0.022520862208672998,123.65651090968205,1.H00905,1.5,1.0,1.5,False,1.0,0.0,0.0,1.H00905,1.5,1.0,1.5
2026-05-14,-0.04152100453594665,125.78045412692722,-0.04152100453594665,118.52216835930182,1.H00905,1.5,1.0,1.5,False,1.0,0.0,0.0,1.H00905,1.5,1.0,1.5
2026-05-15,-0.02311770543053826,122.87269863950159,-0.02311770543053826,115.78220778418282,1.H00905,1.5,1.0,1.5,False,1.0,0.0,0.0,1.H00905,1.5,1.0,1.5
2026-05-18,0.0001906814369592169,122.89612818224123,0.0001906814369592169,115.80428530193741,1.H00852,1.5,1.0,1.5,False,1.0,1.0,1.0,1.H00852,1.5,1.0,1.5
2026-05-19,0.015321519039997344,124.7790835501274,0.015321519039997344,117.57858286410433,1.H00852,1.5,1.0,1.5,False,1.0,2.0,2.0,1.H00852,1.5,1.0,1.5
2026-05-20,-0.001324158588243196,124.61385625501138,0.0001761055701119396,117.59928910747257,cash,0.0,0.0,1.5,True,0.0,3.0,3.0,1.H00852,1.5,1.0,1.5
2026-05-21,0.0001211499702025165,124.6289532199835,-0.05199473453058667,111.48474528934382,cash,0.0,0.0,1.5,False,1.0,0.0,0.0,cash,0.0,0.0,1.5
2026-05-22,-0.0013790317547527353,124.45708593593154,-0.0013790317547527353,111.3310042854193,1.H00852,1.5,1.0,1.5,False,1.0,1.0,1.0,1.H00852,1.5,1.0,1.5
2026-05-25,0.01845087806508361,126.75342845287105,0.01845087806508361,113.38515907035287,1.H00852,1.5,1.0,1.5,False,1.0,0.0,0.0,1.H00852,1.5,1.0,1.5
2026-05-26,-0.021955286972889176,123.97052055639068,-0.021955286972889176,110.89575536449658,0.399606,1.5,1.0,1.5,False,1.0,1.0,0.0,0.399606,1.5,1.0,1.5
2026-05-27,0.001092002769481848,124.10589670817237,0.001092002769481848,111.01685383647839,0.399606,1.5,1.0,1.5,False,1.0,2.0,1.0,0.399606,1.5,1.0,1.5
2026-05-28,0.028079372215348508,127.59071237596073,0.029623807927239287,114.30559579121662,cash,0.0,0.0,1.5,True,0.0,3.0,2.0,0.399606,1.5,1.0,1.5
