window,series,date,nav_raw,nav_rebased,daily_return,drawdown
10y,50/50 Combo,2016-06-06,1.1985473007164993,1.0,0.0034933265313509,0.0
10y,50/50 Combo,2016-06-07,1.199742689062263,1.000997364346863,0.000997364346863,0.0
10y,50/50 Combo,2016-06-08,1.2020219824042913,1.0028990776465099,0.001899818488421,0.0
10y,50/50 Combo,2016-06-13,1.1894560602045698,0.9924147837081652,-0.0104539870182631,-0.010453987018263167
10y,50/50 Combo,2016-06-14,1.1903905927905958,0.9931945047800556,0.0007856806294006,-0.009676519883962675
10y,50/50 Combo,2016-06-15,1.1974188949464768,0.9990585221214483,0.0059041983349388,-0.0038294536416108027
10y,50/50 Combo,2016-06-16,1.202730688760722,1.003490382099832,0.0044360364085307,0.0
10y,50/50 Combo,2016-06-17,1.2037415358220542,1.0043337756486121,0.0008404600221633,0.0
10y,50/50 Combo,2016-06-20,1.2063972263087956,1.0065495334123264,0.0022061966026019,0.0
10y,50/50 Combo,2016-06-21,1.1999727265714606,1.001189294618668,-0.0053253601692968,-0.0053253601692969665
10y,50/50 Combo,2016-06-22,1.2062729119310658,1.0064458125348479,0.0052502737938102,-0.00010304597442600816
10y,50/50 Combo,2016-06-23,1.20822805500813,1.008077073208411,0.0016208132154225,0.0
10y,50/50 Combo,2016-06-24,1.2112894611054157,1.0106313371039248,0.0025337982217813,0.0
10y,50/50 Combo,2016-06-27,1.218267859883524,1.0164537178926818,0.0057611322497098,0.0
10y,50/50 Combo,2016-06-28,1.2210787228527022,1.0187989427891027,0.0023072618606609,0.0
10y,50/50 Combo,2016-06-29,1.2192618433818552,1.017283041439393,-0.0014879298417406,-0.0014879298417406206
10y,50/50 Combo,2016-06-30,1.21844415167104,1.0166008057776663,-0.0006706448785004,-0.0021575768477131163
10y,50/50 Combo,2016-07-01,1.2162590007777727,1.0147776396064514,-0.001793394379439,-0.003947101840960254
10y,50/50 Combo,2016-07-04,1.2179154693246852,1.0161597031644956,0.0013619373388835,-0.002590540207454306
10y,50/50 Combo,2016-07-05,1.2202006243953167,1.0180663071585685,0.0018762838047361,-0.0007191169913549622
10y,50/50 Combo,2016-07-06,1.2206176537301117,1.0184142528212434,0.0003417711206314,-0.0003775916441433047
10y,50/50 Combo,2016-07-07,1.2224080548299692,1.0199080621175367,0.0014667992834497,0.0
10y,50/50 Combo,2016-07-08,1.2247612641788608,1.0218714467478176,0.0019250604080968,0.0
10y,50/50 Combo,2016-07-11,1.2182617084383287,1.0164485854751364,-0.0053067940100878,-0.005306794010087934
10y,50/50 Combo,2016-07-12,1.2098346088122691,1.0094174907315066,-0.0069173147015037,-0.012187399947367838
10y,50/50 Combo,2016-07-13,1.213456728255901,1.0124395820928291,0.0029938963700069,-0.009229991389823167
10y,50/50 Combo,2016-07-14,1.215902336792969,1.0144800593736225,0.0020154064666015,-0.007233187107555161
10y,50/50 Combo,2016-07-15,1.211966350706114,1.011196095457887,-0.0032370906509124,-0.010446863276105667
10y,50/50 Combo,2016-07-18,1.2116134898513444,1.0109016883414064,-0.0002911474023715,-0.010734969101371172
10y,50/50 Combo,2016-07-19,1.2080530014184376,1.0079310184055779,-0.0029386338652796,-0.013642056822906867
10y,50/50 Combo,2016-07-20,1.2070293796907032,1.007076966398517,-0.0008473318029362,-0.014477829277239396
10y,50/50 Combo,2016-07-21,1.2080945548153614,1.007965688207011,0.0008824765515906,-0.013608129070503683
10y,50/50 Combo,2016-07-22,1.20808827577149,1.0079604493283552,-5.197477172980136e-06,-0.013613255819736603
10y,50/50 Combo,2016-07-25,1.2088487885458383,1.0085949781232504,0.0006295175523186,-0.01299230805090068
10y,50/50 Combo,2016-07-26,1.208738456664588,1.0085029234490757,-9.127020872753966e-05,-0.013082392448960478
10y,50/50 Combo,2016-07-27,1.2189510883824617,1.017023765064395,0.0084490004115981,-0.004743925176548092
10y,50/50 Combo,2016-07-28,1.2203408641978926,1.0181833153087616,0.0011401407559963,-0.0036091931629891327
10y,50/50 Combo,2016-07-29,1.2212268090411844,1.0189224975193947,0.0007259814608224,-0.002885831909491321
10y,50/50 Combo,2016-08-01,1.2236185256048602,1.0209180103892213,0.0019584540283336,-0.0009330296502859659
10y,50/50 Combo,2016-08-02,1.2218098843634542,1.0194089825516677,-0.0014781087435007,-0.0024097592745025986
10y,50/50 Combo,2016-08-03,1.220923215027712,1.0186691958655585,-0.0007257015572468,-0.003133712065691352
10y,50/50 Combo,2016-08-04,1.2191339273005195,1.0171763155043723,-0.0014655202761066,-0.004594639823226276
10y,50/50 Combo,2016-08-05,1.2212069651253856,1.0189059408797134,0.0017004184515284,-0.0029020341820314988
10y,50/50 Combo,2016-08-08,1.2203243618212187,1.0181695466601117,-0.000722730322846,-0.003622667116776279
10y,50/50 Combo,2016-08-09,1.2192261398505857,1.0172532524346136,-0.0008999426750723,-0.004519349599112266
10y,50/50 Combo,2016-08-10,1.218916038873156,1.016994521738508,-0.0002543424614136,-0.004772542598025287
10y,50/50 Combo,2016-08-11,1.222966367370374,1.0203738864868135,0.0033228937580989,-0.001465507491935747
10y,50/50 Combo,2016-08-12,1.225708404649885,1.0226616871250294,0.002242119941047,0.0
10y,50/50 Combo,2016-08-15,1.2280261987512298,1.024595523278145,0.0018909832816286,0.0
10y,50/50 Combo,2016-08-16,1.2243427360613446,1.0215222505857087,-0.0029994984582827,-0.0029994984582828454
10y,50/50 Combo,2016-08-17,1.2227344506596576,1.020180388315671,-0.001313590838837,-0.004309149183424066
10y,50/50 Combo,2016-08-18,1.2221009342628928,1.0196518181070642,-0.0005181144576591,-0.0048250310085912185
10y,50/50 Combo,2016-08-19,1.2216550364204664,1.0192797861963003,-0.0003648617147121,-0.0051881322542159936
10y,50/50 Combo,2016-08-22,1.222897697497991,1.0203165922337274,0.0010171947403138,-0.0041762148547431766
10y,50/50 Combo,2016-08-23,1.2230269898812791,1.0204244664771642,0.0001057262464005,-0.004070930143863616
10y,50/50 Combo,2016-08-24,1.2209919215683247,1.018726520712539,-0.0016639602639941,-0.005728116541860562
10y,50/50 Combo,2016-08-25,1.2214337183788009,1.0190951309544647,0.0003618343435956,-0.005368354827553823
10y,50/50 Combo,2016-08-26,1.21969570433664,1.0176450304526974,-0.0014229294770638,-0.006783645514290115
10y,50/50 Combo,2016-08-29,1.2186737724597196,1.0167923883614678,-0.0008378580602416,-0.007615819842459737
10y,50/50 Combo,2016-08-30,1.2191668436942504,1.017203779079411,0.0004045965751241,-0.007214304601960708
10y,50/50 Combo,2016-08-31,1.2189392906417509,1.0170139216975926,-0.0001866463590907,-0.0073996044373640935
10y,50/50 Combo,2016-09-01,1.2189392906417509,1.0170139216975926,0.0,-0.0073996044373640935
10y,50/50 Combo,2016-09-02,1.2189392906417509,1.0170139216975926,0.0,-0.0073996044373640935
10y,50/50 Combo,2016-09-05,1.2189392906417509,1.0170139216975926,0.0,-0.0073996044373640935
10y,50/50 Combo,2016-09-06,1.2189392906417509,1.0170139216975926,0.0,-0.0073996044373640935
10y,50/50 Combo,2016-09-07,1.2183435372775182,1.0165168588249998,-0.0004887473632251,-0.007884735263431475
10y,50/50 Combo,2016-09-08,1.221355075683355,1.0190295159425258,0.0024718302463083,-0.005432394744231406
10y,50/50 Combo,2016-09-09,1.2209095370750025,1.0186577837563315,-0.0003647904014346,-0.005795203460206344
10y,50/50 Combo,2016-09-12,1.2161278647944291,1.014668227167522,-0.0039164836831639,-0.009688990323577618
10y,50/50 Combo,2016-09-13,1.2213085242644073,1.0189906760745289,0.0042599628048601,-0.005470302257112758
10y,50/50 Combo,2016-09-14,1.2218243758001,1.0194210733858275,0.0004223761035349,-0.00505023667853044
10y,50/50 Combo,2016-09-19,1.2230002277773142,1.0204021376930195,0.0009623739716637,-0.004092722923196956
10y,50/50 Combo,2016-09-20,1.2233895303037432,1.0207269496768239,0.0003183176238131,-0.0037757080852195424
10y,50/50 Combo,2016-09-21,1.2232152463783466,1.0205815370382967,-0.0001424598797681,-0.003917630078068002
10y,50/50 Combo,2016-09-22,1.222264389687027,1.0197881960573016,-0.0007773420860594,-0.0046919268253901025
10y,50/50 Combo,2016-09-23,1.2222888038384636,1.0198085658428095,1.9974525677479704e-05,-0.004672046018725284
10y,50/50 Combo,2016-09-26,1.220941468388096,1.0186844254358667,-0.0011023053194436,-0.005769201316989991
10y,50/50 Combo,2016-09-27,1.2211405661148822,1.018850541305192,0.00016306901841,-0.005607073076575708
10y,50/50 Combo,2016-09-28,1.2216465894652269,1.0192727385351572,0.0004143858327091,-0.005195010735512207
10y,50/50 Combo,2016-09-29,1.2213133739311346,1.0189947223618339,-0.000272759353618,-0.005466353101360011
10y,50/50 Combo,2016-09-30,1.2219767169254336,1.0195481781944926,0.0005431390570659,-0.004926183034163145
10y,50/50 Combo,2016-10-10,1.2245461637128,1.0216919790989962,0.0021026970086889,-0.0028338442958045773
10y,50/50 Combo,2016-10-11,1.226226312783086,1.023093800344834,0.0013720585798022,-0.001465673916382415
10y,50/50 Combo,2016-10-12,1.2282694341420894,1.024798465115079,0.0016661861988316,0.0
10y,50/50 Combo,2016-10-13,1.2283550301941657,1.0248698816140567,6.968833522751083e-05,0.0
10y,50/50 Combo,2016-10-14,1.2265198207183226,1.0233386867461143,-0.001494038311996,-0.0014940383119962375
10y,50/50 Combo,2016-10-17,1.2261518568210572,1.0230316785061848,-0.0003000064826101,-0.0017935965734273696
10y,50/50 Combo,2016-10-18,1.227198470265462,1.0239049134997298,0.0008535757121621,-0.0009415518317380522
10y,50/50 Combo,2016-10-19,1.2272845728887918,1.023976752653077,7.016193828124351e-05,-0.0008714559545579537
10y,50/50 Combo,2016-10-20,1.2296695855229338,1.0259666721437104,0.00194332487088,0.0
10y,50/50 Combo,2016-10-21,1.2244099834548992,1.0215783580030082,-0.0042772482380279,-0.0042772482380279975
10y,50/50 Combo,2016-10-24,1.2210703371256573,1.018791946213298,-0.0027275556181096,-0.00699313742367591
10y,50/50 Combo,2016-10-25,1.223723052905147,1.0210052220497243,0.0021724512493965,-0.004835878424412465
10y,50/50 Combo,2016-10-26,1.2234003673916165,1.0207359915292955,-0.0002636916194104,-0.005098294863210007
10y,50/50 Combo,2016-10-27,1.224809914716357,1.0219120380014686,0.0011521553878111,-0.003952013503294327
10y,50/50 Combo,2016-10-28,1.220212928396542,1.018076572920477,-0.00375322428777,-0.007690404997998002
10y,50/50 Combo,2016-10-31,1.2206350739286578,1.0184287872484918,0.0003459605469601,-0.007347105027757372
10y,50/50 Combo,2016-11-01,1.2230471612971234,1.0204412963643388,0.00197609213432,-0.005385531449892622
10y,50/50 Combo,2016-11-02,1.2236537434829375,1.0209473941924774,0.0004959597675455,-0.004892242689273241
10y,50/50 Combo,2016-11-03,1.2218206416208723,1.019417957798128,-0.0014980560242864,-0.0063829698599265905
10y,50/50 Combo,2016-11-04,1.222110984433738,1.0196602034005267,0.0002376312880755,-0.006146855365200765
10y,50/50 Combo,2016-11-07,1.2220213755163831,1.019585438793989,-7.332306025874225e-05,-0.006219727719213308
10y,50/50 Combo,2016-11-08,1.2214691996081677,1.0191247344831242,-0.0004518545414008,-0.006668771848397648
10y,50/50 Combo,2016-11-09,1.2219713645198038,1.019543712450315,0.0004111154925539,-0.006260397991266986
10y,50/50 Combo,2016-11-10,1.2214398880066726,1.0191002785426058,-0.0004349336887612,-0.006692608822036705
10y,50/50 Combo,2016-11-11,1.22256550259188,1.0200394276145985,0.000921547262587,-0.005777229114789062
10y,50/50 Combo,2016-11-14,1.2227029809530634,1.0201541317744605,0.0001124507119593,-0.005665428056356725
10y,50/50 Combo,2016-11-15,1.2211508328029157,1.0188591072483362,-0.0012694400637986,-0.006927676198802191
10y,50/50 Combo,2016-11-16,1.2206592442653317,1.0184489536087677,-0.0004025616855665,-0.007327449067360714
10y,50/50 Combo,2016-11-17,1.2205066618597982,1.0183216474895662,-0.000125,-0.007451533136227817
10y,50/50 Combo,2016-11-18,1.2205066618597982,1.0183216474895662,0.0,-0.007451533136227817
10y,50/50 Combo,2016-11-21,1.2205066618597982,1.0183216474895662,0.0,-0.007451533136227817
10y,50/50 Combo,2016-11-22,1.2202182714411578,1.0180810308543546,-0.0002362874596693,-0.007686059892061725
10y,50/50 Combo,2016-11-23,1.2229154291201654,1.0203313864952168,0.0022103895197554,-0.005492659558539947
10y,50/50 Combo,2016-11-24,1.2262844472881609,1.0231423044840033,0.0027549069116082,-0.0027528844127125973
10y,50/50 Combo,2016-11-25,1.2285272982233495,1.0250136123029336,0.0018289809841006,-0.0009289384018541513
10y,50/50 Combo,2016-11-28,1.2297600181176782,1.0260421239800213,0.0010034127008096,0.0
10y,50/50 Combo,2016-11-29,1.2358005044792115,1.0310819637576607,0.0049119228731953,0.0
10y,50/50 Combo,2016-11-30,1.234100459816552,1.0296635427561338,-0.0013756627032417,-0.0013756627032419644
10y,50/50 Combo,2016-12-01,1.2350480054339608,1.0304541211645475,0.0007678026613405,-0.0006089162793858627
10y,50/50 Combo,2016-12-02,1.237265376113895,1.0323041697013124,0.001795372058558,0.0
10y,50/50 Combo,2016-12-05,1.2337258436544407,1.0293509842431012,-0.0028607706380432,-0.002860770638043353
10y,50/50 Combo,2016-12-06,1.2321136183239054,1.0280058347195309,-0.0013067938382159,-0.004163826038816931
10y,50/50 Combo,2016-12-07,1.2302299589304615,1.0264342159838182,-0.0015288033225427,-0.005686263690277138
10y,50/50 Combo,2016-12-08,1.2316156105942686,1.0275903252696,0.0011263354901644,-0.004566332840713394
10y,50/50 Combo,2016-12-09,1.2348635400823904,1.0303002137205441,0.0026371291985774,-0.0019412456518006493
10y,50/50 Combo,2016-12-12,1.2447526860918772,1.0385511571781572,0.0080082905426351,0.0
10y,50/50 Combo,2016-12-13,1.2430439811971337,1.037125510569365,-0.0013727264169305,-0.0013727264169304254
10y,50/50 Combo,2016-12-14,1.242706770249829,1.0368441608494974,-0.0002712783718078,-0.0016436323977510048
10y,50/50 Combo,2016-12-15,1.2359140755244868,1.03117672100688,-0.0054660478947712,-0.007100696119114791
10y,50/50 Combo,2016-12-16,1.2357595862650463,1.0310478239167544,-0.000125,-0.007224808532099614
10y,50/50 Combo,2016-12-19,1.2357595862650463,1.0310478239167544,0.0,-0.007224808532099614
10y,50/50 Combo,2016-12-20,1.2357595862650463,1.0310478239167544,0.0,-0.007224808532099614
10y,50/50 Combo,2016-12-21,1.2357595862650463,1.0310478239167544,0.0,-0.007224808532099614
10y,50/50 Combo,2016-12-22,1.2358179357491863,1.0310965074222822,4.721750475476805e-05,-0.007177932164776468
10y,50/50 Combo,2016-12-23,1.234871776957733,1.030307086102917,-0.0007656134160892,-0.007938050059700497
10y,50/50 Combo,2016-12-26,1.2348593283757707,1.0302966997110283,-1.0080870090883876e-05,-0.007948050907339965
10y,50/50 Combo,2016-12-27,1.2357411355786587,1.0310324297088023,0.0007140952678778,-0.007239631305003824
10y,50/50 Combo,2016-12-28,1.235842079888811,1.0311166519252237,8.168726219920375e-05,-0.007158535428465229
10y,50/50 Combo,2016-12-29,1.2350276357667191,1.030437125867633,-0.0006590195748675,-0.00781283738835814
10y,50/50 Combo,2016-12-30,1.2348732573122485,1.0303083212268997,-0.000125,-0.007936860783684385
10y,50/50 Combo,2017-01-03,1.2344241853695437,1.029933641026597,-0.0003636583269136,-0.008297632805084776
10y,50/50 Combo,2017-01-04,1.2357814855123816,1.0310660954086865,0.0010995411131157,-0.0072072152803798195
10y,50/50 Combo,2017-01-05,1.2358584024508148,1.031130270546695,6.224153649736497e-05,-0.007145422332035634
10y,50/50 Combo,2017-01-06,1.2355337856813242,1.0308594286956503,-0.0002626650179719,-0.007406210497522325
10y,50/50 Combo,2017-01-09,1.2355361203585795,1.0308613766181511,1.8896102093464125e-06,-0.007404334882163965
10y,50/50 Combo,2017-01-10,1.2343157699291876,1.029843185322186,-0.000987709229446,-0.008384730781708871
10y,50/50 Combo,2017-01-11,1.2332779351170724,1.0289772747223334,-0.0008408179149932,-0.009218498664848584
10y,50/50 Combo,2017-01-12,1.2320602763358204,1.0279613291851617,-0.000987335252322,-0.010196732168465394
10y,50/50 Combo,2017-01-13,1.2319062688012783,1.0278328340190135,-0.000125,-0.010320457576944442
10y,50/50 Combo,2017-01-16,1.2319062688012783,1.0278328340190135,0.0,-0.010320457576944442
10y,50/50 Combo,2017-01-17,1.2319062688012783,1.0278328340190135,0.0,-0.010320457576944442
10y,50/50 Combo,2017-01-18,1.2319062688012783,1.0278328340190135,0.0,-0.010320457576944442
10y,50/50 Combo,2017-01-19,1.2319062688012783,1.0278328340190135,0.0,-0.010320457576944442
10y,50/50 Combo,2017-01-20,1.2319062688012783,1.0278328340190135,0.0,-0.010320457576944442
10y,50/50 Combo,2017-01-23,1.2319062688012783,1.0278328340190135,0.0,-0.010320457576944442
10y,50/50 Combo,2017-01-24,1.2319062688012783,1.0278328340190135,0.0,-0.010320457576944442
10y,50/50 Combo,2017-01-25,1.2319062688012783,1.0278328340190135,0.0,-0.010320457576944442
10y,50/50 Combo,2017-01-26,1.2319062688012783,1.0278328340190135,0.0,-0.010320457576944442
10y,50/50 Combo,2017-02-03,1.2319062688012783,1.0278328340190135,0.0,-0.010320457576944442
10y,50/50 Combo,2017-02-06,1.2319062688012783,1.0278328340190135,0.0,-0.010320457576944442
10y,50/50 Combo,2017-02-07,1.2319062688012783,1.0278328340190135,0.0,-0.010320457576944442
10y,50/50 Combo,2017-02-08,1.2319062688012783,1.0278328340190135,0.0,-0.010320457576944442
10y,50/50 Combo,2017-02-09,1.2319062688012783,1.0278328340190135,0.0,-0.010320457576944442
10y,50/50 Combo,2017-02-10,1.2319062688012783,1.0278328340190135,0.0,-0.010320457576944442
10y,50/50 Combo,2017-02-13,1.2319062688012783,1.0278328340190135,0.0,-0.010320457576944442
10y,50/50 Combo,2017-02-14,1.2319062688012783,1.0278328340190135,0.0,-0.010320457576944442
10y,50/50 Combo,2017-02-15,1.2319062688012783,1.0278328340190135,0.0,-0.010320457576944442
10y,50/50 Combo,2017-02-16,1.2320841545792345,1.0279812518393614,0.0001443987927177,-0.010177549045841117
10y,50/50 Combo,2017-02-17,1.230197115898735,1.0264068136178817,-0.0015315826224094,-0.011693543910993087
10y,50/50 Combo,2017-02-20,1.2266500822798512,1.0234473696169955,-0.0028833051004939,-0.014543132956685634
10y,50/50 Combo,2017-02-21,1.2306332886933198,1.026770731499407,0.0032472230434822,-0.01134313470966486
10y,50/50 Combo,2017-02-22,1.2316337601939076,1.027605468267818,0.0008129728894706,-0.010539383481194764
10y,50/50 Combo,2017-02-23,1.2347218035157783,1.0301819567551933,0.0025072740141395,-0.008058534589382882
10y,50/50 Combo,2017-02-24,1.2344131230648996,1.0299244112660046,-0.00025,-0.008306519955735503
10y,50/50 Combo,2017-02-27,1.234206953897224,1.0297523953868213,-0.0001670179649125,-0.008472150582589433
10y,50/50 Combo,2017-02-28,1.2352952098634036,1.0306603745425285,0.0008817451260854,-0.007597875733987625
10y,50/50 Combo,2017-03-01,1.2356226632631275,1.0309335831172155,0.0002650810892078,-0.007334808697955109
10y,50/50 Combo,2017-03-02,1.235806179430889,1.0310866986159963,0.0001485212057188,-0.007187376866867545
10y,50/50 Combo,2017-03-03,1.2395960475676375,1.034248749988089,0.0030667172569845,-0.004142701262553339
10y,50/50 Combo,2017-03-06,1.2436908712531742,1.0376652390019883,0.0033033532928501,-0.0008530327755601474
10y,50/50 Combo,2017-03-07,1.2435211859758588,1.037523663215022,-0.0001364368600248,-0.0009893532504715585
10y,50/50 Combo,2017-03-08,1.2419655398873717,1.036225720207218,-0.0012510008723868,-0.002239116441078881
10y,50/50 Combo,2017-03-09,1.2419620195471996,1.0362227830347177,-2.834491021508345e-06,-0.0022419445853451014
10y,50/50 Combo,2017-03-10,1.2419520405504962,1.036214457124929,-8.034864630634964e-06,-0.002249961436254333
10y,50/50 Combo,2017-03-13,1.240906955183675,1.0353424970727922,-0.0008414860902016,-0.003089554215204182
10y,50/50 Combo,2017-03-14,1.2399460321432516,1.0345407573001115,-0.0007743715484949,-0.003861533300817177
10y,50/50 Combo,2017-03-15,1.23814790884847,1.0330405050416427,-0.0014501625459242,-0.005306095995778803
10y,50/50 Combo,2017-03-16,1.241504825021993,1.0358413258115167,0.0027112400299936,-0.002609242065651718
10y,50/50 Combo,2017-03-17,1.2435127776625563,1.0375166477945228,0.0016173538757914,-0.000996108257628081
10y,50/50 Combo,2017-03-20,1.2450626450599065,1.0388097693896603,0.001246362261161,0.0
10y,50/50 Combo,2017-03-21,1.242396127763944,1.0365849783493997,-0.0021416731973628,-0.0021416731973629144
10y,50/50 Combo,2017-03-22,1.2419309555357452,1.0361968649825593,-0.0003744153879776,-0.0025152867099393905
10y,50/50 Combo,2017-03-23,1.239679977163151,1.0343187760900736,-0.0018124827008785,-0.004323210497168661
10y,50/50 Combo,2017-03-24,1.2355846128799046,1.0309018360320565,-0.0033035657255818,-0.007612494212727694
10y,50/50 Combo,2017-03-27,1.2365299342955445,1.0316905586924596,0.0007650802751876,-0.006853238106706905
10y,50/50 Combo,2017-03-28,1.2359151039425955,1.0311775790607158,-0.0004972223768276,-0.0073470529001943286
10y,50/50 Combo,2017-03-29,1.23364681726252,1.0292850490965504,-0.0018353094584245,-0.009168878242939549
10y,50/50 Combo,2017-03-30,1.233492611410362,1.0291563884654131,-0.000125,-0.009292732133159398
10y,50/50 Combo,2017-03-31,1.234172864653995,1.0297239532525737,0.0005514854627749,-0.008746371477065362
10y,50/50 Combo,2017-04-05,1.2317321376957908,1.0276875488847652,-0.0019776216347847,-0.010706696098391366
10y,50/50 Combo,2017-04-06,1.2318418179123596,1.0277790598468302,8.904551014959905e-05,-0.010618603971457752
10y,50/50 Combo,2017-04-07,1.232102079499873,1.027996207378144,0.0002112784155635,-0.010409569037716837
10y,50/50 Combo,2017-04-10,1.234495516107324,1.0299931553550992,0.0019425635645566,-0.008487226722695529
10y,50/50 Combo,2017-04-11,1.233194340227378,1.0289075278799313,-0.0010540142616707,-0.009532295326358797
10y,50/50 Combo,2017-04-12,1.2350543048146403,1.0304593770110841,0.0015082493704271,-0.008038423034356201
10y,50/50 Combo,2017-04-13,1.234559191769562,1.0300462827220374,-0.0004008836236173,-0.008436084185819537
10y,50/50 Combo,2017-04-14,1.2366683672145375,1.031806059281306,0.0017084441629343,-0.0067420526016703786
10y,50/50 Combo,2017-04-17,1.2407784241291235,1.0352352580389428,0.0033234915871936,-0.0034409681695789507
10y,50/50 Combo,2017-04-18,1.2424413607520646,1.0366227181933705,0.0013402365729466,-0.0021053433080194806
10y,50/50 Combo,2017-04-19,1.2448877947517434,1.0386638841934244,0.0019690538941796,-0.00014043494827897796
10y,50/50 Combo,2017-04-20,1.2480978977877146,1.041342212394616,0.0025786284109334,0.0
10y,50/50 Combo,2017-04-21,1.250232291286435,1.0431230294699576,0.0017101170529197,0.0
10y,50/50 Combo,2017-04-24,1.2569590570267255,1.0487354619006752,0.005380412733836,0.0
10y,50/50 Combo,2017-04-25,1.2567996720962131,1.0486024801398244,-0.0001268020064944,-0.00012680200649439755
10y,50/50 Combo,2017-04-26,1.2560499560445972,1.0479769595190132,-0.0005965278860756,-0.0007232542516368845
10y,50/50 Combo,2017-04-27,1.2542896927770244,1.046508295523424,-0.0014014277530139,-0.002123668416070257
10y,50/50 Combo,2017-04-28,1.251941535194103,1.0445491258006123,-0.0018721014741997,-0.003991794167497509
10y,50/50 Combo,2017-05-02,1.250608079386698,1.0434365657818232,-0.0010651102866382,-0.005052652753105735
10y,50/50 Combo,2017-05-03,1.249789927635214,1.042753946288212,-0.0006542031552244,-0.005703550446956918
10y,50/50 Combo,2017-05-04,1.2500799808212073,1.0429959502423487,0.0002320815519311,-0.005472792583865238
10y,50/50 Combo,2017-05-05,1.2528911630063144,1.045341441474465,0.0022488018592701,-0.0032362979507329914
10y,50/50 Combo,2017-05-08,1.257703639143833,1.0493566990572418,0.003841096720621,0.0
10y,50/50 Combo,2017-05-09,1.2545340762331754,1.0467121952410279,-0.0025201190582665,-0.0025201190582666566
10y,50/50 Combo,2017-05-10,1.260335775341576,1.051552804455977,0.0046245847110193,0.0
10y,50/50 Combo,2017-05-11,1.2654964007000309,1.05585853803476,0.0040946432366852,0.0
10y,50/50 Combo,2017-05-12,1.2691908669805902,1.0589409915001768,0.002919381104929,0.0
10y,50/50 Combo,2017-05-15,1.2699345236070163,1.0595614564797244,0.0005859297019649,0.0
10y,50/50 Combo,2017-05-16,1.2613145640890058,1.0523694503629384,-0.0067877196483543,-0.006787719648354007
10y,50/50 Combo,2017-05-17,1.2585093097264932,1.0500289049703322,-0.0022240719661702,-0.008996695237540209
10y,50/50 Combo,2017-05-18,1.2595257044945218,1.050876927211441,0.0008076179970806,-0.008196343133447637
10y,50/50 Combo,2017-05-19,1.260426347665634,1.051628372874515,0.0007150653360216,-0.007487138718282771
10y,50/50 Combo,2017-05-22,1.2670311328401325,1.057139031628283,0.005240119890171,-0.0022862523326299122
10y,50/50 Combo,2017-05-23,1.266871738006069,1.0570060416044698,-0.0001258018291201,-0.002411766547024796
10y,50/50 Combo,2017-05-24,1.266871738006069,1.0570060416044698,0.0,-0.002411766547024796
10y,50/50 Combo,2017-05-25,1.266871738006069,1.0570060416044698,0.0,-0.002411766547024796
10y,50/50 Combo,2017-05-26,1.266871738006069,1.0570060416044698,0.0,-0.002411766547024796
10y,50/50 Combo,2017-05-31,1.266871738006069,1.0570060416044698,0.0,-0.002411766547024796
10y,50/50 Combo,2017-06-01,1.266871738006069,1.0570060416044698,0.0,-0.002411766547024796
10y,50/50 Combo,2017-06-02,1.266871738006069,1.0570060416044698,0.0,-0.002411766547024796
10y,50/50 Combo,2017-06-05,1.266871738006069,1.0570060416044698,0.0,-0.002411766547024796
10y,50/50 Combo,2017-06-06,1.266871738006069,1.0570060416044698,0.0,-0.002411766547024796
10y,50/50 Combo,2017-06-07,1.266871738006069,1.0570060416044698,0.0,-0.002411766547024796
10y,50/50 Combo,2017-06-08,1.266871738006069,1.0570060416044698,0.0,-0.002411766547024796
10y,50/50 Combo,2017-06-09,1.266871738006069,1.0570060416044698,0.0,-0.002411766547024796
10y,50/50 Combo,2017-06-12,1.266871738006069,1.0570060416044698,0.0,-0.002411766547024796
10y,50/50 Combo,2017-06-13,1.266871738006069,1.0570060416044698,0.0,-0.002411766547024796
10y,50/50 Combo,2017-06-14,1.266871738006069,1.0570060416044698,0.0,-0.002411766547024796
10y,50/50 Combo,2017-06-15,1.266871738006069,1.0570060416044698,0.0,-0.002411766547024796
10y,50/50 Combo,2017-06-16,1.266871738006069,1.0570060416044698,0.0,-0.002411766547024796
10y,50/50 Combo,2017-06-19,1.266871738006069,1.0570060416044698,0.0,-0.002411766547024796
10y,50/50 Combo,2017-06-20,1.266871738006069,1.0570060416044698,0.0,-0.002411766547024796
10y,50/50 Combo,2017-06-21,1.266871738006069,1.0570060416044698,0.0,-0.002411766547024796
10y,50/50 Combo,2017-06-22,1.266871738006069,1.0570060416044698,0.0,-0.002411766547024796
10y,50/50 Combo,2017-06-23,1.266871738006069,1.0570060416044698,0.0,-0.002411766547024796
10y,50/50 Combo,2017-06-26,1.266871738006069,1.0570060416044698,0.0,-0.002411766547024796
10y,50/50 Combo,2017-06-27,1.266871738006069,1.0570060416044698,0.0,-0.002411766547024796
10y,50/50 Combo,2017-06-28,1.266871738006069,1.0570060416044698,0.0,-0.002411766547024796
10y,50/50 Combo,2017-06-29,1.266871738006069,1.0570060416044698,0.0,-0.002411766547024796
10y,50/50 Combo,2017-06-30,1.266871738006069,1.0570060416044698,0.0,-0.002411766547024796
10y,50/50 Combo,2017-07-03,1.266871738006069,1.0570060416044698,0.0,-0.002411766547024796
10y,50/50 Combo,2017-07-04,1.266871738006069,1.0570060416044698,0.0,-0.002411766547024796
10y,50/50 Combo,2017-07-05,1.266871738006069,1.0570060416044698,0.0,-0.002411766547024796
10y,50/50 Combo,2017-07-06,1.266871738006069,1.0570060416044698,0.0,-0.002411766547024796
10y,50/50 Combo,2017-07-07,1.266871738006069,1.0570060416044698,0.0,-0.002411766547024796
10y,50/50 Combo,2017-07-10,1.266871738006069,1.0570060416044698,0.0,-0.002411766547024796
10y,50/50 Combo,2017-07-11,1.266871738006069,1.0570060416044698,0.0,-0.002411766547024796
10y,50/50 Combo,2017-07-12,1.266871738006069,1.0570060416044698,0.0,-0.002411766547024796
10y,50/50 Combo,2017-07-13,1.266871738006069,1.0570060416044698,0.0,-0.002411766547024796
10y,50/50 Combo,2017-07-14,1.266871738006069,1.0570060416044698,0.0,-0.002411766547024796
10y,50/50 Combo,2017-07-17,1.266871738006069,1.0570060416044698,0.0,-0.002411766547024796
10y,50/50 Combo,2017-07-18,1.266871738006069,1.0570060416044698,0.0,-0.002411766547024796
10y,50/50 Combo,2017-07-19,1.266871738006069,1.0570060416044698,0.0,-0.002411766547024796
10y,50/50 Combo,2017-07-20,1.266871738006069,1.0570060416044698,0.0,-0.002411766547024796
10y,50/50 Combo,2017-07-21,1.266871738006069,1.0570060416044698,0.0,-0.002411766547024796
10y,50/50 Combo,2017-07-24,1.266871738006069,1.0570060416044698,0.0,-0.002411766547024796
10y,50/50 Combo,2017-07-25,1.266871738006069,1.0570060416044698,0.0,-0.002411766547024796
10y,50/50 Combo,2017-07-26,1.266871738006069,1.0570060416044698,0.0,-0.002411766547024796
10y,50/50 Combo,2017-07-27,1.266871738006069,1.0570060416044698,0.0,-0.002411766547024796
10y,50/50 Combo,2017-07-28,1.266871738006069,1.0570060416044698,0.0,-0.002411766547024796
10y,50/50 Combo,2017-07-31,1.266871738006069,1.0570060416044698,0.0,-0.002411766547024796
10y,50/50 Combo,2017-08-01,1.266871738006069,1.0570060416044698,0.0,-0.002411766547024796
10y,50/50 Combo,2017-08-02,1.266871738006069,1.0570060416044698,0.0,-0.002411766547024796
10y,50/50 Combo,2017-08-03,1.266871738006069,1.0570060416044698,0.0,-0.002411766547024796
10y,50/50 Combo,2017-08-04,1.2670148129060976,1.0571254151994403,0.0001129355843502,-0.0022991033369387237
10y,50/50 Combo,2017-08-07,1.2685278069650163,1.0583877717689425,0.0011941407815497,-0.00110770800844473
10y,50/50 Combo,2017-08-08,1.2697773833298456,1.0594303475305185,0.0009850602863948,-0.00012373888121752774
10y,50/50 Combo,2017-08-09,1.2720756400093576,1.061347882765163,0.0018099681957516,0.0
10y,50/50 Combo,2017-08-10,1.270050372634315,1.0596581143481536,-0.0015920966578901,-0.0015920966578903961
10y,50/50 Combo,2017-08-11,1.2721787704328706,1.061433928950784,0.0016758373088311,0.0
10y,50/50 Combo,2017-08-14,1.276560628117904,1.0650899028805687,0.0034443725888795,0.0
10y,50/50 Combo,2017-08-15,1.2773809875181823,1.0657743643113256,0.0006426325410706,0.0
10y,50/50 Combo,2017-08-16,1.281340875366244,1.0690782705031752,0.0031000053130236,0.0
10y,50/50 Combo,2017-08-17,1.2838202945091206,1.07114695743893,0.0019350191588696,0.0
10y,50/50 Combo,2017-08-18,1.2800208223257517,1.0679768929941664,-0.0029595046905078,-0.0029595046905077638
10y,50/50 Combo,2017-08-21,1.2819134439576272,1.0695559893141398,0.0014785865970809,-0.0014852939773961626
10y,50/50 Combo,2017-08-22,1.276077409121933,1.0646867323125968,-0.00455259663841,-0.0060311286714377355
10y,50/50 Combo,2017-08-23,1.27117728650385,1.0605983474694174,-0.00383998853287,-0.009847957739369417
10y,50/50 Combo,2017-08-24,1.2707896648174055,1.0602749378833187,-0.0003049312558993,-0.010149886045147216
10y,50/50 Combo,2017-08-25,1.2706308161093034,1.0601424035160834,-0.000125,-0.01027361730939158
10y,50/50 Combo,2017-08-28,1.2706308161093034,1.0601424035160834,0.0,-0.01027361730939158
10y,50/50 Combo,2017-08-29,1.2706308161093034,1.0601424035160834,0.0,-0.01027361730939158
10y,50/50 Combo,2017-08-30,1.2706308161093034,1.0601424035160834,0.0,-0.01027361730939158
10y,50/50 Combo,2017-08-31,1.2744655803017328,1.0633419136147977,0.0030180003064711,-0.007286622783108987
10y,50/50 Combo,2017-09-01,1.2780310082272626,1.066316704783572,0.0027975866752601,-0.00450942106665464
10y,50/50 Combo,2017-09-04,1.280317843199731,1.0682247103926135,0.0017893423224843,-0.002728147642134582
10y,50/50 Combo,2017-09-05,1.2786137878218236,1.0668029430773904,-0.0013309627659712,-0.004055479345174029
10y,50/50 Combo,2017-09-06,1.28461749152979,1.0718120934917108,0.0046954786231376,0.0
10y,50/50 Combo,2017-09-07,1.2850350542707405,1.0721604841982777,0.0003250483071446,0.0
10y,50/50 Combo,2017-09-08,1.2869526123283956,1.073760386059897,0.0014922223726756,0.0
10y,50/50 Combo,2017-09-11,1.2937338170375503,1.0794182392836293,0.0052691953411447,0.0
10y,50/50 Combo,2017-09-12,1.2899313694640482,1.07624569234182,-0.0029391266761576,-0.0029391266761573664
10y,50/50 Combo,2017-09-13,1.2915387489162231,1.077586798738884,0.001246096877885,-0.0016966922348474744
10y,50/50 Combo,2017-09-14,1.2926843034662507,1.078542584588423,0.0008869687812224,-0.0008112283666686926
10y,50/50 Combo,2017-09-15,1.2895116191506306,1.0758954764486577,-0.0024543380832526,-0.0032635754212468893
10y,50/50 Combo,2017-09-18,1.2925091723504178,1.0783964651021678,0.0023245647074987,-0.0009465971059926526
10y,50/50 Combo,2017-09-19,1.291809347308727,1.0778125707149606,-0.0005414468668087,-0.0014875314407641893
10y,50/50 Combo,2017-09-20,1.2955913208822312,1.0809680353105116,0.0029276561447576,0.0
10y,50/50 Combo,2017-09-21,1.2891431405629166,1.075588038780162,-0.0049770172240145,-0.004977017224014557
10y,50/50 Combo,2017-09-22,1.286151137297162,1.0730916806773436,-0.0023209240088329,-0.007286389954079819
10y,50/50 Combo,2017-09-25,1.28281377047569,1.0703071707798395,-0.0025948480895374,-0.009862330968565258
10y,50/50 Combo,2017-09-26,1.283161322429124,1.0705971484496624,0.0002709293908696,-0.009594073573017448
10y,50/50 Combo,2017-09-27,1.285776127755981,1.0727787939510904,0.0020377837775741,-0.0075758404429310255
10y,50/50 Combo,2017-09-28,1.2839413509806734,1.0712479601039733,-0.0014269799661855,-0.008992009836577775
10y,50/50 Combo,2017-09-29,1.285828405774069,1.0728224117691412,0.001469735975054,-0.007535489741868795
10y,50/50 Combo,2017-10-09,1.285298224110086,1.0723800582102405,-0.0004123269182746,-0.00794470957488036
10y,50/50 Combo,2017-10-10,1.2821135377247512,1.0697229362231224,-0.0024777801179487,-0.01040280444940167
10y,50/50 Combo,2017-10-11,1.2869210237712574,1.0737340303565222,0.003749657035084,-0.0066921543632059155
10y,50/50 Combo,2017-10-12,1.290317828654707,1.0765681320072613,0.0026394820044942,-0.004070336179724632
10y,50/50 Combo,2017-10-13,1.2890270885234836,1.0754912115299036,-0.0010003272856961,-0.005066591797078246
10y,50/50 Combo,2017-10-16,1.3003577487922506,1.084944872859743,0.0087900870118609,0.0
10y,50/50 Combo,2017-10-17,1.3015043780895428,1.0859015554175417,0.000881779878158,0.0
10y,50/50 Combo,2017-10-18,1.313021913933935,1.095511135145857,0.0088494023057369,0.0
10y,50/50 Combo,2017-10-19,1.3172157552737076,1.099010238883578,0.0031940375825162,0.0
10y,50/50 Combo,2017-10-20,1.308384639664442,1.0916420560809585,-0.0067043804888523,-0.006704380488851913
10y,50/50 Combo,2017-10-23,1.3055038253387938,1.0892384677336933,-0.0022018099558145,-0.00889142867295889
10y,50/50 Combo,2017-10-24,1.3136969283215576,1.0960743289282127,0.0062758169097187,-0.0026714127416572753
10y,50/50 Combo,2017-10-25,1.3126482639743613,1.0951993827775106,-0.0007982543953544,-0.0034675346700487886
10y,50/50 Combo,2017-10-26,1.312836907749589,1.0953567764616103,0.0001437123564668,-0.0033243206411608384
10y,50/50 Combo,2017-10-27,1.3225566243315026,1.1034663575987946,0.0074035979065935,0.0
10y,50/50 Combo,2017-10-30,1.3376072100785683,1.1160237141070177,0.0113799178577125,0.0
10y,50/50 Combo,2017-10-31,1.3321252813056803,1.1114499031530314,-0.0040983098263697,-0.004098309826369606
10y,50/50 Combo,2017-11-01,1.3317922499853538,1.1111720406772432,-0.00025,-0.004347285248913035
10y,50/50 Combo,2017-11-02,1.3397634675879575,1.1178227732748123,0.0059853311225465,0.0
10y,50/50 Combo,2017-11-03,1.3394285267210606,1.1175433175814935,-0.00025,-0.0002500000000000835
10y,50/50 Combo,2017-11-06,1.3394285267210606,1.1175433175814935,0.0,-0.0002500000000000835
10y,50/50 Combo,2017-11-07,1.3394285267210606,1.1175433175814935,0.0,-0.0002500000000000835
10y,50/50 Combo,2017-11-08,1.3394285267210606,1.1175433175814935,0.0,-0.0002500000000000835
10y,50/50 Combo,2017-11-09,1.340222106847302,1.1182054359023699,0.0005924766498619,0.0
10y,50/50 Combo,2017-11-10,1.3447426079777425,1.12197708607232,0.0033729492353131,0.0
10y,50/50 Combo,2017-11-13,1.3462930376414537,1.1232706767906706,0.0011529564501886,0.0
10y,50/50 Combo,2017-11-14,1.3463369812077874,1.123307340814116,3.264041713437019e-05,0.0
10y,50/50 Combo,2017-11-15,1.3484339824630234,1.1250569599188291,0.0015575604655492,0.0
10y,50/50 Combo,2017-11-16,1.356083808980325,1.1314395419935863,0.0056731190527611,0.0
10y,50/50 Combo,2017-11-17,1.3851747974471191,1.155711415493617,0.0214522054419838,0.0
10y,50/50 Combo,2017-11-20,1.384804686140917,1.1554026155772674,-0.000267194657948,-0.00026719465794811104
10y,50/50 Combo,2017-11-21,1.384804686140917,1.1554026155772674,0.0,-0.00026719465794811104
10y,50/50 Combo,2017-11-22,1.384804686140917,1.1554026155772674,0.0,-0.00026719465794811104
10y,50/50 Combo,2017-11-23,1.384804686140917,1.1554026155772674,0.0,-0.00026719465794811104
10y,50/50 Combo,2017-11-24,1.384804686140917,1.1554026155772674,0.0,-0.00026719465794811104
10y,50/50 Combo,2017-11-27,1.384804686140917,1.1554026155772674,0.0,-0.00026719465794811104
10y,50/50 Combo,2017-11-28,1.384804686140917,1.1554026155772674,0.0,-0.00026719465794811104
10y,50/50 Combo,2017-11-29,1.384804686140917,1.1554026155772674,0.0,-0.00026719465794811104
10y,50/50 Combo,2017-11-30,1.384804686140917,1.1554026155772674,0.0,-0.00026719465794811104
10y,50/50 Combo,2017-12-01,1.384804686140917,1.1554026155772674,0.0,-0.00026719465794811104
10y,50/50 Combo,2017-12-04,1.384804686140917,1.1554026155772674,0.0,-0.00026719465794811104
10y,50/50 Combo,2017-12-05,1.384804686140917,1.1554026155772674,0.0,-0.00026719465794811104
10y,50/50 Combo,2017-12-06,1.384804686140917,1.1554026155772674,0.0,-0.00026719465794811104
10y,50/50 Combo,2017-12-07,1.384804686140917,1.1554026155772674,0.0,-0.00026719465794811104
10y,50/50 Combo,2017-12-08,1.384804686140917,1.1554026155772674,0.0,-0.00026719465794811104
10y,50/50 Combo,2017-12-11,1.384804686140917,1.1554026155772674,0.0,-0.00026719465794811104
10y,50/50 Combo,2017-12-12,1.384804686140917,1.1554026155772674,0.0,-0.00026719465794811104
10y,50/50 Combo,2017-12-13,1.384804686140917,1.1554026155772674,0.0,-0.00026719465794811104
10y,50/50 Combo,2017-12-14,1.384804686140917,1.1554026155772674,0.0,-0.00026719465794811104
10y,50/50 Combo,2017-12-15,1.384804686140917,1.1554026155772674,0.0,-0.00026719465794811104
10y,50/50 Combo,2017-12-18,1.384804686140917,1.1554026155772674,0.0,-0.00026719465794811104
10y,50/50 Combo,2017-12-19,1.384804686140917,1.1554026155772674,0.0,-0.00026719465794811104
10y,50/50 Combo,2017-12-20,1.384804686140917,1.1554026155772674,0.0,-0.00026719465794811104
10y,50/50 Combo,2017-12-21,1.384804686140917,1.1554026155772674,0.0,-0.00026719465794811104
10y,50/50 Combo,2017-12-22,1.384804686140917,1.1554026155772674,0.0,-0.00026719465794811104
10y,50/50 Combo,2017-12-25,1.384804686140917,1.1554026155772674,0.0,-0.00026719465794811104
10y,50/50 Combo,2017-12-26,1.384804686140917,1.1554026155772674,0.0,-0.00026719465794811104
10y,50/50 Combo,2017-12-27,1.384804686140917,1.1554026155772674,0.0,-0.00026719465794811104
10y,50/50 Combo,2017-12-28,1.384804686140917,1.1554026155772674,0.0,-0.00026719465794811104
10y,50/50 Combo,2017-12-29,1.384804686140917,1.1554026155772674,0.0,-0.00026719465794811104
10y,50/50 Combo,2018-01-02,1.384804686140917,1.1554026155772674,0.0,-0.00026719465794811104
10y,50/50 Combo,2018-01-03,1.384804686140917,1.1554026155772674,0.0,-0.00026719465794811104
10y,50/50 Combo,2018-01-04,1.384804686140917,1.1554026155772674,0.0,-0.00026719465794811104
10y,50/50 Combo,2018-01-05,1.384804686140917,1.1554026155772674,0.0,-0.00026719465794811104
10y,50/50 Combo,2018-01-08,1.384804686140917,1.1554026155772674,0.0,-0.00026719465794811104
10y,50/50 Combo,2018-01-09,1.384804686140917,1.1554026155772674,0.0,-0.00026719465794811104
10y,50/50 Combo,2018-01-10,1.384804686140917,1.1554026155772674,0.0,-0.00026719465794811104
10y,50/50 Combo,2018-01-11,1.384804686140917,1.1554026155772674,0.0,-0.00026719465794811104
10y,50/50 Combo,2018-01-12,1.384804686140917,1.1554026155772674,0.0,-0.00026719465794811104
10y,50/50 Combo,2018-01-15,1.384804686140917,1.1554026155772674,0.0,-0.00026719465794811104
10y,50/50 Combo,2018-01-16,1.384804686140917,1.1554026155772674,0.0,-0.00026719465794811104
10y,50/50 Combo,2018-01-17,1.38454674383326,1.1551874031217366,-0.0001862662007419,-0.0004534110893562593
10y,50/50 Combo,2018-01-18,1.3871060036117997,1.1573227045629144,0.0018484459191708,0.0
10y,50/50 Combo,2018-01-19,1.3910724777085357,1.1606321059477116,0.0028595320663364,0.0
10y,50/50 Combo,2018-01-22,1.3917331671268052,1.16118334778679,0.0004749496729012,0.0
10y,50/50 Combo,2018-01-23,1.3985733980377126,1.1668904491309073,0.0049149011265062,0.0
10y,50/50 Combo,2018-01-24,1.3945409773047404,1.1635260256070619,-0.0028832385476729,-0.002883238547672806
10y,50/50 Combo,2018-01-25,1.3915601061059997,1.1610389554706069,-0.0021375285827038,-0.00501460412557031
10y,50/50 Combo,2018-01-26,1.3948010925856789,1.163743051068454,0.0023290308952219,-0.0026972523982842223
10y,50/50 Combo,2018-01-29,1.3903852878040128,1.1600587536034928,-0.0031659028696916,-0.005854616028867832
10y,50/50 Combo,2018-01-30,1.384669796593716,1.155290071377201,-0.0041107247468964,-0.009941274060770833
10y,50/50 Combo,2018-01-31,1.4047114829580007,1.1720117196194553,0.0144739824711909,0.0
10y,50/50 Combo,2018-02-01,1.4043603050872613,1.1717187166895504,-0.00025,-0.00024999999999997247
10y,50/50 Combo,2018-02-02,1.4043603050872613,1.1717187166895504,0.0,-0.00024999999999997247
10y,50/50 Combo,2018-02-05,1.4043603050872613,1.1717187166895504,0.0,-0.00024999999999997247
10y,50/50 Combo,2018-02-06,1.4043603050872613,1.1717187166895504,0.0,-0.00024999999999997247
10y,50/50 Combo,2018-02-07,1.4043603050872613,1.1717187166895504,0.0,-0.00024999999999997247
10y,50/50 Combo,2018-02-08,1.4043603050872613,1.1717187166895504,0.0,-0.00024999999999997247
10y,50/50 Combo,2018-02-09,1.4043603050872613,1.1717187166895504,0.0,-0.00024999999999997247
10y,50/50 Combo,2018-02-12,1.4043603050872613,1.1717187166895504,0.0,-0.00024999999999997247
10y,50/50 Combo,2018-02-13,1.4043603050872613,1.1717187166895504,0.0,-0.00024999999999997247
10y,50/50 Combo,2018-02-14,1.4043603050872613,1.1717187166895504,0.0,-0.00024999999999997247
10y,50/50 Combo,2018-02-22,1.4043603050872613,1.1717187166895504,0.0,-0.00024999999999997247
10y,50/50 Combo,2018-02-23,1.4043603050872613,1.1717187166895504,0.0,-0.00024999999999997247
10y,50/50 Combo,2018-02-26,1.4043603050872613,1.1717187166895504,0.0,-0.00024999999999997247
10y,50/50 Combo,2018-02-27,1.4043603050872613,1.1717187166895504,0.0,-0.00024999999999997247
10y,50/50 Combo,2018-02-28,1.4043603050872613,1.1717187166895504,0.0,-0.00024999999999997247
10y,50/50 Combo,2018-03-01,1.4043603050872613,1.1717187166895504,0.0,-0.00024999999999997247
10y,50/50 Combo,2018-03-02,1.4043603050872613,1.1717187166895504,0.0,-0.00024999999999997247
10y,50/50 Combo,2018-03-05,1.4043603050872613,1.1717187166895504,0.0,-0.00024999999999997247
10y,50/50 Combo,2018-03-06,1.4043603050872613,1.1717187166895504,0.0,-0.00024999999999997247
10y,50/50 Combo,2018-03-07,1.4043603050872613,1.1717187166895504,0.0,-0.00024999999999997247
10y,50/50 Combo,2018-03-08,1.4043603050872613,1.1717187166895504,0.0,-0.00024999999999997247
10y,50/50 Combo,2018-03-09,1.4043603050872613,1.1717187166895504,0.0,-0.00024999999999997247
10y,50/50 Combo,2018-03-12,1.4120906792525547,1.178168503160783,0.0055045518855027,0.0
10y,50/50 Combo,2018-03-13,1.4147046383259263,1.180349442596222,0.0018511269224972,0.0
10y,50/50 Combo,2018-03-14,1.4099168411930194,1.1763547757774448,-0.0033843086416771,-0.0033843086416770474
10y,50/50 Combo,2018-03-15,1.4048838300557098,1.1721555162786326,-0.0035697219795252,-0.006941949580258733
10y,50/50 Combo,2018-03-16,1.409881418616532,1.1763252211854267,0.0035572966631868,-0.003409347491149628
10y,50/50 Combo,2018-03-19,1.4083004147121647,1.1750061210519382,-0.0011213736726302,-0.004526898011262603
10y,50/50 Combo,2018-03-20,1.407884448963071,1.174659062784947,-0.0002953671991772,-0.004820928113253409
10y,50/50 Combo,2018-03-21,1.4054666067883452,1.1726417521846224,-0.0017173583929465,-0.0065300072448428725
10y,50/50 Combo,2018-03-22,1.411913623057633,1.178020777497544,0.0045871002826741,-0.0019728607602473858
10y,50/50 Combo,2018-03-23,1.3939059207364122,1.1629961703665148,-0.0127541104690408,-0.01470180914521213
10y,50/50 Combo,2018-03-26,1.3935574442562282,1.1627054213239232,-0.00025,-0.014948133692925802
10y,50/50 Combo,2018-03-27,1.4048247102399696,1.1721061900520375,0.0080852540598031,-0.006983739091749874
10y,50/50 Combo,2018-03-28,1.4129061521622963,1.1788488875805334,0.0057526336655528,-0.0012712803188079658
10y,50/50 Combo,2018-03-29,1.4086781441358387,1.1753212770941304,-0.0029924195743554,-0.004259895689052828
10y,50/50 Combo,2018-03-30,1.419914655601222,1.1846963859936008,0.0079766350547564,0.0
10y,50/50 Combo,2018-04-02,1.425926544949042,1.189712366042303,0.0042339793621432,0.0
10y,50/50 Combo,2018-04-03,1.4234772170660532,1.1876687855498815,-0.0017177097177024,-0.0017177097177023537
10y,50/50 Combo,2018-04-04,1.4184958218458168,1.1835125914495246,-0.0034994555308047,-0.0052111541997353905
10y,50/50 Combo,2018-04-09,1.4198806595284017,1.1846680215954664,0.0009762719503698,-0.004239969753039752
10y,50/50 Combo,2018-04-10,1.4066793915975415,1.1736536311554993,-0.0092974489385923,-0.013497997789352012
10y,50/50 Combo,2018-04-11,1.4087583685467244,1.1753882117998677,0.0014779323288599,-0.012040014587799908
10y,50/50 Combo,2018-04-12,1.4125465708585196,1.1785488733019467,0.0026890362438116,-0.009383354379590814
10y,50/50 Combo,2018-04-13,1.416929728903539,1.1822059321784708,0.0031030184317076,-0.006309452669474358
10y,50/50 Combo,2018-04-16,1.422344986512138,1.1867241164882278,0.0038218251040505,-0.0025117411900288378
10y,50/50 Combo,2018-04-17,1.4171094242223323,1.182355859777228,-0.0036809370015387,-0.006183432630483043
10y,50/50 Combo,2018-04-18,1.4241681023631922,1.1882452211204475,0.0049810395867867,-0.0012331929664110008
10y,50/50 Combo,2018-04-19,1.4173256354717232,1.1825362542007618,-0.0048045359814722,-0.006031804027904042
10y,50/50 Combo,2018-04-20,1.4117521886474975,1.177886085766947,-0.0039323685995212,-0.009940453350667622
10y,50/50 Combo,2018-04-23,1.4032376674917153,1.1707820514491591,-0.0060311726266488,-0.015911673387171255
10y,50/50 Combo,2018-04-24,1.403465303362903,1.1709719779302012,0.0001622218933123,-0.01575203271564163
10y,50/50 Combo,2018-04-25,1.4061764336806428,1.1732339915496213,0.0019317401799986,-0.013850721370156638
10y,50/50 Combo,2018-04-26,1.406000661626433,1.1730873373006778,-0.000125,-0.013973990029985117
10y,50/50 Combo,2018-04-27,1.406000661626433,1.1730873373006778,0.0,-0.013973990029985117
10y,50/50 Combo,2018-05-02,1.406000661626433,1.1730873373006778,0.0,-0.013973990029985117
10y,50/50 Combo,2018-05-03,1.406000661626433,1.1730873373006778,0.0,-0.013973990029985117
10y,50/50 Combo,2018-05-04,1.406000661626433,1.1730873373006778,0.0,-0.013973990029985117
10y,50/50 Combo,2018-05-07,1.406000661626433,1.1730873373006778,0.0,-0.013973990029985117
10y,50/50 Combo,2018-05-08,1.4104453032014546,1.1767956945531322,0.0031611945117297,-0.010856970018845336
10y,50/50 Combo,2018-05-09,1.4095025573340971,1.1760091207843757,-0.0006684029967114,-0.011518116184261018
10y,50/50 Combo,2018-05-10,1.4104136021989513,1.1767692450317122,0.000646359142886,-0.010879201881079381
10y,50/50 Combo,2018-05-11,1.4137745475586387,1.179573427526369,0.0023829501888292,-0.008522176288426997
10y,50/50 Combo,2018-05-14,1.425303635582071,1.1891926457387332,0.0081548278283417,-0.0004368453404403061
10y,50/50 Combo,2018-05-15,1.420549656055685,1.185226194415916,-0.0033354152811408,-0.003770803560957159
10y,50/50 Combo,2018-05-16,1.4189875193713002,1.183922836022425,-0.0010996705942136,-0.0048663275133782324
10y,50/50 Combo,2018-05-17,1.4170932789233834,1.1823423890540123,-0.0013349239666012,-0.006194755302752375
10y,50/50 Combo,2018-05-18,1.4210559603227062,1.1856486260268493,0.0027963447842568,-0.0034157331901761845
10y,50/50 Combo,2018-05-21,1.4162251080170492,1.1816180364099278,-0.0033994806964252,-0.006803602167557377
10y,50/50 Combo,2018-05-22,1.4106512337667845,1.1769675113560292,-0.003935726191205,-0.010712551243516888
10y,50/50 Combo,2018-05-23,1.4088737258811643,1.1754844594276175,-0.0012600619083382,-0.011959114674092275
10y,50/50 Combo,2018-05-24,1.406382812310023,1.1734061821917903,-0.0017680176195942,-0.013705988368227895
10y,50/50 Combo,2018-05-25,1.4137450518245058,1.1795488179560039,0.0052348759171694,-0.00854286159948825
10y,50/50 Combo,2018-05-28,1.4266008143061846,1.1902749382134135,0.0090934093562963,0.0
10y,50/50 Combo,2018-05-29,1.4271928822009443,1.1907689261389678,0.0004150200173885,0.0
10y,50/50 Combo,2018-05-30,1.4380109044410785,1.1997948713258344,0.0075799300676522,0.0
10y,50/50 Combo,2018-05-31,1.445545454155818,1.2060812729640804,0.0052395636858317,0.0
10y,50/50 Combo,2018-06-01,1.4483859628443885,1.2084512325700738,0.0019650082122315,0.0
10y,50/50 Combo,2018-06-04,1.4622871243050444,1.2200495745398448,0.0095976913732004,0.0
10y,50/50 Combo,2018-06-05,1.4565569169987869,1.215268614036382,-0.0039186608505364,-0.003918660850536271
10y,50/50 Combo,2018-06-06,1.4541349674025246,1.21324787643611,-0.0016627909064155,-0.005574935843324247
10y,50/50 Combo,2018-06-07,1.459072977414639,1.2173678723754964,0.003395840223095,-0.002198027211607223
10y,50/50 Combo,2018-06-08,1.4569044767090351,1.2155585981780512,-0.0014862181255979,-0.003680978589322814
10y,50/50 Combo,2018-06-11,1.4646547423999023,1.2220249810118653,0.005319680057799,0.0
10y,50/50 Combo,2018-06-12,1.468835636396315,1.22551328221943,0.0028545252852985,0.0
10y,50/50 Combo,2018-06-13,1.4762408417437505,1.2316917662417197,0.0050415479880397,0.0
10y,50/50 Combo,2018-06-14,1.4775701814575748,1.232800892025099,0.000900489727851,0.0
10y,50/50 Combo,2018-06-15,1.4945661685139235,1.2469813812274761,0.0115026597515542,0.0
10y,50/50 Combo,2018-06-19,1.5275660380997498,1.2745146037929092,0.0220798986896904,0.0
10y,50/50 Combo,2018-06-20,1.5270915850315814,1.2741187470187252,-0.0003105941454149,-0.00031059414541501074
10y,50/50 Combo,2018-06-21,1.5270915850315814,1.2741187470187252,0.0,-0.00031059414541501074
10y,50/50 Combo,2018-06-22,1.5270915850315814,1.2741187470187252,0.0,-0.00031059414541501074
10y,50/50 Combo,2018-06-25,1.5270915850315814,1.2741187470187252,0.0,-0.00031059414541501074
10y,50/50 Combo,2018-06-26,1.5270915850315814,1.2741187470187252,0.0,-0.00031059414541501074
10y,50/50 Combo,2018-06-27,1.5270915850315814,1.2741187470187252,0.0,-0.00031059414541501074
10y,50/50 Combo,2018-06-28,1.5270915850315814,1.2741187470187252,0.0,-0.00031059414541501074
10y,50/50 Combo,2018-06-29,1.5270915850315814,1.2741187470187252,0.0,-0.00031059414541501074
10y,50/50 Combo,2018-07-02,1.5270915850315814,1.2741187470187252,0.0,-0.00031059414541501074
10y,50/50 Combo,2018-07-03,1.5270915850315814,1.2741187470187252,0.0,-0.00031059414541501074
10y,50/50 Combo,2018-07-04,1.5270915850315814,1.2741187470187252,0.0,-0.00031059414541501074
10y,50/50 Combo,2018-07-05,1.5270915850315814,1.2741187470187252,0.0,-0.00031059414541501074
10y,50/50 Combo,2018-07-06,1.5270915850315814,1.2741187470187252,0.0,-0.00031059414541501074
10y,50/50 Combo,2018-07-09,1.5270915850315814,1.2741187470187252,0.0,-0.00031059414541501074
10y,50/50 Combo,2018-07-10,1.5270915850315814,1.2741187470187252,0.0,-0.00031059414541501074
10y,50/50 Combo,2018-07-11,1.5270915850315814,1.2741187470187252,0.0,-0.00031059414541501074
10y,50/50 Combo,2018-07-12,1.5270915850315814,1.2741187470187252,0.0,-0.00031059414541501074
10y,50/50 Combo,2018-07-13,1.5270915850315814,1.2741187470187252,0.0,-0.00031059414541501074
10y,50/50 Combo,2018-07-16,1.5270915850315814,1.2741187470187252,0.0,-0.00031059414541501074
10y,50/50 Combo,2018-07-17,1.5270915850315814,1.2741187470187252,0.0,-0.00031059414541501074
10y,50/50 Combo,2018-07-18,1.5270915850315814,1.2741187470187252,0.0,-0.00031059414541501074
10y,50/50 Combo,2018-07-19,1.5270915850315814,1.2741187470187252,0.0,-0.00031059414541501074
10y,50/50 Combo,2018-07-20,1.5270915850315814,1.2741187470187252,0.0,-0.00031059414541501074
10y,50/50 Combo,2018-07-23,1.5270915850315814,1.2741187470187252,0.0,-0.00031059414541501074
10y,50/50 Combo,2018-07-24,1.5270915850315814,1.2741187470187252,0.0,-0.00031059414541501074
10y,50/50 Combo,2018-07-25,1.5270915850315814,1.2741187470187252,0.0,-0.00031059414541501074
10y,50/50 Combo,2018-07-26,1.5270915850315814,1.2741187470187252,0.0,-0.00031059414541501074
10y,50/50 Combo,2018-07-27,1.5270915850315814,1.2741187470187252,0.0,-0.00031059414541501074
10y,50/50 Combo,2018-07-30,1.5270915850315814,1.2741187470187252,0.0,-0.00031059414541501074
10y,50/50 Combo,2018-07-31,1.5270915850315814,1.2741187470187252,0.0,-0.00031059414541501074
10y,50/50 Combo,2018-08-01,1.5270915850315814,1.2741187470187252,0.0,-0.00031059414541501074
10y,50/50 Combo,2018-08-02,1.5270915850315814,1.2741187470187252,0.0,-0.00031059414541501074
10y,50/50 Combo,2018-08-03,1.5270915850315814,1.2741187470187252,0.0,-0.00031059414541501074
10y,50/50 Combo,2018-08-06,1.5270915850315814,1.2741187470187252,0.0,-0.00031059414541501074
10y,50/50 Combo,2018-08-07,1.5270915850315814,1.2741187470187252,0.0,-0.00031059414541501074
10y,50/50 Combo,2018-08-08,1.5270915850315814,1.2741187470187252,0.0,-0.00031059414541501074
10y,50/50 Combo,2018-08-09,1.5270915850315814,1.2741187470187252,0.0,-0.00031059414541501074
10y,50/50 Combo,2018-08-10,1.5270915850315814,1.2741187470187252,0.0,-0.00031059414541501074
10y,50/50 Combo,2018-08-13,1.5270915850315814,1.2741187470187252,0.0,-0.00031059414541501074
10y,50/50 Combo,2018-08-14,1.5275758457232704,1.2745227867186182,0.0003171130640989,0.0
10y,50/50 Combo,2018-08-15,1.52899981088829,1.2757108626203106,0.0009321731349747,0.0
10y,50/50 Combo,2018-08-16,1.5261010104705797,1.2732922676962908,-0.0018958801675889,-0.0018958801675891257
10y,50/50 Combo,2018-08-17,1.52463697571932,1.2720707600007795,-0.0009593301761908,-0.0028533915687245504
10y,50/50 Combo,2018-08-20,1.5216866921902388,1.269609210483862,-0.0019350727917963,-0.004782942840132032
10y,50/50 Combo,2018-08-21,1.519168857724651,1.2675084719781038,-0.0016546339522518,-0.006429662772769018
10y,50/50 Combo,2018-08-22,1.5169003855449157,1.2656157872435263,-0.0014932324133691,-0.007913294205278643
10y,50/50 Combo,2018-08-23,1.517815022669125,1.266378908668657,0.0006029645274833,-0.007315101113496647
10y,50/50 Combo,2018-08-24,1.5159405633524297,1.264814965956029,-0.0012349721729588,-0.008541039340138057
10y,50/50 Combo,2018-08-27,1.515089699511311,1.2641050533471483,-0.0005612778374615,-0.009097523281509146
10y,50/50 Combo,2018-08-28,1.5161035590310432,1.264950960320637,0.0006691745842236,-0.008434436528644729
10y,50/50 Combo,2018-08-29,1.51682608971525,1.265553799010253,0.0004765707988105,-0.007961885335988295
10y,50/50 Combo,2018-08-30,1.5220057568685226,1.269875419984391,0.0034148062117292,-0.004574267419761302
10y,50/50 Combo,2018-08-31,1.5266641978575648,1.2737621593615163,0.0030607249466827,-0.0015275430474831486
10y,50/50 Combo,2018-09-03,1.5243455072497851,1.271827575214196,-0.0015187954306083,-0.0030440184526909775
10y,50/50 Combo,2018-09-04,1.5250865531182929,1.2724458619251708,0.0004861403566205,-0.0025593579162863644
10y,50/50 Combo,2018-09-05,1.5221612260122444,1.2700051346344752,-0.001918138416516,-0.0044725871300617115
10y,50/50 Combo,2018-09-06,1.5170278197961549,1.2657221111667982,-0.0033724457885043,-0.007829949360935506
10y,50/50 Combo,2018-09-07,1.5189767433629362,1.2673481826331612,0.0012846986333073,-0.006555309852871005
10y,50/50 Combo,2018-09-10,1.522947226509306,1.2706609289419604,0.0026139196427586,-0.003958525263301205
10y,50/50 Combo,2018-09-11,1.521310986371499,1.2692957428230405,-0.001074390569368,-0.005028662830457886
10y,50/50 Combo,2018-09-12,1.5169203738900574,1.2656324643868728,-0.0028860716321479,-0.00790022138146318
10y,50/50 Combo,2018-09-13,1.516541143796585,1.2653160562707761,-0.00025,-0.00814824632611777
10y,50/50 Combo,2018-09-14,1.516541143796585,1.2653160562707761,0.0,-0.00814824632611777
10y,50/50 Combo,2018-09-17,1.516541143796585,1.2653160562707761,0.0,-0.00814824632611777
10y,50/50 Combo,2018-09-18,1.5154696857810273,1.2644220923738845,-0.0007065143072052,-0.008849003780714848
10y,50/50 Combo,2018-09-19,1.5152802520703046,1.2642640396123377,-0.000125,-0.00897289765524234
10y,50/50 Combo,2018-09-20,1.517180063958967,1.265849135075426,0.0012537693182938,-0.007730378280724759
10y,50/50 Combo,2018-09-21,1.5308060920300726,1.277217921324379,0.0089811541785946,0.0
10y,50/50 Combo,2018-09-25,1.5263489810249518,1.273499160285531,-0.0029116104438871,-0.0029116104438873247
10y,50/50 Combo,2018-09-26,1.5315167708063229,1.2778108714531102,0.003385719678537,0.0
10y,50/50 Combo,2018-09-27,1.539463619465985,1.2844412719845797,0.0051888747228527,0.0
10y,50/50 Combo,2018-09-28,1.5409569165704828,1.285687194530653,0.0009700112984909,0.0
10y,50/50 Combo,2018-10-08,1.5337996083617669,1.27971554184374,-0.0046447166249432,-0.004644716624943035
10y,50/50 Combo,2018-10-09,1.5330784668985042,1.279113862241415,-0.0004701666758362,-0.005112699509803753
10y,50/50 Combo,2018-10-10,1.5324274805434694,1.278570716088864,-0.0004246268988121,-0.005535155418878501
10y,50/50 Combo,2018-10-11,1.5538961547708616,1.2964829622009348,0.0140095857715749,0.0
10y,50/50 Combo,2018-10-12,1.57064015791871,1.3104532102986433,0.0107754968673035,0.0
10y,50/50 Combo,2018-10-15,1.571898742652429,1.3115033021331222,0.0008013195940352,0.0
10y,50/50 Combo,2018-10-16,1.5833665381770374,1.3210713813551545,0.007295505246895,0.0
10y,50/50 Combo,2018-10-17,1.5820219464000695,1.319949530113936,-0.0008491980501974,-0.0008491980501975638
10y,50/50 Combo,2018-10-18,1.5898558332907011,1.3264856817417845,0.0049518193527327,0.0
10y,50/50 Combo,2018-10-19,1.5957848041402405,1.33143247929078,0.0037292506184458,0.0
10y,50/50 Combo,2018-10-22,1.5906920776558418,1.3271833966877367,-0.003191361686855,-0.0031913616868551875
10y,50/50 Combo,2018-10-23,1.5825973959423814,1.3204296526272217,-0.0050887798004182,-0.008263901350385572
10y,50/50 Combo,2018-10-24,1.5822017465933955,1.3200995452140647,-0.00025,-0.008511835375048071
10y,50/50 Combo,2018-10-25,1.5822017465933955,1.3200995452140647,0.0,-0.008511835375048071
10y,50/50 Combo,2018-10-26,1.5822017465933955,1.3200995452140647,0.0,-0.008511835375048071
10y,50/50 Combo,2018-10-29,1.5822017465933955,1.3200995452140647,0.0,-0.008511835375048071
10y,50/50 Combo,2018-10-30,1.5822017465933955,1.3200995452140647,0.0,-0.008511835375048071
10y,50/50 Combo,2018-10-31,1.5822017465933955,1.3200995452140647,0.0,-0.008511835375048071
10y,50/50 Combo,2018-11-01,1.5822017465933955,1.3200995452140647,0.0,-0.008511835375048071
10y,50/50 Combo,2018-11-02,1.5822017465933955,1.3200995452140647,0.0,-0.008511835375048071
10y,50/50 Combo,2018-11-05,1.5822017465933955,1.3200995452140647,0.0,-0.008511835375048071
10y,50/50 Combo,2018-11-06,1.5822017465933955,1.3200995452140647,0.0,-0.008511835375048071
10y,50/50 Combo,2018-11-07,1.5822017465933955,1.3200995452140647,0.0,-0.008511835375048071
10y,50/50 Combo,2018-11-08,1.5822017465933955,1.3200995452140647,0.0,-0.008511835375048071
10y,50/50 Combo,2018-11-09,1.5822017465933955,1.3200995452140647,0.0,-0.008511835375048071
10y,50/50 Combo,2018-11-12,1.5822017465933955,1.3200995452140647,0.0,-0.008511835375048071
10y,50/50 Combo,2018-11-13,1.5894512107274126,1.3261480875867213,0.0045818835364236,-0.003968952076994103
10y,50/50 Combo,2018-11-14,1.597625442950963,1.3329682040883095,0.0051428015961622,0.0
10y,50/50 Combo,2018-11-15,1.6015655603705454,1.336255614954136,0.002466233519857,0.0
10y,50/50 Combo,2018-11-16,1.60645926673239,1.3403386464364304,0.0030555766700631,0.0
10y,50/50 Combo,2018-11-19,1.600440885979583,1.3353172503269826,-0.0037463637438184,-0.003746363743818204
10y,50/50 Combo,2018-11-20,1.5977386859138,1.33306268760412,-0.0016884097934857,-0.005428448140068931
10y,50/50 Combo,2018-11-21,1.60155876208124,1.3362499428464925,0.0023909267523652,-0.0030505004095857657
10y,50/50 Combo,2018-11-22,1.6050776443746406,1.3391858989754637,0.002197160901438,-0.0008600419483774102
10y,50/50 Combo,2018-11-23,1.5879954707303223,1.3249335005643985,-0.0106425839922365,-0.011493472871941468
10y,50/50 Combo,2018-11-26,1.5871242644760384,1.3242066153978616,-0.0005486201128038,-0.012035787434361622
10y,50/50 Combo,2018-11-27,1.5906826129673473,1.3271754998875946,0.0022420100120412,-0.009820761778251197
10y,50/50 Combo,2018-11-28,1.5902498653690171,1.3268144397958725,-0.0002720515046825,-0.01009014152991472
10y,50/50 Combo,2018-11-29,1.5815623543914772,1.3195660725663552,-0.0054629848847834,-0.015498004124035014
10y,50/50 Combo,2018-11-30,1.578052510866524,1.3166376578739563,-0.0022192255115376,-0.017682836069442764
10y,50/50 Combo,2018-12-03,1.5799034010860349,1.318181935866493,0.0011728952026409,-0.016530680980396784
10y,50/50 Combo,2018-12-04,1.5852743211530644,1.3226631274421772,0.0033995243401196,-0.01318735309262875
10y,50/50 Combo,2018-12-05,1.5843070833236357,1.3218561189671252,-0.000610139088562,-0.013789446061594157
10y,50/50 Combo,2018-12-06,1.5873490776654633,1.324394186793075,0.0019200787359013,-0.011895844147855494
10y,50/50 Combo,2018-12-07,1.587541943127721,1.3245551028137796,0.0001215016060244,-0.011775787906000201
10y,50/50 Combo,2018-12-10,1.5872966731535316,1.3243504634357237,-0.0001544966892062,-0.011928465274962163
10y,50/50 Combo,2018-12-11,1.5870982610693871,1.324184919627794,-0.000125,-0.01205197421680293
10y,50/50 Combo,2018-12-12,1.5870982610693871,1.324184919627794,0.0,-0.01205197421680293
10y,50/50 Combo,2018-12-13,1.5870982610693871,1.324184919627794,0.0,-0.01205197421680293
10y,50/50 Combo,2018-12-14,1.5870982610693871,1.324184919627794,0.0,-0.01205197421680293
10y,50/50 Combo,2018-12-17,1.586236585769829,1.32346598655019,-0.0005429249849834,-0.01258835588386542
10y,50/50 Combo,2018-12-18,1.5860383061966077,1.3233005533018711,-0.000125,-0.012711782339380084
10y,50/50 Combo,2018-12-19,1.5860383061966077,1.3233005533018711,0.0,-0.012711782339380084
10y,50/50 Combo,2018-12-20,1.5904208938214914,1.3269571362521342,0.002763229367009,-0.009983678542638263
10y,50/50 Combo,2018-12-21,1.5925078945969968,1.328698411522837,0.0013122317391661,-0.008684547703329604
10y,50/50 Combo,2018-12-24,1.594916296264805,1.3307078454987582,0.0015123326395926,-0.007185348988688611
10y,50/50 Combo,2018-12-25,1.593831338144363,1.329802617878794,-0.0006802602261841,-0.007860721307744511
10y,50/50 Combo,2018-12-26,1.5940705268200115,1.330002183365701,0.0001500715100299,-0.007711829468031173
10y,50/50 Combo,2018-12-27,1.5893897460676352,1.3260968049550383,-0.002936369924431,-0.010625554608349908
10y,50/50 Combo,2018-12-28,1.5872097086079922,1.3242779051432914,-0.0013716191796483,-0.011982599573503228
10y,50/50 Combo,2019-01-02,1.5907518561246006,1.3272332724571145,0.0022316821132067,-0.009777658813434398
10y,50/50 Combo,2019-01-03,1.588520184569109,1.3253712920795713,-0.0014029036313233,-0.011166845331702535
10y,50/50 Combo,2019-01-04,1.5899533600733315,1.326567052566759,0.0009022079279473,-0.010274712220143867
10y,50/50 Combo,2019-01-07,1.6018677665191636,1.3365077586521257,0.0074935571979813,-0.002858149165876789
10y,50/50 Combo,2019-01-08,1.602009447558419,1.3366259692885942,8.844740010183205e-05,-0.0027699545616378662
10y,50/50 Combo,2019-01-09,1.59568140812337,1.3313462115091004,-0.0039500637431904,-0.006709076807744352
10y,50/50 Combo,2019-01-10,1.595052645837475,1.3308216078614021,-0.0003940399898715,-0.007100473153058284
10y,50/50 Combo,2019-01-11,1.5961206717327752,1.3317127081914948,0.0006695866108792,-0.006435640923933228
10y,50/50 Combo,2019-01-14,1.5983659654489,1.3335860541285158,0.0014067192762358,-0.005037974787840183
10y,50/50 Combo,2019-01-15,1.5947382862732338,1.3305593240416036,-0.0022696173805524,-0.0072961578932512205
10y,50/50 Combo,2019-01-16,1.5931739536132314,1.3292541334504044,-0.0009809337829706,-0.008269934628458597
10y,50/50 Combo,2019-01-17,1.5951788669919178,1.3309269196453988,0.0012584397166041,-0.007021902126044588
10y,50/50 Combo,2019-01-18,1.6042997721882697,1.3385368864701535,0.0057177946530544,-0.001344257267420712
10y,50/50 Combo,2019-01-21,1.603748596275115,1.3380770164985427,-0.0003435616726435,-0.0016873571047889557
10y,50/50 Combo,2019-01-22,1.6020184545844989,1.3366334842411325,-0.0010788110397318,-0.002764347805048306
10y,50/50 Combo,2019-01-23,1.6003182315041633,1.3352149143779997,-0.0010613005583487,-0.0038227145595280954
10y,50/50 Combo,2019-01-24,1.60030844558546,1.3352067495615612,-6.114982952054593e-06,-0.003828806166645604
10y,50/50 Combo,2019-01-25,1.6116824829950005,1.3446966023214322,0.0071074032264946,0.0
10y,50/50 Combo,2019-01-28,1.6181259475845915,1.3500726643139285,0.0039979739542846,0.0
10y,50/50 Combo,2019-01-29,1.635240208295888,1.3643518343567507,0.0105765937051088,0.0
10y,50/50 Combo,2019-01-30,1.6409864111759074,1.3691461406612113,0.0035139809129371,0.0
10y,50/50 Combo,2019-01-31,1.6623997763251177,1.3870122400103229,0.0130490813350888,0.0
10y,50/50 Combo,2019-02-01,1.6503501553388245,1.3769587185689163,-0.0072483292875134,-0.007248329287513511
10y,50/50 Combo,2019-02-11,1.64993756779999,1.3766144788892742,-0.00025,-0.007496517205191511
10y,50/50 Combo,2019-02-12,1.64993756779999,1.3766144788892742,0.0,-0.007496517205191511
10y,50/50 Combo,2019-02-13,1.64993756779999,1.3766144788892742,0.0,-0.007496517205191511
10y,50/50 Combo,2019-02-14,1.64993756779999,1.3766144788892742,0.0,-0.007496517205191511
10y,50/50 Combo,2019-02-15,1.64993756779999,1.3766144788892742,0.0,-0.007496517205191511
10y,50/50 Combo,2019-02-18,1.64993756779999,1.3766144788892742,0.0,-0.007496517205191511
10y,50/50 Combo,2019-02-19,1.64993756779999,1.3766144788892742,0.0,-0.007496517205191511
10y,50/50 Combo,2019-02-20,1.64993756779999,1.3766144788892742,0.0,-0.007496517205191511
10y,50/50 Combo,2019-02-21,1.64993756779999,1.3766144788892742,0.0,-0.007496517205191511
10y,50/50 Combo,2019-02-22,1.64993756779999,1.3766144788892742,0.0,-0.007496517205191511
10y,50/50 Combo,2019-02-25,1.64993756779999,1.3766144788892742,0.0,-0.007496517205191511
10y,50/50 Combo,2019-02-26,1.64993756779999,1.3766144788892742,0.0,-0.007496517205191511
10y,50/50 Combo,2019-02-27,1.6488457115698971,1.3757034958772227,-0.0006617560878674,-0.008153312427160664
10y,50/50 Combo,2019-02-28,1.653995351880167,1.3800000641538286,0.0031231790058553,-0.005055597675505785
10y,50/50 Combo,2019-03-01,1.6414416637999218,1.369525977672018,-0.0075899173876002,-0.01260714349440406
10y,50/50 Combo,2019-03-04,1.6496715017417694,1.3763924884362804,0.0050137864313712,-0.0076565665880233835
10y,50/50 Combo,2019-03-05,1.6706664661691388,1.3939094979150206,0.0127267546327873,0.0
10y,50/50 Combo,2019-03-06,1.6816742994222702,1.4030938106630872,0.0065888874147168,0.0
10y,50/50 Combo,2019-03-07,1.705089446724822,1.422630083690071,0.0139237112148266,0.0
10y,50/50 Combo,2019-03-08,1.703494703343738,1.4212995201152077,-0.0009352842949952,-0.0009352842949953422
10y,50/50 Combo,2019-03-11,1.7229990416136929,1.4375728355348787,0.0114496031197924,0.0
10y,50/50 Combo,2019-03-12,1.736078665494203,1.4484857330673258,0.0075911962599006,0.0
10y,50/50 Combo,2019-03-13,1.7230046182405514,1.437577488356553,-0.0075307919586294,-0.007530791958629268
10y,50/50 Combo,2019-03-14,1.7027191504998094,1.4206524427378986,-0.0117733101385744,-0.019215439747885643
10y,50/50 Combo,2019-03-15,1.7051731336686158,1.4226999073372009,0.0014412142883847,-0.017801919025823287
10y,50/50 Combo,2019-03-18,1.7015243792003054,1.4196555932194943,-0.0021398146594417,-0.019903640877967477
10y,50/50 Combo,2019-03-19,1.7091641629255352,1.4260297961572195,0.0044899643041378,-0.015503043210894019
10y,50/50 Combo,2019-03-20,1.7065723140064053,1.4238673041824927,-0.0015164423496299,-0.01699597608925063
10y,50/50 Combo,2019-03-21,1.715528756138639,1.431340052339265,0.0052482054576444,-0.01183696900607567
10y,50/50 Combo,2019-03-22,1.7196459662282386,1.434775219301085,0.0023999656519119,-0.00946541167320114
10y,50/50 Combo,2019-03-25,1.7327683344190892,1.4457237802656842,0.0076308545180564,-0.0019067863345764158
10y,50/50 Combo,2019-03-26,1.7172508139803797,1.4327768398909213,-0.0089553347267924,-0.010845045151490096
10y,50/50 Combo,2019-03-27,1.7129961548942472,1.4292269932694412,-0.0024775991087002,-0.013295774585989184
10y,50/50 Combo,2019-03-28,1.708699103885025,1.425641777227777,-0.002508500090292,-0.015770922224531803
10y,50/50 Combo,2019-03-29,1.7045084349401425,1.4221453203567154,-0.002452549389974,-0.018184792648824888
10y,50/50 Combo,2019-04-01,1.7143328744968869,1.430342276414162,0.0057637963857242,-0.012525809705245083
10y,50/50 Combo,2019-04-02,1.7139042912782627,1.4299846908450586,-0.00025,-0.012772678252818692
10y,50/50 Combo,2019-04-03,1.7139042912782627,1.4299846908450586,0.0,-0.012772678252818692
10y,50/50 Combo,2019-04-04,1.7139042912782627,1.4299846908450586,0.0,-0.012772678252818692
10y,50/50 Combo,2019-04-08,1.7139042912782627,1.4299846908450586,0.0,-0.012772678252818692
10y,50/50 Combo,2019-04-09,1.7139042912782627,1.4299846908450586,0.0,-0.012772678252818692
10y,50/50 Combo,2019-04-10,1.7139042912782627,1.4299846908450586,0.0,-0.012772678252818692
10y,50/50 Combo,2019-04-11,1.7139042912782627,1.4299846908450586,0.0,-0.012772678252818692
10y,50/50 Combo,2019-04-12,1.7139042912782627,1.4299846908450586,0.0,-0.012772678252818692
10y,50/50 Combo,2019-04-15,1.7139042912782627,1.4299846908450586,0.0,-0.012772678252818692
10y,50/50 Combo,2019-04-16,1.7139042912782627,1.4299846908450586,0.0,-0.012772678252818692
10y,50/50 Combo,2019-04-17,1.7139042912782627,1.4299846908450586,0.0,-0.012772678252818692
10y,50/50 Combo,2019-04-18,1.7139042912782627,1.4299846908450586,0.0,-0.012772678252818692
10y,50/50 Combo,2019-04-19,1.7164242103259166,1.4320871686080534,0.0014702799103062,-0.011321177754748502
10y,50/50 Combo,2019-04-22,1.7051838136744202,1.4227088181292888,-0.0065487287955243,-0.017795767227511083
10y,50/50 Combo,2019-04-23,1.7197319070067514,1.434846923420281,0.0085316862708086,-0.009415908859635835
10y,50/50 Combo,2019-04-24,1.711576657680356,1.428042645173173,-0.004742163178556,-0.014113420261905096
10y,50/50 Combo,2019-04-25,1.7287947061092586,1.4424084098105883,0.0100597588496198,-0.004195639016663311
10y,50/50 Combo,2019-04-26,1.7283625074327311,1.4420478077081353,-0.00025,-0.004444590106909341
10y,50/50 Combo,2019-04-29,1.7283625074327311,1.4420478077081353,0.0,-0.004444590106909341
10y,50/50 Combo,2019-04-30,1.7283625074327311,1.4420478077081353,0.0,-0.004444590106909341
10y,50/50 Combo,2019-05-06,1.7283625074327311,1.4420478077081353,0.0,-0.004444590106909341
10y,50/50 Combo,2019-05-07,1.7283625074327311,1.4420478077081353,0.0,-0.004444590106909341
10y,50/50 Combo,2019-05-08,1.7283625074327311,1.4420478077081353,0.0,-0.004444590106909341
10y,50/50 Combo,2019-05-09,1.7283625074327311,1.4420478077081353,0.0,-0.004444590106909341
10y,50/50 Combo,2019-05-10,1.7283625074327311,1.4420478077081353,0.0,-0.004444590106909341
10y,50/50 Combo,2019-05-13,1.7283625074327311,1.4420478077081353,0.0,-0.004444590106909341
10y,50/50 Combo,2019-05-14,1.7283625074327311,1.4420478077081353,0.0,-0.004444590106909341
10y,50/50 Combo,2019-05-15,1.7283625074327311,1.4420478077081353,0.0,-0.004444590106909341
10y,50/50 Combo,2019-05-16,1.7283625074327311,1.4420478077081353,0.0,-0.004444590106909341
10y,50/50 Combo,2019-05-17,1.7283625074327311,1.4420478077081353,0.0,-0.004444590106909341
10y,50/50 Combo,2019-05-20,1.7283625074327311,1.4420478077081353,0.0,-0.004444590106909341
10y,50/50 Combo,2019-05-21,1.7283625074327311,1.4420478077081353,0.0,-0.004444590106909341
10y,50/50 Combo,2019-05-22,1.7283625074327311,1.4420478077081353,0.0,-0.004444590106909341
10y,50/50 Combo,2019-05-23,1.7283625074327311,1.4420478077081353,0.0,-0.004444590106909341
10y,50/50 Combo,2019-05-24,1.7283625074327311,1.4420478077081353,0.0,-0.004444590106909341
10y,50/50 Combo,2019-05-27,1.7283625074327311,1.4420478077081353,0.0,-0.004444590106909341
10y,50/50 Combo,2019-05-28,1.7283625074327311,1.4420478077081353,0.0,-0.004444590106909341
10y,50/50 Combo,2019-05-29,1.7283625074327311,1.4420478077081353,0.0,-0.004444590106909341
10y,50/50 Combo,2019-05-30,1.7280506909462496,1.4417876456884178,-0.0001804115080839,-0.004624199759789227
10y,50/50 Combo,2019-05-31,1.7287795302827098,1.4423957479602467,0.0004217696507854,-0.0042043804561214815
10y,50/50 Combo,2019-06-03,1.7221039244036405,1.4368260004208058,-0.0038614558780538,-0.008049601304549459
10y,50/50 Combo,2019-06-04,1.72188866141309,1.436646397170753,-0.000125,-0.008173595104386422
10y,50/50 Combo,2019-06-05,1.72188866141309,1.436646397170753,0.0,-0.008173595104386422
10y,50/50 Combo,2019-06-06,1.72188866141309,1.436646397170753,0.0,-0.008173595104386422
10y,50/50 Combo,2019-06-10,1.72188866141309,1.436646397170753,0.0,-0.008173595104386422
10y,50/50 Combo,2019-06-11,1.72188866141309,1.436646397170753,0.0,-0.008173595104386422
10y,50/50 Combo,2019-06-12,1.7189496842776473,1.4341942810684636,-0.0017068334331389,-0.009866477572132104
10y,50/50 Combo,2019-06-13,1.7128841983034753,1.429133583029641,-0.0035286000687803,-0.01336026278747282
10y,50/50 Combo,2019-06-14,1.7256671992951336,1.4397989952198955,0.0074628518403749,-0.005997116608829178
10y,50/50 Combo,2019-06-17,1.7277267207798732,1.4415173433263977,0.0011934638878116,-0.00481081006312134
10y,50/50 Combo,2019-06-18,1.7307163074228324,1.4440116851359968,0.0017303585150374,-0.0030887759742408427
10y,50/50 Combo,2019-06-19,1.729822711169456,1.4432661190220502,-0.000516315845378,-0.003603497035640446
10y,50/50 Combo,2019-06-20,1.742110882253865,1.4535186731574297,0.007103717048611,0.0
10y,50/50 Combo,2019-06-21,1.7290270479954513,1.4426022627240724,-0.0075103338092269,-0.007510333809227165
10y,50/50 Combo,2019-06-24,1.7285947912334525,1.4422416121583916,-0.00025,-0.007758456225774646
10y,50/50 Combo,2019-06-25,1.7285947912334525,1.4422416121583916,0.0,-0.007758456225774646
10y,50/50 Combo,2019-06-26,1.7285947912334525,1.4422416121583916,0.0,-0.007758456225774646
10y,50/50 Combo,2019-06-27,1.7299112353687005,1.4433399786012187,0.0007615689587427,-0.007002795866461242
10y,50/50 Combo,2019-06-28,1.7294787575598582,1.4429791436065684,-0.00025,-0.00725104516749453
10y,50/50 Combo,2019-07-01,1.7294787575598582,1.4429791436065684,0.0,-0.00725104516749453
10y,50/50 Combo,2019-07-02,1.7294787575598582,1.4429791436065684,0.0,-0.00725104516749453
10y,50/50 Combo,2019-07-03,1.7294787575598582,1.4429791436065684,0.0,-0.00725104516749453
10y,50/50 Combo,2019-07-04,1.7294787575598582,1.4429791436065684,0.0,-0.00725104516749453
10y,50/50 Combo,2019-07-05,1.7294787575598582,1.4429791436065684,0.0,-0.00725104516749453
10y,50/50 Combo,2019-07-08,1.7294787575598582,1.4429791436065684,0.0,-0.00725104516749453
10y,50/50 Combo,2019-07-09,1.7294787575598582,1.4429791436065684,0.0,-0.00725104516749453
10y,50/50 Combo,2019-07-10,1.7294787575598582,1.4429791436065684,0.0,-0.00725104516749453
10y,50/50 Combo,2019-07-11,1.7294787575598582,1.4429791436065684,0.0,-0.00725104516749453
10y,50/50 Combo,2019-07-12,1.7294787575598582,1.4429791436065684,0.0,-0.00725104516749453
10y,50/50 Combo,2019-07-15,1.7320220292164463,1.4451011054641167,0.0014705422922781,-0.005791165843798685
10y,50/50 Combo,2019-07-16,1.7318055264627945,1.444920467825934,-0.000125,-0.005915441948068034
10y,50/50 Combo,2019-07-17,1.7321840400153474,1.4452362781008614,0.0002185658532491,-0.005698169008435672
10y,50/50 Combo,2019-07-18,1.7285103602414895,1.442171167719601,-0.0021208368677876,-0.00780692098931135
10y,50/50 Combo,2019-07-19,1.7261149581998043,1.4401725798956133,-0.0013858187354748,-0.009181920747412975
10y,50/50 Combo,2019-07-22,1.7258991938300294,1.4399925583231266,-0.000125,-0.009305773007319385
10y,50/50 Combo,2019-07-23,1.7258991938300294,1.4399925583231266,0.0,-0.009305773007319385
10y,50/50 Combo,2019-07-24,1.7258991938300294,1.4399925583231266,0.0,-0.009305773007319385
10y,50/50 Combo,2019-07-25,1.7258991938300294,1.4399925583231266,0.0,-0.009305773007319385
10y,50/50 Combo,2019-07-26,1.7258991938300294,1.4399925583231266,0.0,-0.009305773007319385
10y,50/50 Combo,2019-07-29,1.7258991938300294,1.4399925583231266,0.0,-0.009305773007319385
10y,50/50 Combo,2019-07-30,1.7258991938300294,1.4399925583231266,0.0,-0.009305773007319385
10y,50/50 Combo,2019-07-31,1.7258991938300294,1.4399925583231266,0.0,-0.009305773007319385
10y,50/50 Combo,2019-08-01,1.7258991938300294,1.4399925583231266,0.0,-0.009305773007319385
10y,50/50 Combo,2019-08-02,1.7258991938300294,1.4399925583231266,0.0,-0.009305773007319385
10y,50/50 Combo,2019-08-05,1.7258991938300294,1.4399925583231266,0.0,-0.009305773007319385
10y,50/50 Combo,2019-08-06,1.7258991938300294,1.4399925583231266,0.0,-0.009305773007319385
10y,50/50 Combo,2019-08-07,1.7258991938300294,1.4399925583231266,0.0,-0.009305773007319385
10y,50/50 Combo,2019-08-08,1.7258991938300294,1.4399925583231266,0.0,-0.009305773007319385
10y,50/50 Combo,2019-08-09,1.7258991938300294,1.4399925583231266,0.0,-0.009305773007319385
10y,50/50 Combo,2019-08-12,1.7258991938300294,1.4399925583231266,0.0,-0.009305773007319385
10y,50/50 Combo,2019-08-13,1.7258991938300294,1.4399925583231266,0.0,-0.009305773007319385
10y,50/50 Combo,2019-08-14,1.7258991938300294,1.4399925583231266,0.0,-0.009305773007319385
10y,50/50 Combo,2019-08-15,1.7258991938300294,1.4399925583231266,0.0,-0.009305773007319385
10y,50/50 Combo,2019-08-16,1.7258991938300294,1.4399925583231266,0.0,-0.009305773007319385
10y,50/50 Combo,2019-08-19,1.7340172944544778,1.4467658417968745,0.004703693386885,-0.004645851123388889
10y,50/50 Combo,2019-08-20,1.7368147928842863,1.449099916078412,0.0016133048031039,-0.003040041494216883
10y,50/50 Combo,2019-08-21,1.7384142300765797,1.4504343959035613,0.0009209025618885,-0.002121938514328514
10y,50/50 Combo,2019-08-22,1.7393861948816494,1.451245348299423,0.0005591100143184,-0.0015640148970831325
10y,50/50 Combo,2019-08-23,1.731334825951022,1.4445277419723184,-0.0046288564059663,-0.006185631702674055
10y,50/50 Combo,2019-08-26,1.7390886215847818,1.450997069990599,0.0044785072867119,-0.0017348268126153865
10y,50/50 Combo,2019-08-27,1.7437250360744538,1.4548654317039,0.0026660024291614,0.0
10y,50/50 Combo,2019-08-28,1.7452763606954047,1.4561597691238946,0.0008896612647387,0.0
10y,50/50 Combo,2019-08-29,1.7489256109217093,1.4592044968739992,0.0020909297280865,0.0
10y,50/50 Combo,2019-08-30,1.7338305491359067,1.4466100320775088,-0.0086310485086025,-0.008631048508602523
10y,50/50 Combo,2019-09-02,1.745076844908187,1.4559933044486177,0.006486386906659,-0.0022006459219805485
10y,50/50 Combo,2019-09-03,1.7503558160692014,1.4603977790637277,0.0030250651576848,0.0
10y,50/50 Combo,2019-09-04,1.749160097149094,1.459400138904351,-0.0006831290581779,-0.0006831290581778005
10y,50/50 Combo,2019-09-05,1.7485629924331,1.4589019485403687,-0.0003413665318384,-0.0010242623926187688
10y,50/50 Combo,2019-09-06,1.7470819428899884,1.4576662446659983,-0.0008470095441345,-0.0018704043767312495
10y,50/50 Combo,2019-09-09,1.7629475258458125,1.4709035886960082,0.0090811899352468,0.0
10y,50/50 Combo,2019-09-10,1.7679412260726952,1.4750700493971398,0.0028325858561714,0.0
10y,50/50 Combo,2019-09-11,1.7668611620185604,1.474168905108976,-0.0006109162670153,-0.0006109162670153712
10y,50/50 Combo,2019-09-12,1.7616215571273997,1.4697972754803177,-0.0029654876137379,-0.0035745922161304344
10y,50/50 Combo,2019-09-16,1.770309196154289,1.4770457495469613,0.0049316148475476,0.0
10y,50/50 Combo,2019-09-17,1.7638346779567124,1.471643778182372,-0.0036572810058498,-0.003657281005849944
10y,50/50 Combo,2019-09-18,1.758566520461797,1.4672483258779312,-0.0029867637600924,-0.006633121331573677
10y,50/50 Combo,2019-09-19,1.7656679038475542,1.4731733180593094,0.0040381659170291,-0.0026217410590292367
10y,50/50 Combo,2019-09-20,1.7641029473241754,1.4718676069518353,-0.0008863255202004,-0.0035057428632215837
10y,50/50 Combo,2019-09-23,1.7654283477770232,1.4729734460389163,0.0007513169539558,-0.002757059833315312
10y,50/50 Combo,2019-09-24,1.7675012265861132,1.4747029387404982,0.0011741506313185,-0.0015861464055407781
10y,50/50 Combo,2019-09-25,1.7570920238367442,1.4660180893873302,-0.0058892195336544,-0.007466024774800295
10y,50/50 Combo,2019-09-26,1.7349239080069463,1.4475222688080793,-0.0126163658642033,-0.0199881965388935
10y,50/50 Combo,2019-09-27,1.7401420133053935,1.4518759603939915,0.0030076853943651,-0.017040629351318226
10y,50/50 Combo,2019-09-30,1.7393693018099652,1.4512312536769796,-0.000444050824312,-0.017477113270120137
10y,50/50 Combo,2019-10-08,1.7391518806472388,1.45104984977027,-0.000125,-0.01759992863096138
10y,50/50 Combo,2019-10-09,1.7391518806472388,1.45104984977027,0.0,-0.01759992863096138
10y,50/50 Combo,2019-10-10,1.7391518806472388,1.45104984977027,0.0,-0.01759992863096138
10y,50/50 Combo,2019-10-11,1.7391518806472388,1.45104984977027,0.0,-0.01759992863096138
10y,50/50 Combo,2019-10-14,1.7391518806472388,1.45104984977027,0.0,-0.01759992863096138
10y,50/50 Combo,2019-10-15,1.747877694824039,1.4583301750203321,0.0050172812816976,-0.012670951141743325
10y,50/50 Combo,2019-10-16,1.7485289423364974,1.4588735390678496,0.0003725932966515,-0.012303078956549252
10y,50/50 Combo,2019-10-17,1.7500347647548844,1.460129912026586,0.0008611938767081,-0.011452480416103361
10y,50/50 Combo,2019-10-18,1.7484870040348388,1.4588385481237012,-0.0008844171277148,-0.012326768773983199
10y,50/50 Combo,2019-10-21,1.756630180125001,1.465632753146143,0.0046572700119422,-0.007726907852596221
10y,50/50 Combo,2019-10-22,1.7492195380181743,1.4594497329996736,-0.0042186694676391,-0.0119129800499983
10y,50/50 Combo,2019-10-23,1.7507004702257274,1.460685338975898,0.000846624551902,-0.011076441319492925
10y,50/50 Combo,2019-10-24,1.752314932493779,1.4620323548734655,0.0009221807473688,-0.010164475053058286
10y,50/50 Combo,2019-10-25,1.751464947970282,1.4613231759174168,-0.0004850637906095,-0.010644608424869029
10y,50/50 Combo,2019-10-28,1.7377234228402352,1.449858025462502,-0.0078457323088145,-0.01840682598544996
10y,50/50 Combo,2019-10-29,1.7436156888942664,1.4547741986085336,0.0033907962432828,-0.015078443538569353
10y,50/50 Combo,2019-10-30,1.748088362136439,1.458505943896766,0.0025651714828333,-0.012551950849106652
10y,50/50 Combo,2019-10-31,1.7476513400459048,1.458141317410792,-0.00025,-0.012798812861394282
10y,50/50 Combo,2019-11-01,1.7535756224930965,1.463084203222349,0.00338985374911,-0.009452345216046654
10y,50/50 Combo,2019-11-04,1.7538127866112427,1.4632820795331165,0.0001352460168264,-0.009318377591260418
10y,50/50 Combo,2019-11-05,1.756786183023706,1.4657629131311611,0.0016953898586911,-0.0076387860154371046
10y,50/50 Combo,2019-11-06,1.7606356507526764,1.468974691028178,0.0021911987731737,-0.005464325340808762
10y,50/50 Combo,2019-11-07,1.756345700615063,1.4653953995516975,-0.0024365916569846,-0.007887602668256721
10y,50/50 Combo,2019-11-08,1.755216584923292,1.464453329354638,-0.0006428778180599,-0.008525409721523936
10y,50/50 Combo,2019-11-11,1.7627335960506687,1.4707250977887107,0.0042826686985214,-0.004279252528358923
10y,50/50 Combo,2019-11-12,1.7606645149513438,1.4689987736811114,-0.0011737911525375,-0.005448020732139236
10y,50/50 Combo,2019-11-13,1.7624124607403644,1.4704571606700736,0.0009927761786402,-0.004460653218702704
10y,50/50 Combo,2019-11-14,1.757793031827657,1.4666029707603838,-0.0026210827576463,-0.007070044235109485
10y,50/50 Combo,2019-11-15,1.7621695659109782,1.4702545029783487,0.0024897891868254,-0.004597857967971297
10y,50/50 Combo,2019-11-18,1.7628822752046935,1.470849147255875,0.0004044498937574,-0.004195267677380321
10y,50/50 Combo,2019-11-19,1.755401625415658,1.4646077166635538,-0.0042434199346448,-0.00842088532953189
10y,50/50 Combo,2019-11-20,1.7510983080998497,1.4610172723705037,-0.0024514716481417,-0.010851713416035969
10y,50/50 Combo,2019-11-21,1.7484672194031574,1.4588220409473305,-0.0015025362565434,-0.012337944579726368
10y,50/50 Combo,2019-11-22,1.751182994224768,1.4610879296777854,0.0015532317629251,-0.010803876504211551
10y,50/50 Combo,2019-11-25,1.762691125130325,1.470689662457691,0.0065716324013594,-0.0043032432077474425
10y,50/50 Combo,2019-11-26,1.7622504523490423,1.4703219900420765,-0.00025,-0.004552167396945639
10y,50/50 Combo,2019-11-27,1.7622504523490423,1.4703219900420765,0.0,-0.004552167396945639
10y,50/50 Combo,2019-11-28,1.7622504523490423,1.4703219900420765,0.0,-0.004552167396945639
10y,50/50 Combo,2019-11-29,1.7622504523490423,1.4703219900420765,0.0,-0.004552167396945639
10y,50/50 Combo,2019-12-02,1.76213965072579,1.4702295434417745,-6.2875071534088e-05,-0.004614756250629015
10y,50/50 Combo,2019-12-03,1.7619193832694493,1.4700457647488443,-0.000125,-0.004739179406097693
10y,50/50 Combo,2019-12-04,1.762554661033845,1.470575804542865,0.0003605600633197,-0.0043803281016047135
10y,50/50 Combo,2019-12-05,1.7641320978052004,1.4718919284625571,0.0008949718305076,-0.0034892765413562232
10y,50/50 Combo,2019-12-06,1.764965494948136,1.4725872678475254,0.0004724119831914,-0.0030185129342158445
10y,50/50 Combo,2019-12-09,1.769683000759839,1.4765232875681344,0.0026728600786846,-0.00035372091824992236
10y,50/50 Combo,2019-12-10,1.7739176187713472,1.4800564130517735,0.0023928681067116,0.0
10y,50/50 Combo,2019-12-11,1.7698055679380404,1.4766255506812616,-0.0023180618929501,-0.0023180618929502517
10y,50/50 Combo,2019-12-12,1.7723952897256958,1.4787862678979349,0.0014632803933782,-0.0008581734740905622
10y,50/50 Combo,2019-12-13,1.7668771759703397,1.4741822662435509,-0.0031133651659671,-0.00396886683265707
10y,50/50 Combo,2019-12-16,1.779114505770409,1.4843924012901641,0.0069259651811104,0.0
10y,50/50 Combo,2019-12-17,1.7781708468823665,1.483605065748648,-0.0005304093047311,-0.0005304093047309166
10y,50/50 Combo,2019-12-18,1.779864568915612,1.4850182115062105,0.0009525080428662,0.0
10y,50/50 Combo,2019-12-19,1.7850198299461182,1.4893194693935081,0.0028964344369453,0.0
10y,50/50 Combo,2019-12-20,1.7764600166691449,1.4821776458944638,-0.0047953603278637,-0.00479536032786354
10y,50/50 Combo,2019-12-23,1.7674040563002102,1.4746218653562064,-0.0050977563716375,-0.009868671120835448
10y,50/50 Combo,2019-12-24,1.7771346637546397,1.4827405332207224,0.0055055930304918,-0.004417410977286762
10y,50/50 Combo,2019-12-25,1.7829103094209355,1.487559404918855,0.0032499763715674,-0.0011817910870189907
10y,50/50 Combo,2019-12-26,1.7814343442771967,1.4863279431794172,-0.0008278403775779,-0.002008653130217364
10y,50/50 Combo,2019-12-27,1.7751158975353032,1.4810561889999063,-0.0035468311039311,-0.0055483598807493095
10y,50/50 Combo,2019-12-30,1.7670964916269585,1.4743652508086889,-0.004517680180477,-0.01004097434575879
10y,50/50 Combo,2019-12-31,1.7697682474121617,1.4765944125477424,0.0015119467430687,-0.008544209021149607
10y,50/50 Combo,2020-01-02,1.775082478031878,1.481028305658627,0.0030027833460608,-0.005567082083642871
10y,50/50 Combo,2020-01-03,1.7812587405503406,1.486181429373286,0.0034794228408532,-0.0021070294753482433
10y,50/50 Combo,2020-01-06,1.793833783996824,1.4966733335634383,0.0070596388723392,0.0
10y,50/50 Combo,2020-01-07,1.8006974521389705,1.502399989606169,0.0038262564811625,0.0
10y,50/50 Combo,2020-01-08,1.79875355074941,1.5007781083600984,-0.0010795269284417,-0.0010795269284419318
10y,50/50 Combo,2020-01-09,1.8016215999837368,1.5031710462379881,0.0015944648076618,0.0
10y,50/50 Combo,2020-01-10,1.7999897252887127,1.5018095023973332,-0.0009057810447203,-0.0009057810447203885
10y,50/50 Combo,2020-01-13,1.8026512358827336,1.504030116128998,0.001478625436928,0.0
10y,50/50 Combo,2020-01-14,1.8037608403309096,1.5049559072492256,0.0006155402809419,0.0
10y,50/50 Combo,2020-01-15,1.808680800400672,1.509060843338791,0.0027276121976679,0.0
10y,50/50 Combo,2020-01-16,1.8107881360604483,1.5108190848854672,0.0011651230329364,0.0
10y,50/50 Combo,2020-01-17,1.8060416635712948,1.506858897009431,-0.002621219122564,-0.002621219122563856
10y,50/50 Combo,2020-01-20,1.81086230205056,1.5108809647879686,0.0026691734617751,0.0
10y,50/50 Combo,2020-01-21,1.8184019273839147,1.5171716012349803,0.0041635552989409,0.0
10y,50/50 Combo,2020-01-22,1.817243745883088,1.5162052801726957,-0.0006369227195514,-0.0006369227195512916
10y,50/50 Combo,2020-01-23,1.8113579021642976,1.5112944654595244,-0.0032388851149571,-0.003873744914993038
10y,50/50 Combo,2020-02-03,1.8027816098178675,1.5041388927580521,-0.0047347309640922,-0.008590134739089206
10y,50/50 Combo,2020-02-04,1.7919827601670864,1.4951289440940942,-0.0059901041767738,-0.014528783113883281
10y,50/50 Combo,2020-02-05,1.804879715192824,1.5058894330777395,0.0071970307485185,-0.007436316464173975
10y,50/50 Combo,2020-02-06,1.8161055835346325,1.5152556619575654,0.0062197321224861,-0.0012628362380729952
10y,50/50 Combo,2020-02-07,1.8272710162632335,1.5245714667838968,0.0061480085903762,0.0
10y,50/50 Combo,2020-02-10,1.8362112506574293,1.5320306921218132,0.0048926701702292,0.0
10y,50/50 Combo,2020-02-11,1.835752197844765,1.5316476844487827,-0.00025,-0.00024999999999997247
10y,50/50 Combo,2020-02-12,1.835752197844765,1.5316476844487827,0.0,-0.00024999999999997247
10y,50/50 Combo,2020-02-13,1.835752197844765,1.5316476844487827,0.0,-0.00024999999999997247
10y,50/50 Combo,2020-02-14,1.8321321489787397,1.5286273206601686,-0.0019719703292609,-0.0022214773366785456
10y,50/50 Combo,2020-02-17,1.8446182046611868,1.5390449784989395,0.0068150409834831,0.0
10y,50/50 Combo,2020-02-18,1.870332382169639,1.5604994321471855,0.0139401082801172,0.0
10y,50/50 Combo,2020-02-19,1.8634124704985688,1.5547258496887097,-0.0036998299003104,-0.0036998299003104806
10y,50/50 Combo,2020-02-20,1.8600342834737265,1.5519072817249566,-0.0018129035188535,-0.005506025984518548
10y,50/50 Combo,2020-02-21,1.875470406385559,1.5647863086124267,0.0082988378488404,0.0
10y,50/50 Combo,2020-02-24,1.899898523854096,1.5851677465864922,0.0130250615447542,0.0
10y,50/50 Combo,2020-02-25,1.9059563345484096,1.5902220408064134,0.0031884917106123,0.0
10y,50/50 Combo,2020-02-26,1.8899451674776413,1.5768632296345917,-0.0084005949037453,-0.008400594903745229
10y,50/50 Combo,2020-02-27,1.8887541653737496,1.5758695249195758,-0.000630178126004,-0.009025479158595529
10y,50/50 Combo,2020-02-28,1.8667331579704225,1.5574964432813603,-0.0116590119598598,-0.020579262949001587
10y,50/50 Combo,2020-03-02,1.8743221759881703,1.5638282901873697,0.0040654005556953,-0.016597525340334984
10y,50/50 Combo,2020-03-03,1.881929476426064,1.570175390909507,0.0040586941430615,-0.012606195476161597
10y,50/50 Combo,2020-03-04,1.8811390561731485,1.5695159090080062,-0.000420005246114,-0.013020906054041936
10y,50/50 Combo,2020-03-05,1.873837992889638,1.563424315226813,-0.0038811927590101,-0.016851562166759426
10y,50/50 Combo,2020-03-06,1.8864024251719669,1.5739073660624519,0.0067051860032751,-0.010259369022258213
10y,50/50 Combo,2020-03-09,1.8814368411205795,1.5697643639060757,-0.0026323036829932,-0.012864666930388902
10y,50/50 Combo,2020-03-10,1.885582913735951,1.5732236121250596,0.0022036735566962,-0.010689342900022769
10y,50/50 Combo,2020-03-11,1.885436700206329,1.5731016198352814,-7.754288000633158e-05,-0.010766056897595355
10y,50/50 Combo,2020-03-12,1.884581520007272,1.5723881059017504,-0.00045357141874,-0.011214745140634141
10y,50/50 Combo,2020-03-13,1.88411037462727,1.571995008875275,-0.00025,-0.011461941454348978
10y,50/50 Combo,2020-03-16,1.88411037462727,1.571995008875275,0.0,-0.011461941454348978
10y,50/50 Combo,2020-03-17,1.88411037462727,1.571995008875275,0.0,-0.011461941454348978
10y,50/50 Combo,2020-03-18,1.88411037462727,1.571995008875275,0.0,-0.011461941454348978
10y,50/50 Combo,2020-03-19,1.88411037462727,1.571995008875275,0.0,-0.011461941454348978
10y,50/50 Combo,2020-03-20,1.88411037462727,1.571995008875275,0.0,-0.011461941454348978
10y,50/50 Combo,2020-03-23,1.88411037462727,1.571995008875275,0.0,-0.011461941454348978
10y,50/50 Combo,2020-03-24,1.88411037462727,1.571995008875275,0.0,-0.011461941454348978
10y,50/50 Combo,2020-03-25,1.88411037462727,1.571995008875275,0.0,-0.011461941454348978
10y,50/50 Combo,2020-03-26,1.88411037462727,1.571995008875275,0.0,-0.011461941454348978
10y,50/50 Combo,2020-03-27,1.88411037462727,1.571995008875275,0.0,-0.011461941454348978
10y,50/50 Combo,2020-03-30,1.88411037462727,1.571995008875275,0.0,-0.011461941454348978
10y,50/50 Combo,2020-03-31,1.88411037462727,1.571995008875275,0.0,-0.011461941454348978
10y,50/50 Combo,2020-04-01,1.88411037462727,1.571995008875275,0.0,-0.011461941454348978
10y,50/50 Combo,2020-04-02,1.88411037462727,1.571995008875275,0.0,-0.011461941454348978
10y,50/50 Combo,2020-04-03,1.88411037462727,1.571995008875275,0.0,-0.011461941454348978
10y,50/50 Combo,2020-04-07,1.8733378145662896,1.563006994756399,-0.0057175843868018,-0.017113991223649205
10y,50/50 Combo,2020-04-08,1.8652352149517013,1.5562466444475338,-0.0043252207645549,-0.021365190197999318
10y,50/50 Combo,2020-04-09,1.8568130436486203,1.549219661617531,-0.00451534006841,-0.025784059167039075
10y,50/50 Combo,2020-04-10,1.875860312779848,1.5651116244293795,0.0102580435851528,-0.015790509584623913
10y,50/50 Combo,2020-04-13,1.8753913477016533,1.5647203465232722,-0.00025,-0.01603656195722769
10y,50/50 Combo,2020-04-14,1.8753913477016533,1.5647203465232722,0.0,-0.01603656195722769
10y,50/50 Combo,2020-04-15,1.8753913477016533,1.5647203465232722,0.0,-0.01603656195722769
10y,50/50 Combo,2020-04-16,1.8753913477016533,1.5647203465232722,0.0,-0.01603656195722769
10y,50/50 Combo,2020-04-17,1.8753913477016533,1.5647203465232722,0.0,-0.01603656195722769
10y,50/50 Combo,2020-04-20,1.8753913477016533,1.5647203465232722,0.0,-0.01603656195722769
10y,50/50 Combo,2020-04-21,1.8753913477016533,1.5647203465232722,0.0,-0.01603656195722769
10y,50/50 Combo,2020-04-22,1.8753913477016533,1.5647203465232722,0.0,-0.01603656195722769
10y,50/50 Combo,2020-04-23,1.8753913477016533,1.5647203465232722,0.0,-0.01603656195722769
10y,50/50 Combo,2020-04-24,1.8753913477016533,1.5647203465232722,0.0,-0.01603656195722769
10y,50/50 Combo,2020-04-27,1.8753913477016533,1.5647203465232722,0.0,-0.01603656195722769
10y,50/50 Combo,2020-04-28,1.8957320525946963,1.581691478894004,0.0108461121557221,-0.005364384151085866
10y,50/50 Combo,2020-04-29,1.895258119581548,1.5812960560242808,-0.00025,-0.00561304305504795
10y,50/50 Combo,2020-04-30,1.895258119581548,1.5812960560242808,0.0,-0.00561304305504795
10y,50/50 Combo,2020-05-06,1.895258119581548,1.5812960560242808,0.0,-0.00561304305504795
10y,50/50 Combo,2020-05-07,1.895258119581548,1.5812960560242808,0.0,-0.00561304305504795
10y,50/50 Combo,2020-05-08,1.895258119581548,1.5812960560242808,0.0,-0.00561304305504795
10y,50/50 Combo,2020-05-11,1.895258119581548,1.5812960560242808,0.0,-0.00561304305504795
10y,50/50 Combo,2020-05-12,1.895258119581548,1.5812960560242808,0.0,-0.00561304305504795
10y,50/50 Combo,2020-05-13,1.895258119581548,1.5812960560242808,0.0,-0.00561304305504795
10y,50/50 Combo,2020-05-14,1.895258119581548,1.5812960560242808,0.0,-0.00561304305504795
10y,50/50 Combo,2020-05-15,1.895258119581548,1.5812960560242808,0.0,-0.00561304305504795
10y,50/50 Combo,2020-05-18,1.895258119581548,1.5812960560242808,0.0,-0.00561304305504795
10y,50/50 Combo,2020-05-19,1.895258119581548,1.5812960560242808,0.0,-0.00561304305504795
10y,50/50 Combo,2020-05-20,1.895258119581548,1.5812960560242808,0.0,-0.00561304305504795
10y,50/50 Combo,2020-05-21,1.895258119581548,1.5812960560242808,0.0,-0.00561304305504795
10y,50/50 Combo,2020-05-22,1.895258119581548,1.5812960560242808,0.0,-0.00561304305504795
10y,50/50 Combo,2020-05-25,1.895258119581548,1.5812960560242808,0.0,-0.00561304305504795
10y,50/50 Combo,2020-05-26,1.9009870527217785,1.5860759534357602,0.0030227719807874,-0.002607238023534464
10y,50/50 Combo,2020-05-27,1.9013384522510424,1.5863691413049865,0.0001848510902591,-0.00242286888406662
10y,50/50 Combo,2020-05-28,1.8989000787615016,1.5843347005381656,-0.0012824510473946,-0.0037022127207231303
10y,50/50 Combo,2020-05-29,1.902349389913271,1.5872126104460245,0.0018164784921274,-0.001892459218376108
10y,50/50 Combo,2020-06-01,1.9039801035956727,1.5885731856034895,0.000857210400491,-0.0010368710536093895
10y,50/50 Combo,2020-06-02,1.902253021244951,1.5871322058860522,-0.000907090545463,-0.0019430210631430356
10y,50/50 Combo,2020-06-03,1.900935004827758,1.5860325276202005,-0.000692871243979,-0.002634546043701169
10y,50/50 Combo,2020-06-04,1.9032076714661792,1.5879287119735945,0.0011955519955441,-0.0014421437849370111
10y,50/50 Combo,2020-06-05,1.9000232159356871,1.585271782598685,-0.0016732044422871,-0.003112935225836777
10y,50/50 Combo,2020-06-08,1.8962489210036204,1.5821227246267466,-0.0019864467446562,-0.005093198290447187
10y,50/50 Combo,2020-06-09,1.89655958077178,1.5823819215461956,0.0001638285800554,-0.004930204121835757
10y,50/50 Combo,2020-06-10,1.8977313896305887,1.5833596125043314,0.0006178602932853,-0.004315390005915076
10y,50/50 Combo,2020-06-11,1.9011967268535712,1.5862508936585344,0.0018260420004208,-0.0024972280888932996
10y,50/50 Combo,2020-06-12,1.8998420409038053,1.5851206204111157,-0.0007125438049789,-0.003207992509467905
10y,50/50 Combo,2020-06-15,1.9110405347802275,1.5944640095871019,0.0058944341873256,0.0
10y,50/50 Combo,2020-06-16,1.916021847899524,1.5986201351870832,0.0026065973110659,0.0
10y,50/50 Combo,2020-06-17,1.9194175376110687,1.6014533064015317,0.0017722604339129,0.0
10y,50/50 Combo,2020-06-18,1.9086082618123843,1.5924346587501437,-0.0056315395618077,-0.00563153956180773
10y,50/50 Combo,2020-06-19,1.9017508338659852,1.5867132091733938,-0.0035928944056268,-0.009204200440448007
10y,50/50 Combo,2020-06-22,1.907259429207184,1.5913092692019848,0.0028965915214037,-0.006334269728001329
10y,50/50 Combo,2020-06-23,1.9043485861704044,1.588880626598527,-0.0015261914515686,-0.007850793871259087
10y,50/50 Combo,2020-06-24,1.8986709625079536,1.5841435389099086,-0.0029813993633739,-0.010808786882783528
10y,50/50 Combo,2020-06-29,1.9029479038424904,1.5877119765777252,0.0022525974320938,-0.008580537296265733
10y,50/50 Combo,2020-06-30,1.9069067502519008,1.5910150138521355,0.0020803756116583,-0.00651801242513339
10y,50/50 Combo,2020-07-01,1.8910228665956408,1.5777624007539588,-0.0083296593575757,-0.014793378959519266
10y,50/50 Combo,2020-07-02,1.88271759407362,1.5708329516474815,-0.0043919471671817,-0.01912035438788673
10y,50/50 Combo,2020-07-03,1.87415191287384,1.563686232285918,-0.004549636773323,-0.023583000493768047
10y,50/50 Combo,2020-07-06,1.8898701221361252,1.5768006160510717,0.0083868384170538,-0.01539394889124468
10y,50/50 Combo,2020-07-07,1.882732657830913,1.5708455199935816,-0.0037766956689833,-0.019112506300121734
10y,50/50 Combo,2020-07-08,1.876520941050033,1.5656628152499585,-0.0032993089884766,-0.022348757224770144
10y,50/50 Combo,2020-07-09,1.8620665833312584,1.5536029176471409,-0.0077027425607553,-0.029879353062070124
10y,50/50 Combo,2020-07-10,1.8492706288841867,1.5429266978271787,-0.0068719102537028,-0.036545935083091785
10y,50/50 Combo,2020-07-13,1.8364704260156928,1.5322469333649484,-0.0069217575126995,-0.04321473049507141
10y,50/50 Combo,2020-07-14,1.836011308409189,1.5318638716316073,-0.00025,-0.04345392681244764
10y,50/50 Combo,2020-07-15,1.836011308409189,1.5318638716316073,0.0,-0.04345392681244764
10y,50/50 Combo,2020-07-16,1.836011308409189,1.5318638716316073,0.0,-0.04345392681244764
10y,50/50 Combo,2020-07-17,1.836011308409189,1.5318638716316073,0.0,-0.04345392681244764
10y,50/50 Combo,2020-07-20,1.836011308409189,1.5318638716316073,0.0,-0.04345392681244764
10y,50/50 Combo,2020-07-21,1.836011308409189,1.5318638716316073,0.0,-0.04345392681244764
10y,50/50 Combo,2020-07-22,1.836011308409189,1.5318638716316073,0.0,-0.04345392681244764
10y,50/50 Combo,2020-07-23,1.835183489963226,1.5311731867954994,-0.0004508787294345,-0.04388521309057203
10y,50/50 Combo,2020-07-24,1.832146601625539,1.528639379130277,-0.0016548145481343,-0.045467405749636036
10y,50/50 Combo,2020-07-27,1.8277768284355205,1.5249934878188485,-0.0023850565157513,-0.047744019933049775
10y,50/50 Combo,2020-07-28,1.8283330045746948,1.5254575296959123,0.0003042910548607,-0.04745425695637795
10y,50/50 Combo,2020-07-29,1.8306972426612105,1.527430116080365,0.00129311130992,-0.046222509282832
10y,50/50 Combo,2020-07-30,1.832191337477211,1.5286767041917455,0.0008161343018294,-0.04544409875634481
10y,50/50 Combo,2020-07-31,1.8363092853032148,1.5321124866790465,0.0022475533759884,-0.04329868341793497
10y,50/50 Combo,2020-08-03,1.8509518669526368,1.5443294276714201,0.0079739190813953,-0.035670024534445566
10y,50/50 Combo,2020-08-04,1.8441687927544907,1.538670014651933,-0.0036646410526676,-0.03920394775085445
10y,50/50 Combo,2020-08-05,1.856625037083164,1.5490627995851824,0.006754394921773,-0.03271435177468318
10y,50/50 Combo,2020-08-06,1.860120187445257,1.551978955134491,0.0018825289394914,-0.030893408549144463
10y,50/50 Combo,2020-08-07,1.8591866244767528,1.551200043056556,-0.0005018831443285,-0.03137978681245157
10y,50/50 Combo,2020-08-10,1.8582571542924076,1.5504245457659698,-0.0004999337732473,-0.03186403277047378
10y,50/50 Combo,2020-08-11,1.8482785414393208,1.542098956240115,-0.0053698772691587,-0.037062804094354806
10y,50/50 Combo,2020-08-12,1.839439543054682,1.5347241964960858,-0.0047822869694497,-0.041667846098732864
10y,50/50 Combo,2020-08-13,1.841795758265046,1.5366900890469726,0.001280941914759,-0.04044027827453944
10y,50/50 Combo,2020-08-14,1.8395170133648149,1.534788833336106,-0.0012372408232593,-0.04162748473461331
10y,50/50 Combo,2020-08-17,1.838694780796864,1.5341028090403113,-0.0004469828558132,-0.0420558608184195
10y,50/50 Combo,2020-08-18,1.84335127468666,1.53798792386808,0.002532499650528,-0.03962986762071663
10y,50/50 Combo,2020-08-19,1.840628211984048,1.5357159545423937,-0.0014772348276777,-0.04104855982772915
10y,50/50 Combo,2020-08-20,1.839940688800871,1.5351423241293376,-0.0003735263746915,-0.04140675348268197
10y,50/50 Combo,2020-08-21,1.838815292196644,1.534203356928332,-0.0006116483053377,-0.041993075417422254
10y,50/50 Combo,2020-08-24,1.838168881620884,1.533664028546904,-0.0003515364368041,-0.04232984975812393
10y,50/50 Combo,2020-08-25,1.844215864390908,1.538709288559929,0.0032896774776709,-0.039179423833835436
10y,50/50 Combo,2020-08-26,1.8561573282412145,1.548672569811464,0.0064750900807647,-0.032958024051707224
10y,50/50 Combo,2020-08-27,1.851184497914276,1.5445235217730882,-0.0026790995845433,-0.03554882580770646
10y,50/50 Combo,2020-08-28,1.8613082054790413,1.5529701701103822,0.0054687728728129,-0.030274461389131146
10y,50/50 Combo,2020-08-31,1.8534520321543837,1.5464154239439514,-0.0042207804712471,-0.034367460004969264
10y,50/50 Combo,2020-09-01,1.8539650029276176,1.5468434177101775,0.000276765065583,-0.03410020665170854
10y,50/50 Combo,2020-09-02,1.8525513145473669,1.5456639161757737,-0.0007625216107201,-0.03483672611792654
10y,50/50 Combo,2020-09-03,1.8580314456433715,1.550236227249962,0.0029581534681233,-0.03198162503198709
10y,50/50 Combo,2020-09-04,1.8499845170680136,1.543522325703859,-0.0043308893367901,-0.0361740054899532
10y,50/50 Combo,2020-09-07,1.8464545695309795,1.5405771373621693,-0.0019080957188922,-0.03801307774383467
10y,50/50 Combo,2020-09-08,1.8454049215046424,1.5397013704852929,-0.0005684667490103,-0.03855993532212032
10y,50/50 Combo,2020-09-09,1.8533667401778364,1.5463442611483769,0.0043144019940634,-0.03441189638990161
10y,50/50 Combo,2020-09-10,1.886863545653268,1.5742920988811113,0.0180734901243652,-0.01696034933509971
10y,50/50 Combo,2020-09-11,1.8863918297668545,1.5738985258563907,-0.00025,-0.01720610924776611
10y,50/50 Combo,2020-09-14,1.8863918297668545,1.5738985258563907,0.0,-0.01720610924776611
10y,50/50 Combo,2020-09-15,1.8863918297668545,1.5738985258563907,0.0,-0.01720610924776611
10y,50/50 Combo,2020-09-16,1.8863918297668545,1.5738985258563907,0.0,-0.01720610924776611
10y,50/50 Combo,2020-09-17,1.8863918297668545,1.5738985258563907,0.0,-0.01720610924776611
10y,50/50 Combo,2020-09-18,1.8863918297668545,1.5738985258563907,0.0,-0.01720610924776611
10y,50/50 Combo,2020-09-21,1.8863918297668545,1.5738985258563907,0.0,-0.01720610924776611
10y,50/50 Combo,2020-09-22,1.8863918297668545,1.5738985258563907,0.0,-0.01720610924776611
10y,50/50 Combo,2020-09-23,1.8863918297668545,1.5738985258563907,0.0,-0.01720610924776611
10y,50/50 Combo,2020-09-24,1.8863918297668545,1.5738985258563907,0.0,-0.01720610924776611
10y,50/50 Combo,2020-09-25,1.8863918297668545,1.5738985258563907,0.0,-0.01720610924776611
10y,50/50 Combo,2020-09-28,1.8863918297668545,1.5738985258563907,0.0,-0.01720610924776611
10y,50/50 Combo,2020-09-29,1.8863918297668545,1.5738985258563907,0.0,-0.01720610924776611
10y,50/50 Combo,2020-09-30,1.8863918297668545,1.5738985258563907,0.0,-0.01720610924776611
10y,50/50 Combo,2020-10-09,1.8863918297668545,1.5738985258563907,0.0,-0.01720610924776611
10y,50/50 Combo,2020-10-12,1.8863918297668545,1.5738985258563907,0.0,-0.01720610924776611
10y,50/50 Combo,2020-10-13,1.8863918297668545,1.5738985258563907,0.0,-0.01720610924776611
10y,50/50 Combo,2020-10-14,1.8863918297668545,1.5738985258563907,0.0,-0.01720610924776611
10y,50/50 Combo,2020-10-15,1.8863918297668545,1.5738985258563907,0.0,-0.01720610924776611
10y,50/50 Combo,2020-10-16,1.8863918297668545,1.5738985258563907,0.0,-0.01720610924776611
10y,50/50 Combo,2020-10-19,1.8863918297668545,1.5738985258563907,0.0,-0.01720610924776611
10y,50/50 Combo,2020-10-20,1.8863918297668545,1.5738985258563907,0.0,-0.01720610924776611
10y,50/50 Combo,2020-10-21,1.8863918297668545,1.5738985258563907,0.0,-0.01720610924776611
10y,50/50 Combo,2020-10-22,1.8863918297668545,1.5738985258563907,0.0,-0.01720610924776611
10y,50/50 Combo,2020-10-23,1.8863918297668545,1.5738985258563907,0.0,-0.01720610924776611
10y,50/50 Combo,2020-10-26,1.8774682522781,1.5664531980971776,-0.004730500497268,-0.02185521623668152
10y,50/50 Combo,2020-10-27,1.8734669471486292,1.5631147356709731,-0.0021312238567098,-0.02393986173515439
10y,50/50 Combo,2020-10-28,1.882873448485608,1.570962987743591,0.0050209059472841,-0.019039155582033396
10y,50/50 Combo,2020-10-29,1.894035396946348,1.5802758854941155,0.0059281458717882,-0.013223876601811124
10y,50/50 Combo,2020-10-30,1.904364577009241,1.5888939684489711,0.0054535306359885,-0.007842462781997295
10y,50/50 Combo,2020-11-02,1.910533078259145,1.5940406166006265,0.0032391388310694,-0.004628726776656156
10y,50/50 Combo,2020-11-03,1.9001352709703203,1.5853652749744689,-0.0054423592070433,-0.010045894789909693
10y,50/50 Combo,2020-11-04,1.9127698939385331,1.595906888943863,0.0066493281616528,-0.0034633650793924886
10y,50/50 Combo,2020-11-05,1.9080586135266824,1.5919760633443776,-0.0024630670039199,-0.005917901583062379
10y,50/50 Combo,2020-11-06,1.9211769525606648,1.602921262608637,0.0068752285390937,0.0
10y,50/50 Combo,2020-11-09,1.9144531190383407,1.5973112766545536,-0.0034998512309662,-0.003499851230966633
10y,50/50 Combo,2020-11-10,1.9214315013507888,1.603133643705296,0.0036451048307483,0.0
10y,50/50 Combo,2020-11-11,1.9314719373895,1.6115108149964992,0.0052254977768668,0.0
10y,50/50 Combo,2020-11-12,1.9298587529020284,1.6101648652066936,-0.0008352099019629,-0.0008352099019630632
10y,50/50 Combo,2020-11-13,1.9135196983012848,1.5965324832464856,-0.008466451016777,-0.009294589655016505
10y,50/50 Combo,2020-11-16,1.914109419734006,1.5970245134169834,0.0003081867582782,-0.008989267366193432
10y,50/50 Combo,2020-11-17,1.9237053563885769,1.6050308195918288,0.0050132644224197,-0.004021068518044291
10y,50/50 Combo,2020-11-18,1.92286274360334,1.60432779119676,-0.0004380155112832,-0.0044573227389447245
10y,50/50 Combo,2020-11-19,1.9222604360373612,1.6038252598693614,-0.0003132348203128,-0.004769161370570374
10y,50/50 Combo,2020-11-20,1.9222604360373612,1.6038252598693614,0.0,-0.004769161370570374
10y,50/50 Combo,2020-11-23,1.9222604360373612,1.6038252598693614,0.0,-0.004769161370570374
10y,50/50 Combo,2020-11-24,1.9222604360373612,1.6038252598693614,0.0,-0.004769161370570374
10y,50/50 Combo,2020-11-25,1.9222604360373612,1.6038252598693614,0.0,-0.004769161370570374
10y,50/50 Combo,2020-11-26,1.9222604360373612,1.6038252598693614,0.0,-0.004769161370570374
10y,50/50 Combo,2020-11-27,1.9222604360373612,1.6038252598693614,0.0,-0.004769161370570374
10y,50/50 Combo,2020-11-30,1.9222604360373612,1.6038252598693614,0.0,-0.004769161370570374
10y,50/50 Combo,2020-12-01,1.9222604360373612,1.6038252598693614,0.0,-0.004769161370570374
10y,50/50 Combo,2020-12-02,1.9222604360373612,1.6038252598693614,0.0,-0.004769161370570374
10y,50/50 Combo,2020-12-03,1.9222604360373612,1.6038252598693614,0.0,-0.004769161370570374
10y,50/50 Combo,2020-12-04,1.9222604360373612,1.6038252598693614,0.0,-0.004769161370570374
10y,50/50 Combo,2020-12-07,1.9222604360373612,1.6038252598693614,0.0,-0.004769161370570374
10y,50/50 Combo,2020-12-08,1.9222604360373612,1.6038252598693614,0.0,-0.004769161370570374
10y,50/50 Combo,2020-12-09,1.9222604360373612,1.6038252598693614,0.0,-0.004769161370570374
10y,50/50 Combo,2020-12-10,1.9222604360373612,1.6038252598693614,0.0,-0.004769161370570374
10y,50/50 Combo,2020-12-11,1.9222604360373612,1.6038252598693614,0.0,-0.004769161370570374
10y,50/50 Combo,2020-12-14,1.9222604360373612,1.6038252598693614,0.0,-0.004769161370570374
10y,50/50 Combo,2020-12-15,1.9222604360373612,1.6038252598693614,0.0,-0.004769161370570374
10y,50/50 Combo,2020-12-16,1.9222604360373612,1.6038252598693614,0.0,-0.004769161370570374
10y,50/50 Combo,2020-12-17,1.9222604360373612,1.6038252598693614,0.0,-0.004769161370570374
10y,50/50 Combo,2020-12-18,1.9222604360373612,1.6038252598693614,0.0,-0.004769161370570374
10y,50/50 Combo,2020-12-21,1.9222604360373612,1.6038252598693614,0.0,-0.004769161370570374
10y,50/50 Combo,2020-12-22,1.9222604360373612,1.6038252598693614,0.0,-0.004769161370570374
10y,50/50 Combo,2020-12-23,1.9222604360373612,1.6038252598693614,0.0,-0.004769161370570374
10y,50/50 Combo,2020-12-24,1.9222604360373612,1.6038252598693614,0.0,-0.004769161370570374
10y,50/50 Combo,2020-12-25,1.9222604360373612,1.6038252598693614,0.0,-0.004769161370570374
10y,50/50 Combo,2020-12-28,1.9222604360373612,1.6038252598693614,0.0,-0.004769161370570374
10y,50/50 Combo,2020-12-29,1.9222604360373612,1.6038252598693614,0.0,-0.004769161370570374
10y,50/50 Combo,2020-12-30,1.9278598315798603,1.6084970784443577,0.0029129224310738,-0.0018701311366302598
10y,50/50 Combo,2020-12-31,1.9285775158713585,1.6090958735783247,0.0003722699543513,-0.0014985573759116466
10y,50/50 Combo,2021-01-04,1.9171854228506413,1.5995909562388864,-0.0059069925512275,-0.007396697959882292
10y,50/50 Combo,2021-01-05,1.9342800388558383,1.6138537358513203,0.0089165167862478,0.0
10y,50/50 Combo,2021-01-06,1.9551096366984255,1.631232772815598,0.0107686567736636,0.0
10y,50/50 Combo,2021-01-07,1.9887286185299105,1.6592825475815896,0.0171954458207556,0.0
10y,50/50 Combo,2021-01-08,1.988231436375278,1.658867726944694,-0.00025,-0.0002500000000000835
10y,50/50 Combo,2021-01-11,1.988231436375278,1.658867726944694,0.0,-0.0002500000000000835
10y,50/50 Combo,2021-01-12,1.988231436375278,1.658867726944694,0.0,-0.0002500000000000835
10y,50/50 Combo,2021-01-13,1.988231436375278,1.658867726944694,0.0,-0.0002500000000000835
10y,50/50 Combo,2021-01-14,1.988231436375278,1.658867726944694,0.0,-0.0002500000000000835
10y,50/50 Combo,2021-01-15,1.988231436375278,1.658867726944694,0.0,-0.0002500000000000835
10y,50/50 Combo,2021-01-18,1.988231436375278,1.658867726944694,0.0,-0.0002500000000000835
10y,50/50 Combo,2021-01-19,1.988231436375278,1.658867726944694,0.0,-0.0002500000000000835
10y,50/50 Combo,2021-01-20,1.988231436375278,1.658867726944694,0.0,-0.0002500000000000835
10y,50/50 Combo,2021-01-21,1.988231436375278,1.658867726944694,0.0,-0.0002500000000000835
10y,50/50 Combo,2021-01-22,1.988231436375278,1.658867726944694,0.0,-0.0002500000000000835
10y,50/50 Combo,2021-01-25,1.988231436375278,1.658867726944694,0.0,-0.0002500000000000835
10y,50/50 Combo,2021-01-26,1.988231436375278,1.658867726944694,0.0,-0.0002500000000000835
10y,50/50 Combo,2021-01-27,1.988231436375278,1.658867726944694,0.0,-0.0002500000000000835
10y,50/50 Combo,2021-01-28,1.988231436375278,1.658867726944694,0.0,-0.0002500000000000835
10y,50/50 Combo,2021-01-29,1.988231436375278,1.658867726944694,0.0,-0.0002500000000000835
10y,50/50 Combo,2021-02-01,1.988231436375278,1.658867726944694,0.0,-0.0002500000000000835
10y,50/50 Combo,2021-02-02,1.988231436375278,1.658867726944694,0.0,-0.0002500000000000835
10y,50/50 Combo,2021-02-03,1.988231436375278,1.658867726944694,0.0,-0.0002500000000000835
10y,50/50 Combo,2021-02-04,1.988231436375278,1.658867726944694,0.0,-0.0002500000000000835
10y,50/50 Combo,2021-02-05,1.988231436375278,1.658867726944694,0.0,-0.0002500000000000835
10y,50/50 Combo,2021-02-08,1.988231436375278,1.658867726944694,0.0,-0.0002500000000000835
10y,50/50 Combo,2021-02-09,1.988231436375278,1.658867726944694,0.0,-0.0002500000000000835
10y,50/50 Combo,2021-02-10,1.988231436375278,1.658867726944694,0.0,-0.0002500000000000835
10y,50/50 Combo,2021-02-18,1.988231436375278,1.658867726944694,0.0,-0.0002500000000000835
10y,50/50 Combo,2021-02-19,1.988231436375278,1.658867726944694,0.0,-0.0002500000000000835
10y,50/50 Combo,2021-02-22,1.988231436375278,1.658867726944694,0.0,-0.0002500000000000835
10y,50/50 Combo,2021-02-23,1.988231436375278,1.658867726944694,0.0,-0.0002500000000000835
10y,50/50 Combo,2021-02-24,1.988231436375278,1.658867726944694,0.0,-0.0002500000000000835
10y,50/50 Combo,2021-02-25,1.988231436375278,1.658867726944694,0.0,-0.0002500000000000835
10y,50/50 Combo,2021-02-26,1.988231436375278,1.658867726944694,0.0,-0.0002500000000000835
10y,50/50 Combo,2021-03-01,1.988231436375278,1.658867726944694,0.0,-0.0002500000000000835
10y,50/50 Combo,2021-03-02,1.988231436375278,1.658867726944694,0.0,-0.0002500000000000835
10y,50/50 Combo,2021-03-03,1.988231436375278,1.658867726944694,0.0,-0.0002500000000000835
10y,50/50 Combo,2021-03-04,1.988231436375278,1.658867726944694,0.0,-0.0002500000000000835
10y,50/50 Combo,2021-03-05,1.988231436375278,1.658867726944694,0.0,-0.0002500000000000835
10y,50/50 Combo,2021-03-08,1.988231436375278,1.658867726944694,0.0,-0.0002500000000000835
10y,50/50 Combo,2021-03-09,1.988231436375278,1.658867726944694,0.0,-0.0002500000000000835
10y,50/50 Combo,2021-03-10,1.988231436375278,1.658867726944694,0.0,-0.0002500000000000835
10y,50/50 Combo,2021-03-11,1.988231436375278,1.658867726944694,0.0,-0.0002500000000000835
10y,50/50 Combo,2021-03-12,1.988231436375278,1.658867726944694,0.0,-0.0002500000000000835
10y,50/50 Combo,2021-03-15,1.988231436375278,1.658867726944694,0.0,-0.0002500000000000835
10y,50/50 Combo,2021-03-16,1.988231436375278,1.658867726944694,0.0,-0.0002500000000000835
10y,50/50 Combo,2021-03-17,1.9893913643301928,1.659835505149377,0.0005833968489249,0.0
10y,50/50 Combo,2021-03-18,1.9871087433144736,1.657931015427232,-0.0011473966644503,-0.0011473966644505174
10y,50/50 Combo,2021-03-19,1.9965774737037372,1.6658311878973573,0.004765079123687,0.0
10y,50/50 Combo,2021-03-22,2.0002372023431723,1.6688846582420382,0.0018330010668935,0.0
10y,50/50 Combo,2021-03-23,1.9994151943918963,1.668198821353678,-0.0004109552358655,-0.00041095523586553995
10y,50/50 Combo,2021-03-24,2.000094439921417,1.6687655453612449,0.000339722100455,-7.137274598645327e-05
10y,50/50 Combo,2021-03-25,1.9998832589547808,1.6685893479208018,-0.0001055854975751,-0.0001769507076345711
10y,50/50 Combo,2021-03-26,1.9975403579204645,1.6666345639644944,-0.0011715188993283,-0.0013482623058648224
10y,50/50 Combo,2021-03-29,1.998659973346464,1.6675687076777463,0.0005604970240328,-0.0007885209788422998
10y,50/50 Combo,2021-03-30,1.9920091028007745,1.6620195978998398,-0.0033276648526432,-0.004113561897938434
10y,50/50 Combo,2021-03-31,1.9959297116132075,1.6652907318885353,0.0019681681207786,-0.0021534899585503586
10y,50/50 Combo,2021-04-01,1.993156449486856,1.6629768790062223,-0.0013894588122092,-0.0035399565851597092
10y,50/50 Combo,2021-04-02,1.9902369468440708,1.6605410113178631,-0.0014647634125945,-0.004999534798866279
10y,50/50 Combo,2021-04-06,1.9970213090725188,1.6662014989968996,0.0034088213663233,-0.0016077559535869757
10y,50/50 Combo,2021-04-07,2.0007013138549468,1.6692718866071574,0.0018427468779174,0.0
10y,50/50 Combo,2021-04-08,1.998424278145704,1.6673720569484685,-0.001138118765392,-0.0011381187653920488
10y,50/50 Combo,2021-04-09,2.005686702787172,1.6734314128346537,0.0036340754668005,0.0
10y,50/50 Combo,2021-04-12,2.003709017322772,1.6717813440695597,-0.0009860390766174,-0.0009860390766174287
10y,50/50 Combo,2021-04-13,2.001946351095709,1.6703106751806398,-0.0008797016991109,-0.0018648733554771368
10y,50/50 Combo,2021-04-14,2.004911949780396,1.672785002796174,0.0014813577212316,-0.0003862781787900005
10y,50/50 Combo,2021-04-15,2.0062454690192326,1.6738976157385579,0.0006651260864513,0.0
10y,50/50 Combo,2021-04-16,2.010241880045633,1.677231994802289,0.0019919850726713,0.0
10y,50/50 Combo,2021-04-19,2.006665668359213,1.6742482062740578,-0.0017789957128639,-0.0017789957128636624
10y,50/50 Combo,2021-04-20,2.004072827802084,1.6720848869327363,-0.0012921138772705,-0.0030688109250857076
10y,50/50 Combo,2021-04-21,2.0010635610007226,1.6695741251133551,-0.0015015755713136,-0.004565778444881485
10y,50/50 Combo,2021-04-22,2.0038813987603694,1.6719251693799955,0.0014081700424538,-0.003164037794854413
10y,50/50 Combo,2021-04-23,1.989730104712716,1.6601181309433868,-0.0070619419175245,-0.010203635461246696
10y,50/50 Combo,2021-04-26,1.99767344686546,1.6667456058440397,0.0039921706637147,-0.006252199451683649
10y,50/50 Combo,2021-04-27,1.990391363738136,1.6606698480304176,-0.0036452820348339,-0.009874690456178392
10y,50/50 Combo,2021-04-28,1.9904263781805676,1.6606990620984903,1.759173751925136e-05,-0.009857272431621822
10y,50/50 Combo,2021-04-29,1.9768419656676437,1.649364997514804,-0.0068248756456602,-0.01661487341873058
10y,50/50 Combo,2021-04-30,1.9739720528437568,1.646970504763311,-0.0014517664404785,-0.018042518943567565
10y,50/50 Combo,2021-05-06,1.9667231281914737,1.640922412503665,-0.0036722529287283,-0.021648515179263583
10y,50/50 Combo,2021-05-07,1.966405659254084,1.6406575343989795,-0.0001614202491643,-0.02180644091971351
10y,50/50 Combo,2021-05-10,1.9646284853362788,1.6391747611144019,-0.0009037676989188,-0.022690500661700752
10y,50/50 Combo,2021-05-11,1.967230667933996,1.6413458749253975,0.0013245163740316,-0.021396038227330383
10y,50/50 Combo,2021-05-12,1.9634514717913345,1.6381927276608697,-0.0019210742310306,-0.023276009080676507
10y,50/50 Combo,2021-05-13,1.9618870536333943,1.6368874657350325,-0.00079676945441,-0.024054232922030683
10y,50/50 Combo,2021-05-14,1.966646508681105,1.6408584855227917,0.0024259577221308,-0.02168662975200697
10y,50/50 Combo,2021-05-17,1.974205258596652,1.6471650784382557,0.0038434715553513,-0.017926510141238694
10y,50/50 Combo,2021-05-18,1.9722051997513013,1.6454963425909885,-0.001013095693389,-0.018921444564406475
10y,50/50 Combo,2021-05-19,1.9705871287028929,1.6441463157314387,-0.0008204374720301,-0.019726358174290803
10y,50/50 Combo,2021-05-20,1.972399742549561,1.6456586580858743,0.0009198344088756,-0.01882466874842581
10y,50/50 Combo,2021-05-21,1.96761617337602,1.641667518836984,-0.0024252533958239,-0.021204267552442646
10y,50/50 Combo,2021-05-24,1.96532730138356,1.639757813653808,-0.0011632715889567,-0.022342872819390958
10y,50/50 Combo,2021-05-25,1.9748859286922853,1.6477329910231209,0.0048636312648769,-0.017587909049305628
10y,50/50 Combo,2021-05-26,1.97292388788282,1.6460959752722262,-0.0009934957664946,-0.01856393130261802
10y,50/50 Combo,2021-05-27,1.97010915346196,1.643747520255743,-0.0014266817073619,-0.01996412818877391
10y,50/50 Combo,2021-05-28,1.9693120138260636,1.6430824320815676,-0.0004046169901276,-0.020360667353443218
10y,50/50 Combo,2021-05-31,1.961593620548936,1.636642641785003,-0.0039193348859594,-0.024200201965542956
10y,50/50 Combo,2021-06-01,1.9613484213463672,1.63643806145478,-0.000125,-0.024322176940297258
10y,50/50 Combo,2021-06-02,1.9613484213463672,1.63643806145478,0.0,-0.024322176940297258
10y,50/50 Combo,2021-06-03,1.958148392810482,1.6337681388459915,-0.0016315451660997,-0.025914039376181197
10y,50/50 Combo,2021-06-04,1.9583684687559963,1.6339517577531326,0.0001123898200576,-0.025804562030345757
10y,50/50 Combo,2021-06-07,1.9519089204270168,1.6285622763992318,-0.0032984335849132,-0.02901788098121405
10y,50/50 Combo,2021-06-08,1.951639611106988,1.6283375799522348,-0.0001379722779121,-0.029151849595987267
10y,50/50 Combo,2021-06-09,1.9522834661864836,1.6288747761722846,0.000329904699531,-0.028831562228637697
10y,50/50 Combo,2021-06-10,1.9564287070668576,1.6323333304386836,0.0021232781776672,-0.02676950147787871
10y,50/50 Combo,2021-06-11,1.9587123129191544,1.6342386418527024,0.0011672318260554,-0.025633515865916
10y,50/50 Combo,2021-06-15,1.9642631270019644,1.6388699268086584,0.0028339098325967,-0.02287224910597574
10y,50/50 Combo,2021-06-16,1.96010956433025,1.6354044293107863,-0.0021145653118551,-0.024938449553267183
10y,50/50 Combo,2021-06-17,1.9727325596120175,1.6459363417970283,0.0064399437212484,-0.018659108043636907
10y,50/50 Combo,2021-06-18,1.9836714533098705,1.6550631352838716,0.0055450464608359,-0.013217527203820412
10y,50/50 Combo,2021-06-21,2.0011734890949326,1.6696658428904878,0.0088230516983339,-0.0045110944313300205
10y,50/50 Combo,2021-06-22,1.99952694045037,1.6682920559372498,-0.0008227915538234,-0.005330174294756906
10y,50/50 Combo,2021-06-23,2.001151910895078,1.6696478392623944,0.000812677444767,-0.004521828562415786
10y,50/50 Combo,2021-06-24,1.9893458870376868,1.6597975614716607,-0.005899614013866,-0.010394765533126682
10y,50/50 Combo,2021-06-25,1.9770205360548967,1.649513986534383,-0.0061956802299188,-0.016526043119737377
10y,50/50 Combo,2021-06-28,1.983682839686344,1.6550726354316476,0.0033698707271606,-0.013211863021521664
10y,50/50 Combo,2021-06-29,1.9869740612302809,1.657818644322552,0.0016591470562183,-0.011574636388942294
10y,50/50 Combo,2021-06-30,1.9917932092203623,1.6618394685213136,0.0024253703579291,-0.009177338811015123
10y,50/50 Combo,2021-07-01,1.9746888002794756,1.647568518237865,-0.0085874421409349,-0.01768597108590253
10y,50/50 Combo,2021-07-02,1.9947179896243927,1.6642797396748026,0.0101429599145359,-0.0077223992671408
10y,50/50 Combo,2021-07-05,2.007901800487439,1.6752795649258918,0.0066093607876511,-0.0011640786023923155
10y,50/50 Combo,2021-07-06,2.00447051174677,1.6724166918973364,-0.001708892705727,-0.0028709820226867633
10y,50/50 Combo,2021-07-07,2.0089879736967524,1.676185806347206,0.0022536933935962,-0.0006237589423079282
10y,50/50 Combo,2021-07-08,2.0206945374635423,1.6859531002702672,0.0058270949951226,0.0
10y,50/50 Combo,2021-07-09,2.0306575339587685,1.694265660391399,0.004930481233315,0.0
10y,50/50 Combo,2021-07-12,2.0379837342834275,1.7003782270963421,0.0036077970815572,0.0
10y,50/50 Combo,2021-07-13,2.04275433642038,1.704358547384161,0.0023408440689198,0.0
10y,50/50 Combo,2021-07-14,2.0422235437993046,1.7039156840772578,-0.000259841632257,-0.00025984163225678536
10y,50/50 Combo,2021-07-15,2.0283647765078388,1.6923527134016898,-0.006786116697922,-0.007044195014539456
10y,50/50 Combo,2021-07-16,2.0377719617670342,1.7002015361002782,0.0046378173039425,-0.0024390474001276807
10y,50/50 Combo,2021-07-19,2.0307980469920763,1.6943828965098433,-0.0034223234521837,-0.005853023643193067
10y,50/50 Combo,2021-07-20,2.0384640741471287,1.7007789954793788,0.0037748840493553,-0.002100234079428831
10y,50/50 Combo,2021-07-21,2.051830377171615,1.7119310818563587,0.00655704615745,0.0
10y,50/50 Combo,2021-07-22,2.056895637823877,1.7161572485243193,0.0024686546746834,0.0
10y,50/50 Combo,2021-07-23,2.060206849382194,1.718919935951288,0.0016098101903797,0.0
10y,50/50 Combo,2021-07-26,2.080985694256165,1.736256627512438,0.010085805160876,0.0
10y,50/50 Combo,2021-07-27,2.090623402027856,1.7442977851421197,0.0046313186093936,0.0
10y,50/50 Combo,2021-07-28,2.066790335732115,1.7244128241718741,-0.0113999806338258,-0.011399980633825968
10y,50/50 Combo,2021-07-29,2.0859158305967784,1.7403700541061704,0.0092537179674244,-0.0022517548720211167
10y,50/50 Combo,2021-07-30,2.102401819885181,1.7541250300495872,0.0079034777178357,0.0
10y,50/50 Combo,2021-08-02,2.096044362050264,1.74882072722306,-0.0030239023648033,-0.0030239023648030994
10y,50/50 Combo,2021-08-03,2.0826695610389816,1.737661550607096,-0.006380972298792,-0.009385579226371177
10y,50/50 Combo,2021-08-04,2.097284301302813,1.7498552623238508,0.0070173111170552,-0.0024341296387611067
10y,50/50 Combo,2021-08-05,2.099408879080189,1.7516278897171174,0.0010130137225823,-0.0014235817229055758
10y,50/50 Combo,2021-08-06,2.110041632699213,1.760499257257362,0.0050646416355454,0.0
10y,50/50 Combo,2021-08-09,2.0999657422839824,1.7520925048419944,-0.0047752092940181,-0.004775209294018201
10y,50/50 Combo,2021-08-10,2.093848818705668,1.746988890178929,-0.0029128682697755,-0.007674168008159454
10y,50/50 Combo,2021-08-11,2.107513194717024,1.7583896717777754,0.0065259611340051,-0.0011982881963114034
10y,50/50 Combo,2021-08-12,2.123620562569889,1.7718287474348113,0.0076428313204599,0.0
10y,50/50 Combo,2021-08-13,2.127319466057568,1.7749149030545919,0.0017417911433303,0.0
10y,50/50 Combo,2021-08-16,2.118098041359752,1.76722106844973,-0.0043347625238936,-0.004334762523893865
10y,50/50 Combo,2021-08-17,2.11104819887866,1.761339079080702,-0.003328383456965,-0.007648718228984497
10y,50/50 Combo,2021-08-18,2.1052336342918303,1.7564877356390591,-0.0027543495169454,-0.010382000502570543
10y,50/50 Combo,2021-08-19,2.1047073258832576,1.7560486137051496,-0.00025,-0.010629405002444803
10y,50/50 Combo,2021-08-20,2.1047073258832576,1.7560486137051496,0.0,-0.010629405002444803
10y,50/50 Combo,2021-08-23,2.1047073258832576,1.7560486137051496,0.0,-0.010629405002444803
10y,50/50 Combo,2021-08-24,2.1047073258832576,1.7560486137051496,0.0,-0.010629405002444803
10y,50/50 Combo,2021-08-25,2.1047073258832576,1.7560486137051496,0.0,-0.010629405002444803
10y,50/50 Combo,2021-08-26,2.1047073258832576,1.7560486137051496,0.0,-0.010629405002444803
10y,50/50 Combo,2021-08-27,2.1047073258832576,1.7560486137051496,0.0,-0.010629405002444803
10y,50/50 Combo,2021-08-30,2.1137426257862044,1.7635871563204852,0.0042929008664684,-0.006382135117921295
10y,50/50 Combo,2021-08-31,2.115519983640539,1.7650700830712878,0.0008408582164414,-0.005546643372232318
10y,50/50 Combo,2021-09-01,2.085232807050432,1.739800177935294,-0.0143166582326424,-0.019783892207376308
10y,50/50 Combo,2021-09-02,2.096754383692073,1.7494131290760238,0.0055253190927578,-0.01436788543196077
10y,50/50 Combo,2021-09-03,2.0962301950961506,1.7489757757937552,-0.00025,-0.014614293460602501
10y,50/50 Combo,2021-09-06,2.0962301950961506,1.7489757757937552,0.0,-0.014614293460602501
10y,50/50 Combo,2021-09-07,2.0962301950961506,1.7489757757937552,0.0,-0.014614293460602501
10y,50/50 Combo,2021-09-08,2.0962301950961506,1.7489757757937552,0.0,-0.014614293460602501
10y,50/50 Combo,2021-09-09,2.0962301950961506,1.7489757757937552,0.0,-0.014614293460602501
10y,50/50 Combo,2021-09-10,2.0962301950961506,1.7489757757937552,0.0,-0.014614293460602501
10y,50/50 Combo,2021-09-13,2.0962301950961506,1.7489757757937552,0.0,-0.014614293460602501
10y,50/50 Combo,2021-09-14,2.0962301950961506,1.7489757757937552,0.0,-0.014614293460602501
10y,50/50 Combo,2021-09-15,2.0962301950961506,1.7489757757937552,0.0,-0.014614293460602501
10y,50/50 Combo,2021-09-16,2.0962301950961506,1.7489757757937552,0.0,-0.014614293460602501
10y,50/50 Combo,2021-09-17,2.0962301950961506,1.7489757757937552,0.0,-0.014614293460602501
10y,50/50 Combo,2021-09-22,2.0962301950961506,1.7489757757937552,0.0,-0.014614293460602501
10y,50/50 Combo,2021-09-23,2.0962301950961506,1.7489757757937552,0.0,-0.014614293460602501
10y,50/50 Combo,2021-09-24,2.0962301950961506,1.7489757757937552,0.0,-0.014614293460602501
10y,50/50 Combo,2021-09-27,2.0962301950961506,1.7489757757937552,0.0,-0.014614293460602501
10y,50/50 Combo,2021-09-28,2.0962301950961506,1.7489757757937552,0.0,-0.014614293460602501
10y,50/50 Combo,2021-09-29,2.0962301950961506,1.7489757757937552,0.0,-0.014614293460602501
10y,50/50 Combo,2021-09-30,2.0962301950961506,1.7489757757937552,0.0,-0.014614293460602501
10y,50/50 Combo,2021-10-08,2.0962301950961506,1.7489757757937552,0.0,-0.014614293460602501
10y,50/50 Combo,2021-10-11,2.0962301950961506,1.7489757757937552,0.0,-0.014614293460602501
10y,50/50 Combo,2021-10-12,2.0962301950961506,1.7489757757937552,0.0,-0.014614293460602501
10y,50/50 Combo,2021-10-13,2.0962301950961506,1.7489757757937552,0.0,-0.014614293460602501
10y,50/50 Combo,2021-10-14,2.0962301950961506,1.7489757757937552,0.0,-0.014614293460602501
10y,50/50 Combo,2021-10-15,2.0962301950961506,1.7489757757937552,0.0,-0.014614293460602501
10y,50/50 Combo,2021-10-18,2.0962301950961506,1.7489757757937552,0.0,-0.014614293460602501
10y,50/50 Combo,2021-10-19,2.0962301950961506,1.7489757757937552,0.0,-0.014614293460602501
10y,50/50 Combo,2021-10-20,2.0962301950961506,1.7489757757937552,0.0,-0.014614293460602501
10y,50/50 Combo,2021-10-21,2.0962301950961506,1.7489757757937552,0.0,-0.014614293460602501
10y,50/50 Combo,2021-10-22,2.0962301950961506,1.7489757757937552,0.0,-0.014614293460602501
10y,50/50 Combo,2021-10-25,2.0962301950961506,1.7489757757937552,0.0,-0.014614293460602501
10y,50/50 Combo,2021-10-26,2.0962301950961506,1.7489757757937552,0.0,-0.014614293460602501
10y,50/50 Combo,2021-10-27,2.0962301950961506,1.7489757757937552,0.0,-0.014614293460602501
10y,50/50 Combo,2021-10-28,2.0962301950961506,1.7489757757937552,0.0,-0.014614293460602501
10y,50/50 Combo,2021-10-29,2.0962301950961506,1.7489757757937552,0.0,-0.014614293460602501
10y,50/50 Combo,2021-11-01,2.0962301950961506,1.7489757757937552,0.0,-0.014614293460602501
10y,50/50 Combo,2021-11-02,2.0962301950961506,1.7489757757937552,0.0,-0.014614293460602501
10y,50/50 Combo,2021-11-03,2.0962301950961506,1.7489757757937552,0.0,-0.014614293460602501
10y,50/50 Combo,2021-11-04,2.097762149636446,1.750253951915281,0.0007308140794263,-0.013894159712597887
10y,50/50 Combo,2021-11-05,2.093990297552428,1.7471069321174282,-0.0017980361046515,-0.01566721361644252
10y,50/50 Combo,2021-11-08,2.09718392967874,1.7497715179242654,0.0015251417974785,-0.014165966541300201
10y,50/50 Combo,2021-11-09,2.104781911018979,1.7561108433190136,0.0036229446700954,-0.010594344384182497
10y,50/50 Combo,2021-11-10,2.1078002611745474,1.7586291837748005,0.0014340441352932,-0.009175493006320479
10y,50/50 Combo,2021-11-11,2.103494439188777,1.7550366497269605,-0.0020428036114633,-0.011199552887533493
10y,50/50 Combo,2021-11-12,2.111822630939658,1.761985221340198,0.0039592173840463,-0.0072846769679729695
10y,50/50 Combo,2021-11-15,2.109927146776507,1.760403736686219,-0.0008975584101529,-0.00817569695504805
10y,50/50 Combo,2021-11-16,2.097727734085073,1.7502252375279956,-0.0057819118115387,-0.013910337607795031
10y,50/50 Combo,2021-11-17,2.1159796682776912,1.7654536179028937,0.0087008117860338,-0.0053305570511664735
10y,50/50 Combo,2021-11-18,2.125082837481859,1.7730487868200702,0.0043021061783534,-0.0010513834952369239
10y,50/50 Combo,2021-11-19,2.1258102613954564,1.7736557081432107,0.0003423037920062,-0.0007094395957879529
10y,50/50 Combo,2021-11-22,2.1404474853781768,1.7858681790018662,0.0068854799736982,0.0
10y,50/50 Combo,2021-11-23,2.1394585599794995,1.7850430756470916,-0.0004620180618457,-0.00046201806184587024
10y,50/50 Combo,2021-11-24,2.138363072811747,1.7841290631862585,-0.0005120394422423,-0.0009738209326175529
10y,50/50 Combo,2021-11-25,2.1410174743360675,1.7863437455127165,0.0012413240567378,0.0
10y,50/50 Combo,2021-11-26,2.1510614342740677,1.7947238569459456,0.0046912087633075,0.0
10y,50/50 Combo,2021-11-29,2.1610025497784573,1.8030181608073341,0.0046214930666285,0.0
10y,50/50 Combo,2021-11-30,2.172724747580648,1.8127984988842571,0.005424425715459,0.0
10y,50/50 Combo,2021-12-01,2.1702786740420152,1.8107576336324889,-0.0011258092132271,-0.0011258092132271358
10y,50/50 Combo,2021-12-02,2.1557593399778683,1.7986435234463767,-0.0066900782087608,-0.0078083556703034684
10y,50/50 Combo,2021-12-03,2.1533638399091823,1.7966448538342104,-0.0011112094120444,-0.00891088836403442
10y,50/50 Combo,2021-12-06,2.13945748861712,1.7850421817629878,-0.0064579663846539,-0.015311308531175905
10y,50/50 Combo,2021-12-07,2.1161977728620536,1.7656355920179179,-0.0108717821591773,-0.026016629479430398
10y,50/50 Combo,2021-12-08,2.1194657768509444,1.7683622294955852,0.0015442809886672,-0.024512525477057512
10y,50/50 Combo,2021-12-09,2.1111719887972265,1.761442362379152,-0.0039131502590433,-0.02832975454068054
10y,50/50 Combo,2021-12-10,2.118152669135869,1.7672666467728257,0.0033065427050403,-0.02511688537885226
10y,50/50 Combo,2021-12-13,2.1176231309685853,1.7668248301111324,-0.00025,-0.02536060615750768
10y,50/50 Combo,2021-12-14,2.1176231309685853,1.7668248301111324,0.0,-0.02536060615750768
10y,50/50 Combo,2021-12-15,2.1176231309685853,1.7668248301111324,0.0,-0.02536060615750768
10y,50/50 Combo,2021-12-16,2.1176231309685853,1.7668248301111324,0.0,-0.02536060615750768
10y,50/50 Combo,2021-12-17,2.1176231309685853,1.7668248301111324,0.0,-0.02536060615750768
10y,50/50 Combo,2021-12-20,2.1176231309685853,1.7668248301111324,0.0,-0.02536060615750768
10y,50/50 Combo,2021-12-21,2.1176231309685853,1.7668248301111324,0.0,-0.02536060615750768
10y,50/50 Combo,2021-12-22,2.1176231309685853,1.7668248301111324,0.0,-0.02536060615750768
10y,50/50 Combo,2021-12-23,2.1209274277217856,1.7695817482162628,0.0015603799868247,-0.023839798352984887
10y,50/50 Combo,2021-12-24,2.128573758500344,1.7759614136445587,0.0036051826567078,-0.020320562523838626
10y,50/50 Combo,2021-12-27,2.1283076867805315,1.7757394184678532,-0.000125,-0.02044302245352314
10y,50/50 Combo,2021-12-28,2.126067300381079,1.7738701669179868,-0.0010526609537558,-0.021474163835765503
10y,50/50 Combo,2021-12-29,2.118833658189476,1.7678348254781633,-0.0034023580487347,-0.024803459090333657
10y,50/50 Combo,2021-12-30,2.118568803982202,1.767613846124978,-0.000125,-0.02492535865794765
10y,50/50 Combo,2021-12-31,2.1219941975516403,1.7704718005564724,0.0016168432023542,-0.02334881585230575
10y,50/50 Combo,2022-01-04,2.1226196335251646,1.770993628917481,0.0002947397190085,-0.023060957956720585
10y,50/50 Combo,2022-01-05,2.1061306707904084,1.7572361720987981,-0.0077682136141234,-0.030650029123290068
10y,50/50 Combo,2022-01-06,2.125625929461343,1.7735019120151787,0.0092564335828309,-0.021677305499350763
10y,50/50 Combo,2022-01-07,2.113951672182105,1.7637615727959763,-0.0054921503908244,-0.027050400868305013
10y,50/50 Combo,2022-01-10,2.1160099324478545,1.76547886861277,0.0009736553076564,-0.026103083327028043
10y,50/50 Combo,2022-01-11,2.114805146042973,1.7644736630575437,-0.0005693670839663,-0.02665758817455799
10y,50/50 Combo,2022-01-12,2.118682623975903,1.7677088110826673,0.0018334918184709,-0.02487297282590517
10y,50/50 Combo,2022-01-13,2.118417788647906,1.767487847481282,-0.000125,-0.02499486370430193
10y,50/50 Combo,2022-01-14,2.118417788647906,1.767487847481282,0.0,-0.02499486370430193
10y,50/50 Combo,2022-01-17,2.113616754239064,1.7634821362290252,-0.002266330293566,-0.027204547381071476
10y,50/50 Combo,2022-01-18,2.113352552144784,1.7632617009619964,-0.000125,-0.027326146812648888
10y,50/50 Combo,2022-01-19,2.113352552144784,1.7632617009619964,0.0,-0.027326146812648888
10y,50/50 Combo,2022-01-20,2.113352552144784,1.7632617009619964,0.0,-0.027326146812648888
10y,50/50 Combo,2022-01-21,2.113352552144784,1.7632617009619964,0.0,-0.027326146812648888
10y,50/50 Combo,2022-01-24,2.113352552144784,1.7632617009619964,0.0,-0.027326146812648888
10y,50/50 Combo,2022-01-25,2.113352552144784,1.7632617009619964,0.0,-0.027326146812648888
10y,50/50 Combo,2022-01-26,2.113352552144784,1.7632617009619964,0.0,-0.027326146812648888
10y,50/50 Combo,2022-01-27,2.113352552144784,1.7632617009619964,0.0,-0.027326146812648888
10y,50/50 Combo,2022-01-28,2.113352552144784,1.7632617009619964,0.0,-0.027326146812648888
10y,50/50 Combo,2022-02-07,2.113352552144784,1.7632617009619964,0.0,-0.027326146812648888
10y,50/50 Combo,2022-02-08,2.113352552144784,1.7632617009619964,0.0,-0.027326146812648888
10y,50/50 Combo,2022-02-09,2.113352552144784,1.7632617009619964,0.0,-0.027326146812648888
10y,50/50 Combo,2022-02-10,2.113352552144784,1.7632617009619964,0.0,-0.027326146812648888
10y,50/50 Combo,2022-02-11,2.113352552144784,1.7632617009619964,0.0,-0.027326146812648888
10y,50/50 Combo,2022-02-14,2.113352552144784,1.7632617009619964,0.0,-0.027326146812648888
10y,50/50 Combo,2022-02-15,2.113352552144784,1.7632617009619964,0.0,-0.027326146812648888
10y,50/50 Combo,2022-02-16,2.113352552144784,1.7632617009619964,0.0,-0.027326146812648888
10y,50/50 Combo,2022-02-17,2.113352552144784,1.7632617009619964,0.0,-0.027326146812648888
10y,50/50 Combo,2022-02-18,2.113352552144784,1.7632617009619964,0.0,-0.027326146812648888
10y,50/50 Combo,2022-02-21,2.113352552144784,1.7632617009619964,0.0,-0.027326146812648888
10y,50/50 Combo,2022-02-22,2.113352552144784,1.7632617009619964,0.0,-0.027326146812648888
10y,50/50 Combo,2022-02-23,2.119792559232691,1.7686348782108687,0.0030472942535645,-0.024362123369238375
10y,50/50 Combo,2022-02-24,2.117460888822001,1.7666894644509807,-0.0010999521630238,-0.025435278361966684
10y,50/50 Combo,2022-02-25,2.118309816398249,1.7673977615500946,0.0004009177126852,-0.02504455810290318
10y,50/50 Combo,2022-02-28,2.1247206543800763,1.772746601748554,0.0030263929913367,-0.022093959786680273
10y,50/50 Combo,2022-03-01,2.1207636034643738,1.7694450625324238,-0.0018623864306798,-0.023915198726453313
10y,50/50 Combo,2022-03-02,2.124431440752825,1.7725052982746914,0.0017294889833357,-0.022227070815849292
10y,50/50 Combo,2022-03-03,2.122412642736468,1.770820927524242,-0.0009502768494341,-0.02315622579445631
10y,50/50 Combo,2022-03-04,2.1215343624246823,1.770088140164694,-0.0004138122314671,-0.023560455696455262
10y,50/50 Combo,2022-03-07,2.127248302554891,1.7748555282575902,0.0026933054827725,-0.020930605718186612
10y,50/50 Combo,2022-03-08,2.121713960460996,1.7702379865964586,-0.0026016436761278,-0.02347779541631001
10y,50/50 Combo,2022-03-09,2.1195349185944448,1.768419917451212,-0.0010270196205324,-0.02448070288030313
10y,50/50 Combo,2022-03-10,2.127143904877969,1.7747684247474826,0.0035899320255454,-0.02097865491403561
10y,50/50 Combo,2022-03-11,2.1295981272852487,1.7768160889538203,0.0011537641631352,-0.01984909517113087
10y,50/50 Combo,2022-03-14,2.133323419981837,1.7799242622352265,0.0017492937511818,-0.018134523318098617
10y,50/50 Combo,2022-03-15,2.131736328529512,1.7786000829964295,-0.0007439525753384,-0.018864984668111817
10y,50/50 Combo,2022-03-16,2.121930359854177,1.7704185379965174,-0.0045999913516974,-0.02337819725348611
10y,50/50 Combo,2022-03-17,2.1210202507278693,1.769659194476438,-0.0004289062183784,-0.023797076417688245
10y,50/50 Combo,2022-03-18,2.1234053312437493,1.77164917060375,0.0011244968147107,-0.02269933933960877
10y,50/50 Combo,2022-03-21,2.129832145287985,1.7770113403240388,0.0030266543790165,-0.01974138801540526
10y,50/50 Combo,2022-03-22,2.125684396742227,1.77355069380364,-0.0019474532558514,-0.021650395840891012
10y,50/50 Combo,2022-03-23,2.126104649672621,1.7739013290519463,0.0001977024110625,-0.02145697376528677
10y,50/50 Combo,2022-03-24,2.1241803251991422,1.772295781676112,-0.0009050939584628,-0.022342647146427863
10y,50/50 Combo,2022-03-25,2.127593976513124,1.7751439390345587,0.0016070440317546,-0.020771508732423394
10y,50/50 Combo,2022-03-28,2.126816158094812,1.774494971390272,-0.0003655859280004,-0.021129500889128128
10y,50/50 Combo,2022-03-29,2.125380359090548,1.773297022003205,-0.0006750931427709,-0.021790329650738682
10y,50/50 Combo,2022-03-30,2.121074974956168,1.769704853273772,-0.0020257005368309,-0.023771889505098565
10y,50/50 Combo,2022-03-31,2.117818155546338,1.7669875475755463,-0.0015354569962324,-0.025270845787276786
10y,50/50 Combo,2022-04-01,2.1239618291456264,1.7721134809413932,0.0029009448158705,-0.022443210300485572
10y,50/50 Combo,2022-04-06,2.1230832880074546,1.7713804759630778,-0.0004136332047572,-0.022847560248241194
10y,50/50 Combo,2022-04-07,2.12739921175009,1.7749814383448337,0.0020328565379485,-0.020861149522519495
10y,50/50 Combo,2022-04-08,2.134064151057656,1.780542286301007,0.0031329048496183,-0.017793600669408827
10y,50/50 Combo,2022-04-11,2.1377817054779547,1.7836440032028564,0.0017420068738123,-0.01608259037027271
10y,50/50 Combo,2022-04-12,2.140861908109524,1.7862139498622234,0.0014408405795954,-0.01466492223950766
10y,50/50 Combo,2022-04-13,2.1465172433913584,1.7909324413881342,0.0026416160988302,-0.012062045235353591
10y,50/50 Combo,2022-04-14,2.146960162569038,1.7913019880697003,0.0002063431724313,-0.01185819098360219
10y,50/50 Combo,2022-04-15,2.153833332059408,1.7970365714993748,0.003201349335772,-0.008694803859658706
10y,50/50 Combo,2022-04-18,2.1391870777961075,1.7848165662859428,-0.0068000871029773,-0.015435765539047352
10y,50/50 Combo,2022-04-19,2.1332258600313496,1.77984286373687,-0.0027866743524365,-0.018179425439545982
10y,50/50 Combo,2022-04-20,2.1343500464141054,1.780780821197609,0.0005269889156226,-0.017662016879622544
10y,50/50 Combo,2022-04-21,2.14666702484178,1.7910574105489943,0.0057708333496504,-0.011993108086002957
10y,50/50 Combo,2022-04-22,2.1674674851571902,1.8084121368105073,0.0096896538096974,-0.0024196633417611357
10y,50/50 Combo,2022-04-25,2.20119168301896,1.836549697874313,0.0155592635611436,0.0
10y,50/50 Combo,2022-04-26,2.2006413850982054,1.8360905604498443,-0.00025,-0.0002500000000000835
10y,50/50 Combo,2022-04-27,2.2006413850982054,1.8360905604498443,0.0,-0.0002500000000000835
10y,50/50 Combo,2022-04-28,2.2006413850982054,1.8360905604498443,0.0,-0.0002500000000000835
10y,50/50 Combo,2022-04-29,2.2006413850982054,1.8360905604498443,0.0,-0.0002500000000000835
10y,50/50 Combo,2022-05-05,2.2006413850982054,1.8360905604498443,0.0,-0.0002500000000000835
10y,50/50 Combo,2022-05-06,2.2006413850982054,1.8360905604498443,0.0,-0.0002500000000000835
10y,50/50 Combo,2022-05-09,2.2006413850982054,1.8360905604498443,0.0,-0.0002500000000000835
10y,50/50 Combo,2022-05-10,2.2006413850982054,1.8360905604498443,0.0,-0.0002500000000000835
10y,50/50 Combo,2022-05-11,2.2006413850982054,1.8360905604498443,0.0,-0.0002500000000000835
10y,50/50 Combo,2022-05-12,2.2006413850982054,1.8360905604498443,0.0,-0.0002500000000000835
10y,50/50 Combo,2022-05-13,2.2006413850982054,1.8360905604498443,0.0,-0.0002500000000000835
10y,50/50 Combo,2022-05-16,2.2006413850982054,1.8360905604498443,0.0,-0.0002500000000000835
10y,50/50 Combo,2022-05-17,2.2006413850982054,1.8360905604498443,0.0,-0.0002500000000000835
10y,50/50 Combo,2022-05-18,2.2006413850982054,1.8360905604498443,0.0,-0.0002500000000000835
10y,50/50 Combo,2022-05-19,2.2006413850982054,1.8360905604498443,0.0,-0.0002500000000000835
10y,50/50 Combo,2022-05-20,2.1971118356174038,1.833145704223735,-0.001603873082049,-0.0018534721137783983
10y,50/50 Combo,2022-05-23,2.217354562947661,1.850035089664056,0.0092133349800874,0.0
10y,50/50 Combo,2022-05-24,2.1970527288597945,1.8330963888921048,-0.0091558808081998,-0.009155880808199734
10y,50/50 Combo,2022-05-25,2.2095709752293624,1.8435409048174125,0.0056977450769076,-0.0035103036060915027
10y,50/50 Combo,2022-05-26,2.211387366259343,1.8450563986397213,0.0008220559784426,-0.0026911332937143984
10y,50/50 Combo,2022-05-27,2.208740333913763,1.8428478647387248,-0.0011970007543533,-0.003884912759485215
10y,50/50 Combo,2022-05-30,2.211322440457591,1.8450022282271614,0.0011690403367842,-0.002720414042421515
10y,50/50 Combo,2022-05-31,2.2090293545575763,1.8430890071981343,-0.0010369749151281,-0.0037545679564289225
10y,50/50 Combo,2022-06-01,2.2144885021118483,1.8476438107932935,0.0024712879179305,-0.0012925586569262348
10y,50/50 Combo,2022-06-02,2.224833719916325,1.8562752747315898,0.0046716060140348,0.0
10y,50/50 Combo,2022-06-06,2.2318661652473684,1.8621427489037308,0.0031608858082697,0.0
10y,50/50 Combo,2022-06-07,2.227180357113524,1.8582331759306463,-0.0020995022940029,-0.0020995022940030195
10y,50/50 Combo,2022-06-08,2.218292510063969,1.8508176596266661,-0.0039906274411803,-0.006081751403715918
10y,50/50 Combo,2022-06-09,2.209915699707893,1.8438285234022813,-0.0037762424558852,-0.009835027691744491
10y,50/50 Combo,2022-06-10,2.2164484553904718,1.8492790848266603,0.0029561108070508,-0.006907990316340373
10y,50/50 Combo,2022-06-13,2.237541619174692,1.8668780262882203,0.0095166498155739,0.0
10y,50/50 Combo,2022-06-14,2.227220497244765,1.8582666665832197,-0.0046127061242033,-0.004612706124203503
10y,50/50 Combo,2022-06-15,2.2107732417307284,1.8445440079078348,-0.0073846552392916,-0.011963298119047838
10y,50/50 Combo,2022-06-16,2.225287583540437,1.8566539528395298,0.0065652783993106,-0.005476562102462723
10y,50/50 Combo,2022-06-17,2.2228354470702167,1.8546080290209586,-0.0011019413797829,-0.006572468631845907
10y,50/50 Combo,2022-06-20,2.2294286534817456,1.8601090271105518,0.0029661243796607,-0.0036258390116288286
10y,50/50 Combo,2022-06-21,2.21934031432486,1.851691888170057,-0.0045250782711212,-0.008134510077424162
10y,50/50 Combo,2022-06-22,2.2191372436448917,1.8515224574935651,-9.150046915212816e-05,-0.008225266235087458
10y,50/50 Combo,2022-06-23,2.225471429685847,1.8568073436529755,0.0028543462370772,-0.005394397755737468
10y,50/50 Combo,2022-06-24,2.226434778586128,1.8576111074257569,0.0004328740811633,-0.00496385876954597
10y,50/50 Combo,2022-06-27,2.225357843044377,1.856712573391174,-0.0004837040600106,-0.005445161790916586
10y,50/50 Combo,2022-06-28,2.225972542128155,1.8572254434993547,0.0002762248263573,-0.005170441053429231
10y,50/50 Combo,2022-06-29,2.214844621274505,1.8479409364573736,-0.0049991276365927,-0.01014372099525862
10y,50/50 Combo,2022-06-30,2.2140827264102603,1.8473052545249298,-0.0003439947240211,-0.010484226332775348
10y,50/50 Combo,2022-07-01,2.2184529984221517,1.8509515620250834,0.0019738521780423,-0.008531068467714675
10y,50/50 Combo,2022-07-04,2.224112393530997,1.8556734408407647,0.002551054772344,-0.006001776918298618
10y,50/50 Combo,2022-07-05,2.2193749384737425,1.8517207765992931,-0.0021300430099817,-0.008119035885308046
10y,50/50 Combo,2022-07-06,2.222693823020736,1.854489865933531,0.001495414086849,-0.0066357631190934185
10y,50/50 Combo,2022-07-07,2.231799689756828,1.8620872855185973,0.0040967706131099,-0.002566177705325523
10y,50/50 Combo,2022-07-08,2.2289701004361437,1.8597264364148591,-0.0012678509337874,-0.003830775108312867
10y,50/50 Combo,2022-07-11,2.2306028476975,1.8610887082754524,0.0007325119619311,-0.003101069234972109
10y,50/50 Combo,2022-07-12,2.2225711881432333,1.85438754633594,-0.0036006676681854,-0.006690570983426403
10y,50/50 Combo,2022-07-13,2.22581273340878,1.8570921081530738,0.0014584663397236,-0.005241862616275572
10y,50/50 Combo,2022-07-14,2.232732229310756,1.8628653437173606,0.0031087502547345,-0.0021494080032844476
10y,50/50 Combo,2022-07-15,2.240610663671929,1.8694386632321291,0.0035286069049156,0.0
10y,50/50 Combo,2022-07-18,2.2454727539728387,1.8734953160634384,0.0021699844509985,0.0
10y,50/50 Combo,2022-07-19,2.2605778319901377,1.8860981378363204,0.0067269032726289,0.0
10y,50/50 Combo,2022-07-20,2.2729581607418865,1.8964275831109023,0.0054766213206867,0.0
10y,50/50 Combo,2022-07-21,2.280140777782781,1.9024203520542728,0.0031600304682027,0.0
10y,50/50 Combo,2022-07-22,2.27300129895661,1.8964635751945669,-0.0031311570301873,-0.0031311570301871816
10y,50/50 Combo,2022-07-25,2.269205099888182,1.89329624165157,-0.0016701262204162,-0.004796053823147184
10y,50/50 Combo,2022-07-26,2.2711107933812755,1.8948862443923498,0.0008398066323698,-0.003960274948587306
10y,50/50 Combo,2022-07-27,2.2797720588105466,1.902112713822545,0.0038136692646226,-0.00016170886281552388
10y,50/50 Combo,2022-07-28,2.283760865449081,1.905440748215639,0.0017496515158693,0.0
10y,50/50 Combo,2022-07-29,2.293390044982773,1.913474790366446,0.0042163694454055,0.0
10y,50/50 Combo,2022-08-01,2.2956147682233894,1.9153309734635056,0.0009700588199042,0.0
10y,50/50 Combo,2022-08-02,2.288890086214296,1.9097202795801074,-0.002929359970226,-0.002929359970226142
10y,50/50 Combo,2022-08-03,2.2930118589945074,1.9131592533926114,0.0018007735736356,-0.001133861510612455
10y,50/50 Combo,2022-08-04,2.290523846417131,1.9110833965817127,-0.0010850413039151,-0.002217672527955794
10y,50/50 Combo,2022-08-05,2.293137203371513,1.913263833643162,0.0011409429150759,-0.0010792598506385032
10y,50/50 Combo,2022-08-08,2.3013352577506376,1.920103826002432,0.0035750387578514,0.0
10y,50/50 Combo,2022-08-09,2.30270171090166,1.9212439171362616,0.0005937653570552,0.0
10y,50/50 Combo,2022-08-10,2.309600766593237,1.9270000985464177,0.0029960700766905,0.0
10y,50/50 Combo,2022-08-11,2.304527679841163,1.922767402223927,-0.002196521072149,-0.0021965210721491824
10y,50/50 Combo,2022-08-12,2.2945205763757857,1.9144180417444572,-0.0043423663568523,-0.006529349329795875
10y,50/50 Combo,2022-08-15,2.2993273202366176,1.9184285166401567,0.0020948793880175,-0.0044481481411063895
10y,50/50 Combo,2022-08-16,2.3036576907398656,1.9220415325809204,0.0018833205977834,-0.0025732048323390266
10y,50/50 Combo,2022-08-17,2.2933154651071583,1.913412565141317,-0.0044894802184718,-0.007051132698618012
10y,50/50 Combo,2022-08-18,2.307019330573179,1.9248462945050462,0.0059755692901937,-0.001117697940439255
10y,50/50 Combo,2022-08-19,2.2965933129731413,1.9161474157926208,-0.0045192588817395,-0.005631905655834379
10y,50/50 Combo,2022-08-22,2.296802213096932,1.9163217102269463,9.096086913185086e-05,-0.005541457069735745
10y,50/50 Combo,2022-08-23,2.300699405475124,1.9195733068688663,0.0016967905882226,-0.003854069173713892
10y,50/50 Combo,2022-08-24,2.2903884601106057,1.910970437913795,-0.0044816568996282,-0.008318453457638264
10y,50/50 Combo,2022-08-25,2.302818950489834,1.9213417352099447,0.0054272410971839,-0.0029363586129245167
10y,50/50 Combo,2022-08-26,2.302243245752212,1.9208613997761426,-0.00025,-0.003185624523271091
10y,50/50 Combo,2022-08-29,2.302243245752212,1.9208613997761426,0.0,-0.003185624523271091
10y,50/50 Combo,2022-08-30,2.302243245752212,1.9208613997761426,0.0,-0.003185624523271091
10y,50/50 Combo,2022-08-31,2.302243245752212,1.9208613997761426,0.0,-0.003185624523271091
10y,50/50 Combo,2022-09-01,2.302243245752212,1.9208613997761426,0.0,-0.003185624523271091
10y,50/50 Combo,2022-09-02,2.302243245752212,1.9208613997761426,0.0,-0.003185624523271091
10y,50/50 Combo,2022-09-05,2.302243245752212,1.9208613997761426,0.0,-0.003185624523271091
10y,50/50 Combo,2022-09-06,2.302243245752212,1.9208613997761426,0.0,-0.003185624523271091
10y,50/50 Combo,2022-09-07,2.302243245752212,1.9208613997761426,0.0,-0.003185624523271091
10y,50/50 Combo,2022-09-08,2.302243245752212,1.9208613997761426,0.0,-0.003185624523271091
10y,50/50 Combo,2022-09-09,2.302243245752212,1.9208613997761426,0.0,-0.003185624523271091
10y,50/50 Combo,2022-09-13,2.302243245752212,1.9208613997761426,0.0,-0.003185624523271091
10y,50/50 Combo,2022-09-14,2.302243245752212,1.9208613997761426,0.0,-0.003185624523271091
10y,50/50 Combo,2022-09-15,2.302243245752212,1.9208613997761426,0.0,-0.003185624523271091
10y,50/50 Combo,2022-09-16,2.302243245752212,1.9208613997761426,0.0,-0.003185624523271091
10y,50/50 Combo,2022-09-19,2.302243245752212,1.9208613997761426,0.0,-0.003185624523271091
10y,50/50 Combo,2022-09-20,2.302243245752212,1.9208613997761426,0.0,-0.003185624523271091
10y,50/50 Combo,2022-09-21,2.302243245752212,1.9208613997761426,0.0,-0.003185624523271091
10y,50/50 Combo,2022-09-22,2.302243245752212,1.9208613997761426,0.0,-0.003185624523271091
10y,50/50 Combo,2022-09-23,2.302243245752212,1.9208613997761426,0.0,-0.003185624523271091
10y,50/50 Combo,2022-09-26,2.302243245752212,1.9208613997761426,0.0,-0.003185624523271091
10y,50/50 Combo,2022-09-27,2.302243245752212,1.9208613997761426,0.0,-0.003185624523271091
10y,50/50 Combo,2022-09-28,2.302243245752212,1.9208613997761426,0.0,-0.003185624523271091
10y,50/50 Combo,2022-09-29,2.302243245752212,1.9208613997761426,0.0,-0.003185624523271091
10y,50/50 Combo,2022-09-30,2.302243245752212,1.9208613997761426,0.0,-0.003185624523271091
10y,50/50 Combo,2022-10-10,2.302243245752212,1.9208613997761426,0.0,-0.003185624523271091
10y,50/50 Combo,2022-10-11,2.302243245752212,1.9208613997761426,0.0,-0.003185624523271091
10y,50/50 Combo,2022-10-12,2.302243245752212,1.9208613997761426,0.0,-0.003185624523271091
10y,50/50 Combo,2022-10-13,2.302243245752212,1.9208613997761426,0.0,-0.003185624523271091
10y,50/50 Combo,2022-10-14,2.302243245752212,1.9208613997761426,0.0,-0.003185624523271091
10y,50/50 Combo,2022-10-17,2.302243245752212,1.9208613997761426,0.0,-0.003185624523271091
10y,50/50 Combo,2022-10-18,2.302243245752212,1.9208613997761426,0.0,-0.003185624523271091
10y,50/50 Combo,2022-10-19,2.302243245752212,1.9208613997761426,0.0,-0.003185624523271091
10y,50/50 Combo,2022-10-20,2.3024504387823157,1.9210342699081597,8.999615070452726e-05,-0.003095915066510968
10y,50/50 Combo,2022-10-21,2.3063349788821803,1.9242753102054784,0.001687132992934,-0.0014140052940291303
10y,50/50 Combo,2022-10-24,2.318449936066598,1.934383344470939,0.0052529044112618,0.0
10y,50/50 Combo,2022-10-25,2.3159277767599997,1.9322789975627355,-0.0010878644681358,-0.0010878644681358018
10y,50/50 Combo,2022-10-26,2.3311655679313503,1.9449925476764784,0.0065795623353457,0.0
10y,50/50 Combo,2022-10-27,2.333994246244175,1.9473526366868443,0.0012134180221847,0.0
10y,50/50 Combo,2022-10-28,2.3225400764575728,1.9377959260090472,-0.004907539855779,-0.004907539855779075
10y,50/50 Combo,2022-10-31,2.34323497046214,1.955062573718483,0.0089104572249758,0.0
10y,50/50 Combo,2022-11-01,2.329246174648095,1.943391114606538,-0.005969864734174,-0.005969864734173824
10y,50/50 Combo,2022-11-02,2.33056415007217,1.9444907586700533,0.0005658377540426,-0.005407404954984374
10y,50/50 Combo,2022-11-03,2.347739550450943,1.9588209401893852,0.0073696321031286,0.0
10y,50/50 Combo,2022-11-04,2.335290935305628,1.9484345206147278,-0.005302383368259,-0.005302383368258945
10y,50/50 Combo,2022-11-07,2.333472303240941,1.9469171569999582,-0.0007787603836386,-0.006077014465791897
10y,50/50 Combo,2022-11-08,2.3382852573360813,1.9509328133635104,0.0020625717684564,-0.0040269769758087826
10y,50/50 Combo,2022-11-09,2.3459794119260944,1.9573523802720616,0.0032905115258601,-0.0007497162641020294
10y,50/50 Combo,2022-11-10,2.3422030328950507,1.9542015834459487,-0.0016097238585496,-0.0023582332864942046
10y,50/50 Combo,2022-11-11,2.3173719043515386,1.9334838958514184,-0.0106016123259903,-0.012934844537406787
10y,50/50 Combo,2022-11-14,2.3080377045658964,1.9256959680991619,-0.0040279248091834,-0.01691066876537517
10y,50/50 Combo,2022-11-15,2.3127877541859623,1.9296591405306764,0.0020580468034248,-0.014887424909746594
10y,50/50 Combo,2022-11-16,2.3135979887621763,1.9303351543815521,0.0003503281158192,-0.01454231227744529
10y,50/50 Combo,2022-11-17,2.313019589264986,1.9298525705929568,-0.00025,-0.014788676699376002
10y,50/50 Combo,2022-11-18,2.313019589264986,1.9298525705929568,0.0,-0.014788676699376002
10y,50/50 Combo,2022-11-21,2.313019589264986,1.9298525705929568,0.0,-0.014788676699376002
10y,50/50 Combo,2022-11-22,2.313019589264986,1.9298525705929568,0.0,-0.014788676699376002
10y,50/50 Combo,2022-11-23,2.313019589264986,1.9298525705929568,0.0,-0.014788676699376002
10y,50/50 Combo,2022-11-24,2.313019589264986,1.9298525705929568,0.0,-0.014788676699376002
10y,50/50 Combo,2022-11-25,2.313019589264986,1.9298525705929568,0.0,-0.014788676699376002
10y,50/50 Combo,2022-11-28,2.313019589264986,1.9298525705929568,0.0,-0.014788676699376002
10y,50/50 Combo,2022-11-29,2.313019589264986,1.9298525705929568,0.0,-0.014788676699376002
10y,50/50 Combo,2022-11-30,2.313019589264986,1.9298525705929568,0.0,-0.014788676699376002
10y,50/50 Combo,2022-12-01,2.313019589264986,1.9298525705929568,0.0,-0.014788676699376002
10y,50/50 Combo,2022-12-02,2.313019589264986,1.9298525705929568,0.0,-0.014788676699376002
10y,50/50 Combo,2022-12-05,2.313019589264986,1.9298525705929568,0.0,-0.014788676699376002
10y,50/50 Combo,2022-12-06,2.313019589264986,1.9298525705929568,0.0,-0.014788676699376002
10y,50/50 Combo,2022-12-07,2.313019589264986,1.9298525705929568,0.0,-0.014788676699376002
10y,50/50 Combo,2022-12-08,2.313019589264986,1.9298525705929568,0.0,-0.014788676699376002
10y,50/50 Combo,2022-12-09,2.313019589264986,1.9298525705929568,0.0,-0.014788676699376002
10y,50/50 Combo,2022-12-12,2.313019589264986,1.9298525705929568,0.0,-0.014788676699376002
10y,50/50 Combo,2022-12-13,2.313019589264986,1.9298525705929568,0.0,-0.014788676699376002
10y,50/50 Combo,2022-12-14,2.313019589264986,1.9298525705929568,0.0,-0.014788676699376002
10y,50/50 Combo,2022-12-15,2.313019589264986,1.9298525705929568,0.0,-0.014788676699376002
10y,50/50 Combo,2022-12-16,2.313019589264986,1.9298525705929568,0.0,-0.014788676699376002
10y,50/50 Combo,2022-12-19,2.3174665448020835,1.9335628584843394,0.0019225758215523,-0.012894533230078609
10y,50/50 Combo,2022-12-20,2.3063101757213427,1.9242546158525538,-0.0048140367358329,-0.017646495209250435
10y,50/50 Combo,2022-12-21,2.3172747960348405,1.933402874170722,0.0047541828627054,-0.012976207011655472
10y,50/50 Combo,2022-12-22,2.3396536528781526,1.9520745251184435,0.009657403119218,-0.003444120354507474
10y,50/50 Combo,2022-12-23,2.339024987220467,1.9515500020918513,-0.0002687003082325,-0.0037118952265391414
10y,50/50 Combo,2022-12-26,2.339024987220467,1.9515500020918513,0.0,-0.0037118952265391414
10y,50/50 Combo,2022-12-27,2.339024987220467,1.9515500020918513,0.0,-0.0037118952265391414
10y,50/50 Combo,2022-12-28,2.3445187459222283,1.9561336832686202,0.0023487387829447,-0.0013718747158713018
10y,50/50 Combo,2022-12-29,2.3410676799752257,1.953254309258984,-0.0014719719997995,-0.0028418273545018913
10y,50/50 Combo,2022-12-30,2.341956862837821,1.953996193089571,0.0003798193748097,-0.0024630873607812687
10y,50/50 Combo,2023-01-03,2.3178888708969634,1.9339152234637003,-0.0102768724406364,-0.012714646966800913
10y,50/50 Combo,2023-01-04,2.31983926125336,1.935542518736261,0.0008414511933187,-0.01188389452834504
10y,50/50 Combo,2023-01-05,2.3311619769158267,1.9449895515364668,0.004880819051381,-0.0070610786157826455
10y,50/50 Combo,2023-01-06,2.3321273873353103,1.9457950353241376,0.0004141327067973,-0.006649870132585112
10y,50/50 Combo,2023-01-09,2.335312131584921,1.9484522055899305,0.001365596179225,-0.005293354990605903
10y,50/50 Combo,2023-01-10,2.3358005621747693,1.9488597244167274,0.0002091500246334,-0.005085312071298698
10y,50/50 Combo,2023-01-11,2.343793015338164,1.9555281747637572,0.0034217189998247,-0.0016809935804085185
10y,50/50 Combo,2023-01-12,2.3457521655769416,1.9571627787861487,0.0008358887606356,-0.0008465099434132872
10y,50/50 Combo,2023-01-13,2.3581975526249765,1.967546505019227,0.0053054995453766,0.0
10y,50/50 Combo,2023-01-16,2.363517848101716,1.9719854583033891,0.0022560855729906,0.0
10y,50/50 Combo,2023-01-17,2.3621063160242417,1.9708077558659214,-0.0005972165933114,-0.000597216593311467
10y,50/50 Combo,2023-01-18,2.356742610656264,1.9663325838265941,-0.0022707298700278,-0.002866590345781961
10y,50/50 Combo,2023-01-19,2.352201428068182,1.9625436782194754,-0.0019268894988991,-0.004787956241846247
10y,50/50 Combo,2023-01-20,2.348107291263609,1.9591277623001573,-0.0017405553604886,-0.006520177899432378
10y,50/50 Combo,2023-01-30,2.343823136431489,1.9555533060984216,-0.0018245140876055,-0.008332795830606754
10y,50/50 Combo,2023-01-31,2.3225070064683666,1.937768334282641,-0.009094598321773,-0.01735161072140312
10y,50/50 Combo,2023-02-01,2.321714475744072,1.9371070915233268,-0.0003412393254736,-0.017686928994937956
10y,50/50 Combo,2023-02-02,2.321714475744072,1.9371070915233268,0.0,-0.017686928994937956
10y,50/50 Combo,2023-02-03,2.321714475744072,1.9371070915233268,0.0,-0.017686928994937956
10y,50/50 Combo,2023-02-06,2.330968083597872,1.944827777931171,0.0039856786656915,-0.01377174474480325
10y,50/50 Combo,2023-02-07,2.334429530996944,1.947715813636564,0.001484982751771,-0.012307212796439981
10y,50/50 Combo,2023-02-08,2.3317210829469444,1.945456037949463,-0.0011602183805662,-0.013453152122506418
10y,50/50 Combo,2023-02-09,2.336594244624273,1.94952192811034,0.0020899419372962,-0.011391326492019793
10y,50/50 Combo,2023-02-10,2.339583936864161,1.9520163580240368,0.0012795085183344,-0.01012639327296705
10y,50/50 Combo,2023-02-13,2.341824501508918,1.953885758291692,0.000957676537889,-0.009178414544328994
10y,50/50 Combo,2023-02-14,2.3428786307695617,1.9547652640567241,0.0004501316217182,-0.00873241441723438
10y,50/50 Combo,2023-02-15,2.349374484344722,1.9601850364522544,0.0027725949990959,-0.005984030866681644
10y,50/50 Combo,2023-02-16,2.3348548559769027,1.9480706807158228,-0.0061802102919616,-0.012127258589493595
10y,50/50 Combo,2023-02-17,2.342231301991132,1.954225169578982,0.0031592739031922,-0.009006298017880554
10y,50/50 Combo,2023-02-20,2.329300273692485,1.9434362517858197,-0.0055208161071259,-0.01447739200984366
10y,50/50 Combo,2023-02-21,2.331440545772753,1.9452219736167298,0.0009188476489875,-0.01357184687846813
10y,50/50 Combo,2023-02-22,2.3433956875840924,1.9551966669844365,0.0051277918422649,-0.008513648641910843
10y,50/50 Combo,2023-02-23,2.339037319844089,1.9515602917346668,-0.0018598513956032,-0.010357665916205683
10y,50/50 Combo,2023-02-24,2.347579845801375,1.9586876916730582,0.003652154621396,-0.006743339092252554
10y,50/50 Combo,2023-02-27,2.3454947778068744,1.9569480290053822,-0.000888177668687,-0.007625527477745364
10y,50/50 Combo,2023-02-28,2.3469828900197465,1.9581896255714772,0.0006344555643237,-0.006995909971760805
10y,50/50 Combo,2023-03-01,2.34273617980896,1.9546464110414812,-0.0018094338177091,-0.008792685153381274
10y,50/50 Combo,2023-03-02,2.339954254357024,1.9523253299708607,-0.0011874685147702,-0.009969712631371586
10y,50/50 Combo,2023-03-03,2.335594619266983,1.9486878973159836,-0.0018631283418995,-0.011814266119107075
10y,50/50 Combo,2023-03-06,2.3466199371080223,1.9578867982141361,0.0047205614151053,-0.007149474672791367
10y,50/50 Combo,2023-03-07,2.339938797493315,1.9523124336390267,-0.0028471332357897,-0.00997625240162181
10y,50/50 Combo,2023-03-08,2.350400433468712,1.961041030306962,0.0044709015409306,-0.0055499537029259915
10y,50/50 Combo,2023-03-09,2.352310524631283,1.962634702214136,0.0008126662739558,-0.004741797689166605
10y,50/50 Combo,2023-03-10,2.3519504029225704,1.962334237052271,-0.0001530927592005,-0.004894164513475463
10y,50/50 Combo,2023-03-13,2.3487935232692805,1.9597003154278154,-0.0013422390409965,-0.0062298344157889485
10y,50/50 Combo,2023-03-14,2.3469016401077987,1.9581218352457226,-0.0008054701883069,-0.007030286658195828
10y,50/50 Combo,2023-03-15,2.351784152905156,1.9621955274516445,0.0020804079361132,-0.004964504586239427
10y,50/50 Combo,2023-03-16,2.3486732467716487,1.959599963528846,-0.0013227855667214,-0.006280723177948366
10y,50/50 Combo,2023-03-17,2.34982451400136,1.9605605157148323,0.000490177691296,-0.005793624157039323
10y,50/50 Combo,2023-03-20,2.3528053643838245,1.963047568483365,0.001268541699477,-0.004532431911396517
10y,50/50 Combo,2023-03-21,2.3552375507925767,1.9650768471003193,0.0010337388912698,-0.0035033783712653532
10y,50/50 Combo,2023-03-22,2.3555399189104937,1.9653291259363204,0.0001283811553596,-0.0033754469836687617
10y,50/50 Combo,2023-03-23,2.348839643002181,1.959738795121419,-0.0028444756357223,-0.00621032124268639
10y,50/50 Combo,2023-03-24,2.3482524330914307,1.9592488604226386,-0.00025,-0.0064587686623757135
10y,50/50 Combo,2023-03-27,2.3482524330914307,1.9592488604226386,0.0,-0.0064587686623757135
10y,50/50 Combo,2023-03-28,2.340984522951325,1.9531849277470064,-0.003095029323801,-0.009533807907771252
10y,50/50 Combo,2023-03-29,2.33577729764603,1.9488403138113006,-0.0022243740845969,-0.011736975237130576
10y,50/50 Combo,2023-03-30,2.3351933533216185,1.948353103732848,-0.00025,-0.011984040993321177
10y,50/50 Combo,2023-03-31,2.3265841207507885,1.9411700475733762,-0.0036867322179484,-0.015626591261238443
10y,50/50 Combo,2023-04-03,2.323390933444827,1.9385058328994518,-0.0013724787672542,-0.016977622863782016
10y,50/50 Combo,2023-04-04,2.328433118992514,1.942712747006782,0.0021701838787031,-0.014844283548516635
10y,50/50 Combo,2023-04-06,2.3216609211004737,1.937062408561239,-0.0029084785973885,-0.017709587864910725
10y,50/50 Combo,2023-04-07,2.319278710405695,1.9350748268501503,-0.0010260803690702,-0.01871749677352852
10y,50/50 Combo,2023-04-10,2.3263964248195004,1.9410134447165879,0.0030689344846185,-0.015706005060224015
10y,50/50 Combo,2023-04-11,2.32248472009454,1.937749739794286,-0.0016814437484635,-0.017361040044665432
10y,50/50 Combo,2023-04-12,2.315580183418417,1.9319889853609853,-0.0029729094087825,-0.020282336654153132
10y,50/50 Combo,2023-04-13,2.316525512204542,1.9327777141709033,0.0004082470531118,-0.01988236980521063
10y,50/50 Combo,2023-04-14,2.314238443630497,1.9308695136579341,-0.0009872840001093,-0.020850024259727262
10y,50/50 Combo,2023-04-17,2.3316904634791267,1.9454304907993427,0.007541150263346,-0.013466107162318108
10y,50/50 Combo,2023-04-18,2.337868209501057,1.9505848522652915,0.0026494708961978,-0.010852314325131895
10y,50/50 Combo,2023-04-19,2.332581610385498,1.9461740133168426,-0.0022612904756881,-0.013089064565797393
10y,50/50 Combo,2023-04-20,2.329598547258465,1.9436851143595384,-0.001278867634792,-0.01435119301954646
10y,50/50 Combo,2023-04-21,2.3389139762064914,1.9514573807877866,0.0039987271450649,-0.010409852379572815
10y,50/50 Combo,2023-04-24,2.332720632574238,1.9462900055589984,-0.0026479569985292,-0.013030244536639701
10y,50/50 Combo,2023-04-25,2.348317100780341,1.9593028154804588,0.0066859562985438,-0.0064314078836270605
10y,50/50 Combo,2023-04-26,2.343552104036308,1.9553271720150864,-0.0020291112909965,-0.008447469132269791
10y,50/50 Combo,2023-04-27,2.3505722238011217,1.9611843624327003,0.0029955040268672,-0.0054772695332051535
10y,50/50 Combo,2023-04-28,2.3466958418683115,1.957950128848016,-0.0016491226661999,-0.007117359510068866
10y,50/50 Combo,2023-05-04,2.344305574394509,1.955955825016725,-0.0010185672259508,-0.008128677226887482
10y,50/50 Combo,2023-05-05,2.3592015710802507,1.968384201165782,0.0063541190399587,-0.0018262087696658824
10y,50/50 Combo,2023-05-08,2.365929274790829,1.9739974161857954,0.0028516866863131,0.0
10y,50/50 Combo,2023-05-09,2.3744490018010778,1.9811057939737688,0.0036010066323735,0.0
10y,50/50 Combo,2023-05-10,2.356974578711553,1.9665261248367407,-0.0073593591929198,-0.0073593591929200786
10y,50/50 Combo,2023-05-11,2.3555839320769034,1.965365848030128,-0.0005900134211079,-0.007945030493333283
10y,50/50 Combo,2023-05-12,2.355275548141428,1.9651085499366017,-0.0001309161313576,-0.008074906492035128
10y,50/50 Combo,2023-05-15,2.36803005084902,1.9757501847723462,0.0054152910973228,-0.0027033433639503945
10y,50/50 Combo,2023-05-16,2.377085184498576,1.983305275542767,0.0038239099399558,0.0
10y,50/50 Combo,2023-05-17,2.3598190554527925,1.9688993951611902,-0.007263571856145,-0.0072635718561452345
10y,50/50 Combo,2023-05-18,2.3515323093079044,1.9619854034147366,-0.0035116023517736,-0.010749667431906418
10y,50/50 Combo,2023-05-19,2.342050159371951,1.954074034434735,-0.0040323281540384,-0.014738649399312687
10y,50/50 Combo,2023-05-22,2.3538177616543297,1.9638922554388987,0.0050244877272541,-0.009788215835081382
10y,50/50 Combo,2023-05-23,2.347441337037313,1.9585721278033812,-0.0027089712385101,-0.012470671078418372
10y,50/50 Combo,2023-05-24,2.3466366678231183,1.957900757375436,-0.0003427856541075,-0.012809181965382832
10y,50/50 Combo,2023-05-25,2.346553000068777,1.9578309497388986,-3.5654328379056024e-05,-0.012844379590981947
10y,50/50 Combo,2023-05-26,2.350581350853105,1.961191977528056,0.0017167099077709,-0.011149719756914034
10y,50/50 Combo,2023-05-29,2.3520801863361096,1.9624425209835448,0.0006376445905437,-0.010519184724859243
10y,50/50 Combo,2023-05-30,2.3542249984729517,1.9642320307805798,0.0009118788335964,-0.0096168981131598
10y,50/50 Combo,2023-05-31,2.360044854039196,1.9690877887158447,0.0024720897832704,-0.00716858216546179
10y,50/50 Combo,2023-06-01,2.359930754727864,1.9689925907113406,-4.834624695251866e-05,-0.007216581838370484
10y,50/50 Combo,2023-06-02,2.356090861093904,1.9657888008970676,-0.0016271213154311,-0.0088319608996682
10y,50/50 Combo,2023-06-05,2.359381512713841,1.9685343342756583,0.001396657350646,-0.007447638772133169
10y,50/50 Combo,2023-06-06,2.352120860908229,1.9624764575433242,-0.0030773538601059,-0.010502073612314922
10y,50/50 Combo,2023-06-07,2.3549273172519123,1.9648180058009572,0.0011931599223179,-0.009321444343332486
10y,50/50 Combo,2023-06-08,2.3460269637084834,1.9573920547866683,-0.003779459976631,-0.013065674294143625
10y,50/50 Combo,2023-06-09,2.348313850312296,1.9593001034739794,0.0009747912701722,-0.012103619329212001
10y,50/50 Combo,2023-06-12,2.3502542046334125,1.960919025246993,0.0008262755512253,-0.01128734470271986
10y,50/50 Combo,2023-06-13,2.34936073452682,1.96017356438278,-0.0003801589227374,-0.011663212640654397
10y,50/50 Combo,2023-06-14,2.351571004520057,1.9620176885086411,0.0009407963454716,-0.010733389003011684
10y,50/50 Combo,2023-06-15,2.339168429404078,1.9516696821274455,-0.0052741656926965,-0.01595094502366201
10y,50/50 Combo,2023-06-16,2.3376401505740416,1.9503945728104226,-0.0006533427908932,-0.016593866379616018
10y,50/50 Combo,2023-06-19,2.351579729088041,1.9620249677941386,0.0059630985165002,-0.010729718723107129
10y,50/50 Combo,2023-06-20,2.348300831276916,1.959289241128061,-0.0013943383550074,-0.012109096219760529
10y,50/50 Combo,2023-06-21,2.3559766897771697,1.9656935428153328,0.0032686861913173,-0.008879990864046006
10y,50/50 Combo,2023-06-26,2.36246204303951,1.9711045543444259,0.0027527238662764,-0.0061517111605534636
10y,50/50 Combo,2023-06-27,2.357730089667884,1.9671564803979098,-0.0020029754067659,-0.00814236484115527
10y,50/50 Combo,2023-06-28,2.3620858715835684,1.9707906981822898,0.0018474472267934,-0.00630996020370711
10y,50/50 Combo,2023-06-29,2.348230124529526,1.959230247421807,-0.0058658947249676,-0.012138841366400976
10y,50/50 Combo,2023-06-30,2.339899876982068,1.9522799605683152,-0.0035474579175354,-0.015643237255021702
10y,50/50 Combo,2023-07-03,2.339314902012823,1.9517918905781737,-0.00025,-0.01588932644570762
10y,50/50 Combo,2023-07-04,2.339314902012823,1.9517918905781737,0.0,-0.01588932644570762
10y,50/50 Combo,2023-07-05,2.339314902012823,1.9517918905781737,0.0,-0.01588932644570762
10y,50/50 Combo,2023-07-06,2.3414360982761324,1.9535616966275815,0.0009067596079024,-0.014996974637222937
10y,50/50 Combo,2023-07-07,2.3399584373990274,1.9523288200642437,-0.000631091695474,-0.015618601866546178
10y,50/50 Combo,2023-07-10,2.33760810164567,1.9503678329993592,-0.00100443482918,-0.01660734882802839
10y,50/50 Combo,2023-07-11,2.338480168229844,1.9510954359764403,0.0003730593607885,-0.016240484994178073
10y,50/50 Combo,2023-07-12,2.3338201424157963,1.9472073743110712,-0.0019927583211344,-0.01820087995370101
10y,50/50 Combo,2023-07-13,2.331386973944234,1.9451772763165174,-0.0010425689740785,-0.019224473255038954
10y,50/50 Combo,2023-07-14,2.3309423522345782,1.9448063091386765,-0.0001907112438325,-0.019411518175664888
10y,50/50 Combo,2023-07-17,2.330650984440549,1.9445632083500342,-0.000125,-0.019534091735892933
10y,50/50 Combo,2023-07-18,2.3275456412693223,1.9419722858479598,-0.0013323930489627,-0.02084045769680898
10y,50/50 Combo,2023-07-19,2.3294827770246243,1.943588522231909,0.000832265421977,-0.020025537067151045
10y,50/50 Combo,2023-07-20,2.3363490262164484,1.9493173317563386,0.0029475423727297,-0.017137020813463466
10y,50/50 Combo,2023-07-21,2.3371430675498237,1.9499798348823318,0.000339864174601,-0.016802980898296127
10y,50/50 Combo,2023-07-24,2.333427452808096,1.9468797363384474,-0.0015898105654365,-0.01836607790716993
10y,50/50 Combo,2023-07-25,2.347822512736127,1.958890159222405,0.0061690625567587,-0.012310316833942903
10y,50/50 Combo,2023-07-26,2.352834187775012,1.963071617088848,0.0021346055810002,-0.01020198892396007
10y,50/50 Combo,2023-07-27,2.360544358029557,1.969504546560998,0.0032769713627108,-0.006958449186796112
10y,50/50 Combo,2023-07-28,2.377082031885849,1.9833026451812241,0.0070058729462284,-1.3262514728662467e-06
10y,50/50 Combo,2023-07-31,2.374341604511572,1.9810161877567747,-0.0011528535143161,-0.0011541782368151843
10y,50/50 Combo,2023-08-01,2.3709570410714256,1.9781922996731562,-0.0014254745120563,-0.0025780074972127087
10y,50/50 Combo,2023-08-02,2.36468709404438,1.9729610109094189,-0.0026444793888853,-0.00521566939840723
10y,50/50 Combo,2023-08-03,2.3744910204316474,1.981140851939812,0.0041459719605014,-0.0010913214569868712
10y,50/50 Combo,2023-08-04,2.372589262483172,1.9795541327946116,-0.0008009118299929,-0.001891359234714285
10y,50/50 Combo,2023-08-07,2.369284721892192,1.9767970112450453,-0.0013927992692343,-0.0032815242201886807
10y,50/50 Combo,2023-08-08,2.372150097372458,1.9791877182939477,0.0012093841883122,-0.002076108655382103
10y,50/50 Combo,2023-08-09,2.3777992671860875,1.983901065702308,0.002381455465186,0.0
10y,50/50 Combo,2023-08-10,2.379160044336208,1.9850364211023888,0.0005722842835805,0.0
10y,50/50 Combo,2023-08-11,2.3743160711002957,1.9809948841242346,-0.0020360014230416,-0.0020360014230417223
10y,50/50 Combo,2023-08-14,2.362897171850565,1.9714676011852097,-0.0048093425255039,-0.006835552120320054
10y,50/50 Combo,2023-08-15,2.3745783821681243,1.9812137416258717,0.004943596554568,-0.0019257477776625231
10y,50/50 Combo,2023-08-16,2.3830478545124585,1.9882801897662754,0.0035667267957694,0.0
10y,50/50 Combo,2023-08-17,2.3714580434213866,1.9786103076647152,-0.0048634403497714,-0.004863440349771264
10y,50/50 Combo,2023-08-18,2.38671893231315,1.9913431292084627,0.0064352346161459,0.0
10y,50/50 Combo,2023-08-21,2.378828431451073,1.9847597420886052,-0.0033060033819857,-0.0033060033819858337
10y,50/50 Combo,2023-08-22,2.3779833787522766,1.9840546779678223,-0.000355239027592,-0.0036600679881509945
10y,50/50 Combo,2023-08-23,2.3779833787522766,1.9840546779678223,0.0,-0.0036600679881509945
10y,50/50 Combo,2023-08-24,2.374820337734646,1.9814156156498481,-0.0013301358814754,-0.004985335481866748
10y,50/50 Combo,2023-08-25,2.3745234851924293,1.981167938697892,-0.000125,-0.005109712314931514
10y,50/50 Combo,2023-08-28,2.379094249908182,1.9849815259572519,0.0019249187233801,-0.0031946293724575137
10y,50/50 Combo,2023-08-29,2.3542789461567306,1.9642770416731383,-0.0104305677475404,-0.013591875321900315
10y,50/50 Combo,2023-08-30,2.3478671749579747,1.9589274228513172,-0.0027234543337453,-0.016278312803896577
10y,50/50 Combo,2023-08-31,2.347418358026032,1.9585529554175545,-0.0001911594219339,-0.01646636047296479
10y,50/50 Combo,2023-09-01,2.3468315034365257,1.9580633171787,-0.00025,-0.016712243882846534
10y,50/50 Combo,2023-09-04,2.3468315034365257,1.9580633171787,0.0,-0.016712243882846534
10y,50/50 Combo,2023-09-05,2.3491049543996194,1.9599601559281885,0.0009687320797273,-0.015759701489892697
10y,50/50 Combo,2023-09-06,2.356953363993405,1.966508424477201,0.0033410212596445,-0.012471333727971379
10y,50/50 Combo,2023-09-07,2.354260772945153,1.9642618789744557,-0.0011424031927768,-0.01359948962927926
10y,50/50 Combo,2023-09-08,2.3539664903485344,1.9640163462395837,-0.000125,-0.013722789693075721
10y,50/50 Combo,2023-09-11,2.3539664903485344,1.9640163462395837,0.0,-0.013722789693075721
10y,50/50 Combo,2023-09-12,2.3559219390631183,1.9656478619197866,0.0008307037175768,-0.01290348554791243
10y,50/50 Combo,2023-09-13,2.351594840545499,1.9620375759385553,-0.0018366901066934,-0.014716475950358188
10y,50/50 Combo,2023-09-14,2.348770992131642,1.9596815167223953,-0.0012008226779412,-0.015899626750238927
10y,50/50 Combo,2023-09-15,2.353694648580618,1.963789536861469,0.0020962692682556,-0.01383668738091659
10y,50/50 Combo,2023-09-18,2.351178358782646,1.9616900871389025,-0.0010690808170421,-0.014890975660908357
10y,50/50 Combo,2023-09-19,2.3471939141874425,1.9583656921877635,-0.0016946585869676,-0.016560399128103698
10y,50/50 Combo,2023-09-20,2.3448032315980383,1.9563710420075202,-0.0010185279430702,-0.017562059841913613
10y,50/50 Combo,2023-09-21,2.345868829814957,1.9572601168202386,0.0004544510185584,-0.01711558991933837
10y,50/50 Combo,2023-09-22,2.346618400638408,1.9578855162708928,0.0003195280204604,-0.016801530809443688
10y,50/50 Combo,2023-09-25,2.3477755184942186,1.9588509498880047,0.0004931001374129,-0.01631671550918168
10y,50/50 Combo,2023-09-26,2.348161911433123,1.9591733342767337,0.0001645783150308,-0.016154822571696204
10y,50/50 Combo,2023-09-27,2.3506638474464454,1.9612608080141714,0.0010654870097076,-0.015106548315582669
10y,50/50 Combo,2023-09-28,2.356796746974459,1.966377752105028,0.002609007465987,-0.012536953946936324
10y,50/50 Combo,2023-10-09,2.355720662755452,1.965479928365937,-0.000456587620629,-0.012987817349592645
10y,50/50 Combo,2023-10-10,2.361087786313988,1.9699579523499111,0.0022783361556369,-0.010739071807806422
10y,50/50 Combo,2023-10-11,2.3608338651353384,1.9697460948967278,-0.0001075441498285,-0.010845461033287318
10y,50/50 Combo,2023-10-12,2.358422342082369,1.9677340566137766,-0.0010214708830564,-0.011855853593685017
10y,50/50 Combo,2023-10-13,2.3665568155979155,1.974521000700742,0.0034491165430379,-0.008447629271408963
10y,50/50 Combo,2023-10-16,2.367266038441915,1.9751127360820453,0.0002996855344121,-0.008150475369289478
10y,50/50 Combo,2023-10-17,2.3605584739804857,1.9695163241111373,-0.0028334645758041,-0.010960845861858748
10y,50/50 Combo,2023-10-18,2.349524988211942,1.9603106083567838,-0.0046740997480729,-0.015583713523050102
10y,50/50 Combo,2023-10-19,2.361904962708828,1.970639758061168,0.0052691393192239,-0.010396686961490098
10y,50/50 Combo,2023-10-20,2.3556770470285144,1.9654435378731199,-0.0026368189146658,-0.013006091695326072
10y,50/50 Combo,2023-10-23,2.347508809692582,1.9586284231662996,-0.0034674690854742,-0.01642846255992403
10y,50/50 Combo,2023-10-24,2.359717151089867,1.9688143719310978,0.0052005518986249,-0.011313347733456602
10y,50/50 Combo,2023-10-25,2.3661138683437524,1.9741514305937482,0.0027107983051828,-0.008633217632135537
10y,50/50 Combo,2023-10-26,2.369546333883396,1.9770152854767318,0.0014506763962489,-0.007195065240929166
10y,50/50 Combo,2023-10-27,2.374615394282416,1.9812446224382263,0.00213925354678,-0.005071203762985088
10y,50/50 Combo,2023-10-30,2.3854587604520514,1.9902917131647695,0.0045663673349982,-0.0005279934071990011
10y,50/50 Combo,2023-10-31,2.38180633942776,1.987244339880371,-0.0015311189129922,-0.0020583038994996805
10y,50/50 Combo,2023-11-01,2.380119494727589,1.985836932180097,-0.0007082207618005,-0.002765066927744586
10y,50/50 Combo,2023-11-02,2.3710739188776384,1.9782898158964566,-0.0038004713082634,-0.006555029678483759
10y,50/50 Combo,2023-11-03,2.378731061706546,1.9846785022873317,0.0032293986146717,-0.003346799867574912
10y,50/50 Combo,2023-11-06,2.3871045588671915,1.9916648741690588,0.0035201529485382,0.0
10y,50/50 Combo,2023-11-07,2.3953074184266177,1.998508875698679,0.0034363218523276,0.0
10y,50/50 Combo,2023-11-08,2.402542023331893,2.004545020372277,0.0030203241761875,0.0
10y,50/50 Combo,2023-11-09,2.394478644395784,1.9978173935766652,-0.0033561864299574,-0.0033561864299572752
10y,50/50 Combo,2023-11-10,2.4008715052920224,2.003151234712861,0.0026698341666988,-0.0006953127244591073
10y,50/50 Combo,2023-11-13,2.4143224023876404,2.0143739015926556,0.0056025060341501,0.0
10y,50/50 Combo,2023-11-14,2.420762668221496,2.0197472947244957,0.0026675251936056,0.0
10y,50/50 Combo,2023-11-15,2.4172279915267456,2.016798160641396,-0.0014601500350084,-0.001460150035008212
10y,50/50 Combo,2023-11-16,2.4168161824403973,2.0164545704584285,-0.0001703641889767,-0.0016302654667084138
10y,50/50 Combo,2023-11-17,2.428917509271199,2.0265512323286505,0.0050071358006972,0.0
10y,50/50 Combo,2023-11-20,2.436678417988682,2.033026495101211,0.0031952129653888,0.0
10y,50/50 Combo,2023-11-21,2.427057512796494,2.024999356592421,-0.0039483688619564,-0.003948368861956375
10y,50/50 Combo,2023-11-22,2.423983298824292,2.022434406531323,-0.0012666424079337,-0.0052100100984473485
10y,50/50 Combo,2023-11-23,2.430859004573028,2.0281711060713623,0.0028365318160691,-0.0023882566417842144
10y,50/50 Combo,2023-11-24,2.426487666169584,2.0245239088344813,-0.0017982690049976,-0.004182230918887586
10y,50/50 Combo,2023-11-27,2.430586225223822,2.0279435144285105,0.0016890912372565,-0.0025002038512279556
10y,50/50 Combo,2023-11-28,2.432619313488622,2.0296398081530755,0.0008364600456058,-0.0016658351262495152
10y,50/50 Combo,2023-11-29,2.434898022386188,2.031541033825357,0.000936730578817,-0.0007306649861344994
10y,50/50 Combo,2023-11-30,2.430262751576044,2.027673626333493,-0.0019036817014624,-0.0026329557340331045
10y,50/50 Combo,2023-12-01,2.437552025667676,2.0337553838805458,0.0029993769549834,0.0
10y,50/50 Combo,2023-12-04,2.4399906553451065,2.0357900383960352,0.0010004421041076,0.0
10y,50/50 Combo,2023-12-05,2.439444014012781,2.035333951821898,-0.0002240341909211,-0.00022403419092120735
10y,50/50 Combo,2023-12-06,2.441656492121016,2.037179918273879,0.0009069599857697,0.0
10y,50/50 Combo,2023-12-07,2.442851226009876,2.03817673657896,0.0004893128467146,0.0
10y,50/50 Combo,2023-12-08,2.4395920572418173,2.0354574707092605,-0.0013341658850758,-0.0013341658850761773
10y,50/50 Combo,2023-12-11,2.446686577656601,2.0413767368162743,0.0029080765342402,0.0
10y,50/50 Combo,2023-12-12,2.4448490673200447,2.039843622240439,-0.0007510199113105,-0.0007510199113105465
10y,50/50 Combo,2023-12-13,2.448841062232447,2.0431743167487126,0.0016328185513628,0.0
10y,50/50 Combo,2023-12-14,2.4492319578934074,2.0435004579537583,0.0001596247576003,0.0
10y,50/50 Combo,2023-12-15,2.4470126677968467,2.0416488079644473,-0.0009061167479088,-0.0009061167479087473
10y,50/50 Combo,2023-12-18,2.4394929589177634,2.035374788679111,-0.0030730159177532,-0.00397634815447212
10y,50/50 Combo,2023-12-19,2.4393175179820648,2.0352284106967033,-7.191696744079934e-05,-0.004047979155012316
10y,50/50 Combo,2023-12-20,2.439012603292317,2.034974007145366,-0.000125,-0.00417247315761804
10y,50/50 Combo,2023-12-21,2.442755984784813,2.0380972726938,0.0015347938290448,-0.0026440832146270576
10y,50/50 Combo,2023-12-22,2.4589600607260724,2.0516170361036985,0.0066335221537434,0.0
10y,50/50 Combo,2023-12-25,2.4623356768312363,2.05443345903765,0.0013727819979991,0.0
10y,50/50 Combo,2023-12-26,2.472206054889238,2.062668743579279,0.0040085428444521,0.0
10y,50/50 Combo,2023-12-27,2.4668002033594547,2.0581584071690666,-0.0021866508736568,-0.0021866508736568813
10y,50/50 Combo,2023-12-28,2.4719236722023123,2.0624331394552224,0.002076969523466,-0.00011422295741381205
10y,50/50 Combo,2023-12-29,2.4606845576629737,2.053055858698243,-0.0045467077587089,-0.004660411377716112
10y,50/50 Combo,2024-01-02,2.451372735513171,2.045286601578198,-0.0037842404955175,-0.008427015755772094
10y,50/50 Combo,2024-01-03,2.4549040306148884,2.0482329142515536,0.001440537805842,-0.006998617384716521
10y,50/50 Combo,2024-01-04,2.4521791338046897,2.045959414650353,-0.0011099809916056,-0.008100830044057816
10y,50/50 Combo,2024-01-05,2.4686417438783006,2.059694884300795,0.0067134614460521,-0.0014417532081876239
10y,50/50 Combo,2024-01-08,2.481740582653948,2.070623813653702,0.0053060914197572,0.0
10y,50/50 Combo,2024-01-09,2.4819953880252226,2.070836408827144,0.0001026720411699,0.0
10y,50/50 Combo,2024-01-10,2.4854425672380094,2.073712539965837,0.0013888741411116,0.0
10y,50/50 Combo,2024-01-11,2.4704139376651058,2.0611735024460667,-0.006046661375726,-0.00604666137572607
10y,50/50 Combo,2024-01-12,2.474188347276312,2.0643226560997854,0.0015278450115826,-0.004528054725562947
10y,50/50 Combo,2024-01-15,2.4763258216927966,2.0661060437184524,0.0008639093377179,-0.003668057216604348
10y,50/50 Combo,2024-01-16,2.488332352973812,2.076123613549729,0.0048485264644246,0.0
10y,50/50 Combo,2024-01-17,2.4952279871931253,2.081876940277169,0.0027711869803372,0.0
10y,50/50 Combo,2024-01-18,2.516560849388598,2.0996758725201596,0.0085494641391346,0.0
10y,50/50 Combo,2024-01-19,2.5330223391347064,2.1134104074327724,0.0065412643410184,0.0
10y,50/50 Combo,2024-01-22,2.599247977203406,2.1686653298118137,0.0261449088093406,0.0
10y,50/50 Combo,2024-01-23,2.598487763403135,2.1680310504639593,-0.0002924745183754,-0.0002924745183755517
10y,50/50 Combo,2024-01-24,2.598487763403135,2.1680310504639593,0.0,-0.0002924745183755517
10y,50/50 Combo,2024-01-25,2.598487763403135,2.1680310504639593,0.0,-0.0002924745183755517
10y,50/50 Combo,2024-01-26,2.598487763403135,2.1680310504639593,0.0,-0.0002924745183755517
10y,50/50 Combo,2024-01-29,2.598487763403135,2.1680310504639593,0.0,-0.0002924745183755517
10y,50/50 Combo,2024-01-30,2.598487763403135,2.1680310504639593,0.0,-0.0002924745183755517
10y,50/50 Combo,2024-01-31,2.598487763403135,2.1680310504639593,0.0,-0.0002924745183755517
10y,50/50 Combo,2024-02-01,2.598487763403135,2.1680310504639593,0.0,-0.0002924745183755517
10y,50/50 Combo,2024-02-02,2.598487763403135,2.1680310504639593,0.0,-0.0002924745183755517
10y,50/50 Combo,2024-02-05,2.598487763403135,2.1680310504639593,0.0,-0.0002924745183755517
10y,50/50 Combo,2024-02-06,2.598487763403135,2.1680310504639593,0.0,-0.0002924745183755517
10y,50/50 Combo,2024-02-07,2.598487763403135,2.1680310504639593,0.0,-0.0002924745183755517
10y,50/50 Combo,2024-02-08,2.598487763403135,2.1680310504639593,0.0,-0.0002924745183755517
10y,50/50 Combo,2024-02-19,2.598487763403135,2.1680310504639593,0.0,-0.0002924745183755517
10y,50/50 Combo,2024-02-20,2.598487763403135,2.1680310504639593,0.0,-0.0002924745183755517
10y,50/50 Combo,2024-02-21,2.598487763403135,2.1680310504639593,0.0,-0.0002924745183755517
10y,50/50 Combo,2024-02-22,2.598487763403135,2.1680310504639593,0.0,-0.0002924745183755517
10y,50/50 Combo,2024-02-23,2.598487763403135,2.1680310504639593,0.0,-0.0002924745183755517
10y,50/50 Combo,2024-02-26,2.598487763403135,2.1680310504639593,0.0,-0.0002924745183755517
10y,50/50 Combo,2024-02-27,2.598487763403135,2.1680310504639593,0.0,-0.0002924745183755517
10y,50/50 Combo,2024-02-28,2.598487763403135,2.1680310504639593,0.0,-0.0002924745183755517
10y,50/50 Combo,2024-02-29,2.598487763403135,2.1680310504639593,0.0,-0.0002924745183755517
10y,50/50 Combo,2024-03-01,2.598487763403135,2.1680310504639593,0.0,-0.0002924745183755517
10y,50/50 Combo,2024-03-04,2.598487763403135,2.1680310504639593,0.0,-0.0002924745183755517
10y,50/50 Combo,2024-03-05,2.598487763403135,2.1680310504639593,0.0,-0.0002924745183755517
10y,50/50 Combo,2024-03-06,2.598487763403135,2.1680310504639593,0.0,-0.0002924745183755517
10y,50/50 Combo,2024-03-07,2.598487763403135,2.1680310504639593,0.0,-0.0002924745183755517
10y,50/50 Combo,2024-03-08,2.598487763403135,2.1680310504639593,0.0,-0.0002924745183755517
10y,50/50 Combo,2024-03-11,2.598487763403135,2.1680310504639593,0.0,-0.0002924745183755517
10y,50/50 Combo,2024-03-12,2.598487763403135,2.1680310504639593,0.0,-0.0002924745183755517
10y,50/50 Combo,2024-03-13,2.598487763403135,2.1680310504639593,0.0,-0.0002924745183755517
10y,50/50 Combo,2024-03-14,2.598487763403135,2.1680310504639593,0.0,-0.0002924745183755517
10y,50/50 Combo,2024-03-15,2.598487763403135,2.1680310504639593,0.0,-0.0002924745183755517
10y,50/50 Combo,2024-03-18,2.598487763403135,2.1680310504639593,0.0,-0.0002924745183755517
10y,50/50 Combo,2024-03-19,2.598487763403135,2.1680310504639593,0.0,-0.0002924745183755517
10y,50/50 Combo,2024-03-20,2.598487763403135,2.1680310504639593,0.0,-0.0002924745183755517
10y,50/50 Combo,2024-03-21,2.598487763403135,2.1680310504639593,0.0,-0.0002924745183755517
10y,50/50 Combo,2024-03-22,2.598487763403135,2.1680310504639593,0.0,-0.0002924745183755517
10y,50/50 Combo,2024-03-25,2.598487763403135,2.1680310504639593,0.0,-0.0002924745183755517
10y,50/50 Combo,2024-03-26,2.598487763403135,2.1680310504639593,0.0,-0.0002924745183755517
10y,50/50 Combo,2024-03-27,2.598487763403135,2.1680310504639593,0.0,-0.0002924745183755517
10y,50/50 Combo,2024-03-28,2.598487763403135,2.1680310504639593,0.0,-0.0002924745183755517
10y,50/50 Combo,2024-03-29,2.598487763403135,2.1680310504639593,0.0,-0.0002924745183755517
10y,50/50 Combo,2024-04-01,2.598487763403135,2.1680310504639593,0.0,-0.0002924745183755517
10y,50/50 Combo,2024-04-02,2.598487763403135,2.1680310504639593,0.0,-0.0002924745183755517
10y,50/50 Combo,2024-04-03,2.598487763403135,2.1680310504639593,0.0,-0.0002924745183755517
10y,50/50 Combo,2024-04-08,2.598487763403135,2.1680310504639593,0.0,-0.0002924745183755517
10y,50/50 Combo,2024-04-09,2.598487763403135,2.1680310504639593,0.0,-0.0002924745183755517
10y,50/50 Combo,2024-04-10,2.598487763403135,2.1680310504639593,0.0,-0.0002924745183755517
10y,50/50 Combo,2024-04-11,2.598487763403135,2.1680310504639593,0.0,-0.0002924745183755517
10y,50/50 Combo,2024-04-12,2.598462971147494,2.168010365209714,-9.541032284301924e-06,-0.0003020127601508493
10y,50/50 Combo,2024-04-15,2.5789496220004806,2.151729531624466,-0.0075095736840136,-0.007809318457088765
10y,50/50 Combo,2024-04-16,2.5786272532977303,2.1514605654330126,-0.000125,-0.007933342292281709
10y,50/50 Combo,2024-04-17,2.5786272532977303,2.1514605654330126,0.0,-0.007933342292281709
10y,50/50 Combo,2024-04-18,2.5786272532977303,2.1514605654330126,0.0,-0.007933342292281709
10y,50/50 Combo,2024-04-19,2.5786272532977303,2.1514605654330126,0.0,-0.007933342292281709
10y,50/50 Combo,2024-04-22,2.5786272532977303,2.1514605654330126,0.0,-0.007933342292281709
10y,50/50 Combo,2024-04-23,2.5786272532977303,2.1514605654330126,0.0,-0.007933342292281709
10y,50/50 Combo,2024-04-24,2.5786272532977303,2.1514605654330126,0.0,-0.007933342292281709
10y,50/50 Combo,2024-04-25,2.5786272532977303,2.1514605654330126,0.0,-0.007933342292281709
10y,50/50 Combo,2024-04-26,2.5786272532977303,2.1514605654330126,0.0,-0.007933342292281709
10y,50/50 Combo,2024-04-29,2.5786272532977303,2.1514605654330126,0.0,-0.007933342292281709
10y,50/50 Combo,2024-04-30,2.5737890516520125,2.1474238439429008,-0.0018762702672634,-0.009794727465282205
10y,50/50 Combo,2024-05-06,2.580210743848061,2.1527817402830864,0.0024950343898334,-0.007324131257313682
10y,50/50 Combo,2024-05-07,2.5840660305554946,2.1559983732062333,0.001494175123728,-0.005840899668313249
10y,50/50 Combo,2024-05-08,2.5737819784817786,2.1474179424901756,-0.0039797946151961,-0.009797448702461575
10y,50/50 Combo,2024-05-09,2.577811481560091,2.1507799316881853,0.0015655961196407,-0.008247191430491685
10y,50/50 Combo,2024-05-10,2.571489070813262,2.145504870167418,-0.0024526272739706,-0.010679591417826262
10y,50/50 Combo,2024-05-13,2.559395116503939,2.135414359511649,-0.0047030938014051,-0.01533245809903283
10y,50/50 Combo,2024-05-14,2.563998321773485,2.139255013332148,0.0017985520249931,-0.013561482297601679
10y,50/50 Combo,2024-05-15,2.563137040169416,2.1385364087317673,-0.0003359134819846,-0.013892840294846609
10y,50/50 Combo,2024-05-16,2.559656983980642,2.135632846905969,-0.0013577331739327,-0.01523171069863094
10y,50/50 Combo,2024-05-17,2.5616849667463693,2.1373248808912066,0.0007922869268888,-0.01445149165700299
10y,50/50 Combo,2024-05-20,2.5632788307920307,2.1386547107983858,0.0006221936211329,-0.0138382896617949
10y,50/50 Combo,2024-05-21,2.554316136557108,2.1311767462411546,-0.0034965740469809,-0.017286477104289877
10y,50/50 Combo,2024-05-22,2.5528954910806587,2.1299914400996283,-0.0005561744907442,-0.017833037297433685
10y,50/50 Combo,2024-05-23,2.545587541225529,2.123894100553028,-0.0028626122301763,-0.020644600456941276
10y,50/50 Combo,2024-05-24,2.545269342782876,2.1236286137904594,-0.000125,-0.020767019881883897
10y,50/50 Combo,2024-05-27,2.544520885656019,2.12300414354518,-0.0002940581235453,-0.0210549712945316
10y,50/50 Combo,2024-05-28,2.546559660416534,2.124705181759772,0.0008012411185178,-0.02027060028476413
10y,50/50 Combo,2024-05-29,2.546943075351361,2.1250250814705285,0.0001505619290161,-0.020123090336429228
10y,50/50 Combo,2024-05-30,2.545571314010245,2.1238805614834613,-0.0005385912839558,-0.020650843499323446
10y,50/50 Combo,2024-05-31,2.540548623782998,2.1196899131675835,-0.001973109218981,-0.022583206348616325
10y,50/50 Combo,2024-06-03,2.550618316279429,2.1280914943904614,0.0039635897546557,-0.01870912715927131
10y,50/50 Combo,2024-06-04,2.5528343021489217,2.129940387519809,0.0008688034016493,-0.017856578310939786
10y,50/50 Combo,2024-06-05,2.5623127093496345,2.1378486337734586,0.0037128955814853,-0.014209982340165572
10y,50/50 Combo,2024-06-06,2.589653778177223,2.1606604734157018,0.0106704652901356,-0.003691144173364247
10y,50/50 Combo,2024-06-07,2.577439411931535,2.1504694978585537,-0.004716602021713,-0.008390336537006826
10y,50/50 Combo,2024-06-11,2.555036511246941,2.1317777860911487,-0.0086919213622969,-0.017009329753921
10y,50/50 Combo,2024-06-12,2.5511889693612595,2.128567615008721,-0.0015058657161045,-0.018489581703495017
10y,50/50 Combo,2024-06-13,2.5535884179076604,2.13056957900711,0.000940521684288,-0.017566449871732503
10y,50/50 Combo,2024-06-14,2.5590626789210096,2.1351369924167245,0.002143752287941,-0.015460355700894879
10y,50/50 Combo,2024-06-17,2.556318057238966,2.132847035499377,-0.0010725105346778,-0.016516284841213702
10y,50/50 Combo,2024-06-18,2.5491001084651312,2.1268247877587,-0.0028235722676976,-0.019293222185068237
10y,50/50 Combo,2024-06-19,2.5595806641929637,2.135569169996737,0.0041114727872113,-0.01526107295584822
10y,50/50 Combo,2024-06-20,2.5764425778742357,2.1496377959668522,0.006587764127601,-0.008773845177214357
10y,50/50 Combo,2024-06-21,2.573800528649381,2.1474334196996203,-0.0010254640439275,-0.009790311958385867
10y,50/50 Combo,2024-06-24,2.612074609965689,2.1793671458808292,0.0148706478572339,0.0
10y,50/50 Combo,2024-06-25,2.61139794548284,2.1788025753524534,-0.000259052509552,-0.0002590525095521601
10y,50/50 Combo,2024-06-26,2.61139794548284,2.1788025753524534,0.0,-0.0002590525095521601
10y,50/50 Combo,2024-06-27,2.61139794548284,2.1788025753524534,0.0,-0.0002590525095521601
10y,50/50 Combo,2024-06-28,2.61139794548284,2.1788025753524534,0.0,-0.0002590525095521601
10y,50/50 Combo,2024-07-01,2.61139794548284,2.1788025753524534,0.0,-0.0002590525095521601
10y,50/50 Combo,2024-07-02,2.61139794548284,2.1788025753524534,0.0,-0.0002590525095521601
10y,50/50 Combo,2024-07-03,2.61139794548284,2.1788025753524534,0.0,-0.0002590525095521601
10y,50/50 Combo,2024-07-04,2.61139794548284,2.1788025753524534,0.0,-0.0002590525095521601
10y,50/50 Combo,2024-07-05,2.61139794548284,2.1788025753524534,0.0,-0.0002590525095521601
10y,50/50 Combo,2024-07-08,2.61139794548284,2.1788025753524534,0.0,-0.0002590525095521601
10y,50/50 Combo,2024-07-09,2.61139794548284,2.1788025753524534,0.0,-0.0002590525095521601
10y,50/50 Combo,2024-07-10,2.61139794548284,2.1788025753524534,0.0,-0.0002590525095521601
10y,50/50 Combo,2024-07-11,2.61139794548284,2.1788025753524534,0.0,-0.0002590525095521601
10y,50/50 Combo,2024-07-12,2.61139794548284,2.1788025753524534,0.0,-0.0002590525095521601
10y,50/50 Combo,2024-07-15,2.61139794548284,2.1788025753524534,0.0,-0.0002590525095521601
10y,50/50 Combo,2024-07-16,2.61139794548284,2.1788025753524534,0.0,-0.0002590525095521601
10y,50/50 Combo,2024-07-17,2.61139794548284,2.1788025753524534,0.0,-0.0002590525095521601
10y,50/50 Combo,2024-07-18,2.61139794548284,2.1788025753524534,0.0,-0.0002590525095521601
10y,50/50 Combo,2024-07-19,2.61139794548284,2.1788025753524534,0.0,-0.0002590525095521601
10y,50/50 Combo,2024-07-22,2.61139794548284,2.1788025753524534,0.0,-0.0002590525095521601
10y,50/50 Combo,2024-07-23,2.61139794548284,2.1788025753524534,0.0,-0.0002590525095521601
10y,50/50 Combo,2024-07-24,2.61139794548284,2.1788025753524534,0.0,-0.0002590525095521601
10y,50/50 Combo,2024-07-25,2.61139794548284,2.1788025753524534,0.0,-0.0002590525095521601
10y,50/50 Combo,2024-07-26,2.61139794548284,2.1788025753524534,0.0,-0.0002590525095521601
10y,50/50 Combo,2024-07-29,2.61139794548284,2.1788025753524534,0.0,-0.0002590525095521601
10y,50/50 Combo,2024-07-30,2.61139794548284,2.1788025753524534,0.0,-0.0002590525095521601
10y,50/50 Combo,2024-07-31,2.61139794548284,2.1788025753524534,0.0,-0.0002590525095521601
10y,50/50 Combo,2024-08-01,2.61139794548284,2.1788025753524534,0.0,-0.0002590525095521601
10y,50/50 Combo,2024-08-02,2.61139794548284,2.1788025753524534,0.0,-0.0002590525095521601
10y,50/50 Combo,2024-08-05,2.5907553264423484,2.1615795429129734,-0.0079048155323087,-0.008161820279559473
10y,50/50 Combo,2024-08-06,2.5901076376107377,2.161039148027245,-0.00025,-0.00840977982448976
10y,50/50 Combo,2024-08-07,2.5901076376107377,2.161039148027245,0.0,-0.00840977982448976
10y,50/50 Combo,2024-08-08,2.5901076376107377,2.161039148027245,0.0,-0.00840977982448976
10y,50/50 Combo,2024-08-09,2.5901076376107377,2.161039148027245,0.0,-0.00840977982448976
10y,50/50 Combo,2024-08-12,2.5901076376107377,2.161039148027245,0.0,-0.00840977982448976
10y,50/50 Combo,2024-08-13,2.5901076376107377,2.161039148027245,0.0,-0.00840977982448976
10y,50/50 Combo,2024-08-14,2.5901076376107377,2.161039148027245,0.0,-0.00840977982448976
10y,50/50 Combo,2024-08-15,2.5901076376107377,2.161039148027245,0.0,-0.00840977982448976
10y,50/50 Combo,2024-08-16,2.5901076376107377,2.161039148027245,0.0,-0.00840977982448976
10y,50/50 Combo,2024-08-19,2.5901076376107377,2.161039148027245,0.0,-0.00840977982448976
10y,50/50 Combo,2024-08-20,2.5901076376107377,2.161039148027245,0.0,-0.00840977982448976
10y,50/50 Combo,2024-08-21,2.5901076376107377,2.161039148027245,0.0,-0.00840977982448976
10y,50/50 Combo,2024-08-22,2.5901076376107377,2.161039148027245,0.0,-0.00840977982448976
10y,50/50 Combo,2024-08-23,2.593939962325172,2.164236622763656,0.0014796005612994,-0.0069426223781390295
10y,50/50 Combo,2024-08-26,2.587744062626643,2.159067114897904,-0.0023886056687972,-0.009314644859767629
10y,50/50 Combo,2024-08-27,2.5957427684365544,2.1657407820991317,0.0030909957153152,-0.0062524406718035275
10y,50/50 Combo,2024-08-28,2.5852080978531373,2.1569512494898477,-0.0040584416574382,-0.010285507163558583
10y,50/50 Combo,2024-08-29,2.5613321230976838,2.1370304881305087,-0.0092356103848203,-0.019426124611605755
10y,50/50 Combo,2024-08-30,2.554077874559556,2.1309779539219784,-0.0028322170610791,-0.022203322671129566
10y,50/50 Combo,2024-09-02,2.559196430194129,2.1352485869053517,0.0020040718748467,-0.020243747850776317
10y,50/50 Combo,2024-09-03,2.551305293694909,2.1286646694458553,-0.0030834430706913,-0.02326477047743214
10y,50/50 Combo,2024-09-04,2.5506674673714858,2.1281325032784943,-0.00025,-0.02350895428481259
10y,50/50 Combo,2024-09-05,2.5506674673714858,2.1281325032784943,0.0,-0.02350895428481259
10y,50/50 Combo,2024-09-06,2.5506674673714858,2.1281325032784943,0.0,-0.02350895428481259
10y,50/50 Combo,2024-09-09,2.5506674673714858,2.1281325032784943,0.0,-0.02350895428481259
10y,50/50 Combo,2024-09-10,2.5506674673714858,2.1281325032784943,0.0,-0.02350895428481259
10y,50/50 Combo,2024-09-11,2.5506674673714858,2.1281325032784943,0.0,-0.02350895428481259
10y,50/50 Combo,2024-09-12,2.5506674673714858,2.1281325032784943,0.0,-0.02350895428481259
10y,50/50 Combo,2024-09-13,2.5506674673714858,2.1281325032784943,0.0,-0.02350895428481259
10y,50/50 Combo,2024-09-18,2.5506674673714858,2.1281325032784943,0.0,-0.02350895428481259
10y,50/50 Combo,2024-09-19,2.5506674673714858,2.1281325032784943,0.0,-0.02350895428481259
10y,50/50 Combo,2024-09-20,2.5506674673714858,2.1281325032784943,0.0,-0.02350895428481259
10y,50/50 Combo,2024-09-23,2.5506674673714858,2.1281325032784943,0.0,-0.02350895428481259
10y,50/50 Combo,2024-09-24,2.5506674673714858,2.1281325032784943,0.0,-0.02350895428481259
10y,50/50 Combo,2024-09-25,2.5506674673714858,2.1281325032784943,0.0,-0.02350895428481259
10y,50/50 Combo,2024-09-26,2.5506674673714858,2.1281325032784943,0.0,-0.02350895428481259
10y,50/50 Combo,2024-09-27,2.5506674673714858,2.1281325032784943,0.0,-0.02350895428481259
10y,50/50 Combo,2024-09-30,2.5506674673714858,2.1281325032784943,0.0,-0.02350895428481259
10y,50/50 Combo,2024-10-08,2.5506674673714858,2.1281325032784943,0.0,-0.02350895428481259
10y,50/50 Combo,2024-10-09,2.5506674673714858,2.1281325032784943,0.0,-0.02350895428481259
10y,50/50 Combo,2024-10-10,2.5506674673714858,2.1281325032784943,0.0,-0.02350895428481259
10y,50/50 Combo,2024-10-11,2.5506674673714858,2.1281325032784943,0.0,-0.02350895428481259
10y,50/50 Combo,2024-10-14,2.5506674673714858,2.1281325032784943,0.0,-0.02350895428481259
10y,50/50 Combo,2024-10-15,2.5506674673714858,2.1281325032784943,0.0,-0.02350895428481259
10y,50/50 Combo,2024-10-16,2.5506674673714858,2.1281325032784943,0.0,-0.02350895428481259
10y,50/50 Combo,2024-10-17,2.5506674673714858,2.1281325032784943,0.0,-0.02350895428481259
10y,50/50 Combo,2024-10-18,2.5506674673714858,2.1281325032784943,0.0,-0.02350895428481259
10y,50/50 Combo,2024-10-21,2.571390838241232,2.1454229104717335,0.0081246854538439,-0.015575271689881598
10y,50/50 Combo,2024-10-22,2.570216818105279,2.144443374549162,-0.000456570085921,-0.016024730572669288
10y,50/50 Combo,2024-10-23,2.568434311645905,2.1429561520938543,-0.0006935237707642,-0.0167071408118612
10y,50/50 Combo,2024-10-24,2.5737118298710606,2.147359414461556,0.0020547608327866,-0.014686709157642586
10y,50/50 Combo,2024-10-25,2.589433916773874,2.160477033510395,0.0061087207667693,-0.008667705396099956
10y,50/50 Combo,2024-10-28,2.6100868380555173,2.177708661556528,0.0079758441209323,-0.0007609935422930869
10y,50/50 Combo,2024-10-29,2.6019299152683644,2.1709029870685237,-0.0031251537949709,-0.0038837691154074427
10y,50/50 Combo,2024-10-30,2.6214942432065764,2.1872263544704746,0.0075191602292616,0.0
10y,50/50 Combo,2024-10-31,2.6421407432307484,2.2044526249829772,0.007875851750457,0.0
10y,50/50 Combo,2024-11-01,2.6022114132869363,2.1711378530754,-0.0151124916589369,-0.015112491658937133
10y,50/50 Combo,2024-11-04,2.6107417998851337,2.178255124619959,0.0032781297302137,-0.011883902636928179
10y,50/50 Combo,2024-11-05,2.6234191220329435,2.1888323643669687,0.0048558314531017,-0.007085777412036309
10y,50/50 Combo,2024-11-06,2.635639320975911,2.199028206396451,0.0046581191851258,-0.002460664622615072
10y,50/50 Combo,2024-11-07,2.6195524969152246,2.185606271316317,-0.0061035756799718,-0.008549221449839939
10y,50/50 Combo,2024-11-08,2.6368117498065136,2.2000064146239455,0.0065886264587609,-0.0020169226177251254
10y,50/50 Combo,2024-11-11,2.65995485639156,2.219315712280543,0.0087769278890479,0.0
10y,50/50 Combo,2024-11-12,2.6569398170995786,2.216800134221856,-0.0011334926548608,-0.001133492654860735
10y,50/50 Combo,2024-11-13,2.645238314674886,2.2070370631960423,-0.0044041277673599,-0.005532628375745197
10y,50/50 Combo,2024-11-14,2.626537542080801,2.191434197474426,-0.0070695984140027,-0.012563113328957765
10y,50/50 Combo,2024-11-15,2.618701833897839,2.1848965262633873,-0.0029832842886968,-0.015508918279043327
10y,50/50 Combo,2024-11-18,2.5923991851432837,2.162951085529566,-0.0100441556247757,-0.02539729991505224
10y,50/50 Combo,2024-11-19,2.604535024560005,2.173076542747205,0.0046813158584026,-0.02083487683950258
10y,50/50 Combo,2024-11-20,2.604209457681935,2.1728049081793617,-0.000125,-0.020957272479897537
10y,50/50 Combo,2024-11-21,2.604209457681935,2.1728049081793617,0.0,-0.020957272479897537
10y,50/50 Combo,2024-11-22,2.604209457681935,2.1728049081793617,0.0,-0.020957272479897537
10y,50/50 Combo,2024-11-25,2.604209457681935,2.1728049081793617,0.0,-0.020957272479897537
10y,50/50 Combo,2024-11-26,2.604209457681935,2.1728049081793617,0.0,-0.020957272479897537
10y,50/50 Combo,2024-11-27,2.604209457681935,2.1728049081793617,0.0,-0.020957272479897537
10y,50/50 Combo,2024-11-28,2.604209457681935,2.1728049081793617,0.0,-0.020957272479897537
10y,50/50 Combo,2024-11-29,2.604209457681935,2.1728049081793617,0.0,-0.020957272479897537
10y,50/50 Combo,2024-12-02,2.604209457681935,2.1728049081793617,0.0,-0.020957272479897537
10y,50/50 Combo,2024-12-03,2.604209457681935,2.1728049081793617,0.0,-0.020957272479897537
10y,50/50 Combo,2024-12-04,2.604209457681935,2.1728049081793617,0.0,-0.020957272479897537
10y,50/50 Combo,2024-12-05,2.604209457681935,2.1728049081793617,0.0,-0.020957272479897537
10y,50/50 Combo,2024-12-06,2.604209457681935,2.1728049081793617,0.0,-0.020957272479897537
10y,50/50 Combo,2024-12-09,2.604209457681935,2.1728049081793617,0.0,-0.020957272479897537
10y,50/50 Combo,2024-12-10,2.604209457681935,2.1728049081793617,0.0,-0.020957272479897537
10y,50/50 Combo,2024-12-11,2.604209457681935,2.1728049081793617,0.0,-0.020957272479897537
10y,50/50 Combo,2024-12-12,2.601748718289642,2.1707518065697533,-0.000944908400142,-0.021882378177229156
10y,50/50 Combo,2024-12-13,2.6036389084066887,2.1723288741714377,0.000726507561533,-0.021171768328906215
10y,50/50 Combo,2024-12-16,2.594458133613926,2.1646689555455527,-0.0035261321234367,-0.024623245999928378
10y,50/50 Combo,2024-12-17,2.593809519080523,2.1641277883066667,-0.00025,-0.024867090188428254
10y,50/50 Combo,2024-12-18,2.593809519080523,2.1641277883066667,0.0,-0.024867090188428254
10y,50/50 Combo,2024-12-19,2.593809519080523,2.1641277883066667,0.0,-0.024867090188428254
10y,50/50 Combo,2024-12-20,2.593809519080523,2.1641277883066667,0.0,-0.024867090188428254
10y,50/50 Combo,2024-12-23,2.593809519080523,2.1641277883066667,0.0,-0.024867090188428254
10y,50/50 Combo,2024-12-24,2.593809519080523,2.1641277883066667,0.0,-0.024867090188428254
10y,50/50 Combo,2024-12-25,2.593809519080523,2.1641277883066667,0.0,-0.024867090188428254
10y,50/50 Combo,2024-12-26,2.593809519080523,2.1641277883066667,0.0,-0.024867090188428254
10y,50/50 Combo,2024-12-27,2.593809519080523,2.1641277883066667,0.0,-0.024867090188428254
10y,50/50 Combo,2024-12-30,2.593809519080523,2.1641277883066667,0.0,-0.024867090188428254
10y,50/50 Combo,2024-12-31,2.593809519080523,2.1641277883066667,0.0,-0.024867090188428254
10y,50/50 Combo,2025-01-02,2.593809519080523,2.1641277883066667,0.0,-0.024867090188428254
10y,50/50 Combo,2025-01-03,2.593809519080523,2.1641277883066667,0.0,-0.024867090188428254
10y,50/50 Combo,2025-01-06,2.593809519080523,2.1641277883066667,0.0,-0.024867090188428254
10y,50/50 Combo,2025-01-07,2.593809519080523,2.1641277883066667,0.0,-0.024867090188428254
10y,50/50 Combo,2025-01-08,2.593809519080523,2.1641277883066667,0.0,-0.024867090188428254
10y,50/50 Combo,2025-01-09,2.593809519080523,2.1641277883066667,0.0,-0.024867090188428254
10y,50/50 Combo,2025-01-10,2.593809519080523,2.1641277883066667,0.0,-0.024867090188428254
10y,50/50 Combo,2025-01-13,2.593809519080523,2.1641277883066667,0.0,-0.024867090188428254
10y,50/50 Combo,2025-01-14,2.593809519080523,2.1641277883066667,0.0,-0.024867090188428254
10y,50/50 Combo,2025-01-15,2.593809519080523,2.1641277883066667,0.0,-0.024867090188428254
10y,50/50 Combo,2025-01-16,2.593809519080523,2.1641277883066667,0.0,-0.024867090188428254
10y,50/50 Combo,2025-01-17,2.593809519080523,2.1641277883066667,0.0,-0.024867090188428254
10y,50/50 Combo,2025-01-20,2.593809519080523,2.1641277883066667,0.0,-0.024867090188428254
10y,50/50 Combo,2025-01-21,2.593809519080523,2.1641277883066667,0.0,-0.024867090188428254
10y,50/50 Combo,2025-01-22,2.593809519080523,2.1641277883066667,0.0,-0.024867090188428254
10y,50/50 Combo,2025-01-23,2.593809519080523,2.1641277883066667,0.0,-0.024867090188428254
10y,50/50 Combo,2025-01-24,2.593809519080523,2.1641277883066667,0.0,-0.024867090188428254
10y,50/50 Combo,2025-01-27,2.5860719418295446,2.157671991988613,-0.0029830938602311,-0.02777600318459661
10y,50/50 Combo,2025-02-05,2.5937529597795885,2.164080598428636,0.0029701485971074,-0.024888353444381228
10y,50/50 Combo,2025-02-06,2.603160631002315,2.1719298265876774,0.00362704982649,-0.02135157491593309
10y,50/50 Combo,2025-02-07,2.605772285191585,2.174108842958336,0.001003262786847,-0.020369733369639875
10y,50/50 Combo,2025-02-10,2.619192773894598,2.1853061387972157,0.0051502922105975,-0.015324351238147793
10y,50/50 Combo,2025-02-11,2.620922880264654,2.18674964158515,0.0006605494590926,-0.014673924270976357
10y,50/50 Combo,2025-02-12,2.628449580868739,2.193029494369922,0.0028717749235432,-0.01184428955518435
10y,50/50 Combo,2025-02-13,2.6182669000016907,2.184533642048565,-0.0038740255628881,-0.01567243003756158
10y,50/50 Combo,2025-02-14,2.614602018856815,2.181475872745105,-0.0013997355062899,-0.017050228287058045
10y,50/50 Combo,2025-02-17,2.6186567532031835,2.1848589134844603,0.0015508036470276,-0.015525866196240856
10y,50/50 Combo,2025-02-18,2.600920466797698,2.1700607604246,-0.0067730474350217,-0.022193756203045645
10y,50/50 Combo,2025-02-19,2.622664273459983,2.1882025614609764,0.008360042892452,-0.014019254064395859
10y,50/50 Combo,2025-02-20,2.636019537239325,2.199345437316905,0.0050922506225788,-0.008998392997054294
10y,50/50 Combo,2025-02-21,2.64319686761604,2.2053337953670415,0.0027227910397928,-0.006300102701086052
10y,50/50 Combo,2025-02-24,2.6491409748841988,2.210293221886633,0.0022488325939642,-0.004065437983421627
10y,50/50 Combo,2025-02-25,2.658083966548491,2.217754747734588,0.0033758081389697,-0.0007033539830847424
10y,50/50 Combo,2025-02-26,2.6647920810077803,2.2233516185925666,0.0025236653708874,0.0
10y,50/50 Combo,2025-02-27,2.6569774748735138,2.2168315537360566,-0.0029325387860321,-0.0029325387860321683
10y,50/50 Combo,2025-02-28,2.635868547700802,2.199219460195741,-0.0079447143878089,-0.010853954990754922
10y,50/50 Combo,2025-03-03,2.637085949109862,2.2002351909961293,0.0004618596819337,-0.010397108313020875
10y,50/50 Combo,2025-03-04,2.655850236704433,2.2158910500376154,0.0071155388776404,-0.0033555504637965416
10y,50/50 Combo,2025-03-05,2.658390903723472,2.2180108387330804,0.0009566303792007,-0.0024021301061084577
10y,50/50 Combo,2025-03-06,2.668380836618189,2.226345873060674,0.003757887104084,0.0
10y,50/50 Combo,2025-03-07,2.6669440265478994,2.225147080097367,-0.0005384576483881,-0.0005384576483882242
10y,50/50 Combo,2025-03-10,2.674823982051412,2.2317216687671695,0.0029546759980981,0.0
10y,50/50 Combo,2025-03-11,2.6768324689024463,2.2333974364651428,0.0007508856150952,0.0
10y,50/50 Combo,2025-03-12,2.68478973885177,2.240036531930601,0.0029726439894038,0.0
10y,50/50 Combo,2025-03-13,2.669614174915002,2.227374900697778,-0.0056524217584568,-0.005652421758456927
10y,50/50 Combo,2025-03-14,2.658993716769108,2.2185137918040816,-0.0039782745558102,-0.00960820942860674
10y,50/50 Combo,2025-03-17,2.6659741120726994,2.2243378383806487,0.0026252018797822,-0.007008231038277746
10y,50/50 Combo,2025-03-18,2.666077753689525,2.2244243110770237,3.887570263948214e-05,-0.006969627785543997
10y,50/50 Combo,2025-03-19,2.6609113149441903,2.2201137271374107,-0.0019378424872211,-0.008893964231922347
10y,50/50 Combo,2025-03-20,2.6637705565925245,2.2224993164642775,0.0010745347401382,-0.007828986365328916
10y,50/50 Combo,2025-03-21,2.6606330897242136,2.21988159176836,-0.0011778292467967,-0.008997594403011844
10y,50/50 Combo,2025-03-24,2.660300510587998,2.219604106569389,-0.000125,-0.009121469703711527
10y,50/50 Combo,2025-03-25,2.66475769222176,2.2233229265367758,0.0016754429118147,-0.00746130929365707
10y,50/50 Combo,2025-03-26,2.654979478810431,2.215164538957509,-0.0036694568665176,-0.011103387207553994
10y,50/50 Combo,2025-03-27,2.6575046741178063,2.2172714189328473,0.0009511166950739,-0.010162831129424954
10y,50/50 Combo,2025-03-28,2.6609695275823224,2.2201622964663787,0.0013037995749401,-0.008872281849391594
10y,50/50 Combo,2025-03-31,2.660010225372122,2.219361909022657,-0.0003605085290368,-0.009229591845149598
10y,50/50 Combo,2025-04-01,2.653162148001896,2.2136482610371897,-0.0025744552802492,-0.01178028595393843
10y,50/50 Combo,2025-04-02,2.6503918385017435,2.2113368716589843,-0.0010441538607953,-0.012812139383673982
10y,50/50 Combo,2025-04-03,2.6543457458953874,2.2146357880983105,0.0014918199400579,-0.011339432848623376
10y,50/50 Combo,2025-04-07,2.719151215063429,2.2687058019636797,0.024414856002936,0.0
10y,50/50 Combo,2025-04-08,2.7184714272596637,2.2681386255131892,-0.00025,-0.0002499999999997504
10y,50/50 Combo,2025-04-09,2.7184714272596637,2.2681386255131892,0.0,-0.0002499999999997504
10y,50/50 Combo,2025-04-10,2.7184714272596637,2.2681386255131892,0.0,-0.0002499999999997504
10y,50/50 Combo,2025-04-11,2.7184714272596637,2.2681386255131892,0.0,-0.0002499999999997504
10y,50/50 Combo,2025-04-14,2.7184714272596637,2.2681386255131892,0.0,-0.0002499999999997504
10y,50/50 Combo,2025-04-15,2.7184714272596637,2.2681386255131892,0.0,-0.0002499999999997504
10y,50/50 Combo,2025-04-16,2.7184714272596637,2.2681386255131892,0.0,-0.0002499999999997504
10y,50/50 Combo,2025-04-17,2.7184714272596637,2.2681386255131892,0.0,-0.0002499999999997504
10y,50/50 Combo,2025-04-18,2.7184714272596637,2.2681386255131892,0.0,-0.0002499999999997504
10y,50/50 Combo,2025-04-21,2.7184714272596637,2.2681386255131892,0.0,-0.0002499999999997504
10y,50/50 Combo,2025-04-22,2.7184714272596637,2.2681386255131892,0.0,-0.0002499999999997504
10y,50/50 Combo,2025-04-23,2.7184714272596637,2.2681386255131892,0.0,-0.0002499999999997504
10y,50/50 Combo,2025-04-24,2.7184714272596637,2.2681386255131892,0.0,-0.0002499999999997504
10y,50/50 Combo,2025-04-25,2.7184714272596637,2.2681386255131892,0.0,-0.0002499999999997504
10y,50/50 Combo,2025-04-28,2.7184714272596637,2.2681386255131892,0.0,-0.0002499999999997504
10y,50/50 Combo,2025-04-29,2.7184714272596637,2.2681386255131892,0.0,-0.0002499999999997504
10y,50/50 Combo,2025-04-30,2.7184714272596637,2.2681386255131892,0.0,-0.0002499999999997504
10y,50/50 Combo,2025-05-06,2.7184714272596637,2.2681386255131892,0.0,-0.0002499999999997504
10y,50/50 Combo,2025-05-07,2.714985951248251,2.265230541694278,-0.0012821455382836,-0.0015318250018990787
10y,50/50 Combo,2025-05-08,2.7174425947150955,2.2672802258956244,0.0009048457380472,-0.000628365329176428
10y,50/50 Combo,2025-05-09,2.709894770751713,2.2609827489759646,-0.0027775467927314,-0.0034041668078030884
10y,50/50 Combo,2025-05-12,2.711555722928267,2.2623685534206968,0.000612921281845,-0.002793332012241412
10y,50/50 Combo,2025-05-13,2.708767487455748,2.260042207626207,-0.0010282788765661,-0.0038187385645040983
10y,50/50 Combo,2025-05-14,2.701722173532461,2.2541639966293814,-0.0026009297423694,-0.006409736036162794
10y,50/50 Combo,2025-05-15,2.6965134134413677,2.249818102155313,-0.0019279406824734,-0.008325319127768127
10y,50/50 Combo,2025-05-16,2.7008922912756383,2.2534715898663555,0.0016239035980476,-0.006714935045406989
10y,50/50 Combo,2025-05-19,2.706009901911146,2.2577414343960194,0.0018947851611995,-0.004832873243489799
10y,50/50 Combo,2025-05-20,2.7079554512148136,2.2593646905683076,0.0007189734606267,-0.004117374490463677
10y,50/50 Combo,2025-05-21,2.7032906950378663,2.2554726821559914,-0.0017226118601229,-0.005832893712456877
10y,50/50 Combo,2025-05-22,2.7161226243459544,2.26617891736291,0.0047467811477479,-0.0011138000346199162
10y,50/50 Combo,2025-05-23,2.722349884129029,2.271374590307442,0.0022927020036787,0.0
10y,50/50 Combo,2025-05-26,2.7057978170949464,2.257564482834681,-0.0060800660233203,-0.006080066023320008
10y,50/50 Combo,2025-05-27,2.703091492768341,2.2553064790621242,-0.0010001945856807,-0.007074179359883859
10y,50/50 Combo,2025-05-28,2.7073957750838296,2.2588977284962644,0.0015923553927064,-0.005493088574830218
10y,50/50 Combo,2025-05-29,2.6918171334655385,2.2458997920702446,-0.0057541057578877,-0.01121558652012089
10y,50/50 Combo,2025-05-30,2.699381943448073,2.2522114411624514,0.0028102986226242,-0.008436807044846173
10y,50/50 Combo,2025-06-03,2.693825604379956,2.247575546471608,-0.0020583745407362,-0.010477815476756192
10y,50/50 Combo,2025-06-04,2.693152147978861,2.2470136525849895,-0.00025,-0.010725196022887129
10y,50/50 Combo,2025-06-05,2.693152147978861,2.2470136525849895,0.0,-0.010725196022887129
10y,50/50 Combo,2025-06-06,2.690623576460294,2.244903955690211,-0.0009388892196323,-0.01165401547159517
10y,50/50 Combo,2025-06-09,2.6955449142290377,2.2490100412537943,0.0018290695925656,-0.009846261884359775
10y,50/50 Combo,2025-06-10,2.689629524979355,2.2440745754226614,-0.0021945059117571,-0.012019160116203076
10y,50/50 Combo,2025-06-11,2.684937080117807,2.240159465139786,-0.0017446435719,-0.013742834537666782
10y,50/50 Combo,2025-06-12,2.6870132419506647,2.2418916970104985,0.0007732627510088,-0.012980198608699145
10y,50/50 Combo,2025-06-13,2.67791348056988,2.2342993713881847,-0.0033865710963817,-0.016322811339647303
10y,50/50 Combo,2025-06-16,2.683658048310011,2.2390923134245124,0.0021451655484063,-0.01421266092378004
10y,50/50 Combo,2025-06-17,2.6835332972778305,2.2389882282272855,-4.648544260660304e-05,-0.014258485684553124
10y,50/50 Combo,2025-06-18,2.680616048982803,2.2365542414390434,-0.0010870922667465,-0.015330077661776298
10y,50/50 Combo,2025-06-19,2.6725354882369508,2.229812279114301,-0.0030144416798961,-0.018298307716612783
10y,50/50 Combo,2025-06-20,2.660566393652717,2.2198259443429667,-0.0044785540311495,-0.022694911787975003
10y,50/50 Combo,2025-06-23,2.6669847759452936,2.225181079087119,0.0024124119991474,-0.02033724926634406
10y,50/50 Combo,2025-06-24,2.6717284785283253,2.229138955910333,0.0017786762886002,-0.018594746360789394
10y,50/50 Combo,2025-06-25,2.6698189796200262,2.2275457781465873,-0.0007147054514127,-0.019296162045610465
10y,50/50 Combo,2025-06-26,2.668514570529795,2.226457453063838,-0.0004885758548383,-0.01977531026158219
10y,50/50 Combo,2025-06-27,2.683031797056115,2.238569804839727,0.0054401900917623,-0.014442701616766196
10y,50/50 Combo,2025-06-30,2.695025355782509,2.2485765511059976,0.004470151542577,-0.01003711113910033
10y,50/50 Combo,2025-07-01,2.696463446140918,2.2497764122692154,0.0005336092127384,-0.009508857821334926
10y,50/50 Combo,2025-07-02,2.6825532023590397,2.2381704925249024,-0.0051586991849589,-0.014618503669201033
10y,50/50 Combo,2025-07-03,2.6813159239764173,2.237138177503307,-0.0004612316287088,-0.015072992781653305
10y,50/50 Combo,2025-07-04,2.67014565618982,2.227818338578369,-0.0041659648110511,-0.019176164035178966
10y,50/50 Combo,2025-07-07,2.679052883821221,2.2352500249424168,0.0033358583307065,-0.015904274671019958
10y,50/50 Combo,2025-07-08,2.684817681654798,2.240059845823187,0.0021518044187892,-0.01378669314074532
10y,50/50 Combo,2025-07-09,2.683572975299071,2.2390213333214417,-0.0004636092663692,-0.014243910768421908
10y,50/50 Combo,2025-07-10,2.680706754951664,2.2366299213632375,-0.0010680612652568,-0.01529675866432123
10y,50/50 Combo,2025-07-11,2.690505286562185,2.244805261297392,0.003655204580815,-0.011697466865847717
10y,50/50 Combo,2025-07-14,2.689798037888631,2.244215173052121,-0.0002628683456175,-0.01195726031770239
10y,50/50 Combo,2025-07-15,2.685280105684636,2.240445666248932,-0.0016796548069245,-0.013616831054856338
10y,50/50 Combo,2025-07-16,2.6932735953859046,2.2471149814244695,0.0029767805914724,-0.010680584781785685
10y,50/50 Combo,2025-07-17,2.6994005460869075,2.252226962150921,0.0022749083908517,-0.00842997374287302
10y,50/50 Combo,2025-07-18,2.6947672325833456,2.248361187724837,-0.0017164231185617,-0.010131927459613665
10y,50/50 Combo,2025-07-21,2.6981384476156385,2.2511739386527956,0.0012510227197103,-0.008893580011349878
10y,50/50 Combo,2025-07-22,2.692243069730897,2.2462551691714268,-0.0021849797551905,-0.011059127474264407
10y,50/50 Combo,2025-07-23,2.6859182698835435,2.240978114320465,-0.0023492677605762,-0.013382414383205199
10y,50/50 Combo,2025-07-24,2.69539594484708,2.248885749636877,0.0035286535222636,-0.009900982764591393
10y,50/50 Combo,2025-07-25,2.6947220958608686,2.2483235281994682,-0.00025,-0.010148507518900063
10y,50/50 Combo,2025-07-28,2.695911862104437,2.249316201782611,0.0004415172330369,-0.009711471026822238
10y,50/50 Combo,2025-07-29,2.6994116780549886,2.2522362500347404,0.0012981937576473,-0.008425884640239412
10y,50/50 Combo,2025-07-30,2.688626539399015,2.243237741048465,-0.0039953663769227,-0.012387586520974714
10y,50/50 Combo,2025-07-31,2.701901070835646,2.254313258409103,0.004937290933533,-0.007511456706059905
10y,50/50 Combo,2025-08-01,2.710677759289215,2.261636030274946,0.0032483381972435,-0.004287518260551515
10y,50/50 Combo,2025-08-04,2.719436508153048,2.268943834362942,0.0032312025410682,-0.0010701695593815508
10y,50/50 Combo,2025-08-05,2.7181491188296354,2.267869709609882,-0.0004734029713702,-0.0015430659093026433
10y,50/50 Combo,2025-08-06,2.729580310612587,2.2774072487425623,0.0042055057626396,0.0
10y,50/50 Combo,2025-08-07,2.7293558218774643,2.277219948053646,-8.224294930980758e-05,-8.22429493099186e-05
10y,50/50 Combo,2025-08-08,2.7277920596107337,2.275915233366294,-0.0005729418840139,-0.0006551377128933833
10y,50/50 Combo,2025-08-11,2.743001659291165,2.2886052620963566,0.0055757914635918,0.0
10y,50/50 Combo,2025-08-12,2.739813102275953,2.2859449106748437,-0.0011624334985039,-0.0011624334985037565
10y,50/50 Combo,2025-08-13,2.748729407570266,2.2933841709268026,0.0032543480016598,0.0
10y,50/50 Combo,2025-08-14,2.7327008529473,2.280010852565997,-0.0058312595553502,-0.005831259555350243
10y,50/50 Combo,2025-08-15,2.750685459327113,2.2950161897513226,0.0065812569130705,0.0
10y,50/50 Combo,2025-08-18,2.7616672342234985,2.3041787608820745,0.0039923775578003,0.0
10y,50/50 Combo,2025-08-19,2.7679160470942885,2.3093924165025532,0.0022626958068489,0.0
10y,50/50 Combo,2025-08-20,2.7641859768618526,2.306280257115764,-0.00134760959833,-0.001347609598330024
10y,50/50 Combo,2025-08-21,2.748989770896316,2.2936014033429903,-0.0054975338463981,-0.006837734915349558
10y,50/50 Combo,2025-08-22,2.741098557346695,2.2870174215970023,-0.0028705867272281,-0.009688693331485254
10y,50/50 Combo,2025-08-25,2.7340541335107056,2.281139953238617,-0.0025699272348704,-0.012233721329492853
10y,50/50 Combo,2025-08-26,2.738928766967253,2.2852070713687342,0.0017829323116903,-0.010472600914852914
10y,50/50 Combo,2025-08-27,2.733655073480725,2.280807000146367,-0.0019254584310957,-0.012377894788221822
10y,50/50 Combo,2025-08-28,2.73012477753648,2.2778615211134294,-0.0012914196741544,-0.013653329405521997
10y,50/50 Combo,2025-08-29,2.740403323418123,2.2864373577746098,0.0037648630444348,-0.009939869276399338
10y,50/50 Combo,2025-09-01,2.7371361350043357,2.2837114007666264,-0.0011922290364589,-0.011120247712088416
10y,50/50 Combo,2025-09-02,2.761857973181998,2.3043379026684567,0.009032008989799,-0.0021886768995939
10y,50/50 Combo,2025-09-03,2.772804500722275,2.3134710654011523,0.0039634650465625,0.0
10y,50/50 Combo,2025-09-04,2.7753285411780007,2.315576981833668,0.000910284318663,0.0
10y,50/50 Combo,2025-09-05,2.765544095952535,2.3074133947815616,-0.0035255088110442,-0.003525508811044409
10y,50/50 Combo,2025-09-08,2.755407817456621,2.2989562579711458,-0.0036652022691478,-0.007177789377298183
10y,50/50 Combo,2025-09-09,2.761844458809924,2.304326627041649,0.0023360031544237,-0.004858553561501444
10y,50/50 Combo,2025-09-10,2.763886953245536,2.3060307687425157,0.0007395399944036,-0.004122606661771444
10y,50/50 Combo,2025-09-11,2.763377253961297,2.3056055045214587,-0.000184413940534,-0.004306260336165879
10y,50/50 Combo,2025-09-12,2.751210734740097,2.2954544498122065,-0.0044027717184684,-0.00869007257341392
10y,50/50 Combo,2025-09-15,2.7559345070986554,2.299395697984669,0.0017169794734042,-0.006988013776240476
10y,50/50 Combo,2025-09-16,2.7404755765647644,2.286497641708834,-0.0056093243486274,-0.012558140089044434
10y,50/50 Combo,2025-09-17,2.735872345193016,2.2826569661101352,-0.001679719903769,-0.01421676583495135
10y,50/50 Combo,2025-09-18,2.7341474084048007,2.281217776528561,-0.0006304887694214,-0.01483829109317647
10y,50/50 Combo,2025-09-19,2.7423348182766945,2.2880488877137424,0.0029945019960246,-0.011888222389447978
10y,50/50 Combo,2025-09-22,2.739202745663708,2.2854356636790176,-0.0011421189681553,-0.013016763593314717
10y,50/50 Combo,2025-09-23,2.753387175528631,2.2972703487652417,0.00517830594591,-0.007905862431716426
10y,50/50 Combo,2025-09-24,2.752698828734749,2.29669603117805,-0.00025,-0.008153885966108554
10y,50/50 Combo,2025-09-25,2.752698828734749,2.29669603117805,0.0,-0.008153885966108554
10y,50/50 Combo,2025-09-26,2.7488436272436525,2.2934794693545895,-0.001400516994759,-0.009542983304998809
10y,50/50 Combo,2025-09-29,2.747601907271756,2.2924434485224086,-0.0004517244850125,-0.009990396990792405
10y,50/50 Combo,2025-09-30,2.7515815749178514,2.2957638578577066,0.0014484149379729,-0.008556452293057237
10y,50/50 Combo,2025-10-09,2.757600077868184,2.3007853559218505,0.0021872885780288,-0.0063878791453972905
10y,50/50 Combo,2025-10-10,2.750970284202153,2.295253831498853,-0.0024041896862565,-0.008776711158495432
10y,50/50 Combo,2025-10-13,2.7467194742659933,2.2917071963901523,-0.0015452038724557,-0.010308353222881594
10y,50/50 Combo,2025-10-14,2.757284994344076,2.300522468070933,0.0038465959764258,-0.006501409316486351
10y,50/50 Combo,2025-10-15,2.757082370529349,2.3003534102334946,-7.348671433721199e-05,-0.006574418263614712
10y,50/50 Combo,2025-10-16,2.775953282213867,2.3160982303780453,0.0068445222697115,0.0
10y,50/50 Combo,2025-10-17,2.785492095660603,2.324056876182874,0.0034362298198076,0.0
10y,50/50 Combo,2025-10-20,2.782504439982004,2.3215641454605964,-0.0010725773313999,-0.00107257733139976
10y,50/50 Combo,2025-10-21,2.7836873100183666,2.3225510652389443,0.000425109846858,-0.0006479234477267948
10y,50/50 Combo,2025-10-22,2.785105115602941,2.3237340019354993,0.0005093264532519,-0.00013892699902640082
10y,50/50 Combo,2025-10-23,2.790067648975129,2.327874458777896,0.001781811876466,0.0
10y,50/50 Combo,2025-10-24,2.785380902797653,2.323964103154322,-0.0016797966096617,-0.0016797966096621098
10y,50/50 Combo,2025-10-27,2.787599154111712,2.325814886442335,0.0007963906522909,-0.0008847437316883422
10y,50/50 Combo,2025-10-28,2.783488992673789,2.322385600476345,-0.0014744449293794,-0.002357884155158807
10y,50/50 Combo,2025-10-29,2.783333691587204,2.3222560260436187,-5.579367728586471e-05,-0.002413546277416967
10y,50/50 Combo,2025-10-30,2.7877155551768182,2.325912004899852,0.0015743220451285,-0.0008430239313999
10y,50/50 Combo,2025-10-31,2.763273735817458,2.3055191348439523,-0.0087676876910816,-0.009603320251934888
10y,50/50 Combo,2025-11-03,2.7612863479334373,2.3038609709293265,-0.0007192149870134,-0.010315628387097986
10y,50/50 Combo,2025-11-04,2.769858949119022,2.3110134639352014,0.0031045679822382,-0.007243085974467323
10y,50/50 Combo,2025-11-05,2.7670103179229515,2.3086367273688864,-0.0010284390824222,-0.008264075984195984
10y,50/50 Combo,2025-11-06,2.7663185653434708,2.308059568187044,-0.00025,-0.008512009965199963
10y,50/50 Combo,2025-11-07,2.7663185653434708,2.308059568187044,0.0,-0.008512009965199963
10y,50/50 Combo,2025-11-10,2.765531486229816,2.3074028739429506,-0.0002845222251389,-0.00879411033432309
10y,50/50 Combo,2025-11-11,2.7698325032287183,2.31099139898183,0.0015552225748714,-0.007252564558369534
10y,50/50 Combo,2025-11-12,2.7657617621805106,2.307595003156839,-0.0014696704741036,-0.008711576152480194
10y,50/50 Combo,2025-11-13,2.7670113916580545,2.308637623232656,0.0004518210840251,-0.008263691142235796
10y,50/50 Combo,2025-11-14,2.769930993546576,2.3110735737260377,0.0010551463204394,-0.007217264225098607
10y,50/50 Combo,2025-11-17,2.7763498565272853,2.3164291095291487,0.00231733678408,-0.004916652272887623
10y,50/50 Combo,2025-11-18,2.7739242674847397,2.3144053353809815,-0.0008736611622787,-0.0057860179470269335
10y,50/50 Combo,2025-11-19,2.7652416592960374,2.30716105876085,-0.0031300811959711,-0.008897988437022608
10y,50/50 Combo,2025-11-20,2.76437518521629,2.306438121852787,-0.0003133447945984,-0.009208545093261966
10y,50/50 Combo,2025-11-21,2.7553352873183794,2.298895742930815,-0.0032701414577354,-0.012448573305922417
10y,50/50 Combo,2025-11-24,2.7648526081801084,2.3068364565397306,0.0034541425522813,-0.009037429900412342
10y,50/50 Combo,2025-11-25,2.767281842949784,2.308863272476176,0.0008786127558802,-0.008166757545722936
10y,50/50 Combo,2025-11-26,2.762971187796918,2.3052667059073895,-0.0015577217636318,-0.00971175777338762
10y,50/50 Combo,2025-11-27,2.764169806985638,2.3062667658866696,0.000433815305065,-0.009282155577483464
10y,50/50 Combo,2025-11-28,2.769741400185888,2.3109153877616,0.0020156479483168,-0.0072852171870123605
10y,50/50 Combo,2025-12-01,2.7671028317553223,2.3087139156720227,-0.0009526407159847,-0.008230917708480057
10y,50/50 Combo,2025-12-02,2.7635502676132004,2.3057498573157122,-0.0012838569283919,-0.009504207316144986
10y,50/50 Combo,2025-12-03,2.7609377863482134,2.3035701508799087,-0.0009453351710672,-0.01044055782576303
10y,50/50 Combo,2025-12-04,2.758618429052256,2.301635010485724,-0.0008400614122584,-0.011271848528269679
10y,50/50 Combo,2025-12-05,2.76176017326384,2.304256303954664,0.0011388832099782,-0.010145802637325674
10y,50/50 Combo,2025-12-08,2.7637139825287416,2.305886451770886,0.0007074507351564,-0.009445529557703614
10y,50/50 Combo,2025-12-09,2.7624952696980256,2.304869626794527,-0.0004409692314111,-0.009882333601205606
10y,50/50 Combo,2025-12-10,2.7696028947477846,2.3107998266669143,0.0025729003512596,-0.007334859509539826
10y,50/50 Combo,2025-12-11,2.7662122484070246,2.307970863355468,-0.0012242355563644,-0.008550115470091657
10y,50/50 Combo,2025-12-12,2.767409878802157,2.3089700983413683,0.0004329495669836,-0.008120867671898568
10y,50/50 Combo,2025-12-15,2.7641586613388016,2.306257466590071,-0.0011748232483592,-0.009286150336119792
10y,50/50 Combo,2025-12-16,2.759991112257321,2.30278029962387,-0.0015077097924117,-0.01077985930873615
10y,50/50 Combo,2025-12-17,2.7576956204549075,2.3008650712461156,-0.0008317026066569,-0.011602596278306176
10y,50/50 Combo,2025-12-18,2.760242241053035,2.3029898272708507,0.0009234596375461,-0.010689851170114006
10y,50/50 Combo,2025-12-19,2.763346792886666,2.3055800895256446,0.001124738904237,-0.009577135557368388
10y,50/50 Combo,2025-12-22,2.763001374537555,2.3052918920144534,-0.000125,-0.009700938415423965
10y,50/50 Combo,2025-12-23,2.759811868797008,2.3026307490302425,-0.0011543627049699,-0.010844102718883808
10y,50/50 Combo,2025-12-24,2.776710403032576,2.3167299291172245,0.0061230747018034,-0.004787427268101996
10y,50/50 Combo,2025-12-25,2.787652161193193,2.325859112549598,0.0039405471123914,-0.0008657452384077668
10y,50/50 Combo,2025-12-26,2.7880454355760755,2.3261872384255207,0.0001410772794241,-0.0007247900959664877
10y,50/50 Combo,2025-12-29,2.791321942144264,2.3289209699738955,0.0011751984118978,0.0
10y,50/50 Combo,2025-12-30,2.788324012076381,2.3264196668829866,-0.0010740180208591,-0.0010740180208592687
10y,50/50 Combo,2025-12-31,2.7943792017385043,2.3314717742620643,0.0021716233966704,0.0
10y,50/50 Combo,2026-01-05,2.7970062458694733,2.3336636311286214,0.000940117264448,0.0
10y,50/50 Combo,2026-01-06,2.7954305975639224,2.3323489994035245,-0.0005633338530715,-0.0005633338530717236
10y,50/50 Combo,2026-01-07,2.8069352581393936,2.341947836736514,0.0041155235925001,0.0
10y,50/50 Combo,2026-01-08,2.830155447979691,2.3613214482964553,0.0082724351311505,0.0
10y,50/50 Combo,2026-01-09,2.851681650137226,2.379281692455919,0.0076060140699695,0.0
10y,50/50 Combo,2026-01-12,2.882157453092913,2.4047089767503884,0.0106869583265792,0.0
10y,50/50 Combo,2026-01-13,2.864204497054028,2.3897300468173333,-0.0062289990505616,-0.006228999050561623
10y,50/50 Combo,2026-01-14,2.879445282087283,2.4024460948399216,0.005321123212023,-0.0009410211099742938
10y,50/50 Combo,2026-01-15,2.8737140387149718,2.397664269901611,-0.0019903984312412,-0.002929546534274241
10y,50/50 Combo,2026-01-16,2.8782436223251944,2.401443497978396,0.0015762123681062,-0.0013579517536485008
10y,50/50 Combo,2026-01-19,2.883209389087588,2.4055866525784895,0.0017252767360887,0.0
10y,50/50 Combo,2026-01-20,2.87346322345976,2.3974550038550713,-0.0033803183579783,-0.0033803183579781404
10y,50/50 Combo,2026-01-21,2.883578318580736,2.405894466456947,0.0035201755980009,0.0
10y,50/50 Combo,2026-01-22,2.894161439525172,2.4147244233039644,0.0036701347337239,0.0
10y,50/50 Combo,2026-01-23,2.928923331024153,2.443727777179277,0.012011040926827,0.0
10y,50/50 Combo,2026-01-26,2.909344496405008,2.427392306224196,-0.006684652483648,-0.006684652483647913
10y,50/50 Combo,2026-01-27,2.912645602563586,2.430146562277841,0.0011346563332934,-0.005557580933631012
10y,50/50 Combo,2026-01-28,2.911906190112144,2.429529638397573,-0.0002538628286227,-0.005810032899037698
10y,50/50 Combo,2026-01-29,2.889291066436004,2.410660859783145,-0.0077664327762114,-0.013531342445311179
10y,50/50 Combo,2026-01-30,2.8903348212487474,2.4115317096963023,0.0003612494514201,-0.013174981183926127
10y,50/50 Combo,2026-02-02,2.8718379618624383,2.3960989776086725,-0.0063995559442894,-0.01949022309906423
10y,50/50 Combo,2026-02-03,2.883931156311656,2.406188854280197,0.0042109598834661,-0.015361335763187989
10y,50/50 Combo,2026-02-04,2.87783935900177,2.4011062035527333,-0.0021123241089004,-0.017441211752211028
10y,50/50 Combo,2026-02-05,2.8774796290818947,2.400806065277289,-0.000125,-0.017564031600741936
10y,50/50 Combo,2026-02-06,2.8774796290818947,2.400806065277289,0.0,-0.017564031600741936
10y,50/50 Combo,2026-02-09,2.8774796290818947,2.400806065277289,0.0,-0.017564031600741936
10y,50/50 Combo,2026-02-10,2.8774796290818947,2.400806065277289,0.0,-0.017564031600741936
10y,50/50 Combo,2026-02-11,2.8774796290818947,2.400806065277289,0.0,-0.017564031600741936
10y,50/50 Combo,2026-02-12,2.8774796290818947,2.400806065277289,0.0,-0.017564031600741936
10y,50/50 Combo,2026-02-13,2.8774796290818947,2.400806065277289,0.0,-0.017564031600741936
10y,50/50 Combo,2026-02-24,2.8774796290818947,2.400806065277289,0.0,-0.017564031600741936
10y,50/50 Combo,2026-02-25,2.8774796290818947,2.400806065277289,0.0,-0.017564031600741936
10y,50/50 Combo,2026-02-26,2.8774796290818947,2.400806065277289,0.0,-0.017564031600741936
10y,50/50 Combo,2026-02-27,2.8774796290818947,2.400806065277289,0.0,-0.017564031600741936
10y,50/50 Combo,2026-03-02,2.8774796290818947,2.400806065277289,0.0,-0.017564031600741936
10y,50/50 Combo,2026-03-03,2.8774796290818947,2.400806065277289,0.0,-0.017564031600741936
10y,50/50 Combo,2026-03-04,2.8774796290818947,2.400806065277289,0.0,-0.017564031600741936
10y,50/50 Combo,2026-03-05,2.8774796290818947,2.400806065277289,0.0,-0.017564031600741936
10y,50/50 Combo,2026-03-06,2.8774796290818947,2.400806065277289,0.0,-0.017564031600741936
10y,50/50 Combo,2026-03-09,2.8774796290818947,2.400806065277289,0.0,-0.017564031600741936
10y,50/50 Combo,2026-03-10,2.8774796290818947,2.400806065277289,0.0,-0.017564031600741936
10y,50/50 Combo,2026-03-11,2.8774796290818947,2.400806065277289,0.0,-0.017564031600741936
10y,50/50 Combo,2026-03-12,2.8774796290818947,2.400806065277289,0.0,-0.017564031600741936
10y,50/50 Combo,2026-03-13,2.8774796290818947,2.400806065277289,0.0,-0.017564031600741936
10y,50/50 Combo,2026-03-16,2.8774796290818947,2.400806065277289,0.0,-0.017564031600741936
10y,50/50 Combo,2026-03-17,2.8774796290818947,2.400806065277289,0.0,-0.017564031600741936
10y,50/50 Combo,2026-03-18,2.8774796290818947,2.400806065277289,0.0,-0.017564031600741936
10y,50/50 Combo,2026-03-19,2.887104099397517,2.4088361783231984,0.0033447570639077,-0.01427802195560135
10y,50/50 Combo,2026-03-20,2.905239946279351,2.4239677020194192,0.0062816740434188,-0.008086037792092382
10y,50/50 Combo,2026-03-23,2.9288367640426,2.4436555505917226,0.0081221579627076,-2.955590562447874e-05
10y,50/50 Combo,2026-03-24,2.9281045548515894,2.443044636704075,-0.00025,-0.0002795485166480205
10y,50/50 Combo,2026-03-25,2.9281045548515894,2.443044636704075,0.0,-0.0002795485166480205
10y,50/50 Combo,2026-03-26,2.9281045548515894,2.443044636704075,0.0,-0.0002795485166480205
10y,50/50 Combo,2026-03-27,2.9281045548515894,2.443044636704075,0.0,-0.0002795485166480205
10y,50/50 Combo,2026-03-30,2.9281045548515894,2.443044636704075,0.0,-0.0002795485166480205
10y,50/50 Combo,2026-03-31,2.9281045548515894,2.443044636704075,0.0,-0.0002795485166480205
10y,50/50 Combo,2026-04-01,2.9281045548515894,2.443044636704075,0.0,-0.0002795485166480205
10y,50/50 Combo,2026-04-02,2.9281045548515894,2.443044636704075,0.0,-0.0002795485166480205
10y,50/50 Combo,2026-04-03,2.9281045548515894,2.443044636704075,0.0,-0.0002795485166480205
10y,50/50 Combo,2026-04-07,2.9281045548515894,2.443044636704075,0.0,-0.0002795485166480205
10y,50/50 Combo,2026-04-08,2.9281045548515894,2.443044636704075,0.0,-0.0002795485166480205
10y,50/50 Combo,2026-04-09,2.924202176917173,2.439788713527673,-0.0013327317591683,-0.0016119077126302006
10y,50/50 Combo,2026-04-10,2.932750391914506,2.4469208600789383,0.0029232640153304,0.0
10y,50/50 Combo,2026-04-13,2.930717386187616,2.4452246352193314,-0.0006932078953923,-0.0006932078953922893
10y,50/50 Combo,2026-04-14,2.926133754176001,2.441400312216914,-0.0015639965945598,-0.0022561203151647558
10y,50/50 Combo,2026-04-15,2.9281845990529614,2.443111421053198,0.0007008718839436,-0.0015568296825166916
10y,50/50 Combo,2026-04-16,2.9274138171569866,2.442468324284707,-0.0002632285875091,-0.0018196484679474656
10y,50/50 Combo,2026-04-17,2.942397358556347,2.4549697427855897,0.0051183544026282,0.0
10y,50/50 Combo,2026-04-20,2.9423681782999056,2.4549453964319463,-9.9171705535972e-06,-9.91717055365271e-06
10y,50/50 Combo,2026-04-21,2.937942011908276,2.4512524538263576,-0.0015042870651854,-0.0015141893174676069
10y,50/50 Combo,2026-04-22,2.9509923765444803,2.46214093910216,0.004442008924379,0.0
10y,50/50 Combo,2026-04-23,2.9344194712623497,2.448313445375193,-0.0056160447630626,-0.005616044763062655
10y,50/50 Combo,2026-04-24,2.9293187735207917,2.4440577120065483,-0.0017382306079656,-0.007344513390125318
10y,50/50 Combo,2026-04-27,2.934932315162037,2.448741333285316,0.0019163300669043,-0.0054422578350572515
10y,50/50 Combo,2026-04-28,2.91909235718592,2.4355253692873595,-0.0053970437049898,-0.010809929436657595
10y,50/50 Combo,2026-04-29,2.92369508116776,2.43936562154865,0.0015767654526276,-0.00925020870731108
10y,50/50 Combo,2026-04-30,2.9314366096529447,2.4458247145527867,0.0026478576836038,-0.006626844259907783
10y,50/50 Combo,2026-05-06,2.943662590510487,2.456025380684389,0.004170644801693,-0.0024838376717788435
10y,50/50 Combo,2026-05-07,2.960537923192883,2.470105202709192,0.0057327673140248,0.0
10y,50/50 Combo,2026-05-08,2.9737789363490768,2.4811527543146044,0.0044725024639824,0.0
10y,50/50 Combo,2026-05-11,2.970804524556209,2.4786710735406463,-0.0010002128122273,-0.0010002128122270637
10y,50/50 Combo,2026-05-12,2.964416013505315,2.4733408616690955,-0.002150431305085,-0.003148493228369076
10y,50/50 Combo,2026-05-13,2.971715801204793,2.479431391175202,0.0024624707416981,-0.0006937755591263084
10y,50/50 Combo,2026-05-14,2.967211442239412,2.4756732091137277,-0.0015157435187964,-0.0022084674921155623
10y,50/50 Combo,2026-05-15,2.9675867692369517,2.475986360707591,0.0001264914903591,-0.0020822553541006705
10y,50/50 Combo,2026-05-18,2.9820425594092845,2.488047453468545,0.0048712274640753,0.0
10y,50/50 Combo,2026-05-19,2.9911547976338118,2.4956501890627765,0.0030557036135432,0.0
10y,50/50 Combo,2026-05-20,2.9918728778248034,2.4962493145128626,0.0002400678799906,0.0
10y,50/50 Combo,2026-05-21,2.9616225645998657,2.4710101660813795,-0.0101108283875118,-0.01011082838751165
10y,50/50 Combo,2026-05-22,2.9739657164474247,2.4813085930522467,0.0041676991508289,-0.005985268127567389
10y,50/50 Combo,2026-05-25,2.968811631620323,2.477008316522467,-0.0017330680036416,-0.007707963254523831
10y,50/50 Combo,2026-05-26,2.9421321915588505,2.4547485024579547,-0.0089865721951887,-0.016625267281448086
10y,50/50 Combo,2026-05-27,2.929999529930813,2.4446256966072517,-0.0041237649561927,-0.02068047354303837
10y,50/50 Combo,2026-05-28,2.943817102367717,2.456154296628831,0.0047158957862459,-0.016062104714831382
10y,50/50 Combo,2026-05-29,2.911263992713475,2.428993825252539,-0.0110581291303932,-0.026942617017182147
10y,50/50 Combo,2026-06-01,2.9105361767152966,2.428386576796226,-0.00025,-0.027185881362927766
10y,50/50 Combo,2026-06-02,2.9105361767152966,2.428386576796226,0.0,-0.027185881362927766
10y,50/50 Combo,2026-06-03,2.9105361767152966,2.428386576796226,0.0,-0.027185881362927766
10y,50/50 Combo,2026-06-04,2.9105361767152966,2.428386576796226,0.0,-0.027185881362927766
10y,50/50 Combo,2026-06-05,2.9105361767152966,2.428386576796226,0.0,-0.027185881362927766
10y,Long CSI1000 / Short CSI300,2016-06-06,1.4267342590408771,1.0,0.0069866530627018,0.0
10y,Long CSI1000 / Short CSI300,2016-06-07,1.429580206805708,1.001994728693726,0.001994728693726,0.0
10y,Long CSI1000 / Short CSI300,2016-06-08,1.4350120926208485,1.0058019449154716,0.003799636976842,0.0
10y,Long CSI1000 / Short CSI300,2016-06-13,1.4050088970462309,0.9847726639652915,-0.0209079740365262,-0.020907974036526
10y,Long CSI1000 / Short CSI300,2016-06-14,1.4072166735953202,0.986320097578173,0.0015713612588013,-0.019369466758125897
10y,Long CSI1000 / Short CSI300,2016-06-15,1.4238336462775996,0.9979669565338485,0.0118083966698777,-0.0077897924350122105
10y,Long CSI1000 / Short CSI300,2016-06-16,1.4364660020667566,1.006820992041238,0.0088720728170615,0.0
10y,Long CSI1000 / Short CSI300,2016-06-17,1.4388805865626244,1.008513377627809,0.0016809200443266,0.0
10y,Long CSI1000 / Short CSI300,2016-06-20,1.445229493485873,1.012963335202611,0.0044123932052038,0.0
10y,Long CSI1000 / Short CSI300,2016-06-21,1.4298367583256677,1.002174546006119,-0.0106507203385937,-0.010650720338593489
10y,Long CSI1000 / Short CSI300,2016-06-22,1.4448508272489953,1.0126979275175583,0.0105005475876205,-0.0002620111467308561
10y,Long CSI1000 / Short CSI300,2016-06-23,1.4495344938792338,1.015980715885861,0.003241626430845,0.0
10y,Long CSI1000 / Short CSI300,2016-06-24,1.4568801497252375,1.0211292961484124,0.0050675964435626,0.0
10y,Long CSI1000 / Short CSI300,2016-06-27,1.4736667081543262,1.0328950179867409,0.0115222644994197,0.0
10y,Long CSI1000 / Short CSI300,2016-06-28,1.4804669781364268,1.037661336548876,0.0046145237213219,0.0
10y,Long CSI1000 / Short CSI300,2016-06-29,1.4760613161434653,1.034573402012333,-0.0029758596834812,-0.002975859683481241
10y,Long CSI1000 / Short CSI300,2016-06-30,1.4740814902194168,1.0331857393053483,-0.0013412897570008,-0.00431315795037035
10y,Long CSI1000 / Short CSI300,2016-07-01,1.4687942713006277,1.0294799203097746,-0.0035867887588781,-0.007884476322796874
10y,Long CSI1000 / Short CSI300,2016-07-04,1.4727950828230727,1.0322840945959761,0.0027238746777671,-0.005182077970432908
10y,Long CSI1000 / Short CSI300,2016-07-05,1.4783218459462646,1.0361578104531304,0.0037525676094722,-0.0014489564589023063
10y,Long CSI1000 / Short CSI300,2016-07-06,1.4793323413741508,1.0368660680851898,0.0006835422412629,-0.0007664046405846392
10y,Long CSI1000 / Short CSI300,2016-07-07,1.483672108610774,1.0399078168965912,0.0029335985668994,0.0
10y,Long CSI1000 / Short CSI300,2016-07-08,1.4893844254805422,1.043911587629347,0.0038501208161936,0.0
10y,Long CSI1000 / Short CSI300,2016-07-11,1.4735767127848256,1.0328319401087616,-0.0106135880201757,-0.010613588020175646
10y,Long CSI1000 / Short CSI300,2016-07-12,1.4531903250665454,1.0185430929817676,-0.0138346294030075,-0.02430138236628787
10y,Long CSI1000 / Short CSI300,2016-07-13,1.461891727544837,1.024641917919315,0.0059877927400138,-0.018459101267179312
10y,Long CSI1000 / Short CSI300,2016-07-14,1.4677843396271677,1.0287720578139663,0.0040308129332031,-0.014502693518099075
10y,Long CSI1000 / Short CSI300,2016-07-15,1.458281637700442,1.0221116009934272,-0.0064741813018249,-0.020882981752722962
10y,Long CSI1000 / Short CSI300,2016-07-18,1.4574324878789569,1.0215164307183011,-0.000582294804743,-0.021453116505683933
10y,Long CSI1000 / Short CSI300,2016-07-19,1.4570681297569872,1.0212610516106215,-0.00025,-0.021697753226557537
10y,Long CSI1000 / Short CSI300,2016-07-20,1.4570681297569872,1.0212610516106215,0.0,-0.021697753226557537
10y,Long CSI1000 / Short CSI300,2016-07-21,1.4570681297569872,1.0212610516106215,0.0,-0.021697753226557537
10y,Long CSI1000 / Short CSI300,2016-07-22,1.4570681297569872,1.0212610516106215,0.0,-0.021697753226557537
10y,Long CSI1000 / Short CSI300,2016-07-25,1.4570681297569872,1.0212610516106215,0.0,-0.021697753226557537
10y,Long CSI1000 / Short CSI300,2016-07-26,1.4570681297569872,1.0212610516106215,0.0,-0.021697753226557537
10y,Long CSI1000 / Short CSI300,2016-07-27,1.4570681297569872,1.0212610516106215,0.0,-0.021697753226557537
10y,Long CSI1000 / Short CSI300,2016-07-28,1.4570681297569872,1.0212610516106215,0.0,-0.021697753226557537
10y,Long CSI1000 / Short CSI300,2016-07-29,1.4570681297569872,1.0212610516106215,0.0,-0.021697753226557537
10y,Long CSI1000 / Short CSI300,2016-08-01,1.4570681297569872,1.0212610516106215,0.0,-0.021697753226557537
10y,Long CSI1000 / Short CSI300,2016-08-02,1.4570681297569872,1.0212610516106215,0.0,-0.021697753226557537
10y,Long CSI1000 / Short CSI300,2016-08-03,1.4570681297569872,1.0212610516106215,0.0,-0.021697753226557537
10y,Long CSI1000 / Short CSI300,2016-08-04,1.4570681297569872,1.0212610516106215,0.0,-0.021697753226557537
10y,Long CSI1000 / Short CSI300,2016-08-05,1.4570681297569872,1.0212610516106215,0.0,-0.021697753226557537
10y,Long CSI1000 / Short CSI300,2016-08-08,1.4570681297569872,1.0212610516106215,0.0,-0.021697753226557537
10y,Long CSI1000 / Short CSI300,2016-08-09,1.4570681297569872,1.0212610516106215,0.0,-0.021697753226557537
10y,Long CSI1000 / Short CSI300,2016-08-10,1.4570681297569872,1.0212610516106215,0.0,-0.021697753226557537
10y,Long CSI1000 / Short CSI300,2016-08-11,1.4570681297569872,1.0212610516106215,0.0,-0.021697753226557537
10y,Long CSI1000 / Short CSI300,2016-08-12,1.4570681297569872,1.0212610516106215,0.0,-0.021697753226557537
10y,Long CSI1000 / Short CSI300,2016-08-15,1.4570681297569872,1.0212610516106215,0.0,-0.021697753226557537
10y,Long CSI1000 / Short CSI300,2016-08-16,1.4570681297569872,1.0212610516106215,0.0,-0.021697753226557537
10y,Long CSI1000 / Short CSI300,2016-08-17,1.4570681297569872,1.0212610516106215,0.0,-0.021697753226557537
10y,Long CSI1000 / Short CSI300,2016-08-18,1.4570681297569872,1.0212610516106215,0.0,-0.021697753226557537
10y,Long CSI1000 / Short CSI300,2016-08-19,1.4570681297569872,1.0212610516106215,0.0,-0.021697753226557537
10y,Long CSI1000 / Short CSI300,2016-08-22,1.4570681297569872,1.0212610516106215,0.0,-0.021697753226557537
10y,Long CSI1000 / Short CSI300,2016-08-23,1.4570681297569872,1.0212610516106215,0.0,-0.021697753226557537
10y,Long CSI1000 / Short CSI300,2016-08-24,1.4570681297569872,1.0212610516106215,0.0,-0.021697753226557537
10y,Long CSI1000 / Short CSI300,2016-08-25,1.4570681297569872,1.0212610516106215,0.0,-0.021697753226557537
10y,Long CSI1000 / Short CSI300,2016-08-26,1.4570681297569872,1.0212610516106215,0.0,-0.021697753226557537
10y,Long CSI1000 / Short CSI300,2016-08-29,1.4570681297569872,1.0212610516106215,0.0,-0.021697753226557537
10y,Long CSI1000 / Short CSI300,2016-08-30,1.4570681297569872,1.0212610516106215,0.0,-0.021697753226557537
10y,Long CSI1000 / Short CSI300,2016-08-31,1.4570681297569872,1.0212610516106215,0.0,-0.021697753226557537
10y,Long CSI1000 / Short CSI300,2016-09-01,1.4570681297569872,1.0212610516106215,0.0,-0.021697753226557537
10y,Long CSI1000 / Short CSI300,2016-09-02,1.4570681297569872,1.0212610516106215,0.0,-0.021697753226557537
10y,Long CSI1000 / Short CSI300,2016-09-05,1.4570681297569872,1.0212610516106215,0.0,-0.021697753226557537
10y,Long CSI1000 / Short CSI300,2016-09-06,1.4570681297569872,1.0212610516106215,0.0,-0.021697753226557537
10y,Long CSI1000 / Short CSI300,2016-09-07,1.455643853344071,1.0202627743183432,-0.0009774947264503,-0.022654038513652885
10y,Long CSI1000 / Short CSI300,2016-09-08,1.4628400623531683,1.0253066070878283,0.0049436604926167,-0.017822371896234368
10y,Long CSI1000 / Short CSI300,2016-09-09,1.4617728023260077,1.024558563070242,-0.0007295808028693,-0.01853894983870652
10y,Long CSI1000 / Short CSI300,2016-09-12,1.4503227836684025,1.0165332292808211,-0.0078329673663278,-0.0262267022159417
10y,Long CSI1000 / Short CSI300,2016-09-13,1.4626794258953393,1.0251940167741023,0.0085199256097202,-0.0179302261580897
10y,Long CSI1000 / Short CSI300,2016-09-14,1.4639150275686,1.026060051682447,0.0008447522070698,-0.0171006205491403
10y,Long CSI1000 / Short CSI300,2016-09-19,1.466732695007119,1.0280349586566533,0.0019247479433275,-0.015208786990044354
10y,Long CSI1000 / Short CSI300,2016-09-20,1.4676664687396062,1.028689441947126,0.0006366352476262,-0.014581834192289644
10y,Long CSI1000 / Short CSI300,2016-09-21,1.4672483015622535,1.0283963479986888,-0.0002849197595363,-0.01486259929913436
10y,Long CSI1000 / Short CSI300,2016-09-22,1.4649671938512463,1.0267975164737906,-0.0015546841721189,-0.01639417682336619
10y,Long CSI1000 / Short CSI300,2016-09-23,1.4650257179009067,1.0268385360605072,3.994905135495941e-05,-0.016354882703823126
10y,Long CSI1000 / Short CSI300,2016-09-26,1.4617959066169788,1.0245747568994887,-0.0022046106388872,-0.018523437194303827
10y,Long CSI1000 / Short CSI300,2016-09-27,1.4622726538641944,1.0249089096992792,0.00032613803682,-0.018203340354925657
10y,Long CSI1000 / Short CSI300,2016-09-28,1.4634845440068334,1.025758325163273,0.0008287716654183,-0.017389655102209245
10y,Long CSI1000 / Short CSI300,2016-09-29,1.4626861858103268,1.0251987548077932,-0.0005455187072361,-0.01792568742727474
10y,Long CSI1000 / Short CSI300,2016-09-30,1.464275069801816,1.0263124057777766,0.0010862781141319,-0.016858881595075426
10y,Long CSI1000 / Short CSI300,2016-10-10,1.470432923420156,1.030628453828995,0.0042053940173778,-0.012724385817497352
10y,Long CSI1000 / Short CSI300,2016-10-11,1.4744679636373603,1.0334566190543235,0.0027441171596044,-0.010015185863360365
10y,Long CSI1000 / Short CSI300,2016-10-12,1.4793814399806242,1.0369004813658425,0.0033323723976632,-0.006716187794625683
10y,Long CSI1000 / Short CSI300,2016-10-13,1.4795876312400615,1.0370450011025285,0.000139376670455,-0.0065777472040635665
10y,Long CSI1000 / Short CSI300,2016-10-14,1.4751665100260054,1.0339462311767063,-0.002988076623992,-0.009546169015396622
10y,Long CSI1000 / Short CSI300,2016-10-17,1.474281390994131,1.0333258500326594,-0.0006000129652203,-0.010140454155439627
10y,Long CSI1000 / Short CSI300,2016-10-18,1.4767982125706214,1.0350898937293338,0.0017071514243243,-0.008450614021870084
10y,Long CSI1000 / Short CSI300,2016-10-19,1.4770054426207098,1.0352351415558125,0.0001403238765624,-0.008311475968226456
10y,Long CSI1000 / Short CSI300,2016-10-20,1.4827460454428496,1.0392587379514013,0.00388664974176,-0.0044571300223920085
10y,Long CSI1000 / Short CSI300,2016-10-21,1.4700618996222228,1.0303684027398856,-0.0085544964760559,-0.01297349799537817
10y,Long CSI1000 / Short CSI300,2016-10-24,1.4620425484356556,1.0247476284886539,-0.0054551112362193,-0.01835783735690988
10y,Long CSI1000 / Short CSI300,2016-10-25,1.4683949807576957,1.0292000570203066,0.0043449024987931,-0.014092697871521231
10y,Long CSI1000 / Short CSI300,2016-10-26,1.4676205738568753,1.0286572741608406,-0.0005273832388209,-0.014612648857694865
10y,Long CSI1000 / Short CSI300,2016-10-27,1.4710024277597384,1.0310276202021116,0.0023043107756222,-0.01234201016629577
10y,Long CSI1000 / Short CSI300,2016-10-28,1.459960423681265,1.0232882643911028,-0.00750644857554,-0.019755814077203948
10y,Long CSI1000 / Short CSI300,2016-10-31,1.4609706010946992,1.0239962991263962,0.0006919210939202,-0.019077562447771146
10y,Long CSI1000 / Short CSI300,2016-11-01,1.4667446261212913,1.0280433211909492,0.00395218426864,-0.0152007762213211
10y,Long CSI1000 / Short CSI300,2016-11-02,1.468199518768931,1.0290630574441584,0.0009919195350911,-0.014223934633112556
10y,Long CSI1000 / Short CSI300,2016-11-03,1.4638006285010383,1.0259798692190087,-0.0029961120485728,-0.01717743017975304
10y,Long CSI1000 / Short CSI300,2016-11-04,1.4644963181587114,1.0264674790547328,0.000475262576151,-0.01671033139332101
10y,Long CSI1000 / Short CSI300,2016-11-07,1.4637640699996322,1.0259542453152055,-0.0005,-0.017201976227624205
10y,Long CSI1000 / Short CSI300,2016-11-08,1.4637640699996322,1.0259542453152055,0.0,-0.017201976227624205
10y,Long CSI1000 / Short CSI300,2016-11-09,1.4637640699996322,1.0259542453152055,0.0,-0.017201976227624205
10y,Long CSI1000 / Short CSI300,2016-11-10,1.4637640699996322,1.0259542453152055,0.0,-0.017201976227624205
10y,Long CSI1000 / Short CSI300,2016-11-11,1.4637640699996322,1.0259542453152055,0.0,-0.017201976227624205
10y,Long CSI1000 / Short CSI300,2016-11-14,1.4637640699996322,1.0259542453152055,0.0,-0.017201976227624205
10y,Long CSI1000 / Short CSI300,2016-11-15,1.4637640699996322,1.0259542453152055,0.0,-0.017201976227624205
10y,Long CSI1000 / Short CSI300,2016-11-16,1.4637640699996322,1.0259542453152055,0.0,-0.017201976227624205
10y,Long CSI1000 / Short CSI300,2016-11-17,1.4637640699996322,1.0259542453152055,0.0,-0.017201976227624205
10y,Long CSI1000 / Short CSI300,2016-11-18,1.4637640699996322,1.0259542453152055,0.0,-0.017201976227624205
10y,Long CSI1000 / Short CSI300,2016-11-21,1.4637640699996322,1.0259542453152055,0.0,-0.017201976227624205
10y,Long CSI1000 / Short CSI300,2016-11-22,1.4637640699996322,1.0259542453152055,0.0,-0.017201976227624205
10y,Long CSI1000 / Short CSI300,2016-11-23,1.4637640699996322,1.0259542453152055,0.0,-0.017201976227624205
10y,Long CSI1000 / Short CSI300,2016-11-24,1.4637640699996322,1.0259542453152055,0.0,-0.017201976227624205
10y,Long CSI1000 / Short CSI300,2016-11-25,1.4637640699996322,1.0259542453152055,0.0,-0.017201976227624205
10y,Long CSI1000 / Short CSI300,2016-11-28,1.4637640699996322,1.0259542453152055,0.0,-0.017201976227624205
10y,Long CSI1000 / Short CSI300,2016-11-29,1.4637640699996322,1.0259542453152055,0.0,-0.017201976227624205
10y,Long CSI1000 / Short CSI300,2016-11-30,1.4637640699996322,1.0259542453152055,0.0,-0.017201976227624205
10y,Long CSI1000 / Short CSI300,2016-12-01,1.4637640699996322,1.0259542453152055,0.0,-0.017201976227624205
10y,Long CSI1000 / Short CSI300,2016-12-02,1.4637640699996322,1.0259542453152055,0.0,-0.017201976227624205
10y,Long CSI1000 / Short CSI300,2016-12-05,1.4637640699996322,1.0259542453152055,0.0,-0.017201976227624205
10y,Long CSI1000 / Short CSI300,2016-12-06,1.4637640699996322,1.0259542453152055,0.0,-0.017201976227624205
10y,Long CSI1000 / Short CSI300,2016-12-07,1.4637640699996322,1.0259542453152055,0.0,-0.017201976227624205
10y,Long CSI1000 / Short CSI300,2016-12-08,1.4637640699996322,1.0259542453152055,0.0,-0.017201976227624205
10y,Long CSI1000 / Short CSI300,2016-12-09,1.4637640699996322,1.0259542453152055,0.0,-0.017201976227624205
10y,Long CSI1000 / Short CSI300,2016-12-12,1.4637640699996322,1.0259542453152055,0.0,-0.017201976227624205
10y,Long CSI1000 / Short CSI300,2016-12-13,1.4637640699996322,1.0259542453152055,0.0,-0.017201976227624205
10y,Long CSI1000 / Short CSI300,2016-12-14,1.4637640699996322,1.0259542453152055,0.0,-0.017201976227624205
10y,Long CSI1000 / Short CSI300,2016-12-15,1.4637640699996322,1.0259542453152055,0.0,-0.017201976227624205
10y,Long CSI1000 / Short CSI300,2016-12-16,1.4637640699996322,1.0259542453152055,0.0,-0.017201976227624205
10y,Long CSI1000 / Short CSI300,2016-12-19,1.4637640699996322,1.0259542453152055,0.0,-0.017201976227624205
10y,Long CSI1000 / Short CSI300,2016-12-20,1.4637640699996322,1.0259542453152055,0.0,-0.017201976227624205
10y,Long CSI1000 / Short CSI300,2016-12-21,1.4637640699996322,1.0259542453152055,0.0,-0.017201976227624205
10y,Long CSI1000 / Short CSI300,2016-12-22,1.4639023005735023,1.0260511313141183,9.443500950953608e-05,-0.017109165686903238
10y,Long CSI1000 / Short CSI300,2016-12-23,1.4616607340911765,1.0244800142906632,-0.0015312268321785,-0.01861419450550561
10y,Long CSI1000 / Short CSI300,2016-12-26,1.4616312644672216,1.0244593589907933,-2.016174018176775e-05,-0.018633980951134332
10y,Long CSI1000 / Short CSI300,2016-12-27,1.463718752405898,1.0259224821515702,0.0014281905357556,-0.017232403290616594
10y,Long CSI1000 / Short CSI300,2016-12-28,1.4639578867609253,1.0260900917491613,0.0001633745243984,-0.017071844101910094
10y,Long CSI1000 / Short CSI300,2016-12-29,1.462028332952611,1.0247376648370807,-0.0013180391497351,-0.01836738189276066
10y,Long CSI1000 / Short CSI300,2016-12-30,1.461662825869373,1.0244814804208715,-0.00025,-0.018612790047287442
10y,Long CSI1000 / Short CSI300,2017-01-03,1.460599734153838,1.0237363579786238,-0.0007273166538273,-0.019326569308939057
10y,Long CSI1000 / Short CSI300,2017-01-04,1.463811713068854,1.0259876384078015,0.0021990822262314,-0.017169987797768904
10y,Long CSI1000 / Short CSI300,2017-01-05,1.4639939328491824,1.026115356501885,0.0001244830729947,-0.017047642097618665
10y,Long CSI1000 / Short CSI300,2017-01-06,1.463224852863817,1.0255763072847712,-0.0005253300359439,-0.017564016495126733
10y,Long CSI1000 / Short CSI300,2017-01-09,1.463230382713058,1.0255801831636926,3.779220418692825e-06,-0.017560303652997877
10y,Long CSI1000 / Short CSI300,2017-01-10,1.4603398904054348,1.023554233138797,-0.0019754184588921,-0.019501033163910164
10y,Long CSI1000 / Short CSI300,2017-01-11,1.4578841305217705,1.0218329876664165,-0.0016816358299864,-0.021149875357806436
10y,Long CSI1000 / Short CSI300,2017-01-12,1.4550052897300407,1.0198152042049995,-0.001974670504644,-0.02308278182740431
10y,Long CSI1000 / Short CSI300,2017-01-13,1.4546415384076083,1.0195602504039483,-0.00025,-0.02332701113194746
10y,Long CSI1000 / Short CSI300,2017-01-16,1.4546415384076083,1.0195602504039483,0.0,-0.02332701113194746
10y,Long CSI1000 / Short CSI300,2017-01-17,1.4546415384076083,1.0195602504039483,0.0,-0.02332701113194746
10y,Long CSI1000 / Short CSI300,2017-01-18,1.4546415384076083,1.0195602504039483,0.0,-0.02332701113194746
10y,Long CSI1000 / Short CSI300,2017-01-19,1.4546415384076083,1.0195602504039483,0.0,-0.02332701113194746
10y,Long CSI1000 / Short CSI300,2017-01-20,1.4546415384076083,1.0195602504039483,0.0,-0.02332701113194746
10y,Long CSI1000 / Short CSI300,2017-01-23,1.4546415384076083,1.0195602504039483,0.0,-0.02332701113194746
10y,Long CSI1000 / Short CSI300,2017-01-24,1.4546415384076083,1.0195602504039483,0.0,-0.02332701113194746
10y,Long CSI1000 / Short CSI300,2017-01-25,1.4546415384076083,1.0195602504039483,0.0,-0.02332701113194746
10y,Long CSI1000 / Short CSI300,2017-01-26,1.4546415384076083,1.0195602504039483,0.0,-0.02332701113194746
10y,Long CSI1000 / Short CSI300,2017-02-03,1.4546415384076083,1.0195602504039483,0.0,-0.02332701113194746
10y,Long CSI1000 / Short CSI300,2017-02-06,1.4546415384076083,1.0195602504039483,0.0,-0.02332701113194746
10y,Long CSI1000 / Short CSI300,2017-02-07,1.4546415384076083,1.0195602504039483,0.0,-0.02332701113194746
10y,Long CSI1000 / Short CSI300,2017-02-08,1.4546415384076083,1.0195602504039483,0.0,-0.02332701113194746
10y,Long CSI1000 / Short CSI300,2017-02-09,1.4546415384076083,1.0195602504039483,0.0,-0.02332701113194746
10y,Long CSI1000 / Short CSI300,2017-02-10,1.4546415384076083,1.0195602504039483,0.0,-0.02332701113194746
10y,Long CSI1000 / Short CSI300,2017-02-13,1.4546415384076083,1.0195602504039483,0.0,-0.02332701113194746
10y,Long CSI1000 / Short CSI300,2017-02-14,1.4546415384076083,1.0195602504039483,0.0,-0.02332701113194746
10y,Long CSI1000 / Short CSI300,2017-02-15,1.4546415384076083,1.0195602504039483,0.0,-0.02332701113194746
10y,Long CSI1000 / Short CSI300,2017-02-16,1.4550616353715746,1.0198546969424709,0.0002887975854354,-0.0230449503310024
10y,Long CSI1000 / Short CSI300,2017-02-17,1.450604541141035,1.0167307134800314,-0.0030631652448188,-0.02603752508489876
10y,Long CSI1000 / Short CSI300,2017-02-20,1.4422394701964918,1.01086762377602,-0.0057666102009878,-0.03165398702812339
10y,Long CSI1000 / Short CSI300,2017-02-21,1.4516060166801752,1.0174326490596912,0.0064944460869644,-0.025365116053350567
10y,Long CSI1000 / Short CSI300,2017-02-22,1.4539662493556822,1.0190869393807869,0.0016259457789413,-0.023780412577788512
10y,Long CSI1000 / Short CSI300,2017-02-23,1.461257232944573,1.0241971997833037,0.005014548028279,-0.018885112570513174
10y,Long CSI1000 / Short CSI300,2017-02-24,1.4605266043281009,1.023685101183412,-0.0005,-0.019375670014227908
10y,Long CSI1000 / Short CSI300,2017-02-27,1.46003873596579,1.0233431535787905,-0.000334035929825,-0.019703233774103435
10y,Long CSI1000 / Short CSI300,2017-02-28,1.4626135000444576,1.0251478092547524,0.0017634902521708,-0.017974489982629627
10y,Long CSI1000 / Short CSI300,2017-03-01,1.4633889224038217,1.025691303850505,0.0005301621784157,-0.01745385719897885
10y,Long CSI1000 / Short CSI300,2017-03-02,1.4638236109782037,1.0259959776687915,0.0002970424114376,-0.01716199932337248
10y,Long CSI1000 / Short CSI300,2017-03-03,1.4728018772361402,1.0322888568094188,0.0061334345139691,-0.01113382680838193
10y,Long CSI1000 / Short CSI300,2017-03-06,1.482532247097908,1.0391088863980467,0.0066067065857002,-0.00460067814958065
10y,Long CSI1000 / Short CSI300,2017-03-07,1.482127703008549,1.0388253408906787,-0.0002728737200496,-0.004872296465468717
10y,Long CSI1000 / Short CSI300,2017-03-08,1.4784194169096438,1.0362261980752547,-0.0025020017447737,-0.007362107715985111
10y,Long CSI1000 / Short CSI300,2017-03-09,1.4784110357765174,1.0362203237275456,-5.66898204301669e-06,-0.0073677349623714194
10y,Long CSI1000 / Short CSI300,2017-03-10,1.4783872781114356,1.036203671947488,-1.6069729261269927e-05,-0.007383686294126779
10y,Long CSI1000 / Short CSI300,2017-03-13,1.4758991934505117,1.0344597699943685,-0.0016829721804033,-0.009054231935908374
10y,Long CSI1000 / Short CSI300,2017-03-14,1.4736134047628024,1.0328576575664763,-0.0015487430969898,-0.01058895235368873
10y,Long CSI1000 / Short CSI300,2017-03-15,1.4693394468292844,1.0298620345859282,-0.0029003250918485,-0.013458566041329667
10y,Long CSI1000 / Short CSI300,2017-03-16,1.477306910681069,1.0354464409330084,0.0054224800599873,-0.008109064787337306
10y,Long CSI1000 / Short CSI300,2017-03-17,1.482085566796516,1.0387958075618433,0.0032347077515828,-0.004900587490480168
10y,Long CSI1000 / Short CSI300,2017-03-20,1.4857799978330493,1.041385239345038,0.002492724522322,-0.002420078782769508
10y,Long CSI1000 / Short CSI300,2017-03-21,1.4794158874359755,1.0369246256345688,-0.0042833463947257,-0.0066930591417661
10y,Long CSI1000 / Short CSI300,2017-03-22,1.4783080552890262,1.0361481445625478,-0.0007488307759553,-0.00743687794905068
10y,Long CSI1000 / Short CSI300,2017-03-23,1.4729492397354649,1.032392143387414,-0.003624965401757,-0.011034884925545274
10y,Long CSI1000 / Short CSI300,2017-03-24,1.4632172704876407,1.0255709927869043,-0.0066071314511637,-0.017569107441457676
10y,Long CSI1000 / Short CSI300,2017-03-27,1.4654562278315686,1.027140281061676,0.0015301605503752,-0.016065830446194584
10y,Long CSI1000 / Short CSI300,2017-03-28,1.4639989125740898,1.026118846797906,-0.0009944447536553,-0.01704429861904977
10y,Long CSI1000 / Short CSI300,2017-03-29,1.458625130471349,1.0223523555479144,-0.003670618916849,-0.020652354410963247
10y,Long CSI1000 / Short CSI300,2017-03-30,1.458260474188731,1.0220967674590273,-0.00025,-0.020897191322360564
10y,Long CSI1000 / Short CSI300,2017-03-31,1.458260474188731,1.0220967674590273,0.0,-0.020897191322360564
10y,Long CSI1000 / Short CSI300,2017-04-05,1.458260474188731,1.0220967674590273,0.0,-0.020897191322360564
10y,Long CSI1000 / Short CSI300,2017-04-06,1.458260474188731,1.0220967674590273,0.0,-0.020897191322360564
10y,Long CSI1000 / Short CSI300,2017-04-07,1.458260474188731,1.0220967674590273,0.0,-0.020897191322360564
10y,Long CSI1000 / Short CSI300,2017-04-10,1.458260474188731,1.0220967674590273,0.0,-0.020897191322360564
10y,Long CSI1000 / Short CSI300,2017-04-11,1.458260474188731,1.0220967674590273,0.0,-0.020897191322360564
10y,Long CSI1000 / Short CSI300,2017-04-12,1.458260474188731,1.0220967674590273,0.0,-0.020897191322360564
10y,Long CSI1000 / Short CSI300,2017-04-13,1.458260474188731,1.0220967674590273,0.0,-0.020897191322360564
10y,Long CSI1000 / Short CSI300,2017-04-14,1.458260474188731,1.0220967674590273,0.0,-0.020897191322360564
10y,Long CSI1000 / Short CSI300,2017-04-17,1.458260474188731,1.0220967674590273,0.0,-0.020897191322360564
10y,Long CSI1000 / Short CSI300,2017-04-18,1.458260474188731,1.0220967674590273,0.0,-0.020897191322360564
10y,Long CSI1000 / Short CSI300,2017-04-19,1.458260474188731,1.0220967674590273,0.0,-0.020897191322360564
10y,Long CSI1000 / Short CSI300,2017-04-20,1.458260474188731,1.0220967674590273,0.0,-0.020897191322360564
10y,Long CSI1000 / Short CSI300,2017-04-21,1.458260474188731,1.0220967674590273,0.0,-0.020897191322360564
10y,Long CSI1000 / Short CSI300,2017-04-24,1.458260474188731,1.0220967674590273,0.0,-0.020897191322360564
10y,Long CSI1000 / Short CSI300,2017-04-25,1.458260474188731,1.0220967674590273,0.0,-0.020897191322360564
10y,Long CSI1000 / Short CSI300,2017-04-26,1.458260474188731,1.0220967674590273,0.0,-0.020897191322360564
10y,Long CSI1000 / Short CSI300,2017-04-27,1.458260474188731,1.0220967674590273,0.0,-0.020897191322360564
10y,Long CSI1000 / Short CSI300,2017-04-28,1.458260474188731,1.0220967674590273,0.0,-0.020897191322360564
10y,Long CSI1000 / Short CSI300,2017-05-02,1.458260474188731,1.0220967674590273,0.0,-0.020897191322360564
10y,Long CSI1000 / Short CSI300,2017-05-03,1.458260474188731,1.0220967674590273,0.0,-0.020897191322360564
10y,Long CSI1000 / Short CSI300,2017-05-04,1.458260474188731,1.0220967674590273,0.0,-0.020897191322360564
10y,Long CSI1000 / Short CSI300,2017-05-05,1.458260474188731,1.0220967674590273,0.0,-0.020897191322360564
10y,Long CSI1000 / Short CSI300,2017-05-08,1.458260474188731,1.0220967674590273,0.0,-0.020897191322360564
10y,Long CSI1000 / Short CSI300,2017-05-09,1.458260474188731,1.0220967674590273,0.0,-0.020897191322360564
10y,Long CSI1000 / Short CSI300,2017-05-10,1.458260474188731,1.0220967674590273,0.0,-0.020897191322360564
10y,Long CSI1000 / Short CSI300,2017-05-11,1.458260474188731,1.0220967674590273,0.0,-0.020897191322360564
10y,Long CSI1000 / Short CSI300,2017-05-12,1.458260474188731,1.0220967674590273,0.0,-0.020897191322360564
10y,Long CSI1000 / Short CSI300,2017-05-15,1.458260474188731,1.0220967674590273,0.0,-0.020897191322360564
10y,Long CSI1000 / Short CSI300,2017-05-16,1.458260474188731,1.0220967674590273,0.0,-0.020897191322360564
10y,Long CSI1000 / Short CSI300,2017-05-17,1.458260474188731,1.0220967674590273,0.0,-0.020897191322360564
10y,Long CSI1000 / Short CSI300,2017-05-18,1.458260474188731,1.0220967674590273,0.0,-0.020897191322360564
10y,Long CSI1000 / Short CSI300,2017-05-19,1.458260474188731,1.0220967674590273,0.0,-0.020897191322360564
10y,Long CSI1000 / Short CSI300,2017-05-22,1.458260474188731,1.0220967674590273,0.0,-0.020897191322360564
10y,Long CSI1000 / Short CSI300,2017-05-23,1.458260474188731,1.0220967674590273,0.0,-0.020897191322360564
10y,Long CSI1000 / Short CSI300,2017-05-24,1.458260474188731,1.0220967674590273,0.0,-0.020897191322360564
10y,Long CSI1000 / Short CSI300,2017-05-25,1.458260474188731,1.0220967674590273,0.0,-0.020897191322360564
10y,Long CSI1000 / Short CSI300,2017-05-26,1.458260474188731,1.0220967674590273,0.0,-0.020897191322360564
10y,Long CSI1000 / Short CSI300,2017-05-31,1.458260474188731,1.0220967674590273,0.0,-0.020897191322360564
10y,Long CSI1000 / Short CSI300,2017-06-01,1.458260474188731,1.0220967674590273,0.0,-0.020897191322360564
10y,Long CSI1000 / Short CSI300,2017-06-02,1.458260474188731,1.0220967674590273,0.0,-0.020897191322360564
10y,Long CSI1000 / Short CSI300,2017-06-05,1.458260474188731,1.0220967674590273,0.0,-0.020897191322360564
10y,Long CSI1000 / Short CSI300,2017-06-06,1.458260474188731,1.0220967674590273,0.0,-0.020897191322360564
10y,Long CSI1000 / Short CSI300,2017-06-07,1.458260474188731,1.0220967674590273,0.0,-0.020897191322360564
10y,Long CSI1000 / Short CSI300,2017-06-08,1.458260474188731,1.0220967674590273,0.0,-0.020897191322360564
10y,Long CSI1000 / Short CSI300,2017-06-09,1.458260474188731,1.0220967674590273,0.0,-0.020897191322360564
10y,Long CSI1000 / Short CSI300,2017-06-12,1.458260474188731,1.0220967674590273,0.0,-0.020897191322360564
10y,Long CSI1000 / Short CSI300,2017-06-13,1.458260474188731,1.0220967674590273,0.0,-0.020897191322360564
10y,Long CSI1000 / Short CSI300,2017-06-14,1.458260474188731,1.0220967674590273,0.0,-0.020897191322360564
10y,Long CSI1000 / Short CSI300,2017-06-15,1.458260474188731,1.0220967674590273,0.0,-0.020897191322360564
10y,Long CSI1000 / Short CSI300,2017-06-16,1.458260474188731,1.0220967674590273,0.0,-0.020897191322360564
10y,Long CSI1000 / Short CSI300,2017-06-19,1.458260474188731,1.0220967674590273,0.0,-0.020897191322360564
10y,Long CSI1000 / Short CSI300,2017-06-20,1.458260474188731,1.0220967674590273,0.0,-0.020897191322360564
10y,Long CSI1000 / Short CSI300,2017-06-21,1.458260474188731,1.0220967674590273,0.0,-0.020897191322360564
10y,Long CSI1000 / Short CSI300,2017-06-22,1.458260474188731,1.0220967674590273,0.0,-0.020897191322360564
10y,Long CSI1000 / Short CSI300,2017-06-23,1.458260474188731,1.0220967674590273,0.0,-0.020897191322360564
10y,Long CSI1000 / Short CSI300,2017-06-26,1.458260474188731,1.0220967674590273,0.0,-0.020897191322360564
10y,Long CSI1000 / Short CSI300,2017-06-27,1.458260474188731,1.0220967674590273,0.0,-0.020897191322360564
10y,Long CSI1000 / Short CSI300,2017-06-28,1.458260474188731,1.0220967674590273,0.0,-0.020897191322360564
10y,Long CSI1000 / Short CSI300,2017-06-29,1.458260474188731,1.0220967674590273,0.0,-0.020897191322360564
10y,Long CSI1000 / Short CSI300,2017-06-30,1.458260474188731,1.0220967674590273,0.0,-0.020897191322360564
10y,Long CSI1000 / Short CSI300,2017-07-03,1.458260474188731,1.0220967674590273,0.0,-0.020897191322360564
10y,Long CSI1000 / Short CSI300,2017-07-04,1.458260474188731,1.0220967674590273,0.0,-0.020897191322360564
10y,Long CSI1000 / Short CSI300,2017-07-05,1.458260474188731,1.0220967674590273,0.0,-0.020897191322360564
10y,Long CSI1000 / Short CSI300,2017-07-06,1.458260474188731,1.0220967674590273,0.0,-0.020897191322360564
10y,Long CSI1000 / Short CSI300,2017-07-07,1.458260474188731,1.0220967674590273,0.0,-0.020897191322360564
10y,Long CSI1000 / Short CSI300,2017-07-10,1.458260474188731,1.0220967674590273,0.0,-0.020897191322360564
10y,Long CSI1000 / Short CSI300,2017-07-11,1.458260474188731,1.0220967674590273,0.0,-0.020897191322360564
10y,Long CSI1000 / Short CSI300,2017-07-12,1.458260474188731,1.0220967674590273,0.0,-0.020897191322360564
10y,Long CSI1000 / Short CSI300,2017-07-13,1.458260474188731,1.0220967674590273,0.0,-0.020897191322360564
10y,Long CSI1000 / Short CSI300,2017-07-14,1.458260474188731,1.0220967674590273,0.0,-0.020897191322360564
10y,Long CSI1000 / Short CSI300,2017-07-17,1.458260474188731,1.0220967674590273,0.0,-0.020897191322360564
10y,Long CSI1000 / Short CSI300,2017-07-18,1.458260474188731,1.0220967674590273,0.0,-0.020897191322360564
10y,Long CSI1000 / Short CSI300,2017-07-19,1.458260474188731,1.0220967674590273,0.0,-0.020897191322360564
10y,Long CSI1000 / Short CSI300,2017-07-20,1.458260474188731,1.0220967674590273,0.0,-0.020897191322360564
10y,Long CSI1000 / Short CSI300,2017-07-21,1.458260474188731,1.0220967674590273,0.0,-0.020897191322360564
10y,Long CSI1000 / Short CSI300,2017-07-24,1.458260474188731,1.0220967674590273,0.0,-0.020897191322360564
10y,Long CSI1000 / Short CSI300,2017-07-25,1.458260474188731,1.0220967674590273,0.0,-0.020897191322360564
10y,Long CSI1000 / Short CSI300,2017-07-26,1.458260474188731,1.0220967674590273,0.0,-0.020897191322360564
10y,Long CSI1000 / Short CSI300,2017-07-27,1.458260474188731,1.0220967674590273,0.0,-0.020897191322360564
10y,Long CSI1000 / Short CSI300,2017-07-28,1.458260474188731,1.0220967674590273,0.0,-0.020897191322360564
10y,Long CSI1000 / Short CSI300,2017-07-31,1.458260474188731,1.0220967674590273,0.0,-0.020897191322360564
10y,Long CSI1000 / Short CSI300,2017-08-01,1.458260474188731,1.0220967674590273,0.0,-0.020897191322360564
10y,Long CSI1000 / Short CSI300,2017-08-02,1.458260474188731,1.0220967674590273,0.0,-0.020897191322360564
10y,Long CSI1000 / Short CSI300,2017-08-03,1.458260474188731,1.0220967674590273,0.0,-0.020897191322360564
10y,Long CSI1000 / Short CSI300,2017-08-04,1.458589853186306,1.0223276296504185,0.0002258711687005,-0.020676040226686454
10y,Long CSI1000 / Short CSI300,2017-08-07,1.462073376440795,1.0247692358797598,0.0023882815630995,-0.01833713886925825
10y,Long CSI1000 / Short CSI300,2017-08-08,1.4649538372786493,1.0267881548337285,0.0019701205727897,-0.016403144671000902
10y,Long CSI1000 / Short CSI300,2017-08-09,1.4702568769860866,1.0305050626417758,0.0036199363915032,-0.012842586619827179
10y,Long CSI1000 / Short CSI300,2017-08-10,1.4655752948659075,1.027223735309434,-0.0031841933157802,-0.015985886657135406
10y,Long CSI1000 / Short CSI300,2017-08-11,1.4704874263819825,1.030666655029731,0.0033516746176622,-0.01268779153002253
10y,Long CSI1000 / Short CSI300,2017-08-14,1.4806172395494266,1.037766654979444,0.006888745177759,-0.0058864493149825
10y,Long CSI1000 / Short CSI300,2017-08-15,1.482520225187436,1.0391004602244998,0.0012852650821413,-0.004608749880603336
10y,Long CSI1000 / Short CSI300,2017-08-16,1.4917118663369282,1.0455428941194223,0.0062000106260473,0.0
10y,Long CSI1000 / Short CSI300,2017-08-17,1.4974848484186785,1.0495891851825045,0.0038700383177392,0.0
10y,Long CSI1000 / Short CSI300,2017-08-18,1.4886212215529593,1.0433766569491965,-0.0059190093810157,-0.005919009381015861
10y,Long CSI1000 / Short CSI300,2017-08-21,1.4930233323255964,1.046462102430541,0.0029571731941619,-0.0029793397227314555
10y,Long CSI1000 / Short CSI300,2017-08-22,1.4794290663179697,1.0369338627310434,-0.0091051932768201,-0.012057405535538801
10y,Long CSI1000 / Short CSI300,2017-08-23,1.4680670850182582,1.0289702344465794,-0.0076799770657401,-0.019644782003293892
10y,Long CSI1000 / Short CSI300,2017-08-24,1.4671717659383,1.0283427040748336,-0.0006098625117987,-0.020242663898996427
10y,Long CSI1000 / Short CSI300,2017-08-25,1.4668049729968151,1.028085618398815,-0.00025,-0.020487603233021567
10y,Long CSI1000 / Short CSI300,2017-08-28,1.4668049729968151,1.028085618398815,0.0,-0.020487603233021567
10y,Long CSI1000 / Short CSI300,2017-08-29,1.4668049729968151,1.028085618398815,0.0,-0.020487603233021567
10y,Long CSI1000 / Short CSI300,2017-08-30,1.4668049729968151,1.028085618398815,0.0,-0.020487603233021567
10y,Long CSI1000 / Short CSI300,2017-08-31,1.475658608712891,1.0342911438216273,0.0060360006129422,-0.014575265805751525
10y,Long CSI1000 / Short CSI300,2017-09-01,1.4839151744348271,1.0400781820662173,0.0055951733505203,-0.009061643594044377
10y,Long CSI1000 / Short CSI300,2017-09-04,1.4892256388840135,1.043800293885945,0.0035786846449687,-0.005515387713863507
10y,Long CSI1000 / Short CSI300,2017-09-05,1.4852614311330448,1.0410217752334008,-0.0026619255319425,-0.008162631694431988
10y,Long CSI1000 / Short CSI300,2017-09-06,1.499209457732357,1.0507979662170595,0.0093909572462753,0.0
10y,Long CSI1000 / Short CSI300,2017-09-07,1.5001840887249391,1.051481086417199,0.0006500966142892,0.0
10y,Long CSI1000 / Short CSI300,2017-09-08,1.504661305245594,1.0546191736203934,0.0029844447453513,0.0
10y,Long CSI1000 / Short CSI300,2017-09-11,1.5205180139247958,1.0657331624930384,0.0105383906822895,0.0
10y,Long CSI1000 / Short CSI300,2017-09-12,1.5115800238121864,1.05946851295794,-0.0058782533523153,-0.005878253352315399
10y,Long CSI1000 / Short CSI300,2017-09-13,1.5153471741088778,1.0621089137703685,0.00249219375577,-0.0034007093428450874
10y,Long CSI1000 / Short CSI300,2017-09-14,1.518035305381174,1.0639930286679131,0.0017739375624448,-0.0016328044264425357
10y,Long CSI1000 / Short CSI300,2017-09-15,1.5105837616577358,1.0587702314467633,-0.0049086761665053,-0.006533465684775086
10y,Long CSI1000 / Short CSI300,2017-09-18,1.5176066610578764,1.0636925912735062,0.0046491294149975,-0.001914711197274488
10y,Long CSI1000 / Short CSI300,2017-09-19,1.5159632543145207,1.0625407252319208,-0.0010828937336174,-0.0029955315021348294
10y,Long CSI1000 / Short CSI300,2017-09-20,1.524839692587962,1.0687622329984816,0.0058553122895153,0.0
10y,Long CSI1000 / Short CSI300,2017-09-21,1.5096613857602197,1.0581237369144625,-0.0099540344480291,-0.009954034448028892
10y,Long CSI1000 / Short CSI300,2017-09-22,1.5026537670493816,1.0532120873438207,-0.0046418480176658,-0.014549677350624624
10y,Long CSI1000 / Short CSI300,2017-09-25,1.4948554505360527,1.0477462365983767,-0.0051896961790749,-0.019663865124746382
10y,Long CSI1000 / Short CSI300,2017-09-26,1.4956654510893563,1.0483139670977117,0.0005418587817392,-0.019132661381007998
10y,Long CSI1000 / Short CSI300,2017-09-27,1.5017611366751726,1.0525864414896242,0.0040755675551483,-0.015135070279827523
10y,Long CSI1000 / Short CSI300,2017-09-28,1.4974751705631095,1.0495824019602558,-0.0028539599323711,-0.01794583532804639
10y,Long CSI1000 / Short CSI300,2017-09-29,1.501876956822963,1.052667619990145,0.0029394719501081,-0.015059114657506312
10y,Long CSI1000 / Short CSI300,2017-10-09,1.5023651813673815,1.0530098172432947,0.0003250762602093,-0.014738933757972084
10y,Long CSI1000 / Short CSI300,2017-10-10,1.50198959007204,1.052746564788984,-0.00025,-0.014985249024532465
10y,Long CSI1000 / Short CSI300,2017-10-11,1.50198959007204,1.052746564788984,0.0,-0.014985249024532465
10y,Long CSI1000 / Short CSI300,2017-10-12,1.50198959007204,1.052746564788984,0.0,-0.014985249024532465
10y,Long CSI1000 / Short CSI300,2017-10-13,1.50198959007204,1.052746564788984,0.0,-0.014985249024532465
10y,Long CSI1000 / Short CSI300,2017-10-16,1.50198959007204,1.052746564788984,0.0,-0.014985249024532465
10y,Long CSI1000 / Short CSI300,2017-10-17,1.50198959007204,1.052746564788984,0.0,-0.014985249024532465
10y,Long CSI1000 / Short CSI300,2017-10-18,1.50198959007204,1.052746564788984,0.0,-0.014985249024532465
10y,Long CSI1000 / Short CSI300,2017-10-19,1.50198959007204,1.052746564788984,0.0,-0.014985249024532465
10y,Long CSI1000 / Short CSI300,2017-10-20,1.50198959007204,1.052746564788984,0.0,-0.014985249024532465
10y,Long CSI1000 / Short CSI300,2017-10-23,1.50198959007204,1.052746564788984,0.0,-0.014985249024532465
10y,Long CSI1000 / Short CSI300,2017-10-24,1.50198959007204,1.052746564788984,0.0,-0.014985249024532465
10y,Long CSI1000 / Short CSI300,2017-10-25,1.50198959007204,1.052746564788984,0.0,-0.014985249024532465
10y,Long CSI1000 / Short CSI300,2017-10-26,1.50198959007204,1.052746564788984,0.0,-0.014985249024532465
10y,Long CSI1000 / Short CSI300,2017-10-27,1.50198959007204,1.052746564788984,0.0,-0.014985249024532465
10y,Long CSI1000 / Short CSI300,2017-10-30,1.50198959007204,1.052746564788984,0.0,-0.014985249024532465
10y,Long CSI1000 / Short CSI300,2017-10-31,1.50198959007204,1.052746564788984,0.0,-0.014985249024532465
10y,Long CSI1000 / Short CSI300,2017-11-01,1.50198959007204,1.052746564788984,0.0,-0.014985249024532465
10y,Long CSI1000 / Short CSI300,2017-11-02,1.50198959007204,1.052746564788984,0.0,-0.014985249024532465
10y,Long CSI1000 / Short CSI300,2017-11-03,1.50198959007204,1.052746564788984,0.0,-0.014985249024532465
10y,Long CSI1000 / Short CSI300,2017-11-06,1.50198959007204,1.052746564788984,0.0,-0.014985249024532465
10y,Long CSI1000 / Short CSI300,2017-11-07,1.50198959007204,1.052746564788984,0.0,-0.014985249024532465
10y,Long CSI1000 / Short CSI300,2017-11-08,1.50198959007204,1.052746564788984,0.0,-0.014985249024532465
10y,Long CSI1000 / Short CSI300,2017-11-09,1.50198959007204,1.052746564788984,0.0,-0.014985249024532465
10y,Long CSI1000 / Short CSI300,2017-11-10,1.50198959007204,1.052746564788984,0.0,-0.014985249024532465
10y,Long CSI1000 / Short CSI300,2017-11-13,1.50198959007204,1.052746564788984,0.0,-0.014985249024532465
10y,Long CSI1000 / Short CSI300,2017-11-14,1.50198959007204,1.052746564788984,0.0,-0.014985249024532465
10y,Long CSI1000 / Short CSI300,2017-11-15,1.50198959007204,1.052746564788984,0.0,-0.014985249024532465
10y,Long CSI1000 / Short CSI300,2017-11-16,1.50198959007204,1.052746564788984,0.0,-0.014985249024532465
10y,Long CSI1000 / Short CSI300,2017-11-17,1.50198959007204,1.052746564788984,0.0,-0.014985249024532465
10y,Long CSI1000 / Short CSI300,2017-11-20,1.50198959007204,1.052746564788984,0.0,-0.014985249024532465
10y,Long CSI1000 / Short CSI300,2017-11-21,1.50198959007204,1.052746564788984,0.0,-0.014985249024532465
10y,Long CSI1000 / Short CSI300,2017-11-22,1.50198959007204,1.052746564788984,0.0,-0.014985249024532465
10y,Long CSI1000 / Short CSI300,2017-11-23,1.50198959007204,1.052746564788984,0.0,-0.014985249024532465
10y,Long CSI1000 / Short CSI300,2017-11-24,1.50198959007204,1.052746564788984,0.0,-0.014985249024532465
10y,Long CSI1000 / Short CSI300,2017-11-27,1.50198959007204,1.052746564788984,0.0,-0.014985249024532465
10y,Long CSI1000 / Short CSI300,2017-11-28,1.50198959007204,1.052746564788984,0.0,-0.014985249024532465
10y,Long CSI1000 / Short CSI300,2017-11-29,1.50198959007204,1.052746564788984,0.0,-0.014985249024532465
10y,Long CSI1000 / Short CSI300,2017-11-30,1.50198959007204,1.052746564788984,0.0,-0.014985249024532465
10y,Long CSI1000 / Short CSI300,2017-12-01,1.50198959007204,1.052746564788984,0.0,-0.014985249024532465
10y,Long CSI1000 / Short CSI300,2017-12-04,1.50198959007204,1.052746564788984,0.0,-0.014985249024532465
10y,Long CSI1000 / Short CSI300,2017-12-05,1.50198959007204,1.052746564788984,0.0,-0.014985249024532465
10y,Long CSI1000 / Short CSI300,2017-12-06,1.50198959007204,1.052746564788984,0.0,-0.014985249024532465
10y,Long CSI1000 / Short CSI300,2017-12-07,1.50198959007204,1.052746564788984,0.0,-0.014985249024532465
10y,Long CSI1000 / Short CSI300,2017-12-08,1.50198959007204,1.052746564788984,0.0,-0.014985249024532465
10y,Long CSI1000 / Short CSI300,2017-12-11,1.50198959007204,1.052746564788984,0.0,-0.014985249024532465
10y,Long CSI1000 / Short CSI300,2017-12-12,1.50198959007204,1.052746564788984,0.0,-0.014985249024532465
10y,Long CSI1000 / Short CSI300,2017-12-13,1.50198959007204,1.052746564788984,0.0,-0.014985249024532465
10y,Long CSI1000 / Short CSI300,2017-12-14,1.50198959007204,1.052746564788984,0.0,-0.014985249024532465
10y,Long CSI1000 / Short CSI300,2017-12-15,1.50198959007204,1.052746564788984,0.0,-0.014985249024532465
10y,Long CSI1000 / Short CSI300,2017-12-18,1.50198959007204,1.052746564788984,0.0,-0.014985249024532465
10y,Long CSI1000 / Short CSI300,2017-12-19,1.50198959007204,1.052746564788984,0.0,-0.014985249024532465
10y,Long CSI1000 / Short CSI300,2017-12-20,1.50198959007204,1.052746564788984,0.0,-0.014985249024532465
10y,Long CSI1000 / Short CSI300,2017-12-21,1.50198959007204,1.052746564788984,0.0,-0.014985249024532465
10y,Long CSI1000 / Short CSI300,2017-12-22,1.50198959007204,1.052746564788984,0.0,-0.014985249024532465
10y,Long CSI1000 / Short CSI300,2017-12-25,1.50198959007204,1.052746564788984,0.0,-0.014985249024532465
10y,Long CSI1000 / Short CSI300,2017-12-26,1.50198959007204,1.052746564788984,0.0,-0.014985249024532465
10y,Long CSI1000 / Short CSI300,2017-12-27,1.50198959007204,1.052746564788984,0.0,-0.014985249024532465
10y,Long CSI1000 / Short CSI300,2017-12-28,1.50198959007204,1.052746564788984,0.0,-0.014985249024532465
10y,Long CSI1000 / Short CSI300,2017-12-29,1.50198959007204,1.052746564788984,0.0,-0.014985249024532465
10y,Long CSI1000 / Short CSI300,2018-01-02,1.50198959007204,1.052746564788984,0.0,-0.014985249024532465
10y,Long CSI1000 / Short CSI300,2018-01-03,1.50198959007204,1.052746564788984,0.0,-0.014985249024532465
10y,Long CSI1000 / Short CSI300,2018-01-04,1.50198959007204,1.052746564788984,0.0,-0.014985249024532465
10y,Long CSI1000 / Short CSI300,2018-01-05,1.50198959007204,1.052746564788984,0.0,-0.014985249024532465
10y,Long CSI1000 / Short CSI300,2018-01-08,1.50198959007204,1.052746564788984,0.0,-0.014985249024532465
10y,Long CSI1000 / Short CSI300,2018-01-09,1.50198959007204,1.052746564788984,0.0,-0.014985249024532465
10y,Long CSI1000 / Short CSI300,2018-01-10,1.50198959007204,1.052746564788984,0.0,-0.014985249024532465
10y,Long CSI1000 / Short CSI300,2018-01-11,1.50198959007204,1.052746564788984,0.0,-0.014985249024532465
10y,Long CSI1000 / Short CSI300,2018-01-12,1.50198959007204,1.052746564788984,0.0,-0.014985249024532465
10y,Long CSI1000 / Short CSI300,2018-01-15,1.50198959007204,1.052746564788984,0.0,-0.014985249024532465
10y,Long CSI1000 / Short CSI300,2018-01-16,1.50198959007204,1.052746564788984,0.0,-0.014985249024532465
10y,Long CSI1000 / Short CSI300,2018-01-17,1.50198959007204,1.052746564788984,0.0,-0.014985249024532465
10y,Long CSI1000 / Short CSI300,2018-01-18,1.50198959007204,1.052746564788984,0.0,-0.014985249024532465
10y,Long CSI1000 / Short CSI300,2018-01-19,1.50198959007204,1.052746564788984,0.0,-0.014985249024532465
10y,Long CSI1000 / Short CSI300,2018-01-22,1.50198959007204,1.052746564788984,0.0,-0.014985249024532465
10y,Long CSI1000 / Short CSI300,2018-01-23,1.50198959007204,1.052746564788984,0.0,-0.014985249024532465
10y,Long CSI1000 / Short CSI300,2018-01-24,1.50198959007204,1.052746564788984,0.0,-0.014985249024532465
10y,Long CSI1000 / Short CSI300,2018-01-25,1.50198959007204,1.052746564788984,0.0,-0.014985249024532465
10y,Long CSI1000 / Short CSI300,2018-01-26,1.50198959007204,1.052746564788984,0.0,-0.014985249024532465
10y,Long CSI1000 / Short CSI300,2018-01-29,1.50198959007204,1.052746564788984,0.0,-0.014985249024532465
10y,Long CSI1000 / Short CSI300,2018-01-30,1.50198959007204,1.052746564788984,0.0,-0.014985249024532465
10y,Long CSI1000 / Short CSI300,2018-01-31,1.50198959007204,1.052746564788984,0.0,-0.014985249024532465
10y,Long CSI1000 / Short CSI300,2018-02-01,1.50198959007204,1.052746564788984,0.0,-0.014985249024532465
10y,Long CSI1000 / Short CSI300,2018-02-02,1.50198959007204,1.052746564788984,0.0,-0.014985249024532465
10y,Long CSI1000 / Short CSI300,2018-02-05,1.50198959007204,1.052746564788984,0.0,-0.014985249024532465
10y,Long CSI1000 / Short CSI300,2018-02-06,1.50198959007204,1.052746564788984,0.0,-0.014985249024532465
10y,Long CSI1000 / Short CSI300,2018-02-07,1.50198959007204,1.052746564788984,0.0,-0.014985249024532465
10y,Long CSI1000 / Short CSI300,2018-02-08,1.50198959007204,1.052746564788984,0.0,-0.014985249024532465
10y,Long CSI1000 / Short CSI300,2018-02-09,1.50198959007204,1.052746564788984,0.0,-0.014985249024532465
10y,Long CSI1000 / Short CSI300,2018-02-12,1.50198959007204,1.052746564788984,0.0,-0.014985249024532465
10y,Long CSI1000 / Short CSI300,2018-02-13,1.50198959007204,1.052746564788984,0.0,-0.014985249024532465
10y,Long CSI1000 / Short CSI300,2018-02-14,1.50198959007204,1.052746564788984,0.0,-0.014985249024532465
10y,Long CSI1000 / Short CSI300,2018-02-22,1.50198959007204,1.052746564788984,0.0,-0.014985249024532465
10y,Long CSI1000 / Short CSI300,2018-02-23,1.50198959007204,1.052746564788984,0.0,-0.014985249024532465
10y,Long CSI1000 / Short CSI300,2018-02-26,1.50198959007204,1.052746564788984,0.0,-0.014985249024532465
10y,Long CSI1000 / Short CSI300,2018-02-27,1.50198959007204,1.052746564788984,0.0,-0.014985249024532465
10y,Long CSI1000 / Short CSI300,2018-02-28,1.50198959007204,1.052746564788984,0.0,-0.014985249024532465
10y,Long CSI1000 / Short CSI300,2018-03-01,1.50198959007204,1.052746564788984,0.0,-0.014985249024532465
10y,Long CSI1000 / Short CSI300,2018-03-02,1.50198959007204,1.052746564788984,0.0,-0.014985249024532465
10y,Long CSI1000 / Short CSI300,2018-03-05,1.50198959007204,1.052746564788984,0.0,-0.014985249024532465
10y,Long CSI1000 / Short CSI300,2018-03-06,1.50198959007204,1.052746564788984,0.0,-0.014985249024532465
10y,Long CSI1000 / Short CSI300,2018-03-07,1.50198959007204,1.052746564788984,0.0,-0.014985249024532465
10y,Long CSI1000 / Short CSI300,2018-03-08,1.50198959007204,1.052746564788984,0.0,-0.014985249024532465
10y,Long CSI1000 / Short CSI300,2018-03-09,1.50198959007204,1.052746564788984,0.0,-0.014985249024532465
10y,Long CSI1000 / Short CSI300,2018-03-12,1.5185251493321132,1.0643363609653158,0.0110091037710055,-0.004141119415072114
10y,Long CSI1000 / Short CSI300,2018-03-13,1.5241471149049488,1.068276804350067,0.0037022538449944,-0.000454197045354654
10y,Long CSI1000 / Short CSI300,2018-03-14,1.5138307464006286,1.0610460475087367,-0.0067686172833542,-0.007219740042737732
10y,Long CSI1000 / Short CSI300,2018-03-15,1.5030228366232137,1.053470768714576,-0.0071394439590505,-0.014307639072354328
10y,Long CSI1000 / Short CSI300,2018-03-16,1.5137162328660403,1.0609657848152023,0.0071145933263736,-0.007294838779441037
10y,Long CSI1000 / Short CSI300,2018-03-19,1.510321349803302,1.0585863066178955,-0.0022427473452605,-0.00952122564439506
10y,Long CSI1000 / Short CSI300,2018-03-20,1.5094291510294042,1.0579609632729494,-0.0005907343983544,-0.010106335527246824
10y,Long CSI1000 / Short CSI300,2018-03-21,1.5042446893872472,1.0543271669935763,-0.0034347167858931,-0.013506339912860543
10y,Long CSI1000 / Short CSI300,2018-03-22,1.518044931867046,1.0639997758850708,0.0091742005653483,-0.004456049218776625
10y,Long CSI1000 / Short CSI300,2018-03-23,1.479322306351046,1.036859034523725,-0.0255082209380816,-0.02985060426887476
10y,Long CSI1000 / Short CSI300,2018-03-26,1.4785826451978707,1.0363406050064634,-0.0005,-0.030335678966740054
10y,Long CSI1000 / Short CSI300,2018-03-27,1.502492077867552,1.053098759174398,0.0161705081196063,-0.014655714190179303
10y,Long CSI1000 / Short CSI300,2018-03-28,1.519778650886287,1.0652149419247554,0.0115052673311057,-0.0033190647687596497
10y,Long CSI1000 / Short CSI300,2018-03-29,1.5106830201190875,1.0588398018385323,-0.0059848391487109,-0.009284039848705405
10y,Long CSI1000 / Short CSI300,2018-03-30,1.534783354388902,1.0757317591999656,0.0159532701095128,0.0
10y,Long CSI1000 / Short CSI300,2018-04-02,1.5477798364845892,1.0848410113352749,0.0084679587242864,0.0
10y,Long CSI1000 / Short CSI300,2018-04-03,1.542462563552602,1.081114127440609,-0.0034354194354049,-0.0034354194354051515
10y,Long CSI1000 / Short CSI300,2018-04-04,1.5316670052544352,1.0735475058152029,-0.0069989110616095,-0.010410286301926752
10y,Long CSI1000 / Short CSI300,2018-04-09,1.5346576523235091,1.0756436544498367,0.0019525439007397,-0.008478068942210815
10y,Long CSI1000 / Short CSI300,2018-04-10,1.5061208500021137,1.0556421705431005,-0.0185948978771846,-0.026915317993219112
10y,Long CSI1000 / Short CSI300,2018-04-11,1.51057273939289,1.0587625059262076,0.0029558646577199,-0.024039011372706698
10y,Long CSI1000 / Short CSI300,2018-04-12,1.518696709083173,1.0644566074302566,0.0053780724876233,-0.018790222430776438
10y,Long CSI1000 / Short CSI300,2018-04-13,1.5281217968440903,1.0710626643754746,0.0062060368634153,-0.012700798380438472
10y,Long CSI1000 / Short CSI300,2018-04-16,1.5398022253345414,1.0792494927329173,0.007643650208101,-0.0051542286325212405
10y,Long CSI1000 / Short CSI300,2018-04-17,1.5284663953619702,1.0713041939495322,-0.0073618740030775,-0.012478157853823113
10y,Long CSI1000 / Short CSI300,2018-04-18,1.5436930986067126,1.0819766111486389,0.0099620791735735,-0.0026403870767296445
10y,Long CSI1000 / Short CSI300,2018-04-19,1.5288596405334998,1.0715798200298887,-0.0096090719629445,-0.012224087370243941
10y,Long CSI1000 / Short CSI300,2018-04-20,1.516835561246481,1.0631521263575563,-0.0078647371990425,-0.019992685334621396
10y,Long CSI1000 / Short CSI300,2018-04-23,1.4985389670142464,1.0503280183526538,-0.0120623452532977,-0.031813871914872394
10y,Long CSI1000 / Short CSI300,2018-04-24,1.499025158671109,1.0506687907521262,0.0003244437866246,-0.03149974994131899
10y,Long CSI1000 / Short CSI300,2018-04-25,1.5048166129307765,1.054728028990059,0.0038634803599972,-0.027757968246564957
10y,Long CSI1000 / Short CSI300,2018-04-26,1.5044404087775438,1.0544643469828114,-0.00025,-0.028001028754503277
10y,Long CSI1000 / Short CSI300,2018-04-27,1.5044404087775438,1.0544643469828114,0.0,-0.028001028754503277
10y,Long CSI1000 / Short CSI300,2018-05-02,1.5044404087775438,1.0544643469828114,0.0,-0.028001028754503277
10y,Long CSI1000 / Short CSI300,2018-05-03,1.5044404087775438,1.0544643469828114,0.0,-0.028001028754503277
10y,Long CSI1000 / Short CSI300,2018-05-04,1.5044404087775438,1.0544643469828114,0.0,-0.028001028754503277
10y,Long CSI1000 / Short CSI300,2018-05-07,1.5044404087775438,1.0544643469828114,0.0,-0.028001028754503277
10y,Long CSI1000 / Short CSI300,2018-05-08,1.5044404087775438,1.0544643469828114,0.0,-0.028001028754503277
10y,Long CSI1000 / Short CSI300,2018-05-09,1.5044404087775438,1.0544643469828114,0.0,-0.028001028754503277
10y,Long CSI1000 / Short CSI300,2018-05-10,1.5044404087775438,1.0544643469828114,0.0,-0.028001028754503277
10y,Long CSI1000 / Short CSI300,2018-05-11,1.5044404087775438,1.0544643469828114,0.0,-0.028001028754503277
10y,Long CSI1000 / Short CSI300,2018-05-14,1.5044404087775438,1.0544643469828114,0.0,-0.028001028754503277
10y,Long CSI1000 / Short CSI300,2018-05-15,1.5044404087775438,1.0544643469828114,0.0,-0.028001028754503277
10y,Long CSI1000 / Short CSI300,2018-05-16,1.5044404087775438,1.0544643469828114,0.0,-0.028001028754503277
10y,Long CSI1000 / Short CSI300,2018-05-17,1.5044404087775438,1.0544643469828114,0.0,-0.028001028754503277
10y,Long CSI1000 / Short CSI300,2018-05-18,1.5044404087775438,1.0544643469828114,0.0,-0.028001028754503277
10y,Long CSI1000 / Short CSI300,2018-05-21,1.5044404087775438,1.0544643469828114,0.0,-0.028001028754503277
10y,Long CSI1000 / Short CSI300,2018-05-22,1.5044404087775438,1.0544643469828114,0.0,-0.028001028754503277
10y,Long CSI1000 / Short CSI300,2018-05-23,1.5044404087775438,1.0544643469828114,0.0,-0.028001028754503277
10y,Long CSI1000 / Short CSI300,2018-05-24,1.5044404087775438,1.0544643469828114,0.0,-0.028001028754503277
10y,Long CSI1000 / Short CSI300,2018-05-25,1.5044404087775438,1.0544643469828114,0.0,-0.028001028754503277
10y,Long CSI1000 / Short CSI300,2018-05-28,1.5044404087775438,1.0544643469828114,0.0,-0.028001028754503277
10y,Long CSI1000 / Short CSI300,2018-05-29,1.5044404087775438,1.0544643469828114,0.0,-0.028001028754503277
10y,Long CSI1000 / Short CSI300,2018-05-30,1.5044404087775438,1.0544643469828114,0.0,-0.028001028754503277
10y,Long CSI1000 / Short CSI300,2018-05-31,1.5044404087775438,1.0544643469828114,0.0,-0.028001028754503277
10y,Long CSI1000 / Short CSI300,2018-06-01,1.5044404087775438,1.0544643469828114,0.0,-0.028001028754503277
10y,Long CSI1000 / Short CSI300,2018-06-04,1.5044404087775438,1.0544643469828114,0.0,-0.028001028754503277
10y,Long CSI1000 / Short CSI300,2018-06-05,1.5044404087775438,1.0544643469828114,0.0,-0.028001028754503277
10y,Long CSI1000 / Short CSI300,2018-06-06,1.5044404087775438,1.0544643469828114,0.0,-0.028001028754503277
10y,Long CSI1000 / Short CSI300,2018-06-07,1.5044404087775438,1.0544643469828114,0.0,-0.028001028754503277
10y,Long CSI1000 / Short CSI300,2018-06-08,1.5044404087775438,1.0544643469828114,0.0,-0.028001028754503277
10y,Long CSI1000 / Short CSI300,2018-06-11,1.5044404087775438,1.0544643469828114,0.0,-0.028001028754503277
10y,Long CSI1000 / Short CSI300,2018-06-12,1.5044404087775438,1.0544643469828114,0.0,-0.028001028754503277
10y,Long CSI1000 / Short CSI300,2018-06-13,1.5044404087775438,1.0544643469828114,0.0,-0.028001028754503277
10y,Long CSI1000 / Short CSI300,2018-06-14,1.5044404087775438,1.0544643469828114,0.0,-0.028001028754503277
10y,Long CSI1000 / Short CSI300,2018-06-15,1.5044404087775438,1.0544643469828114,0.0,-0.028001028754503277
10y,Long CSI1000 / Short CSI300,2018-06-19,1.5044404087775438,1.0544643469828114,0.0,-0.028001028754503277
10y,Long CSI1000 / Short CSI300,2018-06-20,1.5044404087775438,1.0544643469828114,0.0,-0.028001028754503277
10y,Long CSI1000 / Short CSI300,2018-06-21,1.5044404087775438,1.0544643469828114,0.0,-0.028001028754503277
10y,Long CSI1000 / Short CSI300,2018-06-22,1.5044404087775438,1.0544643469828114,0.0,-0.028001028754503277
10y,Long CSI1000 / Short CSI300,2018-06-25,1.5044404087775438,1.0544643469828114,0.0,-0.028001028754503277
10y,Long CSI1000 / Short CSI300,2018-06-26,1.5044404087775438,1.0544643469828114,0.0,-0.028001028754503277
10y,Long CSI1000 / Short CSI300,2018-06-27,1.5044404087775438,1.0544643469828114,0.0,-0.028001028754503277
10y,Long CSI1000 / Short CSI300,2018-06-28,1.5044404087775438,1.0544643469828114,0.0,-0.028001028754503277
10y,Long CSI1000 / Short CSI300,2018-06-29,1.5044404087775438,1.0544643469828114,0.0,-0.028001028754503277
10y,Long CSI1000 / Short CSI300,2018-07-02,1.5044404087775438,1.0544643469828114,0.0,-0.028001028754503277
10y,Long CSI1000 / Short CSI300,2018-07-03,1.5044404087775438,1.0544643469828114,0.0,-0.028001028754503277
10y,Long CSI1000 / Short CSI300,2018-07-04,1.5044404087775438,1.0544643469828114,0.0,-0.028001028754503277
10y,Long CSI1000 / Short CSI300,2018-07-05,1.5044404087775438,1.0544643469828114,0.0,-0.028001028754503277
10y,Long CSI1000 / Short CSI300,2018-07-06,1.5044404087775438,1.0544643469828114,0.0,-0.028001028754503277
10y,Long CSI1000 / Short CSI300,2018-07-09,1.5044404087775438,1.0544643469828114,0.0,-0.028001028754503277
10y,Long CSI1000 / Short CSI300,2018-07-10,1.5044404087775438,1.0544643469828114,0.0,-0.028001028754503277
10y,Long CSI1000 / Short CSI300,2018-07-11,1.5044404087775438,1.0544643469828114,0.0,-0.028001028754503277
10y,Long CSI1000 / Short CSI300,2018-07-12,1.5044404087775438,1.0544643469828114,0.0,-0.028001028754503277
10y,Long CSI1000 / Short CSI300,2018-07-13,1.5044404087775438,1.0544643469828114,0.0,-0.028001028754503277
10y,Long CSI1000 / Short CSI300,2018-07-16,1.5044404087775438,1.0544643469828114,0.0,-0.028001028754503277
10y,Long CSI1000 / Short CSI300,2018-07-17,1.5044404087775438,1.0544643469828114,0.0,-0.028001028754503277
10y,Long CSI1000 / Short CSI300,2018-07-18,1.5044404087775438,1.0544643469828114,0.0,-0.028001028754503277
10y,Long CSI1000 / Short CSI300,2018-07-19,1.5044404087775438,1.0544643469828114,0.0,-0.028001028754503277
10y,Long CSI1000 / Short CSI300,2018-07-20,1.5044404087775438,1.0544643469828114,0.0,-0.028001028754503277
10y,Long CSI1000 / Short CSI300,2018-07-23,1.5044404087775438,1.0544643469828114,0.0,-0.028001028754503277
10y,Long CSI1000 / Short CSI300,2018-07-24,1.5044404087775438,1.0544643469828114,0.0,-0.028001028754503277
10y,Long CSI1000 / Short CSI300,2018-07-25,1.5044404087775438,1.0544643469828114,0.0,-0.028001028754503277
10y,Long CSI1000 / Short CSI300,2018-07-26,1.5044404087775438,1.0544643469828114,0.0,-0.028001028754503277
10y,Long CSI1000 / Short CSI300,2018-07-27,1.5044404087775438,1.0544643469828114,0.0,-0.028001028754503277
10y,Long CSI1000 / Short CSI300,2018-07-30,1.5044404087775438,1.0544643469828114,0.0,-0.028001028754503277
10y,Long CSI1000 / Short CSI300,2018-07-31,1.5044404087775438,1.0544643469828114,0.0,-0.028001028754503277
10y,Long CSI1000 / Short CSI300,2018-08-01,1.5044404087775438,1.0544643469828114,0.0,-0.028001028754503277
10y,Long CSI1000 / Short CSI300,2018-08-02,1.5044404087775438,1.0544643469828114,0.0,-0.028001028754503277
10y,Long CSI1000 / Short CSI300,2018-08-03,1.5044404087775438,1.0544643469828114,0.0,-0.028001028754503277
10y,Long CSI1000 / Short CSI300,2018-08-06,1.5044404087775438,1.0544643469828114,0.0,-0.028001028754503277
10y,Long CSI1000 / Short CSI300,2018-08-07,1.5044404087775438,1.0544643469828114,0.0,-0.028001028754503277
10y,Long CSI1000 / Short CSI300,2018-08-08,1.5044404087775438,1.0544643469828114,0.0,-0.028001028754503277
10y,Long CSI1000 / Short CSI300,2018-08-09,1.5044404087775438,1.0544643469828114,0.0,-0.028001028754503277
10y,Long CSI1000 / Short CSI300,2018-08-10,1.5044404087775438,1.0544643469828114,0.0,-0.028001028754503277
10y,Long CSI1000 / Short CSI300,2018-08-13,1.5044404087775438,1.0544643469828114,0.0,-0.028001028754503277
10y,Long CSI1000 / Short CSI300,2018-08-14,1.505394564193107,1.055133115822921,0.0006342261281978,-0.02738456161035807
10y,Long CSI1000 / Short CSI300,2018-08-15,1.5082011409336626,1.0571002493117054,0.0018643462699494,-0.02557126964570111
10y,Long CSI1000 / Short CSI300,2018-08-16,1.5024824036700004,1.0530919785160588,-0.0037917603351778,-0.0292660698549162
10y,Long CSI1000 / Short CSI300,2018-08-17,1.4995996502519275,1.0510714526894687,-0.0019186603523817,-0.031128578559397435
10y,Long CSI1000 / Short CSI300,2018-08-20,1.493795981288348,1.0470036531488023,-0.0038701455835926,-0.034878252012154776
10y,Long CSI1000 / Short CSI300,2018-08-21,1.488852610191594,1.043538837563539,-0.0033092679045036,-0.038072098436709334
10y,Long CSI1000 / Short CSI300,2018-08-22,1.4844062042390591,1.04042234552982,-0.0029864648267383,-0.04094486228058636
10y,Long CSI1000 / Short CSI300,2018-08-23,1.4861962928101238,1.041677021065731,0.0012059290549666,-0.03978830982469561
10y,Long CSI1000 / Short CSI300,2018-08-24,1.4825254706797737,1.0391041367972773,-0.0024699443459177,-0.04215997925972803
10y,Long CSI1000 / Short CSI300,2018-08-27,1.4808612532994438,1.0379376845516792,-0.001122555674923,-0.043235208010678705
10y,Long CSI1000 / Short CSI300,2018-08-28,1.482843162726383,1.0393268075886992,0.0013383491684473,-0.04195472264692002
10y,Long CSI1000 / Short CSI300,2018-08-29,1.482472451935701,1.0390669758868019,-0.00025,-0.04219423396625843
10y,Long CSI1000 / Short CSI300,2018-08-30,1.482472451935701,1.0390669758868019,0.0,-0.04219423396625843
10y,Long CSI1000 / Short CSI300,2018-08-31,1.482472451935701,1.0390669758868019,0.0,-0.04219423396625843
10y,Long CSI1000 / Short CSI300,2018-09-03,1.482472451935701,1.0390669758868019,0.0,-0.04219423396625843
10y,Long CSI1000 / Short CSI300,2018-09-04,1.482472451935701,1.0390669758868019,0.0,-0.04219423396625843
10y,Long CSI1000 / Short CSI300,2018-09-05,1.482472451935701,1.0390669758868019,0.0,-0.04219423396625843
10y,Long CSI1000 / Short CSI300,2018-09-06,1.482472451935701,1.0390669758868019,0.0,-0.04219423396625843
10y,Long CSI1000 / Short CSI300,2018-09-07,1.482472451935701,1.0390669758868019,0.0,-0.04219423396625843
10y,Long CSI1000 / Short CSI300,2018-09-10,1.482472451935701,1.0390669758868019,0.0,-0.04219423396625843
10y,Long CSI1000 / Short CSI300,2018-09-11,1.482472451935701,1.0390669758868019,0.0,-0.04219423396625843
10y,Long CSI1000 / Short CSI300,2018-09-12,1.482472451935701,1.0390669758868019,0.0,-0.04219423396625843
10y,Long CSI1000 / Short CSI300,2018-09-13,1.482472451935701,1.0390669758868019,0.0,-0.04219423396625843
10y,Long CSI1000 / Short CSI300,2018-09-14,1.482472451935701,1.0390669758868019,0.0,-0.04219423396625843
10y,Long CSI1000 / Short CSI300,2018-09-17,1.482472451935701,1.0390669758868019,0.0,-0.04219423396625843
10y,Long CSI1000 / Short CSI300,2018-09-18,1.480377675941041,1.037598744517585,-0.0014130286144104,-0.043547640920711395
10y,Long CSI1000 / Short CSI300,2018-09-19,1.4800075815220557,1.0373393448314556,-0.00025,-0.043786754010481155
10y,Long CSI1000 / Short CSI300,2018-09-20,1.4800075815220557,1.0373393448314556,0.0,-0.043786754010481155
10y,Long CSI1000 / Short CSI300,2018-09-21,1.4800075815220557,1.0373393448314556,0.0,-0.043786754010481155
10y,Long CSI1000 / Short CSI300,2018-09-25,1.4800075815220557,1.0373393448314556,0.0,-0.043786754010481155
10y,Long CSI1000 / Short CSI300,2018-09-26,1.4800075815220557,1.0373393448314556,0.0,-0.043786754010481155
10y,Long CSI1000 / Short CSI300,2018-09-27,1.4800075815220557,1.0373393448314556,0.0,-0.043786754010481155
10y,Long CSI1000 / Short CSI300,2018-09-28,1.4800075815220557,1.0373393448314556,0.0,-0.043786754010481155
10y,Long CSI1000 / Short CSI300,2018-10-08,1.4800075815220557,1.0373393448314556,0.0,-0.043786754010481155
10y,Long CSI1000 / Short CSI300,2018-10-09,1.4800075815220557,1.0373393448314556,0.0,-0.043786754010481155
10y,Long CSI1000 / Short CSI300,2018-10-10,1.4800075815220557,1.0373393448314556,0.0,-0.043786754010481155
10y,Long CSI1000 / Short CSI300,2018-10-11,1.4800075815220557,1.0373393448314556,0.0,-0.043786754010481155
10y,Long CSI1000 / Short CSI300,2018-10-12,1.4800075815220557,1.0373393448314556,0.0,-0.043786754010481155
10y,Long CSI1000 / Short CSI300,2018-10-15,1.4800075815220557,1.0373393448314556,0.0,-0.043786754010481155
10y,Long CSI1000 / Short CSI300,2018-10-16,1.4800075815220557,1.0373393448314556,0.0,-0.043786754010481155
10y,Long CSI1000 / Short CSI300,2018-10-17,1.4800075815220557,1.0373393448314556,0.0,-0.043786754010481155
10y,Long CSI1000 / Short CSI300,2018-10-18,1.4800075815220557,1.0373393448314556,0.0,-0.043786754010481155
10y,Long CSI1000 / Short CSI300,2018-10-19,1.4800075815220557,1.0373393448314556,0.0,-0.043786754010481155
10y,Long CSI1000 / Short CSI300,2018-10-22,1.4800075815220557,1.0373393448314556,0.0,-0.043786754010481155
10y,Long CSI1000 / Short CSI300,2018-10-23,1.4800075815220557,1.0373393448314556,0.0,-0.043786754010481155
10y,Long CSI1000 / Short CSI300,2018-10-24,1.4800075815220557,1.0373393448314556,0.0,-0.043786754010481155
10y,Long CSI1000 / Short CSI300,2018-10-25,1.4800075815220557,1.0373393448314556,0.0,-0.043786754010481155
10y,Long CSI1000 / Short CSI300,2018-10-26,1.4800075815220557,1.0373393448314556,0.0,-0.043786754010481155
10y,Long CSI1000 / Short CSI300,2018-10-29,1.4800075815220557,1.0373393448314556,0.0,-0.043786754010481155
10y,Long CSI1000 / Short CSI300,2018-10-30,1.4800075815220557,1.0373393448314556,0.0,-0.043786754010481155
10y,Long CSI1000 / Short CSI300,2018-10-31,1.4800075815220557,1.0373393448314556,0.0,-0.043786754010481155
10y,Long CSI1000 / Short CSI300,2018-11-01,1.4800075815220557,1.0373393448314556,0.0,-0.043786754010481155
10y,Long CSI1000 / Short CSI300,2018-11-02,1.4800075815220557,1.0373393448314556,0.0,-0.043786754010481155
10y,Long CSI1000 / Short CSI300,2018-11-05,1.4800075815220557,1.0373393448314556,0.0,-0.043786754010481155
10y,Long CSI1000 / Short CSI300,2018-11-06,1.4800075815220557,1.0373393448314556,0.0,-0.043786754010481155
10y,Long CSI1000 / Short CSI300,2018-11-07,1.4800075815220557,1.0373393448314556,0.0,-0.043786754010481155
10y,Long CSI1000 / Short CSI300,2018-11-08,1.4800075815220557,1.0373393448314556,0.0,-0.043786754010481155
10y,Long CSI1000 / Short CSI300,2018-11-09,1.4800075815220557,1.0373393448314556,0.0,-0.043786754010481155
10y,Long CSI1000 / Short CSI300,2018-11-12,1.4800075815220557,1.0373393448314556,0.0,-0.043786754010481155
10y,Long CSI1000 / Short CSI300,2018-11-13,1.493570026265172,1.0468452809629911,0.0091637670728472,-0.03502423855226189
10y,Long CSI1000 / Short CSI300,2018-11-14,1.508932294895285,1.0576127161267337,0.0102856031923244,-0.025098880779799493
10y,Long CSI1000 / Short CSI300,2018-11-15,1.5163750537050162,1.0628293559898114,0.0049324670397141,-0.020290213142265423
10y,Long CSI1000 / Short CSI300,2018-11-16,1.52564185417935,1.069324469158653,0.0061111533401263,-0.014303056405955195
10y,Long CSI1000 / Short CSI300,2018-11-19,1.5142106355222509,1.0613123123153851,-0.0074927274876369,-0.021688614989701982
10y,Long CSI1000 / Short CSI300,2018-11-20,1.5090974193894189,1.0577284521112644,-0.0033768195869714,-0.02499219603676206
10y,Long CSI1000 / Short CSI300,2018-11-21,1.516313702173306,1.062786354617046,0.0047818535047305,-0.020329851552240763
10y,Long CSI1000 / Short CSI300,2018-11-22,1.522976872534766,1.067456579866939,0.0043943218028761,-0.016024865659289733
10y,Long CSI1000 / Short CSI300,2018-11-23,1.490560053966396,1.04473558724834,-0.0212851679844731,-0.03696894168627651
10y,Long CSI1000 / Short CSI300,2018-11-26,1.4889245515165002,1.0435892613368873,-0.0010972402256076,-0.038025618101967695
10y,Long CSI1000 / Short CSI300,2018-11-27,1.495600919019848,1.0482687364816392,0.0044840200240824,-0.03371210571088268
10y,Long CSI1000 / Short CSI300,2018-11-28,1.4947871580590002,1.0476983703074962,-0.000544103009365,-0.03423786586207844
10y,Long CSI1000 / Short CSI300,2018-11-29,1.4784551587581107,1.036251249585892,-0.0109259697695669,-0.04478975374426186
10y,Long CSI1000 / Short CSI300,2018-11-30,1.4718931079461497,1.0316518991670043,-0.0044384510230753,-0.04902940763900776
10y,Long CSI1000 / Short CSI300,2018-12-03,1.4753458606763703,1.0340719382936612,0.0023457904052819,-0.046798629947741976
10y,Long CSI1000 / Short CSI300,2018-12-04,1.4853768090032984,1.0411026437409892,0.0067990486802392,-0.040317767430685936
10y,Long CSI1000 / Short CSI300,2018-12-05,1.483564236098465,1.0398322089046856,-0.0012202781771241,-0.04148884671606412
10y,Long CSI1000 / Short CSI300,2018-12-06,1.4892613563846182,1.0438253283311323,0.0038401574718027,-0.0378080129489744
10y,Long CSI1000 / Short CSI300,2018-12-07,1.4896232516778,1.0440789812387348,0.0002430032120488,-0.03757419720551336
10y,Long CSI1000 / Short CSI300,2018-12-10,1.489162967956702,1.043756367746992,-0.0003089933784125,-0.037871580405790306
10y,Long CSI1000 / Short CSI300,2018-12-11,1.4887906772147128,1.0434954286550553,-0.00025,-0.03811211251068891
10y,Long CSI1000 / Short CSI300,2018-12-12,1.4887906772147128,1.0434954286550553,0.0,-0.03811211251068891
10y,Long CSI1000 / Short CSI300,2018-12-13,1.4887906772147128,1.0434954286550553,0.0,-0.03811211251068891
10y,Long CSI1000 / Short CSI300,2018-12-14,1.4887906772147128,1.0434954286550553,0.0,-0.03811211251068891
10y,Long CSI1000 / Short CSI300,2018-12-17,1.4871740739025725,1.0423623491751899,-0.0010858499699668,-0.039156578444430545
10y,Long CSI1000 / Short CSI300,2018-12-18,1.4868022803840968,1.042101758587896,-0.00025,-0.03939678929981949
10y,Long CSI1000 / Short CSI300,2018-12-19,1.4868022803840968,1.042101758587896,0.0,-0.03939678929981949
10y,Long CSI1000 / Short CSI300,2018-12-20,1.4950190318322834,1.0478608909533795,0.0055264587340181,-0.0340880552961198
10y,Long CSI1000 / Short CSI300,2018-12-21,1.4989426546807387,1.0506109635920593,0.0026244634783322,-0.031553054673959635
10y,Long CSI1000 / Short CSI300,2018-12-24,1.5034764544838417,1.0537887100955678,0.0030246652791853,-0.028623826823698684
10y,Long CSI1000 / Short CSI300,2018-12-25,1.5014309440178624,1.052355009003008,-0.0013605204523682,-0.029945403974248275
10y,Long CSI1000 / Short CSI300,2018-12-26,1.5018815880358114,1.0526708660135855,0.0003001430200599,-0.029654248858174026
10y,Long CSI1000 / Short CSI300,2018-12-27,1.493061428185481,1.0464888038710112,-0.0058727398488621,-0.03535283701807879
10y,Long CSI1000 / Short CSI300,2018-12-28,1.488965604802896,1.0436180356416576,-0.0027432383592967,-0.03799909411875768
10y,Long CSI1000 / Short CSI300,2019-01-02,1.4956114006177332,1.0482760830479803,0.0044633642264134,-0.0337053336896701
10y,Long CSI1000 / Short CSI300,2019-01-03,1.4914150032877829,1.0453348224009056,-0.0028058072626467,-0.0364165702822602
10y,Long CSI1000 / Short CSI300,2019-01-04,1.4941061361674344,1.0472210411291645,0.0018044158558946,-0.03467786506320025
10y,Long CSI1000 / Short CSI300,2019-01-07,1.5164984757498854,1.0629158626704263,0.0149871143959626,-0.02021047179794766
10y,Long CSI1000 / Short CSI300,2019-01-08,1.5167667364447623,1.0631038869595868,0.0001768948002036,-0.020037152125114588
10y,Long CSI1000 / Short CSI300,2019-01-09,1.5047840858597468,1.054705230721339,-0.0079001274863809,-0.02777898355524311
10y,Long CSI1000 / Short CSI300,2019-01-10,1.5035981956478448,1.0538740386444772,-0.000788079979743,-0.02854517147418867
10y,Long CSI1000 / Short CSI300,2019-01-11,1.5056117740877408,1.0552853585361364,0.0013391732217584,-0.027244225181678905
10y,Long CSI1000 / Short CSI300,2019-01-14,1.5098477202980145,1.0582543390477008,0.0028134385524716,-0.02450743658266563
10y,Long CSI1000 / Short CSI300,2019-01-15,1.5029941670420628,1.0534506741658054,-0.0045392347611048,-0.028935426335728875
10y,Long CSI1000 / Short CSI300,2019-01-16,1.500045491533944,1.0513839434558405,-0.0019618675659413,-0.03084052642723545
10y,Long CSI1000 / Short CSI300,2019-01-17,1.4992954687881772,1.0508582514841127,-0.0005,-0.03132510616402173
10y,Long CSI1000 / Short CSI300,2019-01-18,1.4992954687881772,1.0508582514841127,0.0,-0.03132510616402173
10y,Long CSI1000 / Short CSI300,2019-01-21,1.4992954687881772,1.0508582514841127,0.0,-0.03132510616402173
10y,Long CSI1000 / Short CSI300,2019-01-22,1.4992954687881772,1.0508582514841127,0.0,-0.03132510616402173
10y,Long CSI1000 / Short CSI300,2019-01-23,1.4992954687881772,1.0508582514841127,0.0,-0.03132510616402173
10y,Long CSI1000 / Short CSI300,2019-01-24,1.4992954687881772,1.0508582514841127,0.0,-0.03132510616402173
10y,Long CSI1000 / Short CSI300,2019-01-25,1.4992954687881772,1.0508582514841127,0.0,-0.03132510616402173
10y,Long CSI1000 / Short CSI300,2019-01-28,1.4992954687881772,1.0508582514841127,0.0,-0.03132510616402173
10y,Long CSI1000 / Short CSI300,2019-01-29,1.4992954687881772,1.0508582514841127,0.0,-0.03132510616402173
10y,Long CSI1000 / Short CSI300,2019-01-30,1.4992954687881772,1.0508582514841127,0.0,-0.03132510616402173
10y,Long CSI1000 / Short CSI300,2019-01-31,1.4992954687881772,1.0508582514841127,0.0,-0.03132510616402173
10y,Long CSI1000 / Short CSI300,2019-02-01,1.4992954687881772,1.0508582514841127,0.0,-0.03132510616402173
10y,Long CSI1000 / Short CSI300,2019-02-11,1.4992954687881772,1.0508582514841127,0.0,-0.03132510616402173
10y,Long CSI1000 / Short CSI300,2019-02-12,1.4992954687881772,1.0508582514841127,0.0,-0.03132510616402173
10y,Long CSI1000 / Short CSI300,2019-02-13,1.4992954687881772,1.0508582514841127,0.0,-0.03132510616402173
10y,Long CSI1000 / Short CSI300,2019-02-14,1.4992954687881772,1.0508582514841127,0.0,-0.03132510616402173
10y,Long CSI1000 / Short CSI300,2019-02-15,1.4992954687881772,1.0508582514841127,0.0,-0.03132510616402173
10y,Long CSI1000 / Short CSI300,2019-02-18,1.4992954687881772,1.0508582514841127,0.0,-0.03132510616402173
10y,Long CSI1000 / Short CSI300,2019-02-19,1.4992954687881772,1.0508582514841127,0.0,-0.03132510616402173
10y,Long CSI1000 / Short CSI300,2019-02-20,1.4992954687881772,1.0508582514841127,0.0,-0.03132510616402173
10y,Long CSI1000 / Short CSI300,2019-02-21,1.4992954687881772,1.0508582514841127,0.0,-0.03132510616402173
10y,Long CSI1000 / Short CSI300,2019-02-22,1.4992954687881772,1.0508582514841127,0.0,-0.03132510616402173
10y,Long CSI1000 / Short CSI300,2019-02-25,1.4992954687881772,1.0508582514841127,0.0,-0.03132510616402173
10y,Long CSI1000 / Short CSI300,2019-02-26,1.4992954687881772,1.0508582514841127,0.0,-0.03132510616402173
10y,Long CSI1000 / Short CSI300,2019-02-27,1.497311132980212,1.049467427793302,-0.0013235121757348,-0.03260715918034229
10y,Long CSI1000 / Short CSI300,2019-02-28,1.5066638743717269,1.0560227770689283,0.0062463580117106,-0.02656447715861665
10y,Long CSI1000 / Short CSI300,2019-03-01,1.4837929656970004,1.0399925257941736,-0.0151798347752005,-0.04134106755965983
10y,Long CSI1000 / Short CSI300,2019-03-04,1.498671807773752,1.0504211266232824,0.0100275728627425,-0.03172804526409534
10y,Long CSI1000 / Short CSI300,2019-03-05,1.536818264518977,1.0771580305025434,0.0254535092655747,-0.0070821260926289265
10y,Long CSI1000 / Short CSI300,2019-03-06,1.5570701095625692,1.0913525764842225,0.0131777748294337,0.0
10y,Long CSI1000 / Short CSI300,2019-03-07,1.6004304986561444,1.1217439327012688,0.0278474224296532,0.0
10y,Long CSI1000 / Short CSI300,2019-03-08,1.5974367836348955,1.1196456337347456,-0.0018705685899904,-0.0018705685899903512
10y,Long CSI1000 / Short CSI300,2019-03-11,1.6340168179980503,1.1452846300168884,0.0228992062395849,0.0
10y,Long CSI1000 / Short CSI300,2019-03-12,1.6588251027128535,1.1626727908167003,0.0151823925198013,0.0
10y,Long CSI1000 / Short CSI300,2019-03-13,1.6338405692242883,1.145161097009501,-0.0150615839172588,-0.01506158391725887
10y,Long CSI1000 / Short CSI300,2019-03-14,1.595369145747363,1.118196423502055,-0.0235466202771488,-0.03825355479713566
10y,Long CSI1000 / Short CSI300,2019-03-15,1.599967683363562,1.121419544827599,0.0028824285767694,-0.035481389359876214
10y,Long CSI1000 / Short CSI300,2019-03-18,1.593120414756573,1.1166202848647855,-0.0042796293188835,-0.03960917148458076
10y,Long CSI1000 / Short CSI300,2019-03-19,1.6074265223454736,1.1266474553054238,0.0089799286082756,-0.030984930408469502
10y,Long CSI1000 / Short CSI300,2019-03-20,1.6025513830406677,1.123230463476768,-0.0030328846992598,-0.03392384138638582
10y,Long CSI1000 / Short CSI300,2019-03-21,1.619372420869927,1.1350203519739905,0.0104964109152889,-0.023783509050113505
10y,Long CSI1000 / Short CSI300,2019-03-22,1.6271452972454097,1.1404683716919077,0.0047999313038238,-0.019097736955894007
10y,Long CSI1000 / Short CSI300,2019-03-25,1.6519783153314482,1.157873868145559,0.0152617090361129,-0.0041274920244502855
10y,Long CSI1000 / Short CSI300,2019-03-26,1.6223902777810566,1.13713557202426,-0.0179106694535848,-0.021964235332713078
10y,Long CSI1000 / Short CSI300,2019-03-27,1.6143510123686682,1.1315008398648227,-0.0049551982174004,-0.026810596410346332
10y,Long CSI1000 / Short CSI300,2019-03-28,1.6062518130480885,1.12582409994689,-0.0050170001805841,-0.031693087823898014
10y,Long CSI1000 / Short CSI300,2019-03-29,1.5983729892396166,1.120301821527804,-0.0049050987799481,-0.03644272887742861
10y,Long CSI1000 / Short CSI300,2019-04-01,1.6167983821564536,1.1332162047074885,0.0115275927714485,-0.02533523304395935
10y,Long CSI1000 / Short CSI300,2019-04-02,1.6159899829653754,1.1326495966051349,-0.0005,-0.025822565427437327
10y,Long CSI1000 / Short CSI300,2019-04-03,1.6159899829653754,1.1326495966051349,0.0,-0.025822565427437327
10y,Long CSI1000 / Short CSI300,2019-04-04,1.6159899829653754,1.1326495966051349,0.0,-0.025822565427437327
10y,Long CSI1000 / Short CSI300,2019-04-08,1.6159899829653754,1.1326495966051349,0.0,-0.025822565427437327
10y,Long CSI1000 / Short CSI300,2019-04-09,1.6159899829653754,1.1326495966051349,0.0,-0.025822565427437327
10y,Long CSI1000 / Short CSI300,2019-04-10,1.6159899829653754,1.1326495966051349,0.0,-0.025822565427437327
10y,Long CSI1000 / Short CSI300,2019-04-11,1.6159899829653754,1.1326495966051349,0.0,-0.025822565427437327
10y,Long CSI1000 / Short CSI300,2019-04-12,1.6159899829653754,1.1326495966051349,0.0,-0.025822565427437327
10y,Long CSI1000 / Short CSI300,2019-04-15,1.6159899829653754,1.1326495966051349,0.0,-0.025822565427437327
10y,Long CSI1000 / Short CSI300,2019-04-16,1.6159899829653754,1.1326495966051349,0.0,-0.025822565427437327
10y,Long CSI1000 / Short CSI300,2019-04-17,1.6159899829653754,1.1326495966051349,0.0,-0.025822565427437327
10y,Long CSI1000 / Short CSI300,2019-04-18,1.6159899829653754,1.1326495966051349,0.0,-0.025822565427437327
10y,Long CSI1000 / Short CSI300,2019-04-19,1.6159899829653754,1.1326495966051349,0.0,-0.025822565427437327
10y,Long CSI1000 / Short CSI300,2019-04-22,1.6159899829653754,1.1326495966051349,0.0,-0.025822565427437327
10y,Long CSI1000 / Short CSI300,2019-04-23,1.6159899829653754,1.1326495966051349,0.0,-0.025822565427437327
10y,Long CSI1000 / Short CSI300,2019-04-24,1.6159899829653754,1.1326495966051349,0.0,-0.025822565427437327
10y,Long CSI1000 / Short CSI300,2019-04-25,1.6159899829653754,1.1326495966051349,0.0,-0.025822565427437327
10y,Long CSI1000 / Short CSI300,2019-04-26,1.6159899829653754,1.1326495966051349,0.0,-0.025822565427437327
10y,Long CSI1000 / Short CSI300,2019-04-29,1.6159899829653754,1.1326495966051349,0.0,-0.025822565427437327
10y,Long CSI1000 / Short CSI300,2019-04-30,1.6159899829653754,1.1326495966051349,0.0,-0.025822565427437327
10y,Long CSI1000 / Short CSI300,2019-05-06,1.6159899829653754,1.1326495966051349,0.0,-0.025822565427437327
10y,Long CSI1000 / Short CSI300,2019-05-07,1.6159899829653754,1.1326495966051349,0.0,-0.025822565427437327
10y,Long CSI1000 / Short CSI300,2019-05-08,1.6159899829653754,1.1326495966051349,0.0,-0.025822565427437327
10y,Long CSI1000 / Short CSI300,2019-05-09,1.6159899829653754,1.1326495966051349,0.0,-0.025822565427437327
10y,Long CSI1000 / Short CSI300,2019-05-10,1.6159899829653754,1.1326495966051349,0.0,-0.025822565427437327
10y,Long CSI1000 / Short CSI300,2019-05-13,1.6159899829653754,1.1326495966051349,0.0,-0.025822565427437327
10y,Long CSI1000 / Short CSI300,2019-05-14,1.6159899829653754,1.1326495966051349,0.0,-0.025822565427437327
10y,Long CSI1000 / Short CSI300,2019-05-15,1.6159899829653754,1.1326495966051349,0.0,-0.025822565427437327
10y,Long CSI1000 / Short CSI300,2019-05-16,1.6159899829653754,1.1326495966051349,0.0,-0.025822565427437327
10y,Long CSI1000 / Short CSI300,2019-05-17,1.6159899829653754,1.1326495966051349,0.0,-0.025822565427437327
10y,Long CSI1000 / Short CSI300,2019-05-20,1.6159899829653754,1.1326495966051349,0.0,-0.025822565427437327
10y,Long CSI1000 / Short CSI300,2019-05-21,1.6159899829653754,1.1326495966051349,0.0,-0.025822565427437327
10y,Long CSI1000 / Short CSI300,2019-05-22,1.6159899829653754,1.1326495966051349,0.0,-0.025822565427437327
10y,Long CSI1000 / Short CSI300,2019-05-23,1.6159899829653754,1.1326495966051349,0.0,-0.025822565427437327
10y,Long CSI1000 / Short CSI300,2019-05-24,1.6159899829653754,1.1326495966051349,0.0,-0.025822565427437327
10y,Long CSI1000 / Short CSI300,2019-05-27,1.6159899829653754,1.1326495966051349,0.0,-0.025822565427437327
10y,Long CSI1000 / Short CSI300,2019-05-28,1.6159899829653754,1.1326495966051349,0.0,-0.025822565427437327
10y,Long CSI1000 / Short CSI300,2019-05-29,1.6159899829653754,1.1326495966051349,0.0,-0.025822565427437327
10y,Long CSI1000 / Short CSI300,2019-05-30,1.6154068965856243,1.1322409105614262,-0.0003608230161679,-0.026174071067662785
10y,Long CSI1000 / Short CSI300,2019-05-31,1.6167695557909232,1.1331960002683312,0.0008435393015708,-0.025352610623719518
10y,Long CSI1000 / Short CSI300,2019-06-03,1.6042833871815885,1.1244444275558847,-0.0077229117561077,-0.03287972640519321
10y,Long CSI1000 / Short CSI300,2019-06-04,1.603882316334793,1.1241633164489957,-0.00025,-0.03312150647359202
10y,Long CSI1000 / Short CSI300,2019-06-05,1.603882316334793,1.1241633164489957,0.0,-0.03312150647359202
10y,Long CSI1000 / Short CSI300,2019-06-06,1.603882316334793,1.1241633164489957,0.0,-0.03312150647359202
10y,Long CSI1000 / Short CSI300,2019-06-10,1.603882316334793,1.1241633164489957,0.0,-0.03312150647359202
10y,Long CSI1000 / Short CSI300,2019-06-11,1.603882316334793,1.1241633164489957,0.0,-0.03312150647359202
10y,Long CSI1000 / Short CSI300,2019-06-12,1.603882316334793,1.1241633164489957,0.0,-0.03312150647359202
10y,Long CSI1000 / Short CSI300,2019-06-13,1.603882316334793,1.1241633164489957,0.0,-0.03312150647359202
10y,Long CSI1000 / Short CSI300,2019-06-14,1.603882316334793,1.1241633164489957,0.0,-0.03312150647359202
10y,Long CSI1000 / Short CSI300,2019-06-17,1.603882316334793,1.1241633164489957,0.0,-0.03312150647359202
10y,Long CSI1000 / Short CSI300,2019-06-18,1.603882316334793,1.1241633164489957,0.0,-0.03312150647359202
10y,Long CSI1000 / Short CSI300,2019-06-19,1.603882316334793,1.1241633164489957,0.0,-0.03312150647359202
10y,Long CSI1000 / Short CSI300,2019-06-20,1.603882316334793,1.1241633164489957,0.0,-0.03312150647359202
10y,Long CSI1000 / Short CSI300,2019-06-21,1.603882316334793,1.1241633164489957,0.0,-0.03312150647359202
10y,Long CSI1000 / Short CSI300,2019-06-24,1.603882316334793,1.1241633164489957,0.0,-0.03312150647359202
10y,Long CSI1000 / Short CSI300,2019-06-25,1.603882316334793,1.1241633164489957,0.0,-0.03312150647359202
10y,Long CSI1000 / Short CSI300,2019-06-26,1.603882316334793,1.1241633164489957,0.0,-0.03312150647359202
10y,Long CSI1000 / Short CSI300,2019-06-27,1.603882316334793,1.1241633164489957,0.0,-0.03312150647359202
10y,Long CSI1000 / Short CSI300,2019-06-28,1.603882316334793,1.1241633164489957,0.0,-0.03312150647359202
10y,Long CSI1000 / Short CSI300,2019-07-01,1.603882316334793,1.1241633164489957,0.0,-0.03312150647359202
10y,Long CSI1000 / Short CSI300,2019-07-02,1.603882316334793,1.1241633164489957,0.0,-0.03312150647359202
10y,Long CSI1000 / Short CSI300,2019-07-03,1.603882316334793,1.1241633164489957,0.0,-0.03312150647359202
10y,Long CSI1000 / Short CSI300,2019-07-04,1.603882316334793,1.1241633164489957,0.0,-0.03312150647359202
10y,Long CSI1000 / Short CSI300,2019-07-05,1.603882316334793,1.1241633164489957,0.0,-0.03312150647359202
10y,Long CSI1000 / Short CSI300,2019-07-08,1.603882316334793,1.1241633164489957,0.0,-0.03312150647359202
10y,Long CSI1000 / Short CSI300,2019-07-09,1.603882316334793,1.1241633164489957,0.0,-0.03312150647359202
10y,Long CSI1000 / Short CSI300,2019-07-10,1.603882316334793,1.1241633164489957,0.0,-0.03312150647359202
10y,Long CSI1000 / Short CSI300,2019-07-11,1.603882316334793,1.1241633164489957,0.0,-0.03312150647359202
10y,Long CSI1000 / Short CSI300,2019-07-12,1.603882316334793,1.1241633164489957,0.0,-0.03312150647359202
10y,Long CSI1000 / Short CSI300,2019-07-15,1.6085994698908077,1.1274695758495275,0.0029410845845563,-0.030277835041142453
10y,Long CSI1000 / Short CSI300,2019-07-16,1.608197320023335,1.1271877084555653,-0.00025,-0.030520265582382078
10y,Long CSI1000 / Short CSI300,2019-07-17,1.608900314062223,1.1276804379421064,0.0004371317064983,-0.03009647525166048
10y,Long CSI1000 / Short CSI300,2019-07-18,1.6020758838569062,1.1228971854463652,-0.0042416737355753,-0.0342104895586276
10y,Long CSI1000 / Short CSI300,2019-07-19,1.5976355103059037,1.1197849215311582,-0.0027716374709497,-0.036887307954816984
10y,Long CSI1000 / Short CSI300,2019-07-22,1.5972361014283272,1.1195049753007753,-0.00025,-0.037128086127828364
10y,Long CSI1000 / Short CSI300,2019-07-23,1.5972361014283272,1.1195049753007753,0.0,-0.037128086127828364
10y,Long CSI1000 / Short CSI300,2019-07-24,1.5972361014283272,1.1195049753007753,0.0,-0.037128086127828364
10y,Long CSI1000 / Short CSI300,2019-07-25,1.5972361014283272,1.1195049753007753,0.0,-0.037128086127828364
10y,Long CSI1000 / Short CSI300,2019-07-26,1.5972361014283272,1.1195049753007753,0.0,-0.037128086127828364
10y,Long CSI1000 / Short CSI300,2019-07-29,1.5972361014283272,1.1195049753007753,0.0,-0.037128086127828364
10y,Long CSI1000 / Short CSI300,2019-07-30,1.5972361014283272,1.1195049753007753,0.0,-0.037128086127828364
10y,Long CSI1000 / Short CSI300,2019-07-31,1.5972361014283272,1.1195049753007753,0.0,-0.037128086127828364
10y,Long CSI1000 / Short CSI300,2019-08-01,1.5972361014283272,1.1195049753007753,0.0,-0.037128086127828364
10y,Long CSI1000 / Short CSI300,2019-08-02,1.5972361014283272,1.1195049753007753,0.0,-0.037128086127828364
10y,Long CSI1000 / Short CSI300,2019-08-05,1.5972361014283272,1.1195049753007753,0.0,-0.037128086127828364
10y,Long CSI1000 / Short CSI300,2019-08-06,1.5972361014283272,1.1195049753007753,0.0,-0.037128086127828364
10y,Long CSI1000 / Short CSI300,2019-08-07,1.5972361014283272,1.1195049753007753,0.0,-0.037128086127828364
10y,Long CSI1000 / Short CSI300,2019-08-08,1.5972361014283272,1.1195049753007753,0.0,-0.037128086127828364
10y,Long CSI1000 / Short CSI300,2019-08-09,1.5972361014283272,1.1195049753007753,0.0,-0.037128086127828364
10y,Long CSI1000 / Short CSI300,2019-08-12,1.5972361014283272,1.1195049753007753,0.0,-0.037128086127828364
10y,Long CSI1000 / Short CSI300,2019-08-13,1.5972361014283272,1.1195049753007753,0.0,-0.037128086127828364
10y,Long CSI1000 / Short CSI300,2019-08-14,1.5972361014283272,1.1195049753007753,0.0,-0.037128086127828364
10y,Long CSI1000 / Short CSI300,2019-08-15,1.5972361014283272,1.1195049753007753,0.0,-0.037128086127828364
10y,Long CSI1000 / Short CSI300,2019-08-16,1.5972361014283272,1.1195049753007753,0.0,-0.037128086127828364
10y,Long CSI1000 / Short CSI300,2019-08-19,1.6122619192034922,1.1300365915985897,0.00940738677377,-0.028069977620432507
10y,Long CSI1000 / Short CSI300,2019-08-20,1.6174640589997171,1.133682778520408,0.0032266096062079,-0.0249339388736608
10y,Long CSI1000 / Short CSI300,2019-08-21,1.6204431125911083,1.135770801270625,0.0018418051237771,-0.023138057206257057
10y,Long CSI1000 / Short CSI300,2019-08-22,1.6222551245348744,1.1370408429285468,0.0011182200286368,-0.02204571061661187
10y,Long CSI1000 / Short CSI300,2019-08-23,1.6072367524842444,1.1265144453492764,-0.0092577128119327,-0.03109933057092107
10y,Long CSI1000 / Short CSI300,2019-08-26,1.6216327954991885,1.1366046516534425,0.0089570145734239,-0.02242087315464447
10y,Long CSI1000 / Short CSI300,2019-08-27,1.6302793494432055,1.1426650331780508,0.0053320048583229,-0.017208416500910206
10y,Long CSI1000 / Short CSI300,2019-08-28,1.633180142219012,1.1446982028152308,0.0017793225294775,-0.015459713294609267
10y,Long CSI1000 / Short CSI300,2019-08-29,1.6400098720403846,1.149485169819138,0.0041818594561731,-0.011342504186667046
10y,Long CSI1000 / Short CSI300,2019-08-30,1.6116998625200494,1.1296426452978816,-0.017262097017205,-0.028408805796183767
10y,Long CSI1000 / Short CSI300,2019-09-02,1.6326080802914775,1.144297243825209,0.012972773813318,-0.01580457299476634
10y,Long CSI1000 / Short CSI300,2019-09-03,1.6424855719311668,1.1512203912698702,0.0060501303153697,-0.009850062405593496
10y,Long CSI1000 / Short CSI300,2019-09-04,1.6402415126875185,1.1496475270665834,-0.0013662581163559,-0.011202862794241097
10y,Long CSI1000 / Short CSI300,2019-09-05,1.639121665574391,1.1488626246882803,-0.0006827330636769,-0.011877947293080893
10y,Long CSI1000 / Short CSI300,2019-09-06,1.6363449621849124,1.1469164294722594,-0.0016940190882691,-0.013551844911906086
10y,Long CSI1000 / Short CSI300,2019-09-09,1.6660648809872836,1.1677471613440449,0.0181623798704937,0.0
10y,Long CSI1000 / Short CSI300,2019-09-10,1.6755034246219804,1.1743626495296597,0.0056651717123428,0.0
10y,Long CSI1000 / Short CSI300,2019-09-11,1.6734562400268975,1.172927775037714,-0.0012218325340306,-0.0012218325340305203
10y,Long CSI1000 / Short CSI300,2019-09-12,1.6635310125230331,1.165971169460347,-0.0059309752274758,-0.007145561103015008
10y,Long CSI1000 / Short CSI300,2019-09-16,1.6799388010044622,1.1774714109225932,0.0098632296950953,0.0
10y,Long CSI1000 / Short CSI300,2019-09-17,1.6676507844686546,1.1688587232703964,-0.0073145620116997,-0.007314562011699666
10y,Long CSI1000 / Short CSI300,2019-09-18,1.657689026613573,1.1618765135197324,-0.0059735275201848,-0.013244395794409614
10y,Long CSI1000 / Short CSI300,2019-09-19,1.6710770732701812,1.1712602137931163,0.0080763318340582,-0.005275030095728828
10y,Long CSI1000 / Short CSI300,2019-09-20,1.6681148367576588,1.1691839781565558,-0.0017726510404008,-0.007038330348542288
10y,Long CSI1000 / Short CSI300,2019-09-23,1.6706214026736612,1.1709408336467209,0.0015026339079116,-0.005546272474467484
10y,Long CSI1000 / Short CSI300,2019-09-24,1.6745445250229485,1.173690555484847,0.002348301262637,-0.0032109955304849835
10y,Long CSI1000 / Short CSI300,2019-09-25,1.6548210043694698,1.1598663127931925,-0.0117784390673089,-0.014951614082592823
10y,Long CSI1000 / Short CSI300,2019-09-26,1.6130653499076824,1.1305997172816655,-0.0252327317284067,-0.03980707574394693
10y,Long CSI1000 / Short CSI300,2019-09-27,1.62276853609383,1.1374006937947485,0.0060153707887302,-0.034031159275831446
10y,Long CSI1000 / Short CSI300,2019-09-30,1.6213273526815897,1.136390566363443,-0.0008881016486241,-0.03488903779579822
10y,Long CSI1000 / Short CSI300,2019-10-08,1.6209220208434194,1.1361064687218523,-0.00025,-0.035130315536349155
10y,Long CSI1000 / Short CSI300,2019-10-09,1.6209220208434194,1.1361064687218523,0.0,-0.035130315536349155
10y,Long CSI1000 / Short CSI300,2019-10-10,1.6209220208434194,1.1361064687218523,0.0,-0.035130315536349155
10y,Long CSI1000 / Short CSI300,2019-10-11,1.6209220208434194,1.1361064687218523,0.0,-0.035130315536349155
10y,Long CSI1000 / Short CSI300,2019-10-14,1.6209220208434194,1.1361064687218523,0.0,-0.035130315536349155
10y,Long CSI1000 / Short CSI300,2019-10-15,1.6209220208434194,1.1361064687218523,0.0,-0.035130315536349155
10y,Long CSI1000 / Short CSI300,2019-10-16,1.6209220208434194,1.1361064687218523,0.0,-0.035130315536349155
10y,Long CSI1000 / Short CSI300,2019-10-17,1.6209220208434194,1.1361064687218523,0.0,-0.035130315536349155
10y,Long CSI1000 / Short CSI300,2019-10-18,1.6209220208434194,1.1361064687218523,0.0,-0.035130315536349155
10y,Long CSI1000 / Short CSI300,2019-10-21,1.6209220208434194,1.1361064687218523,0.0,-0.035130315536349155
10y,Long CSI1000 / Short CSI300,2019-10-22,1.6209220208434194,1.1361064687218523,0.0,-0.035130315536349155
10y,Long CSI1000 / Short CSI300,2019-10-23,1.6209220208434194,1.1361064687218523,0.0,-0.035130315536349155
10y,Long CSI1000 / Short CSI300,2019-10-24,1.6209220208434194,1.1361064687218523,0.0,-0.035130315536349155
10y,Long CSI1000 / Short CSI300,2019-10-25,1.6209220208434194,1.1361064687218523,0.0,-0.035130315536349155
10y,Long CSI1000 / Short CSI300,2019-10-28,1.6209220208434194,1.1361064687218523,0.0,-0.035130315536349155
10y,Long CSI1000 / Short CSI300,2019-10-29,1.6209220208434194,1.1361064687218523,0.0,-0.035130315536349155
10y,Long CSI1000 / Short CSI300,2019-10-30,1.6209220208434194,1.1361064687218523,0.0,-0.035130315536349155
10y,Long CSI1000 / Short CSI300,2019-10-31,1.6209220208434194,1.1361064687218523,0.0,-0.035130315536349155
10y,Long CSI1000 / Short CSI300,2019-11-01,1.6209220208434194,1.1361064687218523,0.0,-0.035130315536349155
10y,Long CSI1000 / Short CSI300,2019-11-04,1.6209220208434194,1.1361064687218523,0.0,-0.035130315536349155
10y,Long CSI1000 / Short CSI300,2019-11-05,1.6209220208434194,1.1361064687218523,0.0,-0.035130315536349155
10y,Long CSI1000 / Short CSI300,2019-11-06,1.6209220208434194,1.1361064687218523,0.0,-0.035130315536349155
10y,Long CSI1000 / Short CSI300,2019-11-07,1.6209220208434194,1.1361064687218523,0.0,-0.035130315536349155
10y,Long CSI1000 / Short CSI300,2019-11-08,1.6209220208434194,1.1361064687218523,0.0,-0.035130315536349155
10y,Long CSI1000 / Short CSI300,2019-11-11,1.6209220208434194,1.1361064687218523,0.0,-0.035130315536349155
10y,Long CSI1000 / Short CSI300,2019-11-12,1.6209220208434194,1.1361064687218523,0.0,-0.035130315536349155
10y,Long CSI1000 / Short CSI300,2019-11-13,1.6209220208434194,1.1361064687218523,0.0,-0.035130315536349155
10y,Long CSI1000 / Short CSI300,2019-11-14,1.6209220208434194,1.1361064687218523,0.0,-0.035130315536349155
10y,Long CSI1000 / Short CSI300,2019-11-15,1.6209220208434194,1.1361064687218523,0.0,-0.035130315536349155
10y,Long CSI1000 / Short CSI300,2019-11-18,1.6209220208434194,1.1361064687218523,0.0,-0.035130315536349155
10y,Long CSI1000 / Short CSI300,2019-11-19,1.6209220208434194,1.1361064687218523,0.0,-0.035130315536349155
10y,Long CSI1000 / Short CSI300,2019-11-20,1.6209220208434194,1.1361064687218523,0.0,-0.035130315536349155
10y,Long CSI1000 / Short CSI300,2019-11-21,1.6209220208434194,1.1361064687218523,0.0,-0.035130315536349155
10y,Long CSI1000 / Short CSI300,2019-11-22,1.6209220208434194,1.1361064687218523,0.0,-0.035130315536349155
10y,Long CSI1000 / Short CSI300,2019-11-25,1.6209220208434194,1.1361064687218523,0.0,-0.035130315536349155
10y,Long CSI1000 / Short CSI300,2019-11-26,1.6209220208434194,1.1361064687218523,0.0,-0.035130315536349155
10y,Long CSI1000 / Short CSI300,2019-11-27,1.6209220208434194,1.1361064687218523,0.0,-0.035130315536349155
10y,Long CSI1000 / Short CSI300,2019-11-28,1.6209220208434194,1.1361064687218523,0.0,-0.035130315536349155
10y,Long CSI1000 / Short CSI300,2019-11-29,1.6209220208434194,1.1361064687218523,0.0,-0.035130315536349155
10y,Long CSI1000 / Short CSI300,2019-12-02,1.620718189667396,1.1359636031708698,-0.0001257501430681,-0.0352516480372127
10y,Long CSI1000 / Short CSI300,2019-12-03,1.6203130101199794,1.1356796122700774,-0.00025,-0.03549283512520307
10y,Long CSI1000 / Short CSI300,2019-12-04,1.6214814504430328,1.1364985736958995,0.0007211201266394,-0.03479730959632388
10y,Long CSI1000 / Short CSI300,2019-12-05,1.6243838108867072,1.1385328421136394,0.0017899436610153,-0.033069651159040925
10y,Long CSI1000 / Short CSI300,2019-12-06,1.625918567641837,1.1396085552293822,0.0009448239663828,-0.03215607219163308
10y,Long CSI1000 / Short CSI300,2019-12-09,1.634610273303121,1.1457005836545824,0.0053457201573692,-0.026982249397560443
10y,Long CSI1000 / Short CSI300,2019-12-10,1.6424330868829016,1.1511836044275183,0.0047857362134233,-0.022325643112198756
10y,Long CSI1000 / Short CSI300,2019-12-11,1.634818563782054,1.1458465747370934,-0.0046361237859002,-0.026858262453031134
10y,Long CSI1000 / Short CSI300,2019-12-12,1.6396029596842805,1.1491999643903585,0.0029265607867565,-0.02401030400396975
10y,Long CSI1000 / Short CSI300,2019-12-13,1.6293935942028848,1.142044206114631,-0.0062267303319343,-0.030087528647683826
10y,Long CSI1000 / Short CSI300,2019-12-16,1.651963840802432,1.1578637229283086,0.0138519303622208,-0.016652368637061987
10y,Long CSI1000 / Short CSI300,2019-12-17,1.65021140681795,1.1566354395438052,-0.0010608186094623,-0.017695522103982286
10y,Long CSI1000 / Short CSI300,2019-12-18,1.6533550860927977,1.1588388486614645,0.0019050160857325,-0.0158242162725033
10y,Long CSI1000 / Short CSI300,2019-12-19,1.6629327553085131,1.1655518501577304,0.0057928688738906,-0.010123015008511649
10y,Long CSI1000 / Short CSI300,2019-12-20,1.6469840317830902,1.1543733679531016,-0.0095907206557274,-0.01961664865509849
10y,Long CSI1000 / Short CSI300,2019-12-23,1.630192185099075,1.1426039395696383,-0.0101955127432751,-0.02961215960703023
10y,Long CSI1000 / Short CSI300,2019-12-24,1.6481425345643623,1.1551853641422525,0.0110111860609836,-0.018927038545147212
10y,Long CSI1000 / Short CSI300,2019-12-25,1.658855383152981,1.162694014418738,0.0064999527431348,-0.012550110658123281
10y,Long CSI1000 / Short CSI300,2019-12-26,1.656108848219508,1.1607689643149302,-0.0016556807551559,-0.01418501243658743
10y,Long CSI1000 / Short CSI300,2019-12-27,1.6443609714707867,1.1525348613807096,-0.0070936622078623,-0.021178050957810446
10y,Long CSI1000 / Short CSI300,2019-12-30,1.6295035775300597,1.1421212935795726,-0.009035360360954,-0.03002205999661811
10y,Long CSI1000 / Short CSI300,2019-12-31,1.6344310227837906,1.1455749467196068,0.0030238934861375,-0.02708895002214473
10y,Long CSI1000 / Short CSI300,2020-01-02,1.6442467072947913,1.152454773462955,0.0060055666921217,-0.021246067826000692
10y,Long CSI1000 / Short CSI300,2020-01-03,1.6556887663935096,1.1604745283866298,0.0069588456817064,-0.014435070251638371
10y,Long CSI1000 / Short CSI300,2020-01-06,1.6790658959449638,1.1768595905685455,0.0141192777446785,-0.0005196052731066825
10y,Long CSI1000 / Short CSI300,2020-01-07,1.6919149694782805,1.1858655238402078,0.007652512962325,0.0
10y,Long CSI1000 / Short CSI300,2020-01-08,1.6882620339379093,1.1833051763072153,-0.0021590538568835,-0.0021590538568836415
10y,Long CSI1000 / Short CSI300,2020-01-09,1.693645782736361,1.1870786532279074,0.0031889296153237,0.0
10y,Long CSI1000 / Short CSI300,2020-01-10,1.6905776382434143,1.1849281865425354,-0.0018115620894406,-0.0018115620894406659
10y,Long CSI1000 / Short CSI300,2020-01-13,1.695577100441431,1.1884323164576447,0.002957250873856,0.0
10y,Long CSI1000 / Short CSI300,2020-01-14,1.6976644924509598,1.1898953723815504,0.0012310805618838,0.0
10y,Long CSI1000 / Short CSI300,2020-01-15,1.7069256332052738,1.1963865186448635,0.0054552243953358,0.0
10y,Long CSI1000 / Short CSI300,2020-01-16,1.710903189946788,1.1991743936231989,0.0023302460658729,0.0
10y,Long CSI1000 / Short CSI300,2020-01-17,1.7019338856300994,1.1928877959194906,-0.0052424382451281,-0.005242438245127934
10y,Long CSI1000 / Short CSI300,2020-01-20,1.711019399152539,1.1992558448149782,0.0053383469235503,0.0
10y,Long CSI1000 / Short CSI300,2020-01-21,1.7252672469244037,1.2092421808699088,0.0083271105978819,0.0
10y,Long CSI1000 / Short CSI300,2020-01-22,1.7230695231106754,1.2077017932330367,-0.0012738454391029,-0.0012738454391029164
10y,Long CSI1000 / Short CSI300,2020-01-23,1.7119078746497964,1.1998785785102177,-0.0064777702299143,-0.007743363990954211
10y,Long CSI1000 / Short CSI300,2020-02-03,1.695697028206241,1.188516373992571,-0.0094694619281845,-0.017139500428630328
10y,Long CSI1000 / Short CSI300,2020-02-04,1.6753822245038386,1.1742777002005371,-0.0119802083535476,-0.028914373995967302
10y,Long CSI1000 / Short CSI300,2020-02-05,1.6994977792743895,1.1911803256318227,0.0143940614970371,-0.014936507776376562
10y,Long CSI1000 / Short CSI300,2020-02-06,1.7206386211340832,1.2059979707018345,0.0124394642449723,-0.002682845685833102
10y,Long CSI1000 / Short CSI300,2020-02-07,1.741795623181414,1.2208269424695368,0.0122960171807524,0.0
10y,Long CSI1000 / Short CSI300,2020-02-10,1.758839686157765,1.2327731495984025,0.0097853403404584,0.0
10y,Long CSI1000 / Short CSI300,2020-02-11,1.7579602663146865,1.2321567630236034,-0.0005,-0.0004999999999998339
10y,Long CSI1000 / Short CSI300,2020-02-12,1.7579602663146865,1.2321567630236034,0.0,-0.0004999999999998339
10y,Long CSI1000 / Short CSI300,2020-02-13,1.7579602663146865,1.2321567630236034,0.0,-0.0004999999999998339
10y,Long CSI1000 / Short CSI300,2020-02-14,1.7510269753443015,1.2272972098682415,-0.0039439406585219,-0.004441968688192799
10y,Long CSI1000 / Short CSI300,2020-02-17,1.7748936165446134,1.2440253714365748,0.0136300819669663,0.0
10y,Long CSI1000 / Short CSI300,2020-02-18,1.8243780349452552,1.2787090681986526,0.0278802165602345,0.0
10y,Long CSI1000 / Short CSI300,2020-02-19,1.8108782581389349,1.2692470561100135,-0.0073996598006209,-0.007399659800620961
10y,Long CSI1000 / Short CSI300,2020-02-20,1.804312363006144,1.264645011201381,-0.003625807037707,-0.010998637099746245
10y,Long CSI1000 / Short CSI300,2020-02-21,1.834259754464636,1.2856351789699914,0.0165976756976808,0.0
10y,Long CSI1000 / Short CSI300,2020-02-24,1.8820424468465715,1.319126133630362,0.0260501230895084,0.0
10y,Long CSI1000 / Short CSI300,2020-02-25,1.894044200328153,1.327538179115027,0.0063769834212246,0.0
10y,Long CSI1000 / Short CSI300,2020-02-26,1.8622220042146629,1.3052339581910248,-0.0168011898074907,-0.01680118980749068
10y,Long CSI1000 / Short CSI300,2020-02-27,1.859874941069024,1.3035888984114856,-0.001260356252008,-0.018040370574883613
10y,Long CSI1000 / Short CSI300,2020-02-28,1.8165063327054891,1.2731917812968454,-0.0233180239197196,-0.04093772870201762
10y,Long CSI1000 / Short CSI300,2020-03-02,1.8312759844142996,1.2835438504472276,0.0081308011113907,-0.03313978412065488
10y,Long CSI1000 / Short CSI300,2020-03-03,1.8461411626388424,1.293962874263573,0.0081173882861231,-0.02529140432995769
10y,Long CSI1000 / Short CSI300,2020-03-04,1.844590384692092,1.2928759318726382,-0.0008400104922281,-0.026110169777185277
10y,Long CSI1000 / Short CSI300,2020-03-05,1.8302719630032784,1.2828401304624728,-0.0077623855180202,-0.033669878091454275
10y,Long CSI1000 / Short CSI300,2020-03-06,1.854816590900312,1.3000434938369065,0.0134103720065503,-0.020711031675525238
10y,Long CSI1000 / Short CSI300,2020-03-09,1.845051709813304,1.2931992752831498,-0.0052646073659865,-0.02586660359159565
10y,Long CSI1000 / Short CSI300,2020-03-10,1.8531834931406093,1.29889885337611,0.0044073471133925,-0.021573259578876014
10y,Long CSI1000 / Short CSI300,2020-03-11,1.8528960907701328,1.2986974126602548,-0.0001550857600126,-0.021724999633530806
10y,Long CSI1000 / Short CSI300,2020-03-12,1.851215249352796,1.2975193086043062,-0.0009071428374801,-0.022612434793199077
10y,Long CSI1000 / Short CSI300,2020-03-13,1.8502896417281196,1.296870548950004,-0.0005,-0.023101128575802377
10y,Long CSI1000 / Short CSI300,2020-03-16,1.8502896417281196,1.296870548950004,0.0,-0.023101128575802377
10y,Long CSI1000 / Short CSI300,2020-03-17,1.8502896417281196,1.296870548950004,0.0,-0.023101128575802377
10y,Long CSI1000 / Short CSI300,2020-03-18,1.8502896417281196,1.296870548950004,0.0,-0.023101128575802377
10y,Long CSI1000 / Short CSI300,2020-03-19,1.8502896417281196,1.296870548950004,0.0,-0.023101128575802377
10y,Long CSI1000 / Short CSI300,2020-03-20,1.8502896417281196,1.296870548950004,0.0,-0.023101128575802377
10y,Long CSI1000 / Short CSI300,2020-03-23,1.8502896417281196,1.296870548950004,0.0,-0.023101128575802377
10y,Long CSI1000 / Short CSI300,2020-03-24,1.8502896417281196,1.296870548950004,0.0,-0.023101128575802377
10y,Long CSI1000 / Short CSI300,2020-03-25,1.8502896417281196,1.296870548950004,0.0,-0.023101128575802377
10y,Long CSI1000 / Short CSI300,2020-03-26,1.8502896417281196,1.296870548950004,0.0,-0.023101128575802377
10y,Long CSI1000 / Short CSI300,2020-03-27,1.8502896417281196,1.296870548950004,0.0,-0.023101128575802377
10y,Long CSI1000 / Short CSI300,2020-03-30,1.8502896417281196,1.296870548950004,0.0,-0.023101128575802377
10y,Long CSI1000 / Short CSI300,2020-03-31,1.8502896417281196,1.296870548950004,0.0,-0.023101128575802377
10y,Long CSI1000 / Short CSI300,2020-04-01,1.8502896417281196,1.296870548950004,0.0,-0.023101128575802377
10y,Long CSI1000 / Short CSI300,2020-04-02,1.8502896417281196,1.296870548950004,0.0,-0.023101128575802377
10y,Long CSI1000 / Short CSI300,2020-04-03,1.8502896417281196,1.296870548950004,0.0,-0.023101128575802377
10y,Long CSI1000 / Short CSI300,2020-04-07,1.8502896417281196,1.296870548950004,0.0,-0.023101128575802377
10y,Long CSI1000 / Short CSI300,2020-04-08,1.8502896417281196,1.296870548950004,0.0,-0.023101128575802377
10y,Long CSI1000 / Short CSI300,2020-04-09,1.8502896417281196,1.296870548950004,0.0,-0.023101128575802377
10y,Long CSI1000 / Short CSI300,2020-04-10,1.8502896417281196,1.296870548950004,0.0,-0.023101128575802377
10y,Long CSI1000 / Short CSI300,2020-04-13,1.8502896417281196,1.296870548950004,0.0,-0.023101128575802377
10y,Long CSI1000 / Short CSI300,2020-04-14,1.8502896417281196,1.296870548950004,0.0,-0.023101128575802377
10y,Long CSI1000 / Short CSI300,2020-04-15,1.8502896417281196,1.296870548950004,0.0,-0.023101128575802377
10y,Long CSI1000 / Short CSI300,2020-04-16,1.8502896417281196,1.296870548950004,0.0,-0.023101128575802377
10y,Long CSI1000 / Short CSI300,2020-04-17,1.8502896417281196,1.296870548950004,0.0,-0.023101128575802377
10y,Long CSI1000 / Short CSI300,2020-04-20,1.8502896417281196,1.296870548950004,0.0,-0.023101128575802377
10y,Long CSI1000 / Short CSI300,2020-04-21,1.8502896417281196,1.296870548950004,0.0,-0.023101128575802377
10y,Long CSI1000 / Short CSI300,2020-04-22,1.8502896417281196,1.296870548950004,0.0,-0.023101128575802377
10y,Long CSI1000 / Short CSI300,2020-04-23,1.8502896417281196,1.296870548950004,0.0,-0.023101128575802377
10y,Long CSI1000 / Short CSI300,2020-04-24,1.8502896417281196,1.296870548950004,0.0,-0.023101128575802377
10y,Long CSI1000 / Short CSI300,2020-04-27,1.8502896417281196,1.296870548950004,0.0,-0.023101128575802377
10y,Long CSI1000 / Short CSI300,2020-04-28,1.8502896417281196,1.296870548950004,0.0,-0.023101128575802377
10y,Long CSI1000 / Short CSI300,2020-04-29,1.8502896417281196,1.296870548950004,0.0,-0.023101128575802377
10y,Long CSI1000 / Short CSI300,2020-04-30,1.8502896417281196,1.296870548950004,0.0,-0.023101128575802377
10y,Long CSI1000 / Short CSI300,2020-05-06,1.8502896417281196,1.296870548950004,0.0,-0.023101128575802377
10y,Long CSI1000 / Short CSI300,2020-05-07,1.8502896417281196,1.296870548950004,0.0,-0.023101128575802377
10y,Long CSI1000 / Short CSI300,2020-05-08,1.8502896417281196,1.296870548950004,0.0,-0.023101128575802377
10y,Long CSI1000 / Short CSI300,2020-05-11,1.8502896417281196,1.296870548950004,0.0,-0.023101128575802377
10y,Long CSI1000 / Short CSI300,2020-05-12,1.8502896417281196,1.296870548950004,0.0,-0.023101128575802377
10y,Long CSI1000 / Short CSI300,2020-05-13,1.8502896417281196,1.296870548950004,0.0,-0.023101128575802377
10y,Long CSI1000 / Short CSI300,2020-05-14,1.8502896417281196,1.296870548950004,0.0,-0.023101128575802377
10y,Long CSI1000 / Short CSI300,2020-05-15,1.8502896417281196,1.296870548950004,0.0,-0.023101128575802377
10y,Long CSI1000 / Short CSI300,2020-05-18,1.8502896417281196,1.296870548950004,0.0,-0.023101128575802377
10y,Long CSI1000 / Short CSI300,2020-05-19,1.8502896417281196,1.296870548950004,0.0,-0.023101128575802377
10y,Long CSI1000 / Short CSI300,2020-05-20,1.8502896417281196,1.296870548950004,0.0,-0.023101128575802377
10y,Long CSI1000 / Short CSI300,2020-05-21,1.8502896417281196,1.296870548950004,0.0,-0.023101128575802377
10y,Long CSI1000 / Short CSI300,2020-05-22,1.8502896417281196,1.296870548950004,0.0,-0.023101128575802377
10y,Long CSI1000 / Short CSI300,2020-05-25,1.8502896417281196,1.296870548950004,0.0,-0.023101128575802377
10y,Long CSI1000 / Short CSI300,2020-05-26,1.8614756490988336,1.304710836866153,0.0060455439615749,-0.017195243502594493
10y,Long CSI1000 / Short CSI300,2020-05-27,1.862163840705287,1.3051931913074881,0.0003697021805183,-0.016831898441093895
10y,Long CSI1000 / Short CSI300,2020-05-28,1.857387572769421,1.3018454985569987,-0.0025649020947893,-0.019353628364312425
10y,Long CSI1000 / Short CSI300,2020-05-29,1.8641353819243816,1.306575047253402,0.0036329569842548,-0.01579098227939446
10y,Long CSI1000 / Short CSI300,2020-06-01,1.8673312943989997,1.3088150666924576,0.001714420800982,-0.014103633866899834
10y,Long CSI1000 / Short CSI300,2020-06-02,1.863943617274206,1.3064406391469447,-0.0018141810909261,-0.01589222841195148
10y,Long CSI1000 / Short CSI300,2020-06-03,1.8613606714085909,1.3046302488452837,-0.0013857424879581,-0.017255948363770868
10y,Long CSI1000 / Short CSI300,2020-06-04,1.8658113783388504,1.3077497554401918,0.0023911039910882,-0.014906105139685377
10y,Long CSI1000 / Short CSI300,2020-06-05,1.8595676105654373,1.3033734900397869,-0.0033464088845743,-0.018202632101585903
10y,Long CSI1000 / Short CSI300,2020-06-08,1.8521797465124856,1.2981953259870653,-0.0039728934893124,-0.022103208472333602
10y,Long CSI1000 / Short CSI300,2020-06-09,1.8527866264682429,1.2986206889808476,0.0003276571601108,-0.021782793586740068
10y,Long CSI1000 / Short CSI300,2020-06-10,1.8550761530450923,1.3002254213003677,0.0012357205865707,-0.020573990446637658
10y,Long CSI1000 / Short CSI300,2020-06-11,1.861851046983971,1.3049739537589862,0.0036520840008416,-0.01699704438713967
10y,Long CSI1000 / Short CSI300,2020-06-12,1.859197746125327,1.3031142515461664,-0.0014250876099579,-0.01839790971973565
10y,Long CSI1000 / Short CSI300,2020-06-15,1.8811155836368467,1.3184764939347764,0.0117888683746512,-0.006825931881139002
10y,Long CSI1000 / Short CSI300,2020-06-16,1.8909222052810708,1.3253499685023644,0.0052131946221318,-0.0016483221703810225
10y,Long CSI1000 / Short CSI300,2020-06-17,1.897624618497125,1.3300476991228936,0.0035445208678259,0.0
10y,Long CSI1000 / Short CSI300,2020-06-18,1.876251522272071,1.3150672666494896,-0.0112630791236155,-0.011263079123615571
10y,Long CSI1000 / Short CSI300,2020-06-19,1.8627691750762303,1.3056174709987534,-0.0071857888112537,-0.01836793382692281
10y,Long CSI1000 / Short CSI300,2020-06-22,1.8735605378739464,1.3131811519921366,0.0057931830428075,-0.012681159586892754
10y,Long CSI1000 / Short CSI300,2020-06-23,1.8678417137201475,1.3091728202950739,-0.0030523829031372,-0.015694834735314966
10y,Long CSI1000 / Short CSI300,2020-06-24,1.8567041495278105,1.3013664862691254,-0.0059627987267479,-0.021564048321486617
10y,Long CSI1000 / Short CSI300,2020-06-29,1.865068963526579,1.307229395879491,0.0045051948641876,-0.01715600369704806
10y,Long CSI1000 / Short CSI300,2020-06-30,1.872829051498142,1.312668452187552,0.0041607512233166,-0.01306663433710109
10y,Long CSI1000 / Short CSI300,2020-07-01,1.84162899543024,1.2908002900752353,-0.0166593187151514,-0.02950827182629623
10y,Long CSI1000 / Short CSI300,2020-07-02,1.8254523209312803,1.2794620367204483,-0.0087838943343635,-0.038032968618948115
10y,Long CSI1000 / Short CSI300,2020-07-03,1.8088420309167663,1.2678198616557799,-0.009099273546646,-0.04678616978033956
10y,Long CSI1000 / Short CSI300,2020-07-06,1.8079376099013085,1.2671859517249522,-0.0005,-0.047262776695449205
10y,Long CSI1000 / Short CSI300,2020-07-07,1.8079376099013085,1.2671859517249522,0.0,-0.047262776695449205
10y,Long CSI1000 / Short CSI300,2020-07-08,1.8079376099013085,1.2671859517249522,0.0,-0.047262776695449205
10y,Long CSI1000 / Short CSI300,2020-07-09,1.8079376099013085,1.2671859517249522,0.0,-0.047262776695449205
10y,Long CSI1000 / Short CSI300,2020-07-10,1.8079376099013085,1.2671859517249522,0.0,-0.047262776695449205
10y,Long CSI1000 / Short CSI300,2020-07-13,1.8079376099013085,1.2671859517249522,0.0,-0.047262776695449205
10y,Long CSI1000 / Short CSI300,2020-07-14,1.8079376099013085,1.2671859517249522,0.0,-0.047262776695449205
10y,Long CSI1000 / Short CSI300,2020-07-15,1.8079376099013085,1.2671859517249522,0.0,-0.047262776695449205
10y,Long CSI1000 / Short CSI300,2020-07-16,1.8079376099013085,1.2671859517249522,0.0,-0.047262776695449205
10y,Long CSI1000 / Short CSI300,2020-07-17,1.8079376099013085,1.2671859517249522,0.0,-0.047262776695449205
10y,Long CSI1000 / Short CSI300,2020-07-20,1.8079376099013085,1.2671859517249522,0.0,-0.047262776695449205
10y,Long CSI1000 / Short CSI300,2020-07-21,1.8079376099013085,1.2671859517249522,0.0,-0.047262776695449205
10y,Long CSI1000 / Short CSI300,2020-07-22,1.8079376099013085,1.2671859517249522,0.0,-0.047262776695449205
10y,Long CSI1000 / Short CSI300,2020-07-23,1.80630728867641,1.2660432573412101,-0.000901757458869,-0.04812191459290627
10y,Long CSI1000 / Short CSI300,2020-07-24,1.8003290815170043,1.261853123739579,-0.0033096290962687,-0.05127227800047007
10y,Long CSI1000 / Short CSI300,2020-07-27,1.7917413083042666,1.2558339417101863,-0.0047701130315027,-0.05579781647052806
10y,Long CSI1000 / Short CSI300,2020-07-28,1.7928317300097496,1.2565982197798922,0.0006085821097215,-0.055223191913671976
10y,Long CSI1000 / Short CSI300,2020-07-29,1.797468391983468,1.2598480625199378,0.00258622261984,-0.052779788761898816
10y,Long CSI1000 / Short CSI300,2020-07-30,1.800402343205772,1.2619044729577698,0.0016322686036589,-0.05123367095034348
10y,Long CSI1000 / Short CSI300,2020-07-31,1.808495343934991,1.2675768682745117,0.0044951067519768,-0.04696886501858433
10y,Long CSI1000 / Short CSI300,2020-08-03,1.8373369349982265,1.2877919790286505,0.0159478381627906,-0.03177007871380011
10y,Long CSI1000 / Short CSI300,2020-08-04,1.8238705742790724,1.2783533883213616,-0.0073292821053352,-0.0388665089497332
10y,Long CSI1000 / Short CSI300,2020-08-05,1.8485088585688365,1.2956223955899802,0.0135087898435461,-0.02588275860754119
10y,Long CSI1000 / Short CSI300,2020-08-06,1.8554686014111608,1.3005004888986829,0.0037650578789829,-0.02221515081278347
10y,Long CSI1000 / Short CSI300,2020-08-07,1.8536061445794023,1.2991950903495442,-0.001003766288657,-0.023196618281957293
10y,Long CSI1000 / Short CSI300,2020-08-10,1.8517527839514545,1.2978960673421387,-0.0009998675464947,-0.02417329228264331
10y,Long CSI1000 / Short CSI300,2020-08-11,1.8318654135861696,1.2839569821626362,-0.0107397545383175,-0.034653431595462414
10y,Long CSI1000 / Short CSI300,2020-08-12,1.814344401391812,1.2716764806723755,-0.0095645739388994,-0.04388656022563042
10y,Long CSI1000 / Short CSI300,2020-08-13,1.8189925409749144,1.2749343680845886,0.0025618838295181,-0.04143710866508754
10y,Long CSI1000 / Short CSI300,2020-08-14,1.814491477317118,1.2717795663902476,-0.0024744816465186,-0.043809054946729487
10y,Long CSI1000 / Short CSI300,2020-08-17,1.812869384152358,1.2706426390651475,-0.0008939657116264,-0.044663856865374774
10y,Long CSI1000 / Short CSI300,2020-08-18,1.822051566315996,1.2770784431439048,0.0050649993010561,-0.03982507996812412
10y,Long CSI1000 / Short CSI300,2020-08-19,1.816668370252822,1.2733053536361272,-0.0029544696553555,-0.0426618876331919
10y,Long CSI1000 / Short CSI300,2020-08-20,1.8153112231521071,1.272354127370889,-0.0007470527493831,-0.04337706970212496
10y,Long CSI1000 / Short CSI300,2020-08-21,1.813090559085504,1.2707976608792972,-0.0012232966106754,-0.044547303290452644
10y,Long CSI1000 / Short CSI300,2020-08-24,1.813459048037607,1.2710559352914856,0.0002032380292625,-0.04435311896731997
10y,Long CSI1000 / Short CSI300,2020-08-25,1.8130056832755976,1.2707381713076629,-0.00025,-0.04459203068757811
10y,Long CSI1000 / Short CSI300,2020-08-26,1.8130056832755976,1.2707381713076629,0.0,-0.04459203068757811
10y,Long CSI1000 / Short CSI300,2020-08-27,1.8130056832755976,1.2707381713076629,0.0,-0.04459203068757811
10y,Long CSI1000 / Short CSI300,2020-08-28,1.8130056832755976,1.2707381713076629,0.0,-0.04459203068757811
10y,Long CSI1000 / Short CSI300,2020-08-31,1.8130056832755976,1.2707381713076629,0.0,-0.04459203068757811
10y,Long CSI1000 / Short CSI300,2020-09-01,1.8130056832755976,1.2707381713076629,0.0,-0.04459203068757811
10y,Long CSI1000 / Short CSI300,2020-09-02,1.8130056832755976,1.2707381713076629,0.0,-0.04459203068757811
10y,Long CSI1000 / Short CSI300,2020-09-03,1.8130056832755976,1.2707381713076629,0.0,-0.04459203068757811
10y,Long CSI1000 / Short CSI300,2020-09-04,1.8130056832755976,1.2707381713076629,0.0,-0.04459203068757811
10y,Long CSI1000 / Short CSI300,2020-09-07,1.8130056832755976,1.2707381713076629,0.0,-0.04459203068757811
10y,Long CSI1000 / Short CSI300,2020-09-08,1.8130056832755976,1.2707381713076629,0.0,-0.04459203068757811
10y,Long CSI1000 / Short CSI300,2020-09-09,1.8130056832755976,1.2707381713076629,0.0,-0.04459203068757811
10y,Long CSI1000 / Short CSI300,2020-09-10,1.8130056832755976,1.2707381713076629,0.0,-0.04459203068757811
10y,Long CSI1000 / Short CSI300,2020-09-11,1.8130056832755976,1.2707381713076629,0.0,-0.04459203068757811
10y,Long CSI1000 / Short CSI300,2020-09-14,1.8130056832755976,1.2707381713076629,0.0,-0.04459203068757811
10y,Long CSI1000 / Short CSI300,2020-09-15,1.8130056832755976,1.2707381713076629,0.0,-0.04459203068757811
10y,Long CSI1000 / Short CSI300,2020-09-16,1.8130056832755976,1.2707381713076629,0.0,-0.04459203068757811
10y,Long CSI1000 / Short CSI300,2020-09-17,1.8130056832755976,1.2707381713076629,0.0,-0.04459203068757811
10y,Long CSI1000 / Short CSI300,2020-09-18,1.8130056832755976,1.2707381713076629,0.0,-0.04459203068757811
10y,Long CSI1000 / Short CSI300,2020-09-21,1.8130056832755976,1.2707381713076629,0.0,-0.04459203068757811
10y,Long CSI1000 / Short CSI300,2020-09-22,1.8130056832755976,1.2707381713076629,0.0,-0.04459203068757811
10y,Long CSI1000 / Short CSI300,2020-09-23,1.8130056832755976,1.2707381713076629,0.0,-0.04459203068757811
10y,Long CSI1000 / Short CSI300,2020-09-24,1.8130056832755976,1.2707381713076629,0.0,-0.04459203068757811
10y,Long CSI1000 / Short CSI300,2020-09-25,1.8130056832755976,1.2707381713076629,0.0,-0.04459203068757811
10y,Long CSI1000 / Short CSI300,2020-09-28,1.8130056832755976,1.2707381713076629,0.0,-0.04459203068757811
10y,Long CSI1000 / Short CSI300,2020-09-29,1.8130056832755976,1.2707381713076629,0.0,-0.04459203068757811
10y,Long CSI1000 / Short CSI300,2020-09-30,1.8130056832755976,1.2707381713076629,0.0,-0.04459203068757811
10y,Long CSI1000 / Short CSI300,2020-10-09,1.8130056832755976,1.2707381713076629,0.0,-0.04459203068757811
10y,Long CSI1000 / Short CSI300,2020-10-12,1.8130056832755976,1.2707381713076629,0.0,-0.04459203068757811
10y,Long CSI1000 / Short CSI300,2020-10-13,1.8130056832755976,1.2707381713076629,0.0,-0.04459203068757811
10y,Long CSI1000 / Short CSI300,2020-10-14,1.8130056832755976,1.2707381713076629,0.0,-0.04459203068757811
10y,Long CSI1000 / Short CSI300,2020-10-15,1.8130056832755976,1.2707381713076629,0.0,-0.04459203068757811
10y,Long CSI1000 / Short CSI300,2020-10-16,1.8130056832755976,1.2707381713076629,0.0,-0.04459203068757811
10y,Long CSI1000 / Short CSI300,2020-10-19,1.8130056832755976,1.2707381713076629,0.0,-0.04459203068757811
10y,Long CSI1000 / Short CSI300,2020-10-20,1.8130056832755976,1.2707381713076629,0.0,-0.04459203068757811
10y,Long CSI1000 / Short CSI300,2020-10-21,1.8130056832755976,1.2707381713076629,0.0,-0.04459203068757811
10y,Long CSI1000 / Short CSI300,2020-10-22,1.8130056832755976,1.2707381713076629,0.0,-0.04459203068757811
10y,Long CSI1000 / Short CSI300,2020-10-23,1.8130056832755976,1.2707381713076629,0.0,-0.04459203068757811
10y,Long CSI1000 / Short CSI300,2020-10-26,1.8130056832755976,1.2707381713076629,0.0,-0.04459203068757811
10y,Long CSI1000 / Short CSI300,2020-10-27,1.8130056832755976,1.2707381713076629,0.0,-0.04459203068757811
10y,Long CSI1000 / Short CSI300,2020-10-28,1.8130056832755976,1.2707381713076629,0.0,-0.04459203068757811
10y,Long CSI1000 / Short CSI300,2020-10-29,1.8130056832755976,1.2707381713076629,0.0,-0.04459203068757811
10y,Long CSI1000 / Short CSI300,2020-10-30,1.8130056832755976,1.2707381713076629,0.0,-0.04459203068757811
10y,Long CSI1000 / Short CSI300,2020-11-02,1.8130056832755976,1.2707381713076629,0.0,-0.04459203068757811
10y,Long CSI1000 / Short CSI300,2020-11-03,1.8130056832755976,1.2707381713076629,0.0,-0.04459203068757811
10y,Long CSI1000 / Short CSI300,2020-11-04,1.8130056832755976,1.2707381713076629,0.0,-0.04459203068757811
10y,Long CSI1000 / Short CSI300,2020-11-05,1.8130056832755976,1.2707381713076629,0.0,-0.04459203068757811
10y,Long CSI1000 / Short CSI300,2020-11-06,1.8130056832755976,1.2707381713076629,0.0,-0.04459203068757811
10y,Long CSI1000 / Short CSI300,2020-11-09,1.8130056832755976,1.2707381713076629,0.0,-0.04459203068757811
10y,Long CSI1000 / Short CSI300,2020-11-10,1.8130056832755976,1.2707381713076629,0.0,-0.04459203068757811
10y,Long CSI1000 / Short CSI300,2020-11-11,1.8130056832755976,1.2707381713076629,0.0,-0.04459203068757811
10y,Long CSI1000 / Short CSI300,2020-11-12,1.8130056832755976,1.2707381713076629,0.0,-0.04459203068757811
10y,Long CSI1000 / Short CSI300,2020-11-13,1.8130056832755976,1.2707381713076629,0.0,-0.04459203068757811
10y,Long CSI1000 / Short CSI300,2020-11-16,1.8130056832755976,1.2707381713076629,0.0,-0.04459203068757811
10y,Long CSI1000 / Short CSI300,2020-11-17,1.8130056832755976,1.2707381713076629,0.0,-0.04459203068757811
10y,Long CSI1000 / Short CSI300,2020-11-18,1.8130056832755976,1.2707381713076629,0.0,-0.04459203068757811
10y,Long CSI1000 / Short CSI300,2020-11-19,1.8130056832755976,1.2707381713076629,0.0,-0.04459203068757811
10y,Long CSI1000 / Short CSI300,2020-11-20,1.8130056832755976,1.2707381713076629,0.0,-0.04459203068757811
10y,Long CSI1000 / Short CSI300,2020-11-23,1.8130056832755976,1.2707381713076629,0.0,-0.04459203068757811
10y,Long CSI1000 / Short CSI300,2020-11-24,1.8130056832755976,1.2707381713076629,0.0,-0.04459203068757811
10y,Long CSI1000 / Short CSI300,2020-11-25,1.8130056832755976,1.2707381713076629,0.0,-0.04459203068757811
10y,Long CSI1000 / Short CSI300,2020-11-26,1.8130056832755976,1.2707381713076629,0.0,-0.04459203068757811
10y,Long CSI1000 / Short CSI300,2020-11-27,1.8130056832755976,1.2707381713076629,0.0,-0.04459203068757811
10y,Long CSI1000 / Short CSI300,2020-11-30,1.8130056832755976,1.2707381713076629,0.0,-0.04459203068757811
10y,Long CSI1000 / Short CSI300,2020-12-01,1.8130056832755976,1.2707381713076629,0.0,-0.04459203068757811
10y,Long CSI1000 / Short CSI300,2020-12-02,1.8130056832755976,1.2707381713076629,0.0,-0.04459203068757811
10y,Long CSI1000 / Short CSI300,2020-12-03,1.8130056832755976,1.2707381713076629,0.0,-0.04459203068757811
10y,Long CSI1000 / Short CSI300,2020-12-04,1.8130056832755976,1.2707381713076629,0.0,-0.04459203068757811
10y,Long CSI1000 / Short CSI300,2020-12-07,1.8130056832755976,1.2707381713076629,0.0,-0.04459203068757811
10y,Long CSI1000 / Short CSI300,2020-12-08,1.8130056832755976,1.2707381713076629,0.0,-0.04459203068757811
10y,Long CSI1000 / Short CSI300,2020-12-09,1.8130056832755976,1.2707381713076629,0.0,-0.04459203068757811
10y,Long CSI1000 / Short CSI300,2020-12-10,1.8130056832755976,1.2707381713076629,0.0,-0.04459203068757811
10y,Long CSI1000 / Short CSI300,2020-12-11,1.8130056832755976,1.2707381713076629,0.0,-0.04459203068757811
10y,Long CSI1000 / Short CSI300,2020-12-14,1.8130056832755976,1.2707381713076629,0.0,-0.04459203068757811
10y,Long CSI1000 / Short CSI300,2020-12-15,1.8130056832755976,1.2707381713076629,0.0,-0.04459203068757811
10y,Long CSI1000 / Short CSI300,2020-12-16,1.8130056832755976,1.2707381713076629,0.0,-0.04459203068757811
10y,Long CSI1000 / Short CSI300,2020-12-17,1.8130056832755976,1.2707381713076629,0.0,-0.04459203068757811
10y,Long CSI1000 / Short CSI300,2020-12-18,1.8130056832755976,1.2707381713076629,0.0,-0.04459203068757811
10y,Long CSI1000 / Short CSI300,2020-12-21,1.8130056832755976,1.2707381713076629,0.0,-0.04459203068757811
10y,Long CSI1000 / Short CSI300,2020-12-22,1.8130056832755976,1.2707381713076629,0.0,-0.04459203068757811
10y,Long CSI1000 / Short CSI300,2020-12-23,1.8130056832755976,1.2707381713076629,0.0,-0.04459203068757811
10y,Long CSI1000 / Short CSI300,2020-12-24,1.8130056832755976,1.2707381713076629,0.0,-0.04459203068757811
10y,Long CSI1000 / Short CSI300,2020-12-25,1.8130056832755976,1.2707381713076629,0.0,-0.04459203068757811
10y,Long CSI1000 / Short CSI300,2020-12-28,1.8130056832755976,1.2707381713076629,0.0,-0.04459203068757811
10y,Long CSI1000 / Short CSI300,2020-12-29,1.8130056832755976,1.2707381713076629,0.0,-0.04459203068757811
10y,Long CSI1000 / Short CSI300,2020-12-30,1.8130056832755976,1.2707381713076629,0.0,-0.04459203068757811
10y,Long CSI1000 / Short CSI300,2020-12-31,1.8130056832755976,1.2707381713076629,0.0,-0.04459203068757811
10y,Long CSI1000 / Short CSI300,2021-01-04,1.8130056832755976,1.2707381713076629,0.0,-0.04459203068757811
10y,Long CSI1000 / Short CSI300,2021-01-05,1.8130056832755976,1.2707381713076629,0.0,-0.04459203068757811
10y,Long CSI1000 / Short CSI300,2021-01-06,1.8130056832755976,1.2707381713076629,0.0,-0.04459203068757811
10y,Long CSI1000 / Short CSI300,2021-01-07,1.8130056832755976,1.2707381713076629,0.0,-0.04459203068757811
10y,Long CSI1000 / Short CSI300,2021-01-08,1.8130056832755976,1.2707381713076629,0.0,-0.04459203068757811
10y,Long CSI1000 / Short CSI300,2021-01-11,1.8130056832755976,1.2707381713076629,0.0,-0.04459203068757811
10y,Long CSI1000 / Short CSI300,2021-01-12,1.8130056832755976,1.2707381713076629,0.0,-0.04459203068757811
10y,Long CSI1000 / Short CSI300,2021-01-13,1.8130056832755976,1.2707381713076629,0.0,-0.04459203068757811
10y,Long CSI1000 / Short CSI300,2021-01-14,1.8130056832755976,1.2707381713076629,0.0,-0.04459203068757811
10y,Long CSI1000 / Short CSI300,2021-01-15,1.8130056832755976,1.2707381713076629,0.0,-0.04459203068757811
10y,Long CSI1000 / Short CSI300,2021-01-18,1.8130056832755976,1.2707381713076629,0.0,-0.04459203068757811
10y,Long CSI1000 / Short CSI300,2021-01-19,1.8130056832755976,1.2707381713076629,0.0,-0.04459203068757811
10y,Long CSI1000 / Short CSI300,2021-01-20,1.8130056832755976,1.2707381713076629,0.0,-0.04459203068757811
10y,Long CSI1000 / Short CSI300,2021-01-21,1.8130056832755976,1.2707381713076629,0.0,-0.04459203068757811
10y,Long CSI1000 / Short CSI300,2021-01-22,1.8130056832755976,1.2707381713076629,0.0,-0.04459203068757811
10y,Long CSI1000 / Short CSI300,2021-01-25,1.8130056832755976,1.2707381713076629,0.0,-0.04459203068757811
10y,Long CSI1000 / Short CSI300,2021-01-26,1.8130056832755976,1.2707381713076629,0.0,-0.04459203068757811
10y,Long CSI1000 / Short CSI300,2021-01-27,1.8130056832755976,1.2707381713076629,0.0,-0.04459203068757811
10y,Long CSI1000 / Short CSI300,2021-01-28,1.8130056832755976,1.2707381713076629,0.0,-0.04459203068757811
10y,Long CSI1000 / Short CSI300,2021-01-29,1.8130056832755976,1.2707381713076629,0.0,-0.04459203068757811
10y,Long CSI1000 / Short CSI300,2021-02-01,1.8130056832755976,1.2707381713076629,0.0,-0.04459203068757811
10y,Long CSI1000 / Short CSI300,2021-02-02,1.8130056832755976,1.2707381713076629,0.0,-0.04459203068757811
10y,Long CSI1000 / Short CSI300,2021-02-03,1.8130056832755976,1.2707381713076629,0.0,-0.04459203068757811
10y,Long CSI1000 / Short CSI300,2021-02-04,1.8130056832755976,1.2707381713076629,0.0,-0.04459203068757811
10y,Long CSI1000 / Short CSI300,2021-02-05,1.8130056832755976,1.2707381713076629,0.0,-0.04459203068757811
10y,Long CSI1000 / Short CSI300,2021-02-08,1.8130056832755976,1.2707381713076629,0.0,-0.04459203068757811
10y,Long CSI1000 / Short CSI300,2021-02-09,1.8130056832755976,1.2707381713076629,0.0,-0.04459203068757811
10y,Long CSI1000 / Short CSI300,2021-02-10,1.8130056832755976,1.2707381713076629,0.0,-0.04459203068757811
10y,Long CSI1000 / Short CSI300,2021-02-18,1.8130056832755976,1.2707381713076629,0.0,-0.04459203068757811
10y,Long CSI1000 / Short CSI300,2021-02-19,1.8130056832755976,1.2707381713076629,0.0,-0.04459203068757811
10y,Long CSI1000 / Short CSI300,2021-02-22,1.8130056832755976,1.2707381713076629,0.0,-0.04459203068757811
10y,Long CSI1000 / Short CSI300,2021-02-23,1.8130056832755976,1.2707381713076629,0.0,-0.04459203068757811
10y,Long CSI1000 / Short CSI300,2021-02-24,1.8130056832755976,1.2707381713076629,0.0,-0.04459203068757811
10y,Long CSI1000 / Short CSI300,2021-02-25,1.8130056832755976,1.2707381713076629,0.0,-0.04459203068757811
10y,Long CSI1000 / Short CSI300,2021-02-26,1.8130056832755976,1.2707381713076629,0.0,-0.04459203068757811
10y,Long CSI1000 / Short CSI300,2021-03-01,1.8130056832755976,1.2707381713076629,0.0,-0.04459203068757811
10y,Long CSI1000 / Short CSI300,2021-03-02,1.8130056832755976,1.2707381713076629,0.0,-0.04459203068757811
10y,Long CSI1000 / Short CSI300,2021-03-03,1.8130056832755976,1.2707381713076629,0.0,-0.04459203068757811
10y,Long CSI1000 / Short CSI300,2021-03-04,1.8130056832755976,1.2707381713076629,0.0,-0.04459203068757811
10y,Long CSI1000 / Short CSI300,2021-03-05,1.8130056832755976,1.2707381713076629,0.0,-0.04459203068757811
10y,Long CSI1000 / Short CSI300,2021-03-08,1.8130056832755976,1.2707381713076629,0.0,-0.04459203068757811
10y,Long CSI1000 / Short CSI300,2021-03-09,1.8130056832755976,1.2707381713076629,0.0,-0.04459203068757811
10y,Long CSI1000 / Short CSI300,2021-03-10,1.8130056832755976,1.2707381713076629,0.0,-0.04459203068757811
10y,Long CSI1000 / Short CSI300,2021-03-11,1.8130056832755976,1.2707381713076629,0.0,-0.04459203068757811
10y,Long CSI1000 / Short CSI300,2021-03-12,1.8130056832755976,1.2707381713076629,0.0,-0.04459203068757811
10y,Long CSI1000 / Short CSI300,2021-03-15,1.8130056832755976,1.2707381713076629,0.0,-0.04459203068757811
10y,Long CSI1000 / Short CSI300,2021-03-16,1.8130056832755976,1.2707381713076629,0.0,-0.04459203068757811
10y,Long CSI1000 / Short CSI300,2021-03-17,1.8151210868810097,1.272220860597562,0.0011667936978498,-0.04347726669010876
10y,Long CSI1000 / Short CSI300,2021-03-18,1.810955759119688,1.2693013766537744,-0.0022947933289007,-0.0456722886774501
10y,Long CSI1000 / Short CSI300,2021-03-19,1.828214454083092,1.2813980196368946,0.0095301582473741,-0.03657739456869191
10y,Long CSI1000 / Short CSI300,2021-03-22,1.8349166921727813,1.2860956275111142,0.003666002133787,-0.03304548524144191
10y,Long CSI1000 / Short CSI300,2021-03-23,1.8334085549287304,1.2850385720472153,-0.000821910471731,-0.03384023528280966
10y,Long CSI1000 / Short CSI300,2021-03-24,1.834654253739276,1.2859116840529388,0.0006794442009101,-0.0331837836335197
10y,Long CSI1000 / Short CSI300,2021-03-25,1.8342668279747567,1.2856401368029415,-0.0002111709951502,-0.03338794717605753
10y,Long CSI1000 / Short CSI300,2021-03-26,1.8299690714639896,1.2826278333669419,-0.0023430377986567,-0.035652755752461296
10y,Long CSI1000 / Short CSI300,2021-03-29,1.8320204559012447,1.2840656515340294,0.0011209940480656,-0.03457172823139143
10y,Long CSI1000 / Short CSI300,2021-03-30,1.8198277557403928,1.2755197712598372,-0.0066553297052864,-0.040996971686816264
10y,Long CSI1000 / Short CSI300,2021-03-31,1.8269912096887055,1.2805406459622701,0.0039363362415572,-0.03722201331070385
10y,Long CSI1000 / Short CSI300,2021-04-01,1.821914151616444,1.2769821289924215,-0.0027789176244185,-0.039897494026316815
10y,Long CSI1000 / Short CSI300,2021-04-02,1.816576805236092,1.2732411755902509,-0.0029295268251891,-0.04271014007249818
10y,Long CSI1000 / Short CSI300,2021-04-06,1.828961576890604,1.28192167903792,0.0068176427326466,-0.036183679815927294
10y,Long CSI1000 / Short CSI300,2021-04-07,1.835702203361896,1.2866461933814834,0.0036854937558348,-0.0326315407861173
10y,Long CSI1000 / Short CSI300,2021-04-08,1.8315237091112608,1.2837174810272682,-0.0022762375307841,-0.034833501179076465
10y,Long CSI1000 / Short CSI300,2021-04-09,1.84483549986755,1.2930477334354764,0.0072681509336011,-0.027818525389590842
10y,Long CSI1000 / Short CSI300,2021-04-12,1.841197340081949,1.2904977422492783,-0.0019720781532348,-0.029735743236649848
10y,Long CSI1000 / Short CSI300,2021-04-13,1.837957931225012,1.2882272361361675,-0.0017594033982218,-0.03144282946717225
10y,Long CSI1000 / Short CSI300,2021-04-14,1.8434032775704496,1.2920438868620696,0.0029627154424632,-0.02857327018112643
10y,Long CSI1000 / Short CSI300,2021-04-15,1.8458554687859736,1.2937626310500534,0.0013302521729026,-0.027281027662969137
10y,Long CSI1000 / Short CSI300,2021-04-16,1.853209301866235,1.2989169427473173,0.0039839701453427,-0.023405744317369637
10y,Long CSI1000 / Short CSI300,2021-04-19,1.846615599060116,1.2942954074022897,-0.0035579914257279,-0.026880458305503563
10y,Long CSI1000 / Short CSI300,2021-04-20,1.841843523777056,1.2909506532879054,-0.002584227754541,-0.029395220833636992
10y,Long CSI1000 / Short CSI300,2021-04-21,1.836312189294084,1.2870737333584081,-0.0030031511426273,-0.03231009368523008
10y,Long CSI1000 / Short CSI300,2021-04-22,1.8414838689211976,1.2906985707058973,0.0028163400849076,-0.02958474981231518
10y,Long CSI1000 / Short CSI300,2021-04-23,1.8154749646724375,1.272468894027183,-0.0141238838350491,-0.0432907820777263
10y,Long CSI1000 / Short CSI300,2021-04-26,1.8299703364617852,1.2826287200056328,0.0079843413274294,-0.03565208913073681
10y,Long CSI1000 / Short CSI300,2021-04-27,1.8166288204782188,1.2732776331448357,-0.0072905640696679,-0.04268272936037942
10y,Long CSI1000 / Short CSI300,2021-04-28,1.8166927357929783,1.2733224314766585,3.518347503850272e-05,-0.04264904761208399
10y,Long CSI1000 / Short CSI300,2021-04-29,1.7918953317766555,1.2559418969733425,-0.0136497512913204,-0.05571665001068793
10y,Long CSI1000 / Short CSI300,2021-04-30,1.7909993841107674,1.255313926024856,-0.0005,-0.05618879168568247
10y,Long CSI1000 / Short CSI300,2021-05-06,1.7909993841107674,1.255313926024856,0.0,-0.05618879168568247
10y,Long CSI1000 / Short CSI300,2021-05-07,1.7909993841107674,1.255313926024856,0.0,-0.05618879168568247
10y,Long CSI1000 / Short CSI300,2021-05-10,1.7909993841107674,1.255313926024856,0.0,-0.05618879168568247
10y,Long CSI1000 / Short CSI300,2021-05-11,1.7909993841107674,1.255313926024856,0.0,-0.05618879168568247
10y,Long CSI1000 / Short CSI300,2021-05-12,1.7909993841107674,1.255313926024856,0.0,-0.05618879168568247
10y,Long CSI1000 / Short CSI300,2021-05-13,1.7909993841107674,1.255313926024856,0.0,-0.05618879168568247
10y,Long CSI1000 / Short CSI300,2021-05-14,1.7909993841107674,1.255313926024856,0.0,-0.05618879168568247
10y,Long CSI1000 / Short CSI300,2021-05-17,1.7909993841107674,1.255313926024856,0.0,-0.05618879168568247
10y,Long CSI1000 / Short CSI300,2021-05-18,1.7909993841107674,1.255313926024856,0.0,-0.05618879168568247
10y,Long CSI1000 / Short CSI300,2021-05-19,1.7909993841107674,1.255313926024856,0.0,-0.05618879168568247
10y,Long CSI1000 / Short CSI300,2021-05-20,1.7909993841107674,1.255313926024856,0.0,-0.05618879168568247
10y,Long CSI1000 / Short CSI300,2021-05-21,1.7909993841107674,1.255313926024856,0.0,-0.05618879168568247
10y,Long CSI1000 / Short CSI300,2021-05-24,1.7909993841107674,1.255313926024856,0.0,-0.05618879168568247
10y,Long CSI1000 / Short CSI300,2021-05-25,1.7909993841107674,1.255313926024856,0.0,-0.05618879168568247
10y,Long CSI1000 / Short CSI300,2021-05-26,1.7909993841107674,1.255313926024856,0.0,-0.05618879168568247
10y,Long CSI1000 / Short CSI300,2021-05-27,1.7909993841107674,1.255313926024856,0.0,-0.05618879168568247
10y,Long CSI1000 / Short CSI300,2021-05-28,1.7909993841107674,1.255313926024856,0.0,-0.05618879168568247
10y,Long CSI1000 / Short CSI300,2021-05-31,1.7909993841107674,1.255313926024856,0.0,-0.05618879168568247
10y,Long CSI1000 / Short CSI300,2021-06-01,1.7909993841107674,1.255313926024856,0.0,-0.05618879168568247
10y,Long CSI1000 / Short CSI300,2021-06-02,1.7909993841107674,1.255313926024856,0.0,-0.05618879168568247
10y,Long CSI1000 / Short CSI300,2021-06-03,1.7909993841107674,1.255313926024856,0.0,-0.05618879168568247
10y,Long CSI1000 / Short CSI300,2021-06-04,1.7909993841107674,1.255313926024856,0.0,-0.05618879168568247
10y,Long CSI1000 / Short CSI300,2021-06-07,1.7909993841107674,1.255313926024856,0.0,-0.05618879168568247
10y,Long CSI1000 / Short CSI300,2021-06-08,1.7909993841107674,1.255313926024856,0.0,-0.05618879168568247
10y,Long CSI1000 / Short CSI300,2021-06-09,1.7921811023381182,1.2561421939520208,0.0006598093990621,-0.055566056179496504
10y,Long CSI1000 / Short CSI300,2021-06-10,1.7997917003881625,1.2614764725689516,0.0042465563553344,-0.05155546421317192
10y,Long CSI1000 / Short CSI300,2021-06-11,1.8039932486940895,1.2644213435421567,0.0023344636521109,-0.04934135491833447
10y,Long CSI1000 / Short CSI300,2021-06-15,1.8142179571049144,1.2715878556981757,0.0056678196651935,-0.04395319315485413
10y,Long CSI1000 / Short CSI300,2021-06-16,1.806545392384437,1.2662101445569045,-0.0042291306237103,-0.04799643998338332
10y,Long CSI1000 / Short CSI300,2021-06-17,1.8298134936981096,1.2825187886973448,0.0128798874424969,-0.03573474128551324
10y,Long CSI1000 / Short CSI300,2021-06-18,1.8501062953725511,1.2967420412377888,0.0110900929216719,-0.02504094996522932
10y,Long CSI1000 / Short CSI300,2021-06-21,1.882753462355521,1.3196244853762769,0.0176461033966679,-0.007836721760798748
10y,Long CSI1000 / Short CSI300,2021-06-22,1.8796552350620055,1.3174529336147047,-0.0016455831076468,-0.0094694088914965
10y,Long CSI1000 / Short CSI300,2021-06-23,1.8827103418889524,1.3195942621820866,0.0016253548895341,-0.007859445152005096
10y,Long CSI1000 / Short CSI300,2021-06-24,1.860495813254835,1.3040240685785132,-0.0117992280277321,-0.019565937794217336
10y,Long CSI1000 / Short CSI300,2021-06-25,1.837441738998776,1.2878654362964532,-0.0123913604598376,-0.03171484966611171
10y,Long CSI1000 / Short CSI300,2021-06-28,1.849825621257006,1.2965453163650476,0.0067397414543213,-0.025188858098803002
10y,Long CSI1000 / Short CSI300,2021-06-29,1.8559638867250576,1.3008476350548492,0.0033182941124367,-0.02195414802589446
10y,Long CSI1000 / Short CSI300,2021-06-30,1.8649666863175571,1.3071577096433376,0.0048507407158582,-0.017209901189747523
10y,Long CSI1000 / Short CSI300,2021-07-01,1.8329360992905108,1.284707427242059,-0.0171748842818699,-0.034089207410181066
10y,Long CSI1000 / Short CSI300,2021-07-02,1.87011889405253,1.310768899114905,0.0202859198290719,-0.014494818509668606
10y,Long CSI1000 / Short CSI300,2021-07-05,1.8948394750257227,1.3280955882418704,0.0132187215753023,-0.0014676999045301065
10y,Long CSI1000 / Short CSI300,2021-07-06,1.8883633203109325,1.3235564425153608,-0.003417785411454,-0.004880469032662149
10y,Long CSI1000 / Short CSI300,2021-07-07,1.896874904190321,1.329522223336458,0.0045073867871925,-0.000395080407102677
10y,Long CSI1000 / Short CSI300,2021-07-08,1.9189814447114837,1.3450167279234746,0.0116541899902453,0.0
10y,Long CSI1000 / Short CSI300,2021-07-09,1.937904448711943,1.3582798873945174,0.0098609624666301,0.0
10y,Long CSI1000 / Short CSI300,2021-07-12,1.9518875807407423,1.368080683821877,0.0072155941631144,0.0
10y,Long CSI1000 / Short CSI300,2021-07-13,1.9610257096738928,1.3744856109309336,0.0046816881378397,0.0
10y,Long CSI1000 / Short CSI300,2021-07-14,1.960006597431294,1.3737713137616177,-0.000519683264514,-0.0005196832645139038
10y,Long CSI1000 / Short CSI300,2021-07-15,1.9334049304335623,1.3551261688587297,-0.013572233395844,-0.014084863397800018
10y,Long CSI1000 / Short CSI300,2021-07-16,1.9513384881173477,1.3676958240486465,0.009275634607885,-0.0049398748362948774
10y,Long CSI1000 / Short CSI300,2021-07-19,1.9379822651752816,1.3583344290604553,-0.0068446469043675,-0.011750710041656287
10y,Long CSI1000 / Short CSI300,2021-07-20,1.952613581856769,1.3685895390003562,0.0075497680987106,-0.004289657078755504
10y,Long CSI1000 / Short CSI300,2021-07-21,1.978220336624566,1.3865373485560133,0.0131140923149,0.0
10y,Long CSI1000 / Short CSI300,2021-07-22,1.9879874223876903,1.3933831123702853,0.0049373093493669,0.0
10y,Long CSI1000 / Short CSI300,2021-07-23,1.994387987209504,1.3978692770370793,0.0032196203807595,0.0
10y,Long CSI1000 / Short CSI300,2021-07-26,2.034618004517877,1.4260665513742203,0.0201716103217521,0.0
10y,Long CSI1000 / Short CSI300,2021-07-27,2.0534639329725395,1.439275688489447,0.0092626372187873,0.0
10y,Long CSI1000 / Short CSI300,2021-07-28,2.0066450348362457,1.4064602585384147,-0.0227999612676517,-0.022799961267651825
10y,Long CSI1000 / Short CSI300,2021-07-29,2.0437828892624603,1.4324902316682255,0.0185074359348489,-0.004714494155281024
10y,Long CSI1000 / Short CSI300,2021-07-30,2.07608887431322,1.4551335409222401,0.0158069554356714,0.0
10y,Long CSI1000 / Short CSI300,2021-08-02,2.0635330942000647,1.4463331774112411,-0.0060478047296066,-0.006047804729606754
10y,Long CSI1000 / Short CSI300,2021-08-03,2.037198399176602,1.427875153531471,-0.012761944597584,-0.018732567578294668
10y,Long CSI1000 / Short CSI300,2021-08-04,2.0657897091249806,1.447914841908758,0.0140346222341105,-0.0049608498536203305
10y,Long CSI1000 / Short CSI300,2021-08-05,2.0699750557716063,1.4508483571167263,0.0020260274451646,-0.0029448732264104605
10y,Long CSI1000 / Short CSI300,2021-08-06,2.090942419475609,1.4655444111093583,0.0101292832710908,0.0
10y,Long CSI1000 / Short CSI300,2021-08-09,2.070973044126136,1.451547848523907,-0.0095504185880362,-0.00955041858803607
10y,Long CSI1000 / Short CSI300,2021-08-10,2.0589081007905445,1.4430915131838542,-0.005825736539551,-0.015320516905051096
10y,Long CSI1000 / Short CSI300,2021-08-11,2.0857808092790395,1.4619266314395554,0.0130519222680103,-0.0024685568327911245
10y,Long CSI1000 / Short CSI300,2021-08-12,2.117663351072584,1.4842731487335172,0.0152856626409199,0.0
10y,Long CSI1000 / Short CSI300,2021-08-13,2.125040405611491,1.489443736383011,0.0034835822866607,0.0
10y,Long CSI1000 / Short CSI300,2021-08-16,2.106617314587482,1.4765309666031685,-0.0086695250477872,-0.008669525047787396
10y,Long CSI1000 / Short CSI300,2021-08-17,2.0925940541474235,1.4667020441172913,-0.0066567669139301,-0.015268580954219901
10y,Long CSI1000 / Short CSI300,2021-08-18,2.081066583303016,1.4586224239838568,-0.0055086990338908,-0.02069316997095927
10y,Long CSI1000 / Short CSI300,2021-08-19,2.0800260500113645,1.4578931127718648,-0.0005,-0.02118282338597377
10y,Long CSI1000 / Short CSI300,2021-08-20,2.0800260500113645,1.4578931127718648,0.0,-0.02118282338597377
10y,Long CSI1000 / Short CSI300,2021-08-23,2.0800260500113645,1.4578931127718648,0.0,-0.02118282338597377
10y,Long CSI1000 / Short CSI300,2021-08-24,2.0800260500113645,1.4578931127718648,0.0,-0.02118282338597377
10y,Long CSI1000 / Short CSI300,2021-08-25,2.0800260500113645,1.4578931127718648,0.0,-0.02118282338597377
10y,Long CSI1000 / Short CSI300,2021-08-26,2.0800260500113645,1.4578931127718648,0.0,-0.02118282338597377
10y,Long CSI1000 / Short CSI300,2021-08-27,2.0800260500113645,1.4578931127718648,0.0,-0.02118282338597377
10y,Long CSI1000 / Short CSI300,2021-08-30,2.0978847412761064,1.4704102939859385,0.0085858017329369,-0.012778893174772543
10y,Long CSI1000 / Short CSI300,2021-08-31,2.1014127885198044,1.4728831071404147,0.0016817164328828,-0.01111866721653576
10y,Long CSI1000 / Short CSI300,2021-09-01,2.04124237112192,1.430709579017291,-0.0286333164652848,-0.03943361936473755
10y,Long CSI1000 / Short CSI300,2021-09-02,2.0637994020141326,1.4465198329235627,0.0110506381855157,-0.028818747839166825
10y,Long CSI1000 / Short CSI300,2021-09-03,2.062767502313126,1.4457965730071012,-0.0005,-0.02930433846524705
10y,Long CSI1000 / Short CSI300,2021-09-06,2.062767502313126,1.4457965730071012,0.0,-0.02930433846524705
10y,Long CSI1000 / Short CSI300,2021-09-07,2.062767502313126,1.4457965730071012,0.0,-0.02930433846524705
10y,Long CSI1000 / Short CSI300,2021-09-08,2.062767502313126,1.4457965730071012,0.0,-0.02930433846524705
10y,Long CSI1000 / Short CSI300,2021-09-09,2.062767502313126,1.4457965730071012,0.0,-0.02930433846524705
10y,Long CSI1000 / Short CSI300,2021-09-10,2.062767502313126,1.4457965730071012,0.0,-0.02930433846524705
10y,Long CSI1000 / Short CSI300,2021-09-13,2.062767502313126,1.4457965730071012,0.0,-0.02930433846524705
10y,Long CSI1000 / Short CSI300,2021-09-14,2.062767502313126,1.4457965730071012,0.0,-0.02930433846524705
10y,Long CSI1000 / Short CSI300,2021-09-15,2.062767502313126,1.4457965730071012,0.0,-0.02930433846524705
10y,Long CSI1000 / Short CSI300,2021-09-16,2.062767502313126,1.4457965730071012,0.0,-0.02930433846524705
10y,Long CSI1000 / Short CSI300,2021-09-17,2.062767502313126,1.4457965730071012,0.0,-0.02930433846524705
10y,Long CSI1000 / Short CSI300,2021-09-22,2.062767502313126,1.4457965730071012,0.0,-0.02930433846524705
10y,Long CSI1000 / Short CSI300,2021-09-23,2.062767502313126,1.4457965730071012,0.0,-0.02930433846524705
10y,Long CSI1000 / Short CSI300,2021-09-24,2.062767502313126,1.4457965730071012,0.0,-0.02930433846524705
10y,Long CSI1000 / Short CSI300,2021-09-27,2.062767502313126,1.4457965730071012,0.0,-0.02930433846524705
10y,Long CSI1000 / Short CSI300,2021-09-28,2.062767502313126,1.4457965730071012,0.0,-0.02930433846524705
10y,Long CSI1000 / Short CSI300,2021-09-29,2.062767502313126,1.4457965730071012,0.0,-0.02930433846524705
10y,Long CSI1000 / Short CSI300,2021-09-30,2.062767502313126,1.4457965730071012,0.0,-0.02930433846524705
10y,Long CSI1000 / Short CSI300,2021-10-08,2.062767502313126,1.4457965730071012,0.0,-0.02930433846524705
10y,Long CSI1000 / Short CSI300,2021-10-11,2.062767502313126,1.4457965730071012,0.0,-0.02930433846524705
10y,Long CSI1000 / Short CSI300,2021-10-12,2.062767502313126,1.4457965730071012,0.0,-0.02930433846524705
10y,Long CSI1000 / Short CSI300,2021-10-13,2.062767502313126,1.4457965730071012,0.0,-0.02930433846524705
10y,Long CSI1000 / Short CSI300,2021-10-14,2.062767502313126,1.4457965730071012,0.0,-0.02930433846524705
10y,Long CSI1000 / Short CSI300,2021-10-15,2.062767502313126,1.4457965730071012,0.0,-0.02930433846524705
10y,Long CSI1000 / Short CSI300,2021-10-18,2.062767502313126,1.4457965730071012,0.0,-0.02930433846524705
10y,Long CSI1000 / Short CSI300,2021-10-19,2.062767502313126,1.4457965730071012,0.0,-0.02930433846524705
10y,Long CSI1000 / Short CSI300,2021-10-20,2.062767502313126,1.4457965730071012,0.0,-0.02930433846524705
10y,Long CSI1000 / Short CSI300,2021-10-21,2.062767502313126,1.4457965730071012,0.0,-0.02930433846524705
10y,Long CSI1000 / Short CSI300,2021-10-22,2.062767502313126,1.4457965730071012,0.0,-0.02930433846524705
10y,Long CSI1000 / Short CSI300,2021-10-25,2.062767502313126,1.4457965730071012,0.0,-0.02930433846524705
10y,Long CSI1000 / Short CSI300,2021-10-26,2.062767502313126,1.4457965730071012,0.0,-0.02930433846524705
10y,Long CSI1000 / Short CSI300,2021-10-27,2.062767502313126,1.4457965730071012,0.0,-0.02930433846524705
10y,Long CSI1000 / Short CSI300,2021-10-28,2.062767502313126,1.4457965730071012,0.0,-0.02930433846524705
10y,Long CSI1000 / Short CSI300,2021-10-29,2.062767502313126,1.4457965730071012,0.0,-0.02930433846524705
10y,Long CSI1000 / Short CSI300,2021-11-01,2.062767502313126,1.4457965730071012,0.0,-0.02930433846524705
10y,Long CSI1000 / Short CSI300,2021-11-02,2.062767502313126,1.4457965730071012,0.0,-0.02930433846524705
10y,Long CSI1000 / Short CSI300,2021-11-03,2.062767502313126,1.4457965730071012,0.0,-0.02930433846524705
10y,Long CSI1000 / Short CSI300,2021-11-04,2.065782501379673,1.447909789990181,0.0014616281588527,-0.02788554235267182
10y,Long CSI1000 / Short CSI300,2021-11-05,2.0583537983359967,1.4427030018328193,-0.003596072209303,-0.03138133613807914
10y,Long CSI1000 / Short CSI300,2021-11-08,2.064632361159678,1.4471036551317051,0.0030502835949571,-0.028426774517931963
10y,Long CSI1000 / Short CSI300,2021-11-09,2.079592458776819,1.4575892080805757,0.0072458893401909,-0.021386862440196275
10y,Long CSI1000 / Short CSI300,2021-11-10,2.085556913515437,1.461769702591605,0.0028680882705864,-0.0185801135789192
10y,Long CSI1000 / Short CSI300,2021-11-11,2.077036147125753,1.455797485736441,-0.0040856072229267,-0.022589809755605206
10y,Long CSI1000 / Short CSI300,2021-11-12,2.093483022367739,1.4673251231627986,0.0079184347680927,-0.01485025092248582
10y,Long CSI1000 / Short CSI300,2021-11-15,2.089724975781262,1.4646911031533516,-0.0017951168203058,-0.01661870980757496
10y,Long CSI1000 / Short CSI300,2021-11-16,2.065559764740588,1.4477536735741958,-0.0115638236230775,-0.027990357601594296
10y,Long CSI1000 / Short CSI300,2021-11-17,2.101503858232212,1.4729469380268119,0.0174016235720677,-0.011075811696157345
10y,Long CSI1000 / Short CSI300,2021-11-18,2.119585643696881,1.4856204862717557,0.0086042123567069,-0.0025668979753070698
10y,Long CSI1000 / Short CSI300,2021-11-19,2.12103672810352,1.4866375533236216,0.0006846075840125,-0.001884047709115988
10y,Long CSI1000 / Short CSI300,2021-11-22,2.1502454399331903,1.5071099795267369,0.0137709599473965,0.0
10y,Long CSI1000 / Short CSI300,2021-11-23,2.1482585354718893,1.5057173554632781,-0.0009240361236914,-0.0009240361236915184
10y,Long CSI1000 / Short CSI300,2021-11-24,2.1460585492672988,1.5041753821135464,-0.0010240788844846,-0.0019471687222932799
10y,Long CSI1000 / Short CSI300,2021-11-25,2.151386457476045,1.5079097202882867,0.0024826481134756,0.0
10y,Long CSI1000 / Short CSI300,2021-11-26,2.171571663481191,1.522057558876473,0.009382417526615,0.0
10y,Long CSI1000 / Short CSI300,2021-11-29,2.191643470254121,1.536125915787187,0.009242986133257,0.0
10y,Long CSI1000 / Short CSI300,2021-11-30,2.2154202846524504,1.5527911176267457,0.0108488514309181,0.0
10y,Long CSI1000 / Short CSI300,2021-12-01,2.210432003517186,1.5492948245338625,-0.0022516184264543,-0.0022516184264544936
10y,Long CSI1000 / Short CSI300,2021-12-02,2.18085607755983,1.5285650174447425,-0.0133801564175217,-0.01560164783723772
10y,Long CSI1000 / Short CSI300,2021-12-03,2.1760093019604327,1.5251679057761298,-0.0022224188240888,-0.01778939326548612
10y,Long CSI1000 / Short CSI300,2021-12-06,2.1479041121109232,1.505468939643219,-0.0129159327693078,-0.030475559427370347
10y,Long CSI1000 / Short CSI300,2021-12-07,2.101201020899581,1.4727346789248015,-0.0217435643183547,-0.05155647645917816
10y,Long CSI1000 / Short CSI300,2021-12-08,2.1076907104794675,1.4772833112568304,0.0030885619773344,-0.04862714985472083
10y,Long CSI1000 / Short CSI300,2021-12-09,2.091195289580076,1.4657216481125805,-0.0078263005180866,-0.05607287968470631
10y,Long CSI1000 / Short CSI300,2021-12-10,2.105024542639227,1.475414590558953,0.0066130854100806,-0.04983060901716985
10y,Long CSI1000 / Short CSI300,2021-12-13,2.1039720303679075,1.4746768832636736,-0.0005,-0.05030569371266125
10y,Long CSI1000 / Short CSI300,2021-12-14,2.1039720303679075,1.4746768832636736,0.0,-0.05030569371266125
10y,Long CSI1000 / Short CSI300,2021-12-15,2.1039720303679075,1.4746768832636736,0.0,-0.05030569371266125
10y,Long CSI1000 / Short CSI300,2021-12-16,2.1039720303679075,1.4746768832636736,0.0,-0.05030569371266125
10y,Long CSI1000 / Short CSI300,2021-12-17,2.1039720303679075,1.4746768832636736,0.0,-0.05030569371266125
10y,Long CSI1000 / Short CSI300,2021-12-20,2.1039720303679075,1.4746768832636736,0.0,-0.05030569371266125
10y,Long CSI1000 / Short CSI300,2021-12-21,2.1039720303679075,1.4746768832636736,0.0,-0.05030569371266125
10y,Long CSI1000 / Short CSI300,2021-12-22,2.1039720303679075,1.4746768832636736,0.0,-0.05030569371266125
10y,Long CSI1000 / Short CSI300,2021-12-23,2.1039720303679075,1.4746768832636736,0.0,-0.05030569371266125
10y,Long CSI1000 / Short CSI300,2021-12-24,2.1039720303679075,1.4746768832636736,0.0,-0.05030569371266125
10y,Long CSI1000 / Short CSI300,2021-12-27,2.1039720303679075,1.4746768832636736,0.0,-0.05030569371266125
10y,Long CSI1000 / Short CSI300,2021-12-28,2.1039720303679075,1.4746768832636736,0.0,-0.05030569371266125
10y,Long CSI1000 / Short CSI300,2021-12-29,2.1039720303679075,1.4746768832636736,0.0,-0.05030569371266125
10y,Long CSI1000 / Short CSI300,2021-12-30,2.1039720303679075,1.4746768832636736,0.0,-0.05030569371266125
10y,Long CSI1000 / Short CSI300,2021-12-31,2.110775616118395,1.479445525852421,0.0032336864047085,-0.04723468014579102
10y,Long CSI1000 / Short CSI300,2022-01-04,2.1120198749423644,1.4803176285695774,0.000589479438017,-0.04667304458048116
10y,Long CSI1000 / Short CSI300,2022-01-05,2.0792066318507114,1.4573187814586153,-0.0155364272282469,-0.061484339448082626
10y,Long CSI1000 / Short CSI300,2022-01-06,2.117698708036127,1.4842979304777828,0.0185128671656618,-0.044109723691391656
10y,Long CSI1000 / Short CSI300,2022-01-07,2.0944372684621486,1.4679939555598358,-0.0109843007816489,-0.054609510000618866
10y,Long CSI1000 / Short CSI300,2022-01-10,2.098515788388132,1.4708525957727128,0.0019473106153128,-0.05276854106382711
10y,Long CSI1000 / Short CSI300,2022-01-11,2.096126136757948,1.4691776856659136,-0.0011387341679327,-0.053847185891058635
10y,Long CSI1000 / Short CSI300,2022-01-12,2.1038125970024057,1.4745651361990109,0.0036669836369419,-0.050377659003674524
10y,Long CSI1000 / Short CSI300,2022-01-13,2.103286643853155,1.4741964949149609,-0.00025,-0.05061506458892373
10y,Long CSI1000 / Short CSI300,2022-01-14,2.103286643853155,1.4741964949149609,0.0,-0.05061506458892373
10y,Long CSI1000 / Short CSI300,2022-01-17,2.103286643853155,1.4741964949149609,0.0,-0.05061506458892373
10y,Long CSI1000 / Short CSI300,2022-01-18,2.103286643853155,1.4741964949149609,0.0,-0.05061506458892373
10y,Long CSI1000 / Short CSI300,2022-01-19,2.103286643853155,1.4741964949149609,0.0,-0.05061506458892373
10y,Long CSI1000 / Short CSI300,2022-01-20,2.103286643853155,1.4741964949149609,0.0,-0.05061506458892373
10y,Long CSI1000 / Short CSI300,2022-01-21,2.103286643853155,1.4741964949149609,0.0,-0.05061506458892373
10y,Long CSI1000 / Short CSI300,2022-01-24,2.103286643853155,1.4741964949149609,0.0,-0.05061506458892373
10y,Long CSI1000 / Short CSI300,2022-01-25,2.103286643853155,1.4741964949149609,0.0,-0.05061506458892373
10y,Long CSI1000 / Short CSI300,2022-01-26,2.103286643853155,1.4741964949149609,0.0,-0.05061506458892373
10y,Long CSI1000 / Short CSI300,2022-01-27,2.103286643853155,1.4741964949149609,0.0,-0.05061506458892373
10y,Long CSI1000 / Short CSI300,2022-01-28,2.103286643853155,1.4741964949149609,0.0,-0.05061506458892373
10y,Long CSI1000 / Short CSI300,2022-02-07,2.103286643853155,1.4741964949149609,0.0,-0.05061506458892373
10y,Long CSI1000 / Short CSI300,2022-02-08,2.103286643853155,1.4741964949149609,0.0,-0.05061506458892373
10y,Long CSI1000 / Short CSI300,2022-02-09,2.103286643853155,1.4741964949149609,0.0,-0.05061506458892373
10y,Long CSI1000 / Short CSI300,2022-02-10,2.103286643853155,1.4741964949149609,0.0,-0.05061506458892373
10y,Long CSI1000 / Short CSI300,2022-02-11,2.103286643853155,1.4741964949149609,0.0,-0.05061506458892373
10y,Long CSI1000 / Short CSI300,2022-02-14,2.103286643853155,1.4741964949149609,0.0,-0.05061506458892373
10y,Long CSI1000 / Short CSI300,2022-02-15,2.103286643853155,1.4741964949149609,0.0,-0.05061506458892373
10y,Long CSI1000 / Short CSI300,2022-02-16,2.103286643853155,1.4741964949149609,0.0,-0.05061506458892373
10y,Long CSI1000 / Short CSI300,2022-02-17,2.103286643853155,1.4741964949149609,0.0,-0.05061506458892373
10y,Long CSI1000 / Short CSI300,2022-02-18,2.103286643853155,1.4741964949149609,0.0,-0.05061506458892373
10y,Long CSI1000 / Short CSI300,2022-02-21,2.103286643853155,1.4741964949149609,0.0,-0.05061506458892373
10y,Long CSI1000 / Short CSI300,2022-02-22,2.103286643853155,1.4741964949149609,0.0,-0.05061506458892373
10y,Long CSI1000 / Short CSI300,2022-02-23,2.1161053104599805,1.4831811159301196,0.0060945885071291,-0.04482895407272591
10y,Long CSI1000 / Short CSI300,2022-02-24,2.1114500812331274,1.479918259376873,-0.0021999043260476,-0.046930238988776685
10y,Long CSI1000 / Short CSI300,2022-02-25,2.1131431167071617,1.481104910263894,0.0008018354253704,-0.046166033891548386
10y,Long CSI1000 / Short CSI300,2022-02-28,2.12593351974335,1.4900697213036083,0.0060527859826735,-0.04039268103168925
10y,Long CSI1000 / Short CSI300,2022-03-01,2.118014900263955,1.4845195500441628,-0.0037247728613597,-0.04396700033094458
10y,Long CSI1000 / Short CSI300,2022-03-02,2.12534106713705,1.4896544704588586,0.0034589779666714,-0.0406601032496785
10y,Long CSI1000 / Short CSI300,2022-03-03,2.121301742310546,1.4868233021449924,-0.0019005536988682,-0.04248338023891918
10y,Long CSI1000 / Short CSI300,2022-03-04,2.119546101095344,1.4855927708080758,-0.0008276244629343,-0.04327584441709997
10y,Long CSI1000 / Short CSI300,2022-03-07,2.130963271365483,1.4935950811176457,0.0053866109655451,-0.038122343589634955
10y,Long CSI1000 / Short CSI300,2022-03-08,2.119875257127465,1.4858234767226746,-0.0052032873522556,-0.043127269433652526
10y,Long CSI1000 / Short CSI300,2022-03-09,2.115520950163163,1.482771536996191,-0.0020540392410649,-0.04509272357094063
10y,Long CSI1000 / Short CSI300,2022-03-10,2.130710102982569,1.4934176350506505,0.0071798640510909,-0.0382366191447826
10y,Long CSI1000 / Short CSI300,2022-03-11,2.1356267769002724,1.496863738546482,0.0023075283262705,-0.03601732290028936
10y,Long CSI1000 / Short CSI300,2022-03-14,2.143098454051649,1.5021006473149021,0.0034985875023636,-0.0326447451536932
10y,Long CSI1000 / Short CSI300,2022-03-15,2.1399097268234577,1.4998656640249273,-0.0014879051506768,-0.03408407801991331
10y,Long CSI1000 / Short CSI300,2022-03-16,2.120222594349856,1.4860669258584824,-0.0091999827033948,-0.04297048779506363
10y,Long CSI1000 / Short CSI300,2022-03-17,2.118403841039729,1.4847921591676272,-0.0008578124367568,-0.043791439612976935
10y,Long CSI1000 / Short CSI300,2022-03-18,2.123168117782769,1.48813144727461,0.0022489936294214,-0.0416409326522682
10y,Long CSI1000 / Short CSI300,2022-03-21,2.1360203099449206,1.4971395663975025,0.0060533087580331,-0.03583968931655146
10y,Long CSI1000 / Short CSI300,2022-03-22,2.1277007105305867,1.4913083477514129,-0.0038949065117029,-0.039595003588957844
10y,Long CSI1000 / Short CSI300,2022-03-23,2.1285420136515696,1.4918980182633892,0.000395404822125,-0.03921525482218391
10y,Long CSI1000 / Short CSI300,2022-03-24,2.124688952617789,1.4891974024974435,-0.0018101879169257,-0.04095445575867129
10y,Long CSI1000 / Short CSI300,2022-03-25,2.131517890019068,1.4939838140930197,0.0032140880635092,-0.03787199892256332
10y,Long CSI1000 / Short CSI300,2022-03-28,2.129959384127323,1.4928914551748338,-0.0007311718560009,-0.0385754798388217
10y,Long CSI1000 / Short CSI300,2022-03-29,2.1270835421781134,1.4908757736062541,-0.0013501862855418,-0.039873582040526934
10y,Long CSI1000 / Short CSI300,2022-03-30,2.1184658736315645,1.4848356378963692,-0.0040514010736618,-0.043763439241099156
10y,Long CSI1000 / Short CSI300,2022-03-31,2.1119602471376697,1.4802758353594425,-0.0030709139924649,-0.04669995947564032
10y,Long CSI1000 / Short CSI300,2022-04-01,2.111432257075885,1.4799057664006026,-0.00025,-0.04693828448577142
10y,Long CSI1000 / Short CSI300,2022-04-06,2.111432257075885,1.4799057664006026,0.0,-0.04693828448577142
10y,Long CSI1000 / Short CSI300,2022-04-07,2.111432257075885,1.4799057664006026,0.0,-0.04693828448577142
10y,Long CSI1000 / Short CSI300,2022-04-08,2.111432257075885,1.4799057664006026,0.0,-0.04693828448577142
10y,Long CSI1000 / Short CSI300,2022-04-11,2.111432257075885,1.4799057664006026,0.0,-0.04693828448577142
10y,Long CSI1000 / Short CSI300,2022-04-12,2.111432257075885,1.4799057664006026,0.0,-0.04693828448577142
10y,Long CSI1000 / Short CSI300,2022-04-13,2.111432257075885,1.4799057664006026,0.0,-0.04693828448577142
10y,Long CSI1000 / Short CSI300,2022-04-14,2.111432257075885,1.4799057664006026,0.0,-0.04693828448577142
10y,Long CSI1000 / Short CSI300,2022-04-15,2.111432257075885,1.4799057664006026,0.0,-0.04693828448577142
10y,Long CSI1000 / Short CSI300,2022-04-18,2.111432257075885,1.4799057664006026,0.0,-0.04693828448577142
10y,Long CSI1000 / Short CSI300,2022-04-19,2.111432257075885,1.4799057664006026,0.0,-0.04693828448577142
10y,Long CSI1000 / Short CSI300,2022-04-20,2.111432257075885,1.4799057664006026,0.0,-0.04693828448577142
10y,Long CSI1000 / Short CSI300,2022-04-21,2.111432257075885,1.4799057664006026,0.0,-0.04693828448577142
10y,Long CSI1000 / Short CSI300,2022-04-22,2.111432257075885,1.4799057664006026,0.0,-0.04693828448577142
10y,Long CSI1000 / Short CSI300,2022-04-25,2.111432257075885,1.4799057664006026,0.0,-0.04693828448577142
10y,Long CSI1000 / Short CSI300,2022-04-26,2.111432257075885,1.4799057664006026,0.0,-0.04693828448577142
10y,Long CSI1000 / Short CSI300,2022-04-27,2.111432257075885,1.4799057664006026,0.0,-0.04693828448577142
10y,Long CSI1000 / Short CSI300,2022-04-28,2.111432257075885,1.4799057664006026,0.0,-0.04693828448577142
10y,Long CSI1000 / Short CSI300,2022-04-29,2.111432257075885,1.4799057664006026,0.0,-0.04693828448577142
10y,Long CSI1000 / Short CSI300,2022-05-05,2.111432257075885,1.4799057664006026,0.0,-0.04693828448577142
10y,Long CSI1000 / Short CSI300,2022-05-06,2.111432257075885,1.4799057664006026,0.0,-0.04693828448577142
10y,Long CSI1000 / Short CSI300,2022-05-09,2.111432257075885,1.4799057664006026,0.0,-0.04693828448577142
10y,Long CSI1000 / Short CSI300,2022-05-10,2.111432257075885,1.4799057664006026,0.0,-0.04693828448577142
10y,Long CSI1000 / Short CSI300,2022-05-11,2.111432257075885,1.4799057664006026,0.0,-0.04693828448577142
10y,Long CSI1000 / Short CSI300,2022-05-12,2.111432257075885,1.4799057664006026,0.0,-0.04693828448577142
10y,Long CSI1000 / Short CSI300,2022-05-13,2.111432257075885,1.4799057664006026,0.0,-0.04693828448577142
10y,Long CSI1000 / Short CSI300,2022-05-16,2.111432257075885,1.4799057664006026,0.0,-0.04693828448577142
10y,Long CSI1000 / Short CSI300,2022-05-17,2.111432257075885,1.4799057664006026,0.0,-0.04693828448577142
10y,Long CSI1000 / Short CSI300,2022-05-18,2.111432257075885,1.4799057664006026,0.0,-0.04693828448577142
10y,Long CSI1000 / Short CSI300,2022-05-19,2.111432257075885,1.4799057664006026,0.0,-0.04693828448577142
10y,Long CSI1000 / Short CSI300,2022-05-20,2.104659318352497,1.4751586043552045,-0.003207746164098,-0.04999546454786086
10y,Long CSI1000 / Short CSI300,2022-05-23,2.143441180990385,1.50234086509657,0.0184266699601748,-0.032490044512415106
10y,Long CSI1000 / Short CSI300,2022-05-24,2.1041909970453148,1.4748303573083457,-0.0183117616163996,-0.05020685617879739
10y,Long CSI1000 / Short CSI300,2022-05-25,2.128169284833892,1.4916367721236012,0.0113954901538153,-0.03938349776022132
10y,Long CSI1000 / Short CSI300,2022-05-26,2.131668233401363,1.4940891899759792,0.0016441119568853,-0.03780413668290772
10y,Long CSI1000 / Short CSI300,2022-05-27,2.126565016434538,1.4905123382010343,-0.0023940015087067,-0.04010763503136017
10y,Long CSI1000 / Short CSI300,2022-05-30,2.131537097000551,1.4939972762926979,0.0023380806735685,-0.037863329244120836
10y,Long CSI1000 / Short CSI300,2022-05-31,2.1271163960000417,1.4908988008951274,-0.0020739498302563,-0.039858752429118294
10y,Long CSI1000 / Short CSI300,2022-06-01,2.137629830098976,1.498267681282146,0.004942575835861,-0.03511318149986087
10y,Long CSI1000 / Short CSI300,2022-06-02,2.1576021588391168,1.5122663139031693,0.0093432120280696,-0.02609803937152455
10y,Long CSI1000 / Short CSI300,2022-06-06,2.1712420269266506,1.5218265161630513,0.0063217716165395,-0.01994125359953114
10y,Long CSI1000 / Short CSI300,2022-06-07,2.162124971693914,1.5154363596395335,-0.0041990045880059,-0.02405652477218212
10y,Long CSI1000 / Short CSI300,2022-06-08,2.144868501207308,1.5033412757952536,-0.0079812548823607,-0.031845778398752245
10y,Long CSI1000 / Short CSI300,2022-06-09,2.128669414214208,1.4919873134925683,-0.0075524849117705,-0.039157748549662474
10y,Long CSI1000 / Short CSI300,2022-06-10,2.141254579534202,1.500808273135364,0.0059122216141016,-0.033477036222895995
10y,Long CSI1000 / Short CSI300,2022-06-13,2.182009719533044,1.529373606686855,0.0190332996311479,-0.01508091505294129
10y,Long CSI1000 / Short CSI300,2022-06-14,2.1618797803403216,1.5152645046833364,-0.0092254122484066,-0.02416719964290126
10y,Long CSI1000 / Short CSI300,2022-06-15,2.129950306647104,1.4928850927564916,-0.0147693104785833,-0.03857957724656058
10y,Long CSI1000 / Short CSI300,2022-06-16,2.1579177401267744,1.5124875052607454,0.0131305567986212,-0.02595559177824225
10y,Long CSI1000 / Short CSI300,2022-06-17,2.153161942422748,1.5091541601238427,-0.0022038827595658,-0.028102271456573513
10y,Long CSI1000 / Short CSI300,2022-06-20,2.165935034684303,1.518106838017862,0.0059322487593214,-0.022336732362234546
10y,Long CSI1000 / Short CSI300,2022-06-21,2.146332983560083,1.5043677334859515,-0.0090501565422425,-0.03118473797995669
10y,Long CSI1000 / Short CSI300,2022-06-22,2.145940202610178,1.504092432779169,-0.0001830009383042,-0.031362032081949875
10y,Long CSI1000 / Short CSI300,2022-06-23,2.158190715294804,1.512678833930608,0.0057086924741545,-0.025832375804315744
10y,Long CSI1000 / Short CSI300,2022-06-24,2.160059164940521,1.513988432851274,0.0008657481623266,-0.024988991973870167
10y,Long CSI1000 / Short CSI300,2022-06-27,2.157969506164631,1.5125237881477152,-0.0009674081200213,-0.02593222554014496
10y,Long CSI1000 / Short CSI300,2022-06-28,2.159161675668881,1.5133593813892003,0.0005524496527147,-0.0253941021364239
10y,Long CSI1000 / Short CSI300,2022-06-29,2.137573826059465,1.4982284279740015,-0.0099982552731854,-0.03513846069401583
10y,Long CSI1000 / Short CSI300,2022-06-30,2.136103197822724,1.4971976626247976,-0.0006879894480423,-0.03580227525188062
10y,Long CSI1000 / Short CSI300,2022-07-01,2.1445359017218157,1.503108156359462,0.0039477043560847,-0.03199590769376515
10y,Long CSI1000 / Short CSI300,2022-07-04,2.1554775588149164,1.5107771788307216,0.0051021095446881,-0.027057044775112726
10y,Long CSI1000 / Short CSI300,2022-07-05,2.146295039000264,1.5043411380919052,-0.0042600860199635,-0.031201865456888078
10y,Long CSI1000 / Short CSI300,2022-07-06,2.152714238671974,1.5088403639505632,0.0029908281736981,-0.02830435670147058
10y,Long CSI1000 / Short CSI300,2022-07-07,2.170352591534804,1.5212031096763772,0.0081935412262199,-0.020342728388765496
10y,Long CSI1000 / Short CSI300,2022-07-08,2.164849224415153,1.5173457921102098,-0.0025357018675749,-0.022826847161973585
10y,Long CSI1000 / Short CSI300,2022-07-11,2.168020780320476,1.519568739996423,0.0014650239238622,-0.02139526511530998
10y,Long CSI1000 / Short CSI300,2022-07-12,2.1524081356651674,1.5086258159330421,-0.0072013353363709,-0.02844252597297503
10y,Long CSI1000 / Short CSI300,2022-07-13,2.1586865652955973,1.513026375876595,0.0029169326794473,-0.025608558227024347
10y,Long CSI1000 / Short CSI300,2022-07-14,2.1721082001151064,1.5224336181394476,0.006217500509469,-0.01955027894137873
10y,Long CSI1000 / Short CSI300,2022-07-15,2.1874372321014066,1.5331777576939327,0.0070572138098313,-0.012631035630078613
10y,Long CSI1000 / Short CSI300,2022-07-18,2.1969306416637977,1.5398317014835583,0.0043399689019971,-0.008345885029915845
10y,Long CSI1000 / Short CSI300,2022-07-19,2.226487721510092,1.5605482993075737,0.0134538065452578,0.0
10y,Long CSI1000 / Short CSI300,2022-07-20,2.2508749817618305,1.577641363483472,0.0109532426413734,0.0
10y,Long CSI1000 / Short CSI300,2022-07-21,2.265100648806796,1.5876121530364815,0.0063200609364055,0.0
10y,Long CSI1000 / Short CSI300,2022-07-22,2.250915877165609,1.5776700271280992,-0.0062623140603746,-0.006262314060374807
10y,Long CSI1000 / Short CSI300,2022-07-25,2.2433972499127983,1.5724002109691564,-0.0033402524408325,-0.009581648791381792
10y,Long CSI1000 / Short CSI300,2022-07-26,2.247165289691832,1.5750412352209795,0.0016796132647396,-0.007918128991050377
10y,Long CSI1000 / Short CSI300,2022-07-27,2.2643051800874816,1.587054607919531,0.0076273385292452,-0.00035118471213779756
10y,Long CSI1000 / Short CSI300,2022-07-28,2.272228670068943,1.5926081929205584,0.0034993030317386,0.0
10y,Long CSI1000 / Short CSI300,2022-07-29,2.2913897811438493,1.6060382419668238,0.008432738890811,0.0
10y,Long CSI1000 / Short CSI300,2022-08-01,2.295835346877923,1.6091541450902704,0.0019401176398084,0.0
10y,Long CSI1000 / Short CSI300,2022-08-02,2.282384690551175,1.599726561613169,-0.005858719940452,-0.005858719940452062
10y,Long CSI1000 / Short CSI300,2022-08-03,2.290604806622405,1.605488052247561,0.0036015471472713,-0.0022782732492689917
10y,Long CSI1000 / Short CSI300,2022-08-04,2.285634004970141,1.602004010548299,-0.0021700826078303,-0.0044434118159452085
10y,Long CSI1000 / Short CSI300,2022-08-05,2.290849560818996,1.6056596007998158,0.0022818858301519,-0.002171665344253615
10y,Long CSI1000 / Short CSI300,2022-08-08,2.307229312755666,1.6171401914093673,0.0071500775157028,0.0
10y,Long CSI1000 / Short CSI300,2022-08-09,2.309969218429059,1.6190605950556882,0.0011875307141104,0.0
10y,Long CSI1000 / Short CSI300,2022-08-10,2.323810877735882,1.6287622330580784,0.0059921401533811,0.0
10y,Long CSI1000 / Short CSI300,2022-08-11,2.31360227861461,1.6216070119252133,-0.004393042144298,-0.004393042144298032
10y,Long CSI1000 / Short CSI300,2022-08-12,2.293509261219024,1.6075237884599736,-0.0086847327137046,-0.013039622461179401
10y,Long CSI1000 / Short CSI300,2022-08-15,2.303118511774134,1.6142589253603588,0.004189758776035,-0.008904496557787356
10y,Long CSI1000 / Short CSI300,2022-08-16,2.3117935328388555,1.6203392595289328,0.0037666411955669,-0.00517139540578071
10y,Long CSI1000 / Short CSI300,2022-08-17,2.291036030169113,1.605790297423196,-0.0089789604369437,-0.014103922087972065
10y,Long CSI1000 / Short CSI300,2022-08-18,2.318416519258325,1.624981319798742,0.0119511385803874,-0.0023213414349850803
10y,Long CSI1000 / Short CSI300,2022-08-19,2.2974614703658647,1.6102938972744192,-0.0090385177634791,-0.01133887771266906
10y,Long CSI1000 / Short CSI300,2022-08-22,2.297879428550148,1.610586844739327,0.0001819217382637,-0.011159018762748607
10y,Long CSI1000 / Short CSI300,2022-08-23,2.305677468924616,1.6160525019386642,0.0033935811764453,-0.007803306622324535
10y,Long CSI1000 / Short CSI300,2022-08-24,2.285010958250769,1.6015673162477146,-0.0089633137992565,-0.016696676935653132
10y,Long CSI1000 / Short CSI300,2022-08-25,2.2844397055112067,1.6011669244186528,-0.00025,-0.016942502766419176
10y,Long CSI1000 / Short CSI300,2022-08-26,2.2844397055112067,1.6011669244186528,0.0,-0.016942502766419176
10y,Long CSI1000 / Short CSI300,2022-08-29,2.2844397055112067,1.6011669244186528,0.0,-0.016942502766419176
10y,Long CSI1000 / Short CSI300,2022-08-30,2.2844397055112067,1.6011669244186528,0.0,-0.016942502766419176
10y,Long CSI1000 / Short CSI300,2022-08-31,2.2844397055112067,1.6011669244186528,0.0,-0.016942502766419176
10y,Long CSI1000 / Short CSI300,2022-09-01,2.2844397055112067,1.6011669244186528,0.0,-0.016942502766419176
10y,Long CSI1000 / Short CSI300,2022-09-02,2.2844397055112067,1.6011669244186528,0.0,-0.016942502766419176
10y,Long CSI1000 / Short CSI300,2022-09-05,2.2844397055112067,1.6011669244186528,0.0,-0.016942502766419176
10y,Long CSI1000 / Short CSI300,2022-09-06,2.2844397055112067,1.6011669244186528,0.0,-0.016942502766419176
10y,Long CSI1000 / Short CSI300,2022-09-07,2.2844397055112067,1.6011669244186528,0.0,-0.016942502766419176
10y,Long CSI1000 / Short CSI300,2022-09-08,2.2844397055112067,1.6011669244186528,0.0,-0.016942502766419176
10y,Long CSI1000 / Short CSI300,2022-09-09,2.2844397055112067,1.6011669244186528,0.0,-0.016942502766419176
10y,Long CSI1000 / Short CSI300,2022-09-13,2.2844397055112067,1.6011669244186528,0.0,-0.016942502766419176
10y,Long CSI1000 / Short CSI300,2022-09-14,2.2844397055112067,1.6011669244186528,0.0,-0.016942502766419176
10y,Long CSI1000 / Short CSI300,2022-09-15,2.2844397055112067,1.6011669244186528,0.0,-0.016942502766419176
10y,Long CSI1000 / Short CSI300,2022-09-16,2.2844397055112067,1.6011669244186528,0.0,-0.016942502766419176
10y,Long CSI1000 / Short CSI300,2022-09-19,2.2844397055112067,1.6011669244186528,0.0,-0.016942502766419176
10y,Long CSI1000 / Short CSI300,2022-09-20,2.2844397055112067,1.6011669244186528,0.0,-0.016942502766419176
10y,Long CSI1000 / Short CSI300,2022-09-21,2.2844397055112067,1.6011669244186528,0.0,-0.016942502766419176
10y,Long CSI1000 / Short CSI300,2022-09-22,2.2844397055112067,1.6011669244186528,0.0,-0.016942502766419176
10y,Long CSI1000 / Short CSI300,2022-09-23,2.2844397055112067,1.6011669244186528,0.0,-0.016942502766419176
10y,Long CSI1000 / Short CSI300,2022-09-26,2.2844397055112067,1.6011669244186528,0.0,-0.016942502766419176
10y,Long CSI1000 / Short CSI300,2022-09-27,2.2844397055112067,1.6011669244186528,0.0,-0.016942502766419176
10y,Long CSI1000 / Short CSI300,2022-09-28,2.2844397055112067,1.6011669244186528,0.0,-0.016942502766419176
10y,Long CSI1000 / Short CSI300,2022-09-29,2.2844397055112067,1.6011669244186528,0.0,-0.016942502766419176
10y,Long CSI1000 / Short CSI300,2022-09-30,2.2844397055112067,1.6011669244186528,0.0,-0.016942502766419176
10y,Long CSI1000 / Short CSI300,2022-10-10,2.2844397055112067,1.6011669244186528,0.0,-0.016942502766419176
10y,Long CSI1000 / Short CSI300,2022-10-11,2.2844397055112067,1.6011669244186528,0.0,-0.016942502766419176
10y,Long CSI1000 / Short CSI300,2022-10-12,2.2844397055112067,1.6011669244186528,0.0,-0.016942502766419176
10y,Long CSI1000 / Short CSI300,2022-10-13,2.2844397055112067,1.6011669244186528,0.0,-0.016942502766419176
10y,Long CSI1000 / Short CSI300,2022-10-14,2.2844397055112067,1.6011669244186528,0.0,-0.016942502766419176
10y,Long CSI1000 / Short CSI300,2022-10-17,2.2844397055112067,1.6011669244186528,0.0,-0.016942502766419176
10y,Long CSI1000 / Short CSI300,2022-10-18,2.2844397055112067,1.6011669244186528,0.0,-0.016942502766419176
10y,Long CSI1000 / Short CSI300,2022-10-19,2.2844397055112067,1.6011669244186528,0.0,-0.016942502766419176
10y,Long CSI1000 / Short CSI300,2022-10-20,2.284850887071232,1.601455122138319,0.000179992301409,-0.016765559985074674
10y,Long CSI1000 / Short CSI300,2022-10-21,2.2925605817022565,1.6068588576848442,0.003374265985868,-0.013447865457998476
10y,Long CSI1000 / Short CSI300,2022-10-24,2.316645784887674,1.6237402096484599,0.0105058088225236,-0.0030833373390476426
10y,Long CSI1000 / Short CSI300,2022-10-25,2.311605391618402,1.6202073910893398,-0.0021757289362717,-0.005252357769050531
10y,Long CSI1000 / Short CSI300,2022-10-26,2.342024095156151,1.64152790214106,0.0131591246706914,0.0
10y,Long CSI1000 / Short CSI300,2022-10-27,2.3477078036470576,1.6455116212218142,0.0024268360443695,0.0
10y,Long CSI1000 / Short CSI300,2022-10-28,2.3246648644148147,1.6293607934932268,-0.009815079711558,-0.00981507971155815
10y,Long CSI1000 / Short CSI300,2022-10-31,2.36609251808836,1.6583974928021752,0.0178209144499517,0.0
10y,Long CSI1000 / Short CSI300,2022-11-01,2.3378420135253024,1.6385966753871306,-0.011939729468348,-0.011939729468347982
10y,Long CSI1000 / Short CSI300,2022-11-02,2.340487692073782,1.6404510351122963,0.0011316755080852,-0.010821565859675197
10y,Long CSI1000 / Short CSI300,2022-11-03,2.374984758538751,1.6646300763362447,0.0147392642062573,0.0
10y,Long CSI1000 / Short CSI300,2022-11-04,2.349798599171661,1.646977062674106,-0.0106047667365181,-0.010604766736518334
10y,Long CSI1000 / Short CSI300,2022-11-07,2.3461387390545325,1.6444118616957621,-0.0015575207672772,-0.012145770359371144
10y,Long CSI1000 / Short CSI300,2022-11-08,2.3558168981106444,1.6511952966590595,0.0041251435369129,-0.008070729868556947
10y,Long CSI1000 / Short CSI300,2022-11-09,2.371320583422743,1.6620618509692648,0.0065810230517202,-0.0015428204761458453
10y,Long CSI1000 / Short CSI300,2022-11-10,2.363686240783932,1.656710929737484,-0.0032194477170992,-0.004757301163385352
10y,Long CSI1000 / Short CSI300,2022-11-11,2.3135684704137947,1.6215833157108686,-0.0212032246519806,-0.025859655690061545
10y,Long CSI1000 / Short CSI300,2022-11-14,2.2949307107343464,1.6085200843758491,-0.0080558496183668,-0.03370718381100646
10y,Long CSI1000 / Short CSI300,2022-11-15,2.304376860360963,1.6151409036116378,0.0041160936068496,-0.029729832127946332
10y,Long CSI1000 / Short CSI300,2022-11-16,2.3059914363682186,1.6162725621507277,0.0007006562316385,-0.029050006288453667
10y,Long CSI1000 / Short CSI300,2022-11-17,2.3048384406500344,1.6154644258696522,-0.0005,-0.029535481285309473
10y,Long CSI1000 / Short CSI300,2022-11-18,2.3048384406500344,1.6154644258696522,0.0,-0.029535481285309473
10y,Long CSI1000 / Short CSI300,2022-11-21,2.3048384406500344,1.6154644258696522,0.0,-0.029535481285309473
10y,Long CSI1000 / Short CSI300,2022-11-22,2.3048384406500344,1.6154644258696522,0.0,-0.029535481285309473
10y,Long CSI1000 / Short CSI300,2022-11-23,2.3048384406500344,1.6154644258696522,0.0,-0.029535481285309473
10y,Long CSI1000 / Short CSI300,2022-11-24,2.3048384406500344,1.6154644258696522,0.0,-0.029535481285309473
10y,Long CSI1000 / Short CSI300,2022-11-25,2.3048384406500344,1.6154644258696522,0.0,-0.029535481285309473
10y,Long CSI1000 / Short CSI300,2022-11-28,2.3048384406500344,1.6154644258696522,0.0,-0.029535481285309473
10y,Long CSI1000 / Short CSI300,2022-11-29,2.3048384406500344,1.6154644258696522,0.0,-0.029535481285309473
10y,Long CSI1000 / Short CSI300,2022-11-30,2.3048384406500344,1.6154644258696522,0.0,-0.029535481285309473
10y,Long CSI1000 / Short CSI300,2022-12-01,2.3048384406500344,1.6154644258696522,0.0,-0.029535481285309473
10y,Long CSI1000 / Short CSI300,2022-12-02,2.3048384406500344,1.6154644258696522,0.0,-0.029535481285309473
10y,Long CSI1000 / Short CSI300,2022-12-05,2.3048384406500344,1.6154644258696522,0.0,-0.029535481285309473
10y,Long CSI1000 / Short CSI300,2022-12-06,2.3048384406500344,1.6154644258696522,0.0,-0.029535481285309473
10y,Long CSI1000 / Short CSI300,2022-12-07,2.3048384406500344,1.6154644258696522,0.0,-0.029535481285309473
10y,Long CSI1000 / Short CSI300,2022-12-08,2.3048384406500344,1.6154644258696522,0.0,-0.029535481285309473
10y,Long CSI1000 / Short CSI300,2022-12-09,2.3048384406500344,1.6154644258696522,0.0,-0.029535481285309473
10y,Long CSI1000 / Short CSI300,2022-12-12,2.3048384406500344,1.6154644258696522,0.0,-0.029535481285309473
10y,Long CSI1000 / Short CSI300,2022-12-13,2.3048384406500344,1.6154644258696522,0.0,-0.029535481285309473
10y,Long CSI1000 / Short CSI300,2022-12-14,2.3048384406500344,1.6154644258696522,0.0,-0.029535481285309473
10y,Long CSI1000 / Short CSI300,2022-12-15,2.3048384406500344,1.6154644258696522,0.0,-0.029535481285309473
10y,Long CSI1000 / Short CSI300,2022-12-16,2.3048384406500344,1.6154644258696522,0.0,-0.029535481285309473
10y,Long CSI1000 / Short CSI300,2022-12-19,2.3048384406500344,1.6154644258696522,0.0,-0.029535481285309473
10y,Long CSI1000 / Short CSI300,2022-12-20,2.3048384406500344,1.6154644258696522,0.0,-0.029535481285309473
10y,Long CSI1000 / Short CSI300,2022-12-21,2.3048384406500344,1.6154644258696522,0.0,-0.029535481285309473
10y,Long CSI1000 / Short CSI300,2022-12-22,2.3048384406500344,1.6154644258696522,0.0,-0.029535481285309473
10y,Long CSI1000 / Short CSI300,2022-12-23,2.3048384406500344,1.6154644258696522,0.0,-0.029535481285309473
10y,Long CSI1000 / Short CSI300,2022-12-26,2.3048384406500344,1.6154644258696522,0.0,-0.029535481285309473
10y,Long CSI1000 / Short CSI300,2022-12-27,2.3048384406500344,1.6154644258696522,0.0,-0.029535481285309473
10y,Long CSI1000 / Short CSI300,2022-12-28,2.3048384406500344,1.6154644258696522,0.0,-0.029535481285309473
10y,Long CSI1000 / Short CSI300,2022-12-29,2.3048384406500344,1.6154644258696522,0.0,-0.029535481285309473
10y,Long CSI1000 / Short CSI300,2022-12-30,2.3048384406500344,1.6154644258696522,0.0,-0.029535481285309473
10y,Long CSI1000 / Short CSI300,2023-01-03,2.3048384406500344,1.6154644258696522,0.0,-0.029535481285309473
10y,Long CSI1000 / Short CSI300,2023-01-04,2.3048384406500344,1.6154644258696522,0.0,-0.029535481285309473
10y,Long CSI1000 / Short CSI300,2023-01-05,2.3048384406500344,1.6154644258696522,0.0,-0.029535481285309473
10y,Long CSI1000 / Short CSI300,2023-01-06,2.3048384406500344,1.6154644258696522,0.0,-0.029535481285309473
10y,Long CSI1000 / Short CSI300,2023-01-09,2.3048384406500344,1.6154644258696522,0.0,-0.029535481285309473
10y,Long CSI1000 / Short CSI300,2023-01-10,2.3048384406500344,1.6154644258696522,0.0,-0.029535481285309473
10y,Long CSI1000 / Short CSI300,2023-01-11,2.3048384406500344,1.6154644258696522,0.0,-0.029535481285309473
10y,Long CSI1000 / Short CSI300,2023-01-12,2.3048384406500344,1.6154644258696522,0.0,-0.029535481285309473
10y,Long CSI1000 / Short CSI300,2023-01-13,2.3048384406500344,1.6154644258696522,0.0,-0.029535481285309473
10y,Long CSI1000 / Short CSI300,2023-01-16,2.3048384406500344,1.6154644258696522,0.0,-0.029535481285309473
10y,Long CSI1000 / Short CSI300,2023-01-17,2.3048384406500344,1.6154644258696522,0.0,-0.029535481285309473
10y,Long CSI1000 / Short CSI300,2023-01-18,2.3048384406500344,1.6154644258696522,0.0,-0.029535481285309473
10y,Long CSI1000 / Short CSI300,2023-01-19,2.3048384406500344,1.6154644258696522,0.0,-0.029535481285309473
10y,Long CSI1000 / Short CSI300,2023-01-20,2.3048384406500344,1.6154644258696522,0.0,-0.029535481285309473
10y,Long CSI1000 / Short CSI300,2023-01-30,2.3048384406500344,1.6154644258696522,0.0,-0.029535481285309473
10y,Long CSI1000 / Short CSI300,2023-01-31,2.3048384406500344,1.6154644258696522,0.0,-0.029535481285309473
10y,Long CSI1000 / Short CSI300,2023-02-01,2.3048384406500344,1.6154644258696522,0.0,-0.029535481285309473
10y,Long CSI1000 / Short CSI300,2023-02-02,2.3048384406500344,1.6154644258696522,0.0,-0.029535481285309473
10y,Long CSI1000 / Short CSI300,2023-02-03,2.3048384406500344,1.6154644258696522,0.0,-0.029535481285309473
10y,Long CSI1000 / Short CSI300,2023-02-06,2.3232111314515635,1.6283418700643968,0.007971357331383,-0.02179956182920606
10y,Long CSI1000 / Short CSI300,2023-02-07,2.3301109883694195,1.6331779892464613,0.002969965503542,-0.01889434027228898
10y,Long CSI1000 / Short CSI300,2023-02-08,2.324704113174489,1.6293883030027418,-0.0023204367611324,-0.021170933911676015
10y,Long CSI1000 / Short CSI300,2023-02-09,2.3344211064103457,1.6361989568959125,0.0041798838745925,-0.017079542082351074
10y,Long CSI1000 / Short CSI300,2023-02-10,2.340394929792409,1.640386017901989,0.0025590170366689,-0.014564231884849566
10y,Long CSI1000 / Short CSI300,2023-02-13,2.3448776124197224,1.6435279363068407,0.001915353075778,-0.01267677445540849
10y,Long CSI1000 / Short CSI300,2023-02-14,2.346988619544541,1.645007544097459,0.0009002632434365,-0.011787923646059406
10y,Long CSI1000 / Short CSI300,2023-02-15,2.36000311736351,1.6541294234779385,0.0055451899981919,-0.0063080999241691416
10y,Long CSI1000 / Short CSI300,2023-02-16,2.330832486253527,1.6336836881035086,-0.0123604205839233,-0.01859054973994423
10y,Long CSI1000 / Short CSI300,2023-02-17,2.3455599627465937,1.6440061965873012,0.0063185478063845,-0.012389467210838556
10y,Long CSI1000 / Short CSI300,2023-02-20,2.319661152301472,1.6258536848066334,-0.0110416322142518,-0.02329429948481765
10y,Long CSI1000 / Short CSI300,2023-02-21,2.323923982693952,1.6288415084783983,0.001837695297975,-0.021499412011475316
10y,Long CSI1000 / Short CSI300,2023-02-22,2.347757179574956,1.6455462288774343,0.0102555836845299,-0.011464317345997288
10y,Long CSI1000 / Short CSI300,2023-02-23,2.339024220641016,1.6394252859768197,-0.0037197027912064,-0.015141376283972496
10y,Long CSI1000 / Short CSI300,2023-02-24,2.3561091768749582,1.6514001552460469,0.007304309242792,-0.007947664335920313
10y,Long CSI1000 / Short CSI300,2023-02-27,2.35192388976318,1.6484666817661349,-0.001776355337374,-0.009709901797331777
10y,Long CSI1000 / Short CSI300,2023-02-28,2.354908272160633,1.650558439483833,0.0012689111286475,-0.008453311671132613
10y,Long CSI1000 / Short CSI300,2023-03-01,2.346386170830132,1.6445852869668185,-0.0036188676354183,-0.012041587890532224
10y,Long CSI1000 / Short CSI300,2023-03-02,2.340813651427426,1.6406795004705637,-0.0023749370295405,-0.014387926907096893
10y,Long CSI1000 / Short CSI300,2023-03-03,2.3320911789132666,1.634565907515963,-0.003726256683799,-0.01806057048209242
10y,Long CSI1000 / Short CSI300,2023-03-06,2.354108738184637,1.6499980450228957,0.0094411228302107,-0.008789959716187123
10y,Long CSI1000 / Short CSI300,2023-03-07,2.34070381572634,1.64060251647695,-0.0056942664715795,-0.014434173814868223
10y,Long CSI1000 / Short CSI300,2023-03-08,2.3616339283195265,1.6552724611148932,0.0089418030818613,-0.00562143827290873
10y,Long CSI1000 / Short CSI300,2023-03-09,2.3654723688094768,1.6579628293216053,0.0016253325479116,-0.004005242431587952
10y,Long CSI1000 / Short CSI300,2023-03-10,2.364748095425969,1.6574551851132193,-0.0003061855184011,-0.004310201602759078
10y,Long CSI1000 / Short CSI300,2023-03-13,2.3583999809943634,1.6530057829968974,-0.002684478081993,-0.006983109043020352
10y,Long CSI1000 / Short CSI300,2023-03-14,2.3546007392407744,1.6503428892382916,-0.0016109403766138,-0.00858280004732248
10y,Long CSI1000 / Short CSI300,2023-03-15,2.3643977993693635,1.6572096621264503,0.0041608158722264,-0.004457695625761149
10y,Long CSI1000 / Short CSI300,2023-03-16,2.358142616803376,1.6528253960822659,-0.0026455711334429,-0.007091473608334842
10y,Long CSI1000 / Short CSI300,2023-03-17,2.360454434610679,1.6544457523558,0.0009803553825921,-0.006118070390065178
10y,Long CSI1000 / Short CSI300,2023-03-20,2.366443104370717,1.6586432192085718,0.002537083398954,-0.003596509045931451
10y,Long CSI1000 / Short CSI300,2023-03-21,2.371335672912648,1.662072427213446,0.0020674777825397,-0.0015364669659387875
10y,Long CSI1000 / Short CSI300,2023-03-22,2.371944542539516,1.66249918477044,0.0002567623107192,-0.0012800991620280922
10y,Long CSI1000 / Short CSI300,2023-03-23,2.358450665618439,1.6530413079194641,-0.0056889512714447,-0.006961768011717551
10y,Long CSI1000 / Short CSI300,2023-03-24,2.35727144028563,1.6522147872655046,-0.0005,-0.007458287127711571
10y,Long CSI1000 / Short CSI300,2023-03-27,2.35727144028563,1.6522147872655046,0.0,-0.007458287127711571
10y,Long CSI1000 / Short CSI300,2023-03-28,2.342679791821945,1.641987480833896,-0.006190058647602,-0.013602178540582321
10y,Long CSI1000 / Short CSI300,2023-03-29,2.332257799387069,1.6346826920346964,-0.0044487481691939,-0.01799041404289703
10y,Long CSI1000 / Short CSI300,2023-03-30,2.331091670487376,1.6338653506886796,-0.0005,-0.018481418835875285
10y,Long CSI1000 / Short CSI300,2023-03-31,2.331091670487376,1.6338653506886796,0.0,-0.018481418835875285
10y,Long CSI1000 / Short CSI300,2023-04-03,2.331091670487376,1.6338653506886796,0.0,-0.018481418835875285
10y,Long CSI1000 / Short CSI300,2023-04-04,2.331091670487376,1.6338653506886796,0.0,-0.018481418835875285
10y,Long CSI1000 / Short CSI300,2023-04-06,2.331091670487376,1.6338653506886796,0.0,-0.018481418835875285
10y,Long CSI1000 / Short CSI300,2023-04-07,2.331091670487376,1.6338653506886796,0.0,-0.018481418835875285
10y,Long CSI1000 / Short CSI300,2023-04-10,2.331091670487376,1.6338653506886796,0.0,-0.018481418835875285
10y,Long CSI1000 / Short CSI300,2023-04-11,2.331091670487376,1.6338653506886796,0.0,-0.018481418835875285
10y,Long CSI1000 / Short CSI300,2023-04-12,2.331091670487376,1.6338653506886796,0.0,-0.018481418835875285
10y,Long CSI1000 / Short CSI300,2023-04-13,2.331091670487376,1.6338653506886796,0.0,-0.018481418835875285
10y,Long CSI1000 / Short CSI300,2023-04-14,2.331091670487376,1.6338653506886796,0.0,-0.018481418835875285
10y,Long CSI1000 / Short CSI300,2023-04-17,2.331091670487376,1.6338653506886796,0.0,-0.018481418835875285
10y,Long CSI1000 / Short CSI300,2023-04-18,2.331091670487376,1.6338653506886796,0.0,-0.018481418835875285
10y,Long CSI1000 / Short CSI300,2023-04-19,2.331091670487376,1.6338653506886796,0.0,-0.018481418835875285
10y,Long CSI1000 / Short CSI300,2023-04-20,2.331091670487376,1.6338653506886796,0.0,-0.018481418835875285
10y,Long CSI1000 / Short CSI300,2023-04-21,2.331091670487376,1.6338653506886796,0.0,-0.018481418835875285
10y,Long CSI1000 / Short CSI300,2023-04-24,2.331091670487376,1.6338653506886796,0.0,-0.018481418835875285
10y,Long CSI1000 / Short CSI300,2023-04-25,2.331091670487376,1.6338653506886796,0.0,-0.018481418835875285
10y,Long CSI1000 / Short CSI300,2023-04-26,2.331091670487376,1.6338653506886796,0.0,-0.018481418835875285
10y,Long CSI1000 / Short CSI300,2023-04-27,2.331091670487376,1.6338653506886796,0.0,-0.018481418835875285
10y,Long CSI1000 / Short CSI300,2023-04-28,2.331091670487376,1.6338653506886796,0.0,-0.018481418835875285
10y,Long CSI1000 / Short CSI300,2023-05-04,2.331091670487376,1.6338653506886796,0.0,-0.018481418835875285
10y,Long CSI1000 / Short CSI300,2023-05-05,2.331091670487376,1.6338653506886796,0.0,-0.018481418835875285
10y,Long CSI1000 / Short CSI300,2023-05-08,2.331091670487376,1.6338653506886796,0.0,-0.018481418835875285
10y,Long CSI1000 / Short CSI300,2023-05-09,2.331091670487376,1.6338653506886796,0.0,-0.018481418835875285
10y,Long CSI1000 / Short CSI300,2023-05-10,2.331091670487376,1.6338653506886796,0.0,-0.018481418835875285
10y,Long CSI1000 / Short CSI300,2023-05-11,2.331091670487376,1.6338653506886796,0.0,-0.018481418835875285
10y,Long CSI1000 / Short CSI300,2023-05-12,2.331091670487376,1.6338653506886796,0.0,-0.018481418835875285
10y,Long CSI1000 / Short CSI300,2023-05-15,2.331091670487376,1.6338653506886796,0.0,-0.018481418835875285
10y,Long CSI1000 / Short CSI300,2023-05-16,2.331091670487376,1.6338653506886796,0.0,-0.018481418835875285
10y,Long CSI1000 / Short CSI300,2023-05-17,2.331091670487376,1.6338653506886796,0.0,-0.018481418835875285
10y,Long CSI1000 / Short CSI300,2023-05-18,2.331091670487376,1.6338653506886796,0.0,-0.018481418835875285
10y,Long CSI1000 / Short CSI300,2023-05-19,2.331091670487376,1.6338653506886796,0.0,-0.018481418835875285
10y,Long CSI1000 / Short CSI300,2023-05-22,2.331091670487376,1.6338653506886796,0.0,-0.018481418835875285
10y,Long CSI1000 / Short CSI300,2023-05-23,2.331091670487376,1.6338653506886796,0.0,-0.018481418835875285
10y,Long CSI1000 / Short CSI300,2023-05-24,2.331091670487376,1.6338653506886796,0.0,-0.018481418835875285
10y,Long CSI1000 / Short CSI300,2023-05-25,2.3309254434715734,1.6337488419451982,-7.130865675811205e-05,-0.01855140960748125
10y,Long CSI1000 / Short CSI300,2023-05-26,2.3389284890777398,1.6393581875927516,0.0034334198155419,-0.015181684569291809
10y,Long CSI1000 / Short CSI300,2023-05-29,2.341911299275197,1.6414488433533154,0.0012752891810874,-0.013925756426286573
10y,Long CSI1000 / Short CSI300,2023-05-30,2.346182377963136,1.644442448266686,0.0018237576671928,-0.01212739596414758
10y,Long CSI1000 / Short CSI300,2023-05-31,2.35778232493564,1.6525728670177586,0.0049441795665408,-0.007243176420927866
10y,Long CSI1000 / Short CSI300,2023-06-01,2.357554345082556,1.6524130756258864,-9.669249390503731e-05,-0.007339168554041264
10y,Long CSI1000 / Short CSI300,2023-06-02,2.3498822912282136,1.6470357225513903,-0.0032542426308623,-0.010569527749719976
10y,Long CSI1000 / Short CSI300,2023-06-05,2.356446251978608,1.6516364116487467,0.002793314701292,-0.007805737065676666
10y,Long CSI1000 / Short CSI300,2023-06-06,2.3419430140392903,1.6414710722749888,-0.0061547077202118,-0.013912402755708708
10y,Long CSI1000 / Short CSI300,2023-06-07,2.3475316391286984,1.6453881472691543,0.0023863198446358,-0.011559282353855393
10y,Long CSI1000 / Short CSI300,2023-06-08,2.3297868353807742,1.6329507899719005,-0.0075589199532621,-0.01903082661708755
10y,Long CSI1000 / Short CSI300,2023-06-09,2.3343289471177573,1.6361343623212714,0.0019495825403444,-0.01711834624404407
10y,Long CSI1000 / Short CSI300,2023-06-12,2.3381865449928,1.6388381579654836,0.0016525511024506,-0.015494084083550685
10y,Long CSI1000 / Short CSI300,2023-06-13,2.336408780036592,1.6375921200681365,-0.0007603178454748,-0.016242621500398013
10y,Long CSI1000 / Short CSI300,2023-06-14,2.3408049497201646,1.6406734014320032,0.0018815926909432,-0.014391590807351418
10y,Long CSI1000 / Short CSI300,2023-06-15,2.316113363401948,1.6233670346984985,-0.0105483313853931,-0.024788114923745552
10y,Long CSI1000 / Short CSI300,2023-06-16,2.3130869314642077,1.6212458044003104,-0.0013066855817865,-0.02606241023316158
10y,Long CSI1000 / Short CSI300,2023-06-19,2.340673261963308,1.6405811013025138,0.0119261970330004,-0.014447038639756715
10y,Long CSI1000 / Short CSI300,2023-06-20,2.3395029253323263,1.6397608107518624,-0.0005,-0.014939815120436961
10y,Long CSI1000 / Short CSI300,2023-06-21,2.3395029253323263,1.6397608107518624,0.0,-0.014939815120436961
10y,Long CSI1000 / Short CSI300,2023-06-26,2.3395029253323263,1.6397608107518624,0.0,-0.014939815120436961
10y,Long CSI1000 / Short CSI300,2023-06-27,2.3395029253323263,1.6397608107518624,0.0,-0.014939815120436961
10y,Long CSI1000 / Short CSI300,2023-06-28,2.3395029253323263,1.6397608107518624,0.0,-0.014939815120436961
10y,Long CSI1000 / Short CSI300,2023-06-29,2.3395029253323263,1.6397608107518624,0.0,-0.014939815120436961
10y,Long CSI1000 / Short CSI300,2023-06-30,2.3395029253323263,1.6397608107518624,0.0,-0.014939815120436961
10y,Long CSI1000 / Short CSI300,2023-07-03,2.3395029253323263,1.6397608107518624,0.0,-0.014939815120436961
10y,Long CSI1000 / Short CSI300,2023-07-04,2.3395029253323263,1.6397608107518624,0.0,-0.014939815120436961
10y,Long CSI1000 / Short CSI300,2023-07-05,2.3395029253323263,1.6397608107518624,0.0,-0.014939815120436961
10y,Long CSI1000 / Short CSI300,2023-07-06,2.343745658842848,1.6427345484914846,0.0018135192158048,-0.013153389546433636
10y,Long CSI1000 / Short CSI300,2023-07-07,2.34078742199965,1.640661116228642,-0.001262183390948,-0.014398970947561596
10y,Long CSI1000 / Short CSI300,2023-07-10,2.336085085170924,1.637365241892599,-0.0020088696583601,-0.016378914950073487
10y,Long CSI1000 / Short CSI300,2023-07-11,2.3378280819881665,1.6385869107536344,0.000746118721577,-0.015645016843579995
10y,Long CSI1000 / Short CSI300,2023-07-12,2.3285106292606392,1.632056295351022,-0.0039855166422689,-0.019568180010850034
10y,Long CSI1000 / Short CSI300,2023-07-13,2.3236553633848804,1.6286532328360566,-0.0020851379481571,-0.02161251560429034
10y,Long CSI1000 / Short CSI300,2023-07-14,2.322769068975702,1.6280320278684448,-0.000381422487665,-0.02198569459248878
10y,Long CSI1000 / Short CSI300,2023-07-17,2.3221883767084583,1.6276250198614777,-0.00025,-0.022230198168840642
10y,Long CSI1000 / Short CSI300,2023-07-18,2.3221883767084583,1.6276250198614777,0.0,-0.022230198168840642
10y,Long CSI1000 / Short CSI300,2023-07-19,2.3221883767084583,1.6276250198614777,0.0,-0.022230198168840642
10y,Long CSI1000 / Short CSI300,2023-07-20,2.3221883767084583,1.6276250198614777,0.0,-0.022230198168840642
10y,Long CSI1000 / Short CSI300,2023-07-21,2.3221883767084583,1.6276250198614777,0.0,-0.022230198168840642
10y,Long CSI1000 / Short CSI300,2023-07-24,2.3221883767084583,1.6276250198614777,0.0,-0.022230198168840642
10y,Long CSI1000 / Short CSI300,2023-07-25,2.3221883767084583,1.6276250198614777,0.0,-0.022230198168840642
10y,Long CSI1000 / Short CSI300,2023-07-26,2.3221883767084583,1.6276250198614777,0.0,-0.022230198168840642
10y,Long CSI1000 / Short CSI300,2023-07-27,2.3221883767084583,1.6276250198614777,0.0,-0.022230198168840642
10y,Long CSI1000 / Short CSI300,2023-07-28,2.3221883767084583,1.6276250198614777,0.0,-0.022230198168840642
10y,Long CSI1000 / Short CSI300,2023-07-31,2.3221883767084583,1.6276250198614777,0.0,-0.022230198168840642
10y,Long CSI1000 / Short CSI300,2023-08-01,2.3221883767084583,1.6276250198614777,0.0,-0.022230198168840642
10y,Long CSI1000 / Short CSI300,2023-08-02,2.3221883767084583,1.6276250198614777,0.0,-0.022230198168840642
10y,Long CSI1000 / Short CSI300,2023-08-03,2.3221883767084583,1.6276250198614777,0.0,-0.022230198168840642
10y,Long CSI1000 / Short CSI300,2023-08-04,2.3221883767084583,1.6276250198614777,0.0,-0.022230198168840642
10y,Long CSI1000 / Short CSI300,2023-08-07,2.3221883767084583,1.6276250198614777,0.0,-0.022230198168840642
10y,Long CSI1000 / Short CSI300,2023-08-08,2.3221883767084583,1.6276250198614777,0.0,-0.022230198168840642
10y,Long CSI1000 / Short CSI300,2023-08-09,2.3221883767084583,1.6276250198614777,0.0,-0.022230198168840642
10y,Long CSI1000 / Short CSI300,2023-08-10,2.3221883767084583,1.6276250198614777,0.0,-0.022230198168840642
10y,Long CSI1000 / Short CSI300,2023-08-11,2.3221883767084583,1.6276250198614777,0.0,-0.022230198168840642
10y,Long CSI1000 / Short CSI300,2023-08-14,2.3221883767084583,1.6276250198614777,0.0,-0.022230198168840642
10y,Long CSI1000 / Short CSI300,2023-08-15,2.3221883767084583,1.6276250198614777,0.0,-0.022230198168840642
10y,Long CSI1000 / Short CSI300,2023-08-16,2.3221883767084583,1.6276250198614777,0.0,-0.022230198168840642
10y,Long CSI1000 / Short CSI300,2023-08-17,2.3221883767084583,1.6276250198614777,0.0,-0.022230198168840642
10y,Long CSI1000 / Short CSI300,2023-08-18,2.3221883767084583,1.6276250198614777,0.0,-0.022230198168840642
10y,Long CSI1000 / Short CSI300,2023-08-21,2.3221883767084583,1.6276250198614777,0.0,-0.022230198168840642
10y,Long CSI1000 / Short CSI300,2023-08-22,2.3221883767084583,1.6276250198614777,0.0,-0.022230198168840642
10y,Long CSI1000 / Short CSI300,2023-08-23,2.3221883767084583,1.6276250198614777,0.0,-0.022230198168840642
10y,Long CSI1000 / Short CSI300,2023-08-24,2.3160107245416484,1.623295094980468,-0.0026602717629508,-0.02483133156331796
10y,Long CSI1000 / Short CSI300,2023-08-25,2.315431721860513,1.6228892712067229,-0.00025,-0.025075123730427196
10y,Long CSI1000 / Short CSI300,2023-08-28,2.315431721860513,1.6228892712067229,0.0,-0.025075123730427196
10y,Long CSI1000 / Short CSI300,2023-08-29,2.315431721860513,1.6228892712067229,0.0,-0.025075123730427196
10y,Long CSI1000 / Short CSI300,2023-08-30,2.315431721860513,1.6228892712067229,0.0,-0.025075123730427196
10y,Long CSI1000 / Short CSI300,2023-08-31,2.315431721860513,1.6228892712067229,0.0,-0.025075123730427196
10y,Long CSI1000 / Short CSI300,2023-09-01,2.315431721860513,1.6228892712067229,0.0,-0.025075123730427196
10y,Long CSI1000 / Short CSI300,2023-09-04,2.315431721860513,1.6228892712067229,0.0,-0.025075123730427196
10y,Long CSI1000 / Short CSI300,2023-09-05,2.319917787835282,1.6260335610044494,0.0019374641594546,-0.023186241724494128
10y,Long CSI1000 / Short CSI300,2023-09-06,2.3354195771348527,1.6368987863968723,0.006682042519289,-0.016659130658270627
10y,Long CSI1000 / Short CSI300,2023-09-07,2.330083595572068,1.6331587895972077,-0.0022848063855537,-0.018905874155718427
10y,Long CSI1000 / Short CSI300,2023-09-08,2.329501074673175,1.6327504998998084,-0.00025,-0.019151147687179515
10y,Long CSI1000 / Short CSI300,2023-09-11,2.329501074673175,1.6327504998998084,0.0,-0.019151147687179515
10y,Long CSI1000 / Short CSI300,2023-09-12,2.3333713250788355,1.635463163720093,0.0016614074351536,-0.017521558111184943
10y,Long CSI1000 / Short CSI300,2023-09-13,2.3247999650228066,1.6294554856947605,-0.0036733802133869,-0.021130574979698502
10y,Long CSI1000 / Short CSI300,2023-09-14,2.3192166199834534,1.625542111494924,-0.0024016453558825,-0.02348147218831409
10y,Long CSI1000 / Short CSI300,2023-09-15,2.328940025037251,1.6323572594400884,0.0041925385365112,-0.019387380628846373
10y,Long CSI1000 / Short CSI300,2023-09-18,2.323960374827633,1.6288670157748344,-0.0021381616340843,-0.021484088909484833
10y,Long CSI1000 / Short CSI300,2023-09-19,2.316083736017685,1.6233462688242122,-0.0033893171739352,-0.024800589691912678
10y,Long CSI1000 / Short CSI300,2023-09-20,2.311365744010436,1.6200394217520595,-0.0020370558861405,-0.026787125390841604
10y,Long CSI1000 / Short CSI300,2023-09-21,2.313466549043689,1.6215118788826999,0.0009089020371169,-0.02590257022656084
10y,Long CSI1000 / Short CSI300,2023-09-22,2.314944983817324,1.622548115844325,0.0006390560409208,-0.02528006737961852
10y,Long CSI1000 / Short CSI300,2023-09-25,2.317227983196571,1.6241482732420884,0.0009862002748259,-0.02431879831419026
10y,Long CSI1000 / Short CSI300,2023-09-26,2.3179907141506044,1.624682872414429,0.0003291566300616,-0.023997646377828974
10y,Long CSI1000 / Short CSI300,2023-09-27,2.3229302921397053,1.6281450294053332,0.0021309740194153,-0.021917810719371933
10y,Long CSI1000 / Short CSI300,2023-09-28,2.335051377090025,1.6366407144801896,0.0052180149319741,-0.01681416325100782
10y,Long CSI1000 / Short CSI300,2023-10-09,2.3329190659854007,1.6351461747008913,-0.0009131752412581,-0.017711984214682563
10y,Long CSI1000 / Short CSI300,2023-10-10,2.343549413697819,1.642597000000036,0.0045566723112738,-0.013236019611457595
10y,Long CSI1000 / Short CSI300,2023-10-11,2.343045343639264,1.642243696604284,-0.0002150882996571,-0.013448260998162431
10y,Long CSI1000 / Short CSI300,2023-10-12,2.338258638446847,1.6388886883663554,-0.0020429417661129,-0.015463728750200523
10y,Long CSI1000 / Short CSI300,2023-10-13,2.354388491550384,1.6501941245408398,0.0068982330860758,-0.00867216806942328
10y,Long CSI1000 / Short CSI300,2023-10-16,2.355799643896992,1.6511832031570333,0.0005993710688243,-0.008077994847243919
10y,Long CSI1000 / Short CSI300,2023-10-17,2.342449494219644,1.641826064928417,-0.0056669291516082,-0.01369914657436555
10y,Long CSI1000 / Short CSI300,2023-10-18,2.3205518090380326,1.6264779473354938,-0.0093481994961458,-0.022919283715407524
10y,Long CSI1000 / Short CSI300,2023-10-19,2.3450064305966296,1.643618225143806,0.0105382786384478,-0.012622534874946245
10y,Long CSI1000 / Short CSI300,2023-10-20,2.332639715974209,1.6349503778947085,-0.0052736378293316,-0.017829606026859457
10y,Long CSI1000 / Short CSI300,2023-10-23,2.3164630037688294,1.6236120981114401,-0.0069349381709484,-0.02464089698239913
10y,Long CSI1000 / Short CSI300,2023-10-24,2.340556775913518,1.6404994560703678,0.0104011037972498,-0.014496085712320528
10y,Long CSI1000 / Short CSI300,2023-10-25,2.3532463305961797,1.649393582360706,0.0054215966103656,-0.009153081031116117
10y,Long CSI1000 / Short CSI300,2023-10-26,2.36007392840889,1.654179055036816,0.0029013527924979,-0.006278284555828018
10y,Long CSI1000 / Short CSI300,2023-10-27,2.3701715214529138,1.6612564718578096,0.00427850709356,-0.002026639147275411
10y,Long CSI1000 / Short CSI300,2023-10-30,2.391817669080725,1.6764282864341016,0.0091327346699965,0.0
10y,Long CSI1000 / Short CSI300,2023-10-31,2.384493354541608,1.6712946643228326,-0.0030622378259844,-0.0030622378259845817
10y,Long CSI1000 / Short CSI300,2023-11-01,2.3811158591414845,1.6689273731621128,-0.001416441523601,-0.004474341868773712
10y,Long CSI1000 / Short CSI300,2023-11-02,2.363017134132848,1.6562419519675566,-0.0076009426165268,-0.012041275269509377
10y,Long CSI1000 / Short CSI300,2023-11-03,2.3782793826516766,1.6669392828980474,0.0064587972293435,-0.005660250195514194
10y,Long CSI1000 / Short CSI300,2023-11-06,2.395023197014255,1.678675045361503,0.0070403058970764,0.0
10y,Long CSI1000 / Short CSI300,2023-11-07,2.4114833381117182,1.6902119808441687,0.0068726437046553,0.0
10y,Long CSI1000 / Short CSI300,2023-11-08,2.426050260964863,1.7004219570614199,0.0060406483523751,0.0
10y,Long CSI1000 / Short CSI300,2023-11-09,2.4097657070363727,1.689008090866437,-0.0067123728599149,-0.006712372859915106
10y,Long CSI1000 / Short CSI300,2023-11-10,2.4226330566731424,1.6980268338840891,0.0053396683333977,-0.0014085463713193747
10y,Long CSI1000 / Short CSI300,2023-11-13,2.449778689310228,1.7170532450500577,0.0112050120683002,0.0
10y,Long CSI1000 / Short CSI300,2023-11-14,2.462848382055215,1.7262138106299252,0.0053350503872113,0.0
10y,Long CSI1000 / Short CSI300,2023-11-15,2.455656125752658,1.721172748317878,-0.0029203000700169,-0.002920300070017201
10y,Long CSI1000 / Short CSI300,2023-11-16,2.454819414024119,1.7205862959191662,-0.0003407283779534,-0.003260033418864494
10y,Long CSI1000 / Short CSI300,2023-11-17,2.4794026423685325,1.737816714400138,0.0100142716013944,0.0
10y,Long CSI1000 / Short CSI300,2023-11-20,2.4952470813071628,1.7489221033947793,0.0063904259307776,0.0
10y,Long CSI1000 / Short CSI300,2023-11-21,2.4755427695497207,1.7351113242447165,-0.0078967377239129,-0.007896737723912972
10y,Long CSI1000 / Short CSI300,2023-11-22,2.46927151464059,1.7307157930731678,-0.0025332848158674,-0.010410017854009523
10y,Long CSI1000 / Short CSI300,2023-11-23,2.4832798490681727,1.7405342538964186,0.0056730636321382,-0.004796010915568694
10y,Long CSI1000 / Short CSI300,2023-11-24,2.474348638701543,1.734274356294581,-0.0035965380099953,-0.008375299890009957
10y,Long CSI1000 / Short CSI300,2023-11-27,2.48270743990864,1.740133051531013,0.003378182474513,-0.005025410706804068
10y,Long CSI1000 / Short CSI300,2023-11-28,2.486860811065464,1.7430441550743008,0.0016729200912117,-0.003360897726130241
10y,Long CSI1000 / Short CSI300,2023-11-29,2.491519848199437,1.7463096805948732,0.001873461157634,-0.0014937330798411308
10y,Long CSI1000 / Short CSI300,2023-11-30,2.482033726711742,1.739660845026803,-0.0038073634029248,-0.005295409298104015
10y,Long CSI1000 / Short CSI300,2023-12-01,2.4969228362345235,1.7500966423229236,0.0059987539099668,0.0
10y,Long CSI1000 / Short CSI300,2023-12-04,2.501918889706677,1.753598383057398,0.0020008842082152,0.0
10y,Long CSI1000 / Short CSI300,2023-12-05,2.500797858958266,1.7528126510675004,-0.0004480683818423,-0.00044806838184219266
10y,Long CSI1000 / Short CSI300,2023-12-06,2.505334106139413,1.7559921129416387,0.0018139199715394,0.0
10y,Long CSI1000 / Short CSI300,2023-12-07,2.5077858904663057,1.7577105719408226,0.0009786256934292,0.0
10y,Long CSI1000 / Short CSI300,2023-12-08,2.5010942857020364,1.7530204169789814,-0.0026683317701516,-0.0026683317701516884
10y,Long CSI1000 / Short CSI300,2023-12-11,2.515641032906381,1.7632162520563024,0.0058161530684804,0.0
10y,Long CSI1000 / Short CSI300,2023-12-12,2.5118624398955363,1.7605678310298214,-0.001502039822621,-0.001502039822620982
10y,Long CSI1000 / Short CSI300,2023-12-13,2.5200652710762026,1.7663172066606978,0.0032656371027257,0.0
10y,Long CSI1000 / Short CSI300,2023-12-14,2.520869800692268,1.766881102572615,0.0003192495152006,0.0
10y,Long CSI1000 / Short CSI300,2023-12-15,2.516301396000858,1.7636791014554054,-0.0018122334958176,-0.0018122334958178277
10y,Long CSI1000 / Short CSI300,2023-12-18,2.500836127513307,1.752839473550243,-0.0061460318355064,-0.007947127286565547
10y,Long CSI1000 / Short CSI300,2023-12-19,2.500476422412593,1.7525873557515466,-0.0001438339348815,-0.008089818154858541
10y,Long CSI1000 / Short CSI300,2023-12-20,2.49985130330699,1.7521492089126087,-0.00025,-0.008337795700319783
10y,Long CSI1000 / Short CSI300,2023-12-21,2.49985130330699,1.7521492089126087,0.0,-0.008337795700319783
10y,Long CSI1000 / Short CSI300,2023-12-22,2.49985130330699,1.7521492089126087,0.0,-0.008337795700319783
10y,Long CSI1000 / Short CSI300,2023-12-25,2.49985130330699,1.7521492089126087,0.0,-0.008337795700319783
10y,Long CSI1000 / Short CSI300,2023-12-26,2.49985130330699,1.7521492089126087,0.0,-0.008337795700319783
10y,Long CSI1000 / Short CSI300,2023-12-27,2.49985130330699,1.7521492089126087,0.0,-0.008337795700319783
10y,Long CSI1000 / Short CSI300,2023-12-28,2.49985130330699,1.7521492089126087,0.0,-0.008337795700319783
10y,Long CSI1000 / Short CSI300,2023-12-29,2.49985130330699,1.7521492089126087,0.0,-0.008337795700319783
10y,Long CSI1000 / Short CSI300,2024-01-02,2.49985130330699,1.7521492089126087,0.0,-0.008337795700319783
10y,Long CSI1000 / Short CSI300,2024-01-03,2.49985130330699,1.7521492089126087,0.0,-0.008337795700319783
10y,Long CSI1000 / Short CSI300,2024-01-04,2.49985130330699,1.7521492089126087,0.0,-0.008337795700319783
10y,Long CSI1000 / Short CSI300,2024-01-05,2.49985130330699,1.7521492089126087,0.0,-0.008337795700319783
10y,Long CSI1000 / Short CSI300,2024-01-08,2.49985130330699,1.7521492089126087,0.0,-0.008337795700319783
10y,Long CSI1000 / Short CSI300,2024-01-09,2.49985130330699,1.7521492089126087,0.0,-0.008337795700319783
10y,Long CSI1000 / Short CSI300,2024-01-10,2.49985130330699,1.7521492089126087,0.0,-0.008337795700319783
10y,Long CSI1000 / Short CSI300,2024-01-11,2.49985130330699,1.7521492089126087,0.0,-0.008337795700319783
10y,Long CSI1000 / Short CSI300,2024-01-12,2.49985130330699,1.7521492089126087,0.0,-0.008337795700319783
10y,Long CSI1000 / Short CSI300,2024-01-15,2.49985130330699,1.7521492089126087,0.0,-0.008337795700319783
10y,Long CSI1000 / Short CSI300,2024-01-16,2.49985130330699,1.7521492089126087,0.0,-0.008337795700319783
10y,Long CSI1000 / Short CSI300,2024-01-17,2.49985130330699,1.7521492089126087,0.0,-0.008337795700319783
10y,Long CSI1000 / Short CSI300,2024-01-18,2.49985130330699,1.7521492089126087,0.0,-0.008337795700319783
10y,Long CSI1000 / Short CSI300,2024-01-19,2.49985130330699,1.7521492089126087,0.0,-0.008337795700319783
10y,Long CSI1000 / Short CSI300,2024-01-22,2.49985130330699,1.7521492089126087,0.0,-0.008337795700319783
10y,Long CSI1000 / Short CSI300,2024-01-23,2.49985130330699,1.7521492089126087,0.0,-0.008337795700319783
10y,Long CSI1000 / Short CSI300,2024-01-24,2.49985130330699,1.7521492089126087,0.0,-0.008337795700319783
10y,Long CSI1000 / Short CSI300,2024-01-25,2.49985130330699,1.7521492089126087,0.0,-0.008337795700319783
10y,Long CSI1000 / Short CSI300,2024-01-26,2.49985130330699,1.7521492089126087,0.0,-0.008337795700319783
10y,Long CSI1000 / Short CSI300,2024-01-29,2.49985130330699,1.7521492089126087,0.0,-0.008337795700319783
10y,Long CSI1000 / Short CSI300,2024-01-30,2.49985130330699,1.7521492089126087,0.0,-0.008337795700319783
10y,Long CSI1000 / Short CSI300,2024-01-31,2.49985130330699,1.7521492089126087,0.0,-0.008337795700319783
10y,Long CSI1000 / Short CSI300,2024-02-01,2.49985130330699,1.7521492089126087,0.0,-0.008337795700319783
10y,Long CSI1000 / Short CSI300,2024-02-02,2.49985130330699,1.7521492089126087,0.0,-0.008337795700319783
10y,Long CSI1000 / Short CSI300,2024-02-05,2.49985130330699,1.7521492089126087,0.0,-0.008337795700319783
10y,Long CSI1000 / Short CSI300,2024-02-06,2.49985130330699,1.7521492089126087,0.0,-0.008337795700319783
10y,Long CSI1000 / Short CSI300,2024-02-07,2.49985130330699,1.7521492089126087,0.0,-0.008337795700319783
10y,Long CSI1000 / Short CSI300,2024-02-08,2.49985130330699,1.7521492089126087,0.0,-0.008337795700319783
10y,Long CSI1000 / Short CSI300,2024-02-19,2.49985130330699,1.7521492089126087,0.0,-0.008337795700319783
10y,Long CSI1000 / Short CSI300,2024-02-20,2.49985130330699,1.7521492089126087,0.0,-0.008337795700319783
10y,Long CSI1000 / Short CSI300,2024-02-21,2.49985130330699,1.7521492089126087,0.0,-0.008337795700319783
10y,Long CSI1000 / Short CSI300,2024-02-22,2.49985130330699,1.7521492089126087,0.0,-0.008337795700319783
10y,Long CSI1000 / Short CSI300,2024-02-23,2.49985130330699,1.7521492089126087,0.0,-0.008337795700319783
10y,Long CSI1000 / Short CSI300,2024-02-26,2.49985130330699,1.7521492089126087,0.0,-0.008337795700319783
10y,Long CSI1000 / Short CSI300,2024-02-27,2.49985130330699,1.7521492089126087,0.0,-0.008337795700319783
10y,Long CSI1000 / Short CSI300,2024-02-28,2.49985130330699,1.7521492089126087,0.0,-0.008337795700319783
10y,Long CSI1000 / Short CSI300,2024-02-29,2.49985130330699,1.7521492089126087,0.0,-0.008337795700319783
10y,Long CSI1000 / Short CSI300,2024-03-01,2.49985130330699,1.7521492089126087,0.0,-0.008337795700319783
10y,Long CSI1000 / Short CSI300,2024-03-04,2.49985130330699,1.7521492089126087,0.0,-0.008337795700319783
10y,Long CSI1000 / Short CSI300,2024-03-05,2.49985130330699,1.7521492089126087,0.0,-0.008337795700319783
10y,Long CSI1000 / Short CSI300,2024-03-06,2.49985130330699,1.7521492089126087,0.0,-0.008337795700319783
10y,Long CSI1000 / Short CSI300,2024-03-07,2.49985130330699,1.7521492089126087,0.0,-0.008337795700319783
10y,Long CSI1000 / Short CSI300,2024-03-08,2.49985130330699,1.7521492089126087,0.0,-0.008337795700319783
10y,Long CSI1000 / Short CSI300,2024-03-11,2.49985130330699,1.7521492089126087,0.0,-0.008337795700319783
10y,Long CSI1000 / Short CSI300,2024-03-12,2.49985130330699,1.7521492089126087,0.0,-0.008337795700319783
10y,Long CSI1000 / Short CSI300,2024-03-13,2.49985130330699,1.7521492089126087,0.0,-0.008337795700319783
10y,Long CSI1000 / Short CSI300,2024-03-14,2.49985130330699,1.7521492089126087,0.0,-0.008337795700319783
10y,Long CSI1000 / Short CSI300,2024-03-15,2.49985130330699,1.7521492089126087,0.0,-0.008337795700319783
10y,Long CSI1000 / Short CSI300,2024-03-18,2.49985130330699,1.7521492089126087,0.0,-0.008337795700319783
10y,Long CSI1000 / Short CSI300,2024-03-19,2.49985130330699,1.7521492089126087,0.0,-0.008337795700319783
10y,Long CSI1000 / Short CSI300,2024-03-20,2.49985130330699,1.7521492089126087,0.0,-0.008337795700319783
10y,Long CSI1000 / Short CSI300,2024-03-21,2.49985130330699,1.7521492089126087,0.0,-0.008337795700319783
10y,Long CSI1000 / Short CSI300,2024-03-22,2.49985130330699,1.7521492089126087,0.0,-0.008337795700319783
10y,Long CSI1000 / Short CSI300,2024-03-25,2.49985130330699,1.7521492089126087,0.0,-0.008337795700319783
10y,Long CSI1000 / Short CSI300,2024-03-26,2.49985130330699,1.7521492089126087,0.0,-0.008337795700319783
10y,Long CSI1000 / Short CSI300,2024-03-27,2.49985130330699,1.7521492089126087,0.0,-0.008337795700319783
10y,Long CSI1000 / Short CSI300,2024-03-28,2.49985130330699,1.7521492089126087,0.0,-0.008337795700319783
10y,Long CSI1000 / Short CSI300,2024-03-29,2.49985130330699,1.7521492089126087,0.0,-0.008337795700319783
10y,Long CSI1000 / Short CSI300,2024-04-01,2.49985130330699,1.7521492089126087,0.0,-0.008337795700319783
10y,Long CSI1000 / Short CSI300,2024-04-02,2.49985130330699,1.7521492089126087,0.0,-0.008337795700319783
10y,Long CSI1000 / Short CSI300,2024-04-03,2.49985130330699,1.7521492089126087,0.0,-0.008337795700319783
10y,Long CSI1000 / Short CSI300,2024-04-08,2.49985130330699,1.7521492089126087,0.0,-0.008337795700319783
10y,Long CSI1000 / Short CSI300,2024-04-09,2.49985130330699,1.7521492089126087,0.0,-0.008337795700319783
10y,Long CSI1000 / Short CSI300,2024-04-10,2.49985130330699,1.7521492089126087,0.0,-0.008337795700319783
10y,Long CSI1000 / Short CSI300,2024-04-11,2.49985130330699,1.7521492089126087,0.0,-0.008337795700319783
10y,Long CSI1000 / Short CSI300,2024-04-12,2.499803600983008,1.75211577428827,-1.908206456860385e-05,-0.008356718662532736
10y,Long CSI1000 / Short CSI300,2024-04-15,2.4622586823087187,1.7258004892683894,-0.0150191473680273,-0.023250355241454246
10y,Long CSI1000 / Short CSI300,2024-04-16,2.461643117638141,1.7253690391460719,-0.00025,-0.023494542652644057
10y,Long CSI1000 / Short CSI300,2024-04-17,2.461643117638141,1.7253690391460719,0.0,-0.023494542652644057
10y,Long CSI1000 / Short CSI300,2024-04-18,2.461643117638141,1.7253690391460719,0.0,-0.023494542652644057
10y,Long CSI1000 / Short CSI300,2024-04-19,2.461643117638141,1.7253690391460719,0.0,-0.023494542652644057
10y,Long CSI1000 / Short CSI300,2024-04-22,2.461643117638141,1.7253690391460719,0.0,-0.023494542652644057
10y,Long CSI1000 / Short CSI300,2024-04-23,2.461643117638141,1.7253690391460719,0.0,-0.023494542652644057
10y,Long CSI1000 / Short CSI300,2024-04-24,2.461643117638141,1.7253690391460719,0.0,-0.023494542652644057
10y,Long CSI1000 / Short CSI300,2024-04-25,2.461643117638141,1.7253690391460719,0.0,-0.023494542652644057
10y,Long CSI1000 / Short CSI300,2024-04-26,2.461643117638141,1.7253690391460719,0.0,-0.023494542652644057
10y,Long CSI1000 / Short CSI300,2024-04-29,2.461643117638141,1.7253690391460719,0.0,-0.023494542652644057
10y,Long CSI1000 / Short CSI300,2024-04-30,2.452405702057665,1.7188945218896587,-0.0037525405345269,-0.027158918963526624
10y,Long CSI1000 / Short CSI300,2024-05-06,2.46464337518658,1.727471923778881,0.0049900687796669,-0.022304375057469072
10y,Long CSI1000 / Short CSI300,2024-05-07,2.47200859282671,1.732634214929779,0.0029883502474561,-0.01938267809473526
10y,Long CSI1000 / Short CSI300,2024-05-08,2.452332419853809,1.7188431582924142,-0.0079595892303923,-0.027187989169308868
10y,Long CSI1000 / Short CSI300,2024-05-09,2.460011144094993,1.7242251866502012,0.0031311922392814,-0.02414192775071622
10y,Long CSI1000 / Short CSI300,2024-05-10,2.4479441632424352,1.7157674232117108,-0.0049052545479413,-0.0289287599977619
10y,Long CSI1000 / Short CSI300,2024-05-13,2.4249183412017725,1.6996285929461912,-0.0094061876028103,-0.03806283825691659
10y,Long CSI1000 / Short CSI300,2024-05-14,2.4336410247877955,1.7057423338413504,0.0035971040499863,-0.034602650196578155
10y,Long CSI1000 / Short CSI300,2024-05-15,2.4320060391267218,1.7045963701478921,-0.0006718269639692,-0.035251230167120506
10y,Long CSI1000 / Short CSI300,2024-05-16,2.425402008569668,1.6999675960680625,-0.0027154663478654,-0.03787097298574593
10y,Long CSI1000 / Short CSI300,2024-05-17,2.429245237177347,1.7026613202730607,0.0015845738537776,-0.03634640848557891
10y,Long CSI1000 / Short CSI300,2024-05-20,2.4322681589588253,1.704780090297908,0.0012443872422658,-0.035147250250334716
10y,Long CSI1000 / Short CSI300,2024-05-21,2.4152589475189985,1.692858310658817,-0.0069931480939618,-0.04189460841820036
10y,Long CSI1000 / Short CSI300,2024-05-22,2.412572336688695,1.6909752614411517,-0.0011123489814884,-0.04296035597468484
10y,Long CSI1000 / Short CSI300,2024-05-23,2.398759818534314,1.6812940485124972,-0.0057252244603526,-0.04843962275418601
10y,Long CSI1000 / Short CSI300,2024-05-24,2.398160128579681,1.6808737250003694,-0.00025,-0.048677512848497306
10y,Long CSI1000 / Short CSI300,2024-05-27,2.398160128579681,1.6808737250003694,0.0,-0.048677512848497306
10y,Long CSI1000 / Short CSI300,2024-05-28,2.398160128579681,1.6808737250003694,0.0,-0.048677512848497306
10y,Long CSI1000 / Short CSI300,2024-05-29,2.398160128579681,1.6808737250003694,0.0,-0.048677512848497306
10y,Long CSI1000 / Short CSI300,2024-05-30,2.398160128579681,1.6808737250003694,0.0,-0.048677512848497306
10y,Long CSI1000 / Short CSI300,2024-05-31,2.398160128579681,1.6808737250003694,0.0,-0.048677512848497306
10y,Long CSI1000 / Short CSI300,2024-06-03,2.398160128579681,1.6808737250003694,0.0,-0.048677512848497306
10y,Long CSI1000 / Short CSI300,2024-06-04,2.398160128579681,1.6808737250003694,0.0,-0.048677512848497306
10y,Long CSI1000 / Short CSI300,2024-06-05,2.398160128579681,1.6808737250003694,0.0,-0.048677512848497306
10y,Long CSI1000 / Short CSI300,2024-06-06,2.398160128579681,1.6808737250003694,0.0,-0.048677512848497306
10y,Long CSI1000 / Short CSI300,2024-06-07,2.398160128579681,1.6808737250003694,0.0,-0.048677512848497306
10y,Long CSI1000 / Short CSI300,2024-06-11,2.398160128579681,1.6808737250003694,0.0,-0.048677512848497306
10y,Long CSI1000 / Short CSI300,2024-06-12,2.398160128579681,1.6808737250003694,0.0,-0.048677512848497306
10y,Long CSI1000 / Short CSI300,2024-06-13,2.398160128579681,1.6808737250003694,0.0,-0.048677512848497306
10y,Long CSI1000 / Short CSI300,2024-06-14,2.398160128579681,1.6808737250003694,0.0,-0.048677512848497306
10y,Long CSI1000 / Short CSI300,2024-06-17,2.398160128579681,1.6808737250003694,0.0,-0.048677512848497306
10y,Long CSI1000 / Short CSI300,2024-06-18,2.398160128579681,1.6808737250003694,0.0,-0.048677512848497306
10y,Long CSI1000 / Short CSI300,2024-06-19,2.398160128579681,1.6808737250003694,0.0,-0.048677512848497306
10y,Long CSI1000 / Short CSI300,2024-06-20,2.398160128579681,1.6808737250003694,0.0,-0.048677512848497306
10y,Long CSI1000 / Short CSI300,2024-06-21,2.398160128579681,1.6808737250003694,0.0,-0.048677512848497306
10y,Long CSI1000 / Short CSI300,2024-06-24,2.398160128579681,1.6808737250003694,0.0,-0.048677512848497306
10y,Long CSI1000 / Short CSI300,2024-06-25,2.398160128579681,1.6808737250003694,0.0,-0.048677512848497306
10y,Long CSI1000 / Short CSI300,2024-06-26,2.398160128579681,1.6808737250003694,0.0,-0.048677512848497306
10y,Long CSI1000 / Short CSI300,2024-06-27,2.398160128579681,1.6808737250003694,0.0,-0.048677512848497306
10y,Long CSI1000 / Short CSI300,2024-06-28,2.398160128579681,1.6808737250003694,0.0,-0.048677512848497306
10y,Long CSI1000 / Short CSI300,2024-07-01,2.398160128579681,1.6808737250003694,0.0,-0.048677512848497306
10y,Long CSI1000 / Short CSI300,2024-07-02,2.398160128579681,1.6808737250003694,0.0,-0.048677512848497306
10y,Long CSI1000 / Short CSI300,2024-07-03,2.398160128579681,1.6808737250003694,0.0,-0.048677512848497306
10y,Long CSI1000 / Short CSI300,2024-07-04,2.398160128579681,1.6808737250003694,0.0,-0.048677512848497306
10y,Long CSI1000 / Short CSI300,2024-07-05,2.398160128579681,1.6808737250003694,0.0,-0.048677512848497306
10y,Long CSI1000 / Short CSI300,2024-07-08,2.398160128579681,1.6808737250003694,0.0,-0.048677512848497306
10y,Long CSI1000 / Short CSI300,2024-07-09,2.398160128579681,1.6808737250003694,0.0,-0.048677512848497306
10y,Long CSI1000 / Short CSI300,2024-07-10,2.398160128579681,1.6808737250003694,0.0,-0.048677512848497306
10y,Long CSI1000 / Short CSI300,2024-07-11,2.398160128579681,1.6808737250003694,0.0,-0.048677512848497306
10y,Long CSI1000 / Short CSI300,2024-07-12,2.398160128579681,1.6808737250003694,0.0,-0.048677512848497306
10y,Long CSI1000 / Short CSI300,2024-07-15,2.398160128579681,1.6808737250003694,0.0,-0.048677512848497306
10y,Long CSI1000 / Short CSI300,2024-07-16,2.398160128579681,1.6808737250003694,0.0,-0.048677512848497306
10y,Long CSI1000 / Short CSI300,2024-07-17,2.398160128579681,1.6808737250003694,0.0,-0.048677512848497306
10y,Long CSI1000 / Short CSI300,2024-07-18,2.398160128579681,1.6808737250003694,0.0,-0.048677512848497306
10y,Long CSI1000 / Short CSI300,2024-07-19,2.398160128579681,1.6808737250003694,0.0,-0.048677512848497306
10y,Long CSI1000 / Short CSI300,2024-07-22,2.398160128579681,1.6808737250003694,0.0,-0.048677512848497306
10y,Long CSI1000 / Short CSI300,2024-07-23,2.398160128579681,1.6808737250003694,0.0,-0.048677512848497306
10y,Long CSI1000 / Short CSI300,2024-07-24,2.398160128579681,1.6808737250003694,0.0,-0.048677512848497306
10y,Long CSI1000 / Short CSI300,2024-07-25,2.398160128579681,1.6808737250003694,0.0,-0.048677512848497306
10y,Long CSI1000 / Short CSI300,2024-07-26,2.398160128579681,1.6808737250003694,0.0,-0.048677512848497306
10y,Long CSI1000 / Short CSI300,2024-07-29,2.398160128579681,1.6808737250003694,0.0,-0.048677512848497306
10y,Long CSI1000 / Short CSI300,2024-07-30,2.398160128579681,1.6808737250003694,0.0,-0.048677512848497306
10y,Long CSI1000 / Short CSI300,2024-07-31,2.398160128579681,1.6808737250003694,0.0,-0.048677512848497306
10y,Long CSI1000 / Short CSI300,2024-08-01,2.398160128579681,1.6808737250003694,0.0,-0.048677512848497306
10y,Long CSI1000 / Short CSI300,2024-08-02,2.398160128579681,1.6808737250003694,0.0,-0.048677512848497306
10y,Long CSI1000 / Short CSI300,2024-08-05,2.360246101712961,1.6542997315419044,-0.0158096310646174,-0.06371757039383685
10y,Long CSI1000 / Short CSI300,2024-08-06,2.3590659786621044,1.6534725816761335,-0.0005,-0.06418571160863984
10y,Long CSI1000 / Short CSI300,2024-08-07,2.3590659786621044,1.6534725816761335,0.0,-0.06418571160863984
10y,Long CSI1000 / Short CSI300,2024-08-08,2.3590659786621044,1.6534725816761335,0.0,-0.06418571160863984
10y,Long CSI1000 / Short CSI300,2024-08-09,2.3590659786621044,1.6534725816761335,0.0,-0.06418571160863984
10y,Long CSI1000 / Short CSI300,2024-08-12,2.3590659786621044,1.6534725816761335,0.0,-0.06418571160863984
10y,Long CSI1000 / Short CSI300,2024-08-13,2.3590659786621044,1.6534725816761335,0.0,-0.06418571160863984
10y,Long CSI1000 / Short CSI300,2024-08-14,2.3590659786621044,1.6534725816761335,0.0,-0.06418571160863984
10y,Long CSI1000 / Short CSI300,2024-08-15,2.3590659786621044,1.6534725816761335,0.0,-0.06418571160863984
10y,Long CSI1000 / Short CSI300,2024-08-16,2.3590659786621044,1.6534725816761335,0.0,-0.06418571160863984
10y,Long CSI1000 / Short CSI300,2024-08-19,2.3590659786621044,1.6534725816761335,0.0,-0.06418571160863984
10y,Long CSI1000 / Short CSI300,2024-08-20,2.3590659786621044,1.6534725816761335,0.0,-0.06418571160863984
10y,Long CSI1000 / Short CSI300,2024-08-21,2.3590659786621044,1.6534725816761335,0.0,-0.06418571160863984
10y,Long CSI1000 / Short CSI300,2024-08-22,2.3590659786621044,1.6534725816761335,0.0,-0.06418571160863984
10y,Long CSI1000 / Short CSI300,2024-08-23,2.3590659786621044,1.6534725816761335,0.0,-0.06418571160863984
10y,Long CSI1000 / Short CSI300,2024-08-26,2.3590659786621044,1.6534725816761335,0.0,-0.06418571160863984
10y,Long CSI1000 / Short CSI300,2024-08-27,2.3590659786621044,1.6534725816761335,0.0,-0.06418571160863984
10y,Long CSI1000 / Short CSI300,2024-08-28,2.3590659786621044,1.6534725816761335,0.0,-0.06418571160863984
10y,Long CSI1000 / Short CSI300,2024-08-29,2.3590659786621044,1.6534725816761335,0.0,-0.06418571160863984
10y,Long CSI1000 / Short CSI300,2024-08-30,2.3590659786621044,1.6534725816761335,0.0,-0.06418571160863984
10y,Long CSI1000 / Short CSI300,2024-09-02,2.3590659786621044,1.6534725816761335,0.0,-0.06418571160863984
10y,Long CSI1000 / Short CSI300,2024-09-03,2.3590659786621044,1.6534725816761335,0.0,-0.06418571160863984
10y,Long CSI1000 / Short CSI300,2024-09-04,2.3590659786621044,1.6534725816761335,0.0,-0.06418571160863984
10y,Long CSI1000 / Short CSI300,2024-09-05,2.3590659786621044,1.6534725816761335,0.0,-0.06418571160863984
10y,Long CSI1000 / Short CSI300,2024-09-06,2.3590659786621044,1.6534725816761335,0.0,-0.06418571160863984
10y,Long CSI1000 / Short CSI300,2024-09-09,2.3590659786621044,1.6534725816761335,0.0,-0.06418571160863984
10y,Long CSI1000 / Short CSI300,2024-09-10,2.3590659786621044,1.6534725816761335,0.0,-0.06418571160863984
10y,Long CSI1000 / Short CSI300,2024-09-11,2.3590659786621044,1.6534725816761335,0.0,-0.06418571160863984
10y,Long CSI1000 / Short CSI300,2024-09-12,2.3590659786621044,1.6534725816761335,0.0,-0.06418571160863984
10y,Long CSI1000 / Short CSI300,2024-09-13,2.3590659786621044,1.6534725816761335,0.0,-0.06418571160863984
10y,Long CSI1000 / Short CSI300,2024-09-18,2.3590659786621044,1.6534725816761335,0.0,-0.06418571160863984
10y,Long CSI1000 / Short CSI300,2024-09-19,2.3590659786621044,1.6534725816761335,0.0,-0.06418571160863984
10y,Long CSI1000 / Short CSI300,2024-09-20,2.3590659786621044,1.6534725816761335,0.0,-0.06418571160863984
10y,Long CSI1000 / Short CSI300,2024-09-23,2.3590659786621044,1.6534725816761335,0.0,-0.06418571160863984
10y,Long CSI1000 / Short CSI300,2024-09-24,2.3590659786621044,1.6534725816761335,0.0,-0.06418571160863984
10y,Long CSI1000 / Short CSI300,2024-09-25,2.3590659786621044,1.6534725816761335,0.0,-0.06418571160863984
10y,Long CSI1000 / Short CSI300,2024-09-26,2.3590659786621044,1.6534725816761335,0.0,-0.06418571160863984
10y,Long CSI1000 / Short CSI300,2024-09-27,2.3590659786621044,1.6534725816761335,0.0,-0.06418571160863984
10y,Long CSI1000 / Short CSI300,2024-09-30,2.3590659786621044,1.6534725816761335,0.0,-0.06418571160863984
10y,Long CSI1000 / Short CSI300,2024-10-08,2.3590659786621044,1.6534725816761335,0.0,-0.06418571160863984
10y,Long CSI1000 / Short CSI300,2024-10-09,2.3590659786621044,1.6534725816761335,0.0,-0.06418571160863984
10y,Long CSI1000 / Short CSI300,2024-10-10,2.3590659786621044,1.6534725816761335,0.0,-0.06418571160863984
10y,Long CSI1000 / Short CSI300,2024-10-11,2.3590659786621044,1.6534725816761335,0.0,-0.06418571160863984
10y,Long CSI1000 / Short CSI300,2024-10-14,2.3590659786621044,1.6534725816761335,0.0,-0.06418571160863984
10y,Long CSI1000 / Short CSI300,2024-10-15,2.3590659786621044,1.6534725816761335,0.0,-0.06418571160863984
10y,Long CSI1000 / Short CSI300,2024-10-16,2.3590659786621044,1.6534725816761335,0.0,-0.06418571160863984
10y,Long CSI1000 / Short CSI300,2024-10-17,2.3590659786621044,1.6534725816761335,0.0,-0.06418571160863984
10y,Long CSI1000 / Short CSI300,2024-10-18,2.3590659786621044,1.6534725816761335,0.0,-0.06418571160863984
10y,Long CSI1000 / Short CSI300,2024-10-21,2.3973993167450924,1.680340470941481,0.0162493709076878,-0.048979318135854766
10y,Long CSI1000 / Short CSI300,2024-10-22,2.3952101551210254,1.678806084555092,-0.0009131401718421,-0.0498477333247177
10y,Long CSI1000 / Short CSI300,2024-10-23,2.3918878847639204,1.6764775007028068,-0.0013870475415285,-0.05116563969028742
10y,Long CSI1000 / Short CSI300,2024-10-24,2.40171739984798,1.683367021313791,0.0041095216655733,-0.04726638432955432
10y,Long CSI1000 / Short CSI300,2024-10-25,2.4310602417607057,1.7039334594761797,0.0122174415335387,-0.03562641708306358
10y,Long CSI1000 / Short CSI300,2024-10-28,2.4698397568344648,1.7311140748066258,0.0159516882418646,-0.020243030339682555
10y,Long CSI1000 / Short CSI300,2024-10-29,2.4544024986563824,1.7202940793658068,-0.0062503075899418,-0.026366812763448877
10y,Long CSI1000 / Short CSI300,2024-10-30,2.4913125899653776,1.7461644130142104,0.0150383204585233,-0.011725004884731938
10y,Long CSI1000 / Short CSI300,2024-10-31,2.5305550072106064,1.7736694771118577,0.015751703500914,0.0
10y,Long CSI1000 / Short CSI300,2024-11-01,2.454069024332704,1.72006034675473,-0.0302249833178738,-0.03022498331787371
10y,Long CSI1000 / Short CSI300,2024-11-04,2.470158537590028,1.7313375086756475,0.0065562594604275,-0.023866886690264932
10y,Long CSI1000 / Short CSI300,2024-11-05,2.4941478846319827,1.7481516749367714,0.0097116629062035,-0.014387010942217948
10y,Long CSI1000 / Short CSI300,2024-11-06,2.517383960855873,1.7644378726478367,0.0093162383702516,-0.005204805395339629
10y,Long CSI1000 / Short CSI300,2024-11-07,2.486653873814611,1.7428991124712077,-0.0122071513599436,-0.017348420908023243
10y,Long CSI1000 / Short CSI300,2024-11-08,2.519421140828201,1.7658657348859648,0.0131772529175218,-0.004399772520526257
10y,Long CSI1000 / Short CSI300,2024-11-11,2.5636466961785853,1.7968634873196345,0.0175538557780958,0.0
10y,Long CSI1000 / Short CSI300,2024-11-12,2.557834946779032,1.7927900241903056,-0.0022669853097216,-0.002266985309721692
10y,Long CSI1000 / Short CSI300,2024-11-13,2.535304882952165,1.7769986715371404,-0.0088082555347199,-0.011055272658540338
10y,Long CSI1000 / Short CSI300,2024-11-14,2.499457708193101,1.7518733375571727,-0.0141391968280054,-0.025038156810439305
10y,Long CSI1000 / Short CSI300,2024-11-15,2.4845445223708715,1.7414206651497302,-0.0059665685773937,-0.030855333508172045
10y,Long CSI1000 / Short CSI300,2024-11-18,2.434634218692117,1.706438464811801,-0.0200883112495515,-0.050323813214502855
10y,Long CSI1000 / Short CSI300,2024-11-19,2.4574288022468638,1.722415219705225,0.0093626317168053,-0.041432344827409984
10y,Long CSI1000 / Short CSI300,2024-11-20,2.4568144450463016,1.7219846159002983,-0.00025,-0.041671986741203315
10y,Long CSI1000 / Short CSI300,2024-11-21,2.4568144450463016,1.7219846159002983,0.0,-0.041671986741203315
10y,Long CSI1000 / Short CSI300,2024-11-22,2.4568144450463016,1.7219846159002983,0.0,-0.041671986741203315
10y,Long CSI1000 / Short CSI300,2024-11-25,2.4568144450463016,1.7219846159002983,0.0,-0.041671986741203315
10y,Long CSI1000 / Short CSI300,2024-11-26,2.4568144450463016,1.7219846159002983,0.0,-0.041671986741203315
10y,Long CSI1000 / Short CSI300,2024-11-27,2.4568144450463016,1.7219846159002983,0.0,-0.041671986741203315
10y,Long CSI1000 / Short CSI300,2024-11-28,2.4568144450463016,1.7219846159002983,0.0,-0.041671986741203315
10y,Long CSI1000 / Short CSI300,2024-11-29,2.4568144450463016,1.7219846159002983,0.0,-0.041671986741203315
10y,Long CSI1000 / Short CSI300,2024-12-02,2.4568144450463016,1.7219846159002983,0.0,-0.041671986741203315
10y,Long CSI1000 / Short CSI300,2024-12-03,2.4568144450463016,1.7219846159002983,0.0,-0.041671986741203315
10y,Long CSI1000 / Short CSI300,2024-12-04,2.4568144450463016,1.7219846159002983,0.0,-0.041671986741203315
10y,Long CSI1000 / Short CSI300,2024-12-05,2.4568144450463016,1.7219846159002983,0.0,-0.041671986741203315
10y,Long CSI1000 / Short CSI300,2024-12-06,2.4568144450463016,1.7219846159002983,0.0,-0.041671986741203315
10y,Long CSI1000 / Short CSI300,2024-12-09,2.4568144450463016,1.7219846159002983,0.0,-0.041671986741203315
10y,Long CSI1000 / Short CSI300,2024-12-10,2.4568144450463016,1.7219846159002983,0.0,-0.041671986741203315
10y,Long CSI1000 / Short CSI300,2024-12-11,2.4568144450463016,1.7219846159002983,0.0,-0.041671986741203315
10y,Long CSI1000 / Short CSI300,2024-12-12,2.4521715158328727,1.7187303804433394,-0.001889816800284,-0.04348305112084261
10y,Long CSI1000 / Short CSI300,2024-12-13,2.4557345581297296,1.7212277216785965,0.001453015123066,-0.04209321752865225
10y,Long CSI1000 / Short CSI300,2024-12-16,2.43841606910562,1.7090891689562753,-0.0070522642468735,-0.048848629282512435
10y,Long CSI1000 / Short CSI300,2024-12-17,2.437196861071067,1.7082346243717972,-0.0005,-0.049324204967871155
10y,Long CSI1000 / Short CSI300,2024-12-18,2.437196861071067,1.7082346243717972,0.0,-0.049324204967871155
10y,Long CSI1000 / Short CSI300,2024-12-19,2.437196861071067,1.7082346243717972,0.0,-0.049324204967871155
10y,Long CSI1000 / Short CSI300,2024-12-20,2.437196861071067,1.7082346243717972,0.0,-0.049324204967871155
10y,Long CSI1000 / Short CSI300,2024-12-23,2.437196861071067,1.7082346243717972,0.0,-0.049324204967871155
10y,Long CSI1000 / Short CSI300,2024-12-24,2.437196861071067,1.7082346243717972,0.0,-0.049324204967871155
10y,Long CSI1000 / Short CSI300,2024-12-25,2.437196861071067,1.7082346243717972,0.0,-0.049324204967871155
10y,Long CSI1000 / Short CSI300,2024-12-26,2.437196861071067,1.7082346243717972,0.0,-0.049324204967871155
10y,Long CSI1000 / Short CSI300,2024-12-27,2.437196861071067,1.7082346243717972,0.0,-0.049324204967871155
10y,Long CSI1000 / Short CSI300,2024-12-30,2.437196861071067,1.7082346243717972,0.0,-0.049324204967871155
10y,Long CSI1000 / Short CSI300,2024-12-31,2.437196861071067,1.7082346243717972,0.0,-0.049324204967871155
10y,Long CSI1000 / Short CSI300,2025-01-02,2.437196861071067,1.7082346243717972,0.0,-0.049324204967871155
10y,Long CSI1000 / Short CSI300,2025-01-03,2.437196861071067,1.7082346243717972,0.0,-0.049324204967871155
10y,Long CSI1000 / Short CSI300,2025-01-06,2.437196861071067,1.7082346243717972,0.0,-0.049324204967871155
10y,Long CSI1000 / Short CSI300,2025-01-07,2.437196861071067,1.7082346243717972,0.0,-0.049324204967871155
10y,Long CSI1000 / Short CSI300,2025-01-08,2.437196861071067,1.7082346243717972,0.0,-0.049324204967871155
10y,Long CSI1000 / Short CSI300,2025-01-09,2.437196861071067,1.7082346243717972,0.0,-0.049324204967871155
10y,Long CSI1000 / Short CSI300,2025-01-10,2.437196861071067,1.7082346243717972,0.0,-0.049324204967871155
10y,Long CSI1000 / Short CSI300,2025-01-13,2.437196861071067,1.7082346243717972,0.0,-0.049324204967871155
10y,Long CSI1000 / Short CSI300,2025-01-14,2.437196861071067,1.7082346243717972,0.0,-0.049324204967871155
10y,Long CSI1000 / Short CSI300,2025-01-15,2.437196861071067,1.7082346243717972,0.0,-0.049324204967871155
10y,Long CSI1000 / Short CSI300,2025-01-16,2.437196861071067,1.7082346243717972,0.0,-0.049324204967871155
10y,Long CSI1000 / Short CSI300,2025-01-17,2.437196861071067,1.7082346243717972,0.0,-0.049324204967871155
10y,Long CSI1000 / Short CSI300,2025-01-20,2.437196861071067,1.7082346243717972,0.0,-0.049324204967871155
10y,Long CSI1000 / Short CSI300,2025-01-21,2.437196861071067,1.7082346243717972,0.0,-0.049324204967871155
10y,Long CSI1000 / Short CSI300,2025-01-22,2.437196861071067,1.7082346243717972,0.0,-0.049324204967871155
10y,Long CSI1000 / Short CSI300,2025-01-23,2.437196861071067,1.7082346243717972,0.0,-0.049324204967871155
10y,Long CSI1000 / Short CSI300,2025-01-24,2.437196861071067,1.7082346243717972,0.0,-0.049324204967871155
10y,Long CSI1000 / Short CSI300,2025-01-27,2.4226560870861955,1.6980429759322015,-0.0059661877204622,-0.05499611522233261
10y,Long CSI1000 / Short CSI300,2025-02-05,2.4370473842428613,1.708129855857788,0.0059402971942149,-0.04938251129706561
10y,Long CSI1000 / Short CSI300,2025-02-06,2.454725968827194,1.720520800052411,0.0072540996529801,-0.042486637302148744
10y,Long CSI1000 / Short CSI300,2025-02-07,2.4596514392600564,1.7239730690377886,0.0020065255736941,-0.04056536225274188
10y,Long CSI1000 / Short CSI300,2025-02-10,2.4849872865568687,1.7417309991752794,0.0103005844211951,-0.030682624770007272
10y,Long CSI1000 / Short CSI300,2025-02-11,2.488270200572843,1.7440319981140595,0.0013210989181853,-0.0294020606342128
10y,Long CSI1000 / Short CSI300,2025-02-12,2.502561704502853,1.7540489328301414,0.0057435498470865,-0.023827382987986034
10y,Long CSI1000 / Short CSI300,2025-02-13,2.483171728470956,1.7404584720214609,-0.0077480511257762,-0.031390818332177495
10y,Long CSI1000 / Short CSI300,2025-02-14,2.476220161197844,1.7355861089804379,-0.0027994710125798,-0.034102411658775256
10y,Long CSI1000 / Short CSI300,2025-02-17,2.4839004237115017,1.7409692155155123,0.0031016072940552,-0.031106576653465834
10y,Long CSI1000 / Short CSI300,2025-02-18,2.4502532729241646,1.717385881356314,-0.0135460948700434,-0.04423129888507915
10y,Long CSI1000 / Short CSI300,2025-02-19,2.491221717842199,1.746100720618375,0.0167200857849041,-0.028250764211911195
10y,Long CSI1000 / Short CSI300,2025-02-20,2.516593568529527,1.7638838855816839,0.0101845012451577,-0.018353982910046196
10y,Long CSI1000 / Short CSI300,2025-02-21,2.530297885367912,1.7734892600594774,0.0054455820795857,-0.01300834895088454
10y,Long CSI1000 / Short CSI300,2025-02-24,2.5416783180820204,1.781465820965612,0.0044976651879284,-0.008569190961184803
10y,Long CSI1000 / Short CSI300,2025-02-25,2.558838754787669,1.7934935946010364,0.0067516162779395,-0.001875430572427561
10y,Long CSI1000 / Short CSI300,2025-02-26,2.5717540602979536,1.8025459499562424,0.0050473307417748,0.0
10y,Long CSI1000 / Short CSI300,2025-02-27,2.556670523238035,1.791973878132539,-0.0058650775720642,-0.005865077572064115
10y,Long CSI1000 / Short CSI300,2025-02-28,2.5160464890563223,1.7635004368281841,-0.0158894287756179,-0.021661313615337296
10y,Long CSI1000 / Short CSI300,2025-03-03,2.5183706099186547,1.7651294163298712,0.0009237193638675,-0.020757603226303045
10y,Long CSI1000 / Short CSI300,2025-03-04,2.5542097378850213,1.7902491103017952,0.0142310777552809,-0.006821928536548949
10y,Long CSI1000 / Short CSI300,2025-03-05,2.559096607145244,1.7936743236722992,0.0019132607584015,-0.004921719906312849
10y,Long CSI1000 / Short CSI300,2025-03-06,2.5783301994214365,1.8071551748920085,0.0075157742081681,0.0
10y,Long CSI1000 / Short CSI300,2025-03-07,2.5755535561895395,1.805209021840519,-0.0010769152967762,-0.0010769152967762263
10y,Long CSI1000 / Short CSI300,2025-03-10,2.590773408738119,1.815876637377284,0.0059093519961963,0.0
10y,Long CSI1000 / Short CSI300,2025-03-11,2.5946641577073044,1.8186036686688722,0.0015017712301905,0.0
10y,Long CSI1000 / Short CSI300,2025-03-12,2.610090183333165,1.8294157911984252,0.0059452879788077,0.0
10y,Long CSI1000 / Short CSI300,2025-03-13,2.580583522245551,1.8087345319515562,-0.0113048435169137,-0.011304843516913632
10y,Long CSI1000 / Short CSI300,2025-03-14,2.560050982714165,1.7943432468181992,-0.0079565491116205,-0.01917144508589297
10y,Long CSI1000 / Short CSI300,2025-03-17,2.5734922840184846,1.8037642733472428,0.0052504037595644,-0.014021699153683675
10y,Long CSI1000 / Short CSI300,2025-03-18,2.5736923766600417,1.8039045185542877,7.775140527896429e-05,-0.013945037955218176
10y,Long CSI1000 / Short CSI300,2025-03-19,2.563717555786984,1.7969131529163984,-0.0038756849744423,-0.017766676355589373
10y,Long CSI1000 / Short CSI300,2025-03-20,2.569227162942174,1.800774844132038,0.0021490694802764,-0.01565578869723483
10y,Long CSI1000 / Short CSI300,2025-03-21,2.563174941153818,1.7965328335754087,-0.0023556584935934,-0.017974567499209892
10y,Long CSI1000 / Short CSI300,2025-03-24,2.5625341474185297,1.796083700367015,-0.00025,-0.01822007385733504
10y,Long CSI1000 / Short CSI300,2025-03-25,2.5625341474185297,1.796083700367015,0.0,-0.01822007385733504
10y,Long CSI1000 / Short CSI300,2025-03-26,2.5625341474185297,1.796083700367015,0.0,-0.01822007385733504
10y,Long CSI1000 / Short CSI300,2025-03-27,2.5625341474185297,1.796083700367015,0.0,-0.01822007385733504
10y,Long CSI1000 / Short CSI300,2025-03-28,2.5625341474185297,1.796083700367015,0.0,-0.01822007385733504
10y,Long CSI1000 / Short CSI300,2025-03-31,2.5625341474185297,1.796083700367015,0.0,-0.01822007385733504
10y,Long CSI1000 / Short CSI300,2025-04-01,2.5625341474185297,1.796083700367015,0.0,-0.01822007385733504
10y,Long CSI1000 / Short CSI300,2025-04-02,2.5625341474185297,1.796083700367015,0.0,-0.01822007385733504
10y,Long CSI1000 / Short CSI300,2025-04-03,2.5625341474185297,1.796083700367015,0.0,-0.01822007385733504
10y,Long CSI1000 / Short CSI300,2025-04-07,2.5625341474185297,1.796083700367015,0.0,-0.01822007385733504
10y,Long CSI1000 / Short CSI300,2025-04-08,2.5625341474185297,1.796083700367015,0.0,-0.01822007385733504
10y,Long CSI1000 / Short CSI300,2025-04-09,2.5625341474185297,1.796083700367015,0.0,-0.01822007385733504
10y,Long CSI1000 / Short CSI300,2025-04-10,2.5625341474185297,1.796083700367015,0.0,-0.01822007385733504
10y,Long CSI1000 / Short CSI300,2025-04-11,2.5625341474185297,1.796083700367015,0.0,-0.01822007385733504
10y,Long CSI1000 / Short CSI300,2025-04-14,2.5625341474185297,1.796083700367015,0.0,-0.01822007385733504
10y,Long CSI1000 / Short CSI300,2025-04-15,2.5625341474185297,1.796083700367015,0.0,-0.01822007385733504
10y,Long CSI1000 / Short CSI300,2025-04-16,2.5625341474185297,1.796083700367015,0.0,-0.01822007385733504
10y,Long CSI1000 / Short CSI300,2025-04-17,2.5625341474185297,1.796083700367015,0.0,-0.01822007385733504
10y,Long CSI1000 / Short CSI300,2025-04-18,2.5625341474185297,1.796083700367015,0.0,-0.01822007385733504
10y,Long CSI1000 / Short CSI300,2025-04-21,2.5625341474185297,1.796083700367015,0.0,-0.01822007385733504
10y,Long CSI1000 / Short CSI300,2025-04-22,2.5625341474185297,1.796083700367015,0.0,-0.01822007385733504
10y,Long CSI1000 / Short CSI300,2025-04-23,2.5625341474185297,1.796083700367015,0.0,-0.01822007385733504
10y,Long CSI1000 / Short CSI300,2025-04-24,2.5625341474185297,1.796083700367015,0.0,-0.01822007385733504
10y,Long CSI1000 / Short CSI300,2025-04-25,2.5625341474185297,1.796083700367015,0.0,-0.01822007385733504
10y,Long CSI1000 / Short CSI300,2025-04-28,2.5625341474185297,1.796083700367015,0.0,-0.01822007385733504
10y,Long CSI1000 / Short CSI300,2025-04-29,2.5625341474185297,1.796083700367015,0.0,-0.01822007385733504
10y,Long CSI1000 / Short CSI300,2025-04-30,2.5625341474185297,1.796083700367015,0.0,-0.01822007385733504
10y,Long CSI1000 / Short CSI300,2025-05-06,2.5625341474185297,1.796083700367015,0.0,-0.01822007385733504
10y,Long CSI1000 / Short CSI300,2025-05-07,2.555963063970905,1.7914780189613952,-0.0025642910765673,-0.020737643361095848
10y,Long CSI1000 / Short CSI300,2025-05-08,2.560588568540985,1.7947200414619202,0.0018096914760944,-0.018965480621426334
10y,Long CSI1000 / Short CSI300,2025-05-09,2.546364259408874,1.7847502036718939,-0.0055550935854628,-0.024415219187143622
10y,Long CSI1000 / Short CSI300,2025-05-12,2.549485701100717,1.7869380264371095,0.00122584256369,-0.02321930583833498
10y,Long CSI1000 / Short CSI300,2025-05-13,2.5442425365156187,1.7832630851844737,-0.0020565577531322,-0.025228111748022863
10y,Long CSI1000 / Short CSI300,2025-05-14,2.5310077443455685,1.773986801191022,-0.0052018594847389,-0.030298738140383308
10y,Long CSI1000 / Short CSI300,2025-05-15,2.5212484787496106,1.767146518542648,-0.0038558813649468,-0.034037791165553166
10y,Long CSI1000 / Short CSI300,2025-05-16,2.529437007702038,1.7728858697221255,0.0032478071960952,-0.030900532152544624
10y,Long CSI1000 / Short CSI300,2025-05-19,2.539022487118804,1.7796043453990256,0.0037895703223991,-0.027228061569736894
10y,Long CSI1000 / Short CSI300,2025-05-20,2.5426734666871496,1.7821633219885413,0.0014379469212534,-0.02582926715578937
10y,Long CSI1000 / Short CSI300,2025-05-21,2.53391338774688,1.7760233706382746,-0.0034452237202458,-0.0291855032721533
10y,Long CSI1000 / Short CSI300,2025-05-22,2.5332799093999427,1.7755793647956148,-0.00025,-0.029428206896335407
10y,Long CSI1000 / Short CSI300,2025-05-23,2.5332799093999427,1.7755793647956148,0.0,-0.029428206896335407
10y,Long CSI1000 / Short CSI300,2025-05-26,2.5332799093999427,1.7755793647956148,0.0,-0.029428206896335407
10y,Long CSI1000 / Short CSI300,2025-05-27,2.5332799093999427,1.7755793647956148,0.0,-0.029428206896335407
10y,Long CSI1000 / Short CSI300,2025-05-28,2.5332799093999427,1.7755793647956148,0.0,-0.029428206896335407
10y,Long CSI1000 / Short CSI300,2025-05-29,2.5332799093999427,1.7755793647956148,0.0,-0.029428206896335407
10y,Long CSI1000 / Short CSI300,2025-05-30,2.5332799093999427,1.7755793647956148,0.0,-0.029428206896335407
10y,Long CSI1000 / Short CSI300,2025-06-03,2.5332799093999427,1.7755793647956148,0.0,-0.029428206896335407
10y,Long CSI1000 / Short CSI300,2025-06-04,2.5332799093999427,1.7755793647956148,0.0,-0.029428206896335407
10y,Long CSI1000 / Short CSI300,2025-06-05,2.5332799093999427,1.7755793647956148,0.0,-0.029428206896335407
10y,Long CSI1000 / Short CSI300,2025-06-06,2.528522971005449,1.7722452201471983,-0.0018777784392646,-0.03125072568318399
10y,Long CSI1000 / Short CSI300,2025-06-09,2.5377726599661887,1.7787283398326803,0.0036581391851313,-0.02770690600223813
10y,Long CSI1000 / Short CSI300,2025-06-10,2.526634345756206,1.7709214801183348,-0.0043890118235142,-0.0319743118877156
10y,Long CSI1000 / Short CSI300,2025-06-11,2.517818193016475,1.7647422265650785,-0.0034892871438001,-0.03535203147611399
10y,Long CSI1000 / Short CSI300,2025-06-12,2.521712063061419,1.767471445422949,0.0015465255020177,-0.03386017879232217
10y,Long CSI1000 / Short CSI300,2025-06-13,2.504632148689097,1.75550011000145,-0.0067731421927634,-0.040403981179452986
10y,Long CSI1000 / Short CSI300,2025-06-16,2.515377849882695,1.7630317867138474,0.0042903310968127,-0.03628699653952949
10y,Long CSI1000 / Short CSI300,2025-06-17,2.5151439929773454,1.7628678760879775,-9.297088521320608e-05,-0.03637659379055269
10y,Long CSI1000 / Short CSI300,2025-06-18,2.509675605808306,1.759035076017195,-0.0021741845334931,-0.038471688896445255
10y,Long CSI1000 / Short CSI300,2025-06-19,2.494545064309972,1.7484300587181045,-0.0060288833597922,-0.04426863093122646
10y,Long CSI1000 / Short CSI300,2025-06-20,2.472201154602672,1.732769181742794,-0.0089571080622991,-0.05282922008250479
10y,Long CSI1000 / Short CSI300,2025-06-23,2.4841290900620114,1.7411294880743724,0.0048248239982949,-0.0482592877730752
10y,Long CSI1000 / Short CSI300,2025-06-24,2.4929660130826425,1.7473232995460137,0.0035573525772005,-0.04487361049760796
10y,Long CSI1000 / Short CSI300,2025-06-25,2.4894025402831685,1.7448256565708815,-0.0014294109028255,-0.046238878572339104
10y,Long CSI1000 / Short CSI300,2025-06-26,2.4869700163348574,1.7431206971974755,-0.0009771517096767,-0.04717084788276538
10y,Long CSI1000 / Short CSI300,2025-06-27,2.5140291956176077,1.762086513088755,0.0108803801835246,-0.03680370445778414
10y,Long CSI1000 / Short CSI300,2025-06-30,2.5365053785913547,1.7778401005780304,0.008940303085154,-0.028192437645139345
10y,Long CSI1000 / Short CSI300,2025-07-01,2.5392123838677088,1.779737444290919,0.0010672184254769,-0.027155306708576354
10y,Long CSI1000 / Short CSI300,2025-07-02,2.513014318157517,1.7613751840843102,-0.0103173983699178,-0.03719253296132452
10y,Long CSI1000 / Short CSI300,2025-07-03,2.510696154783652,1.759750380194465,-0.0009224632574176,-0.038080687473635244
10y,Long CSI1000 / Short CSI300,2025-07-04,2.489777211119512,1.7450882638742171,-0.0083319296221023,-0.046095331487745805
10y,Long CSI1000 / Short CSI300,2025-07-07,2.506388299222144,1.7567309983199426,0.0066717166614131,-0.03973114981743309
10y,Long CSI1000 / Short CSI300,2025-07-08,2.51717481405708,1.764291281369561,0.0043036088375785,-0.035598528307335786
10y,Long CSI1000 / Short CSI300,2025-07-09,2.514840842919344,1.7626553977963262,-0.0009272185327385,-0.03649273922488949
10y,Long CSI1000 / Short CSI300,2025-07-10,2.509468834734127,1.7588901498875613,-0.0021361225305137,-0.03855090879294509
10y,Long CSI1000 / Short CSI300,2025-07-11,2.527814078694393,1.7717483565536005,0.00731040916163,-0.03152232254814391
10y,Long CSI1000 / Short CSI300,2025-07-14,2.5264851140846023,1.7708168834349245,-0.0005257366912351,-0.03203148679782275
10y,Long CSI1000 / Short CSI300,2025-07-15,2.5179978683516118,1.7648681612540356,-0.003359309613849,-0.03528319273012581
10y,Long CSI1000 / Short CSI300,2025-07-16,2.532988922719368,1.775375411831893,0.0059535611829448,-0.029539692193829348
10y,Long CSI1000 / Short CSI300,2025-07-17,2.544513558227825,1.7834530446744692,0.0045498167817035,-0.025124275599395895
10y,Long CSI1000 / Short CSI300,2025-07-18,2.535778634434153,1.777330724600972,-0.0034328462371235,-0.028470874061567564
10y,Long CSI1000 / Short CSI300,2025-07-21,2.542123267801819,1.7817776868348019,0.0025020454394206,-0.026040064042749056
10y,Long CSI1000 / Short CSI300,2025-07-22,2.531014292051128,1.7739913904868336,-0.0043699595103811,-0.030296229527615348
10y,Long CSI1000 / Short CSI300,2025-07-23,2.519122231495381,1.7656562289244124,-0.0046985355211524,-0.03485241713817544
10y,Long CSI1000 / Short CSI300,2025-07-24,2.5369004505657387,1.7781170070670143,0.0070573070445272,-0.028041074302636138
10y,Long CSI1000 / Short CSI300,2025-07-25,2.535632000340456,1.777227948563481,-0.0005,-0.0285270537654847
10y,Long CSI1000 / Short CSI300,2025-07-28,2.5378710507900366,1.7787973020961323,0.0008830344660739,-0.027669209671101314
10y,Long CSI1000 / Short CSI300,2025-07-29,2.544460347501736,1.783415749203535,0.0025963875152947,-0.02514466214635458
10y,Long CSI1000 / Short CSI300,2025-07-30,2.5241282448620925,1.76916495056265,-0.0079907327538454,-0.032934470624802925
10y,Long CSI1000 / Short CSI300,2025-07-31,2.549052955858957,1.7866347147033248,0.009874581867066,-0.02338510288416995
10y,Long CSI1000 / Short CSI300,2025-08-01,2.5656133280255835,1.7982419022799092,0.0064966763944871,-0.017040351935573073
10y,Long CSI1000 / Short CSI300,2025-08-04,2.5821933606354133,1.8098628698881136,0.0064624050821364,-0.010688068510386506
10y,Long CSI1000 / Short CSI300,2025-08-05,2.5797485246162584,1.808149280967358,-0.0009468059427405,-0.01162475492634496
10y,Long CSI1000 / Short CSI300,2025-08-06,2.601446819189128,1.823357645409,0.0084110115252793,-0.0033115193487297523
10y,Long CSI1000 / Short CSI300,2025-08-07,2.6010189178713627,1.8230577287881902,-0.0001644858986196,-0.003475460549113296
10y,Long CSI1000 / Short CSI300,2025-08-08,2.5980384525130407,1.820968716528594,-0.0011458837680278,-0.004617361843311629
10y,Long CSI1000 / Short CSI300,2025-08-11,2.627010693764252,1.8412754001787701,0.0111515829271837,0.0
10y,Long CSI1000 / Short CSI300,2025-08-12,2.6209032433015325,1.8369946797684917,-0.0023248669970079,-0.002324866997008068
10y,Long CSI1000 / Short CSI300,2025-08-13,2.6379619057662964,1.8489511196988202,0.0065086960033196,0.0
10y,Long CSI1000 / Short CSI300,2025-08-14,2.6071966246269973,1.8273876919305818,-0.0116625191107004,-0.011662519110700376
10y,Long CSI1000 / Short CSI300,2025-08-15,2.6415138862461185,1.8514407076913382,0.013162513826141,0.0
10y,Long CSI1000 / Short CSI300,2025-08-18,2.6626057277622524,1.866224008353308,0.0079847551156007,0.0
10y,Long CSI1000 / Short CSI300,2025-08-19,2.674655061393252,1.8746694028299917,0.0045253916136978,0.0
10y,Long CSI1000 / Short CSI300,2025-08-20,2.6674462797273404,1.869616757868093,-0.00269521919666,-0.002695219196660159
10y,Long CSI1000 / Short CSI300,2025-08-21,2.638117527314841,1.849060195055747,-0.0109950676927962,-0.013660652771942172
10y,Long CSI1000 / Short CSI300,2025-08-22,2.6229716369972853,1.8384444197482013,-0.0057411734544562,-0.019323398049333584
10y,Long CSI1000 / Short CSI300,2025-08-25,2.6094899445048614,1.8289950829799884,-0.0051398544697408,-0.024363933065239984
10y,Long CSI1000 / Short CSI300,2025-08-26,2.618795032383039,1.835517031842724,0.0035658646233807,-0.020884946928863002
10y,Long CSI1000 / Short CSI300,2025-08-27,2.608710270434212,1.8284486083539615,-0.0038509168621915,-0.024655437596760033
10y,Long CSI1000 / Short CSI300,2025-08-28,2.601972390899397,1.823726019341944,-0.0025828393483089,-0.027174595910694377
10y,Long CSI1000 / Short CSI300,2025-08-29,2.6006714047039474,1.8228141563322733,-0.0005,-0.027661008612738902
10y,Long CSI1000 / Short CSI300,2025-09-01,2.6006714047039474,1.8228141563322733,0.0,-0.027661008612738902
10y,Long CSI1000 / Short CSI300,2025-09-02,2.6006714047039474,1.8228141563322733,0.0,-0.027661008612738902
10y,Long CSI1000 / Short CSI300,2025-09-03,2.6006714047039474,1.8228141563322733,0.0,-0.027661008612738902
10y,Long CSI1000 / Short CSI300,2025-09-04,2.6006714047039474,1.8228141563322733,0.0,-0.027661008612738902
10y,Long CSI1000 / Short CSI300,2025-09-05,2.6006714047039474,1.8228141563322733,0.0,-0.027661008612738902
10y,Long CSI1000 / Short CSI300,2025-09-08,2.6006714047039474,1.8228141563322733,0.0,-0.027661008612738902
10y,Long CSI1000 / Short CSI300,2025-09-09,2.6006714047039474,1.8228141563322733,0.0,-0.027661008612738902
10y,Long CSI1000 / Short CSI300,2025-09-10,2.6006714047039474,1.8228141563322733,0.0,-0.027661008612738902
10y,Long CSI1000 / Short CSI300,2025-09-11,2.6006714047039474,1.8228141563322733,0.0,-0.027661008612738902
10y,Long CSI1000 / Short CSI300,2025-09-12,2.6006714047039474,1.8228141563322733,0.0,-0.027661008612738902
10y,Long CSI1000 / Short CSI300,2025-09-15,2.6006714047039474,1.8228141563322733,0.0,-0.027661008612738902
10y,Long CSI1000 / Short CSI300,2025-09-16,2.6006714047039474,1.8228141563322733,0.0,-0.027661008612738902
10y,Long CSI1000 / Short CSI300,2025-09-17,2.6006714047039474,1.8228141563322733,0.0,-0.027661008612738902
10y,Long CSI1000 / Short CSI300,2025-09-18,2.6006714047039474,1.8228141563322733,0.0,-0.027661008612738902
10y,Long CSI1000 / Short CSI300,2025-09-19,2.6006714047039474,1.8228141563322733,0.0,-0.027661008612738902
10y,Long CSI1000 / Short CSI300,2025-09-22,2.6006714047039474,1.8228141563322733,0.0,-0.027661008612738902
10y,Long CSI1000 / Short CSI300,2025-09-23,2.6006714047039474,1.8228141563322733,0.0,-0.027661008612738902
10y,Long CSI1000 / Short CSI300,2025-09-24,2.6006714047039474,1.8228141563322733,0.0,-0.027661008612738902
10y,Long CSI1000 / Short CSI300,2025-09-25,2.6006714047039474,1.8228141563322733,0.0,-0.027661008612738902
10y,Long CSI1000 / Short CSI300,2025-09-26,2.593386835703804,1.817708391923812,-0.0028010339895181,-0.030384563176948265
10y,Long CSI1000 / Short CSI300,2025-09-29,2.591043843038211,1.8160661851493223,-0.000903448970025,-0.031260561244666585
10y,Long CSI1000 / Short CSI300,2025-09-30,2.59854965625261,1.8213270199311582,0.0028968298759458,-0.028454287896472863
10y,Long CSI1000 / Short CSI300,2025-10-09,2.597900018838547,1.8208716881761755,-0.00025,-0.028697174324498698
10y,Long CSI1000 / Short CSI300,2025-10-10,2.597900018838547,1.8208716881761755,0.0,-0.028697174324498698
10y,Long CSI1000 / Short CSI300,2025-10-13,2.597900018838547,1.8208716881761755,0.0,-0.028697174324498698
10y,Long CSI1000 / Short CSI300,2025-10-14,2.597900018838547,1.8208716881761755,0.0,-0.028697174324498698
10y,Long CSI1000 / Short CSI300,2025-10-15,2.597900018838547,1.8208716881761755,0.0,-0.028697174324498698
10y,Long CSI1000 / Short CSI300,2025-10-16,2.597900018838547,1.8208716881761755,0.0,-0.028697174324498698
10y,Long CSI1000 / Short CSI300,2025-10-17,2.597900018838547,1.8208716881761755,0.0,-0.028697174324498698
10y,Long CSI1000 / Short CSI300,2025-10-20,2.597900018838547,1.8208716881761755,0.0,-0.028697174324498698
10y,Long CSI1000 / Short CSI300,2025-10-21,2.597900018838547,1.8208716881761755,0.0,-0.028697174324498698
10y,Long CSI1000 / Short CSI300,2025-10-22,2.597900018838547,1.8208716881761755,0.0,-0.028697174324498698
10y,Long CSI1000 / Short CSI300,2025-10-23,2.597900018838547,1.8208716881761755,0.0,-0.028697174324498698
10y,Long CSI1000 / Short CSI300,2025-10-24,2.597900018838547,1.8208716881761755,0.0,-0.028697174324498698
10y,Long CSI1000 / Short CSI300,2025-10-27,2.597900018838547,1.8208716881761755,0.0,-0.028697174324498698
10y,Long CSI1000 / Short CSI300,2025-10-28,2.597900018838547,1.8208716881761755,0.0,-0.028697174324498698
10y,Long CSI1000 / Short CSI300,2025-10-29,2.597900018838547,1.8208716881761755,0.0,-0.028697174324498698
10y,Long CSI1000 / Short CSI300,2025-10-30,2.597900018838547,1.8208716881761755,0.0,-0.028697174324498698
10y,Long CSI1000 / Short CSI300,2025-10-31,2.597900018838547,1.8208716881761755,0.0,-0.028697174324498698
10y,Long CSI1000 / Short CSI300,2025-11-03,2.597900018838547,1.8208716881761755,0.0,-0.028697174324498698
10y,Long CSI1000 / Short CSI300,2025-11-04,2.597900018838547,1.8208716881761755,0.0,-0.028697174324498698
10y,Long CSI1000 / Short CSI300,2025-11-05,2.597900018838547,1.8208716881761755,0.0,-0.028697174324498698
10y,Long CSI1000 / Short CSI300,2025-11-06,2.597900018838547,1.8208716881761755,0.0,-0.028697174324498698
10y,Long CSI1000 / Short CSI300,2025-11-07,2.597900018838547,1.8208716881761755,0.0,-0.028697174324498698
10y,Long CSI1000 / Short CSI300,2025-11-10,2.5964216982504498,1.8198355312473506,-0.0005690444502779,-0.029249888806988644
10y,Long CSI1000 / Short CSI300,2025-11-11,2.60449772552846,1.8254960298488485,0.0031104451497429,-0.026230423832016125
10y,Long CSI1000 / Short CSI300,2025-11-12,2.596842218714301,1.8201302746175239,-0.0029393409482072,-0.029092664621365172
10y,Long CSI1000 / Short CSI300,2025-11-13,2.599188834846905,1.8217750210850137,0.0009036421680503,-0.028215311811847443
10y,Long CSI1000 / Short CSI300,2025-11-14,2.6046738839173367,1.8256194995053459,0.0021102926408788,-0.02616456173584547
10y,Long CSI1000 / Short CSI300,2025-11-17,2.6167456971208054,1.8340806499452211,0.00463467356816,-0.02165115237038484
10y,Long CSI1000 / Short CSI300,2025-11-18,2.612173398946537,1.8308759198805333,-0.0017473223245574,-0.023360643153052973
10y,Long CSI1000 / Short CSI300,2025-11-19,2.59582076927322,1.8194143393025846,-0.0062601623919422,-0.029474564125276936
10y,Long CSI1000 / Short CSI300,2025-11-20,2.594193995421695,1.8182741312777078,-0.0006266895891969,-0.030082782311990575
10y,Long CSI1000 / Short CSI300,2025-11-21,2.577227232754021,1.8063821040412693,-0.0065402829154708,-0.03642631532025664
10y,Long CSI1000 / Short CSI300,2025-11-24,2.5950314532571297,1.8188611066237668,0.0069082851045627,-0.029769673587234702
10y,Long CSI1000 / Short CSI300,2025-11-25,2.599591508730614,1.8220572557626749,0.0017572255117604,-0.028064760105378506
10y,Long CSI1000 / Short CSI300,2025-11-26,2.5914926281912094,1.816380739278905,-0.0031154435272636,-0.03109276945742767
10y,Long CSI1000 / Short CSI300,2025-11-27,2.593741086521355,1.8179566868079546,0.0008676306101301,-0.03025211588583243
10y,Long CSI1000 / Short CSI300,2025-11-28,2.604197224320379,1.8252854081397414,0.0040312958966337,-0.026342775219833747
10y,Long CSI1000 / Short CSI300,2025-12-01,2.5992354957036947,1.8218077257435679,-0.0019052814319694,-0.028197866251310266
10y,Long CSI1000 / Short CSI300,2025-12-02,2.592561402704332,1.8171298448017803,-0.0025677138567838,-0.03069317605618893
10y,Long CSI1000 / Short CSI300,2025-12-03,2.5876597237500767,1.8136942512964063,-0.0018906703421344,-0.032525815720647944
10y,Long CSI1000 / Short CSI300,2025-12-04,2.583312137586121,1.8106470221881081,-0.0016801228245168,-0.03415129117978655
10y,Long CSI1000 / Short CSI300,2025-12-05,2.5891963192253806,1.8147712531736424,0.0022777664199564,-0.03195131342407753
10y,Long CSI1000 / Short CSI300,2025-12-08,2.592859776904382,1.8173389756880398,0.0014149014703129,-0.030581619914106573
10y,Long CSI1000 / Short CSI300,2025-12-09,2.590573034138425,1.8157361945453943,-0.0008819384628222,-0.03143658727007126
10y,Long CSI1000 / Short CSI300,2025-12-10,2.603903606677423,1.8250796111308762,0.0051458007025193,-0.026452552980410826
10y,Long CSI1000 / Short CSI300,2025-12-11,2.597528023916143,1.820610956424592,-0.0024484711127288,-0.028836255781309106
10y,Long CSI1000 / Short CSI300,2025-12-12,2.599777221182508,1.8221874218750516,0.0008658991339672,-0.02799532593624965
10y,Long CSI1000 / Short CSI300,2025-12-15,2.593668663742508,1.8179059255828784,-0.0023496464967184,-0.03027919331345752
10y,Long CSI1000 / Short CSI300,2025-12-16,2.585847664457316,1.8124241764515092,-0.0030154195848234,-0.03320330842575092
10y,Long CSI1000 / Short CSI300,2025-12-17,2.581546351971422,1.8094093806276637,-0.0016634052133138,-0.03481148308273019
10y,Long CSI1000 / Short CSI300,2025-12-18,2.586314259688422,1.8127512136892776,0.0018469192750922,-0.03302885780673792
10y,Long CSI1000 / Short CSI300,2025-12-19,2.592132116221331,1.816828957316756,0.0022494778084741,-0.030853677680939384
10y,Long CSI1000 / Short CSI300,2025-12-22,2.591484083192276,1.816374750077427,-0.00025,-0.03109596426151906
10y,Long CSI1000 / Short CSI300,2025-12-23,2.5855010580399544,1.8121812395379493,-0.0023087254099399,-0.03333289762862224
10y,Long CSI1000 / Short CSI300,2025-12-24,2.617163490279895,1.8343734817437443,0.0122461494036068,-0.021494947869430736
10y,Long CSI1000 / Short CSI300,2025-12-25,2.6377896023484526,1.84883035199681,0.0078810942247828,-0.013783257354163525
10y,Long CSI1000 / Short CSI300,2025-12-26,2.6385338667100378,1.8493520079091628,0.0002821545588482,-0.013504991804213606
10y,Long CSI1000 / Short CSI300,2025-12-29,2.6447354683298303,1.8536987189946326,0.0023503968237956,-0.011186337070259955
10y,Long CSI1000 / Short CSI300,2025-12-30,2.639054481223047,1.8497169073357451,-0.0021480360417183,-0.01331034445677648
10y,Long CSI1000 / Short CSI300,2025-12-31,2.6505165461360707,1.8577506843621192,0.0043432467933408,-0.00902490777431586
10y,Long CSI1000 / Short CSI300,2026-01-05,2.655500138865526,1.8612436913449373,0.0018802345288961,-0.0071616421886371295
10y,Long CSI1000 / Short CSI300,2026-01-06,2.652508272615408,1.8591466881846366,-0.001126667706143,-0.00828024110380321
10y,Long CSI1000 / Short CSI300,2026-01-07,2.674341193365909,1.8744494122989213,0.0082310471850002,-0.00011734897403159472
10y,Long CSI1000 / Short CSI300,2026-01-08,2.7185878214472754,1.9054619346386534,0.016544870262301,0.0
10y,Long CSI1000 / Short CSI300,2026-01-09,2.759943055888027,1.9344478752079592,0.015212028139939,0.0
10y,Long CSI1000 / Short CSI300,2026-01-12,2.818933848732041,1.9757946028625337,0.0213739166531585,0.0
10y,Long CSI1000 / Short CSI300,2026-01-13,2.783815576197345,1.9511801574518626,-0.0124579981011233,-0.012457998101123358
10y,Long CSI1000 / Short CSI300,2026-01-14,2.813441627558335,1.9719450975051744,0.010642246424046,-0.0019483327628195823
10y,Long CSI1000 / Short CSI300,2026-01-15,2.802241887954573,1.964095184648038,-0.0039807968624825,-0.005921373708352884
10y,Long CSI1000 / Short CSI300,2026-01-16,2.8110757445990115,1.970286846892398,0.0031524247362124,-0.0027876156570911803
10y,Long CSI1000 / Short CSI300,2026-01-19,2.820775511770092,1.9770854270131284,0.0034505534721775,0.0
10y,Long CSI1000 / Short CSI300,2026-01-20,2.801705273277748,1.963719070684681,-0.0067606367159566,-0.006760636715956503
10y,Long CSI1000 / Short CSI300,2026-01-21,2.8214302623493137,1.9775443425925874,0.0070403511960019,0.0
10y,Long CSI1000 / Short CSI300,2026-01-22,2.8421403207585696,1.992060050951044,0.0073402694674478,0.0
10y,Long CSI1000 / Short CSI300,2026-01-23,2.9104144481834027,2.0399134805523844,0.024022081853654,0.0
10y,Long CSI1000 / Short CSI300,2026-01-26,2.871504229844414,2.012641255123981,-0.0133693049672961,-0.013369304967296158
10y,Long CSI1000 / Short CSI300,2026-01-27,2.878020570765358,2.017208567417529,0.0022693126665869,-0.011130331433815033
10y,Long CSI1000 / Short CSI300,2026-01-28,2.8765593258795,2.016184378871836,-0.0005077256572454,-0.011632405936217838
10y,Long CSI1000 / Short CSI300,2026-01-29,2.831878116617046,1.9848672579859248,-0.0155328655524228,-0.026984586891182105
10y,Long CSI1000 / Short CSI300,2026-01-30,2.833924145449279,1.986301322402103,0.0007224989028402,-0.026281584322764395
10y,Long CSI1000 / Short CSI300,2026-02-02,2.7976524332279284,1.9608784295322463,-0.0127991118885788,-0.03874431527298716
10y,Long CSI1000 / Short CSI300,2026-02-03,2.8212140375563366,1.977392790338475,0.0084219197669322,-0.030648697020708715
10y,Long CSI1000 / Short CSI300,2026-02-04,2.8092954007005395,1.9690390014108794,-0.0042246482178008,-0.034743865275263075
10y,Long CSI1000 / Short CSI300,2026-02-05,2.8085930768503644,1.9685467416605267,-0.00025,-0.03498517930894429
10y,Long CSI1000 / Short CSI300,2026-02-06,2.8085930768503644,1.9685467416605267,0.0,-0.03498517930894429
10y,Long CSI1000 / Short CSI300,2026-02-09,2.8085930768503644,1.9685467416605267,0.0,-0.03498517930894429
10y,Long CSI1000 / Short CSI300,2026-02-10,2.8085930768503644,1.9685467416605267,0.0,-0.03498517930894429
10y,Long CSI1000 / Short CSI300,2026-02-11,2.8085930768503644,1.9685467416605267,0.0,-0.03498517930894429
10y,Long CSI1000 / Short CSI300,2026-02-12,2.8085930768503644,1.9685467416605267,0.0,-0.03498517930894429
10y,Long CSI1000 / Short CSI300,2026-02-13,2.8085930768503644,1.9685467416605267,0.0,-0.03498517930894429
10y,Long CSI1000 / Short CSI300,2026-02-24,2.8085930768503644,1.9685467416605267,0.0,-0.03498517930894429
10y,Long CSI1000 / Short CSI300,2026-02-25,2.8085930768503644,1.9685467416605267,0.0,-0.03498517930894429
10y,Long CSI1000 / Short CSI300,2026-02-26,2.8085930768503644,1.9685467416605267,0.0,-0.03498517930894429
10y,Long CSI1000 / Short CSI300,2026-02-27,2.8085930768503644,1.9685467416605267,0.0,-0.03498517930894429
10y,Long CSI1000 / Short CSI300,2026-03-02,2.8085930768503644,1.9685467416605267,0.0,-0.03498517930894429
10y,Long CSI1000 / Short CSI300,2026-03-03,2.8085930768503644,1.9685467416605267,0.0,-0.03498517930894429
10y,Long CSI1000 / Short CSI300,2026-03-04,2.8085930768503644,1.9685467416605267,0.0,-0.03498517930894429
10y,Long CSI1000 / Short CSI300,2026-03-05,2.8085930768503644,1.9685467416605267,0.0,-0.03498517930894429
10y,Long CSI1000 / Short CSI300,2026-03-06,2.8085930768503644,1.9685467416605267,0.0,-0.03498517930894429
10y,Long CSI1000 / Short CSI300,2026-03-09,2.8085930768503644,1.9685467416605267,0.0,-0.03498517930894429
10y,Long CSI1000 / Short CSI300,2026-03-10,2.8085930768503644,1.9685467416605267,0.0,-0.03498517930894429
10y,Long CSI1000 / Short CSI300,2026-03-11,2.8085930768503644,1.9685467416605267,0.0,-0.03498517930894429
10y,Long CSI1000 / Short CSI300,2026-03-12,2.8085930768503644,1.9685467416605267,0.0,-0.03498517930894429
10y,Long CSI1000 / Short CSI300,2026-03-13,2.8085930768503644,1.9685467416605267,0.0,-0.03498517930894429
10y,Long CSI1000 / Short CSI300,2026-03-16,2.8085930768503644,1.9685467416605267,0.0,-0.03498517930894429
10y,Long CSI1000 / Short CSI300,2026-03-17,2.8085930768503644,1.9685467416605267,0.0,-0.03498517930894429
10y,Long CSI1000 / Short CSI300,2026-03-18,2.8085930768503644,1.9685467416605267,0.0,-0.03498517930894429
10y,Long CSI1000 / Short CSI300,2026-03-19,2.8085930768503644,1.9685467416605267,0.0,-0.03498517930894429
10y,Long CSI1000 / Short CSI300,2026-03-20,2.8085930768503644,1.9685467416605267,0.0,-0.03498517930894429
10y,Long CSI1000 / Short CSI300,2026-03-23,2.8085930768503644,1.9685467416605267,0.0,-0.03498517930894429
10y,Long CSI1000 / Short CSI300,2026-03-24,2.8085930768503644,1.9685467416605267,0.0,-0.03498517930894429
10y,Long CSI1000 / Short CSI300,2026-03-25,2.8085930768503644,1.9685467416605267,0.0,-0.03498517930894429
10y,Long CSI1000 / Short CSI300,2026-03-26,2.8085930768503644,1.9685467416605267,0.0,-0.03498517930894429
10y,Long CSI1000 / Short CSI300,2026-03-27,2.8085930768503644,1.9685467416605267,0.0,-0.03498517930894429
10y,Long CSI1000 / Short CSI300,2026-03-30,2.8085930768503644,1.9685467416605267,0.0,-0.03498517930894429
10y,Long CSI1000 / Short CSI300,2026-03-31,2.8085930768503644,1.9685467416605267,0.0,-0.03498517930894429
10y,Long CSI1000 / Short CSI300,2026-04-01,2.8085930768503644,1.9685467416605267,0.0,-0.03498517930894429
10y,Long CSI1000 / Short CSI300,2026-04-02,2.8085930768503644,1.9685467416605267,0.0,-0.03498517930894429
10y,Long CSI1000 / Short CSI300,2026-04-03,2.8085930768503644,1.9685467416605267,0.0,-0.03498517930894429
10y,Long CSI1000 / Short CSI300,2026-04-07,2.8085930768503644,1.9685467416605267,0.0,-0.03498517930894429
10y,Long CSI1000 / Short CSI300,2026-04-08,2.8085930768503644,1.9685467416605267,0.0,-0.03498517930894429
10y,Long CSI1000 / Short CSI300,2026-04-09,2.8085930768503644,1.9685467416605267,0.0,-0.03498517930894429
10y,Long CSI1000 / Short CSI300,2026-04-10,2.8085930768503644,1.9685467416605267,0.0,-0.03498517930894429
10y,Long CSI1000 / Short CSI300,2026-04-13,2.8085930768503644,1.9685467416605267,0.0,-0.03498517930894429
10y,Long CSI1000 / Short CSI300,2026-04-14,2.8085930768503644,1.9685467416605267,0.0,-0.03498517930894429
10y,Long CSI1000 / Short CSI300,2026-04-15,2.8085930768503644,1.9685467416605267,0.0,-0.03498517930894429
10y,Long CSI1000 / Short CSI300,2026-04-16,2.8085930768503644,1.9685467416605267,0.0,-0.03498517930894429
10y,Long CSI1000 / Short CSI300,2026-04-17,2.837343826330541,1.988698181424442,0.0102367088052565,-0.02510660359677308
10y,Long CSI1000 / Short CSI300,2026-04-20,2.837287549485252,1.9886587369063529,-1.98343411071944e-05,-0.02512593996494028
10y,Long CSI1000 / Short CSI300,2026-04-21,2.828751359563447,1.9826757096763603,-0.0030085741303709,-0.028058920842331414
10y,Long CSI1000 / Short CSI300,2026-04-22,2.853882037131508,2.000289836069425,0.0088840178487581,-0.019424178947153203
10y,Long CSI1000 / Short CSI300,2026-04-23,2.821826978593446,1.9778224015524941,-0.0112320895261252,-0.03043809435637279
10y,Long CSI1000 / Short CSI300,2026-04-24,2.812017006544297,1.9709465786814968,-0.0034764612159313,-0.033808738717787334
10y,Long CSI1000 / Short CSI300,2026-04-27,2.822794512020872,1.9785005470594763,0.0038326601338087,-0.030105655989036473
10y,Long CSI1000 / Short CSI300,2026-04-28,2.7923250213177075,1.9571444392138235,-0.0107940874099797,-0.04057478031673578
10y,Long CSI1000 / Short CSI300,2026-04-29,2.8011307045699505,1.9633163546889327,0.0031535309052552,-0.03754920323518329
10y,Long CSI1000 / Short CSI300,2026-04-30,2.815964695487699,1.9737135192791493,0.0052957153672077,-0.032452337760574546
10y,Long CSI1000 / Short CSI300,2026-05-06,2.839453472525673,1.990176835337575,0.008341289603386,-0.02438174250475622
10y,Long CSI1000 / Short CSI300,2026-05-07,2.872009324639652,2.01299527675908,0.0114655346280496,-0.013195757589687163
10y,Long CSI1000 / Short CSI300,2026-05-08,2.897699462201715,2.0310015294296604,0.0089450049279649,-0.004368788778390087
10y,Long CSI1000 / Short CSI300,2026-05-11,2.891902829945558,2.0269386619268825,-0.0020004256244546,-0.006360474965824703
10y,Long CSI1000 / Short CSI300,2026-05-12,2.879465153192,2.018221077222693,-0.0043008626101701,-0.010633982047031365
10y,Long CSI1000 / Short CSI300,2026-05-13,2.893646350574949,2.0281606979285716,0.0049249414833962,-0.005761412302952351
10y,Long CSI1000 / Short CSI300,2026-05-14,2.884874299171804,2.0220123550626465,-0.0030314870375928,-0.00877543369383027
10y,Long CSI1000 / Short CSI300,2026-05-15,2.8856041232710057,2.0225238897752793,0.0002529829807182,-0.008524670748484953
10y,Long CSI1000 / Short CSI300,2026-05-18,2.913716991382459,2.0422282376125227,0.0097424549281506,0.0
10y,Long CSI1000 / Short CSI300,2026-05-19,2.9315239024612785,2.054709126023228,0.0061114072270864,0.0
10y,Long CSI1000 / Short CSI300,2026-05-20,2.93293143191809,2.0556956653509917,0.0004801357599812,0.0
10y,Long CSI1000 / Short CSI300,2026-05-21,2.8736226991571634,2.0141260931723597,-0.0202216567750237,-0.020221656775023855
10y,Long CSI1000 / Short CSI300,2026-05-22,2.8975754889233234,2.0309146363887134,0.0083353983016578,-0.012054814036905226
10y,Long CSI1000 / Short CSI300,2026-05-25,2.8875320981873447,2.0238752100398076,-0.0034661360072832,-0.015479166419194113
10y,Long CSI1000 / Short CSI300,2026-05-26,2.835634066854774,1.9874998086616567,-0.0179731443903774,-0.033174101516476706
10y,Long CSI1000 / Short CSI300,2026-05-27,2.8122470900678103,1.9711078445388597,-0.0082475299123854,-0.041148027034288326
10y,Long CSI1000 / Short CSI300,2026-05-28,2.838771618471677,1.989698922895454,0.0094317915724919,-0.03210433507640309
10y,Long CSI1000 / Short CSI300,2026-05-29,2.7759886122141664,1.9456942276554894,-0.0221162582607865,-0.053510565571349034
10y,Long CSI1000 / Short CSI300,2026-06-01,2.77460061790806,1.9447213805416619,-0.0005,-0.05398381028856325
10y,Long CSI1000 / Short CSI300,2026-06-02,2.77460061790806,1.9447213805416619,0.0,-0.05398381028856325
10y,Long CSI1000 / Short CSI300,2026-06-03,2.77460061790806,1.9447213805416619,0.0,-0.05398381028856325
10y,Long CSI1000 / Short CSI300,2026-06-04,2.77460061790806,1.9447213805416619,0.0,-0.05398381028856325
10y,Long CSI1000 / Short CSI300,2026-06-05,2.77460061790806,1.9447213805416619,0.0,-0.05398381028856325
10y,Long CSI300 / Short CSI1000,2016-06-06,1.0,1.0,0.0,0.0
10y,Long CSI300 / Short CSI1000,2016-06-07,1.0,1.0,0.0,0.0
10y,Long CSI300 / Short CSI1000,2016-06-08,1.0,1.0,0.0,0.0
10y,Long CSI300 / Short CSI1000,2016-06-13,1.0,1.0,0.0,0.0
10y,Long CSI300 / Short CSI1000,2016-06-14,1.0,1.0,0.0,0.0
10y,Long CSI300 / Short CSI1000,2016-06-15,1.0,1.0,0.0,0.0
10y,Long CSI300 / Short CSI1000,2016-06-16,1.0,1.0,0.0,0.0
10y,Long CSI300 / Short CSI1000,2016-06-17,1.0,1.0,0.0,0.0
10y,Long CSI300 / Short CSI1000,2016-06-20,1.0,1.0,0.0,0.0
10y,Long CSI300 / Short CSI1000,2016-06-21,1.0,1.0,0.0,0.0
10y,Long CSI300 / Short CSI1000,2016-06-22,1.0,1.0,0.0,0.0
10y,Long CSI300 / Short CSI1000,2016-06-23,1.0,1.0,0.0,0.0
10y,Long CSI300 / Short CSI1000,2016-06-24,1.0,1.0,0.0,0.0
10y,Long CSI300 / Short CSI1000,2016-06-27,1.0,1.0,0.0,0.0
10y,Long CSI300 / Short CSI1000,2016-06-28,1.0,1.0,0.0,0.0
10y,Long CSI300 / Short CSI1000,2016-06-29,1.0,1.0,0.0,0.0
10y,Long CSI300 / Short CSI1000,2016-06-30,1.0,1.0,0.0,0.0
10y,Long CSI300 / Short CSI1000,2016-07-01,1.0,1.0,0.0,0.0
10y,Long CSI300 / Short CSI1000,2016-07-04,1.0,1.0,0.0,0.0
10y,Long CSI300 / Short CSI1000,2016-07-05,1.0,1.0,0.0,0.0
10y,Long CSI300 / Short CSI1000,2016-07-06,1.0,1.0,0.0,0.0
10y,Long CSI300 / Short CSI1000,2016-07-07,1.0,1.0,0.0,0.0
10y,Long CSI300 / Short CSI1000,2016-07-08,1.0,1.0,0.0,0.0
10y,Long CSI300 / Short CSI1000,2016-07-11,1.0,1.0,0.0,0.0
10y,Long CSI300 / Short CSI1000,2016-07-12,1.0,1.0,0.0,0.0
10y,Long CSI300 / Short CSI1000,2016-07-13,1.0,1.0,0.0,0.0
10y,Long CSI300 / Short CSI1000,2016-07-14,1.0,1.0,0.0,0.0
10y,Long CSI300 / Short CSI1000,2016-07-15,1.0,1.0,0.0,0.0
10y,Long CSI300 / Short CSI1000,2016-07-18,1.0,1.0,0.0,0.0
10y,Long CSI300 / Short CSI1000,2016-07-19,0.9943727322694408,0.9943727322694408,-0.0056272677305593,-0.005627267730559216
10y,Long CSI300 / Short CSI1000,2016-07-20,0.9926876049893916,0.9926876049893916,-0.0016946636058725,-0.00731239501060843
10y,Long CSI300 / Short CSI1000,2016-07-21,0.9944396520583072,0.9944396520583072,0.0017649531031813,-0.0055603479416928
10y,Long CSI300 / Short CSI1000,2016-07-22,0.9944293149035244,0.9944293149035244,-1.0394954345960272e-05,-0.005570685096475625
10y,Long CSI300 / Short CSI1000,2016-07-25,0.9956813363200684,0.9956813363200684,0.0012590351046373,-0.004318663679931611
10y,Long CSI300 / Short CSI1000,2016-07-26,0.9954995842332842,0.9954995842332842,-0.000182540417455,-0.004500415766715782
10y,Long CSI300 / Short CSI1000,2016-07-27,1.01232153702715,1.01232153702715,0.0168980008231963,0.0
10y,Long CSI300 / Short CSI1000,2016-07-28,1.0146299151122251,1.0146299151122251,0.0022802815119927,0.0
10y,Long CSI300 / Short CSI1000,2016-07-29,1.0161031201281598,1.0161031201281598,0.0014519629216448,0.0
10y,Long CSI300 / Short CSI1000,2016-08-01,1.0200831026257946,1.0200831026257946,0.0039169080566672,0.0
10y,Long CSI300 / Short CSI1000,2016-08-02,1.0170675151196176,1.0170675151196176,-0.0029562174870014,-0.002956217487001367
10y,Long CSI300 / Short CSI1000,2016-08-03,1.0155913401605223,1.0155913401605223,-0.0014514031144937,-0.004403329938227563
10y,Long CSI300 / Short CSI1000,2016-08-04,1.0126146007580352,1.0126146007580352,-0.0029310405522133,-0.007321464151827106
10y,Long CSI300 / Short CSI1000,2016-08-05,1.0160583378608672,1.0160583378608672,0.0034008369030568,-0.00394552635424239
10y,Long CSI300 / Short CSI1000,2016-08-08,1.014589665519762,1.014589665519762,-0.0014454606456921,-0.00538528389686288
10y,Long CSI300 / Short CSI1000,2016-08-09,1.0127635204443848,1.0127635204443848,-0.0017998853501446,-0.0071754763534152
10y,Long CSI300 / Short CSI1000,2016-08-10,1.0122483429111453,1.0122483429111453,-0.0005086849228272,-0.007680511219607333
10y,Long CSI300 / Short CSI1000,2016-08-11,1.018975530311756,1.018975530311756,0.0066457875161978,-0.0010857667489909684
10y,Long CSI300 / Short CSI1000,2016-08-12,1.0235448610236575,1.0235448610236575,0.004484239882094,0.0
10y,Long CSI300 / Short CSI1000,2016-08-15,1.0274158734640433,1.0274158734640433,0.0037819665632573,0.0
10y,Long CSI300 / Short CSI1000,2016-08-16,1.021252408807102,1.021252408807102,-0.0059989969165655,-0.00599899691656558
10y,Long CSI300 / Short CSI1000,2016-08-17,1.0185693931904034,1.0185693931904034,-0.0026271816776741,-0.008610418139456066
10y,Long CSI300 / Short CSI1000,2016-08-18,1.0175139221329212,1.0175139221329212,-0.0010362289153183,-0.009637724690525262
10y,Long CSI300 / Short CSI1000,2016-08-19,1.0167714183841754,1.0167714183841754,-0.0007297234294243,-0.010360415246436605
10y,Long CSI300 / Short CSI1000,2016-08-22,1.018839927461939,1.018839927461939,0.0020343894806276,-0.008347102885601254
10y,Long CSI300 / Short CSI1000,2016-08-23,1.0190553637043662,1.0190553637043662,0.0002114524928011,-0.008137415408512871
10y,Long CSI300 / Short CSI1000,2016-08-24,1.015664028440338,1.015664028440338,-0.0033279205279882,-0.011438255264718311
10y,Long CSI300 / Short CSI1000,2016-08-25,1.0163990326944268,1.0163990326944268,0.0007236686871912,-0.010722864084698247
10y,Long CSI300 / Short CSI1000,2016-08-26,1.0135065044062666,1.0135065044062666,-0.0028458589541276,-0.013538207280056724
10y,Long CSI300 / Short CSI1000,2016-08-29,1.0118081552186184,1.0118081552186184,-0.0016757161204832,-0.015191237208358244
10y,Long CSI300 / Short CSI1000,2016-08-30,1.0126269034471866,1.0126269034471866,0.0008091931502482,-0.014394336703202781
10y,Long CSI300 / Short CSI1000,2016-08-31,1.0122488971978951,1.0122488971978951,-0.0003732927181814,-0.014762256120309902
10y,Long CSI300 / Short CSI1000,2016-09-01,1.0122488971978951,1.0122488971978951,0.0,-0.014762256120309902
10y,Long CSI300 / Short CSI1000,2016-09-02,1.0122488971978951,1.0122488971978951,0.0,-0.014762256120309902
10y,Long CSI300 / Short CSI1000,2016-09-05,1.0122488971978951,1.0122488971978951,0.0,-0.014762256120309902
10y,Long CSI300 / Short CSI1000,2016-09-06,1.0122488971978951,1.0122488971978951,0.0,-0.014762256120309902
10y,Long CSI300 / Short CSI1000,2016-09-07,1.0122488971978951,1.0122488971978951,0.0,-0.014762256120309902
10y,Long CSI300 / Short CSI1000,2016-09-08,1.0122488971978951,1.0122488971978951,0.0,-0.014762256120309902
10y,Long CSI300 / Short CSI1000,2016-09-09,1.0122488971978951,1.0122488971978951,0.0,-0.014762256120309902
10y,Long CSI300 / Short CSI1000,2016-09-12,1.0122488971978951,1.0122488971978951,0.0,-0.014762256120309902
10y,Long CSI300 / Short CSI1000,2016-09-13,1.0122488971978951,1.0122488971978951,0.0,-0.014762256120309902
10y,Long CSI300 / Short CSI1000,2016-09-14,1.0122488971978951,1.0122488971978951,0.0,-0.014762256120309902
10y,Long CSI300 / Short CSI1000,2016-09-19,1.0122488971978951,1.0122488971978951,0.0,-0.014762256120309902
10y,Long CSI300 / Short CSI1000,2016-09-20,1.0122488971978951,1.0122488971978951,0.0,-0.014762256120309902
10y,Long CSI300 / Short CSI1000,2016-09-21,1.0122488971978951,1.0122488971978951,0.0,-0.014762256120309902
10y,Long CSI300 / Short CSI1000,2016-09-22,1.0122488971978951,1.0122488971978951,0.0,-0.014762256120309902
10y,Long CSI300 / Short CSI1000,2016-09-23,1.0122488971978951,1.0122488971978951,0.0,-0.014762256120309902
10y,Long CSI300 / Short CSI1000,2016-09-26,1.0122488971978951,1.0122488971978951,0.0,-0.014762256120309902
10y,Long CSI300 / Short CSI1000,2016-09-27,1.0122488971978951,1.0122488971978951,0.0,-0.014762256120309902
10y,Long CSI300 / Short CSI1000,2016-09-28,1.0122488971978951,1.0122488971978951,0.0,-0.014762256120309902
10y,Long CSI300 / Short CSI1000,2016-09-29,1.0122488971978951,1.0122488971978951,0.0,-0.014762256120309902
10y,Long CSI300 / Short CSI1000,2016-09-30,1.0122488971978951,1.0122488971978951,0.0,-0.014762256120309902
10y,Long CSI300 / Short CSI1000,2016-10-10,1.0122488971978951,1.0122488971978951,0.0,-0.014762256120309902
10y,Long CSI300 / Short CSI1000,2016-10-11,1.0122488971978951,1.0122488971978951,0.0,-0.014762256120309902
10y,Long CSI300 / Short CSI1000,2016-10-12,1.0122488971978951,1.0122488971978951,0.0,-0.014762256120309902
10y,Long CSI300 / Short CSI1000,2016-10-13,1.0122488971978951,1.0122488971978951,0.0,-0.014762256120309902
10y,Long CSI300 / Short CSI1000,2016-10-14,1.0122488971978951,1.0122488971978951,0.0,-0.014762256120309902
10y,Long CSI300 / Short CSI1000,2016-10-17,1.0122488971978951,1.0122488971978951,0.0,-0.014762256120309902
10y,Long CSI300 / Short CSI1000,2016-10-18,1.0122488971978951,1.0122488971978951,0.0,-0.014762256120309902
10y,Long CSI300 / Short CSI1000,2016-10-19,1.0122488971978951,1.0122488971978951,0.0,-0.014762256120309902
10y,Long CSI300 / Short CSI1000,2016-10-20,1.0122488971978951,1.0122488971978951,0.0,-0.014762256120309902
10y,Long CSI300 / Short CSI1000,2016-10-21,1.0122488971978951,1.0122488971978951,0.0,-0.014762256120309902
10y,Long CSI300 / Short CSI1000,2016-10-24,1.0122488971978951,1.0122488971978951,0.0,-0.014762256120309902
10y,Long CSI300 / Short CSI1000,2016-10-25,1.0122488971978951,1.0122488971978951,0.0,-0.014762256120309902
10y,Long CSI300 / Short CSI1000,2016-10-26,1.0122488971978951,1.0122488971978951,0.0,-0.014762256120309902
10y,Long CSI300 / Short CSI1000,2016-10-27,1.0122488971978951,1.0122488971978951,0.0,-0.014762256120309902
10y,Long CSI300 / Short CSI1000,2016-10-28,1.0122488971978951,1.0122488971978951,0.0,-0.014762256120309902
10y,Long CSI300 / Short CSI1000,2016-10-31,1.0122488971978951,1.0122488971978951,0.0,-0.014762256120309902
10y,Long CSI300 / Short CSI1000,2016-11-01,1.0122488971978951,1.0122488971978951,0.0,-0.014762256120309902
10y,Long CSI300 / Short CSI1000,2016-11-02,1.0122488971978951,1.0122488971978951,0.0,-0.014762256120309902
10y,Long CSI300 / Short CSI1000,2016-11-03,1.0122488971978951,1.0122488971978951,0.0,-0.014762256120309902
10y,Long CSI300 / Short CSI1000,2016-11-04,1.0122488971978951,1.0122488971978951,0.0,-0.014762256120309902
10y,Long CSI300 / Short CSI1000,2016-11-07,1.012606579272722,1.012606579272722,0.0003533538794825,-0.014414118541297483
10y,Long CSI300 / Short CSI1000,2016-11-08,1.0116914775097283,1.0116914775097283,-0.0009037090828016,-0.015304801454252837
10y,Long CSI300 / Short CSI1000,2016-11-09,1.0125233215899063,1.0125233215899063,0.0008222309851078,-0.014495154551121714
10y,Long CSI300 / Short CSI1000,2016-11-10,1.0116425605834745,1.0116425605834745,-0.0008698673775225,-0.015352413066568094
10y,Long CSI300 / Short CSI1000,2016-11-11,1.0135071134483191,1.0135071134483191,0.0018430945251741,-0.013537614489865013
10y,Long CSI300 / Short CSI1000,2016-11-14,1.0137350526412854,1.0137350526412854,0.0002249014239186,-0.013315757694721597
10y,Long CSI300 / Short CSI1000,2016-11-15,1.0111613008614857,1.0111613008614857,-0.0025388801275973,-0.015820830709723732
10y,Long CSI300 / Short CSI1000,2016-11-16,1.0103471912661766,1.0103471912661766,-0.0008051233711331,-0.016613216360301886
10y,Long CSI300 / Short CSI1000,2016-11-17,1.01009460446836,1.01009460446836,-0.00025,-0.016859063056211765
10y,Long CSI300 / Short CSI1000,2016-11-18,1.01009460446836,1.01009460446836,0.0,-0.016859063056211765
10y,Long CSI300 / Short CSI1000,2016-11-21,1.01009460446836,1.01009460446836,0.0,-0.016859063056211765
10y,Long CSI300 / Short CSI1000,2016-11-22,1.009617259092129,1.009617259092129,-0.0004725749193386,-0.017323670805186486
10y,Long CSI300 / Short CSI1000,2016-11-23,1.014080553909052,1.014080553909052,0.0044207790395109,-0.012979475886458536
10y,Long CSI300 / Short CSI1000,2016-11-24,1.019667948962835,1.019667948962835,0.0055098138232164,-0.0075411765588994095
10y,Long CSI300 / Short CSI1000,2016-11-25,1.023397855540335,1.023397855540335,0.0036579619682013,-0.0039107999277461225
10y,Long CSI300 / Short CSI1000,2016-11-28,1.025451636352796,1.025451636352796,0.0020068254016192,-0.0019118228187625652
10y,Long CSI300 / Short CSI1000,2016-11-29,1.0355255150487097,1.0355255150487097,0.0098238457463907,0.0
10y,Long CSI300 / Short CSI1000,2016-11-30,1.0326764473900942,1.0326764473900942,-0.0027513254064835,-0.0027513254064835957
10y,Long CSI300 / Short CSI1000,2016-12-01,1.0342622308393137,1.0342622308393137,0.001535605322681,-0.001219945033741232
10y,Long CSI300 / Short CSI1000,2016-12-02,1.0379760018602553,1.0379760018602553,0.0035907441171161,0.0
10y,Long CSI300 / Short CSI1000,2016-12-05,1.0320371793220249,1.0320371793220249,-0.0057215412760864,-0.005721541276086262
10y,Long CSI300 / Short CSI1000,2016-12-06,1.0293398596685293,1.0293398596685293,-0.0026135876764318,-0.008320175202748747
10y,Long CSI300 / Short CSI1000,2016-12-07,1.0261925432735557,1.0261925432735557,-0.0030576066450854,-0.011352342024845807
10y,Long CSI300 / Short CSI1000,2016-12-08,1.0285042174360175,1.0285042174360175,0.0022526709803288,-0.009125244135955501
10y,Long CSI300 / Short CSI1000,2016-12-09,1.0339288144413388,1.0339288144413388,0.0052742583971548,-0.0038991146343105854
10y,Long CSI300 / Short CSI1000,2016-12-12,1.050488819134236,1.050488819134236,0.0160165810852703,0.0
10y,Long CSI300 / Short CSI1000,2016-12-13,1.0476047516288045,1.0476047516288045,-0.002745452833861,-0.002745452833861184
10y,Long CSI300 / Short CSI1000,2016-12-14,1.0470363666061644,1.0470363666061644,-0.0005425567436157,-0.003286520013527694
10y,Long CSI300 / Short CSI1000,2016-12-15,1.0355900647512912,1.0355900647512912,-0.0109320957895424,-0.014182687251468096
10y,Long CSI300 / Short CSI1000,2016-12-16,1.0353311672351035,1.0353311672351035,-0.00025,-0.014429141579655025
10y,Long CSI300 / Short CSI1000,2016-12-19,1.0353311672351035,1.0353311672351035,-0.0,-0.014429141579655025
10y,Long CSI300 / Short CSI1000,2016-12-20,1.0353311672351035,1.0353311672351035,-0.0,-0.014429141579655025
10y,Long CSI300 / Short CSI1000,2016-12-21,1.0353311672351035,1.0353311672351035,0.0,-0.014429141579655025
10y,Long CSI300 / Short CSI1000,2016-12-22,1.0353311672351035,1.0353311672351035,0.0,-0.014429141579655025
10y,Long CSI300 / Short CSI1000,2016-12-23,1.0353311672351035,1.0353311672351035,0.0,-0.014429141579655025
10y,Long CSI300 / Short CSI1000,2016-12-26,1.0353311672351035,1.0353311672351035,0.0,-0.014429141579655025
10y,Long CSI300 / Short CSI1000,2016-12-27,1.0353311672351035,1.0353311672351035,0.0,-0.014429141579655025
10y,Long CSI300 / Short CSI1000,2016-12-28,1.0353311672351035,1.0353311672351035,0.0,-0.014429141579655025
10y,Long CSI300 / Short CSI1000,2016-12-29,1.0353311672351035,1.0353311672351035,0.0,-0.014429141579655025
10y,Long CSI300 / Short CSI1000,2016-12-30,1.0353311672351035,1.0353311672351035,0.0,-0.014429141579655025
10y,Long CSI300 / Short CSI1000,2017-01-03,1.0353311672351035,1.0353311672351035,0.0,-0.014429141579655025
10y,Long CSI300 / Short CSI1000,2017-01-04,1.0353311672351035,1.0353311672351035,0.0,-0.014429141579655025
10y,Long CSI300 / Short CSI1000,2017-01-05,1.0353311672351035,1.0353311672351035,0.0,-0.014429141579655025
10y,Long CSI300 / Short CSI1000,2017-01-06,1.0353311672351035,1.0353311672351035,0.0,-0.014429141579655025
10y,Long CSI300 / Short CSI1000,2017-01-09,1.0353311672351035,1.0353311672351035,0.0,-0.014429141579655025
10y,Long CSI300 / Short CSI1000,2017-01-10,1.0353311672351035,1.0353311672351035,0.0,-0.014429141579655025
10y,Long CSI300 / Short CSI1000,2017-01-11,1.0353311672351035,1.0353311672351035,0.0,-0.014429141579655025
10y,Long CSI300 / Short CSI1000,2017-01-12,1.0353311672351035,1.0353311672351035,0.0,-0.014429141579655025
10y,Long CSI300 / Short CSI1000,2017-01-13,1.0353311672351035,1.0353311672351035,0.0,-0.014429141579655025
10y,Long CSI300 / Short CSI1000,2017-01-16,1.0353311672351035,1.0353311672351035,0.0,-0.014429141579655025
10y,Long CSI300 / Short CSI1000,2017-01-17,1.0353311672351035,1.0353311672351035,-0.0,-0.014429141579655025
10y,Long CSI300 / Short CSI1000,2017-01-18,1.0353311672351035,1.0353311672351035,0.0,-0.014429141579655025
10y,Long CSI300 / Short CSI1000,2017-01-19,1.0353311672351035,1.0353311672351035,0.0,-0.014429141579655025
10y,Long CSI300 / Short CSI1000,2017-01-20,1.0353311672351035,1.0353311672351035,-0.0,-0.014429141579655025
10y,Long CSI300 / Short CSI1000,2017-01-23,1.0353311672351035,1.0353311672351035,-0.0,-0.014429141579655025
10y,Long CSI300 / Short CSI1000,2017-01-24,1.0353311672351035,1.0353311672351035,0.0,-0.014429141579655025
10y,Long CSI300 / Short CSI1000,2017-01-25,1.0353311672351035,1.0353311672351035,0.0,-0.014429141579655025
10y,Long CSI300 / Short CSI1000,2017-01-26,1.0353311672351035,1.0353311672351035,-0.0,-0.014429141579655025
10y,Long CSI300 / Short CSI1000,2017-02-03,1.0353311672351035,1.0353311672351035,-0.0,-0.014429141579655025
10y,Long CSI300 / Short CSI1000,2017-02-06,1.0353311672351035,1.0353311672351035,-0.0,-0.014429141579655025
10y,Long CSI300 / Short CSI1000,2017-02-07,1.0353311672351035,1.0353311672351035,-0.0,-0.014429141579655025
10y,Long CSI300 / Short CSI1000,2017-02-08,1.0353311672351035,1.0353311672351035,-0.0,-0.014429141579655025
10y,Long CSI300 / Short CSI1000,2017-02-09,1.0353311672351035,1.0353311672351035,-0.0,-0.014429141579655025
10y,Long CSI300 / Short CSI1000,2017-02-10,1.0353311672351035,1.0353311672351035,0.0,-0.014429141579655025
10y,Long CSI300 / Short CSI1000,2017-02-13,1.0353311672351035,1.0353311672351035,0.0,-0.014429141579655025
10y,Long CSI300 / Short CSI1000,2017-02-14,1.0353311672351035,1.0353311672351035,0.0,-0.014429141579655025
10y,Long CSI300 / Short CSI1000,2017-02-15,1.0353311672351035,1.0353311672351035,0.0,-0.014429141579655025
10y,Long CSI300 / Short CSI1000,2017-02-16,1.0353311672351035,1.0353311672351035,0.0,-0.014429141579655025
10y,Long CSI300 / Short CSI1000,2017-02-17,1.0353311672351035,1.0353311672351035,0.0,-0.014429141579655025
10y,Long CSI300 / Short CSI1000,2017-02-20,1.0353311672351035,1.0353311672351035,0.0,-0.014429141579655025
10y,Long CSI300 / Short CSI1000,2017-02-21,1.0353311672351035,1.0353311672351035,0.0,-0.014429141579655025
10y,Long CSI300 / Short CSI1000,2017-02-22,1.0353311672351035,1.0353311672351035,0.0,-0.014429141579655025
10y,Long CSI300 / Short CSI1000,2017-02-23,1.0353311672351035,1.0353311672351035,0.0,-0.014429141579655025
10y,Long CSI300 / Short CSI1000,2017-02-24,1.0353311672351035,1.0353311672351035,0.0,-0.014429141579655025
10y,Long CSI300 / Short CSI1000,2017-02-27,1.0353311672351035,1.0353311672351035,0.0,-0.014429141579655025
10y,Long CSI300 / Short CSI1000,2017-02-28,1.0353311672351035,1.0353311672351035,0.0,-0.014429141579655025
10y,Long CSI300 / Short CSI1000,2017-03-01,1.0353311672351035,1.0353311672351035,0.0,-0.014429141579655025
10y,Long CSI300 / Short CSI1000,2017-03-02,1.0353311672351035,1.0353311672351035,0.0,-0.014429141579655025
10y,Long CSI300 / Short CSI1000,2017-03-03,1.0353311672351035,1.0353311672351035,0.0,-0.014429141579655025
10y,Long CSI300 / Short CSI1000,2017-03-06,1.0353311672351035,1.0353311672351035,0.0,-0.014429141579655025
10y,Long CSI300 / Short CSI1000,2017-03-07,1.0353311672351035,1.0353311672351035,0.0,-0.014429141579655025
10y,Long CSI300 / Short CSI1000,2017-03-08,1.0353311672351035,1.0353311672351035,0.0,-0.014429141579655025
10y,Long CSI300 / Short CSI1000,2017-03-09,1.0353311672351035,1.0353311672351035,0.0,-0.014429141579655025
10y,Long CSI300 / Short CSI1000,2017-03-10,1.0353311672351035,1.0353311672351035,0.0,-0.014429141579655025
10y,Long CSI300 / Short CSI1000,2017-03-13,1.0353311672351035,1.0353311672351035,0.0,-0.014429141579655025
10y,Long CSI300 / Short CSI1000,2017-03-14,1.0353311672351035,1.0353311672351035,0.0,-0.014429141579655025
10y,Long CSI300 / Short CSI1000,2017-03-15,1.0353311672351035,1.0353311672351035,0.0,-0.014429141579655025
10y,Long CSI300 / Short CSI1000,2017-03-16,1.0353311672351035,1.0353311672351035,0.0,-0.014429141579655025
10y,Long CSI300 / Short CSI1000,2017-03-17,1.0353311672351035,1.0353311672351035,0.0,-0.014429141579655025
10y,Long CSI300 / Short CSI1000,2017-03-20,1.0353311672351035,1.0353311672351035,0.0,-0.014429141579655025
10y,Long CSI300 / Short CSI1000,2017-03-21,1.0353311672351035,1.0353311672351035,0.0,-0.014429141579655025
10y,Long CSI300 / Short CSI1000,2017-03-22,1.0353311672351035,1.0353311672351035,0.0,-0.014429141579655025
10y,Long CSI300 / Short CSI1000,2017-03-23,1.0353311672351035,1.0353311672351035,0.0,-0.014429141579655025
10y,Long CSI300 / Short CSI1000,2017-03-24,1.0353311672351035,1.0353311672351035,0.0,-0.014429141579655025
10y,Long CSI300 / Short CSI1000,2017-03-27,1.0353311672351035,1.0353311672351035,0.0,-0.014429141579655025
10y,Long CSI300 / Short CSI1000,2017-03-28,1.0353311672351035,1.0353311672351035,0.0,-0.014429141579655025
10y,Long CSI300 / Short CSI1000,2017-03-29,1.0353311672351035,1.0353311672351035,0.0,-0.014429141579655025
10y,Long CSI300 / Short CSI1000,2017-03-30,1.0353311672351035,1.0353311672351035,0.0,-0.014429141579655025
10y,Long CSI300 / Short CSI1000,2017-03-31,1.0364731074108795,1.0364731074108795,0.0011029709255498,-0.013342085577748186
10y,Long CSI300 / Short CSI1000,2017-04-05,1.0323736041287028,1.0323736041287028,-0.0039552432695694,-0.017244557653134263
10y,Long CSI300 / Short CSI1000,2017-04-06,1.032557460597192,1.032557460597192,0.0001780910202991,-0.017069537733702234
10y,Long CSI300 / Short CSI1000,2017-04-07,1.0329937748056983,1.0329937748056983,0.000422556831127,-0.01665419375234889
10y,Long CSI300 / Short CSI1000,2017-04-10,1.0370070869444017,1.0370070869444017,0.0038851271291133,-0.012833770283195767
10y,Long CSI300 / Short CSI1000,2017-04-11,1.0348210464262153,1.0348210464262153,-0.0021080285233415,-0.014914744852718598
10y,Long CSI300 / Short CSI1000,2017-04-12,1.0379425828097697,1.0379425828097697,0.0030164987408543,-0.011943236420932535
10y,Long CSI300 / Short CSI1000,2017-04-13,1.0371103944423623,1.0371103944423623,-0.0008017672472346,-0.012735427972379254
10y,Long CSI300 / Short CSI1000,2017-04-14,1.0406540848417698,1.0406540848417698,0.0034168883258687,-0.00936205518167399
10y,Long CSI300 / Short CSI1000,2017-04-17,1.0475712950340703,1.0475712950340703,0.0066469831743873,-0.0027773014305570998
10y,Long CSI300 / Short CSI1000,2017-04-18,1.050379281758818,1.050379281758818,0.0026804731458933,-0.00010427276656632678
10y,Long CSI300 / Short CSI1000,2017-04-19,1.0545157885890435,1.0545157885890435,0.0039381077883592,0.0
10y,Long CSI300 / Short CSI1000,2017-04-20,1.059954197333511,1.059954197333511,0.0051572568218668,0.0
10y,Long CSI300 / Short CSI1000,2017-04-21,1.0635794888298589,1.0635794888298589,0.0034202341058395,0.0
10y,Long CSI300 / Short CSI1000,2017-04-24,1.0750244820801529,1.0750244820801529,0.010760825467672,0.0
10y,Long CSI300 / Short CSI1000,2017-04-25,1.074751851557436,1.074751851557436,-0.0002536040129889,-0.00025360401298901714
10y,Long CSI300 / Short CSI1000,2017-04-26,1.0734696126573051,1.0734696126573051,-0.0011930557721513,-0.001446357221408734
10y,Long CSI300 / Short CSI1000,2017-04-27,1.0704608324429148,1.0704608324429148,-0.0028028555060279,-0.004245158797135051
10y,Long CSI300 / Short CSI1000,2017-04-28,1.0664528098379358,1.0664528098379358,-0.0037442029483995,-0.007973467009449897
10y,Long CSI300 / Short CSI1000,2017-05-02,1.0641810301219905,1.0641810301219905,-0.0021302205732764,-0.010086702339262565
10y,Long CSI300 / Short CSI1000,2017-05-03,1.0627886489467189,1.0627886489467189,-0.0013084063104489,-0.011381911144719092
10y,Long CSI300 / Short CSI1000,2017-05-04,1.0632819562247635,1.0632819562247635,0.0004641631038622,-0.010923031104061787
10y,Long CSI300 / Short CSI1000,2017-05-05,1.0680641771049368,1.0680641771049368,0.0044976037185403,-0.006474554850832814
10y,Long CSI300 / Short CSI1000,2017-05-08,1.076269252721118,1.076269252721118,0.0076821934412421,0.0
10y,Long CSI300 / Short CSI1000,2017-05-09,1.0708445994099005,1.0708445994099005,-0.0050402381165331,-0.00504023811653298
10y,Long CSI300 / Short CSI1000,2017-05-10,1.0807490225345175,1.0807490225345175,0.0092491694220386,0.0
10y,Long CSI300 / Short CSI1000,2017-05-11,1.089599585885868,1.089599585885868,0.0081892864733705,0.0
10y,Long CSI300 / Short CSI1000,2017-05-12,1.0959614987718156,1.0959614987718156,0.0058387622098581,0.0
10y,Long CSI300 / Short CSI1000,2017-05-15,1.0972458115604964,1.0972458115604964,0.0011718594039298,0.0
10y,Long CSI300 / Short CSI1000,2017-05-16,1.082350217652089,1.082350217652089,-0.0135754392967087,-0.013575439296708791
10y,Long CSI300 / Short CSI1000,2017-05-17,1.0775357680987725,1.0775357680987725,-0.0044481439323404,-0.017963197721112656
10y,Long CSI300 / Short CSI1000,2017-05-18,1.079276242656402,1.079276242656402,0.0016152359941613,-0.016376976530480647
10y,Long CSI300 / Short CSI1000,2017-05-19,1.0808197487146327,1.0808197487146327,0.0014301306720433,-0.014970267074888688
10y,Long CSI300 / Short CSI1000,2017-05-22,1.092146998840491,1.092146998840491,0.0104802397803421,-0.0046469192830673745
10y,Long CSI300 / Short CSI1000,2017-05-23,1.0918722106602463,1.0918722106602463,-0.0002516036582402,-0.0048973537594168
10y,Long CSI300 / Short CSI1000,2017-05-24,1.0918722106602463,1.0918722106602463,-0.0,-0.0048973537594168
10y,Long CSI300 / Short CSI1000,2017-05-25,1.0918722106602463,1.0918722106602463,0.0,-0.0048973537594168
10y,Long CSI300 / Short CSI1000,2017-05-26,1.0918722106602463,1.0918722106602463,-0.0,-0.0048973537594168
10y,Long CSI300 / Short CSI1000,2017-05-31,1.0918722106602463,1.0918722106602463,0.0,-0.0048973537594168
10y,Long CSI300 / Short CSI1000,2017-06-01,1.0918722106602463,1.0918722106602463,0.0,-0.0048973537594168
10y,Long CSI300 / Short CSI1000,2017-06-02,1.0918722106602463,1.0918722106602463,-0.0,-0.0048973537594168
10y,Long CSI300 / Short CSI1000,2017-06-05,1.0918722106602463,1.0918722106602463,-0.0,-0.0048973537594168
10y,Long CSI300 / Short CSI1000,2017-06-06,1.0918722106602463,1.0918722106602463,0.0,-0.0048973537594168
10y,Long CSI300 / Short CSI1000,2017-06-07,1.0918722106602463,1.0918722106602463,-0.0,-0.0048973537594168
10y,Long CSI300 / Short CSI1000,2017-06-08,1.0918722106602463,1.0918722106602463,0.0,-0.0048973537594168
10y,Long CSI300 / Short CSI1000,2017-06-09,1.0918722106602463,1.0918722106602463,0.0,-0.0048973537594168
10y,Long CSI300 / Short CSI1000,2017-06-12,1.0918722106602463,1.0918722106602463,0.0,-0.0048973537594168
10y,Long CSI300 / Short CSI1000,2017-06-13,1.0918722106602463,1.0918722106602463,-0.0,-0.0048973537594168
10y,Long CSI300 / Short CSI1000,2017-06-14,1.0918722106602463,1.0918722106602463,-0.0,-0.0048973537594168
10y,Long CSI300 / Short CSI1000,2017-06-15,1.0918722106602463,1.0918722106602463,0.0,-0.0048973537594168
10y,Long CSI300 / Short CSI1000,2017-06-16,1.0918722106602463,1.0918722106602463,0.0,-0.0048973537594168
10y,Long CSI300 / Short CSI1000,2017-06-19,1.0918722106602463,1.0918722106602463,0.0,-0.0048973537594168
10y,Long CSI300 / Short CSI1000,2017-06-20,1.0918722106602463,1.0918722106602463,0.0,-0.0048973537594168
10y,Long CSI300 / Short CSI1000,2017-06-21,1.0918722106602463,1.0918722106602463,0.0,-0.0048973537594168
10y,Long CSI300 / Short CSI1000,2017-06-22,1.0918722106602463,1.0918722106602463,0.0,-0.0048973537594168
10y,Long CSI300 / Short CSI1000,2017-06-23,1.0918722106602463,1.0918722106602463,0.0,-0.0048973537594168
10y,Long CSI300 / Short CSI1000,2017-06-26,1.0918722106602463,1.0918722106602463,0.0,-0.0048973537594168
10y,Long CSI300 / Short CSI1000,2017-06-27,1.0918722106602463,1.0918722106602463,0.0,-0.0048973537594168
10y,Long CSI300 / Short CSI1000,2017-06-28,1.0918722106602463,1.0918722106602463,0.0,-0.0048973537594168
10y,Long CSI300 / Short CSI1000,2017-06-29,1.0918722106602463,1.0918722106602463,0.0,-0.0048973537594168
10y,Long CSI300 / Short CSI1000,2017-06-30,1.0918722106602463,1.0918722106602463,0.0,-0.0048973537594168
10y,Long CSI300 / Short CSI1000,2017-07-03,1.0918722106602463,1.0918722106602463,0.0,-0.0048973537594168
10y,Long CSI300 / Short CSI1000,2017-07-04,1.0918722106602463,1.0918722106602463,0.0,-0.0048973537594168
10y,Long CSI300 / Short CSI1000,2017-07-05,1.0918722106602463,1.0918722106602463,0.0,-0.0048973537594168
10y,Long CSI300 / Short CSI1000,2017-07-06,1.0918722106602463,1.0918722106602463,0.0,-0.0048973537594168
10y,Long CSI300 / Short CSI1000,2017-07-07,1.0918722106602463,1.0918722106602463,0.0,-0.0048973537594168
10y,Long CSI300 / Short CSI1000,2017-07-10,1.0918722106602463,1.0918722106602463,0.0,-0.0048973537594168
10y,Long CSI300 / Short CSI1000,2017-07-11,1.0918722106602463,1.0918722106602463,0.0,-0.0048973537594168
10y,Long CSI300 / Short CSI1000,2017-07-12,1.0918722106602463,1.0918722106602463,0.0,-0.0048973537594168
10y,Long CSI300 / Short CSI1000,2017-07-13,1.0918722106602463,1.0918722106602463,0.0,-0.0048973537594168
10y,Long CSI300 / Short CSI1000,2017-07-14,1.0918722106602463,1.0918722106602463,0.0,-0.0048973537594168
10y,Long CSI300 / Short CSI1000,2017-07-17,1.0918722106602463,1.0918722106602463,0.0,-0.0048973537594168
10y,Long CSI300 / Short CSI1000,2017-07-18,1.0918722106602463,1.0918722106602463,0.0,-0.0048973537594168
10y,Long CSI300 / Short CSI1000,2017-07-19,1.0918722106602463,1.0918722106602463,0.0,-0.0048973537594168
10y,Long CSI300 / Short CSI1000,2017-07-20,1.0918722106602463,1.0918722106602463,-0.0,-0.0048973537594168
10y,Long CSI300 / Short CSI1000,2017-07-21,1.0918722106602463,1.0918722106602463,-0.0,-0.0048973537594168
10y,Long CSI300 / Short CSI1000,2017-07-24,1.0918722106602463,1.0918722106602463,-0.0,-0.0048973537594168
10y,Long CSI300 / Short CSI1000,2017-07-25,1.0918722106602463,1.0918722106602463,-0.0,-0.0048973537594168
10y,Long CSI300 / Short CSI1000,2017-07-26,1.0918722106602463,1.0918722106602463,-0.0,-0.0048973537594168
10y,Long CSI300 / Short CSI1000,2017-07-27,1.0918722106602463,1.0918722106602463,-0.0,-0.0048973537594168
10y,Long CSI300 / Short CSI1000,2017-07-28,1.0918722106602463,1.0918722106602463,0.0,-0.0048973537594168
10y,Long CSI300 / Short CSI1000,2017-07-31,1.0918722106602463,1.0918722106602463,-0.0,-0.0048973537594168
10y,Long CSI300 / Short CSI1000,2017-08-01,1.0918722106602463,1.0918722106602463,0.0,-0.0048973537594168
10y,Long CSI300 / Short CSI1000,2017-08-02,1.0918722106602463,1.0918722106602463,0.0,-0.0048973537594168
10y,Long CSI300 / Short CSI1000,2017-08-03,1.0918722106602463,1.0918722106602463,0.0,-0.0048973537594168
10y,Long CSI300 / Short CSI1000,2017-08-04,1.0918722106602463,1.0918722106602463,0.0,-0.0048973537594168
10y,Long CSI300 / Short CSI1000,2017-08-07,1.0918722106602463,1.0918722106602463,0.0,-0.0048973537594168
10y,Long CSI300 / Short CSI1000,2017-08-08,1.0918722106602463,1.0918722106602463,0.0,-0.0048973537594168
10y,Long CSI300 / Short CSI1000,2017-08-09,1.0918722106602463,1.0918722106602463,0.0,-0.0048973537594168
10y,Long CSI300 / Short CSI1000,2017-08-10,1.0918722106602463,1.0918722106602463,0.0,-0.0048973537594168
10y,Long CSI300 / Short CSI1000,2017-08-11,1.0918722106602463,1.0918722106602463,0.0,-0.0048973537594168
10y,Long CSI300 / Short CSI1000,2017-08-14,1.0918722106602463,1.0918722106602463,0.0,-0.0048973537594168
10y,Long CSI300 / Short CSI1000,2017-08-15,1.0918722106602463,1.0918722106602463,0.0,-0.0048973537594168
10y,Long CSI300 / Short CSI1000,2017-08-16,1.0918722106602463,1.0918722106602463,0.0,-0.0048973537594168
10y,Long CSI300 / Short CSI1000,2017-08-17,1.0918722106602463,1.0918722106602463,0.0,-0.0048973537594168
10y,Long CSI300 / Short CSI1000,2017-08-18,1.0918722106602463,1.0918722106602463,0.0,-0.0048973537594168
10y,Long CSI300 / Short CSI1000,2017-08-21,1.0918722106602463,1.0918722106602463,0.0,-0.0048973537594168
10y,Long CSI300 / Short CSI1000,2017-08-22,1.0918722106602463,1.0918722106602463,0.0,-0.0048973537594168
10y,Long CSI300 / Short CSI1000,2017-08-23,1.0918722106602463,1.0918722106602463,0.0,-0.0048973537594168
10y,Long CSI300 / Short CSI1000,2017-08-24,1.0918722106602463,1.0918722106602463,0.0,-0.0048973537594168
10y,Long CSI300 / Short CSI1000,2017-08-25,1.0918722106602463,1.0918722106602463,0.0,-0.0048973537594168
10y,Long CSI300 / Short CSI1000,2017-08-28,1.0918722106602463,1.0918722106602463,0.0,-0.0048973537594168
10y,Long CSI300 / Short CSI1000,2017-08-29,1.0918722106602463,1.0918722106602463,0.0,-0.0048973537594168
10y,Long CSI300 / Short CSI1000,2017-08-30,1.0918722106602463,1.0918722106602463,0.0,-0.0048973537594168
10y,Long CSI300 / Short CSI1000,2017-08-31,1.0918722106602463,1.0918722106602463,0.0,-0.0048973537594168
10y,Long CSI300 / Short CSI1000,2017-09-01,1.0918722106602463,1.0918722106602463,0.0,-0.0048973537594168
10y,Long CSI300 / Short CSI1000,2017-09-04,1.0918722106602463,1.0918722106602463,0.0,-0.0048973537594168
10y,Long CSI300 / Short CSI1000,2017-09-05,1.0918722106602463,1.0918722106602463,0.0,-0.0048973537594168
10y,Long CSI300 / Short CSI1000,2017-09-06,1.0918722106602463,1.0918722106602463,0.0,-0.0048973537594168
10y,Long CSI300 / Short CSI1000,2017-09-07,1.0918722106602463,1.0918722106602463,0.0,-0.0048973537594168
10y,Long CSI300 / Short CSI1000,2017-09-08,1.0918722106602463,1.0918722106602463,0.0,-0.0048973537594168
10y,Long CSI300 / Short CSI1000,2017-09-11,1.0918722106602463,1.0918722106602463,0.0,-0.0048973537594168
10y,Long CSI300 / Short CSI1000,2017-09-12,1.0918722106602463,1.0918722106602463,0.0,-0.0048973537594168
10y,Long CSI300 / Short CSI1000,2017-09-13,1.0918722106602463,1.0918722106602463,0.0,-0.0048973537594168
10y,Long CSI300 / Short CSI1000,2017-09-14,1.0918722106602463,1.0918722106602463,0.0,-0.0048973537594168
10y,Long CSI300 / Short CSI1000,2017-09-15,1.0918722106602463,1.0918722106602463,0.0,-0.0048973537594168
10y,Long CSI300 / Short CSI1000,2017-09-18,1.0918722106602463,1.0918722106602463,0.0,-0.0048973537594168
10y,Long CSI300 / Short CSI1000,2017-09-19,1.0918722106602463,1.0918722106602463,0.0,-0.0048973537594168
10y,Long CSI300 / Short CSI1000,2017-09-20,1.0918722106602463,1.0918722106602463,0.0,-0.0048973537594168
10y,Long CSI300 / Short CSI1000,2017-09-21,1.0918722106602463,1.0918722106602463,0.0,-0.0048973537594168
10y,Long CSI300 / Short CSI1000,2017-09-22,1.0918722106602463,1.0918722106602463,0.0,-0.0048973537594168
10y,Long CSI300 / Short CSI1000,2017-09-25,1.0918722106602463,1.0918722106602463,0.0,-0.0048973537594168
10y,Long CSI300 / Short CSI1000,2017-09-26,1.0918722106602463,1.0918722106602463,0.0,-0.0048973537594168
10y,Long CSI300 / Short CSI1000,2017-09-27,1.0918722106602463,1.0918722106602463,0.0,-0.0048973537594168
10y,Long CSI300 / Short CSI1000,2017-09-28,1.0918722106602463,1.0918722106602463,0.0,-0.0048973537594168
10y,Long CSI300 / Short CSI1000,2017-09-29,1.0918722106602463,1.0918722106602463,0.0,-0.0048973537594168
10y,Long CSI300 / Short CSI1000,2017-10-09,1.090616852317836,1.090616852317836,-0.0011497300967586,-0.006041453221163673
10y,Long CSI300 / Short CSI1000,2017-10-10,1.0854848890249698,1.0854848890249698,-0.0047055602358974,-0.010718585035016326
10y,Long CSI300 / Short CSI1000,2017-10-11,1.0936252811261895,1.0936252811261895,0.007499314070168,-0.0032996530004136826
10y,Long CSI300 / Short CSI1000,2017-10-12,1.0993984896245743,1.0993984896245743,0.0052789640089885,0.0
10y,Long CSI300 / Short CSI1000,2017-10-13,1.0971989730105254,1.0971989730105254,-0.0020006545713922,-0.002000654571392091
10y,Long CSI300 / Short CSI1000,2017-10-16,1.1164879218946993,1.1164879218946993,0.0175801740237218,0.0
10y,Long CSI300 / Short CSI1000,2017-10-17,1.1184569150621655,1.1184569150621655,0.0017635597563161,0.0
10y,Long CSI300 / Short CSI1000,2017-10-18,1.1382522654682028,1.1382522654682028,0.0176988046114738,0.0
10y,Long CSI300 / Short CSI1000,2017-10-19,1.145523506496782,1.145523506496782,0.0063880751650324,0.0
10y,Long CSI300 / Short CSI1000,2017-10-20,1.1301634556038247,1.1301634556038247,-0.0134087609777046,-0.013408760977704492
10y,Long CSI300 / Short CSI1000,2017-10-23,1.125186645307332,1.125186645307332,-0.0044036199116291,-0.01775333380250199
10y,Long CSI300 / Short CSI1000,2017-10-24,1.139309576057751,1.139309576057751,0.0125516338194375,-0.005424533328027725
10y,Long CSI300 / Short CSI1000,2017-10-25,1.137490658304236,1.137490658304236,-0.0015965087907089,-0.007012381803592982
10y,Long CSI300 / Short CSI1000,2017-10-26,1.1378176012301635,1.1378176012301635,0.0002874247129336,-0.006726972622486338
10y,Long CSI300 / Short CSI1000,2017-10-27,1.1546654892512696,1.1546654892512696,0.014807195813187,0.0
10y,Long CSI300 / Short CSI1000,2017-10-30,1.1809454860928994,1.1809454860928994,0.022759835715425,0.0
10y,Long CSI300 / Short CSI1000,2017-10-31,1.1712657251127765,1.1712657251127765,-0.0081966196527395,-0.008196619652739323
10y,Long CSI300 / Short CSI1000,2017-11-01,1.17068009225022,1.17068009225022,-0.0005,-0.008692521342912984
10y,Long CSI300 / Short CSI1000,2017-11-02,1.184693908231602,1.184693908231602,0.0119706622450931,0.0
10y,Long CSI300 / Short CSI1000,2017-11-03,1.184101561277486,1.184101561277486,-0.0005,-0.000500000000000167
10y,Long CSI300 / Short CSI1000,2017-11-06,1.184101561277486,1.184101561277486,-0.0,-0.000500000000000167
10y,Long CSI300 / Short CSI1000,2017-11-07,1.184101561277486,1.184101561277486,0.0,-0.000500000000000167
10y,Long CSI300 / Short CSI1000,2017-11-08,1.184101561277486,1.184101561277486,-0.0,-0.000500000000000167
10y,Long CSI300 / Short CSI1000,2017-11-09,1.1855046663297302,1.1855046663297302,0.0011849532997238,0.0
10y,Long CSI300 / Short CSI1000,2017-11-10,1.1935019604452444,1.1935019604452444,0.0067458984706263,0.0
10y,Long CSI300 / Short CSI1000,2017-11-13,1.1962540720124606,1.1962540720124606,0.0023059129003773,0.0
10y,Long CSI300 / Short CSI1000,2017-11-14,1.196332164476279,1.196332164476279,6.528083426874038e-05,0.0
10y,Long CSI300 / Short CSI1000,2017-11-15,1.2000588838423851,1.2000588838423851,0.0031151209310984,0.0
10y,Long CSI300 / Short CSI1000,2017-11-16,1.2136750376791083,1.2136750376791083,0.0113462381055223,0.0
10y,Long CSI300 / Short CSI1000,2017-11-17,1.2657470501753076,1.2657470501753076,0.0429044108839676,0.0
10y,Long CSI300 / Short CSI1000,2017-11-20,1.265070648475067,1.265070648475067,-0.0005343893158961,-0.000534389315896111
10y,Long CSI300 / Short CSI1000,2017-11-21,1.265070648475067,1.265070648475067,0.0,-0.000534389315896111
10y,Long CSI300 / Short CSI1000,2017-11-22,1.265070648475067,1.265070648475067,0.0,-0.000534389315896111
10y,Long CSI300 / Short CSI1000,2017-11-23,1.265070648475067,1.265070648475067,-0.0,-0.000534389315896111
10y,Long CSI300 / Short CSI1000,2017-11-24,1.265070648475067,1.265070648475067,-0.0,-0.000534389315896111
10y,Long CSI300 / Short CSI1000,2017-11-27,1.265070648475067,1.265070648475067,-0.0,-0.000534389315896111
10y,Long CSI300 / Short CSI1000,2017-11-28,1.265070648475067,1.265070648475067,-0.0,-0.000534389315896111
10y,Long CSI300 / Short CSI1000,2017-11-29,1.265070648475067,1.265070648475067,-0.0,-0.000534389315896111
10y,Long CSI300 / Short CSI1000,2017-11-30,1.265070648475067,1.265070648475067,-0.0,-0.000534389315896111
10y,Long CSI300 / Short CSI1000,2017-12-01,1.265070648475067,1.265070648475067,-0.0,-0.000534389315896111
10y,Long CSI300 / Short CSI1000,2017-12-04,1.265070648475067,1.265070648475067,0.0,-0.000534389315896111
10y,Long CSI300 / Short CSI1000,2017-12-05,1.265070648475067,1.265070648475067,0.0,-0.000534389315896111
10y,Long CSI300 / Short CSI1000,2017-12-06,1.265070648475067,1.265070648475067,-0.0,-0.000534389315896111
10y,Long CSI300 / Short CSI1000,2017-12-07,1.265070648475067,1.265070648475067,-0.0,-0.000534389315896111
10y,Long CSI300 / Short CSI1000,2017-12-08,1.265070648475067,1.265070648475067,0.0,-0.000534389315896111
10y,Long CSI300 / Short CSI1000,2017-12-11,1.265070648475067,1.265070648475067,0.0,-0.000534389315896111
10y,Long CSI300 / Short CSI1000,2017-12-12,1.265070648475067,1.265070648475067,0.0,-0.000534389315896111
10y,Long CSI300 / Short CSI1000,2017-12-13,1.265070648475067,1.265070648475067,0.0,-0.000534389315896111
10y,Long CSI300 / Short CSI1000,2017-12-14,1.265070648475067,1.265070648475067,0.0,-0.000534389315896111
10y,Long CSI300 / Short CSI1000,2017-12-15,1.265070648475067,1.265070648475067,0.0,-0.000534389315896111
10y,Long CSI300 / Short CSI1000,2017-12-18,1.265070648475067,1.265070648475067,0.0,-0.000534389315896111
10y,Long CSI300 / Short CSI1000,2017-12-19,1.265070648475067,1.265070648475067,0.0,-0.000534389315896111
10y,Long CSI300 / Short CSI1000,2017-12-20,1.265070648475067,1.265070648475067,0.0,-0.000534389315896111
10y,Long CSI300 / Short CSI1000,2017-12-21,1.265070648475067,1.265070648475067,0.0,-0.000534389315896111
10y,Long CSI300 / Short CSI1000,2017-12-22,1.265070648475067,1.265070648475067,0.0,-0.000534389315896111
10y,Long CSI300 / Short CSI1000,2017-12-25,1.265070648475067,1.265070648475067,0.0,-0.000534389315896111
10y,Long CSI300 / Short CSI1000,2017-12-26,1.265070648475067,1.265070648475067,0.0,-0.000534389315896111
10y,Long CSI300 / Short CSI1000,2017-12-27,1.265070648475067,1.265070648475067,0.0,-0.000534389315896111
10y,Long CSI300 / Short CSI1000,2017-12-28,1.265070648475067,1.265070648475067,0.0,-0.000534389315896111
10y,Long CSI300 / Short CSI1000,2017-12-29,1.265070648475067,1.265070648475067,0.0,-0.000534389315896111
10y,Long CSI300 / Short CSI1000,2018-01-02,1.265070648475067,1.265070648475067,0.0,-0.000534389315896111
10y,Long CSI300 / Short CSI1000,2018-01-03,1.265070648475067,1.265070648475067,0.0,-0.000534389315896111
10y,Long CSI300 / Short CSI1000,2018-01-04,1.265070648475067,1.265070648475067,0.0,-0.000534389315896111
10y,Long CSI300 / Short CSI1000,2018-01-05,1.265070648475067,1.265070648475067,0.0,-0.000534389315896111
10y,Long CSI300 / Short CSI1000,2018-01-08,1.265070648475067,1.265070648475067,0.0,-0.000534389315896111
10y,Long CSI300 / Short CSI1000,2018-01-09,1.265070648475067,1.265070648475067,0.0,-0.000534389315896111
10y,Long CSI300 / Short CSI1000,2018-01-10,1.265070648475067,1.265070648475067,0.0,-0.000534389315896111
10y,Long CSI300 / Short CSI1000,2018-01-11,1.265070648475067,1.265070648475067,0.0,-0.000534389315896111
10y,Long CSI300 / Short CSI1000,2018-01-12,1.265070648475067,1.265070648475067,0.0,-0.000534389315896111
10y,Long CSI300 / Short CSI1000,2018-01-15,1.265070648475067,1.265070648475067,0.0,-0.000534389315896111
10y,Long CSI300 / Short CSI1000,2018-01-16,1.265070648475067,1.265070648475067,0.0,-0.000534389315896111
10y,Long CSI300 / Short CSI1000,2018-01-17,1.264599368668344,1.264599368668344,-0.0003725324014838,-0.0009067226400445438
10y,Long CSI300 / Short CSI1000,2018-01-18,1.269274455753146,1.269274455753146,0.0036968918383417,0.0
10y,Long CSI300 / Short CSI1000,2018-01-19,1.276533517767562,1.276533517767562,0.0057190641326729,0.0
10y,Long CSI300 / Short CSI1000,2018-01-22,1.2777460961209843,1.2777460961209843,0.0009498993458025,0.0
10y,Long CSI300 / Short CSI1000,2018-01-23,1.2903060875754124,1.2903060875754124,0.0098298022530125,0.0
10y,Long CSI300 / Short CSI1000,2018-01-24,1.2828655670754234,1.2828655670754234,-0.0057664770953459,-0.0057664770953459454
10y,Long CSI300 / Short CSI1000,2018-01-25,1.2773812434406429,1.2773812434406429,-0.0042750571654076,-0.010016882241527969
10y,Long CSI300 / Short CSI1000,2018-01-26,1.2833313642025437,1.2833313642025437,0.0046580617904439,-0.005405479707512484
10y,Long CSI300 / Short CSI1000,2018-01-29,1.2752055593051552,1.2752055593051552,-0.0063318057393833,-0.011703058999459781
10y,Long CSI300 / Short CSI1000,2018-01-30,1.264721521205124,1.264721521205124,-0.0082214494937929,-0.0198282923847658
10y,Long CSI300 / Short CSI1000,2018-01-31,1.3013326354628456,1.3013326354628456,0.0289479649423818,0.0
10y,Long CSI300 / Short CSI1000,2018-02-01,1.3006819691451144,1.3006819691451144,-0.0005,-0.0004999999999998339
10y,Long CSI300 / Short CSI1000,2018-02-02,1.3006819691451144,1.3006819691451144,0.0,-0.0004999999999998339
10y,Long CSI300 / Short CSI1000,2018-02-05,1.3006819691451144,1.3006819691451144,0.0,-0.0004999999999998339
10y,Long CSI300 / Short CSI1000,2018-02-06,1.3006819691451144,1.3006819691451144,0.0,-0.0004999999999998339
10y,Long CSI300 / Short CSI1000,2018-02-07,1.3006819691451144,1.3006819691451144,-0.0,-0.0004999999999998339
10y,Long CSI300 / Short CSI1000,2018-02-08,1.3006819691451144,1.3006819691451144,-0.0,-0.0004999999999998339
10y,Long CSI300 / Short CSI1000,2018-02-09,1.3006819691451144,1.3006819691451144,-0.0,-0.0004999999999998339
10y,Long CSI300 / Short CSI1000,2018-02-12,1.3006819691451144,1.3006819691451144,-0.0,-0.0004999999999998339
10y,Long CSI300 / Short CSI1000,2018-02-13,1.3006819691451144,1.3006819691451144,0.0,-0.0004999999999998339
10y,Long CSI300 / Short CSI1000,2018-02-14,1.3006819691451144,1.3006819691451144,0.0,-0.0004999999999998339
10y,Long CSI300 / Short CSI1000,2018-02-22,1.3006819691451144,1.3006819691451144,0.0,-0.0004999999999998339
10y,Long CSI300 / Short CSI1000,2018-02-23,1.3006819691451144,1.3006819691451144,0.0,-0.0004999999999998339
10y,Long CSI300 / Short CSI1000,2018-02-26,1.3006819691451144,1.3006819691451144,0.0,-0.0004999999999998339
10y,Long CSI300 / Short CSI1000,2018-02-27,1.3006819691451144,1.3006819691451144,0.0,-0.0004999999999998339
10y,Long CSI300 / Short CSI1000,2018-02-28,1.3006819691451144,1.3006819691451144,0.0,-0.0004999999999998339
10y,Long CSI300 / Short CSI1000,2018-03-01,1.3006819691451144,1.3006819691451144,0.0,-0.0004999999999998339
10y,Long CSI300 / Short CSI1000,2018-03-02,1.3006819691451144,1.3006819691451144,0.0,-0.0004999999999998339
10y,Long CSI300 / Short CSI1000,2018-03-05,1.3006819691451144,1.3006819691451144,0.0,-0.0004999999999998339
10y,Long CSI300 / Short CSI1000,2018-03-06,1.3006819691451144,1.3006819691451144,0.0,-0.0004999999999998339
10y,Long CSI300 / Short CSI1000,2018-03-07,1.3006819691451144,1.3006819691451144,0.0,-0.0004999999999998339
10y,Long CSI300 / Short CSI1000,2018-03-08,1.3006819691451144,1.3006819691451144,0.0,-0.0004999999999998339
10y,Long CSI300 / Short CSI1000,2018-03-09,1.3006819691451144,1.3006819691451144,0.0,-0.0004999999999998339
10y,Long CSI300 / Short CSI1000,2018-03-12,1.3006819691451144,1.3006819691451144,0.0,-0.0004999999999998339
10y,Long CSI300 / Short CSI1000,2018-03-13,1.3006819691451144,1.3006819691451144,0.0,-0.0004999999999998339
10y,Long CSI300 / Short CSI1000,2018-03-14,1.3006819691451144,1.3006819691451144,0.0,-0.0004999999999998339
10y,Long CSI300 / Short CSI1000,2018-03-15,1.3006819691451144,1.3006819691451144,0.0,-0.0004999999999998339
10y,Long CSI300 / Short CSI1000,2018-03-16,1.3006819691451144,1.3006819691451144,0.0,-0.0004999999999998339
10y,Long CSI300 / Short CSI1000,2018-03-19,1.3006819691451144,1.3006819691451144,0.0,-0.0004999999999998339
10y,Long CSI300 / Short CSI1000,2018-03-20,1.3006819691451144,1.3006819691451144,0.0,-0.0004999999999998339
10y,Long CSI300 / Short CSI1000,2018-03-21,1.3006819691451144,1.3006819691451144,0.0,-0.0004999999999998339
10y,Long CSI300 / Short CSI1000,2018-03-22,1.3006819691451144,1.3006819691451144,0.0,-0.0004999999999998339
10y,Long CSI300 / Short CSI1000,2018-03-23,1.3006819691451144,1.3006819691451144,0.0,-0.0004999999999998339
10y,Long CSI300 / Short CSI1000,2018-03-26,1.3006819691451144,1.3006819691451144,0.0,-0.0004999999999998339
10y,Long CSI300 / Short CSI1000,2018-03-27,1.3006819691451144,1.3006819691451144,0.0,-0.0004999999999998339
10y,Long CSI300 / Short CSI1000,2018-03-28,1.3006819691451144,1.3006819691451144,0.0,-0.0004999999999998339
10y,Long CSI300 / Short CSI1000,2018-03-29,1.3006819691451144,1.3006819691451144,0.0,-0.0004999999999998339
10y,Long CSI300 / Short CSI1000,2018-03-30,1.3006819691451144,1.3006819691451144,0.0,-0.0004999999999998339
10y,Long CSI300 / Short CSI1000,2018-04-02,1.3006819691451144,1.3006819691451144,0.0,-0.0004999999999998339
10y,Long CSI300 / Short CSI1000,2018-04-03,1.3006819691451144,1.3006819691451144,0.0,-0.0004999999999998339
10y,Long CSI300 / Short CSI1000,2018-04-04,1.3006819691451144,1.3006819691451144,0.0,-0.0004999999999998339
10y,Long CSI300 / Short CSI1000,2018-04-09,1.3006819691451144,1.3006819691451144,0.0,-0.0004999999999998339
10y,Long CSI300 / Short CSI1000,2018-04-10,1.3006819691451144,1.3006819691451144,0.0,-0.0004999999999998339
10y,Long CSI300 / Short CSI1000,2018-04-11,1.3006819691451144,1.3006819691451144,0.0,-0.0004999999999998339
10y,Long CSI300 / Short CSI1000,2018-04-12,1.3006819691451144,1.3006819691451144,0.0,-0.0004999999999998339
10y,Long CSI300 / Short CSI1000,2018-04-13,1.3006819691451144,1.3006819691451144,0.0,-0.0004999999999998339
10y,Long CSI300 / Short CSI1000,2018-04-16,1.3006819691451144,1.3006819691451144,0.0,-0.0004999999999998339
10y,Long CSI300 / Short CSI1000,2018-04-17,1.3006819691451144,1.3006819691451144,0.0,-0.0004999999999998339
10y,Long CSI300 / Short CSI1000,2018-04-18,1.3006819691451144,1.3006819691451144,0.0,-0.0004999999999998339
10y,Long CSI300 / Short CSI1000,2018-04-19,1.3006819691451144,1.3006819691451144,0.0,-0.0004999999999998339
10y,Long CSI300 / Short CSI1000,2018-04-20,1.3006819691451144,1.3006819691451144,0.0,-0.0004999999999998339
10y,Long CSI300 / Short CSI1000,2018-04-23,1.3006819691451144,1.3006819691451144,0.0,-0.0004999999999998339
10y,Long CSI300 / Short CSI1000,2018-04-24,1.3006819691451144,1.3006819691451144,0.0,-0.0004999999999998339
10y,Long CSI300 / Short CSI1000,2018-04-25,1.3006819691451144,1.3006819691451144,0.0,-0.0004999999999998339
10y,Long CSI300 / Short CSI1000,2018-04-26,1.3006819691451144,1.3006819691451144,-0.0,-0.0004999999999998339
10y,Long CSI300 / Short CSI1000,2018-04-27,1.3006819691451144,1.3006819691451144,-0.0,-0.0004999999999998339
10y,Long CSI300 / Short CSI1000,2018-05-02,1.3006819691451144,1.3006819691451144,0.0,-0.0004999999999998339
10y,Long CSI300 / Short CSI1000,2018-05-03,1.3006819691451144,1.3006819691451144,-0.0,-0.0004999999999998339
10y,Long CSI300 / Short CSI1000,2018-05-04,1.3006819691451144,1.3006819691451144,-0.0,-0.0004999999999998339
10y,Long CSI300 / Short CSI1000,2018-05-07,1.3006819691451144,1.3006819691451144,-0.0,-0.0004999999999998339
10y,Long CSI300 / Short CSI1000,2018-05-08,1.3089053865498492,1.3089053865498492,0.0063223890234595,0.0
10y,Long CSI300 / Short CSI1000,2018-05-09,1.3071556339842858,1.3071556339842858,-0.0013368059934228,-0.001336805993422896
10y,Long CSI300 / Short CSI1000,2018-05-10,1.3088454179746871,1.3088454179746871,0.001292718285772,-4.581582120322114e-05
10y,Long CSI300 / Short CSI1000,2018-05-11,1.3150832448465095,1.3150832448465095,0.0047659003776585,0.0
10y,Long CSI300 / Short CSI1000,2018-05-14,1.33653179972983,1.33653179972983,0.0163096556566835,0.0
10y,Long CSI300 / Short CSI1000,2018-05-15,1.3276160225527307,1.3276160225527307,-0.0066708305622817,-0.006670830562281904
10y,Long CSI300 / Short CSI1000,2018-05-16,1.3246961419519143,1.3246961419519143,-0.0021993411884272,-0.00885550031829263
10y,Long CSI300 / Short CSI1000,2018-05-17,1.3211594046952029,1.3211594046952029,-0.0026698479332024,-0.01150170541227269
10y,Long CSI300 / Short CSI1000,2018-05-18,1.3285482391161854,1.3285482391161854,0.0055926895685136,-0.005973341311638403
10y,Long CSI300 / Short CSI1000,2018-05-21,1.319515490929895,1.319515490929895,-0.0067989613928504,-0.012731690187524736
10y,Long CSI300 / Short CSI1000,2018-05-22,1.3091289875751877,1.3091289875751877,-0.0078714523824101,-0.020502925676876282
10y,Long CSI300 / Short CSI1000,2018-05-23,1.305829820434498,1.305829820434498,-0.0025201238166764,-0.022971379582242824
10y,Long CSI300 / Short CSI1000,2018-05-24,1.3012123601730583,1.3012123601730583,-0.0035360352391884,-0.026426187213735797
10y,Long CSI300 / Short CSI1000,2018-05-25,1.3148357306678449,1.3148357306678449,0.0104697518343388,-0.016233111001452305
10y,Long CSI300 / Short CSI1000,2018-05-28,1.3387484097383402,1.3387484097383402,0.0181868187125927,0.0
10y,Long CSI300 / Short CSI1000,2018-05-29,1.3398596245149172,1.3398596245149172,0.0008300400347771,0.0
10y,Long CSI300 / Short CSI1000,2018-05-30,1.360171709023505,1.360171709023505,0.0151598601353044,0.0
10y,Long CSI300 / Short CSI1000,2018-05-31,1.3744251216096957,1.3744251216096957,0.0104791273716634,0.0
10y,Long CSI300 / Short CSI1000,2018-06-01,1.3798266349118165,1.3798266349118165,0.003930016424463,0.0
10y,Long CSI300 / Short CSI1000,2018-06-04,1.4063129352926271,1.4063129352926271,0.0191953827464008,0.0
10y,Long CSI300 / Short CSI1000,2018-06-05,1.395291208406359,1.395291208406359,-0.0078373217010728,-0.007837321701072764
10y,Long CSI300 / Short CSI1000,2018-06-06,1.390651053340079,1.390651053340079,-0.003325581812831,-0.011136839859393843
10y,Long CSI300 / Short CSI1000,2018-06-07,1.4000959109065227,1.4000959109065227,0.00679168044619,-0.004420797270708987
10y,Long CSI300 / Short CSI1000,2018-06-08,1.395934215065793,1.395934215065793,-0.0029724362511959,-0.007380092983838349
10y,Long CSI300 / Short CSI1000,2018-06-11,1.4107860618775627,1.4107860618775627,0.010639360115598,0.0
10y,Long CSI300 / Short CSI1000,2018-06-12,1.4188403108491152,1.4188403108491152,0.005709050570597,0.0
10y,Long CSI300 / Short CSI1000,2018-06-13,1.4331466138781377,1.4331466138781377,0.0100830959760795,0.0
10y,Long CSI300 / Short CSI1000,2018-06-14,1.435727681486741,1.435727681486741,0.001800979455702,0.0
10y,Long CSI300 / Short CSI1000,2018-06-15,1.4687570555188008,1.4687570555188008,0.0230053195031085,0.0
10y,Long CSI300 / Short CSI1000,2018-06-19,1.5336170694900473,1.5336170694900473,0.0441597973793809,0.0
10y,Long CSI300 / Short CSI1000,2018-06-20,1.532664404523863,1.532664404523863,-0.0006211882908298,-0.0006211882908299104
10y,Long CSI300 / Short CSI1000,2018-06-21,1.532664404523863,1.532664404523863,0.0,-0.0006211882908299104
10y,Long CSI300 / Short CSI1000,2018-06-22,1.532664404523863,1.532664404523863,-0.0,-0.0006211882908299104
10y,Long CSI300 / Short CSI1000,2018-06-25,1.532664404523863,1.532664404523863,-0.0,-0.0006211882908299104
10y,Long CSI300 / Short CSI1000,2018-06-26,1.532664404523863,1.532664404523863,-0.0,-0.0006211882908299104
10y,Long CSI300 / Short CSI1000,2018-06-27,1.532664404523863,1.532664404523863,-0.0,-0.0006211882908299104
10y,Long CSI300 / Short CSI1000,2018-06-28,1.532664404523863,1.532664404523863,0.0,-0.0006211882908299104
10y,Long CSI300 / Short CSI1000,2018-06-29,1.532664404523863,1.532664404523863,-0.0,-0.0006211882908299104
10y,Long CSI300 / Short CSI1000,2018-07-02,1.532664404523863,1.532664404523863,-0.0,-0.0006211882908299104
10y,Long CSI300 / Short CSI1000,2018-07-03,1.532664404523863,1.532664404523863,-0.0,-0.0006211882908299104
10y,Long CSI300 / Short CSI1000,2018-07-04,1.532664404523863,1.532664404523863,0.0,-0.0006211882908299104
10y,Long CSI300 / Short CSI1000,2018-07-05,1.532664404523863,1.532664404523863,0.0,-0.0006211882908299104
10y,Long CSI300 / Short CSI1000,2018-07-06,1.532664404523863,1.532664404523863,0.0,-0.0006211882908299104
10y,Long CSI300 / Short CSI1000,2018-07-09,1.532664404523863,1.532664404523863,0.0,-0.0006211882908299104
10y,Long CSI300 / Short CSI1000,2018-07-10,1.532664404523863,1.532664404523863,0.0,-0.0006211882908299104
10y,Long CSI300 / Short CSI1000,2018-07-11,1.532664404523863,1.532664404523863,0.0,-0.0006211882908299104
10y,Long CSI300 / Short CSI1000,2018-07-12,1.532664404523863,1.532664404523863,0.0,-0.0006211882908299104
10y,Long CSI300 / Short CSI1000,2018-07-13,1.532664404523863,1.532664404523863,0.0,-0.0006211882908299104
10y,Long CSI300 / Short CSI1000,2018-07-16,1.532664404523863,1.532664404523863,0.0,-0.0006211882908299104
10y,Long CSI300 / Short CSI1000,2018-07-17,1.532664404523863,1.532664404523863,0.0,-0.0006211882908299104
10y,Long CSI300 / Short CSI1000,2018-07-18,1.532664404523863,1.532664404523863,0.0,-0.0006211882908299104
10y,Long CSI300 / Short CSI1000,2018-07-19,1.532664404523863,1.532664404523863,0.0,-0.0006211882908299104
10y,Long CSI300 / Short CSI1000,2018-07-20,1.532664404523863,1.532664404523863,0.0,-0.0006211882908299104
10y,Long CSI300 / Short CSI1000,2018-07-23,1.532664404523863,1.532664404523863,0.0,-0.0006211882908299104
10y,Long CSI300 / Short CSI1000,2018-07-24,1.532664404523863,1.532664404523863,0.0,-0.0006211882908299104
10y,Long CSI300 / Short CSI1000,2018-07-25,1.532664404523863,1.532664404523863,0.0,-0.0006211882908299104
10y,Long CSI300 / Short CSI1000,2018-07-26,1.532664404523863,1.532664404523863,0.0,-0.0006211882908299104
10y,Long CSI300 / Short CSI1000,2018-07-27,1.532664404523863,1.532664404523863,0.0,-0.0006211882908299104
10y,Long CSI300 / Short CSI1000,2018-07-30,1.532664404523863,1.532664404523863,0.0,-0.0006211882908299104
10y,Long CSI300 / Short CSI1000,2018-07-31,1.532664404523863,1.532664404523863,0.0,-0.0006211882908299104
10y,Long CSI300 / Short CSI1000,2018-08-01,1.532664404523863,1.532664404523863,0.0,-0.0006211882908299104
10y,Long CSI300 / Short CSI1000,2018-08-02,1.532664404523863,1.532664404523863,0.0,-0.0006211882908299104
10y,Long CSI300 / Short CSI1000,2018-08-03,1.532664404523863,1.532664404523863,0.0,-0.0006211882908299104
10y,Long CSI300 / Short CSI1000,2018-08-06,1.532664404523863,1.532664404523863,0.0,-0.0006211882908299104
10y,Long CSI300 / Short CSI1000,2018-08-07,1.532664404523863,1.532664404523863,0.0,-0.0006211882908299104
10y,Long CSI300 / Short CSI1000,2018-08-08,1.532664404523863,1.532664404523863,0.0,-0.0006211882908299104
10y,Long CSI300 / Short CSI1000,2018-08-09,1.532664404523863,1.532664404523863,0.0,-0.0006211882908299104
10y,Long CSI300 / Short CSI1000,2018-08-10,1.532664404523863,1.532664404523863,0.0,-0.0006211882908299104
10y,Long CSI300 / Short CSI1000,2018-08-13,1.532664404523863,1.532664404523863,0.0,-0.0006211882908299104
10y,Long CSI300 / Short CSI1000,2018-08-14,1.532664404523863,1.532664404523863,0.0,-0.0006211882908299104
10y,Long CSI300 / Short CSI1000,2018-08-15,1.532664404523863,1.532664404523863,0.0,-0.0006211882908299104
10y,Long CSI300 / Short CSI1000,2018-08-16,1.532664404523863,1.532664404523863,0.0,-0.0006211882908299104
10y,Long CSI300 / Short CSI1000,2018-08-17,1.532664404523863,1.532664404523863,0.0,-0.0006211882908299104
10y,Long CSI300 / Short CSI1000,2018-08-20,1.532664404523863,1.532664404523863,0.0,-0.0006211882908299104
10y,Long CSI300 / Short CSI1000,2018-08-21,1.532664404523863,1.532664404523863,0.0,-0.0006211882908299104
10y,Long CSI300 / Short CSI1000,2018-08-22,1.532664404523863,1.532664404523863,0.0,-0.0006211882908299104
10y,Long CSI300 / Short CSI1000,2018-08-23,1.532664404523863,1.532664404523863,0.0,-0.0006211882908299104
10y,Long CSI300 / Short CSI1000,2018-08-24,1.532664404523863,1.532664404523863,0.0,-0.0006211882908299104
10y,Long CSI300 / Short CSI1000,2018-08-27,1.532664404523863,1.532664404523863,0.0,-0.0006211882908299104
10y,Long CSI300 / Short CSI1000,2018-08-28,1.532664404523863,1.532664404523863,0.0,-0.0006211882908299104
10y,Long CSI300 / Short CSI1000,2018-08-29,1.5345084168241394,1.5345084168241394,0.0012031415976211,0.0
10y,Long CSI300 / Short CSI1000,2018-08-30,1.5449885145715834,1.5449885145715834,0.0068296124234585,0.0
10y,Long CSI300 / Short CSI1000,2018-08-31,1.5544460843493586,1.5544460843493586,0.0061214498933654,0.0
10y,Long CSI300 / Short CSI1000,2018-09-03,1.5497243131292848,1.5497243131292848,-0.0030375908612167,-0.003037590861216799
10y,Long CSI300 / Short CSI1000,2018-09-04,1.5512310801897813,1.5512310801897813,0.000972280713241,-0.002068263538984705
10y,Long CSI300 / Short CSI1000,2018-09-05,1.54528012833417,1.54528012833417,-0.0038362768330321,-0.005896605940517552
10y,Long CSI300 / Short CSI1000,2018-09-06,1.53485738141245,1.53485738141245,-0.0067448915770086,-0.012601725549785003
10y,Long CSI300 / Short CSI1000,2018-09-07,1.5388010397728946,1.5388010397728946,0.0025693972666147,-0.010064707122352523
10y,Long CSI300 / Short CSI1000,2018-09-10,1.5468456443012144,1.5468456443012144,0.0052278392855173,-0.00488948450812654
10y,Long CSI300 / Short CSI1000,2018-09-11,1.5435218115562035,1.5435218115562035,-0.0021487811387361,-0.007027759214773721
10y,Long CSI300 / Short CSI1000,2018-09-12,1.5346123825283358,1.5346123825283358,-0.0057721432642958,-0.012759337246054825
10y,Long CSI300 / Short CSI1000,2018-09-13,1.5338450763370717,1.5338450763370717,-0.0005,-0.013252957577431723
10y,Long CSI300 / Short CSI1000,2018-09-14,1.5338450763370717,1.5338450763370717,0.0,-0.013252957577431723
10y,Long CSI300 / Short CSI1000,2018-09-17,1.5338450763370717,1.5338450763370717,0.0,-0.013252957577431723
10y,Long CSI300 / Short CSI1000,2018-09-18,1.5338450763370717,1.5338450763370717,0.0,-0.013252957577431723
10y,Long CSI300 / Short CSI1000,2018-09-19,1.5338450763370717,1.5338450763370717,0.0,-0.013252957577431723
10y,Long CSI300 / Short CSI1000,2018-09-20,1.5376912521285269,1.5376912521285269,0.0025075386365877,-0.010778651244018445
10y,Long CSI300 / Short CSI1000,2018-09-21,1.565311736557412,1.565311736557412,0.0179623083571893,0.0
10y,Long CSI300 / Short CSI1000,2018-09-25,1.5561965805572129,1.5561965805572129,-0.0058232208877743,-0.005823220887774205
10y,Long CSI300 / Short CSI1000,2018-09-26,1.566734271330142,1.566734271330142,0.0067714393570741,0.0
10y,Long CSI300 / Short CSI1000,2018-09-27,1.5829934470460063,1.5829934470460063,0.0103777494457055,0.0
10y,Long CSI300 / Short CSI1000,2018-09-28,1.5860644901041498,1.5860644901041498,0.0019400225969818,0.0
10y,Long CSI300 / Short CSI1000,2018-10-08,1.5713308498933125,1.5713308498933125,-0.0092894332498864,-0.009289433249886181
10y,Long CSI300 / Short CSI1000,2018-10-09,1.5698532750886458,1.5698532750886458,-0.0009403333516724,-0.010221031437655848
10y,Long CSI300 / Short CSI1000,2018-10-10,1.568520071233064,1.568520071233064,-0.0008492537976242,-0.011061604985515894
10y,Long CSI300 / Short CSI1000,2018-10-11,1.612468704177817,1.612468704177817,0.0280191715431499,0.0
10y,Long CSI300 / Short CSI1000,2018-10-12,1.6472190071188029,1.6472190071188029,0.021550993734607,0.0
10y,Long CSI300 / Short CSI1000,2018-10-15,1.6498589048509462,1.6498589048509462,0.0016026391880705,0.0
10y,Long CSI300 / Short CSI1000,2018-10-16,1.6739320134448994,1.6739320134448994,0.01459101049379,0.0
10y,Long CSI300 / Short CSI1000,2018-10-17,1.6710890138409384,1.6710890138409384,-0.0016983961003949,-0.0016983961003949055
10y,Long CSI300 / Short CSI1000,2018-10-18,1.6876388756786915,1.6876388756786915,0.0099036387054654,0.0
10y,Long CSI300 / Short CSI1000,2018-10-19,1.7002261323203676,1.7002261323203676,0.0074585012368917,0.0
10y,Long CSI300 / Short CSI1000,2018-10-22,1.6893740592450135,1.6893740592450135,-0.00638272337371,-0.006382723373710153
10y,Long CSI300 / Short CSI1000,2018-10-23,1.6721803540689404,1.6721803540689404,-0.0101775596008365,-0.01649532242699503
10y,Long CSI300 / Short CSI1000,2018-10-24,1.671344263891906,1.671344263891906,-0.0005,-0.01698707476578143
10y,Long CSI300 / Short CSI1000,2018-10-25,1.671344263891906,1.671344263891906,0.0,-0.01698707476578143
10y,Long CSI300 / Short CSI1000,2018-10-26,1.671344263891906,1.671344263891906,-0.0,-0.01698707476578143
10y,Long CSI300 / Short CSI1000,2018-10-29,1.671344263891906,1.671344263891906,-0.0,-0.01698707476578143
10y,Long CSI300 / Short CSI1000,2018-10-30,1.671344263891906,1.671344263891906,0.0,-0.01698707476578143
10y,Long CSI300 / Short CSI1000,2018-10-31,1.671344263891906,1.671344263891906,-0.0,-0.01698707476578143
10y,Long CSI300 / Short CSI1000,2018-11-01,1.671344263891906,1.671344263891906,0.0,-0.01698707476578143
10y,Long CSI300 / Short CSI1000,2018-11-02,1.671344263891906,1.671344263891906,0.0,-0.01698707476578143
10y,Long CSI300 / Short CSI1000,2018-11-05,1.671344263891906,1.671344263891906,0.0,-0.01698707476578143
10y,Long CSI300 / Short CSI1000,2018-11-06,1.671344263891906,1.671344263891906,0.0,-0.01698707476578143
10y,Long CSI300 / Short CSI1000,2018-11-07,1.671344263891906,1.671344263891906,0.0,-0.01698707476578143
10y,Long CSI300 / Short CSI1000,2018-11-08,1.671344263891906,1.671344263891906,0.0,-0.01698707476578143
10y,Long CSI300 / Short CSI1000,2018-11-09,1.671344263891906,1.671344263891906,0.0,-0.01698707476578143
10y,Long CSI300 / Short CSI1000,2018-11-12,1.671344263891906,1.671344263891906,0.0,-0.01698707476578143
10y,Long CSI300 / Short CSI1000,2018-11-13,1.671344263891906,1.671344263891906,0.0,-0.01698707476578143
10y,Long CSI300 / Short CSI1000,2018-11-14,1.671344263891906,1.671344263891906,0.0,-0.01698707476578143
10y,Long CSI300 / Short CSI1000,2018-11-15,1.671344263891906,1.671344263891906,0.0,-0.01698707476578143
10y,Long CSI300 / Short CSI1000,2018-11-16,1.671344263891906,1.671344263891906,0.0,-0.01698707476578143
10y,Long CSI300 / Short CSI1000,2018-11-19,1.671344263891906,1.671344263891906,0.0,-0.01698707476578143
10y,Long CSI300 / Short CSI1000,2018-11-20,1.671344263891906,1.671344263891906,0.0,-0.01698707476578143
10y,Long CSI300 / Short CSI1000,2018-11-21,1.671344263891906,1.671344263891906,0.0,-0.01698707476578143
10y,Long CSI300 / Short CSI1000,2018-11-22,1.671344263891906,1.671344263891906,0.0,-0.01698707476578143
10y,Long CSI300 / Short CSI1000,2018-11-23,1.671344263891906,1.671344263891906,0.0,-0.01698707476578143
10y,Long CSI300 / Short CSI1000,2018-11-26,1.671344263891906,1.671344263891906,0.0,-0.01698707476578143
10y,Long CSI300 / Short CSI1000,2018-11-27,1.671344263891906,1.671344263891906,0.0,-0.01698707476578143
10y,Long CSI300 / Short CSI1000,2018-11-28,1.671344263891906,1.671344263891906,0.0,-0.01698707476578143
10y,Long CSI300 / Short CSI1000,2018-11-29,1.671344263891906,1.671344263891906,0.0,-0.01698707476578143
10y,Long CSI300 / Short CSI1000,2018-11-30,1.671344263891906,1.671344263891906,0.0,-0.01698707476578143
10y,Long CSI300 / Short CSI1000,2018-12-03,1.671344263891906,1.671344263891906,0.0,-0.01698707476578143
10y,Long CSI300 / Short CSI1000,2018-12-04,1.671344263891906,1.671344263891906,0.0,-0.01698707476578143
10y,Long CSI300 / Short CSI1000,2018-12-05,1.671344263891906,1.671344263891906,0.0,-0.01698707476578143
10y,Long CSI300 / Short CSI1000,2018-12-06,1.671344263891906,1.671344263891906,0.0,-0.01698707476578143
10y,Long CSI300 / Short CSI1000,2018-12-07,1.671344263891906,1.671344263891906,0.0,-0.01698707476578143
10y,Long CSI300 / Short CSI1000,2018-12-10,1.671344263891906,1.671344263891906,0.0,-0.01698707476578143
10y,Long CSI300 / Short CSI1000,2018-12-11,1.671344263891906,1.671344263891906,0.0,-0.01698707476578143
10y,Long CSI300 / Short CSI1000,2018-12-12,1.671344263891906,1.671344263891906,0.0,-0.01698707476578143
10y,Long CSI300 / Short CSI1000,2018-12-13,1.671344263891906,1.671344263891906,0.0,-0.01698707476578143
10y,Long CSI300 / Short CSI1000,2018-12-14,1.671344263891906,1.671344263891906,0.0,-0.01698707476578143
10y,Long CSI300 / Short CSI1000,2018-12-17,1.671344263891906,1.671344263891906,0.0,-0.01698707476578143
10y,Long CSI300 / Short CSI1000,2018-12-18,1.671344263891906,1.671344263891906,0.0,-0.01698707476578143
10y,Long CSI300 / Short CSI1000,2018-12-19,1.671344263891906,1.671344263891906,0.0,-0.01698707476578143
10y,Long CSI300 / Short CSI1000,2018-12-20,1.671344263891906,1.671344263891906,0.0,-0.01698707476578143
10y,Long CSI300 / Short CSI1000,2018-12-21,1.671344263891906,1.671344263891906,0.0,-0.01698707476578143
10y,Long CSI300 / Short CSI1000,2018-12-24,1.671344263891906,1.671344263891906,0.0,-0.01698707476578143
10y,Long CSI300 / Short CSI1000,2018-12-25,1.671344263891906,1.671344263891906,0.0,-0.01698707476578143
10y,Long CSI300 / Short CSI1000,2018-12-26,1.671344263891906,1.671344263891906,0.0,-0.01698707476578143
10y,Long CSI300 / Short CSI1000,2018-12-27,1.671344263891906,1.671344263891906,0.0,-0.01698707476578143
10y,Long CSI300 / Short CSI1000,2018-12-28,1.671344263891906,1.671344263891906,0.0,-0.01698707476578143
10y,Long CSI300 / Short CSI1000,2019-01-02,1.671344263891906,1.671344263891906,0.0,-0.01698707476578143
10y,Long CSI300 / Short CSI1000,2019-01-03,1.671344263891906,1.671344263891906,0.0,-0.01698707476578143
10y,Long CSI300 / Short CSI1000,2019-01-04,1.671344263891906,1.671344263891906,0.0,-0.01698707476578143
10y,Long CSI300 / Short CSI1000,2019-01-07,1.671344263891906,1.671344263891906,0.0,-0.01698707476578143
10y,Long CSI300 / Short CSI1000,2019-01-08,1.671344263891906,1.671344263891906,0.0,-0.01698707476578143
10y,Long CSI300 / Short CSI1000,2019-01-09,1.671344263891906,1.671344263891906,0.0,-0.01698707476578143
10y,Long CSI300 / Short CSI1000,2019-01-10,1.671344263891906,1.671344263891906,0.0,-0.01698707476578143
10y,Long CSI300 / Short CSI1000,2019-01-11,1.671344263891906,1.671344263891906,0.0,-0.01698707476578143
10y,Long CSI300 / Short CSI1000,2019-01-14,1.671344263891906,1.671344263891906,0.0,-0.01698707476578143
10y,Long CSI300 / Short CSI1000,2019-01-15,1.671344263891906,1.671344263891906,0.0,-0.01698707476578143
10y,Long CSI300 / Short CSI1000,2019-01-16,1.671344263891906,1.671344263891906,0.0,-0.01698707476578143
10y,Long CSI300 / Short CSI1000,2019-01-17,1.6763865080274525,1.6763865080274525,0.0030168794332083,-0.014021443289064295
10y,Long CSI300 / Short CSI1000,2019-01-18,1.6955569756515565,1.6955569756515565,0.0114355893061088,-0.0027461974498879105
10y,Long CSI300 / Short CSI1000,2019-01-21,1.6943919188703218,1.6943919188703218,-0.000687123345287,-0.0034314338187965143
10y,Long CSI300 / Short CSI1000,2019-01-22,1.690736061454902,1.690736061454902,-0.0021576220794637,-0.005581652160888795
10y,Long CSI300 / Short CSI1000,2019-01-23,1.6871473032028173,1.6871473032028173,-0.0021226011166974,-0.007692405656476442
10y,Long CSI300 / Short CSI1000,2019-01-24,1.6871266694488238,1.6871266694488238,-1.2229965904109186e-05,-0.007704541544521715
10y,Long CSI300 / Short CSI1000,2019-01-25,1.7111088485167152,1.7111088485167152,0.0142148064529892,0.0
10y,Long CSI300 / Short CSI1000,2019-01-28,1.724790785735347,1.724790785735347,0.0079959479085693,0.0
10y,Long CSI300 / Short CSI1000,2019-01-29,1.7612756084694237,1.7612756084694237,0.0211531874102177,0.0
10y,Long CSI300 / Short CSI1000,2019-01-30,1.7736537862105906,1.7736537862105906,0.0070279618258743,0.0
10y,Long CSI300 / Short CSI1000,2019-01-31,1.8199428912436912,1.8199428912436912,0.0260981626701777,0.0
10y,Long CSI300 / Short CSI1000,2019-02-01,1.793559800523284,1.793559800523284,-0.0144966585750269,-0.014496658575027022
10y,Long CSI300 / Short CSI1000,2019-02-11,1.7926630206230223,1.7926630206230223,-0.0005,-0.01498941024573952
10y,Long CSI300 / Short CSI1000,2019-02-12,1.7926630206230223,1.7926630206230223,-0.0,-0.01498941024573952
10y,Long CSI300 / Short CSI1000,2019-02-13,1.7926630206230223,1.7926630206230223,0.0,-0.01498941024573952
10y,Long CSI300 / Short CSI1000,2019-02-14,1.7926630206230223,1.7926630206230223,-0.0,-0.01498941024573952
10y,Long CSI300 / Short CSI1000,2019-02-15,1.7926630206230223,1.7926630206230223,-0.0,-0.01498941024573952
10y,Long CSI300 / Short CSI1000,2019-02-18,1.7926630206230223,1.7926630206230223,-0.0,-0.01498941024573952
10y,Long CSI300 / Short CSI1000,2019-02-19,1.7926630206230223,1.7926630206230223,-0.0,-0.01498941024573952
10y,Long CSI300 / Short CSI1000,2019-02-20,1.7926630206230223,1.7926630206230223,0.0,-0.01498941024573952
10y,Long CSI300 / Short CSI1000,2019-02-21,1.7926630206230223,1.7926630206230223,0.0,-0.01498941024573952
10y,Long CSI300 / Short CSI1000,2019-02-22,1.7926630206230223,1.7926630206230223,0.0,-0.01498941024573952
10y,Long CSI300 / Short CSI1000,2019-02-25,1.7926630206230223,1.7926630206230223,0.0,-0.01498941024573952
10y,Long CSI300 / Short CSI1000,2019-02-26,1.7926630206230223,1.7926630206230223,0.0,-0.01498941024573952
10y,Long CSI300 / Short CSI1000,2019-02-27,1.7926630206230223,1.7926630206230223,0.0,-0.01498941024573952
10y,Long CSI300 / Short CSI1000,2019-02-28,1.7926630206230223,1.7926630206230223,0.0,-0.01498941024573952
10y,Long CSI300 / Short CSI1000,2019-03-01,1.7926630206230223,1.7926630206230223,0.0,-0.01498941024573952
10y,Long CSI300 / Short CSI1000,2019-03-04,1.7926630206230223,1.7926630206230223,0.0,-0.01498941024573952
10y,Long CSI300 / Short CSI1000,2019-03-05,1.7926630206230223,1.7926630206230223,0.0,-0.01498941024573952
10y,Long CSI300 / Short CSI1000,2019-03-06,1.7926630206230223,1.7926630206230223,0.0,-0.01498941024573952
10y,Long CSI300 / Short CSI1000,2019-03-07,1.7926630206230223,1.7926630206230223,0.0,-0.01498941024573952
10y,Long CSI300 / Short CSI1000,2019-03-08,1.7926630206230223,1.7926630206230223,0.0,-0.01498941024573952
10y,Long CSI300 / Short CSI1000,2019-03-11,1.7926630206230223,1.7926630206230223,0.0,-0.01498941024573952
10y,Long CSI300 / Short CSI1000,2019-03-12,1.7926630206230223,1.7926630206230223,0.0,-0.01498941024573952
10y,Long CSI300 / Short CSI1000,2019-03-13,1.7926630206230223,1.7926630206230223,0.0,-0.01498941024573952
10y,Long CSI300 / Short CSI1000,2019-03-14,1.7926630206230223,1.7926630206230223,0.0,-0.01498941024573952
10y,Long CSI300 / Short CSI1000,2019-03-15,1.7926630206230223,1.7926630206230223,0.0,-0.01498941024573952
10y,Long CSI300 / Short CSI1000,2019-03-18,1.7926630206230223,1.7926630206230223,0.0,-0.01498941024573952
10y,Long CSI300 / Short CSI1000,2019-03-19,1.7926630206230223,1.7926630206230223,0.0,-0.01498941024573952
10y,Long CSI300 / Short CSI1000,2019-03-20,1.7926630206230223,1.7926630206230223,0.0,-0.01498941024573952
10y,Long CSI300 / Short CSI1000,2019-03-21,1.7926630206230223,1.7926630206230223,0.0,-0.01498941024573952
10y,Long CSI300 / Short CSI1000,2019-03-22,1.7926630206230223,1.7926630206230223,0.0,-0.01498941024573952
10y,Long CSI300 / Short CSI1000,2019-03-25,1.7926630206230223,1.7926630206230223,0.0,-0.01498941024573952
10y,Long CSI300 / Short CSI1000,2019-03-26,1.7926630206230223,1.7926630206230223,0.0,-0.01498941024573952
10y,Long CSI300 / Short CSI1000,2019-03-27,1.7926630206230223,1.7926630206230223,0.0,-0.01498941024573952
10y,Long CSI300 / Short CSI1000,2019-03-28,1.7926630206230223,1.7926630206230223,0.0,-0.01498941024573952
10y,Long CSI300 / Short CSI1000,2019-03-29,1.7926630206230223,1.7926630206230223,0.0,-0.01498941024573952
10y,Long CSI300 / Short CSI1000,2019-04-01,1.7926630206230223,1.7926630206230223,0.0,-0.01498941024573952
10y,Long CSI300 / Short CSI1000,2019-04-02,1.7926630206230223,1.7926630206230223,0.0,-0.01498941024573952
10y,Long CSI300 / Short CSI1000,2019-04-03,1.7926630206230223,1.7926630206230223,0.0,-0.01498941024573952
10y,Long CSI300 / Short CSI1000,2019-04-04,1.7926630206230223,1.7926630206230223,0.0,-0.01498941024573952
10y,Long CSI300 / Short CSI1000,2019-04-08,1.7926630206230223,1.7926630206230223,0.0,-0.01498941024573952
10y,Long CSI300 / Short CSI1000,2019-04-09,1.7926630206230223,1.7926630206230223,0.0,-0.01498941024573952
10y,Long CSI300 / Short CSI1000,2019-04-10,1.7926630206230223,1.7926630206230223,0.0,-0.01498941024573952
10y,Long CSI300 / Short CSI1000,2019-04-11,1.7926630206230223,1.7926630206230223,-0.0,-0.01498941024573952
10y,Long CSI300 / Short CSI1000,2019-04-12,1.7926630206230223,1.7926630206230223,-0.0,-0.01498941024573952
10y,Long CSI300 / Short CSI1000,2019-04-15,1.7926630206230223,1.7926630206230223,0.0,-0.01498941024573952
10y,Long CSI300 / Short CSI1000,2019-04-16,1.7926630206230223,1.7926630206230223,0.0,-0.01498941024573952
10y,Long CSI300 / Short CSI1000,2019-04-17,1.7926630206230223,1.7926630206230223,-0.0,-0.01498941024573952
10y,Long CSI300 / Short CSI1000,2019-04-18,1.7926630206230223,1.7926630206230223,0.0,-0.01498941024573952
10y,Long CSI300 / Short CSI1000,2019-04-19,1.7979344534733643,1.7979344534733643,0.0029405598206124,-0.012092927682630261
10y,Long CSI300 / Short CSI1000,2019-04-22,1.7743860832175116,1.7743860832175116,-0.0130974575910487,-0.02503199866620409
10y,Long CSI300 / Short CSI1000,2019-04-23,1.8046630939881128,1.8046630939881128,0.0170633725416173,-0.008395756443289715
10y,Long CSI300 / Short CSI1000,2019-04-24,1.7875470802400943,1.7875470802400943,-0.009484326357112,-0.017800454706278557
10y,Long CSI300 / Short CSI1000,2019-04-25,1.8235116653592087,1.8235116653592087,0.0201195176992396,0.0
10y,Long CSI300 / Short CSI1000,2019-04-26,1.8225999095265295,1.8225999095265295,-0.0005,-0.0004999999999998339
10y,Long CSI300 / Short CSI1000,2019-04-29,1.8225999095265295,1.8225999095265295,0.0,-0.0004999999999998339
10y,Long CSI300 / Short CSI1000,2019-04-30,1.8225999095265295,1.8225999095265295,-0.0,-0.0004999999999998339
10y,Long CSI300 / Short CSI1000,2019-05-06,1.8225999095265295,1.8225999095265295,0.0,-0.0004999999999998339
10y,Long CSI300 / Short CSI1000,2019-05-07,1.8225999095265295,1.8225999095265295,-0.0,-0.0004999999999998339
10y,Long CSI300 / Short CSI1000,2019-05-08,1.8225999095265295,1.8225999095265295,-0.0,-0.0004999999999998339
10y,Long CSI300 / Short CSI1000,2019-05-09,1.8225999095265295,1.8225999095265295,-0.0,-0.0004999999999998339
10y,Long CSI300 / Short CSI1000,2019-05-10,1.8225999095265295,1.8225999095265295,-0.0,-0.0004999999999998339
10y,Long CSI300 / Short CSI1000,2019-05-13,1.8225999095265295,1.8225999095265295,-0.0,-0.0004999999999998339
10y,Long CSI300 / Short CSI1000,2019-05-14,1.8225999095265295,1.8225999095265295,0.0,-0.0004999999999998339
10y,Long CSI300 / Short CSI1000,2019-05-15,1.8225999095265295,1.8225999095265295,0.0,-0.0004999999999998339
10y,Long CSI300 / Short CSI1000,2019-05-16,1.8225999095265295,1.8225999095265295,-0.0,-0.0004999999999998339
10y,Long CSI300 / Short CSI1000,2019-05-17,1.8225999095265295,1.8225999095265295,0.0,-0.0004999999999998339
10y,Long CSI300 / Short CSI1000,2019-05-20,1.8225999095265295,1.8225999095265295,-0.0,-0.0004999999999998339
10y,Long CSI300 / Short CSI1000,2019-05-21,1.8225999095265295,1.8225999095265295,-0.0,-0.0004999999999998339
10y,Long CSI300 / Short CSI1000,2019-05-22,1.8225999095265295,1.8225999095265295,-0.0,-0.0004999999999998339
10y,Long CSI300 / Short CSI1000,2019-05-23,1.8225999095265295,1.8225999095265295,0.0,-0.0004999999999998339
10y,Long CSI300 / Short CSI1000,2019-05-24,1.8225999095265295,1.8225999095265295,0.0,-0.0004999999999998339
10y,Long CSI300 / Short CSI1000,2019-05-27,1.8225999095265295,1.8225999095265295,-0.0,-0.0004999999999998339
10y,Long CSI300 / Short CSI1000,2019-05-28,1.8225999095265295,1.8225999095265295,0.0,-0.0004999999999998339
10y,Long CSI300 / Short CSI1000,2019-05-29,1.8225999095265295,1.8225999095265295,0.0,-0.0004999999999998339
10y,Long CSI300 / Short CSI1000,2019-05-30,1.8225999095265295,1.8225999095265295,0.0,-0.0004999999999998339
10y,Long CSI300 / Short CSI1000,2019-05-31,1.8225999095265295,1.8225999095265295,0.0,-0.0004999999999998339
10y,Long CSI300 / Short CSI1000,2019-06-03,1.8225999095265295,1.8225999095265295,0.0,-0.0004999999999998339
10y,Long CSI300 / Short CSI1000,2019-06-04,1.8225999095265295,1.8225999095265295,0.0,-0.0004999999999998339
10y,Long CSI300 / Short CSI1000,2019-06-05,1.8225999095265295,1.8225999095265295,0.0,-0.0004999999999998339
10y,Long CSI300 / Short CSI1000,2019-06-06,1.8225999095265295,1.8225999095265295,0.0,-0.0004999999999998339
10y,Long CSI300 / Short CSI1000,2019-06-10,1.8225999095265295,1.8225999095265295,-0.0,-0.0004999999999998339
10y,Long CSI300 / Short CSI1000,2019-06-11,1.8225999095265295,1.8225999095265295,-0.0,-0.0004999999999998339
10y,Long CSI300 / Short CSI1000,2019-06-12,1.816378160604898,1.816378160604898,-0.0034136668662778,-0.0039119600328443305
10y,Long CSI300 / Short CSI1000,2019-06-13,1.8035596164000152,1.8035596164000152,-0.0070572001375606,-0.010941552685522993
10y,Long CSI300 / Short CSI1000,2019-06-14,1.8304790128049688,1.8304790128049688,0.0149257036807499,0.0
10y,Long CSI300 / Short CSI1000,2019-06-17,1.8348482340033283,1.8348482340033283,0.0023869277756232,0.0
10y,Long CSI300 / Short CSI1000,2019-06-18,1.8411981245343465,1.8411981245343465,0.0034607170300748,0.0
10y,Long CSI300 / Short CSI1000,2019-06-19,1.8392968450019915,1.8392968450019915,-0.0010326316907561,-0.0010326316907561806
10y,Long CSI300 / Short CSI1000,2019-06-20,1.8654285337125855,1.8654285337125855,0.014207434097222,0.0
10y,Long CSI300 / Short CSI1000,2019-06-21,1.837408551741709,1.837408551741709,-0.0150206676184539,-0.015020667618453887
10y,Long CSI300 / Short CSI1000,2019-06-24,1.8364898474658384,1.8364898474658384,-0.0005,-0.01551315728464453
10y,Long CSI300 / Short CSI1000,2019-06-25,1.8364898474658384,1.8364898474658384,-0.0,-0.01551315728464453
10y,Long CSI300 / Short CSI1000,2019-06-26,1.8364898474658384,1.8364898474658384,-0.0,-0.01551315728464453
10y,Long CSI300 / Short CSI1000,2019-06-27,1.839287074787591,1.839287074787591,0.0015231379174855,-0.01401364804523908
10y,Long CSI300 / Short CSI1000,2019-06-28,1.838367431250197,1.838367431250197,-0.0005,-0.014506641221216587
10y,Long CSI300 / Short CSI1000,2019-07-01,1.838367431250197,1.838367431250197,0.0,-0.014506641221216587
10y,Long CSI300 / Short CSI1000,2019-07-02,1.838367431250197,1.838367431250197,0.0,-0.014506641221216587
10y,Long CSI300 / Short CSI1000,2019-07-03,1.838367431250197,1.838367431250197,0.0,-0.014506641221216587
10y,Long CSI300 / Short CSI1000,2019-07-04,1.838367431250197,1.838367431250197,0.0,-0.014506641221216587
10y,Long CSI300 / Short CSI1000,2019-07-05,1.838367431250197,1.838367431250197,0.0,-0.014506641221216587
10y,Long CSI300 / Short CSI1000,2019-07-08,1.838367431250197,1.838367431250197,0.0,-0.014506641221216587
10y,Long CSI300 / Short CSI1000,2019-07-09,1.838367431250197,1.838367431250197,0.0,-0.014506641221216587
10y,Long CSI300 / Short CSI1000,2019-07-10,1.838367431250197,1.838367431250197,0.0,-0.014506641221216587
10y,Long CSI300 / Short CSI1000,2019-07-11,1.838367431250197,1.838367431250197,0.0,-0.014506641221216587
10y,Long CSI300 / Short CSI1000,2019-07-12,1.838367431250197,1.838367431250197,0.0,-0.014506641221216587
10y,Long CSI300 / Short CSI1000,2019-07-15,1.838367431250197,1.838367431250197,0.0,-0.014506641221216587
10y,Long CSI300 / Short CSI1000,2019-07-16,1.838367431250197,1.838367431250197,0.0,-0.014506641221216587
10y,Long CSI300 / Short CSI1000,2019-07-17,1.838367431250197,1.838367431250197,0.0,-0.014506641221216587
10y,Long CSI300 / Short CSI1000,2019-07-18,1.838367431250197,1.838367431250197,0.0,-0.014506641221216587
10y,Long CSI300 / Short CSI1000,2019-07-19,1.838367431250197,1.838367431250197,0.0,-0.014506641221216587
10y,Long CSI300 / Short CSI1000,2019-07-22,1.838367431250197,1.838367431250197,0.0,-0.014506641221216587
10y,Long CSI300 / Short CSI1000,2019-07-23,1.838367431250197,1.838367431250197,0.0,-0.014506641221216587
10y,Long CSI300 / Short CSI1000,2019-07-24,1.838367431250197,1.838367431250197,0.0,-0.014506641221216587
10y,Long CSI300 / Short CSI1000,2019-07-25,1.838367431250197,1.838367431250197,0.0,-0.014506641221216587
10y,Long CSI300 / Short CSI1000,2019-07-26,1.838367431250197,1.838367431250197,0.0,-0.014506641221216587
10y,Long CSI300 / Short CSI1000,2019-07-29,1.838367431250197,1.838367431250197,0.0,-0.014506641221216587
10y,Long CSI300 / Short CSI1000,2019-07-30,1.838367431250197,1.838367431250197,0.0,-0.014506641221216587
10y,Long CSI300 / Short CSI1000,2019-07-31,1.838367431250197,1.838367431250197,0.0,-0.014506641221216587
10y,Long CSI300 / Short CSI1000,2019-08-01,1.838367431250197,1.838367431250197,0.0,-0.014506641221216587
10y,Long CSI300 / Short CSI1000,2019-08-02,1.838367431250197,1.838367431250197,0.0,-0.014506641221216587
10y,Long CSI300 / Short CSI1000,2019-08-05,1.838367431250197,1.838367431250197,0.0,-0.014506641221216587
10y,Long CSI300 / Short CSI1000,2019-08-06,1.838367431250197,1.838367431250197,0.0,-0.014506641221216587
10y,Long CSI300 / Short CSI1000,2019-08-07,1.838367431250197,1.838367431250197,0.0,-0.014506641221216587
10y,Long CSI300 / Short CSI1000,2019-08-08,1.838367431250197,1.838367431250197,0.0,-0.014506641221216587
10y,Long CSI300 / Short CSI1000,2019-08-09,1.838367431250197,1.838367431250197,0.0,-0.014506641221216587
10y,Long CSI300 / Short CSI1000,2019-08-12,1.838367431250197,1.838367431250197,0.0,-0.014506641221216587
10y,Long CSI300 / Short CSI1000,2019-08-13,1.838367431250197,1.838367431250197,0.0,-0.014506641221216587
10y,Long CSI300 / Short CSI1000,2019-08-14,1.838367431250197,1.838367431250197,0.0,-0.014506641221216587
10y,Long CSI300 / Short CSI1000,2019-08-15,1.838367431250197,1.838367431250197,0.0,-0.014506641221216587
10y,Long CSI300 / Short CSI1000,2019-08-16,1.838367431250197,1.838367431250197,0.0,-0.014506641221216587
10y,Long CSI300 / Short CSI1000,2019-08-19,1.838367431250197,1.838367431250197,0.0,-0.014506641221216587
10y,Long CSI300 / Short CSI1000,2019-08-20,1.838367431250197,1.838367431250197,0.0,-0.014506641221216587
10y,Long CSI300 / Short CSI1000,2019-08-21,1.838367431250197,1.838367431250197,0.0,-0.014506641221216587
10y,Long CSI300 / Short CSI1000,2019-08-22,1.838367431250197,1.838367431250197,0.0,-0.014506641221216587
10y,Long CSI300 / Short CSI1000,2019-08-23,1.838367431250197,1.838367431250197,0.0,-0.014506641221216587
10y,Long CSI300 / Short CSI1000,2019-08-26,1.838367431250197,1.838367431250197,0.0,-0.014506641221216587
10y,Long CSI300 / Short CSI1000,2019-08-27,1.838367431250197,1.838367431250197,0.0,-0.014506641221216587
10y,Long CSI300 / Short CSI1000,2019-08-28,1.838367431250197,1.838367431250197,0.0,-0.014506641221216587
10y,Long CSI300 / Short CSI1000,2019-08-29,1.838367431250197,1.838367431250197,0.0,-0.014506641221216587
10y,Long CSI300 / Short CSI1000,2019-08-30,1.838367431250197,1.838367431250197,0.0,-0.014506641221216587
10y,Long CSI300 / Short CSI1000,2019-09-02,1.838367431250197,1.838367431250197,0.0,-0.014506641221216587
10y,Long CSI300 / Short CSI1000,2019-09-03,1.838367431250197,1.838367431250197,0.0,-0.014506641221216587
10y,Long CSI300 / Short CSI1000,2019-09-04,1.838367431250197,1.838367431250197,0.0,-0.014506641221216587
10y,Long CSI300 / Short CSI1000,2019-09-05,1.838367431250197,1.838367431250197,0.0,-0.014506641221216587
10y,Long CSI300 / Short CSI1000,2019-09-06,1.838367431250197,1.838367431250197,0.0,-0.014506641221216587
10y,Long CSI300 / Short CSI1000,2019-09-09,1.838367431250197,1.838367431250197,0.0,-0.014506641221216587
10y,Long CSI300 / Short CSI1000,2019-09-10,1.838367431250197,1.838367431250197,0.0,-0.014506641221216587
10y,Long CSI300 / Short CSI1000,2019-09-11,1.838367431250197,1.838367431250197,0.0,-0.014506641221216587
10y,Long CSI300 / Short CSI1000,2019-09-12,1.838367431250197,1.838367431250197,0.0,-0.014506641221216587
10y,Long CSI300 / Short CSI1000,2019-09-16,1.838367431250197,1.838367431250197,0.0,-0.014506641221216587
10y,Long CSI300 / Short CSI1000,2019-09-17,1.838367431250197,1.838367431250197,0.0,-0.014506641221216587
10y,Long CSI300 / Short CSI1000,2019-09-18,1.838367431250197,1.838367431250197,0.0,-0.014506641221216587
10y,Long CSI300 / Short CSI1000,2019-09-19,1.838367431250197,1.838367431250197,0.0,-0.014506641221216587
10y,Long CSI300 / Short CSI1000,2019-09-20,1.838367431250197,1.838367431250197,0.0,-0.014506641221216587
10y,Long CSI300 / Short CSI1000,2019-09-23,1.838367431250197,1.838367431250197,0.0,-0.014506641221216587
10y,Long CSI300 / Short CSI1000,2019-09-24,1.838367431250197,1.838367431250197,0.0,-0.014506641221216587
10y,Long CSI300 / Short CSI1000,2019-09-25,1.838367431250197,1.838367431250197,0.0,-0.014506641221216587
10y,Long CSI300 / Short CSI1000,2019-09-26,1.838367431250197,1.838367431250197,0.0,-0.014506641221216587
10y,Long CSI300 / Short CSI1000,2019-09-27,1.838367431250197,1.838367431250197,0.0,-0.014506641221216587
10y,Long CSI300 / Short CSI1000,2019-09-30,1.838367431250197,1.838367431250197,0.0,-0.014506641221216587
10y,Long CSI300 / Short CSI1000,2019-10-08,1.838367431250197,1.838367431250197,0.0,-0.014506641221216587
10y,Long CSI300 / Short CSI1000,2019-10-09,1.838367431250197,1.838367431250197,-0.0,-0.014506641221216587
10y,Long CSI300 / Short CSI1000,2019-10-10,1.838367431250197,1.838367431250197,-0.0,-0.014506641221216587
10y,Long CSI300 / Short CSI1000,2019-10-11,1.838367431250197,1.838367431250197,0.0,-0.014506641221216587
10y,Long CSI300 / Short CSI1000,2019-10-14,1.838367431250197,1.838367431250197,-0.0,-0.014506641221216587
10y,Long CSI300 / Short CSI1000,2019-10-15,1.8568146442535851,1.8568146442535851,0.0100345625633952,-0.004617646456740454
10y,Long CSI300 / Short CSI1000,2019-10-16,1.858198317632732,1.858198317632732,0.000745186593303,-0.0038759008716694465
10y,Long CSI300 / Short CSI1000,2019-10-17,1.861398855658441,1.861398855658441,0.0017223877534162,-0.0021601889224480697
10y,Long CSI300 / Short CSI1000,2019-10-18,1.8581063495995351,1.8581063495995351,-0.0017688342554296,-0.003925202161713326
10y,Long CSI300 / Short CSI1000,2019-10-21,1.875413755561514,1.875413755561514,0.0093145400238845,0.0
10y,Long CSI300 / Short CSI1000,2019-10-22,1.8595902540619584,1.8595902540619584,-0.0084373389352783,-0.008437338935278205
10y,Long CSI300 / Short CSI1000,2019-10-23,1.862739003593092,1.862739003593092,0.0016932491038041,-0.006758376348064643
10y,Long CSI300 / Short CSI1000,2019-10-24,1.866174567686065,1.866174567686065,0.0018443614947376,-0.004926479742430323
10y,Long CSI300 / Short CSI1000,2019-10-25,1.8643641402665831,1.8643641402665831,-0.000970127581219,-0.005891828009772948
10y,Long CSI300 / Short CSI1000,2019-10-28,1.8351095363252132,1.8351095363252132,-0.0156914646176291,-0.02149084121665379
10y,Long CSI300 / Short CSI1000,2019-10-29,1.8475545013687815,1.8475545013687815,0.0067815924865657,-0.01485499085741282
10y,Long CSI300 / Short CSI1000,2019-10-30,1.8570330896085647,1.8570330896085647,0.0051303429656666,-0.009800859089596492
10y,Long CSI300 / Short CSI1000,2019-10-31,1.8561045730637609,1.8561045730637609,-0.0005,-0.010295958660051396
10y,Long CSI300 / Short CSI1000,2019-11-01,1.8686884191552413,1.8686884191552413,0.00677970749822,-0.0035860547499605433
10y,Long CSI300 / Short CSI1000,2019-11-04,1.8691938844860023,1.8691938844860023,0.0002704920336529,-0.0033165327155496582
10y,Long CSI300 / Short CSI1000,2019-11-05,1.8755319091973728,1.8755319091973728,0.0033907797173822,0.0
10y,Long CSI300 / Short CSI1000,2019-11-06,1.883751235634336,1.883751235634336,0.0043823975463475,0.0
10y,Long CSI300 / Short CSI1000,2019-11-07,1.8745713705451732,1.8745713705451732,-0.0048731833139692,-0.004873183313969576
10y,Long CSI300 / Short CSI1000,2019-11-08,1.872161129840186,1.872161129840186,-0.0012857556361199,-0.0061526732271776075
10y,Long CSI300 / Short CSI1000,2019-11-11,1.888196821578896,1.888196821578896,0.0085653373970429,0.0
10y,Long CSI300 / Short CSI1000,2019-11-12,1.8837641241320584,1.8837641241320584,-0.002347582305075,-0.0023475823050750355
10y,Long CSI300 / Short CSI1000,2019-11-13,1.8875044364292892,1.8875044364292892,0.0019855523572804,-0.0003666911953743579
10y,Long CSI300 / Short CSI1000,2019-11-14,1.8776098257626777,1.8776098257626777,-0.0052421655152927,-0.005606934454727819
10y,Long CSI300 / Short CSI1000,2019-11-15,1.8869595310452,1.8869595310452,0.0049795783736508,-0.0006552762506301102
10y,Long CSI300 / Short CSI1000,2019-11-18,1.8884858922089116,1.8884858922089116,0.0008088997875148,0.0
10y,Long CSI300 / Short CSI1000,2019-11-19,1.8724586148463216,1.8724586148463216,-0.0084868398692896,-0.008486839869289886
10y,Long CSI300 / Short CSI1000,2019-11-20,1.8632780564330929,1.8632780564330929,-0.0049029432962834,-0.01334817267092947
10y,Long CSI300 / Short CSI1000,2019-11-21,1.857678770761468,1.857678770761468,-0.0030050725130869,-0.01631313295722292
10y,Long CSI300 / Short CSI1000,2019-11-22,1.8634495821055843,1.8634495821055843,0.0031064635258502,-0.013257345583896796
10y,Long CSI300 / Short CSI1000,2019-11-25,1.8879413934097145,1.8879413934097145,0.0131432648027189,-0.00028832558476799
10y,Long CSI300 / Short CSI1000,2019-11-26,1.8869974227130093,1.8869974227130093,-0.0005,-0.0007881814219756755
10y,Long CSI300 / Short CSI1000,2019-11-27,1.8869974227130093,1.8869974227130093,0.0,-0.0007881814219756755
10y,Long CSI300 / Short CSI1000,2019-11-28,1.8869974227130093,1.8869974227130093,0.0,-0.0007881814219756755
10y,Long CSI300 / Short CSI1000,2019-11-29,1.8869974227130093,1.8869974227130093,0.0,-0.0007881814219756755
10y,Long CSI300 / Short CSI1000,2019-12-02,1.8869974227130093,1.8869974227130093,0.0,-0.0007881814219756755
10y,Long CSI300 / Short CSI1000,2019-12-03,1.8869974227130093,1.8869974227130093,0.0,-0.0007881814219756755
10y,Long CSI300 / Short CSI1000,2019-12-04,1.8869974227130093,1.8869974227130093,0.0,-0.0007881814219756755
10y,Long CSI300 / Short CSI1000,2019-12-05,1.8869974227130093,1.8869974227130093,0.0,-0.0007881814219756755
10y,Long CSI300 / Short CSI1000,2019-12-06,1.8869974227130093,1.8869974227130093,0.0,-0.0007881814219756755
10y,Long CSI300 / Short CSI1000,2019-12-09,1.8869974227130093,1.8869974227130093,0.0,-0.0007881814219756755
10y,Long CSI300 / Short CSI1000,2019-12-10,1.8869974227130093,1.8869974227130093,0.0,-0.0007881814219756755
10y,Long CSI300 / Short CSI1000,2019-12-11,1.8869974227130093,1.8869974227130093,0.0,-0.0007881814219756755
10y,Long CSI300 / Short CSI1000,2019-12-12,1.8869974227130093,1.8869974227130093,0.0,-0.0007881814219756755
10y,Long CSI300 / Short CSI1000,2019-12-13,1.8869974227130093,1.8869974227130093,0.0,-0.0007881814219756755
10y,Long CSI300 / Short CSI1000,2019-12-16,1.8869974227130093,1.8869974227130093,0.0,-0.0007881814219756755
10y,Long CSI300 / Short CSI1000,2019-12-17,1.8869974227130093,1.8869974227130093,0.0,-0.0007881814219756755
10y,Long CSI300 / Short CSI1000,2019-12-18,1.8869974227130093,1.8869974227130093,0.0,-0.0007881814219756755
10y,Long CSI300 / Short CSI1000,2019-12-19,1.8869974227130093,1.8869974227130093,0.0,-0.0007881814219756755
10y,Long CSI300 / Short CSI1000,2019-12-20,1.8869974227130093,1.8869974227130093,0.0,-0.0007881814219756755
10y,Long CSI300 / Short CSI1000,2019-12-23,1.8869974227130093,1.8869974227130093,0.0,-0.0007881814219756755
10y,Long CSI300 / Short CSI1000,2019-12-24,1.8869974227130093,1.8869974227130093,0.0,-0.0007881814219756755
10y,Long CSI300 / Short CSI1000,2019-12-25,1.8869974227130093,1.8869974227130093,0.0,-0.0007881814219756755
10y,Long CSI300 / Short CSI1000,2019-12-26,1.8869974227130093,1.8869974227130093,0.0,-0.0007881814219756755
10y,Long CSI300 / Short CSI1000,2019-12-27,1.8869974227130093,1.8869974227130093,0.0,-0.0007881814219756755
10y,Long CSI300 / Short CSI1000,2019-12-30,1.8869974227130093,1.8869974227130093,0.0,-0.0007881814219756755
10y,Long CSI300 / Short CSI1000,2019-12-31,1.8869974227130093,1.8869974227130093,0.0,-0.0007881814219756755
10y,Long CSI300 / Short CSI1000,2020-01-02,1.8869974227130093,1.8869974227130093,0.0,-0.0007881814219756755
10y,Long CSI300 / Short CSI1000,2020-01-03,1.8869974227130093,1.8869974227130093,0.0,-0.0007881814219756755
10y,Long CSI300 / Short CSI1000,2020-01-06,1.8869974227130093,1.8869974227130093,0.0,-0.0007881814219756755
10y,Long CSI300 / Short CSI1000,2020-01-07,1.8869974227130093,1.8869974227130093,0.0,-0.0007881814219756755
10y,Long CSI300 / Short CSI1000,2020-01-08,1.8869974227130093,1.8869974227130093,0.0,-0.0007881814219756755
10y,Long CSI300 / Short CSI1000,2020-01-09,1.8869974227130093,1.8869974227130093,0.0,-0.0007881814219756755
10y,Long CSI300 / Short CSI1000,2020-01-10,1.8869974227130093,1.8869974227130093,0.0,-0.0007881814219756755
10y,Long CSI300 / Short CSI1000,2020-01-13,1.8869974227130093,1.8869974227130093,0.0,-0.0007881814219756755
10y,Long CSI300 / Short CSI1000,2020-01-14,1.8869974227130093,1.8869974227130093,0.0,-0.0007881814219756755
10y,Long CSI300 / Short CSI1000,2020-01-15,1.8869974227130093,1.8869974227130093,0.0,-0.0007881814219756755
10y,Long CSI300 / Short CSI1000,2020-01-16,1.8869974227130093,1.8869974227130093,0.0,-0.0007881814219756755
10y,Long CSI300 / Short CSI1000,2020-01-17,1.8869974227130093,1.8869974227130093,0.0,-0.0007881814219756755
10y,Long CSI300 / Short CSI1000,2020-01-20,1.8869974227130093,1.8869974227130093,0.0,-0.0007881814219756755
10y,Long CSI300 / Short CSI1000,2020-01-21,1.8869974227130093,1.8869974227130093,0.0,-0.0007881814219756755
10y,Long CSI300 / Short CSI1000,2020-01-22,1.8869974227130093,1.8869974227130093,0.0,-0.0007881814219756755
10y,Long CSI300 / Short CSI1000,2020-01-23,1.8869974227130093,1.8869974227130093,0.0,-0.0007881814219756755
10y,Long CSI300 / Short CSI1000,2020-02-03,1.8869974227130093,1.8869974227130093,0.0,-0.0007881814219756755
10y,Long CSI300 / Short CSI1000,2020-02-04,1.8869974227130093,1.8869974227130093,0.0,-0.0007881814219756755
10y,Long CSI300 / Short CSI1000,2020-02-05,1.8869974227130093,1.8869974227130093,0.0,-0.0007881814219756755
10y,Long CSI300 / Short CSI1000,2020-02-06,1.8869974227130093,1.8869974227130093,0.0,-0.0007881814219756755
10y,Long CSI300 / Short CSI1000,2020-02-07,1.8869974227130093,1.8869974227130093,0.0,-0.0007881814219756755
10y,Long CSI300 / Short CSI1000,2020-02-10,1.8869974227130093,1.8869974227130093,0.0,-0.0007881814219756755
10y,Long CSI300 / Short CSI1000,2020-02-11,1.8869974227130093,1.8869974227130093,0.0,-0.0007881814219756755
10y,Long CSI300 / Short CSI1000,2020-02-12,1.8869974227130093,1.8869974227130093,0.0,-0.0007881814219756755
10y,Long CSI300 / Short CSI1000,2020-02-13,1.8869974227130093,1.8869974227130093,0.0,-0.0007881814219756755
10y,Long CSI300 / Short CSI1000,2020-02-14,1.8869974227130093,1.8869974227130093,0.0,-0.0007881814219756755
10y,Long CSI300 / Short CSI1000,2020-02-17,1.8869974227130093,1.8869974227130093,0.0,-0.0007881814219756755
10y,Long CSI300 / Short CSI1000,2020-02-18,1.8869974227130093,1.8869974227130093,0.0,-0.0007881814219756755
10y,Long CSI300 / Short CSI1000,2020-02-19,1.8869974227130093,1.8869974227130093,0.0,-0.0007881814219756755
10y,Long CSI300 / Short CSI1000,2020-02-20,1.8869974227130093,1.8869974227130093,0.0,-0.0007881814219756755
10y,Long CSI300 / Short CSI1000,2020-02-21,1.8869974227130093,1.8869974227130093,0.0,-0.0007881814219756755
10y,Long CSI300 / Short CSI1000,2020-02-24,1.8869974227130093,1.8869974227130093,0.0,-0.0007881814219756755
10y,Long CSI300 / Short CSI1000,2020-02-25,1.8869974227130093,1.8869974227130093,0.0,-0.0007881814219756755
10y,Long CSI300 / Short CSI1000,2020-02-26,1.8869974227130093,1.8869974227130093,0.0,-0.0007881814219756755
10y,Long CSI300 / Short CSI1000,2020-02-27,1.8869974227130093,1.8869974227130093,0.0,-0.0007881814219756755
10y,Long CSI300 / Short CSI1000,2020-02-28,1.8869974227130093,1.8869974227130093,0.0,-0.0007881814219756755
10y,Long CSI300 / Short CSI1000,2020-03-02,1.8869974227130093,1.8869974227130093,0.0,-0.0007881814219756755
10y,Long CSI300 / Short CSI1000,2020-03-03,1.8869974227130093,1.8869974227130093,0.0,-0.0007881814219756755
10y,Long CSI300 / Short CSI1000,2020-03-04,1.8869974227130093,1.8869974227130093,0.0,-0.0007881814219756755
10y,Long CSI300 / Short CSI1000,2020-03-05,1.8869974227130093,1.8869974227130093,0.0,-0.0007881814219756755
10y,Long CSI300 / Short CSI1000,2020-03-06,1.8869974227130093,1.8869974227130093,0.0,-0.0007881814219756755
10y,Long CSI300 / Short CSI1000,2020-03-09,1.8869974227130093,1.8869974227130093,0.0,-0.0007881814219756755
10y,Long CSI300 / Short CSI1000,2020-03-10,1.8869974227130093,1.8869974227130093,0.0,-0.0007881814219756755
10y,Long CSI300 / Short CSI1000,2020-03-11,1.8869974227130093,1.8869974227130093,0.0,-0.0007881814219756755
10y,Long CSI300 / Short CSI1000,2020-03-12,1.8869974227130093,1.8869974227130093,0.0,-0.0007881814219756755
10y,Long CSI300 / Short CSI1000,2020-03-13,1.8869974227130093,1.8869974227130093,0.0,-0.0007881814219756755
10y,Long CSI300 / Short CSI1000,2020-03-16,1.8869974227130093,1.8869974227130093,0.0,-0.0007881814219756755
10y,Long CSI300 / Short CSI1000,2020-03-17,1.8869974227130093,1.8869974227130093,-0.0,-0.0007881814219756755
10y,Long CSI300 / Short CSI1000,2020-03-18,1.8869974227130093,1.8869974227130093,-0.0,-0.0007881814219756755
10y,Long CSI300 / Short CSI1000,2020-03-19,1.8869974227130093,1.8869974227130093,-0.0,-0.0007881814219756755
10y,Long CSI300 / Short CSI1000,2020-03-20,1.8869974227130093,1.8869974227130093,0.0,-0.0007881814219756755
10y,Long CSI300 / Short CSI1000,2020-03-23,1.8869974227130093,1.8869974227130093,0.0,-0.0007881814219756755
10y,Long CSI300 / Short CSI1000,2020-03-24,1.8869974227130093,1.8869974227130093,0.0,-0.0007881814219756755
10y,Long CSI300 / Short CSI1000,2020-03-25,1.8869974227130093,1.8869974227130093,0.0,-0.0007881814219756755
10y,Long CSI300 / Short CSI1000,2020-03-26,1.8869974227130093,1.8869974227130093,0.0,-0.0007881814219756755
10y,Long CSI300 / Short CSI1000,2020-03-27,1.8869974227130093,1.8869974227130093,0.0,-0.0007881814219756755
10y,Long CSI300 / Short CSI1000,2020-03-30,1.8869974227130093,1.8869974227130093,0.0,-0.0007881814219756755
10y,Long CSI300 / Short CSI1000,2020-03-31,1.8869974227130093,1.8869974227130093,0.0,-0.0007881814219756755
10y,Long CSI300 / Short CSI1000,2020-04-01,1.8869974227130093,1.8869974227130093,0.0,-0.0007881814219756755
10y,Long CSI300 / Short CSI1000,2020-04-02,1.8869974227130093,1.8869974227130093,-0.0,-0.0007881814219756755
10y,Long CSI300 / Short CSI1000,2020-04-03,1.8869974227130093,1.8869974227130093,-0.0,-0.0007881814219756755
10y,Long CSI300 / Short CSI1000,2020-04-07,1.8654192887089311,1.8654192887089311,-0.0114351687736036,-0.012214337207994697
10y,Long CSI300 / Short CSI1000,2020-04-08,1.8492825882246808,1.8492825882246808,-0.0086504415291098,-0.020759119327270037
10y,Long CSI300 / Short CSI1000,2020-04-09,1.8325823086878328,1.8325823086878328,-0.0090306801368201,-0.029602330497523588
10y,Long CSI300 / Short CSI1000,2020-04-10,1.8701797270796323,1.8701797270796323,0.0205160871703056,-0.009693567320149254
10y,Long CSI300 / Short CSI1000,2020-04-13,1.869244637216093,1.869244637216093,-0.0005,-0.010188720536489004
10y,Long CSI300 / Short CSI1000,2020-04-14,1.869244637216093,1.869244637216093,-0.0,-0.010188720536489004
10y,Long CSI300 / Short CSI1000,2020-04-15,1.869244637216093,1.869244637216093,-0.0,-0.010188720536489004
10y,Long CSI300 / Short CSI1000,2020-04-16,1.869244637216093,1.869244637216093,-0.0,-0.010188720536489004
10y,Long CSI300 / Short CSI1000,2020-04-17,1.869244637216093,1.869244637216093,0.0,-0.010188720536489004
10y,Long CSI300 / Short CSI1000,2020-04-20,1.869244637216093,1.869244637216093,-0.0,-0.010188720536489004
10y,Long CSI300 / Short CSI1000,2020-04-21,1.869244637216093,1.869244637216093,-0.0,-0.010188720536489004
10y,Long CSI300 / Short CSI1000,2020-04-22,1.869244637216093,1.869244637216093,-0.0,-0.010188720536489004
10y,Long CSI300 / Short CSI1000,2020-04-23,1.869244637216093,1.869244637216093,0.0,-0.010188720536489004
10y,Long CSI300 / Short CSI1000,2020-04-24,1.869244637216093,1.869244637216093,0.0,-0.010188720536489004
10y,Long CSI300 / Short CSI1000,2020-04-27,1.869244637216093,1.869244637216093,0.0,-0.010188720536489004
10y,Long CSI300 / Short CSI1000,2020-04-28,1.9097927111795483,1.9097927111795483,0.0216922243114442,0.0
10y,Long CSI300 / Short CSI1000,2020-04-29,1.9088378148239589,1.9088378148239589,-0.0005,-0.0004999999999998339
10y,Long CSI300 / Short CSI1000,2020-04-30,1.9088378148239589,1.9088378148239589,-0.0,-0.0004999999999998339
10y,Long CSI300 / Short CSI1000,2020-05-06,1.9088378148239589,1.9088378148239589,-0.0,-0.0004999999999998339
10y,Long CSI300 / Short CSI1000,2020-05-07,1.9088378148239589,1.9088378148239589,-0.0,-0.0004999999999998339
10y,Long CSI300 / Short CSI1000,2020-05-08,1.9088378148239589,1.9088378148239589,-0.0,-0.0004999999999998339
10y,Long CSI300 / Short CSI1000,2020-05-11,1.9088378148239589,1.9088378148239589,0.0,-0.0004999999999998339
10y,Long CSI300 / Short CSI1000,2020-05-12,1.9088378148239589,1.9088378148239589,-0.0,-0.0004999999999998339
10y,Long CSI300 / Short CSI1000,2020-05-13,1.9088378148239589,1.9088378148239589,-0.0,-0.0004999999999998339
10y,Long CSI300 / Short CSI1000,2020-05-14,1.9088378148239589,1.9088378148239589,-0.0,-0.0004999999999998339
10y,Long CSI300 / Short CSI1000,2020-05-15,1.9088378148239589,1.9088378148239589,-0.0,-0.0004999999999998339
10y,Long CSI300 / Short CSI1000,2020-05-18,1.9088378148239589,1.9088378148239589,0.0,-0.0004999999999998339
10y,Long CSI300 / Short CSI1000,2020-05-19,1.9088378148239589,1.9088378148239589,-0.0,-0.0004999999999998339
10y,Long CSI300 / Short CSI1000,2020-05-20,1.9088378148239589,1.9088378148239589,0.0,-0.0004999999999998339
10y,Long CSI300 / Short CSI1000,2020-05-21,1.9088378148239589,1.9088378148239589,0.0,-0.0004999999999998339
10y,Long CSI300 / Short CSI1000,2020-05-22,1.9088378148239589,1.9088378148239589,0.0,-0.0004999999999998339
10y,Long CSI300 / Short CSI1000,2020-05-25,1.9088378148239589,1.9088378148239589,0.0,-0.0004999999999998339
10y,Long CSI300 / Short CSI1000,2020-05-26,1.9088378148239589,1.9088378148239589,0.0,-0.0004999999999998339
10y,Long CSI300 / Short CSI1000,2020-05-27,1.9088378148239589,1.9088378148239589,0.0,-0.0004999999999998339
10y,Long CSI300 / Short CSI1000,2020-05-28,1.9088378148239589,1.9088378148239589,0.0,-0.0004999999999998339
10y,Long CSI300 / Short CSI1000,2020-05-29,1.9088378148239589,1.9088378148239589,0.0,-0.0004999999999998339
10y,Long CSI300 / Short CSI1000,2020-06-01,1.9088378148239589,1.9088378148239589,0.0,-0.0004999999999998339
10y,Long CSI300 / Short CSI1000,2020-06-02,1.9088378148239589,1.9088378148239589,0.0,-0.0004999999999998339
10y,Long CSI300 / Short CSI1000,2020-06-03,1.9088378148239589,1.9088378148239589,0.0,-0.0004999999999998339
10y,Long CSI300 / Short CSI1000,2020-06-04,1.9088378148239589,1.9088378148239589,0.0,-0.0004999999999998339
10y,Long CSI300 / Short CSI1000,2020-06-05,1.9088378148239589,1.9088378148239589,0.0,-0.0004999999999998339
10y,Long CSI300 / Short CSI1000,2020-06-08,1.9088378148239589,1.9088378148239589,0.0,-0.0004999999999998339
10y,Long CSI300 / Short CSI1000,2020-06-09,1.9088378148239589,1.9088378148239589,0.0,-0.0004999999999998339
10y,Long CSI300 / Short CSI1000,2020-06-10,1.9088378148239589,1.9088378148239589,0.0,-0.0004999999999998339
10y,Long CSI300 / Short CSI1000,2020-06-11,1.9088378148239589,1.9088378148239589,0.0,-0.0004999999999998339
10y,Long CSI300 / Short CSI1000,2020-06-12,1.9088378148239589,1.9088378148239589,0.0,-0.0004999999999998339
10y,Long CSI300 / Short CSI1000,2020-06-15,1.9088378148239589,1.9088378148239589,0.0,-0.0004999999999998339
10y,Long CSI300 / Short CSI1000,2020-06-16,1.9088378148239589,1.9088378148239589,0.0,-0.0004999999999998339
10y,Long CSI300 / Short CSI1000,2020-06-17,1.9088378148239589,1.9088378148239589,0.0,-0.0004999999999998339
10y,Long CSI300 / Short CSI1000,2020-06-18,1.9088378148239589,1.9088378148239589,0.0,-0.0004999999999998339
10y,Long CSI300 / Short CSI1000,2020-06-19,1.9088378148239589,1.9088378148239589,0.0,-0.0004999999999998339
10y,Long CSI300 / Short CSI1000,2020-06-22,1.9088378148239589,1.9088378148239589,0.0,-0.0004999999999998339
10y,Long CSI300 / Short CSI1000,2020-06-23,1.9088378148239589,1.9088378148239589,0.0,-0.0004999999999998339
10y,Long CSI300 / Short CSI1000,2020-06-24,1.9088378148239589,1.9088378148239589,0.0,-0.0004999999999998339
10y,Long CSI300 / Short CSI1000,2020-06-29,1.9088378148239589,1.9088378148239589,0.0,-0.0004999999999998339
10y,Long CSI300 / Short CSI1000,2020-06-30,1.9088378148239589,1.9088378148239589,0.0,-0.0004999999999998339
10y,Long CSI300 / Short CSI1000,2020-07-01,1.9088378148239589,1.9088378148239589,0.0,-0.0004999999999998339
10y,Long CSI300 / Short CSI1000,2020-07-02,1.9088378148239589,1.9088378148239589,0.0,-0.0004999999999998339
10y,Long CSI300 / Short CSI1000,2020-07-03,1.9088378148239589,1.9088378148239589,0.0,-0.0004999999999998339
10y,Long CSI300 / Short CSI1000,2020-07-06,1.941810462365952,1.941810462365952,0.0172736768341076,0.0
10y,Long CSI300 / Short CSI1000,2020-07-07,1.9271432080395443,1.9271432080395443,-0.0075533913379666,-0.0075533913379665085
10y,Long CSI300 / Short CSI1000,2020-07-08,1.9144267262228112,1.9144267262228112,-0.0065986179769532,-0.014102167371050078
10y,Long CSI300 / Short CSI1000,2020-07-09,1.8849340537757635,1.8849340537757635,-0.0154054851215106,-0.02929040176294484
10y,Long CSI300 / Short CSI1000,2020-07-10,1.8590278584723727,1.8590278584723727,-0.0137438205074056,-0.0426316602459309
10y,Long CSI300 / Short CSI1000,2020-07-13,1.833292378380975,1.833292378380975,-0.0138435150253991,-0.05588500324215773
10y,Long CSI300 / Short CSI1000,2020-07-14,1.8323757321917848,1.8323757321917848,-0.0005,-0.05635706074053648
10y,Long CSI300 / Short CSI1000,2020-07-15,1.8323757321917848,1.8323757321917848,0.0,-0.05635706074053648
10y,Long CSI300 / Short CSI1000,2020-07-16,1.8323757321917848,1.8323757321917848,0.0,-0.05635706074053648
10y,Long CSI300 / Short CSI1000,2020-07-17,1.8323757321917848,1.8323757321917848,0.0,-0.05635706074053648
10y,Long CSI300 / Short CSI1000,2020-07-20,1.8323757321917848,1.8323757321917848,0.0,-0.05635706074053648
10y,Long CSI300 / Short CSI1000,2020-07-21,1.8323757321917848,1.8323757321917848,0.0,-0.05635706074053648
10y,Long CSI300 / Short CSI1000,2020-07-22,1.8323757321917848,1.8323757321917848,0.0,-0.05635706074053648
10y,Long CSI300 / Short CSI1000,2020-07-23,1.8323757321917848,1.8323757321917848,0.0,-0.05635706074053648
10y,Long CSI300 / Short CSI1000,2020-07-24,1.8323757321917848,1.8323757321917848,0.0,-0.05635706074053648
10y,Long CSI300 / Short CSI1000,2020-07-27,1.8323757321917848,1.8323757321917848,0.0,-0.05635706074053648
10y,Long CSI300 / Short CSI1000,2020-07-28,1.8323757321917848,1.8323757321917848,0.0,-0.05635706074053648
10y,Long CSI300 / Short CSI1000,2020-07-29,1.8323757321917848,1.8323757321917848,0.0,-0.05635706074053648
10y,Long CSI300 / Short CSI1000,2020-07-30,1.8323757321917848,1.8323757321917848,0.0,-0.05635706074053648
10y,Long CSI300 / Short CSI1000,2020-07-31,1.8323757321917848,1.8323757321917848,0.0,-0.05635706074053648
10y,Long CSI300 / Short CSI1000,2020-08-03,1.8323757321917848,1.8323757321917848,0.0,-0.05635706074053648
10y,Long CSI300 / Short CSI1000,2020-08-04,1.8323757321917848,1.8323757321917848,0.0,-0.05635706074053648
10y,Long CSI300 / Short CSI1000,2020-08-05,1.8323757321917848,1.8323757321917848,0.0,-0.05635706074053648
10y,Long CSI300 / Short CSI1000,2020-08-06,1.8323757321917848,1.8323757321917848,0.0,-0.05635706074053648
10y,Long CSI300 / Short CSI1000,2020-08-07,1.8323757321917848,1.8323757321917848,0.0,-0.05635706074053648
10y,Long CSI300 / Short CSI1000,2020-08-10,1.8323757321917848,1.8323757321917848,0.0,-0.05635706074053648
10y,Long CSI300 / Short CSI1000,2020-08-11,1.8323757321917848,1.8323757321917848,0.0,-0.05635706074053648
10y,Long CSI300 / Short CSI1000,2020-08-12,1.8323757321917848,1.8323757321917848,0.0,-0.05635706074053648
10y,Long CSI300 / Short CSI1000,2020-08-13,1.8323757321917848,1.8323757321917848,0.0,-0.05635706074053648
10y,Long CSI300 / Short CSI1000,2020-08-14,1.8323757321917848,1.8323757321917848,0.0,-0.05635706074053648
10y,Long CSI300 / Short CSI1000,2020-08-17,1.8323757321917848,1.8323757321917848,0.0,-0.05635706074053648
10y,Long CSI300 / Short CSI1000,2020-08-18,1.8323757321917848,1.8323757321917848,0.0,-0.05635706074053648
10y,Long CSI300 / Short CSI1000,2020-08-19,1.8323757321917848,1.8323757321917848,0.0,-0.05635706074053648
10y,Long CSI300 / Short CSI1000,2020-08-20,1.8323757321917848,1.8323757321917848,0.0,-0.05635706074053648
10y,Long CSI300 / Short CSI1000,2020-08-21,1.8323757321917848,1.8323757321917848,0.0,-0.05635706074053648
10y,Long CSI300 / Short CSI1000,2020-08-24,1.8307150300875432,1.8307150300875432,-0.0009063109028709,-0.057212294624804594
10y,Long CSI300 / Short CSI1000,2020-08-25,1.8432176328500909,1.8432176328500909,0.0068293549553419,-0.0507736627372648
10y,Long CSI300 / Short CSI1000,2020-08-26,1.8670876332724076,1.8670876332724076,0.0129501801615294,-0.03848101065564358
10y,Long CSI300 / Short CSI1000,2020-08-27,1.857083405867195,1.857083405867195,-0.0053581991690867,-0.04363302090540977
10y,Long CSI300 / Short CSI1000,2020-08-28,1.8773953405723105,1.8773953405723105,0.0109375457456259,-0.03317271332195648
10y,Long CSI300 / Short CSI1000,2020-08-31,1.861547193391714,1.861547193391714,-0.0084415609424943,-0.04133424478331582
10y,Long CSI300 / Short CSI1000,2020-09-01,1.862577615853844,1.862577615853844,0.0005535301311661,-0.04080359440208625
10y,Long CSI300 / Short CSI1000,2020-09-02,1.85973710448638,1.85973710448638,-0.0015250432214403,-0.04226641037847312
10y,Long CSI300 / Short CSI1000,2020-09-03,1.870739880017248,1.870739880017248,0.0059163069362466,-0.03660016449911896
10y,Long CSI300 / Short CSI1000,2020-09-04,1.8545359452206984,1.8545359452206984,-0.0086617786735802,-0.04494492064839117
10y,Long CSI300 / Short CSI1000,2020-09-07,1.847458681025484,1.847458681025484,-0.0038161914377844,-0.04858959366482518
10y,Long CSI300 / Short CSI1000,2020-09-08,1.8453582433648168,1.8453582433648168,-0.0011369334980206,-0.049671284026153284
10y,Long CSI300 / Short CSI1000,2020-09-09,1.8612814779346856,1.8612814779346856,0.0086288039881268,-0.04147108381172682
10y,Long CSI300 / Short CSI1000,2020-09-10,1.9285611827549185,1.9285611827549185,0.0361469802487304,-0.0068231580104323175
10y,Long CSI300 / Short CSI1000,2020-09-11,1.927596902163541,1.927596902163541,-0.0005,-0.007319746431427077
10y,Long CSI300 / Short CSI1000,2020-09-14,1.927596902163541,1.927596902163541,-0.0,-0.007319746431427077
10y,Long CSI300 / Short CSI1000,2020-09-15,1.927596902163541,1.927596902163541,0.0,-0.007319746431427077
10y,Long CSI300 / Short CSI1000,2020-09-16,1.927596902163541,1.927596902163541,0.0,-0.007319746431427077
10y,Long CSI300 / Short CSI1000,2020-09-17,1.927596902163541,1.927596902163541,-0.0,-0.007319746431427077
10y,Long CSI300 / Short CSI1000,2020-09-18,1.927596902163541,1.927596902163541,0.0,-0.007319746431427077
10y,Long CSI300 / Short CSI1000,2020-09-21,1.927596902163541,1.927596902163541,-0.0,-0.007319746431427077
10y,Long CSI300 / Short CSI1000,2020-09-22,1.927596902163541,1.927596902163541,0.0,-0.007319746431427077
10y,Long CSI300 / Short CSI1000,2020-09-23,1.927596902163541,1.927596902163541,-0.0,-0.007319746431427077
10y,Long CSI300 / Short CSI1000,2020-09-24,1.927596902163541,1.927596902163541,0.0,-0.007319746431427077
10y,Long CSI300 / Short CSI1000,2020-09-25,1.927596902163541,1.927596902163541,0.0,-0.007319746431427077
10y,Long CSI300 / Short CSI1000,2020-09-28,1.927596902163541,1.927596902163541,0.0,-0.007319746431427077
10y,Long CSI300 / Short CSI1000,2020-09-29,1.927596902163541,1.927596902163541,-0.0,-0.007319746431427077
10y,Long CSI300 / Short CSI1000,2020-09-30,1.927596902163541,1.927596902163541,-0.0,-0.007319746431427077
10y,Long CSI300 / Short CSI1000,2020-10-09,1.927596902163541,1.927596902163541,-0.0,-0.007319746431427077
10y,Long CSI300 / Short CSI1000,2020-10-12,1.927596902163541,1.927596902163541,-0.0,-0.007319746431427077
10y,Long CSI300 / Short CSI1000,2020-10-13,1.927596902163541,1.927596902163541,0.0,-0.007319746431427077
10y,Long CSI300 / Short CSI1000,2020-10-14,1.927596902163541,1.927596902163541,0.0,-0.007319746431427077
10y,Long CSI300 / Short CSI1000,2020-10-15,1.927596902163541,1.927596902163541,0.0,-0.007319746431427077
10y,Long CSI300 / Short CSI1000,2020-10-16,1.927596902163541,1.927596902163541,0.0,-0.007319746431427077
10y,Long CSI300 / Short CSI1000,2020-10-19,1.927596902163541,1.927596902163541,-0.0,-0.007319746431427077
10y,Long CSI300 / Short CSI1000,2020-10-20,1.927596902163541,1.927596902163541,-0.0,-0.007319746431427077
10y,Long CSI300 / Short CSI1000,2020-10-21,1.927596902163541,1.927596902163541,0.0,-0.007319746431427077
10y,Long CSI300 / Short CSI1000,2020-10-22,1.927596902163541,1.927596902163541,0.0,-0.007319746431427077
10y,Long CSI300 / Short CSI1000,2020-10-23,1.927596902163541,1.927596902163541,0.0,-0.007319746431427077
10y,Long CSI300 / Short CSI1000,2020-10-26,1.9093599059551072,1.9093599059551072,-0.009461000994536,-0.016711495297695667
10y,Long CSI300 / Short CSI1000,2020-10-27,1.9012213591898737,1.9012213591898737,-0.0042624477134196,-0.020902711136195795
10y,Long CSI300 / Short CSI1000,2020-10-28,1.9203130664487935,1.9203130664487935,0.0100418118945682,-0.011070800334943898
10y,Long CSI300 / Short CSI1000,2020-10-29,1.9430808584036128,1.9430808584036128,0.0118562917435764,0.0
10y,Long CSI300 / Short CSI1000,2020-10-30,1.9642741603826264,1.9642741603826264,0.010907061271977,0.0
10y,Long CSI300 / Short CSI1000,2020-11-02,1.9769992737981497,1.9769992737981497,0.0064782776621388,0.0
10y,Long CSI300 / Short CSI1000,2020-11-03,1.9554801933980035,1.9554801933980035,-0.0108847184140866,-0.010884718414086447
10y,Long CSI300 / Short CSI1000,2020-11-04,1.9814854524370349,1.9814854524370349,0.0132986563233057,0.0
10y,Long CSI300 / Short CSI1000,2020-11-05,1.9717243895637449,1.9717243895637449,-0.0049261340078398,-0.004926134007839811
10y,Long CSI300 / Short CSI1000,2020-11-06,1.9988365011524567,1.9988365011524567,0.0137504570781875,0.0
10y,Long CSI300 / Short CSI1000,2020-11-09,1.9848452403743395,1.9848452403743395,-0.0069997024619324,-0.006999702461932378
10y,Long CSI300 / Short CSI1000,2020-11-10,1.9993151783222929,1.9993151783222929,0.0072902096614967,0.0
10y,Long CSI300 / Short CSI1000,2020-11-11,2.020210012361451,2.020210012361451,0.0104509955537336,0.0
10y,Long CSI300 / Short CSI1000,2020-11-12,2.016835413548713,2.016835413548713,-0.0016704198039258,-0.0016704198039259044
10y,Long CSI300 / Short CSI1000,2020-11-13,1.9826845370732904,1.9826845370732904,-0.0169329020335541,-0.018575036782585097
10y,Long CSI300 / Short CSI1000,2020-11-16,1.9839066113136288,1.9839066113136288,0.0006163735165565,-0.01797011242677027
10y,Long CSI300 / Short CSI1000,2020-11-17,2.0037983081774327,2.0037983081774327,0.0100265288448395,-0.008123761432522802
10y,Long CSI300 / Short CSI1000,2020-11-18,2.0020429186965027,2.0020429186965027,-0.0008760310225664,-0.008992675788054627
10y,Long CSI300 / Short CSI1000,2020-11-19,2.00078869958871,2.00078869958871,-0.0006264696406256,-0.009613511790310891
10y,Long CSI300 / Short CSI1000,2020-11-20,2.00078869958871,2.00078869958871,0.0,-0.009613511790310891
10y,Long CSI300 / Short CSI1000,2020-11-23,2.00078869958871,2.00078869958871,0.0,-0.009613511790310891
10y,Long CSI300 / Short CSI1000,2020-11-24,2.00078869958871,2.00078869958871,0.0,-0.009613511790310891
10y,Long CSI300 / Short CSI1000,2020-11-25,2.00078869958871,2.00078869958871,0.0,-0.009613511790310891
10y,Long CSI300 / Short CSI1000,2020-11-26,2.00078869958871,2.00078869958871,0.0,-0.009613511790310891
10y,Long CSI300 / Short CSI1000,2020-11-27,2.00078869958871,2.00078869958871,0.0,-0.009613511790310891
10y,Long CSI300 / Short CSI1000,2020-11-30,2.00078869958871,2.00078869958871,0.0,-0.009613511790310891
10y,Long CSI300 / Short CSI1000,2020-12-01,2.00078869958871,2.00078869958871,0.0,-0.009613511790310891
10y,Long CSI300 / Short CSI1000,2020-12-02,2.00078869958871,2.00078869958871,0.0,-0.009613511790310891
10y,Long CSI300 / Short CSI1000,2020-12-03,2.00078869958871,2.00078869958871,0.0,-0.009613511790310891
10y,Long CSI300 / Short CSI1000,2020-12-04,2.00078869958871,2.00078869958871,0.0,-0.009613511790310891
10y,Long CSI300 / Short CSI1000,2020-12-07,2.00078869958871,2.00078869958871,0.0,-0.009613511790310891
10y,Long CSI300 / Short CSI1000,2020-12-08,2.00078869958871,2.00078869958871,0.0,-0.009613511790310891
10y,Long CSI300 / Short CSI1000,2020-12-09,2.00078869958871,2.00078869958871,0.0,-0.009613511790310891
10y,Long CSI300 / Short CSI1000,2020-12-10,2.00078869958871,2.00078869958871,0.0,-0.009613511790310891
10y,Long CSI300 / Short CSI1000,2020-12-11,2.00078869958871,2.00078869958871,0.0,-0.009613511790310891
10y,Long CSI300 / Short CSI1000,2020-12-14,2.00078869958871,2.00078869958871,0.0,-0.009613511790310891
10y,Long CSI300 / Short CSI1000,2020-12-15,2.00078869958871,2.00078869958871,0.0,-0.009613511790310891
10y,Long CSI300 / Short CSI1000,2020-12-16,2.00078869958871,2.00078869958871,0.0,-0.009613511790310891
10y,Long CSI300 / Short CSI1000,2020-12-17,2.00078869958871,2.00078869958871,0.0,-0.009613511790310891
10y,Long CSI300 / Short CSI1000,2020-12-18,2.00078869958871,2.00078869958871,0.0,-0.009613511790310891
10y,Long CSI300 / Short CSI1000,2020-12-21,2.00078869958871,2.00078869958871,0.0,-0.009613511790310891
10y,Long CSI300 / Short CSI1000,2020-12-22,2.00078869958871,2.00078869958871,0.0,-0.009613511790310891
10y,Long CSI300 / Short CSI1000,2020-12-23,2.00078869958871,2.00078869958871,0.0,-0.009613511790310891
10y,Long CSI300 / Short CSI1000,2020-12-24,2.00078869958871,2.00078869958871,0.0,-0.009613511790310891
10y,Long CSI300 / Short CSI1000,2020-12-25,2.00078869958871,2.00078869958871,0.0,-0.009613511790310891
10y,Long CSI300 / Short CSI1000,2020-12-28,2.00078869958871,2.00078869958871,0.0,-0.009613511790310891
10y,Long CSI300 / Short CSI1000,2020-12-29,2.00078869958871,2.00078869958871,0.0,-0.009613511790310891
10y,Long CSI300 / Short CSI1000,2020-12-30,2.0124449841544525,2.0124449841544525,0.0058258448621477,-0.0038436737564337964
10y,Long CSI300 / Short CSI1000,2020-12-31,2.013943329759224,2.013943329759224,0.0007445399087027,-0.0031019956162386952
10y,Long CSI300 / Short CSI1000,2021-01-04,1.99015063326426,1.99015063326426,-0.011813985102455,-0.014879333788695659
10y,Long CSI300 / Short CSI1000,2021-01-05,2.025641056321585,2.025641056321585,0.0178330335724956,0.0
10y,Long CSI300 / Short CSI1000,2021-01-06,2.0692679228859223,2.0692679228859223,0.0215373135473273,0.0
10y,Long CSI300 / Short CSI1000,2021-01-07,2.140431891799147,2.140431891799147,0.0343908916415112,0.0
10y,Long CSI300 / Short CSI1000,2021-01-08,2.139361675853248,2.139361675853248,-0.0005,-0.0004999999999996119
10y,Long CSI300 / Short CSI1000,2021-01-11,2.139361675853248,2.139361675853248,0.0,-0.0004999999999996119
10y,Long CSI300 / Short CSI1000,2021-01-12,2.139361675853248,2.139361675853248,0.0,-0.0004999999999996119
10y,Long CSI300 / Short CSI1000,2021-01-13,2.139361675853248,2.139361675853248,0.0,-0.0004999999999996119
10y,Long CSI300 / Short CSI1000,2021-01-14,2.139361675853248,2.139361675853248,-0.0,-0.0004999999999996119
10y,Long CSI300 / Short CSI1000,2021-01-15,2.139361675853248,2.139361675853248,-0.0,-0.0004999999999996119
10y,Long CSI300 / Short CSI1000,2021-01-18,2.139361675853248,2.139361675853248,-0.0,-0.0004999999999996119
10y,Long CSI300 / Short CSI1000,2021-01-19,2.139361675853248,2.139361675853248,-0.0,-0.0004999999999996119
10y,Long CSI300 / Short CSI1000,2021-01-20,2.139361675853248,2.139361675853248,-0.0,-0.0004999999999996119
10y,Long CSI300 / Short CSI1000,2021-01-21,2.139361675853248,2.139361675853248,0.0,-0.0004999999999996119
10y,Long CSI300 / Short CSI1000,2021-01-22,2.139361675853248,2.139361675853248,0.0,-0.0004999999999996119
10y,Long CSI300 / Short CSI1000,2021-01-25,2.139361675853248,2.139361675853248,0.0,-0.0004999999999996119
10y,Long CSI300 / Short CSI1000,2021-01-26,2.139361675853248,2.139361675853248,-0.0,-0.0004999999999996119
10y,Long CSI300 / Short CSI1000,2021-01-27,2.139361675853248,2.139361675853248,0.0,-0.0004999999999996119
10y,Long CSI300 / Short CSI1000,2021-01-28,2.139361675853248,2.139361675853248,0.0,-0.0004999999999996119
10y,Long CSI300 / Short CSI1000,2021-01-29,2.139361675853248,2.139361675853248,0.0,-0.0004999999999996119
10y,Long CSI300 / Short CSI1000,2021-02-01,2.139361675853248,2.139361675853248,0.0,-0.0004999999999996119
10y,Long CSI300 / Short CSI1000,2021-02-02,2.139361675853248,2.139361675853248,0.0,-0.0004999999999996119
10y,Long CSI300 / Short CSI1000,2021-02-03,2.139361675853248,2.139361675853248,0.0,-0.0004999999999996119
10y,Long CSI300 / Short CSI1000,2021-02-04,2.139361675853248,2.139361675853248,0.0,-0.0004999999999996119
10y,Long CSI300 / Short CSI1000,2021-02-05,2.139361675853248,2.139361675853248,0.0,-0.0004999999999996119
10y,Long CSI300 / Short CSI1000,2021-02-08,2.139361675853248,2.139361675853248,0.0,-0.0004999999999996119
10y,Long CSI300 / Short CSI1000,2021-02-09,2.139361675853248,2.139361675853248,-0.0,-0.0004999999999996119
10y,Long CSI300 / Short CSI1000,2021-02-10,2.139361675853248,2.139361675853248,0.0,-0.0004999999999996119
10y,Long CSI300 / Short CSI1000,2021-02-18,2.139361675853248,2.139361675853248,-0.0,-0.0004999999999996119
10y,Long CSI300 / Short CSI1000,2021-02-19,2.139361675853248,2.139361675853248,-0.0,-0.0004999999999996119
10y,Long CSI300 / Short CSI1000,2021-02-22,2.139361675853248,2.139361675853248,-0.0,-0.0004999999999996119
10y,Long CSI300 / Short CSI1000,2021-02-23,2.139361675853248,2.139361675853248,0.0,-0.0004999999999996119
10y,Long CSI300 / Short CSI1000,2021-02-24,2.139361675853248,2.139361675853248,-0.0,-0.0004999999999996119
10y,Long CSI300 / Short CSI1000,2021-02-25,2.139361675853248,2.139361675853248,0.0,-0.0004999999999996119
10y,Long CSI300 / Short CSI1000,2021-02-26,2.139361675853248,2.139361675853248,0.0,-0.0004999999999996119
10y,Long CSI300 / Short CSI1000,2021-03-01,2.139361675853248,2.139361675853248,0.0,-0.0004999999999996119
10y,Long CSI300 / Short CSI1000,2021-03-02,2.139361675853248,2.139361675853248,0.0,-0.0004999999999996119
10y,Long CSI300 / Short CSI1000,2021-03-03,2.139361675853248,2.139361675853248,0.0,-0.0004999999999996119
10y,Long CSI300 / Short CSI1000,2021-03-04,2.139361675853248,2.139361675853248,0.0,-0.0004999999999996119
10y,Long CSI300 / Short CSI1000,2021-03-05,2.139361675853248,2.139361675853248,0.0,-0.0004999999999996119
10y,Long CSI300 / Short CSI1000,2021-03-08,2.139361675853248,2.139361675853248,0.0,-0.0004999999999996119
10y,Long CSI300 / Short CSI1000,2021-03-09,2.139361675853248,2.139361675853248,0.0,-0.0004999999999996119
10y,Long CSI300 / Short CSI1000,2021-03-10,2.139361675853248,2.139361675853248,0.0,-0.0004999999999996119
10y,Long CSI300 / Short CSI1000,2021-03-11,2.139361675853248,2.139361675853248,0.0,-0.0004999999999996119
10y,Long CSI300 / Short CSI1000,2021-03-12,2.139361675853248,2.139361675853248,0.0,-0.0004999999999996119
10y,Long CSI300 / Short CSI1000,2021-03-15,2.139361675853248,2.139361675853248,0.0,-0.0004999999999996119
10y,Long CSI300 / Short CSI1000,2021-03-16,2.139361675853248,2.139361675853248,0.0,-0.0004999999999996119
10y,Long CSI300 / Short CSI1000,2021-03-17,2.139361675853248,2.139361675853248,0.0,-0.0004999999999996119
10y,Long CSI300 / Short CSI1000,2021-03-18,2.139361675853248,2.139361675853248,0.0,-0.0004999999999996119
10y,Long CSI300 / Short CSI1000,2021-03-19,2.139361675853248,2.139361675853248,0.0,-0.0004999999999996119
10y,Long CSI300 / Short CSI1000,2021-03-22,2.139361675853248,2.139361675853248,0.0,-0.0004999999999996119
10y,Long CSI300 / Short CSI1000,2021-03-23,2.139361675853248,2.139361675853248,0.0,-0.0004999999999996119
10y,Long CSI300 / Short CSI1000,2021-03-24,2.139361675853248,2.139361675853248,0.0,-0.0004999999999996119
10y,Long CSI300 / Short CSI1000,2021-03-25,2.139361675853248,2.139361675853248,0.0,-0.0004999999999996119
10y,Long CSI300 / Short CSI1000,2021-03-26,2.139361675853248,2.139361675853248,0.0,-0.0004999999999996119
10y,Long CSI300 / Short CSI1000,2021-03-29,2.139361675853248,2.139361675853248,0.0,-0.0004999999999996119
10y,Long CSI300 / Short CSI1000,2021-03-30,2.139361675853248,2.139361675853248,0.0,-0.0004999999999996119
10y,Long CSI300 / Short CSI1000,2021-03-31,2.139361675853248,2.139361675853248,0.0,-0.0004999999999996119
10y,Long CSI300 / Short CSI1000,2021-04-01,2.139361675853248,2.139361675853248,0.0,-0.0004999999999996119
10y,Long CSI300 / Short CSI1000,2021-04-02,2.139361675853248,2.139361675853248,0.0,-0.0004999999999996119
10y,Long CSI300 / Short CSI1000,2021-04-06,2.139361675853248,2.139361675853248,0.0,-0.0004999999999996119
10y,Long CSI300 / Short CSI1000,2021-04-07,2.139361675853248,2.139361675853248,0.0,-0.0004999999999996119
10y,Long CSI300 / Short CSI1000,2021-04-08,2.139361675853248,2.139361675853248,0.0,-0.0004999999999996119
10y,Long CSI300 / Short CSI1000,2021-04-09,2.139361675853248,2.139361675853248,0.0,-0.0004999999999996119
10y,Long CSI300 / Short CSI1000,2021-04-12,2.139361675853248,2.139361675853248,0.0,-0.0004999999999996119
10y,Long CSI300 / Short CSI1000,2021-04-13,2.139361675853248,2.139361675853248,0.0,-0.0004999999999996119
10y,Long CSI300 / Short CSI1000,2021-04-14,2.139361675853248,2.139361675853248,0.0,-0.0004999999999996119
10y,Long CSI300 / Short CSI1000,2021-04-15,2.139361675853248,2.139361675853248,0.0,-0.0004999999999996119
10y,Long CSI300 / Short CSI1000,2021-04-16,2.139361675853248,2.139361675853248,0.0,-0.0004999999999996119
10y,Long CSI300 / Short CSI1000,2021-04-19,2.139361675853248,2.139361675853248,0.0,-0.0004999999999996119
10y,Long CSI300 / Short CSI1000,2021-04-20,2.139361675853248,2.139361675853248,0.0,-0.0004999999999996119
10y,Long CSI300 / Short CSI1000,2021-04-21,2.139361675853248,2.139361675853248,0.0,-0.0004999999999996119
10y,Long CSI300 / Short CSI1000,2021-04-22,2.139361675853248,2.139361675853248,0.0,-0.0004999999999996119
10y,Long CSI300 / Short CSI1000,2021-04-23,2.139361675853248,2.139361675853248,0.0,-0.0004999999999996119
10y,Long CSI300 / Short CSI1000,2021-04-26,2.139361675853248,2.139361675853248,0.0,-0.0004999999999996119
10y,Long CSI300 / Short CSI1000,2021-04-27,2.139361675853248,2.139361675853248,0.0,-0.0004999999999996119
10y,Long CSI300 / Short CSI1000,2021-04-28,2.139361675853248,2.139361675853248,0.0,-0.0004999999999996119
10y,Long CSI300 / Short CSI1000,2021-04-29,2.139361675853248,2.139361675853248,0.0,-0.0004999999999996119
10y,Long CSI300 / Short CSI1000,2021-04-30,2.1342196497210746,2.1342196497210746,-0.0024035328809571,-0.002902331114516654
10y,Long CSI300 / Short CSI1000,2021-05-06,2.118544861002599,2.118544861002599,-0.0073445058574567,-0.010225520784102438
10y,Long CSI300 / Short CSI1000,2021-05-07,2.1178609089239413,2.1178609089239413,-0.0003228404983287,-0.010545060070205503
10y,Long CSI300 / Short CSI1000,2021-05-10,2.1140328003633644,2.1140328003633644,-0.0018075353978377,-0.012333534898694043
10y,Long CSI300 / Short CSI1000,2021-05-11,2.119632942482007,2.119632942482007,0.0026490327480633,-0.009717174088476832
10y,Long CSI300 / Short CSI1000,2021-05-12,2.111488998031916,2.111488998031916,-0.0038421484620612,-0.013521987725058193
10y,Long CSI300 / Short CSI1000,2021-05-13,2.1081242581580057,2.1081242581580057,-0.0015935389088201,-0.015093978820314158
10y,Long CSI300 / Short CSI1000,2021-05-14,2.118352698804585,2.118352698804585,0.0048519154442617,-0.010315298085006197
10y,Long CSI300 / Short CSI1000,2021-05-17,2.134636355488699,2.134636355488699,0.0076869431107026,-0.0027076480838531536
10y,Long CSI300 / Short CSI1000,2021-05-18,2.1303111736913043,2.1303111736913043,-0.002026191386778,-0.004728353257405282
10y,Long CSI300 / Short CSI1000,2021-05-19,2.126815599463342,2.126815599463342,-0.0016408749440603,-0.006361469565078992
10y,Long CSI300 / Short CSI1000,2021-05-20,2.130728235802782,2.130728235802782,0.0018396688177513,-0.00453350374452155
10y,Long CSI300 / Short CSI1000,2021-05-21,2.120393124023865,2.120393124023865,-0.0048505067916478,-0.00936202074546666
10y,Long CSI300 / Short CSI1000,2021-05-24,2.1154599378666723,2.1154599378666723,-0.0023265431779135,-0.011666782777883355
10y,Long CSI300 / Short CSI1000,2021-05-25,2.1360375720534783,2.1360375720534783,0.0097272625297539,-0.002053006107087585
10y,Long CSI300 / Short CSI1000,2021-05-26,2.131793283483661,2.131793283483661,-0.0019869915329892,-0.004035918334324928
10y,Long CSI300 / Short CSI1000,2021-05-27,2.1257105025208145,2.1257105025208145,-0.0028533634147238,-0.006877765807328906
10y,Long CSI300 / Short CSI1000,2021-05-28,2.123990305349989,2.123990305349989,-0.0008092339802553,-0.007681434065784698
10y,Long CSI300 / Short CSI1000,2021-05-31,2.1073410467475933,2.1073410467475933,-0.0078386697719188,-0.015459891612687127
10y,Long CSI300 / Short CSI1000,2021-06-01,2.1068142114859065,2.1068142114859065,-0.00025,-0.015706026639783932
10y,Long CSI300 / Short CSI1000,2021-06-02,2.1068142114859065,2.1068142114859065,0.0,-0.015706026639783932
10y,Long CSI300 / Short CSI1000,2021-06-03,2.0999394864006664,2.0999394864006664,-0.0032630903321994,-0.018917866788297766
10y,Long CSI300 / Short CSI1000,2021-06-04,2.100411510042683,2.100411510042683,0.0002247796401152,-0.018697339499471166
10y,Long CSI300 / Short CSI1000,2021-06-07,2.0865553743089564,2.0865553743089564,-0.0065968671698265,-0.025170862804190675
10y,Long CSI300 / Short CSI1000,2021-06-08,2.08597960071299,2.08597960071299,-0.0002759445558242,-0.0254398615974587
10y,Long CSI300 / Short CSI1000,2021-06-09,2.08597960071299,2.08597960071299,0.0,-0.0254398615974587
10y,Long CSI300 / Short CSI1000,2021-06-10,2.08597960071299,2.08597960071299,0.0,-0.0254398615974587
10y,Long CSI300 / Short CSI1000,2021-06-11,2.08597960071299,2.08597960071299,0.0,-0.0254398615974587
10y,Long CSI300 / Short CSI1000,2021-06-15,2.08597960071299,2.08597960071299,0.0,-0.0254398615974587
10y,Long CSI300 / Short CSI1000,2021-06-16,2.08597960071299,2.08597960071299,0.0,-0.0254398615974587
10y,Long CSI300 / Short CSI1000,2021-06-17,2.08597960071299,2.08597960071299,0.0,-0.0254398615974587
10y,Long CSI300 / Short CSI1000,2021-06-18,2.08597960071299,2.08597960071299,0.0,-0.0254398615974587
10y,Long CSI300 / Short CSI1000,2021-06-21,2.08597960071299,2.08597960071299,0.0,-0.0254398615974587
10y,Long CSI300 / Short CSI1000,2021-06-22,2.08597960071299,2.08597960071299,0.0,-0.0254398615974587
10y,Long CSI300 / Short CSI1000,2021-06-23,2.08597960071299,2.08597960071299,0.0,-0.0254398615974587
10y,Long CSI300 / Short CSI1000,2021-06-24,2.08597960071299,2.08597960071299,0.0,-0.0254398615974587
10y,Long CSI300 / Short CSI1000,2021-06-25,2.08597960071299,2.08597960071299,0.0,-0.0254398615974587
10y,Long CSI300 / Short CSI1000,2021-06-28,2.08597960071299,2.08597960071299,0.0,-0.0254398615974587
10y,Long CSI300 / Short CSI1000,2021-06-29,2.08597960071299,2.08597960071299,0.0,-0.0254398615974587
10y,Long CSI300 / Short CSI1000,2021-06-30,2.08597960071299,2.08597960071299,0.0,-0.0254398615974587
10y,Long CSI300 / Short CSI1000,2021-07-01,2.08597960071299,2.08597960071299,0.0,-0.0254398615974587
10y,Long CSI300 / Short CSI1000,2021-07-02,2.08597960071299,2.08597960071299,0.0,-0.0254398615974587
10y,Long CSI300 / Short CSI1000,2021-07-05,2.08597960071299,2.08597960071299,0.0,-0.0254398615974587
10y,Long CSI300 / Short CSI1000,2021-07-06,2.08597960071299,2.08597960071299,0.0,-0.0254398615974587
10y,Long CSI300 / Short CSI1000,2021-07-07,2.08597960071299,2.08597960071299,0.0,-0.0254398615974587
10y,Long CSI300 / Short CSI1000,2021-07-08,2.08597960071299,2.08597960071299,0.0,-0.0254398615974587
10y,Long CSI300 / Short CSI1000,2021-07-09,2.08597960071299,2.08597960071299,0.0,-0.0254398615974587
10y,Long CSI300 / Short CSI1000,2021-07-12,2.08597960071299,2.08597960071299,0.0,-0.0254398615974587
10y,Long CSI300 / Short CSI1000,2021-07-13,2.08597960071299,2.08597960071299,0.0,-0.0254398615974587
10y,Long CSI300 / Short CSI1000,2021-07-14,2.08597960071299,2.08597960071299,0.0,-0.0254398615974587
10y,Long CSI300 / Short CSI1000,2021-07-15,2.08597960071299,2.08597960071299,0.0,-0.0254398615974587
10y,Long CSI300 / Short CSI1000,2021-07-16,2.08597960071299,2.08597960071299,0.0,-0.0254398615974587
10y,Long CSI300 / Short CSI1000,2021-07-19,2.08597960071299,2.08597960071299,0.0,-0.0254398615974587
10y,Long CSI300 / Short CSI1000,2021-07-20,2.08597960071299,2.08597960071299,0.0,-0.0254398615974587
10y,Long CSI300 / Short CSI1000,2021-07-21,2.08597960071299,2.08597960071299,0.0,-0.0254398615974587
10y,Long CSI300 / Short CSI1000,2021-07-22,2.08597960071299,2.08597960071299,0.0,-0.0254398615974587
10y,Long CSI300 / Short CSI1000,2021-07-23,2.08597960071299,2.08597960071299,0.0,-0.0254398615974587
10y,Long CSI300 / Short CSI1000,2021-07-26,2.08597960071299,2.08597960071299,0.0,-0.0254398615974587
10y,Long CSI300 / Short CSI1000,2021-07-27,2.08597960071299,2.08597960071299,0.0,-0.0254398615974587
10y,Long CSI300 / Short CSI1000,2021-07-28,2.08597960071299,2.08597960071299,0.0,-0.0254398615974587
10y,Long CSI300 / Short CSI1000,2021-07-29,2.08597960071299,2.08597960071299,0.0,-0.0254398615974587
10y,Long CSI300 / Short CSI1000,2021-07-30,2.08597960071299,2.08597960071299,0.0,-0.0254398615974587
10y,Long CSI300 / Short CSI1000,2021-08-02,2.08597960071299,2.08597960071299,0.0,-0.0254398615974587
10y,Long CSI300 / Short CSI1000,2021-08-03,2.08597960071299,2.08597960071299,0.0,-0.0254398615974587
10y,Long CSI300 / Short CSI1000,2021-08-04,2.08597960071299,2.08597960071299,0.0,-0.0254398615974587
10y,Long CSI300 / Short CSI1000,2021-08-05,2.08597960071299,2.08597960071299,0.0,-0.0254398615974587
10y,Long CSI300 / Short CSI1000,2021-08-06,2.08597960071299,2.08597960071299,0.0,-0.0254398615974587
10y,Long CSI300 / Short CSI1000,2021-08-09,2.08597960071299,2.08597960071299,0.0,-0.0254398615974587
10y,Long CSI300 / Short CSI1000,2021-08-10,2.08597960071299,2.08597960071299,0.0,-0.0254398615974587
10y,Long CSI300 / Short CSI1000,2021-08-11,2.08597960071299,2.08597960071299,0.0,-0.0254398615974587
10y,Long CSI300 / Short CSI1000,2021-08-12,2.08597960071299,2.08597960071299,0.0,-0.0254398615974587
10y,Long CSI300 / Short CSI1000,2021-08-13,2.08597960071299,2.08597960071299,0.0,-0.0254398615974587
10y,Long CSI300 / Short CSI1000,2021-08-16,2.08597960071299,2.08597960071299,0.0,-0.0254398615974587
10y,Long CSI300 / Short CSI1000,2021-08-17,2.08597960071299,2.08597960071299,0.0,-0.0254398615974587
10y,Long CSI300 / Short CSI1000,2021-08-18,2.08597960071299,2.08597960071299,0.0,-0.0254398615974587
10y,Long CSI300 / Short CSI1000,2021-08-19,2.08597960071299,2.08597960071299,-0.0,-0.0254398615974587
10y,Long CSI300 / Short CSI1000,2021-08-20,2.08597960071299,2.08597960071299,0.0,-0.0254398615974587
10y,Long CSI300 / Short CSI1000,2021-08-23,2.08597960071299,2.08597960071299,0.0,-0.0254398615974587
10y,Long CSI300 / Short CSI1000,2021-08-24,2.08597960071299,2.08597960071299,0.0,-0.0254398615974587
10y,Long CSI300 / Short CSI1000,2021-08-25,2.08597960071299,2.08597960071299,0.0,-0.0254398615974587
10y,Long CSI300 / Short CSI1000,2021-08-26,2.08597960071299,2.08597960071299,0.0,-0.0254398615974587
10y,Long CSI300 / Short CSI1000,2021-08-27,2.08597960071299,2.08597960071299,0.0,-0.0254398615974587
10y,Long CSI300 / Short CSI1000,2021-08-30,2.08597960071299,2.08597960071299,0.0,-0.0254398615974587
10y,Long CSI300 / Short CSI1000,2021-08-31,2.08597960071299,2.08597960071299,0.0,-0.0254398615974587
10y,Long CSI300 / Short CSI1000,2021-09-01,2.08597960071299,2.08597960071299,0.0,-0.0254398615974587
10y,Long CSI300 / Short CSI1000,2021-09-02,2.08597960071299,2.08597960071299,0.0,-0.0254398615974587
10y,Long CSI300 / Short CSI1000,2021-09-03,2.08597960071299,2.08597960071299,0.0,-0.0254398615974587
10y,Long CSI300 / Short CSI1000,2021-09-06,2.08597960071299,2.08597960071299,0.0,-0.0254398615974587
10y,Long CSI300 / Short CSI1000,2021-09-07,2.08597960071299,2.08597960071299,-0.0,-0.0254398615974587
10y,Long CSI300 / Short CSI1000,2021-09-08,2.08597960071299,2.08597960071299,0.0,-0.0254398615974587
10y,Long CSI300 / Short CSI1000,2021-09-09,2.08597960071299,2.08597960071299,-0.0,-0.0254398615974587
10y,Long CSI300 / Short CSI1000,2021-09-10,2.08597960071299,2.08597960071299,0.0,-0.0254398615974587
10y,Long CSI300 / Short CSI1000,2021-09-13,2.08597960071299,2.08597960071299,-0.0,-0.0254398615974587
10y,Long CSI300 / Short CSI1000,2021-09-14,2.08597960071299,2.08597960071299,-0.0,-0.0254398615974587
10y,Long CSI300 / Short CSI1000,2021-09-15,2.08597960071299,2.08597960071299,0.0,-0.0254398615974587
10y,Long CSI300 / Short CSI1000,2021-09-16,2.08597960071299,2.08597960071299,0.0,-0.0254398615974587
10y,Long CSI300 / Short CSI1000,2021-09-17,2.08597960071299,2.08597960071299,0.0,-0.0254398615974587
10y,Long CSI300 / Short CSI1000,2021-09-22,2.08597960071299,2.08597960071299,-0.0,-0.0254398615974587
10y,Long CSI300 / Short CSI1000,2021-09-23,2.08597960071299,2.08597960071299,0.0,-0.0254398615974587
10y,Long CSI300 / Short CSI1000,2021-09-24,2.08597960071299,2.08597960071299,0.0,-0.0254398615974587
10y,Long CSI300 / Short CSI1000,2021-09-27,2.08597960071299,2.08597960071299,0.0,-0.0254398615974587
10y,Long CSI300 / Short CSI1000,2021-09-28,2.08597960071299,2.08597960071299,0.0,-0.0254398615974587
10y,Long CSI300 / Short CSI1000,2021-09-29,2.08597960071299,2.08597960071299,0.0,-0.0254398615974587
10y,Long CSI300 / Short CSI1000,2021-09-30,2.08597960071299,2.08597960071299,-0.0,-0.0254398615974587
10y,Long CSI300 / Short CSI1000,2021-10-08,2.08597960071299,2.08597960071299,0.0,-0.0254398615974587
10y,Long CSI300 / Short CSI1000,2021-10-11,2.08597960071299,2.08597960071299,0.0,-0.0254398615974587
10y,Long CSI300 / Short CSI1000,2021-10-12,2.08597960071299,2.08597960071299,0.0,-0.0254398615974587
10y,Long CSI300 / Short CSI1000,2021-10-13,2.08597960071299,2.08597960071299,0.0,-0.0254398615974587
10y,Long CSI300 / Short CSI1000,2021-10-14,2.08597960071299,2.08597960071299,-0.0,-0.0254398615974587
10y,Long CSI300 / Short CSI1000,2021-10-15,2.08597960071299,2.08597960071299,0.0,-0.0254398615974587
10y,Long CSI300 / Short CSI1000,2021-10-18,2.08597960071299,2.08597960071299,-0.0,-0.0254398615974587
10y,Long CSI300 / Short CSI1000,2021-10-19,2.08597960071299,2.08597960071299,-0.0,-0.0254398615974587
10y,Long CSI300 / Short CSI1000,2021-10-20,2.08597960071299,2.08597960071299,-0.0,-0.0254398615974587
10y,Long CSI300 / Short CSI1000,2021-10-21,2.08597960071299,2.08597960071299,0.0,-0.0254398615974587
10y,Long CSI300 / Short CSI1000,2021-10-22,2.08597960071299,2.08597960071299,0.0,-0.0254398615974587
10y,Long CSI300 / Short CSI1000,2021-10-25,2.08597960071299,2.08597960071299,-0.0,-0.0254398615974587
10y,Long CSI300 / Short CSI1000,2021-10-26,2.08597960071299,2.08597960071299,-0.0,-0.0254398615974587
10y,Long CSI300 / Short CSI1000,2021-10-27,2.08597960071299,2.08597960071299,-0.0,-0.0254398615974587
10y,Long CSI300 / Short CSI1000,2021-10-28,2.08597960071299,2.08597960071299,0.0,-0.0254398615974587
10y,Long CSI300 / Short CSI1000,2021-10-29,2.08597960071299,2.08597960071299,-0.0,-0.0254398615974587
10y,Long CSI300 / Short CSI1000,2021-11-01,2.08597960071299,2.08597960071299,-0.0,-0.0254398615974587
10y,Long CSI300 / Short CSI1000,2021-11-02,2.08597960071299,2.08597960071299,0.0,-0.0254398615974587
10y,Long CSI300 / Short CSI1000,2021-11-03,2.08597960071299,2.08597960071299,0.0,-0.0254398615974587
10y,Long CSI300 / Short CSI1000,2021-11-04,2.08597960071299,2.08597960071299,0.0,-0.0254398615974587
10y,Long CSI300 / Short CSI1000,2021-11-05,2.08597960071299,2.08597960071299,0.0,-0.0254398615974587
10y,Long CSI300 / Short CSI1000,2021-11-08,2.08597960071299,2.08597960071299,0.0,-0.0254398615974587
10y,Long CSI300 / Short CSI1000,2021-11-09,2.08597960071299,2.08597960071299,0.0,-0.0254398615974587
10y,Long CSI300 / Short CSI1000,2021-11-10,2.08597960071299,2.08597960071299,0.0,-0.0254398615974587
10y,Long CSI300 / Short CSI1000,2021-11-11,2.08597960071299,2.08597960071299,0.0,-0.0254398615974587
10y,Long CSI300 / Short CSI1000,2021-11-12,2.08597960071299,2.08597960071299,0.0,-0.0254398615974587
10y,Long CSI300 / Short CSI1000,2021-11-15,2.08597960071299,2.08597960071299,0.0,-0.0254398615974587
10y,Long CSI300 / Short CSI1000,2021-11-16,2.08597960071299,2.08597960071299,0.0,-0.0254398615974587
10y,Long CSI300 / Short CSI1000,2021-11-17,2.08597960071299,2.08597960071299,0.0,-0.0254398615974587
10y,Long CSI300 / Short CSI1000,2021-11-18,2.08597960071299,2.08597960071299,0.0,-0.0254398615974587
10y,Long CSI300 / Short CSI1000,2021-11-19,2.08597960071299,2.08597960071299,0.0,-0.0254398615974587
10y,Long CSI300 / Short CSI1000,2021-11-22,2.08597960071299,2.08597960071299,0.0,-0.0254398615974587
10y,Long CSI300 / Short CSI1000,2021-11-23,2.08597960071299,2.08597960071299,0.0,-0.0254398615974587
10y,Long CSI300 / Short CSI1000,2021-11-24,2.08597960071299,2.08597960071299,0.0,-0.0254398615974587
10y,Long CSI300 / Short CSI1000,2021-11-25,2.08597960071299,2.08597960071299,0.0,-0.0254398615974587
10y,Long CSI300 / Short CSI1000,2021-11-26,2.08597960071299,2.08597960071299,0.0,-0.0254398615974587
10y,Long CSI300 / Short CSI1000,2021-11-29,2.08597960071299,2.08597960071299,0.0,-0.0254398615974587
10y,Long CSI300 / Short CSI1000,2021-11-30,2.08597960071299,2.08597960071299,0.0,-0.0254398615974587
10y,Long CSI300 / Short CSI1000,2021-12-01,2.08597960071299,2.08597960071299,0.0,-0.0254398615974587
10y,Long CSI300 / Short CSI1000,2021-12-02,2.08597960071299,2.08597960071299,0.0,-0.0254398615974587
10y,Long CSI300 / Short CSI1000,2021-12-03,2.08597960071299,2.08597960071299,0.0,-0.0254398615974587
10y,Long CSI300 / Short CSI1000,2021-12-06,2.08597960071299,2.08597960071299,0.0,-0.0254398615974587
10y,Long CSI300 / Short CSI1000,2021-12-07,2.08597960071299,2.08597960071299,0.0,-0.0254398615974587
10y,Long CSI300 / Short CSI1000,2021-12-08,2.08597960071299,2.08597960071299,0.0,-0.0254398615974587
10y,Long CSI300 / Short CSI1000,2021-12-09,2.08597960071299,2.08597960071299,0.0,-0.0254398615974587
10y,Long CSI300 / Short CSI1000,2021-12-10,2.08597960071299,2.08597960071299,0.0,-0.0254398615974587
10y,Long CSI300 / Short CSI1000,2021-12-13,2.08597960071299,2.08597960071299,0.0,-0.0254398615974587
10y,Long CSI300 / Short CSI1000,2021-12-14,2.08597960071299,2.08597960071299,-0.0,-0.0254398615974587
10y,Long CSI300 / Short CSI1000,2021-12-15,2.08597960071299,2.08597960071299,-0.0,-0.0254398615974587
10y,Long CSI300 / Short CSI1000,2021-12-16,2.08597960071299,2.08597960071299,-0.0,-0.0254398615974587
10y,Long CSI300 / Short CSI1000,2021-12-17,2.08597960071299,2.08597960071299,-0.0,-0.0254398615974587
10y,Long CSI300 / Short CSI1000,2021-12-20,2.08597960071299,2.08597960071299,0.0,-0.0254398615974587
10y,Long CSI300 / Short CSI1000,2021-12-21,2.08597960071299,2.08597960071299,-0.0,-0.0254398615974587
10y,Long CSI300 / Short CSI1000,2021-12-22,2.08597960071299,2.08597960071299,-0.0,-0.0254398615974587
10y,Long CSI300 / Short CSI1000,2021-12-23,2.092489442356744,2.092489442356744,0.0031207599736494,-0.02239849332561783
10y,Long CSI300 / Short CSI1000,2021-12-24,2.107577055650602,2.107577055650602,0.0072103653134156,-0.01534962933154993
10y,Long CSI300 / Short CSI1000,2021-12-27,2.107050161386689,2.107050161386689,-0.00025,-0.015595791924217117
10y,Long CSI300 / Short CSI1000,2021-12-28,2.102614142521696,2.102614142521696,-0.0021053219075116,-0.017668279669325493
10y,Long CSI300 / Short CSI1000,2021-12-29,2.0883064502193123,2.0883064502193123,-0.0068047160974694,-0.02435276813971432
10y,Long CSI300 / Short CSI1000,2021-12-30,2.0877843736067576,2.0877843736067576,-0.00025,-0.024596679947679334
10y,Long CSI300 / Short CSI1000,2021-12-31,2.0877843736067576,2.0877843736067576,0.0,-0.024596679947679334
10y,Long CSI300 / Short CSI1000,2022-01-04,2.0877843736067576,2.0877843736067576,0.0,-0.024596679947679334
10y,Long CSI300 / Short CSI1000,2022-01-05,2.0877843736067576,2.0877843736067576,0.0,-0.024596679947679334
10y,Long CSI300 / Short CSI1000,2022-01-06,2.0877843736067576,2.0877843736067576,0.0,-0.024596679947679334
10y,Long CSI300 / Short CSI1000,2022-01-07,2.0877843736067576,2.0877843736067576,0.0,-0.024596679947679334
10y,Long CSI300 / Short CSI1000,2022-01-10,2.0877843736067576,2.0877843736067576,0.0,-0.024596679947679334
10y,Long CSI300 / Short CSI1000,2022-01-11,2.0877843736067576,2.0877843736067576,0.0,-0.024596679947679334
10y,Long CSI300 / Short CSI1000,2022-01-12,2.0877843736067576,2.0877843736067576,0.0,-0.024596679947679334
10y,Long CSI300 / Short CSI1000,2022-01-13,2.0877843736067576,2.0877843736067576,0.0,-0.024596679947679334
10y,Long CSI300 / Short CSI1000,2022-01-14,2.0877843736067576,2.0877843736067576,-0.0,-0.024596679947679334
10y,Long CSI300 / Short CSI1000,2022-01-17,2.07832115566208,2.07832115566208,-0.0045326605871321,-0.029017852133038202
10y,Long CSI300 / Short CSI1000,2022-01-18,2.0778015753731647,2.0778015753731647,-0.00025,-0.029260597670004884
10y,Long CSI300 / Short CSI1000,2022-01-19,2.0778015753731647,2.0778015753731647,0.0,-0.029260597670004884
10y,Long CSI300 / Short CSI1000,2022-01-20,2.0778015753731647,2.0778015753731647,0.0,-0.029260597670004884
10y,Long CSI300 / Short CSI1000,2022-01-21,2.0778015753731647,2.0778015753731647,0.0,-0.029260597670004884
10y,Long CSI300 / Short CSI1000,2022-01-24,2.0778015753731647,2.0778015753731647,-0.0,-0.029260597670004884
10y,Long CSI300 / Short CSI1000,2022-01-25,2.0778015753731647,2.0778015753731647,0.0,-0.029260597670004884
10y,Long CSI300 / Short CSI1000,2022-01-26,2.0778015753731647,2.0778015753731647,0.0,-0.029260597670004884
10y,Long CSI300 / Short CSI1000,2022-01-27,2.0778015753731647,2.0778015753731647,0.0,-0.029260597670004884
10y,Long CSI300 / Short CSI1000,2022-01-28,2.0778015753731647,2.0778015753731647,-0.0,-0.029260597670004884
10y,Long CSI300 / Short CSI1000,2022-02-07,2.0778015753731647,2.0778015753731647,0.0,-0.029260597670004884
10y,Long CSI300 / Short CSI1000,2022-02-08,2.0778015753731647,2.0778015753731647,-0.0,-0.029260597670004884
10y,Long CSI300 / Short CSI1000,2022-02-09,2.0778015753731647,2.0778015753731647,-0.0,-0.029260597670004884
10y,Long CSI300 / Short CSI1000,2022-02-10,2.0778015753731647,2.0778015753731647,0.0,-0.029260597670004884
10y,Long CSI300 / Short CSI1000,2022-02-11,2.0778015753731647,2.0778015753731647,0.0,-0.029260597670004884
10y,Long CSI300 / Short CSI1000,2022-02-14,2.0778015753731647,2.0778015753731647,-0.0,-0.029260597670004884
10y,Long CSI300 / Short CSI1000,2022-02-15,2.0778015753731647,2.0778015753731647,-0.0,-0.029260597670004884
10y,Long CSI300 / Short CSI1000,2022-02-16,2.0778015753731647,2.0778015753731647,-0.0,-0.029260597670004884
10y,Long CSI300 / Short CSI1000,2022-02-17,2.0778015753731647,2.0778015753731647,-0.0,-0.029260597670004884
10y,Long CSI300 / Short CSI1000,2022-02-18,2.0778015753731647,2.0778015753731647,0.0,-0.029260597670004884
10y,Long CSI300 / Short CSI1000,2022-02-21,2.0778015753731647,2.0778015753731647,-0.0,-0.029260597670004884
10y,Long CSI300 / Short CSI1000,2022-02-22,2.0778015753731647,2.0778015753731647,0.0,-0.029260597670004884
10y,Long CSI300 / Short CSI1000,2022-02-23,2.0778015753731647,2.0778015753731647,0.0,-0.029260597670004884
10y,Long CSI300 / Short CSI1000,2022-02-24,2.0778015753731647,2.0778015753731647,0.0,-0.029260597670004884
10y,Long CSI300 / Short CSI1000,2022-02-25,2.0778015753731647,2.0778015753731647,0.0,-0.029260597670004884
10y,Long CSI300 / Short CSI1000,2022-02-28,2.0778015753731647,2.0778015753731647,0.0,-0.029260597670004884
10y,Long CSI300 / Short CSI1000,2022-03-01,2.0778015753731647,2.0778015753731647,0.0,-0.029260597670004884
10y,Long CSI300 / Short CSI1000,2022-03-02,2.0778015753731647,2.0778015753731647,0.0,-0.029260597670004884
10y,Long CSI300 / Short CSI1000,2022-03-03,2.0778015753731647,2.0778015753731647,0.0,-0.029260597670004884
10y,Long CSI300 / Short CSI1000,2022-03-04,2.0778015753731647,2.0778015753731647,0.0,-0.029260597670004884
10y,Long CSI300 / Short CSI1000,2022-03-07,2.0778015753731647,2.0778015753731647,0.0,-0.029260597670004884
10y,Long CSI300 / Short CSI1000,2022-03-08,2.0778015753731647,2.0778015753731647,0.0,-0.029260597670004884
10y,Long CSI300 / Short CSI1000,2022-03-09,2.0778015753731647,2.0778015753731647,0.0,-0.029260597670004884
10y,Long CSI300 / Short CSI1000,2022-03-10,2.0778015753731647,2.0778015753731647,0.0,-0.029260597670004884
10y,Long CSI300 / Short CSI1000,2022-03-11,2.0778015753731647,2.0778015753731647,0.0,-0.029260597670004884
10y,Long CSI300 / Short CSI1000,2022-03-14,2.0778015753731647,2.0778015753731647,0.0,-0.029260597670004884
10y,Long CSI300 / Short CSI1000,2022-03-15,2.0778015753731647,2.0778015753731647,0.0,-0.029260597670004884
10y,Long CSI300 / Short CSI1000,2022-03-16,2.0778015753731647,2.0778015753731647,0.0,-0.029260597670004884
10y,Long CSI300 / Short CSI1000,2022-03-17,2.0778015753731647,2.0778015753731647,0.0,-0.029260597670004884
10y,Long CSI300 / Short CSI1000,2022-03-18,2.0778015753731647,2.0778015753731647,0.0,-0.029260597670004884
10y,Long CSI300 / Short CSI1000,2022-03-21,2.0778015753731647,2.0778015753731647,0.0,-0.029260597670004884
10y,Long CSI300 / Short CSI1000,2022-03-22,2.0778015753731647,2.0778015753731647,0.0,-0.029260597670004884
10y,Long CSI300 / Short CSI1000,2022-03-23,2.0778015753731647,2.0778015753731647,0.0,-0.029260597670004884
10y,Long CSI300 / Short CSI1000,2022-03-24,2.0778015753731647,2.0778015753731647,0.0,-0.029260597670004884
10y,Long CSI300 / Short CSI1000,2022-03-25,2.0778015753731647,2.0778015753731647,0.0,-0.029260597670004884
10y,Long CSI300 / Short CSI1000,2022-03-28,2.0778015753731647,2.0778015753731647,0.0,-0.029260597670004884
10y,Long CSI300 / Short CSI1000,2022-03-29,2.0778015753731647,2.0778015753731647,0.0,-0.029260597670004884
10y,Long CSI300 / Short CSI1000,2022-03-30,2.0778015753731647,2.0778015753731647,0.0,-0.029260597670004884
10y,Long CSI300 / Short CSI1000,2022-03-31,2.0778015753731647,2.0778015753731647,0.0,-0.029260597670004884
10y,Long CSI300 / Short CSI1000,2022-04-01,2.0903762011839806,2.0903762011839806,0.006051889631741,-0.023385789945921553
10y,Long CSI300 / Short CSI1000,2022-04-06,2.0886469031694923,2.0886469031694923,-0.0008272664095145,-0.024193710076953923
10y,Long CSI300 / Short CSI1000,2022-04-07,2.0971387421946406,2.0971387421946406,0.004065713075897,-0.020226361684471117
10y,Long CSI300 / Short CSI1000,2022-04-08,2.110279014466129,2.110279014466129,0.0062658096992367,-0.014087286518457254
10y,Long CSI300 / Short CSI1000,2022-04-11,2.117631255563853,2.117631255563853,0.0034840137476246,-0.010652353070729426
10y,Long CSI300 / Short CSI1000,2022-04-12,2.1237335936551247,2.1237335936551247,0.0028816811591909,-0.007801368596683789
10y,Long CSI300 / Short CSI1000,2022-04-13,2.134953771356377,2.134953771356377,0.0052832321976604,-0.0025593528407790167
10y,Long CSI300 / Short CSI1000,2022-04-14,2.1358348376247287,2.1358348376247287,0.0004126863448626,-0.0021477227058853687
10y,Long CSI300 / Short CSI1000,2022-04-15,2.1495099445022263,2.1495099445022263,0.0064026986715441,0.0
10y,Long CSI300 / Short CSI1000,2022-04-18,2.120276234799564,2.120276234799564,-0.0136001742059547,-0.01360017420595483
10y,Long CSI300 / Short CSI1000,2022-04-19,2.10845919599237,2.10845919599237,-0.005573348704873,-0.019097724397531213
10y,Long CSI300 / Short CSI1000,2022-04-20,2.110681465243032,2.110681465243032,0.0010539778312452,-0.018063875144427866
10y,Long CSI300 / Short CSI1000,2022-04-21,2.135042247223258,2.135042247223258,0.0115416666993009,-0.006730695671342213
10y,Long CSI300 / Short CSI1000,2022-04-22,2.1764178877126024,2.1764178877126024,0.0193793076193949,0.0
10y,Long CSI300 / Short CSI1000,2022-04-25,2.2441448067808185,2.2441448067808185,0.0311185271222873,0.0
10y,Long CSI300 / Short CSI1000,2022-04-26,2.243022734377428,2.243022734377428,-0.0005,-0.000500000000000056
10y,Long CSI300 / Short CSI1000,2022-04-27,2.243022734377428,2.243022734377428,-0.0,-0.000500000000000056
10y,Long CSI300 / Short CSI1000,2022-04-28,2.243022734377428,2.243022734377428,0.0,-0.000500000000000056
10y,Long CSI300 / Short CSI1000,2022-04-29,2.243022734377428,2.243022734377428,-0.0,-0.000500000000000056
10y,Long CSI300 / Short CSI1000,2022-05-05,2.243022734377428,2.243022734377428,-0.0,-0.000500000000000056
10y,Long CSI300 / Short CSI1000,2022-05-06,2.243022734377428,2.243022734377428,-0.0,-0.000500000000000056
10y,Long CSI300 / Short CSI1000,2022-05-09,2.243022734377428,2.243022734377428,-0.0,-0.000500000000000056
10y,Long CSI300 / Short CSI1000,2022-05-10,2.243022734377428,2.243022734377428,-0.0,-0.000500000000000056
10y,Long CSI300 / Short CSI1000,2022-05-11,2.243022734377428,2.243022734377428,0.0,-0.000500000000000056
10y,Long CSI300 / Short CSI1000,2022-05-12,2.243022734377428,2.243022734377428,-0.0,-0.000500000000000056
10y,Long CSI300 / Short CSI1000,2022-05-13,2.243022734377428,2.243022734377428,0.0,-0.000500000000000056
10y,Long CSI300 / Short CSI1000,2022-05-16,2.243022734377428,2.243022734377428,0.0,-0.000500000000000056
10y,Long CSI300 / Short CSI1000,2022-05-17,2.243022734377428,2.243022734377428,0.0,-0.000500000000000056
10y,Long CSI300 / Short CSI1000,2022-05-18,2.243022734377428,2.243022734377428,0.0,-0.000500000000000056
10y,Long CSI300 / Short CSI1000,2022-05-19,2.243022734377428,2.243022734377428,0.0,-0.000500000000000056
10y,Long CSI300 / Short CSI1000,2022-05-20,2.243022734377428,2.243022734377428,0.0,-0.000500000000000056
10y,Long CSI300 / Short CSI1000,2022-05-23,2.243022734377428,2.243022734377428,0.0,-0.000500000000000056
10y,Long CSI300 / Short CSI1000,2022-05-24,2.243022734377428,2.243022734377428,0.0,-0.000500000000000056
10y,Long CSI300 / Short CSI1000,2022-05-25,2.243022734377428,2.243022734377428,0.0,-0.000500000000000056
10y,Long CSI300 / Short CSI1000,2022-05-26,2.243022734377428,2.243022734377428,0.0,-0.000500000000000056
10y,Long CSI300 / Short CSI1000,2022-05-27,2.243022734377428,2.243022734377428,0.0,-0.000500000000000056
10y,Long CSI300 / Short CSI1000,2022-05-30,2.243022734377428,2.243022734377428,0.0,-0.000500000000000056
10y,Long CSI300 / Short CSI1000,2022-05-31,2.243022734377428,2.243022734377428,0.0,-0.000500000000000056
10y,Long CSI300 / Short CSI1000,2022-06-01,2.243022734377428,2.243022734377428,0.0,-0.000500000000000056
10y,Long CSI300 / Short CSI1000,2022-06-02,2.243022734377428,2.243022734377428,0.0,-0.000500000000000056
10y,Long CSI300 / Short CSI1000,2022-06-06,2.243022734377428,2.243022734377428,0.0,-0.000500000000000056
10y,Long CSI300 / Short CSI1000,2022-06-07,2.243022734377428,2.243022734377428,0.0,-0.000500000000000056
10y,Long CSI300 / Short CSI1000,2022-06-08,2.243022734377428,2.243022734377428,0.0,-0.000500000000000056
10y,Long CSI300 / Short CSI1000,2022-06-09,2.243022734377428,2.243022734377428,0.0,-0.000500000000000056
10y,Long CSI300 / Short CSI1000,2022-06-10,2.243022734377428,2.243022734377428,0.0,-0.000500000000000056
10y,Long CSI300 / Short CSI1000,2022-06-13,2.243022734377428,2.243022734377428,0.0,-0.000500000000000056
10y,Long CSI300 / Short CSI1000,2022-06-14,2.243022734377428,2.243022734377428,0.0,-0.000500000000000056
10y,Long CSI300 / Short CSI1000,2022-06-15,2.243022734377428,2.243022734377428,0.0,-0.000500000000000056
10y,Long CSI300 / Short CSI1000,2022-06-16,2.243022734377428,2.243022734377428,0.0,-0.000500000000000056
10y,Long CSI300 / Short CSI1000,2022-06-17,2.243022734377428,2.243022734377428,0.0,-0.000500000000000056
10y,Long CSI300 / Short CSI1000,2022-06-20,2.243022734377428,2.243022734377428,0.0,-0.000500000000000056
10y,Long CSI300 / Short CSI1000,2022-06-21,2.243022734377428,2.243022734377428,0.0,-0.000500000000000056
10y,Long CSI300 / Short CSI1000,2022-06-22,2.243022734377428,2.243022734377428,0.0,-0.000500000000000056
10y,Long CSI300 / Short CSI1000,2022-06-23,2.243022734377428,2.243022734377428,0.0,-0.000500000000000056
10y,Long CSI300 / Short CSI1000,2022-06-24,2.243022734377428,2.243022734377428,0.0,-0.000500000000000056
10y,Long CSI300 / Short CSI1000,2022-06-27,2.243022734377428,2.243022734377428,0.0,-0.000500000000000056
10y,Long CSI300 / Short CSI1000,2022-06-28,2.243022734377428,2.243022734377428,0.0,-0.000500000000000056
10y,Long CSI300 / Short CSI1000,2022-06-29,2.243022734377428,2.243022734377428,0.0,-0.000500000000000056
10y,Long CSI300 / Short CSI1000,2022-06-30,2.243022734377428,2.243022734377428,0.0,-0.000500000000000056
10y,Long CSI300 / Short CSI1000,2022-07-01,2.243022734377428,2.243022734377428,0.0,-0.000500000000000056
10y,Long CSI300 / Short CSI1000,2022-07-04,2.243022734377428,2.243022734377428,0.0,-0.000500000000000056
10y,Long CSI300 / Short CSI1000,2022-07-05,2.243022734377428,2.243022734377428,0.0,-0.000500000000000056
10y,Long CSI300 / Short CSI1000,2022-07-06,2.243022734377428,2.243022734377428,0.0,-0.000500000000000056
10y,Long CSI300 / Short CSI1000,2022-07-07,2.243022734377428,2.243022734377428,0.0,-0.000500000000000056
10y,Long CSI300 / Short CSI1000,2022-07-08,2.243022734377428,2.243022734377428,0.0,-0.000500000000000056
10y,Long CSI300 / Short CSI1000,2022-07-11,2.243022734377428,2.243022734377428,0.0,-0.000500000000000056
10y,Long CSI300 / Short CSI1000,2022-07-12,2.243022734377428,2.243022734377428,0.0,-0.000500000000000056
10y,Long CSI300 / Short CSI1000,2022-07-13,2.243022734377428,2.243022734377428,0.0,-0.000500000000000056
10y,Long CSI300 / Short CSI1000,2022-07-14,2.243022734377428,2.243022734377428,0.0,-0.000500000000000056
10y,Long CSI300 / Short CSI1000,2022-07-15,2.243022734377428,2.243022734377428,0.0,-0.000500000000000056
10y,Long CSI300 / Short CSI1000,2022-07-18,2.243022734377428,2.243022734377428,0.0,-0.000500000000000056
10y,Long CSI300 / Short CSI1000,2022-07-19,2.243022734377428,2.243022734377428,0.0,-0.000500000000000056
10y,Long CSI300 / Short CSI1000,2022-07-20,2.243022734377428,2.243022734377428,0.0,-0.000500000000000056
10y,Long CSI300 / Short CSI1000,2022-07-21,2.243022734377428,2.243022734377428,0.0,-0.000500000000000056
10y,Long CSI300 / Short CSI1000,2022-07-22,2.243022734377428,2.243022734377428,0.0,-0.000500000000000056
10y,Long CSI300 / Short CSI1000,2022-07-25,2.243022734377428,2.243022734377428,0.0,-0.000500000000000056
10y,Long CSI300 / Short CSI1000,2022-07-26,2.243022734377428,2.243022734377428,0.0,-0.000500000000000056
10y,Long CSI300 / Short CSI1000,2022-07-27,2.243022734377428,2.243022734377428,0.0,-0.000500000000000056
10y,Long CSI300 / Short CSI1000,2022-07-28,2.243022734377428,2.243022734377428,0.0,-0.000500000000000056
10y,Long CSI300 / Short CSI1000,2022-07-29,2.243022734377428,2.243022734377428,0.0,-0.000500000000000056
10y,Long CSI300 / Short CSI1000,2022-08-01,2.243022734377428,2.243022734377428,0.0,-0.000500000000000056
10y,Long CSI300 / Short CSI1000,2022-08-02,2.243022734377428,2.243022734377428,0.0,-0.000500000000000056
10y,Long CSI300 / Short CSI1000,2022-08-03,2.243022734377428,2.243022734377428,0.0,-0.000500000000000056
10y,Long CSI300 / Short CSI1000,2022-08-04,2.243022734377428,2.243022734377428,0.0,-0.000500000000000056
10y,Long CSI300 / Short CSI1000,2022-08-05,2.243022734377428,2.243022734377428,0.0,-0.000500000000000056
10y,Long CSI300 / Short CSI1000,2022-08-08,2.243022734377428,2.243022734377428,0.0,-0.000500000000000056
10y,Long CSI300 / Short CSI1000,2022-08-09,2.243022734377428,2.243022734377428,0.0,-0.000500000000000056
10y,Long CSI300 / Short CSI1000,2022-08-10,2.243022734377428,2.243022734377428,0.0,-0.000500000000000056
10y,Long CSI300 / Short CSI1000,2022-08-11,2.243022734377428,2.243022734377428,0.0,-0.000500000000000056
10y,Long CSI300 / Short CSI1000,2022-08-12,2.243022734377428,2.243022734377428,0.0,-0.000500000000000056
10y,Long CSI300 / Short CSI1000,2022-08-15,2.243022734377428,2.243022734377428,0.0,-0.000500000000000056
10y,Long CSI300 / Short CSI1000,2022-08-16,2.243022734377428,2.243022734377428,0.0,-0.000500000000000056
10y,Long CSI300 / Short CSI1000,2022-08-17,2.243022734377428,2.243022734377428,0.0,-0.000500000000000056
10y,Long CSI300 / Short CSI1000,2022-08-18,2.243022734377428,2.243022734377428,0.0,-0.000500000000000056
10y,Long CSI300 / Short CSI1000,2022-08-19,2.243022734377428,2.243022734377428,0.0,-0.000500000000000056
10y,Long CSI300 / Short CSI1000,2022-08-22,2.243022734377428,2.243022734377428,0.0,-0.000500000000000056
10y,Long CSI300 / Short CSI1000,2022-08-23,2.243022734377428,2.243022734377428,0.0,-0.000500000000000056
10y,Long CSI300 / Short CSI1000,2022-08-24,2.243022734377428,2.243022734377428,0.0,-0.000500000000000056
10y,Long CSI300 / Short CSI1000,2022-08-25,2.2679303403928848,2.2679303403928848,0.0111044821943679,0.0
10y,Long CSI300 / Short CSI1000,2022-08-26,2.2667963752226883,2.2667963752226883,-0.0005,-0.000500000000000056
10y,Long CSI300 / Short CSI1000,2022-08-29,2.2667963752226883,2.2667963752226883,-0.0,-0.000500000000000056
10y,Long CSI300 / Short CSI1000,2022-08-30,2.2667963752226883,2.2667963752226883,0.0,-0.000500000000000056
10y,Long CSI300 / Short CSI1000,2022-08-31,2.2667963752226883,2.2667963752226883,0.0,-0.000500000000000056
10y,Long CSI300 / Short CSI1000,2022-09-01,2.2667963752226883,2.2667963752226883,-0.0,-0.000500000000000056
10y,Long CSI300 / Short CSI1000,2022-09-02,2.2667963752226883,2.2667963752226883,-0.0,-0.000500000000000056
10y,Long CSI300 / Short CSI1000,2022-09-05,2.2667963752226883,2.2667963752226883,-0.0,-0.000500000000000056
10y,Long CSI300 / Short CSI1000,2022-09-06,2.2667963752226883,2.2667963752226883,-0.0,-0.000500000000000056
10y,Long CSI300 / Short CSI1000,2022-09-07,2.2667963752226883,2.2667963752226883,-0.0,-0.000500000000000056
10y,Long CSI300 / Short CSI1000,2022-09-08,2.2667963752226883,2.2667963752226883,0.0,-0.000500000000000056
10y,Long CSI300 / Short CSI1000,2022-09-09,2.2667963752226883,2.2667963752226883,0.0,-0.000500000000000056
10y,Long CSI300 / Short CSI1000,2022-09-13,2.2667963752226883,2.2667963752226883,0.0,-0.000500000000000056
10y,Long CSI300 / Short CSI1000,2022-09-14,2.2667963752226883,2.2667963752226883,-0.0,-0.000500000000000056
10y,Long CSI300 / Short CSI1000,2022-09-15,2.2667963752226883,2.2667963752226883,0.0,-0.000500000000000056
10y,Long CSI300 / Short CSI1000,2022-09-16,2.2667963752226883,2.2667963752226883,-0.0,-0.000500000000000056
10y,Long CSI300 / Short CSI1000,2022-09-19,2.2667963752226883,2.2667963752226883,0.0,-0.000500000000000056
10y,Long CSI300 / Short CSI1000,2022-09-20,2.2667963752226883,2.2667963752226883,-0.0,-0.000500000000000056
10y,Long CSI300 / Short CSI1000,2022-09-21,2.2667963752226883,2.2667963752226883,-0.0,-0.000500000000000056
10y,Long CSI300 / Short CSI1000,2022-09-22,2.2667963752226883,2.2667963752226883,-0.0,-0.000500000000000056
10y,Long CSI300 / Short CSI1000,2022-09-23,2.2667963752226883,2.2667963752226883,0.0,-0.000500000000000056
10y,Long CSI300 / Short CSI1000,2022-09-26,2.2667963752226883,2.2667963752226883,0.0,-0.000500000000000056
10y,Long CSI300 / Short CSI1000,2022-09-27,2.2667963752226883,2.2667963752226883,-0.0,-0.000500000000000056
10y,Long CSI300 / Short CSI1000,2022-09-28,2.2667963752226883,2.2667963752226883,0.0,-0.000500000000000056
10y,Long CSI300 / Short CSI1000,2022-09-29,2.2667963752226883,2.2667963752226883,-0.0,-0.000500000000000056
10y,Long CSI300 / Short CSI1000,2022-09-30,2.2667963752226883,2.2667963752226883,0.0,-0.000500000000000056
10y,Long CSI300 / Short CSI1000,2022-10-10,2.2667963752226883,2.2667963752226883,0.0,-0.000500000000000056
10y,Long CSI300 / Short CSI1000,2022-10-11,2.2667963752226883,2.2667963752226883,-0.0,-0.000500000000000056
10y,Long CSI300 / Short CSI1000,2022-10-12,2.2667963752226883,2.2667963752226883,-0.0,-0.000500000000000056
10y,Long CSI300 / Short CSI1000,2022-10-13,2.2667963752226883,2.2667963752226883,-0.0,-0.000500000000000056
10y,Long CSI300 / Short CSI1000,2022-10-14,2.2667963752226883,2.2667963752226883,-0.0,-0.000500000000000056
10y,Long CSI300 / Short CSI1000,2022-10-17,2.2667963752226883,2.2667963752226883,-0.0,-0.000500000000000056
10y,Long CSI300 / Short CSI1000,2022-10-18,2.2667963752226883,2.2667963752226883,-0.0,-0.000500000000000056
10y,Long CSI300 / Short CSI1000,2022-10-19,2.2667963752226883,2.2667963752226883,0.0,-0.000500000000000056
10y,Long CSI300 / Short CSI1000,2022-10-20,2.2667963752226883,2.2667963752226883,0.0,-0.000500000000000056
10y,Long CSI300 / Short CSI1000,2022-10-21,2.2667963752226883,2.2667963752226883,0.0,-0.000500000000000056
10y,Long CSI300 / Short CSI1000,2022-10-24,2.2667963752226883,2.2667963752226883,0.0,-0.000500000000000056
10y,Long CSI300 / Short CSI1000,2022-10-25,2.2667963752226883,2.2667963752226883,0.0,-0.000500000000000056
10y,Long CSI300 / Short CSI1000,2022-10-26,2.2667963752226883,2.2667963752226883,0.0,-0.000500000000000056
10y,Long CSI300 / Short CSI1000,2022-10-27,2.2667963752226883,2.2667963752226883,0.0,-0.000500000000000056
10y,Long CSI300 / Short CSI1000,2022-10-28,2.2667963752226883,2.2667963752226883,0.0,-0.000500000000000056
10y,Long CSI300 / Short CSI1000,2022-10-31,2.2667963752226883,2.2667963752226883,0.0,-0.000500000000000056
10y,Long CSI300 / Short CSI1000,2022-11-01,2.2667963752226883,2.2667963752226883,0.0,-0.000500000000000056
10y,Long CSI300 / Short CSI1000,2022-11-02,2.2667963752226883,2.2667963752226883,0.0,-0.000500000000000056
10y,Long CSI300 / Short CSI1000,2022-11-03,2.2667963752226883,2.2667963752226883,0.0,-0.000500000000000056
10y,Long CSI300 / Short CSI1000,2022-11-04,2.2667963752226883,2.2667963752226883,0.0,-0.000500000000000056
10y,Long CSI300 / Short CSI1000,2022-11-07,2.2667963752226883,2.2667963752226883,0.0,-0.000500000000000056
10y,Long CSI300 / Short CSI1000,2022-11-08,2.2667963752226883,2.2667963752226883,0.0,-0.000500000000000056
10y,Long CSI300 / Short CSI1000,2022-11-09,2.2667963752226883,2.2667963752226883,0.0,-0.000500000000000056
10y,Long CSI300 / Short CSI1000,2022-11-10,2.2667963752226883,2.2667963752226883,0.0,-0.000500000000000056
10y,Long CSI300 / Short CSI1000,2022-11-11,2.2667963752226883,2.2667963752226883,0.0,-0.000500000000000056
10y,Long CSI300 / Short CSI1000,2022-11-14,2.2667963752226883,2.2667963752226883,0.0,-0.000500000000000056
10y,Long CSI300 / Short CSI1000,2022-11-15,2.2667963752226883,2.2667963752226883,0.0,-0.000500000000000056
10y,Long CSI300 / Short CSI1000,2022-11-16,2.2667963752226883,2.2667963752226883,0.0,-0.000500000000000056
10y,Long CSI300 / Short CSI1000,2022-11-17,2.2667963752226883,2.2667963752226883,-0.0,-0.000500000000000056
10y,Long CSI300 / Short CSI1000,2022-11-18,2.2667963752226883,2.2667963752226883,0.0,-0.000500000000000056
10y,Long CSI300 / Short CSI1000,2022-11-21,2.2667963752226883,2.2667963752226883,-0.0,-0.000500000000000056
10y,Long CSI300 / Short CSI1000,2022-11-22,2.2667963752226883,2.2667963752226883,0.0,-0.000500000000000056
10y,Long CSI300 / Short CSI1000,2022-11-23,2.2667963752226883,2.2667963752226883,0.0,-0.000500000000000056
10y,Long CSI300 / Short CSI1000,2022-11-24,2.2667963752226883,2.2667963752226883,-0.0,-0.000500000000000056
10y,Long CSI300 / Short CSI1000,2022-11-25,2.2667963752226883,2.2667963752226883,0.0,-0.000500000000000056
10y,Long CSI300 / Short CSI1000,2022-11-28,2.2667963752226883,2.2667963752226883,-0.0,-0.000500000000000056
10y,Long CSI300 / Short CSI1000,2022-11-29,2.2667963752226883,2.2667963752226883,0.0,-0.000500000000000056
10y,Long CSI300 / Short CSI1000,2022-11-30,2.2667963752226883,2.2667963752226883,0.0,-0.000500000000000056
10y,Long CSI300 / Short CSI1000,2022-12-01,2.2667963752226883,2.2667963752226883,0.0,-0.000500000000000056
10y,Long CSI300 / Short CSI1000,2022-12-02,2.2667963752226883,2.2667963752226883,-0.0,-0.000500000000000056
10y,Long CSI300 / Short CSI1000,2022-12-05,2.2667963752226883,2.2667963752226883,0.0,-0.000500000000000056
10y,Long CSI300 / Short CSI1000,2022-12-06,2.2667963752226883,2.2667963752226883,0.0,-0.000500000000000056
10y,Long CSI300 / Short CSI1000,2022-12-07,2.2667963752226883,2.2667963752226883,-0.0,-0.000500000000000056
10y,Long CSI300 / Short CSI1000,2022-12-08,2.2667963752226883,2.2667963752226883,0.0,-0.000500000000000056
10y,Long CSI300 / Short CSI1000,2022-12-09,2.2667963752226883,2.2667963752226883,0.0,-0.000500000000000056
10y,Long CSI300 / Short CSI1000,2022-12-12,2.2667963752226883,2.2667963752226883,-0.0,-0.000500000000000056
10y,Long CSI300 / Short CSI1000,2022-12-13,2.2667963752226883,2.2667963752226883,0.0,-0.000500000000000056
10y,Long CSI300 / Short CSI1000,2022-12-14,2.2667963752226883,2.2667963752226883,0.0,-0.000500000000000056
10y,Long CSI300 / Short CSI1000,2022-12-15,2.2667963752226883,2.2667963752226883,-0.0,-0.000500000000000056
10y,Long CSI300 / Short CSI1000,2022-12-16,2.2667963752226883,2.2667963752226883,0.0,-0.000500000000000056
10y,Long CSI300 / Short CSI1000,2022-12-19,2.27551255102946,2.27551255102946,0.0038451516431046,0.0
10y,Long CSI300 / Short CSI1000,2022-12-20,2.25360374900245,2.25360374900245,-0.0096280734716658,-0.009628073471666054
10y,Long CSI300 / Short CSI1000,2022-12-21,2.2750318376481222,2.2750318376481222,0.0095083657254109,-0.000211254990054921
10y,Long CSI300 / Short CSI1000,2022-12-22,2.3189736367785687,2.3189736367785687,0.0193148062384361,0.0
10y,Long CSI300 / Short CSI1000,2022-12-23,2.317727418916598,2.317727418916598,-0.000537400616465,-0.0005374006164649003
10y,Long CSI300 / Short CSI1000,2022-12-26,2.317727418916598,2.317727418916598,-0.0,-0.0005374006164649003
10y,Long CSI300 / Short CSI1000,2022-12-27,2.317727418916598,2.317727418916598,0.0,-0.0005374006164649003
10y,Long CSI300 / Short CSI1000,2022-12-28,2.3286148914708056,2.3286148914708056,0.0046974775658894,0.0
10y,Long CSI300 / Short CSI1000,2022-12-29,2.321759579633683,2.321759579633683,-0.0029439439995991,-0.0029439439995990746
10y,Long CSI300 / Short CSI1000,2022-12-30,2.3235232781776727,2.3235232781776727,0.0007596387496194,-0.002186541583918511
10y,Long CSI300 / Short CSI1000,2023-01-03,2.2757661734923103,2.2757661734923103,-0.0205537448812728,-0.022695344847303178
10y,Long CSI300 / Short CSI1000,2023-01-04,2.2795960658171097,2.2795960658171097,0.0016829023866374,-0.021050636510674625
10y,Long CSI300 / Short CSI1000,2023-01-05,2.3018486576320965,2.3018486576320965,0.009761638102762,-0.011494487103362538
10y,Long CSI300 / Short CSI1000,2023-01-06,2.3037551992625427,2.3037551992625427,0.0008282654135947,-0.010675742175882519
10y,Long CSI300 / Short CSI1000,2023-01-09,2.310047197858508,2.310047197858508,0.00273119235845,-0.007973707322883938
10y,Long CSI300 / Short CSI1000,2023-01-10,2.311013490715181,2.311013490715181,0.0004183000492668,-0.007558742675783159
10y,Long CSI300 / Short CSI1000,2023-01-11,2.326828768255244,2.326828768255244,0.0068434379996495,-0.0007670324629905911
10y,Long CSI300 / Short CSI1000,2023-01-12,2.3307187082858607,2.3307187082858607,0.0016717775212713,0.0
10y,Long CSI300 / Short CSI1000,2023-01-13,2.355449962380284,2.355449962380284,0.0106109990907533,0.0
10y,Long CSI300 / Short CSI1000,2023-01-16,2.366078155736339,2.366078155736339,0.0045121711459812,0.0
10y,Long CSI300 / Short CSI1000,2023-01-17,2.363252033464984,2.363252033464984,-0.0011944331866229,-0.001194433186622934
10y,Long CSI300 / Short CSI1000,2023-01-18,2.352519419499398,2.352519419499398,-0.0045414597400556,-0.005730468456449311
10y,Long CSI300 / Short CSI1000,2023-01-19,2.3434533295686184,2.3434533295686184,-0.0038537789977983,-0.009562163495262621
10y,Long CSI300 / Short CSI1000,2023-01-20,2.335295509058947,2.335295509058947,-0.0034811107209773,-0.013009987266380918
10y,Long CSI300 / Short CSI1000,2023-01-30,2.326773949948947,2.326773949948947,-0.003649028175211,-0.016611541631497917
10y,Long CSI300 / Short CSI1000,2023-01-31,2.2844518010282453,2.2844518010282453,-0.018189196643546,-0.034498587677756154
10y,Long CSI300 / Short CSI1000,2023-02-01,2.2828927114449256,2.2828927114449256,-0.0006824786509472,-0.035157521779125456
10y,Long CSI300 / Short CSI1000,2023-02-02,2.2828927114449256,2.2828927114449256,0.0,-0.035157521779125456
10y,Long CSI300 / Short CSI1000,2023-02-03,2.2828927114449256,2.2828927114449256,0.0,-0.035157521779125456
10y,Long CSI300 / Short CSI1000,2023-02-06,2.2828927114449256,2.2828927114449256,0.0,-0.035157521779125456
10y,Long CSI300 / Short CSI1000,2023-02-07,2.2828927114449256,2.2828927114449256,0.0,-0.035157521779125456
10y,Long CSI300 / Short CSI1000,2023-02-08,2.2828927114449256,2.2828927114449256,0.0,-0.035157521779125456
10y,Long CSI300 / Short CSI1000,2023-02-09,2.2828927114449256,2.2828927114449256,0.0,-0.035157521779125456
10y,Long CSI300 / Short CSI1000,2023-02-10,2.2828927114449256,2.2828927114449256,0.0,-0.035157521779125456
10y,Long CSI300 / Short CSI1000,2023-02-13,2.2828927114449256,2.2828927114449256,0.0,-0.035157521779125456
10y,Long CSI300 / Short CSI1000,2023-02-14,2.2828927114449256,2.2828927114449256,0.0,-0.035157521779125456
10y,Long CSI300 / Short CSI1000,2023-02-15,2.2828927114449256,2.2828927114449256,0.0,-0.035157521779125456
10y,Long CSI300 / Short CSI1000,2023-02-16,2.2828927114449256,2.2828927114449256,0.0,-0.035157521779125456
10y,Long CSI300 / Short CSI1000,2023-02-17,2.2828927114449256,2.2828927114449256,0.0,-0.035157521779125456
10y,Long CSI300 / Short CSI1000,2023-02-20,2.2828927114449256,2.2828927114449256,0.0,-0.035157521779125456
10y,Long CSI300 / Short CSI1000,2023-02-21,2.2828927114449256,2.2828927114449256,0.0,-0.035157521779125456
10y,Long CSI300 / Short CSI1000,2023-02-22,2.2828927114449256,2.2828927114449256,0.0,-0.035157521779125456
10y,Long CSI300 / Short CSI1000,2023-02-23,2.2828927114449256,2.2828927114449256,0.0,-0.035157521779125456
10y,Long CSI300 / Short CSI1000,2023-02-24,2.2828927114449256,2.2828927114449256,0.0,-0.035157521779125456
10y,Long CSI300 / Short CSI1000,2023-02-27,2.2828927114449256,2.2828927114449256,0.0,-0.035157521779125456
10y,Long CSI300 / Short CSI1000,2023-02-28,2.2828927114449256,2.2828927114449256,0.0,-0.035157521779125456
10y,Long CSI300 / Short CSI1000,2023-03-01,2.2828927114449256,2.2828927114449256,0.0,-0.035157521779125456
10y,Long CSI300 / Short CSI1000,2023-03-02,2.2828927114449256,2.2828927114449256,0.0,-0.035157521779125456
10y,Long CSI300 / Short CSI1000,2023-03-03,2.2828927114449256,2.2828927114449256,0.0,-0.035157521779125456
10y,Long CSI300 / Short CSI1000,2023-03-06,2.2828927114449256,2.2828927114449256,0.0,-0.035157521779125456
10y,Long CSI300 / Short CSI1000,2023-03-07,2.2828927114449256,2.2828927114449256,0.0,-0.035157521779125456
10y,Long CSI300 / Short CSI1000,2023-03-08,2.2828927114449256,2.2828927114449256,0.0,-0.035157521779125456
10y,Long CSI300 / Short CSI1000,2023-03-09,2.2828927114449256,2.2828927114449256,0.0,-0.035157521779125456
10y,Long CSI300 / Short CSI1000,2023-03-10,2.2828927114449256,2.2828927114449256,0.0,-0.035157521779125456
10y,Long CSI300 / Short CSI1000,2023-03-13,2.2828927114449256,2.2828927114449256,0.0,-0.035157521779125456
10y,Long CSI300 / Short CSI1000,2023-03-14,2.2828927114449256,2.2828927114449256,0.0,-0.035157521779125456
10y,Long CSI300 / Short CSI1000,2023-03-15,2.2828927114449256,2.2828927114449256,0.0,-0.035157521779125456
10y,Long CSI300 / Short CSI1000,2023-03-16,2.2828927114449256,2.2828927114449256,0.0,-0.035157521779125456
10y,Long CSI300 / Short CSI1000,2023-03-17,2.2828927114449256,2.2828927114449256,0.0,-0.035157521779125456
10y,Long CSI300 / Short CSI1000,2023-03-20,2.2828927114449256,2.2828927114449256,0.0,-0.035157521779125456
10y,Long CSI300 / Short CSI1000,2023-03-21,2.2828927114449256,2.2828927114449256,0.0,-0.035157521779125456
10y,Long CSI300 / Short CSI1000,2023-03-22,2.2828927114449256,2.2828927114449256,0.0,-0.035157521779125456
10y,Long CSI300 / Short CSI1000,2023-03-23,2.2828927114449256,2.2828927114449256,0.0,-0.035157521779125456
10y,Long CSI300 / Short CSI1000,2023-03-24,2.2828927114449256,2.2828927114449256,0.0,-0.035157521779125456
10y,Long CSI300 / Short CSI1000,2023-03-27,2.2828927114449256,2.2828927114449256,0.0,-0.035157521779125456
10y,Long CSI300 / Short CSI1000,2023-03-28,2.2828927114449256,2.2828927114449256,0.0,-0.035157521779125456
10y,Long CSI300 / Short CSI1000,2023-03-29,2.2828927114449256,2.2828927114449256,0.0,-0.035157521779125456
10y,Long CSI300 / Short CSI1000,2023-03-30,2.2828927114449256,2.2828927114449256,0.0,-0.035157521779125456
10y,Long CSI300 / Short CSI1000,2023-03-31,2.2660598832261183,2.2660598832261183,-0.0073734644358969,-0.04227175347852963
10y,Long CSI300 / Short CSI1000,2023-04-03,2.259839645076009,2.259839645076009,-0.0027449575345085,-0.044900676844830456
10y,Long CSI300 / Short CSI1000,2023-04-04,2.269648180208406,2.269648180208406,0.0043403677574063,-0.04075519453748688
10y,Long CSI300 / Short CSI1000,2023-04-06,2.25644573389693,2.25644573389693,-0.005816957194777,-0.04633508051017454
10y,Long CSI300 / Short CSI1000,2023-04-07,2.2518151445540826,2.2518151445540826,-0.0020521607381404,-0.048292154215293426
10y,Long CSI300 / Short CSI1000,2023-04-10,2.265636490854299,2.265636490854299,0.006137868969237,-0.04245069616087194
10y,Long CSI300 / Short CSI1000,2023-04-11,2.2580174102266235,2.2580174102266235,-0.003362887496927,-0.045670826742443826
10y,Long CSI300 / Short CSI1000,2023-04-12,2.2445916478185084,2.2445916478185084,-0.0059458188175651,-0.05134509509894991
10y,Long CSI300 / Short CSI1000,2023-04-13,2.246424343669831,2.246424343669831,0.0008164941062236,-0.050570523960258074
10y,Long CSI300 / Short CSI1000,2023-04-14,2.241988626045908,2.241988626045908,-0.0019745680002187,-0.05244523702211068
10y,Long CSI300 / Short CSI1000,2023-04-17,2.2758029722813578,2.2758029722813578,0.015082300526692,-0.038153931321379786
10y,Long CSI300 / Short CSI1000,2023-04-18,2.287862319762437,2.287862319762437,0.0052989417923956,-0.03305716499020739
10y,Long CSI300 / Short CSI1000,2023-04-19,2.2775152772157083,2.2775152772157083,-0.0045225809513762,-0.037430242236892286
10y,Long CSI300 / Short CSI1000,2023-04-20,2.271689996064157,2.271689996064157,-0.002557735269584,-0.039892240855758154
10y,Long CSI300 / Short CSI1000,2023-04-21,2.289857732969026,2.289857732969026,0.0079974542901299,-0.03221382293840269
10y,Long CSI300 / Short CSI1000,2023-04-24,2.277730843349723,2.277730843349723,-0.0052959139970584,-0.03733913529966282
10y,Long CSI300 / Short CSI1000,2023-04-25,2.3081884611066865,2.3081884611066865,0.0133719125970876,-0.02446651835625302
10y,Long CSI300 / Short CSI1000,2023-04-26,2.298821318570328,2.298821318570328,-0.004058222581993,-0.028425450360949678
10y,Long CSI300 / Short CSI1000,2023-04-27,2.312593575603979,2.312593575603979,0.0059910080537344,-0.022604739409259
10y,Long CSI300 / Short CSI1000,2023-04-28,2.304966074637505,2.304966074637505,-0.0032982453323998,-0.025828428765412248
10y,Long CSI300 / Short CSI1000,2023-05-04,2.300270548836396,2.300270548836396,-0.0020371344519016,-0.027812947235237417
10y,Long CSI300 / Short CSI1000,2023-05-05,2.3295029346192315,2.3295029346192315,0.0127082380799175,-0.015458162710489498
10y,Long CSI300 / Short CSI1000,2023-05-08,2.342788959627993,2.342788959627993,0.0057033733726262,-0.009842953011456212
10y,Long CSI300 / Short CSI1000,2023-05-09,2.359661756791737,2.359661756791737,0.007202013264747,-0.0027118288248619837
10y,Long CSI300 / Short CSI1000,2023-05-10,2.324930559907683,2.324930559907683,-0.0147187183858397,-0.017390632565918107
10y,Long CSI300 / Short CSI1000,2023-05-11,2.322187079440704,2.322187079440704,-0.0011800268422158,-0.018550137994903126
10y,Long CSI300 / Short CSI1000,2023-05-12,2.321579055943246,2.321579055943246,-0.0002618322627153,-0.01880711323301343
10y,Long CSI300 / Short CSI1000,2023-05-15,2.346723108730007,2.346723108730007,0.0108305821946457,-0.008180223024081945
10y,Long CSI300 / Short CSI1000,2023-05-16,2.3646704243736005,2.3646704243736005,0.0076478198799116,-0.0005949640164359948
10y,Long CSI300 / Short CSI1000,2023-05-17,2.330318517286523,2.330318517286523,-0.0145271437122901,-0.01511346460095575
10y,Long CSI300 / Short CSI1000,2023-05-18,2.313952213315153,2.313952213315153,-0.0070232047035473,-0.022030524348830682
10y,Long CSI300 / Short CSI1000,2023-05-19,2.295290984001453,2.295290984001453,-0.0080646563080768,-0.029917512049747352
10y,Long CSI300 / Short CSI1000,2023-05-22,2.318356306760638,2.318356306760638,0.0100489754545083,-0.020169176939486833
10y,Long CSI300 / Short CSI1000,2023-05-23,2.3057955856493715,2.3057955856493715,-0.0054179424770203,-0.025477843976040138
10y,Long CSI300 / Short CSI1000,2023-05-24,2.3042147983532413,2.3042147983532413,-0.000685571308215,-0.026145948405430164
10y,Long CSI300 / Short CSI1000,2023-05-25,2.3042147983532413,2.3042147983532413,0.0,-0.026145948405430164
10y,Long CSI300 / Short CSI1000,2023-05-26,2.3042147983532413,2.3042147983532413,0.0,-0.026145948405430164
10y,Long CSI300 / Short CSI1000,2023-05-29,2.3042147983532413,2.3042147983532413,0.0,-0.026145948405430164
10y,Long CSI300 / Short CSI1000,2023-05-30,2.3042147983532413,2.3042147983532413,0.0,-0.026145948405430164
10y,Long CSI300 / Short CSI1000,2023-05-31,2.3042147983532413,2.3042147983532413,0.0,-0.026145948405430164
10y,Long CSI300 / Short CSI1000,2023-06-01,2.3042147983532413,2.3042147983532413,0.0,-0.026145948405430164
10y,Long CSI300 / Short CSI1000,2023-06-02,2.3042147983532413,2.3042147983532413,0.0,-0.026145948405430164
10y,Long CSI300 / Short CSI1000,2023-06-05,2.3042147983532413,2.3042147983532413,0.0,-0.026145948405430164
10y,Long CSI300 / Short CSI1000,2023-06-06,2.3042147983532413,2.3042147983532413,0.0,-0.026145948405430164
10y,Long CSI300 / Short CSI1000,2023-06-07,2.3042147983532413,2.3042147983532413,0.0,-0.026145948405430164
10y,Long CSI300 / Short CSI1000,2023-06-08,2.3042147983532413,2.3042147983532413,0.0,-0.026145948405430164
10y,Long CSI300 / Short CSI1000,2023-06-09,2.3042147983532413,2.3042147983532413,0.0,-0.026145948405430164
10y,Long CSI300 / Short CSI1000,2023-06-12,2.3042147983532413,2.3042147983532413,0.0,-0.026145948405430164
10y,Long CSI300 / Short CSI1000,2023-06-13,2.3042147983532413,2.3042147983532413,0.0,-0.026145948405430164
10y,Long CSI300 / Short CSI1000,2023-06-14,2.3042147983532413,2.3042147983532413,0.0,-0.026145948405430164
10y,Long CSI300 / Short CSI1000,2023-06-15,2.3042147983532413,2.3042147983532413,0.0,-0.026145948405430164
10y,Long CSI300 / Short CSI1000,2023-06-16,2.3042147983532413,2.3042147983532413,0.0,-0.026145948405430164
10y,Long CSI300 / Short CSI1000,2023-06-19,2.3042147983532413,2.3042147983532413,0.0,-0.026145948405430164
10y,Long CSI300 / Short CSI1000,2023-06-20,2.2989411956093786,2.2989411956093786,-0.0022886767100149,-0.02837478549226824
10y,Long CSI300 / Short CSI1000,2023-06-21,2.3139702302908565,2.3139702302908565,0.0065373723826347,-0.022022909648673927
10y,Long CSI300 / Short CSI1000,2023-06-26,2.326709672448406,2.326709672448406,0.0055054477325529,-0.016638707894110594
10y,Long CSI300 / Short CSI1000,2023-06-27,2.317388987943209,2.317388987943209,-0.0040059508135319,-0.020578004862217947
10y,Long CSI300 / Short CSI1000,2023-06-28,2.3259514956615632,2.3259514956615632,0.0036948944535868,-0.01695914396466247
10y,Long CSI300 / Short CSI1000,2023-06-29,2.2986639224437,2.2986639224437,-0.0117317894499352,-0.028491972308353097
10y,Long CSI300 / Short CSI1000,2023-06-30,2.282355095380848,2.282355095380848,-0.0070949158350709,-0.03538473999792102
10y,Long CSI300 / Short CSI1000,2023-07-03,2.2812139178331576,2.2812139178331576,-0.0005,-0.03586704762792203
10y,Long CSI300 / Short CSI1000,2023-07-04,2.2812139178331576,2.2812139178331576,0.0,-0.03586704762792203
10y,Long CSI300 / Short CSI1000,2023-07-05,2.2812139178331576,2.2812139178331576,0.0,-0.03586704762792203
10y,Long CSI300 / Short CSI1000,2023-07-06,2.2812139178331576,2.2812139178331576,0.0,-0.03586704762792203
10y,Long CSI300 / Short CSI1000,2023-07-07,2.2812139178331576,2.2812139178331576,0.0,-0.03586704762792203
10y,Long CSI300 / Short CSI1000,2023-07-10,2.2812139178331576,2.2812139178331576,0.0,-0.03586704762792203
10y,Long CSI300 / Short CSI1000,2023-07-11,2.2812139178331576,2.2812139178331576,0.0,-0.03586704762792203
10y,Long CSI300 / Short CSI1000,2023-07-12,2.2812139178331576,2.2812139178331576,0.0,-0.03586704762792203
10y,Long CSI300 / Short CSI1000,2023-07-13,2.2812139178331576,2.2812139178331576,0.0,-0.03586704762792203
10y,Long CSI300 / Short CSI1000,2023-07-14,2.2812139178331576,2.2812139178331576,0.0,-0.03586704762792203
10y,Long CSI300 / Short CSI1000,2023-07-17,2.2812139178331576,2.2812139178331576,0.0,-0.03586704762792203
10y,Long CSI300 / Short CSI1000,2023-07-18,2.275134970698522,2.275134970698522,-0.0026647860979254,-0.03843625571595488
10y,Long CSI300 / Short CSI1000,2023-07-19,2.278922003031408,2.278922003031408,0.001664530843954,-0.03683570320516616
10y,Long CSI300 / Short CSI1000,2023-07-20,2.2923564413675708,2.2923564413675708,0.0058950847454595,-0.031157768051759627
10y,Long CSI300 / Short CSI1000,2023-07-21,2.2939146210272443,2.2939146210272443,0.0006797283492021,-0.030499218520800175
10y,Long CSI300 / Short CSI1000,2023-07-24,2.286620841625808,2.286620841625808,-0.003179621130873,-0.03358186369198923
10y,Long CSI300 / Short CSI1000,2023-07-25,2.3148334556569634,2.3148334556569634,0.0123381251135175,-0.021658075814248723
10y,Long CSI300 / Short CSI1000,2023-07-26,2.324715968484026,2.324715968484026,0.0042692111620004,-0.01748132755126197
10y,Long CSI300 / Short CSI1000,2023-07-27,2.339952023794344,2.339952023794344,0.0065539427254217,-0.011041956445375423
10y,Long CSI300 / Short CSI1000,2023-07-28,2.37273883695229,2.37273883695229,0.0140117458924569,0.0
10y,Long CSI300 / Short CSI1000,2023-07-31,2.3672679963388203,2.3672679963388203,-0.0023057070286323,-0.002305707028632309
10y,Long CSI300 / Short CSI1000,2023-08-01,2.360519035954845,2.360519035954845,-0.0028509490241126,-0.005150082599541861
10y,Long CSI300 / Short CSI1000,2023-08-02,2.348034348079537,2.348034348079537,-0.0052889587777706,-0.010411802802741454
10y,Long CSI300 / Short CSI1000,2023-08-03,2.367504117218401,2.367504117218401,0.0082919439210029,-0.0022061929666953306
10y,Long CSI300 / Short CSI1000,2023-08-04,2.363711793108327,2.363711793108327,-0.0016018236599858,-0.0038044826945885513
10y,Long CSI300 / Short CSI1000,2023-08-07,2.357127440992083,2.357127440992083,-0.0027855985384687,-0.006579483471623626
10y,Long CSI300 / Short CSI1000,2023-08-08,2.3628287863060287,2.3628287863060287,0.0024187683766245,-0.004176629341554827
10y,Long CSI300 / Short CSI1000,2023-08-09,2.3740827293589235,2.3740827293589235,0.0047629109303721,0.0
10y,Long CSI300 / Short CSI1000,2023-08-10,2.376800029826788,2.376800029826788,0.0011445685671611,0.0
10y,Long CSI300 / Short CSI1000,2023-08-11,2.367121693340762,2.367121693340762,-0.0040720028460833,-0.0040720028460834445
10y,Long CSI300 / Short CSI1000,2023-08-14,2.344353095295109,2.344353095295109,-0.0096186850510078,-0.013651520584187948
10y,Long CSI300 / Short CSI1000,2023-08-15,2.3675321670642924,2.3675321670642924,0.009887193109136,-0.0038993026953012544
10y,Long CSI300 / Short CSI1000,2023-08-16,2.384420847904521,2.384420847904521,0.0071334535915388,0.0
10y,Long CSI300 / Short CSI1000,2023-08-17,2.3612278707794507,2.3612278707794507,-0.0097268806995428,-0.009726880699542861
10y,Long CSI300 / Short CSI1000,2023-08-18,2.3916179814407483,2.3916179814407483,0.0128704692322919,0.0
10y,Long CSI300 / Short CSI1000,2023-08-21,2.3758045871706264,2.3758045871706264,-0.0066120067639714,-0.006612006763971445
10y,Long CSI300 / Short CSI1000,2023-08-22,2.374116630148036,2.374116630148036,-0.0007104780551841,-0.007317787133448994
10y,Long CSI300 / Short CSI1000,2023-08-23,2.374116630148036,2.374116630148036,0.0,-0.007317787133448994
10y,Long CSI300 / Short CSI1000,2023-08-24,2.374116630148036,2.374116630148036,0.0,-0.007317787133448994
10y,Long CSI300 / Short CSI1000,2023-08-25,2.374116630148036,2.374116630148036,0.0,-0.007317787133448994
10y,Long CSI300 / Short CSI1000,2023-08-28,2.383256593253756,2.383256593253756,0.0038498374467603,-0.0034961219776225017
10y,Long CSI300 / Short CSI1000,2023-08-29,2.3335391545423447,2.3335391545423447,-0.0208611354950808,-0.024284324398420876
10y,Long CSI300 / Short CSI1000,2023-08-30,2.320828579895539,2.320828579895539,-0.0054469086674907,-0.029598958568861744
10y,Long CSI300 / Short CSI1000,2023-08-31,2.3199412833960573,2.3199412833960573,-0.0003823188438679,-0.029969961173110016
10y,Long CSI300 / Short CSI1000,2023-09-01,2.3187813127543597,2.3187813127543597,-0.0005,-0.030454976192523242
10y,Long CSI300 / Short CSI1000,2023-09-04,2.3187813127543597,2.3187813127543597,0.0,-0.030454976192523242
10y,Long CSI300 / Short CSI1000,2023-09-05,2.3187813127543597,2.3187813127543597,0.0,-0.030454976192523242
10y,Long CSI300 / Short CSI1000,2023-09-06,2.3187813127543597,2.3187813127543597,0.0,-0.030454976192523242
10y,Long CSI300 / Short CSI1000,2023-09-07,2.3187813127543597,2.3187813127543597,0.0,-0.030454976192523242
10y,Long CSI300 / Short CSI1000,2023-09-08,2.3187813127543597,2.3187813127543597,0.0,-0.030454976192523242
10y,Long CSI300 / Short CSI1000,2023-09-11,2.3187813127543597,2.3187813127543597,0.0,-0.030454976192523242
10y,Long CSI300 / Short CSI1000,2023-09-12,2.3187813127543597,2.3187813127543597,0.0,-0.030454976192523242
10y,Long CSI300 / Short CSI1000,2023-09-13,2.3187813127543597,2.3187813127543597,0.0,-0.030454976192523242
10y,Long CSI300 / Short CSI1000,2023-09-14,2.3187813127543597,2.3187813127543597,0.0,-0.030454976192523242
10y,Long CSI300 / Short CSI1000,2023-09-15,2.3187813127543597,2.3187813127543597,0.0,-0.030454976192523242
10y,Long CSI300 / Short CSI1000,2023-09-18,2.3187813127543597,2.3187813127543597,0.0,-0.030454976192523242
10y,Long CSI300 / Short CSI1000,2023-09-19,2.3187813127543597,2.3187813127543597,0.0,-0.030454976192523242
10y,Long CSI300 / Short CSI1000,2023-09-20,2.3187813127543597,2.3187813127543597,0.0,-0.030454976192523242
10y,Long CSI300 / Short CSI1000,2023-09-21,2.3187813127543597,2.3187813127543597,0.0,-0.030454976192523242
10y,Long CSI300 / Short CSI1000,2023-09-22,2.3187813127543597,2.3187813127543597,0.0,-0.030454976192523242
10y,Long CSI300 / Short CSI1000,2023-09-25,2.3187813127543597,2.3187813127543597,0.0,-0.030454976192523242
10y,Long CSI300 / Short CSI1000,2023-09-26,2.3187813127543597,2.3187813127543597,0.0,-0.030454976192523242
10y,Long CSI300 / Short CSI1000,2023-09-27,2.3187813127543597,2.3187813127543597,0.0,-0.030454976192523242
10y,Long CSI300 / Short CSI1000,2023-09-28,2.3187813127543597,2.3187813127543597,0.0,-0.030454976192523242
10y,Long CSI300 / Short CSI1000,2023-10-09,2.3187813127543597,2.3187813127543597,0.0,-0.030454976192523242
10y,Long CSI300 / Short CSI1000,2023-10-10,2.3187813127543597,2.3187813127543597,0.0,-0.030454976192523242
10y,Long CSI300 / Short CSI1000,2023-10-11,2.3187813127543597,2.3187813127543597,0.0,-0.030454976192523242
10y,Long CSI300 / Short CSI1000,2023-10-12,2.3187813127543597,2.3187813127543597,0.0,-0.030454976192523242
10y,Long CSI300 / Short CSI1000,2023-10-13,2.3187813127543597,2.3187813127543597,0.0,-0.030454976192523242
10y,Long CSI300 / Short CSI1000,2023-10-16,2.3187813127543597,2.3187813127543597,0.0,-0.030454976192523242
10y,Long CSI300 / Short CSI1000,2023-10-17,2.3187813127543597,2.3187813127543597,0.0,-0.030454976192523242
10y,Long CSI300 / Short CSI1000,2023-10-18,2.3187813127543597,2.3187813127543597,0.0,-0.030454976192523242
10y,Long CSI300 / Short CSI1000,2023-10-19,2.3187813127543597,2.3187813127543597,0.0,-0.030454976192523242
10y,Long CSI300 / Short CSI1000,2023-10-20,2.3187813127543597,2.3187813127543597,0.0,-0.030454976192523242
10y,Long CSI300 / Short CSI1000,2023-10-23,2.3187813127543597,2.3187813127543597,0.0,-0.030454976192523242
10y,Long CSI300 / Short CSI1000,2023-10-24,2.3187813127543597,2.3187813127543597,0.0,-0.030454976192523242
10y,Long CSI300 / Short CSI1000,2023-10-25,2.3187813127543597,2.3187813127543597,0.0,-0.030454976192523242
10y,Long CSI300 / Short CSI1000,2023-10-26,2.3187813127543597,2.3187813127543597,0.0,-0.030454976192523242
10y,Long CSI300 / Short CSI1000,2023-10-27,2.3187813127543597,2.3187813127543597,0.0,-0.030454976192523242
10y,Long CSI300 / Short CSI1000,2023-10-30,2.3187813127543597,2.3187813127543597,0.0,-0.030454976192523242
10y,Long CSI300 / Short CSI1000,2023-10-31,2.3187813127543597,2.3187813127543597,0.0,-0.030454976192523242
10y,Long CSI300 / Short CSI1000,2023-11-01,2.3187813127543597,2.3187813127543597,0.0,-0.030454976192523242
10y,Long CSI300 / Short CSI1000,2023-11-02,2.3187813127543597,2.3187813127543597,0.0,-0.030454976192523242
10y,Long CSI300 / Short CSI1000,2023-11-03,2.3187813127543597,2.3187813127543597,0.0,-0.030454976192523242
10y,Long CSI300 / Short CSI1000,2023-11-06,2.3187813127543597,2.3187813127543597,0.0,-0.030454976192523242
10y,Long CSI300 / Short CSI1000,2023-11-07,2.3187813127543597,2.3187813127543597,0.0,-0.030454976192523242
10y,Long CSI300 / Short CSI1000,2023-11-08,2.3187813127543597,2.3187813127543597,0.0,-0.030454976192523242
10y,Long CSI300 / Short CSI1000,2023-11-09,2.3187813127543597,2.3187813127543597,0.0,-0.030454976192523242
10y,Long CSI300 / Short CSI1000,2023-11-10,2.3187813127543597,2.3187813127543597,0.0,-0.030454976192523242
10y,Long CSI300 / Short CSI1000,2023-11-13,2.3187813127543597,2.3187813127543597,0.0,-0.030454976192523242
10y,Long CSI300 / Short CSI1000,2023-11-14,2.3187813127543597,2.3187813127543597,0.0,-0.030454976192523242
10y,Long CSI300 / Short CSI1000,2023-11-15,2.3187813127543597,2.3187813127543597,0.0,-0.030454976192523242
10y,Long CSI300 / Short CSI1000,2023-11-16,2.3187813127543597,2.3187813127543597,0.0,-0.030454976192523242
10y,Long CSI300 / Short CSI1000,2023-11-17,2.3187813127543597,2.3187813127543597,0.0,-0.030454976192523242
10y,Long CSI300 / Short CSI1000,2023-11-20,2.3187813127543597,2.3187813127543597,0.0,-0.030454976192523242
10y,Long CSI300 / Short CSI1000,2023-11-21,2.3187813127543597,2.3187813127543597,0.0,-0.030454976192523242
10y,Long CSI300 / Short CSI1000,2023-11-22,2.3187813127543597,2.3187813127543597,0.0,-0.030454976192523242
10y,Long CSI300 / Short CSI1000,2023-11-23,2.3187813127543597,2.3187813127543597,0.0,-0.030454976192523242
10y,Long CSI300 / Short CSI1000,2023-11-24,2.3187813127543597,2.3187813127543597,0.0,-0.030454976192523242
10y,Long CSI300 / Short CSI1000,2023-11-27,2.3187813127543597,2.3187813127543597,0.0,-0.030454976192523242
10y,Long CSI300 / Short CSI1000,2023-11-28,2.3187813127543597,2.3187813127543597,0.0,-0.030454976192523242
10y,Long CSI300 / Short CSI1000,2023-11-29,2.3187813127543597,2.3187813127543597,0.0,-0.030454976192523242
10y,Long CSI300 / Short CSI1000,2023-11-30,2.3187813127543597,2.3187813127543597,0.0,-0.030454976192523242
10y,Long CSI300 / Short CSI1000,2023-12-01,2.3187813127543597,2.3187813127543597,0.0,-0.030454976192523242
10y,Long CSI300 / Short CSI1000,2023-12-04,2.3187813127543597,2.3187813127543597,0.0,-0.030454976192523242
10y,Long CSI300 / Short CSI1000,2023-12-05,2.3187813127543597,2.3187813127543597,0.0,-0.030454976192523242
10y,Long CSI300 / Short CSI1000,2023-12-06,2.3187813127543597,2.3187813127543597,0.0,-0.030454976192523242
10y,Long CSI300 / Short CSI1000,2023-12-07,2.3187813127543597,2.3187813127543597,0.0,-0.030454976192523242
10y,Long CSI300 / Short CSI1000,2023-12-08,2.3187813127543597,2.3187813127543597,0.0,-0.030454976192523242
10y,Long CSI300 / Short CSI1000,2023-12-11,2.3187813127543597,2.3187813127543597,0.0,-0.030454976192523242
10y,Long CSI300 / Short CSI1000,2023-12-12,2.3187813127543597,2.3187813127543597,0.0,-0.030454976192523242
10y,Long CSI300 / Short CSI1000,2023-12-13,2.3187813127543597,2.3187813127543597,0.0,-0.030454976192523242
10y,Long CSI300 / Short CSI1000,2023-12-14,2.3187813127543597,2.3187813127543597,0.0,-0.030454976192523242
10y,Long CSI300 / Short CSI1000,2023-12-15,2.3187813127543597,2.3187813127543597,0.0,-0.030454976192523242
10y,Long CSI300 / Short CSI1000,2023-12-18,2.3187813127543597,2.3187813127543597,0.0,-0.030454976192523242
10y,Long CSI300 / Short CSI1000,2023-12-19,2.3187813127543597,2.3187813127543597,0.0,-0.030454976192523242
10y,Long CSI300 / Short CSI1000,2023-12-20,2.3187813127543597,2.3187813127543597,0.0,-0.030454976192523242
10y,Long CSI300 / Short CSI1000,2023-12-21,2.3258990152537997,2.3258990152537997,0.0030695876580896,-0.027478872753481487
10y,Long CSI300 / Short CSI1000,2023-12-22,2.356756820543912,2.356756820543912,0.0132670443074869,-0.014576391868334926
10y,Long CSI300 / Short CSI1000,2023-12-25,2.363227447217721,2.363227447217721,0.0027455639959983,-0.011870848289041835
10y,Long CSI300 / Short CSI1000,2023-12-26,2.382173644164436,2.382173644164436,0.0080170856889043,-0.003948932208070688
10y,Long CSI300 / Short CSI1000,2023-12-27,2.371755680004007,2.371755680004007,-0.0043733017473136,-0.008304964083258759
10y,Long CSI300 / Short CSI1000,2023-12-28,2.3816078085329586,2.3816078085329586,0.004153939046932,-0.004185523350915488
10y,Long CSI300 / Short CSI1000,2023-12-29,2.359950859130441,2.359950859130441,-0.0090934155174178,-0.013240878165345804
10y,Long CSI300 / Short CSI1000,2024-01-02,2.3420896159133355,2.3420896159133355,-0.0075684809910351,-0.020709145821681818
10y,Long CSI300 / Short CSI1000,2024-01-03,2.348837353186122,2.348837353186122,0.0028810756116841,-0.01788773482496331
10y,Long CSI300 / Short CSI1000,2024-01-04,2.3436230235573023,2.3436230235573023,-0.0022199619832112,-0.020067986716897468
10y,Long CSI300 / Short CSI1000,2024-01-05,2.3750906691827662,2.3750906691827662,0.0134269228921042,-0.006910515135040818
10y,Long CSI300 / Short CSI1000,2024-01-08,2.4002955656245586,2.4002955656245586,0.0106121828395144,0.0
10y,Long CSI300 / Short CSI1000,2024-01-09,2.4007884521148264,2.4007884521148264,0.0002053440823399,0.0
10y,Long CSI300 / Short CSI1000,2024-01-10,2.40745723811367,2.40745723811367,0.0027777482822233,0.0
10y,Long CSI300 / Short CSI1000,2024-01-11,2.378343080722842,2.378343080722842,-0.0120933227514521,-0.01209332275145214
10y,Long CSI300 / Short CSI1000,2024-01-12,2.385610559946271,2.385610559946271,0.0030556900231653,-0.009074586173965393
10y,Long CSI300 / Short CSI1000,2024-01-15,2.389732462424063,2.389732462424063,0.0017278186754359,-0.0073624467379928005
10y,Long CSI300 / Short CSI1000,2024-01-16,2.412905824597978,2.412905824597978,0.0096970529288493,0.0
10y,Long CSI300 / Short CSI1000,2024-01-17,2.4262790510097907,2.4262790510097907,0.0055423739606745,0.0
10y,Long CSI300 / Short CSI1000,2024-01-18,2.4677658224860743,2.4677658224860743,0.0170989282782692,0.0
10y,Long CSI300 / Short CSI1000,2024-01-19,2.500050439639298,2.500050439639298,0.0130825286820368,0.0
10y,Long CSI300 / Short CSI1000,2024-01-22,2.630777621165542,2.630777621165542,0.0522898176186813,0.0
10y,Long CSI300 / Short CSI1000,2024-01-23,2.629238750330135,2.629238750330135,-0.0005849490367509,-0.0005849490367509924
10y,Long CSI300 / Short CSI1000,2024-01-24,2.629238750330135,2.629238750330135,0.0,-0.0005849490367509924
10y,Long CSI300 / Short CSI1000,2024-01-25,2.629238750330135,2.629238750330135,-0.0,-0.0005849490367509924
10y,Long CSI300 / Short CSI1000,2024-01-26,2.629238750330135,2.629238750330135,0.0,-0.0005849490367509924
10y,Long CSI300 / Short CSI1000,2024-01-29,2.629238750330135,2.629238750330135,0.0,-0.0005849490367509924
10y,Long CSI300 / Short CSI1000,2024-01-30,2.629238750330135,2.629238750330135,0.0,-0.0005849490367509924
10y,Long CSI300 / Short CSI1000,2024-01-31,2.629238750330135,2.629238750330135,0.0,-0.0005849490367509924
10y,Long CSI300 / Short CSI1000,2024-02-01,2.629238750330135,2.629238750330135,0.0,-0.0005849490367509924
10y,Long CSI300 / Short CSI1000,2024-02-02,2.629238750330135,2.629238750330135,0.0,-0.0005849490367509924
10y,Long CSI300 / Short CSI1000,2024-02-05,2.629238750330135,2.629238750330135,0.0,-0.0005849490367509924
10y,Long CSI300 / Short CSI1000,2024-02-06,2.629238750330135,2.629238750330135,-0.0,-0.0005849490367509924
10y,Long CSI300 / Short CSI1000,2024-02-07,2.629238750330135,2.629238750330135,-0.0,-0.0005849490367509924
10y,Long CSI300 / Short CSI1000,2024-02-08,2.629238750330135,2.629238750330135,-0.0,-0.0005849490367509924
10y,Long CSI300 / Short CSI1000,2024-02-19,2.629238750330135,2.629238750330135,0.0,-0.0005849490367509924
10y,Long CSI300 / Short CSI1000,2024-02-20,2.629238750330135,2.629238750330135,-0.0,-0.0005849490367509924
10y,Long CSI300 / Short CSI1000,2024-02-21,2.629238750330135,2.629238750330135,0.0,-0.0005849490367509924
10y,Long CSI300 / Short CSI1000,2024-02-22,2.629238750330135,2.629238750330135,-0.0,-0.0005849490367509924
10y,Long CSI300 / Short CSI1000,2024-02-23,2.629238750330135,2.629238750330135,-0.0,-0.0005849490367509924
10y,Long CSI300 / Short CSI1000,2024-02-26,2.629238750330135,2.629238750330135,-0.0,-0.0005849490367509924
10y,Long CSI300 / Short CSI1000,2024-02-27,2.629238750330135,2.629238750330135,0.0,-0.0005849490367509924
10y,Long CSI300 / Short CSI1000,2024-02-28,2.629238750330135,2.629238750330135,0.0,-0.0005849490367509924
10y,Long CSI300 / Short CSI1000,2024-02-29,2.629238750330135,2.629238750330135,0.0,-0.0005849490367509924
10y,Long CSI300 / Short CSI1000,2024-03-01,2.629238750330135,2.629238750330135,0.0,-0.0005849490367509924
10y,Long CSI300 / Short CSI1000,2024-03-04,2.629238750330135,2.629238750330135,0.0,-0.0005849490367509924
10y,Long CSI300 / Short CSI1000,2024-03-05,2.629238750330135,2.629238750330135,0.0,-0.0005849490367509924
10y,Long CSI300 / Short CSI1000,2024-03-06,2.629238750330135,2.629238750330135,0.0,-0.0005849490367509924
10y,Long CSI300 / Short CSI1000,2024-03-07,2.629238750330135,2.629238750330135,0.0,-0.0005849490367509924
10y,Long CSI300 / Short CSI1000,2024-03-08,2.629238750330135,2.629238750330135,0.0,-0.0005849490367509924
10y,Long CSI300 / Short CSI1000,2024-03-11,2.629238750330135,2.629238750330135,0.0,-0.0005849490367509924
10y,Long CSI300 / Short CSI1000,2024-03-12,2.629238750330135,2.629238750330135,0.0,-0.0005849490367509924
10y,Long CSI300 / Short CSI1000,2024-03-13,2.629238750330135,2.629238750330135,0.0,-0.0005849490367509924
10y,Long CSI300 / Short CSI1000,2024-03-14,2.629238750330135,2.629238750330135,0.0,-0.0005849490367509924
10y,Long CSI300 / Short CSI1000,2024-03-15,2.629238750330135,2.629238750330135,0.0,-0.0005849490367509924
10y,Long CSI300 / Short CSI1000,2024-03-18,2.629238750330135,2.629238750330135,0.0,-0.0005849490367509924
10y,Long CSI300 / Short CSI1000,2024-03-19,2.629238750330135,2.629238750330135,0.0,-0.0005849490367509924
10y,Long CSI300 / Short CSI1000,2024-03-20,2.629238750330135,2.629238750330135,0.0,-0.0005849490367509924
10y,Long CSI300 / Short CSI1000,2024-03-21,2.629238750330135,2.629238750330135,0.0,-0.0005849490367509924
10y,Long CSI300 / Short CSI1000,2024-03-22,2.629238750330135,2.629238750330135,0.0,-0.0005849490367509924
10y,Long CSI300 / Short CSI1000,2024-03-25,2.629238750330135,2.629238750330135,0.0,-0.0005849490367509924
10y,Long CSI300 / Short CSI1000,2024-03-26,2.629238750330135,2.629238750330135,0.0,-0.0005849490367509924
10y,Long CSI300 / Short CSI1000,2024-03-27,2.629238750330135,2.629238750330135,0.0,-0.0005849490367509924
10y,Long CSI300 / Short CSI1000,2024-03-28,2.629238750330135,2.629238750330135,0.0,-0.0005849490367509924
10y,Long CSI300 / Short CSI1000,2024-03-29,2.629238750330135,2.629238750330135,0.0,-0.0005849490367509924
10y,Long CSI300 / Short CSI1000,2024-04-01,2.629238750330135,2.629238750330135,0.0,-0.0005849490367509924
10y,Long CSI300 / Short CSI1000,2024-04-02,2.629238750330135,2.629238750330135,0.0,-0.0005849490367509924
10y,Long CSI300 / Short CSI1000,2024-04-03,2.629238750330135,2.629238750330135,0.0,-0.0005849490367509924
10y,Long CSI300 / Short CSI1000,2024-04-08,2.629238750330135,2.629238750330135,0.0,-0.0005849490367509924
10y,Long CSI300 / Short CSI1000,2024-04-09,2.629238750330135,2.629238750330135,0.0,-0.0005849490367509924
10y,Long CSI300 / Short CSI1000,2024-04-10,2.629238750330135,2.629238750330135,0.0,-0.0005849490367509924
10y,Long CSI300 / Short CSI1000,2024-04-11,2.629238750330135,2.629238750330135,0.0,-0.0005849490367509924
10y,Long CSI300 / Short CSI1000,2024-04-12,2.629238750330135,2.629238750330135,0.0,-0.0005849490367509924
10y,Long CSI300 / Short CSI1000,2024-04-15,2.629238750330135,2.629238750330135,0.0,-0.0005849490367509924
10y,Long CSI300 / Short CSI1000,2024-04-16,2.629238750330135,2.629238750330135,0.0,-0.0005849490367509924
10y,Long CSI300 / Short CSI1000,2024-04-17,2.629238750330135,2.629238750330135,-0.0,-0.0005849490367509924
10y,Long CSI300 / Short CSI1000,2024-04-18,2.629238750330135,2.629238750330135,0.0,-0.0005849490367509924
10y,Long CSI300 / Short CSI1000,2024-04-19,2.629238750330135,2.629238750330135,-0.0,-0.0005849490367509924
10y,Long CSI300 / Short CSI1000,2024-04-22,2.629238750330135,2.629238750330135,0.0,-0.0005849490367509924
10y,Long CSI300 / Short CSI1000,2024-04-23,2.629238750330135,2.629238750330135,-0.0,-0.0005849490367509924
10y,Long CSI300 / Short CSI1000,2024-04-24,2.629238750330135,2.629238750330135,-0.0,-0.0005849490367509924
10y,Long CSI300 / Short CSI1000,2024-04-25,2.629238750330135,2.629238750330135,0.0,-0.0005849490367509924
10y,Long CSI300 / Short CSI1000,2024-04-26,2.629238750330135,2.629238750330135,0.0,-0.0005849490367509924
10y,Long CSI300 / Short CSI1000,2024-04-29,2.629238750330135,2.629238750330135,0.0,-0.0005849490367509924
10y,Long CSI300 / Short CSI1000,2024-04-30,2.629238750330135,2.629238750330135,0.0,-0.0005849490367509924
10y,Long CSI300 / Short CSI1000,2024-05-06,2.629238750330135,2.629238750330135,0.0,-0.0005849490367509924
10y,Long CSI300 / Short CSI1000,2024-05-07,2.629238750330135,2.629238750330135,0.0,-0.0005849490367509924
10y,Long CSI300 / Short CSI1000,2024-05-08,2.629238750330135,2.629238750330135,0.0,-0.0005849490367509924
10y,Long CSI300 / Short CSI1000,2024-05-09,2.629238750330135,2.629238750330135,0.0,-0.0005849490367509924
10y,Long CSI300 / Short CSI1000,2024-05-10,2.629238750330135,2.629238750330135,0.0,-0.0005849490367509924
10y,Long CSI300 / Short CSI1000,2024-05-13,2.629238750330135,2.629238750330135,0.0,-0.0005849490367509924
10y,Long CSI300 / Short CSI1000,2024-05-14,2.629238750330135,2.629238750330135,0.0,-0.0005849490367509924
10y,Long CSI300 / Short CSI1000,2024-05-15,2.629238750330135,2.629238750330135,0.0,-0.0005849490367509924
10y,Long CSI300 / Short CSI1000,2024-05-16,2.629238750330135,2.629238750330135,0.0,-0.0005849490367509924
10y,Long CSI300 / Short CSI1000,2024-05-17,2.629238750330135,2.629238750330135,0.0,-0.0005849490367509924
10y,Long CSI300 / Short CSI1000,2024-05-20,2.629238750330135,2.629238750330135,0.0,-0.0005849490367509924
10y,Long CSI300 / Short CSI1000,2024-05-21,2.629238750330135,2.629238750330135,0.0,-0.0005849490367509924
10y,Long CSI300 / Short CSI1000,2024-05-22,2.629238750330135,2.629238750330135,0.0,-0.0005849490367509924
10y,Long CSI300 / Short CSI1000,2024-05-23,2.629238750330135,2.629238750330135,0.0,-0.0005849490367509924
10y,Long CSI300 / Short CSI1000,2024-05-24,2.629238750330135,2.629238750330135,0.0,-0.0005849490367509924
10y,Long CSI300 / Short CSI1000,2024-05-27,2.627692452303585,2.627692452303585,-0.0005881162470907,-0.0011727212658095842
10y,Long CSI300 / Short CSI1000,2024-05-28,2.6319032827827944,2.6319032827827944,0.0016024822370356,0.0
10y,Long CSI300 / Short CSI1000,2024-05-29,2.632695811653273,2.632695811653273,0.0003011238580322,0.0
10y,Long CSI300 / Short CSI1000,2024-05-30,2.6298599176183464,2.6298599176183464,-0.0010771825679116,-0.001077182567911561
10y,Long CSI300 / Short CSI1000,2024-05-31,2.619481915922184,2.619481915922184,-0.003946218437962,-0.005019150208162904
10y,Long CSI300 / Short CSI1000,2024-06-03,2.640247019291094,2.640247019291094,0.0079271795093114,0.0
10y,Long CSI300 / Short CSI1000,2024-06-04,2.6448347304742037,2.6448347304742037,0.0017376068032986,0.0
10y,Long CSI300 / Short CSI1000,2024-06-05,2.6644747208432764,2.6644747208432764,0.0074257911629707,0.0
10y,Long CSI300 / Short CSI1000,2024-06-06,2.7213370908936803,2.7213370908936803,0.0213409305802712,0.0
10y,Long CSI300 / Short CSI1000,2024-06-07,2.6956661628443364,2.6956661628443364,-0.0094332040434261,-0.00943320404342618
10y,Long CSI300 / Short CSI1000,2024-06-11,2.648805126231441,2.648805126231441,-0.0173838427245938,-0.026653061432540093
10y,Long CSI300 / Short CSI1000,2024-06-12,2.640827636574973,2.640827636574973,-0.003011731432209,-0.029584521001868258
10y,Long CSI300 / Short CSI1000,2024-06-13,2.6457951478883053,2.6457951478883053,0.001881043368576,-0.02775912740033515
10y,Long CSI300 / Short CSI1000,2024-06-14,2.657139006691723,2.657139006691723,0.0042875045758821,-0.023590640210204405
10y,Long CSI300 / Short CSI1000,2024-06-17,2.6514393875381628,2.6514393875381628,-0.0021450210693556,-0.025685058859269527
10y,Long CSI300 / Short CSI1000,2024-06-18,2.6364663260898946,2.6364663260898946,-0.0056471445353952,-0.03118715615488643
10y,Long CSI300 / Short CSI1000,2024-06-19,2.65814584519813,2.65814584519813,0.0082229455744227,-0.023220660868146448
10y,Long CSI300 / Short CSI1000,2024-06-20,2.693168320887986,2.693168320887986,0.0131755282552021,-0.010351077086317106
10y,Long CSI300 / Short CSI1000,2024-06-21,2.687644826333356,2.687644826333356,-0.002050928087855,-0.012380775859435977
10y,Long CSI300 / Short CSI1000,2024-06-24,2.767578865888796,2.767578865888796,0.0297412957144679,0.0
10y,Long CSI300 / Short CSI1000,2024-06-25,2.766144969387613,2.766144969387613,-0.0005181050191041,-0.0005181050191039871
10y,Long CSI300 / Short CSI1000,2024-06-26,2.766144969387613,2.766144969387613,-0.0,-0.0005181050191039871
10y,Long CSI300 / Short CSI1000,2024-06-27,2.766144969387613,2.766144969387613,0.0,-0.0005181050191039871
10y,Long CSI300 / Short CSI1000,2024-06-28,2.766144969387613,2.766144969387613,-0.0,-0.0005181050191039871
10y,Long CSI300 / Short CSI1000,2024-07-01,2.766144969387613,2.766144969387613,-0.0,-0.0005181050191039871
10y,Long CSI300 / Short CSI1000,2024-07-02,2.766144969387613,2.766144969387613,0.0,-0.0005181050191039871
10y,Long CSI300 / Short CSI1000,2024-07-03,2.766144969387613,2.766144969387613,0.0,-0.0005181050191039871
10y,Long CSI300 / Short CSI1000,2024-07-04,2.766144969387613,2.766144969387613,0.0,-0.0005181050191039871
10y,Long CSI300 / Short CSI1000,2024-07-05,2.766144969387613,2.766144969387613,-0.0,-0.0005181050191039871
10y,Long CSI300 / Short CSI1000,2024-07-08,2.766144969387613,2.766144969387613,0.0,-0.0005181050191039871
10y,Long CSI300 / Short CSI1000,2024-07-09,2.766144969387613,2.766144969387613,-0.0,-0.0005181050191039871
10y,Long CSI300 / Short CSI1000,2024-07-10,2.766144969387613,2.766144969387613,0.0,-0.0005181050191039871
10y,Long CSI300 / Short CSI1000,2024-07-11,2.766144969387613,2.766144969387613,-0.0,-0.0005181050191039871
10y,Long CSI300 / Short CSI1000,2024-07-12,2.766144969387613,2.766144969387613,0.0,-0.0005181050191039871
10y,Long CSI300 / Short CSI1000,2024-07-15,2.766144969387613,2.766144969387613,0.0,-0.0005181050191039871
10y,Long CSI300 / Short CSI1000,2024-07-16,2.766144969387613,2.766144969387613,0.0,-0.0005181050191039871
10y,Long CSI300 / Short CSI1000,2024-07-17,2.766144969387613,2.766144969387613,0.0,-0.0005181050191039871
10y,Long CSI300 / Short CSI1000,2024-07-18,2.766144969387613,2.766144969387613,0.0,-0.0005181050191039871
10y,Long CSI300 / Short CSI1000,2024-07-19,2.766144969387613,2.766144969387613,0.0,-0.0005181050191039871
10y,Long CSI300 / Short CSI1000,2024-07-22,2.766144969387613,2.766144969387613,-0.0,-0.0005181050191039871
10y,Long CSI300 / Short CSI1000,2024-07-23,2.766144969387613,2.766144969387613,0.0,-0.0005181050191039871
10y,Long CSI300 / Short CSI1000,2024-07-24,2.766144969387613,2.766144969387613,0.0,-0.0005181050191039871
10y,Long CSI300 / Short CSI1000,2024-07-25,2.766144969387613,2.766144969387613,-0.0,-0.0005181050191039871
10y,Long CSI300 / Short CSI1000,2024-07-26,2.766144969387613,2.766144969387613,-0.0,-0.0005181050191039871
10y,Long CSI300 / Short CSI1000,2024-07-29,2.766144969387613,2.766144969387613,-0.0,-0.0005181050191039871
10y,Long CSI300 / Short CSI1000,2024-07-30,2.766144969387613,2.766144969387613,0.0,-0.0005181050191039871
10y,Long CSI300 / Short CSI1000,2024-07-31,2.766144969387613,2.766144969387613,0.0,-0.0005181050191039871
10y,Long CSI300 / Short CSI1000,2024-08-01,2.766144969387613,2.766144969387613,0.0,-0.0005181050191039871
10y,Long CSI300 / Short CSI1000,2024-08-02,2.766144969387613,2.766144969387613,0.0,-0.0005181050191039871
10y,Long CSI300 / Short CSI1000,2024-08-05,2.766144969387613,2.766144969387613,0.0,-0.0005181050191039871
10y,Long CSI300 / Short CSI1000,2024-08-06,2.766144969387613,2.766144969387613,0.0,-0.0005181050191039871
10y,Long CSI300 / Short CSI1000,2024-08-07,2.766144969387613,2.766144969387613,0.0,-0.0005181050191039871
10y,Long CSI300 / Short CSI1000,2024-08-08,2.766144969387613,2.766144969387613,0.0,-0.0005181050191039871
10y,Long CSI300 / Short CSI1000,2024-08-09,2.766144969387613,2.766144969387613,0.0,-0.0005181050191039871
10y,Long CSI300 / Short CSI1000,2024-08-12,2.766144969387613,2.766144969387613,0.0,-0.0005181050191039871
10y,Long CSI300 / Short CSI1000,2024-08-13,2.766144969387613,2.766144969387613,0.0,-0.0005181050191039871
10y,Long CSI300 / Short CSI1000,2024-08-14,2.766144969387613,2.766144969387613,0.0,-0.0005181050191039871
10y,Long CSI300 / Short CSI1000,2024-08-15,2.766144969387613,2.766144969387613,0.0,-0.0005181050191039871
10y,Long CSI300 / Short CSI1000,2024-08-16,2.766144969387613,2.766144969387613,0.0,-0.0005181050191039871
10y,Long CSI300 / Short CSI1000,2024-08-19,2.766144969387613,2.766144969387613,0.0,-0.0005181050191039871
10y,Long CSI300 / Short CSI1000,2024-08-20,2.766144969387613,2.766144969387613,0.0,-0.0005181050191039871
10y,Long CSI300 / Short CSI1000,2024-08-21,2.766144969387613,2.766144969387613,0.0,-0.0005181050191039871
10y,Long CSI300 / Short CSI1000,2024-08-22,2.766144969387613,2.766144969387613,0.0,-0.0005181050191039871
10y,Long CSI300 / Short CSI1000,2024-08-23,2.774330548686296,2.774330548686296,0.0029592011225988,0.0
10y,Long CSI300 / Short CSI1000,2024-08-26,2.761076985334877,2.761076985334877,-0.0047772113375944,-0.004777211337594567
10y,Long CSI300 / Short CSI1000,2024-08-27,2.778145939597528,2.778145939597528,0.0061819914306304,0.0
10y,Long CSI300 / Short CSI1000,2024-08-28,2.7555960531741173,2.7555960531741173,-0.0081168833148764,-0.008116883314876366
10y,Long CSI300 / Short CSI1000,2024-08-29,2.7046968301239875,2.7046968301239875,-0.0184712207696406,-0.02643817534084658
10y,Long CSI300 / Short CSI1000,2024-08-30,2.68937625310934,2.68937625310934,-0.0056644341221583,-0.03195285216047661
10y,Long CSI300 / Short CSI1000,2024-09-02,2.7001556597288143,2.7001556597288143,0.0040081437496934,-0.02807278003545499
10y,Long CSI300 / Short CSI1000,2024-09-03,2.683504107211257,2.683504107211257,-0.0061668861413826,-0.03406654453868685
10y,Long CSI300 / Short CSI1000,2024-09-04,2.6821623551576512,2.6821623551576512,-0.0005,-0.034549511266417476
10y,Long CSI300 / Short CSI1000,2024-09-05,2.6821623551576512,2.6821623551576512,0.0,-0.034549511266417476
10y,Long CSI300 / Short CSI1000,2024-09-06,2.6821623551576512,2.6821623551576512,0.0,-0.034549511266417476
10y,Long CSI300 / Short CSI1000,2024-09-09,2.6821623551576512,2.6821623551576512,0.0,-0.034549511266417476
10y,Long CSI300 / Short CSI1000,2024-09-10,2.6821623551576512,2.6821623551576512,0.0,-0.034549511266417476
10y,Long CSI300 / Short CSI1000,2024-09-11,2.6821623551576512,2.6821623551576512,0.0,-0.034549511266417476
10y,Long CSI300 / Short CSI1000,2024-09-12,2.6821623551576512,2.6821623551576512,0.0,-0.034549511266417476
10y,Long CSI300 / Short CSI1000,2024-09-13,2.6821623551576512,2.6821623551576512,0.0,-0.034549511266417476
10y,Long CSI300 / Short CSI1000,2024-09-18,2.6821623551576512,2.6821623551576512,0.0,-0.034549511266417476
10y,Long CSI300 / Short CSI1000,2024-09-19,2.6821623551576512,2.6821623551576512,0.0,-0.034549511266417476
10y,Long CSI300 / Short CSI1000,2024-09-20,2.6821623551576512,2.6821623551576512,0.0,-0.034549511266417476
10y,Long CSI300 / Short CSI1000,2024-09-23,2.6821623551576512,2.6821623551576512,0.0,-0.034549511266417476
10y,Long CSI300 / Short CSI1000,2024-09-24,2.6821623551576512,2.6821623551576512,0.0,-0.034549511266417476
10y,Long CSI300 / Short CSI1000,2024-09-25,2.6821623551576512,2.6821623551576512,0.0,-0.034549511266417476
10y,Long CSI300 / Short CSI1000,2024-09-26,2.6821623551576512,2.6821623551576512,0.0,-0.034549511266417476
10y,Long CSI300 / Short CSI1000,2024-09-27,2.6821623551576512,2.6821623551576512,0.0,-0.034549511266417476
10y,Long CSI300 / Short CSI1000,2024-09-30,2.6821623551576512,2.6821623551576512,0.0,-0.034549511266417476
10y,Long CSI300 / Short CSI1000,2024-10-08,2.6821623551576512,2.6821623551576512,0.0,-0.034549511266417476
10y,Long CSI300 / Short CSI1000,2024-10-09,2.6821623551576512,2.6821623551576512,0.0,-0.034549511266417476
10y,Long CSI300 / Short CSI1000,2024-10-10,2.6821623551576512,2.6821623551576512,0.0,-0.034549511266417476
10y,Long CSI300 / Short CSI1000,2024-10-11,2.6821623551576512,2.6821623551576512,0.0,-0.034549511266417476
10y,Long CSI300 / Short CSI1000,2024-10-14,2.6821623551576512,2.6821623551576512,0.0,-0.034549511266417476
10y,Long CSI300 / Short CSI1000,2024-10-15,2.6821623551576512,2.6821623551576512,0.0,-0.034549511266417476
10y,Long CSI300 / Short CSI1000,2024-10-16,2.6821623551576512,2.6821623551576512,0.0,-0.034549511266417476
10y,Long CSI300 / Short CSI1000,2024-10-17,2.6821623551576512,2.6821623551576512,0.0,-0.034549511266417476
10y,Long CSI300 / Short CSI1000,2024-10-18,2.6821623551576512,2.6821623551576512,0.0,-0.034549511266417476
10y,Long CSI300 / Short CSI1000,2024-10-21,2.6821623551576512,2.6821623551576512,0.0,-0.034549511266417476
10y,Long CSI300 / Short CSI1000,2024-10-22,2.6821623551576512,2.6821623551576512,0.0,-0.034549511266417476
10y,Long CSI300 / Short CSI1000,2024-10-23,2.6821623551576512,2.6821623551576512,0.0,-0.034549511266417476
10y,Long CSI300 / Short CSI1000,2024-10-24,2.6821623551576512,2.6821623551576512,0.0,-0.034549511266417476
10y,Long CSI300 / Short CSI1000,2024-10-25,2.6821623551576512,2.6821623551576512,0.0,-0.034549511266417476
10y,Long CSI300 / Short CSI1000,2024-10-28,2.6821623551576512,2.6821623551576512,0.0,-0.034549511266417476
10y,Long CSI300 / Short CSI1000,2024-10-29,2.6821623551576512,2.6821623551576512,0.0,-0.034549511266417476
10y,Long CSI300 / Short CSI1000,2024-10-30,2.6821623551576512,2.6821623551576512,0.0,-0.034549511266417476
10y,Long CSI300 / Short CSI1000,2024-10-31,2.6821623551576512,2.6821623551576512,0.0,-0.034549511266417476
10y,Long CSI300 / Short CSI1000,2024-11-01,2.6821623551576512,2.6821623551576512,0.0,-0.034549511266417476
10y,Long CSI300 / Short CSI1000,2024-11-04,2.6821623551576512,2.6821623551576512,0.0,-0.034549511266417476
10y,Long CSI300 / Short CSI1000,2024-11-05,2.6821623551576512,2.6821623551576512,0.0,-0.034549511266417476
10y,Long CSI300 / Short CSI1000,2024-11-06,2.6821623551576512,2.6821623551576512,0.0,-0.034549511266417476
10y,Long CSI300 / Short CSI1000,2024-11-07,2.6821623551576512,2.6821623551576512,0.0,-0.034549511266417476
10y,Long CSI300 / Short CSI1000,2024-11-08,2.6821623551576512,2.6821623551576512,0.0,-0.034549511266417476
10y,Long CSI300 / Short CSI1000,2024-11-11,2.6821623551576512,2.6821623551576512,0.0,-0.034549511266417476
10y,Long CSI300 / Short CSI1000,2024-11-12,2.6821623551576512,2.6821623551576512,0.0,-0.034549511266417476
10y,Long CSI300 / Short CSI1000,2024-11-13,2.6821623551576512,2.6821623551576512,0.0,-0.034549511266417476
10y,Long CSI300 / Short CSI1000,2024-11-14,2.6821623551576512,2.6821623551576512,0.0,-0.034549511266417476
10y,Long CSI300 / Short CSI1000,2024-11-15,2.6821623551576512,2.6821623551576512,0.0,-0.034549511266417476
10y,Long CSI300 / Short CSI1000,2024-11-18,2.6821623551576512,2.6821623551576512,0.0,-0.034549511266417476
10y,Long CSI300 / Short CSI1000,2024-11-19,2.6821623551576512,2.6821623551576512,0.0,-0.034549511266417476
10y,Long CSI300 / Short CSI1000,2024-11-20,2.6821623551576512,2.6821623551576512,-0.0,-0.034549511266417476
10y,Long CSI300 / Short CSI1000,2024-11-21,2.6821623551576512,2.6821623551576512,0.0,-0.034549511266417476
10y,Long CSI300 / Short CSI1000,2024-11-22,2.6821623551576512,2.6821623551576512,0.0,-0.034549511266417476
10y,Long CSI300 / Short CSI1000,2024-11-25,2.6821623551576512,2.6821623551576512,-0.0,-0.034549511266417476
10y,Long CSI300 / Short CSI1000,2024-11-26,2.6821623551576512,2.6821623551576512,0.0,-0.034549511266417476
10y,Long CSI300 / Short CSI1000,2024-11-27,2.6821623551576512,2.6821623551576512,-0.0,-0.034549511266417476
10y,Long CSI300 / Short CSI1000,2024-11-28,2.6821623551576512,2.6821623551576512,-0.0,-0.034549511266417476
10y,Long CSI300 / Short CSI1000,2024-11-29,2.6821623551576512,2.6821623551576512,-0.0,-0.034549511266417476
10y,Long CSI300 / Short CSI1000,2024-12-02,2.6821623551576512,2.6821623551576512,-0.0,-0.034549511266417476
10y,Long CSI300 / Short CSI1000,2024-12-03,2.6821623551576512,2.6821623551576512,0.0,-0.034549511266417476
10y,Long CSI300 / Short CSI1000,2024-12-04,2.6821623551576512,2.6821623551576512,0.0,-0.034549511266417476
10y,Long CSI300 / Short CSI1000,2024-12-05,2.6821623551576512,2.6821623551576512,-0.0,-0.034549511266417476
10y,Long CSI300 / Short CSI1000,2024-12-06,2.6821623551576512,2.6821623551576512,0.0,-0.034549511266417476
10y,Long CSI300 / Short CSI1000,2024-12-09,2.6821623551576512,2.6821623551576512,0.0,-0.034549511266417476
10y,Long CSI300 / Short CSI1000,2024-12-10,2.6821623551576512,2.6821623551576512,-0.0,-0.034549511266417476
10y,Long CSI300 / Short CSI1000,2024-12-11,2.6821623551576512,2.6821623551576512,-0.0,-0.034549511266417476
10y,Long CSI300 / Short CSI1000,2024-12-12,2.6821623551576512,2.6821623551576512,0.0,-0.034549511266417476
10y,Long CSI300 / Short CSI1000,2024-12-13,2.6821623551576512,2.6821623551576512,0.0,-0.034549511266417476
10y,Long CSI300 / Short CSI1000,2024-12-16,2.6821623551576512,2.6821623551576512,0.0,-0.034549511266417476
10y,Long CSI300 / Short CSI1000,2024-12-17,2.6821623551576512,2.6821623551576512,0.0,-0.034549511266417476
10y,Long CSI300 / Short CSI1000,2024-12-18,2.6821623551576512,2.6821623551576512,-0.0,-0.034549511266417476
10y,Long CSI300 / Short CSI1000,2024-12-19,2.6821623551576512,2.6821623551576512,-0.0,-0.034549511266417476
10y,Long CSI300 / Short CSI1000,2024-12-20,2.6821623551576512,2.6821623551576512,-0.0,-0.034549511266417476
10y,Long CSI300 / Short CSI1000,2024-12-23,2.6821623551576512,2.6821623551576512,0.0,-0.034549511266417476
10y,Long CSI300 / Short CSI1000,2024-12-24,2.6821623551576512,2.6821623551576512,0.0,-0.034549511266417476
10y,Long CSI300 / Short CSI1000,2024-12-25,2.6821623551576512,2.6821623551576512,0.0,-0.034549511266417476
10y,Long CSI300 / Short CSI1000,2024-12-26,2.6821623551576512,2.6821623551576512,-0.0,-0.034549511266417476
10y,Long CSI300 / Short CSI1000,2024-12-27,2.6821623551576512,2.6821623551576512,-0.0,-0.034549511266417476
10y,Long CSI300 / Short CSI1000,2024-12-30,2.6821623551576512,2.6821623551576512,0.0,-0.034549511266417476
10y,Long CSI300 / Short CSI1000,2024-12-31,2.6821623551576512,2.6821623551576512,0.0,-0.034549511266417476
10y,Long CSI300 / Short CSI1000,2025-01-02,2.6821623551576512,2.6821623551576512,-0.0,-0.034549511266417476
10y,Long CSI300 / Short CSI1000,2025-01-03,2.6821623551576512,2.6821623551576512,0.0,-0.034549511266417476
10y,Long CSI300 / Short CSI1000,2025-01-06,2.6821623551576512,2.6821623551576512,0.0,-0.034549511266417476
10y,Long CSI300 / Short CSI1000,2025-01-07,2.6821623551576512,2.6821623551576512,-0.0,-0.034549511266417476
10y,Long CSI300 / Short CSI1000,2025-01-08,2.6821623551576512,2.6821623551576512,0.0,-0.034549511266417476
10y,Long CSI300 / Short CSI1000,2025-01-09,2.6821623551576512,2.6821623551576512,-0.0,-0.034549511266417476
10y,Long CSI300 / Short CSI1000,2025-01-10,2.6821623551576512,2.6821623551576512,0.0,-0.034549511266417476
10y,Long CSI300 / Short CSI1000,2025-01-13,2.6821623551576512,2.6821623551576512,-0.0,-0.034549511266417476
10y,Long CSI300 / Short CSI1000,2025-01-14,2.6821623551576512,2.6821623551576512,-0.0,-0.034549511266417476
10y,Long CSI300 / Short CSI1000,2025-01-15,2.6821623551576512,2.6821623551576512,-0.0,-0.034549511266417476
10y,Long CSI300 / Short CSI1000,2025-01-16,2.6821623551576512,2.6821623551576512,-0.0,-0.034549511266417476
10y,Long CSI300 / Short CSI1000,2025-01-17,2.6821623551576512,2.6821623551576512,-0.0,-0.034549511266417476
10y,Long CSI300 / Short CSI1000,2025-01-20,2.6821623551576512,2.6821623551576512,-0.0,-0.034549511266417476
10y,Long CSI300 / Short CSI1000,2025-01-21,2.6821623551576512,2.6821623551576512,-0.0,-0.034549511266417476
10y,Long CSI300 / Short CSI1000,2025-01-22,2.6821623551576512,2.6821623551576512,-0.0,-0.034549511266417476
10y,Long CSI300 / Short CSI1000,2025-01-23,2.6821623551576512,2.6821623551576512,0.0,-0.034549511266417476
10y,Long CSI300 / Short CSI1000,2025-01-24,2.6821623551576512,2.6821623551576512,0.0,-0.034549511266417476
10y,Long CSI300 / Short CSI1000,2025-01-27,2.6821623551576512,2.6821623551576512,0.0,-0.034549511266417476
10y,Long CSI300 / Short CSI1000,2025-02-05,2.6821623551576512,2.6821623551576512,0.0,-0.034549511266417476
10y,Long CSI300 / Short CSI1000,2025-02-06,2.6821623551576512,2.6821623551576512,0.0,-0.034549511266417476
10y,Long CSI300 / Short CSI1000,2025-02-07,2.6821623551576512,2.6821623551576512,0.0,-0.034549511266417476
10y,Long CSI300 / Short CSI1000,2025-02-10,2.6821623551576512,2.6821623551576512,0.0,-0.034549511266417476
10y,Long CSI300 / Short CSI1000,2025-02-11,2.6821623551576512,2.6821623551576512,0.0,-0.034549511266417476
10y,Long CSI300 / Short CSI1000,2025-02-12,2.6821623551576512,2.6821623551576512,0.0,-0.034549511266417476
10y,Long CSI300 / Short CSI1000,2025-02-13,2.6821623551576512,2.6821623551576512,0.0,-0.034549511266417476
10y,Long CSI300 / Short CSI1000,2025-02-14,2.6821623551576512,2.6821623551576512,0.0,-0.034549511266417476
10y,Long CSI300 / Short CSI1000,2025-02-17,2.6821623551576512,2.6821623551576512,0.0,-0.034549511266417476
10y,Long CSI300 / Short CSI1000,2025-02-18,2.6821623551576512,2.6821623551576512,0.0,-0.034549511266417476
10y,Long CSI300 / Short CSI1000,2025-02-19,2.6821623551576512,2.6821623551576512,0.0,-0.034549511266417476
10y,Long CSI300 / Short CSI1000,2025-02-20,2.6821623551576512,2.6821623551576512,0.0,-0.034549511266417476
10y,Long CSI300 / Short CSI1000,2025-02-21,2.6821623551576512,2.6821623551576512,0.0,-0.034549511266417476
10y,Long CSI300 / Short CSI1000,2025-02-24,2.6821623551576512,2.6821623551576512,0.0,-0.034549511266417476
10y,Long CSI300 / Short CSI1000,2025-02-25,2.6821623551576512,2.6821623551576512,0.0,-0.034549511266417476
10y,Long CSI300 / Short CSI1000,2025-02-26,2.6821623551576512,2.6821623551576512,0.0,-0.034549511266417476
10y,Long CSI300 / Short CSI1000,2025-02-27,2.6821623551576512,2.6821623551576512,0.0,-0.034549511266417476
10y,Long CSI300 / Short CSI1000,2025-02-28,2.6821623551576512,2.6821623551576512,0.0,-0.034549511266417476
10y,Long CSI300 / Short CSI1000,2025-03-03,2.6821623551576512,2.6821623551576512,0.0,-0.034549511266417476
10y,Long CSI300 / Short CSI1000,2025-03-04,2.6821623551576512,2.6821623551576512,0.0,-0.034549511266417476
10y,Long CSI300 / Short CSI1000,2025-03-05,2.6821623551576512,2.6821623551576512,0.0,-0.034549511266417476
10y,Long CSI300 / Short CSI1000,2025-03-06,2.6821623551576512,2.6821623551576512,0.0,-0.034549511266417476
10y,Long CSI300 / Short CSI1000,2025-03-07,2.6821623551576512,2.6821623551576512,0.0,-0.034549511266417476
10y,Long CSI300 / Short CSI1000,2025-03-10,2.6821623551576512,2.6821623551576512,0.0,-0.034549511266417476
10y,Long CSI300 / Short CSI1000,2025-03-11,2.6821623551576512,2.6821623551576512,0.0,-0.034549511266417476
10y,Long CSI300 / Short CSI1000,2025-03-12,2.6821623551576512,2.6821623551576512,0.0,-0.034549511266417476
10y,Long CSI300 / Short CSI1000,2025-03-13,2.6821623551576512,2.6821623551576512,0.0,-0.034549511266417476
10y,Long CSI300 / Short CSI1000,2025-03-14,2.6821623551576512,2.6821623551576512,0.0,-0.034549511266417476
10y,Long CSI300 / Short CSI1000,2025-03-17,2.6821623551576512,2.6821623551576512,0.0,-0.034549511266417476
10y,Long CSI300 / Short CSI1000,2025-03-18,2.6821623551576512,2.6821623551576512,0.0,-0.034549511266417476
10y,Long CSI300 / Short CSI1000,2025-03-19,2.6821623551576512,2.6821623551576512,0.0,-0.034549511266417476
10y,Long CSI300 / Short CSI1000,2025-03-20,2.6821623551576512,2.6821623551576512,0.0,-0.034549511266417476
10y,Long CSI300 / Short CSI1000,2025-03-21,2.6821623551576512,2.6821623551576512,0.0,-0.034549511266417476
10y,Long CSI300 / Short CSI1000,2025-03-24,2.6821623551576512,2.6821623551576512,0.0,-0.034549511266417476
10y,Long CSI300 / Short CSI1000,2025-03-25,2.6911499749702217,2.6911499749702217,0.0033508858236294,-0.03131439691030402
10y,Long CSI300 / Short CSI1000,2025-03-26,2.6713998574612554,2.6713998574612554,-0.0073389137330352,-0.03842349698581249
10y,Long CSI300 / Short CSI1000,2025-03-27,2.676481483468554,2.676481483468554,0.0019022333901478,-0.03659435405459743
10y,Long CSI300 / Short CSI1000,2025-03-28,2.6834606743095164,2.6834606743095164,0.0026075991498802,-0.034082178311240496
10y,Long CSI300 / Short CSI1000,2025-03-31,2.6815258533886697,2.6815258533886697,-0.0007210170580736,-0.03477862153737532
10y,Long CSI300 / Short CSI1000,2025-04-01,2.667718916603907,2.667718916603907,-0.0051489105604985,-0.03974846008616051
10y,Long CSI300 / Short CSI1000,2025-04-02,2.6621478985913294,2.6621478985913294,-0.0020883077215906,-0.041753760791631955
10y,Long CSI300 / Short CSI1000,2025-04-03,2.670090789228333,2.670090789228333,0.0029836398801158,-0.038894699097358876
10y,Long CSI300 / Short CSI1000,2025-04-07,2.8004705534958845,2.8004705534958845,0.0488297120058721,0.0
10y,Long CSI300 / Short CSI1000,2025-04-08,2.7990703182191368,2.7990703182191368,-0.0005,-0.0004999999999999449
10y,Long CSI300 / Short CSI1000,2025-04-09,2.7990703182191368,2.7990703182191368,-0.0,-0.0004999999999999449
10y,Long CSI300 / Short CSI1000,2025-04-10,2.7990703182191368,2.7990703182191368,-0.0,-0.0004999999999999449
10y,Long CSI300 / Short CSI1000,2025-04-11,2.7990703182191368,2.7990703182191368,-0.0,-0.0004999999999999449
10y,Long CSI300 / Short CSI1000,2025-04-14,2.7990703182191368,2.7990703182191368,-0.0,-0.0004999999999999449
10y,Long CSI300 / Short CSI1000,2025-04-15,2.7990703182191368,2.7990703182191368,0.0,-0.0004999999999999449
10y,Long CSI300 / Short CSI1000,2025-04-16,2.7990703182191368,2.7990703182191368,0.0,-0.0004999999999999449
10y,Long CSI300 / Short CSI1000,2025-04-17,2.7990703182191368,2.7990703182191368,-0.0,-0.0004999999999999449
10y,Long CSI300 / Short CSI1000,2025-04-18,2.7990703182191368,2.7990703182191368,0.0,-0.0004999999999999449
10y,Long CSI300 / Short CSI1000,2025-04-21,2.7990703182191368,2.7990703182191368,-0.0,-0.0004999999999999449
10y,Long CSI300 / Short CSI1000,2025-04-22,2.7990703182191368,2.7990703182191368,0.0,-0.0004999999999999449
10y,Long CSI300 / Short CSI1000,2025-04-23,2.7990703182191368,2.7990703182191368,-0.0,-0.0004999999999999449
10y,Long CSI300 / Short CSI1000,2025-04-24,2.7990703182191368,2.7990703182191368,0.0,-0.0004999999999999449
10y,Long CSI300 / Short CSI1000,2025-04-25,2.7990703182191368,2.7990703182191368,-0.0,-0.0004999999999999449
10y,Long CSI300 / Short CSI1000,2025-04-28,2.7990703182191368,2.7990703182191368,0.0,-0.0004999999999999449
10y,Long CSI300 / Short CSI1000,2025-04-29,2.7990703182191368,2.7990703182191368,-0.0,-0.0004999999999999449
10y,Long CSI300 / Short CSI1000,2025-04-30,2.7990703182191368,2.7990703182191368,-0.0,-0.0004999999999999449
10y,Long CSI300 / Short CSI1000,2025-05-06,2.7990703182191368,2.7990703182191368,0.0,-0.0004999999999999449
10y,Long CSI300 / Short CSI1000,2025-05-07,2.7990703182191368,2.7990703182191368,0.0,-0.0004999999999999449
10y,Long CSI300 / Short CSI1000,2025-05-08,2.7990703182191368,2.7990703182191368,0.0,-0.0004999999999999449
10y,Long CSI300 / Short CSI1000,2025-05-09,2.7990703182191368,2.7990703182191368,0.0,-0.0004999999999999449
10y,Long CSI300 / Short CSI1000,2025-05-12,2.7990703182191368,2.7990703182191368,0.0,-0.0004999999999999449
10y,Long CSI300 / Short CSI1000,2025-05-13,2.7990703182191368,2.7990703182191368,0.0,-0.0004999999999999449
10y,Long CSI300 / Short CSI1000,2025-05-14,2.7990703182191368,2.7990703182191368,0.0,-0.0004999999999999449
10y,Long CSI300 / Short CSI1000,2025-05-15,2.7990703182191368,2.7990703182191368,0.0,-0.0004999999999999449
10y,Long CSI300 / Short CSI1000,2025-05-16,2.7990703182191368,2.7990703182191368,0.0,-0.0004999999999999449
10y,Long CSI300 / Short CSI1000,2025-05-19,2.7990703182191368,2.7990703182191368,0.0,-0.0004999999999999449
10y,Long CSI300 / Short CSI1000,2025-05-20,2.7990703182191368,2.7990703182191368,0.0,-0.0004999999999999449
10y,Long CSI300 / Short CSI1000,2025-05-21,2.7990703182191368,2.7990703182191368,0.0,-0.0004999999999999449
10y,Long CSI300 / Short CSI1000,2025-05-22,2.8263432342341788,2.8263432342341788,0.0097435622954959,0.0
10y,Long CSI300 / Short CSI1000,2025-05-23,2.839303159826604,2.839303159826604,0.0045854040073574,0.0
10y,Long CSI300 / Short CSI1000,2025-05-26,2.804776858482668,2.804776858482668,-0.0121601320466407,-0.012160132046640793
10y,Long CSI300 / Short CSI1000,2025-05-27,2.799166213226873,2.799166213226873,-0.0020003891713615,-0.01413619622153417
10y,Long CSI300 / Short CSI1000,2025-05-28,2.8080807480563,2.8080807480563,0.0031847107854128,-0.010996505132692791
10y,Long CSI300 / Short CSI1000,2025-05-29,2.775764760854291,2.775764760854291,-0.0115082115157755,-0.02237816654146696
10y,Long CSI300 / Short CSI1000,2025-05-30,2.7913662166226065,2.7913662166226065,0.0056205972452485,-0.01688334795743507
10y,Long CSI300 / Short CSI1000,2025-06-03,2.7798748623142724,2.7798748623142724,-0.0041167490814724,-0.02093059253171159
10y,Long CSI300 / Short CSI1000,2025-06-04,2.778484924883116,2.778484924883116,-0.0005,-0.021420127235445396
10y,Long CSI300 / Short CSI1000,2025-06-05,2.778484924883116,2.778484924883116,0.0,-0.021420127235445396
10y,Long CSI300 / Short CSI1000,2025-06-06,2.778484924883116,2.778484924883116,0.0,-0.021420127235445396
10y,Long CSI300 / Short CSI1000,2025-06-09,2.778484924883116,2.778484924883116,0.0,-0.021420127235445396
10y,Long CSI300 / Short CSI1000,2025-06-10,2.778484924883116,2.778484924883116,0.0,-0.021420127235445396
10y,Long CSI300 / Short CSI1000,2025-06-11,2.778484924883116,2.778484924883116,0.0,-0.021420127235445396
10y,Long CSI300 / Short CSI1000,2025-06-12,2.778484924883116,2.778484924883116,0.0,-0.021420127235445396
10y,Long CSI300 / Short CSI1000,2025-06-13,2.778484924883116,2.778484924883116,0.0,-0.021420127235445396
10y,Long CSI300 / Short CSI1000,2025-06-16,2.778484924883116,2.778484924883116,0.0,-0.021420127235445396
10y,Long CSI300 / Short CSI1000,2025-06-17,2.778484924883116,2.778484924883116,0.0,-0.021420127235445396
10y,Long CSI300 / Short CSI1000,2025-06-18,2.778484924883116,2.778484924883116,0.0,-0.021420127235445396
10y,Long CSI300 / Short CSI1000,2025-06-19,2.778484924883116,2.778484924883116,0.0,-0.021420127235445396
10y,Long CSI300 / Short CSI1000,2025-06-20,2.778484924883116,2.778484924883116,0.0,-0.021420127235445396
10y,Long CSI300 / Short CSI1000,2025-06-23,2.778484924883116,2.778484924883116,0.0,-0.021420127235445396
10y,Long CSI300 / Short CSI1000,2025-06-24,2.778484924883116,2.778484924883116,0.0,-0.021420127235445396
10y,Long CSI300 / Short CSI1000,2025-06-25,2.778484924883116,2.778484924883116,0.0,-0.021420127235445396
10y,Long CSI300 / Short CSI1000,2025-06-26,2.778484924883116,2.778484924883116,0.0,-0.021420127235445396
10y,Long CSI300 / Short CSI1000,2025-06-27,2.778484924883116,2.778484924883116,0.0,-0.021420127235445396
10y,Long CSI300 / Short CSI1000,2025-06-30,2.778484924883116,2.778484924883116,0.0,-0.021420127235445396
10y,Long CSI300 / Short CSI1000,2025-07-01,2.778484924883116,2.778484924883116,0.0,-0.021420127235445396
10y,Long CSI300 / Short CSI1000,2025-07-02,2.778484924883116,2.778484924883116,0.0,-0.021420127235445396
10y,Long CSI300 / Short CSI1000,2025-07-03,2.778484924883116,2.778484924883116,0.0,-0.021420127235445396
10y,Long CSI300 / Short CSI1000,2025-07-04,2.778484924883116,2.778484924883116,0.0,-0.021420127235445396
10y,Long CSI300 / Short CSI1000,2025-07-07,2.778484924883116,2.778484924883116,0.0,-0.021420127235445396
10y,Long CSI300 / Short CSI1000,2025-07-08,2.778484924883116,2.778484924883116,0.0,-0.021420127235445396
10y,Long CSI300 / Short CSI1000,2025-07-09,2.778484924883116,2.778484924883116,0.0,-0.021420127235445396
10y,Long CSI300 / Short CSI1000,2025-07-10,2.778484924883116,2.778484924883116,0.0,-0.021420127235445396
10y,Long CSI300 / Short CSI1000,2025-07-11,2.778484924883116,2.778484924883116,0.0,-0.021420127235445396
10y,Long CSI300 / Short CSI1000,2025-07-14,2.778484924883116,2.778484924883116,0.0,-0.021420127235445396
10y,Long CSI300 / Short CSI1000,2025-07-15,2.778484924883116,2.778484924883116,0.0,-0.021420127235445396
10y,Long CSI300 / Short CSI1000,2025-07-16,2.778484924883116,2.778484924883116,0.0,-0.021420127235445396
10y,Long CSI300 / Short CSI1000,2025-07-17,2.778484924883116,2.778484924883116,0.0,-0.021420127235445396
10y,Long CSI300 / Short CSI1000,2025-07-18,2.778484924883116,2.778484924883116,0.0,-0.021420127235445396
10y,Long CSI300 / Short CSI1000,2025-07-21,2.778484924883116,2.778484924883116,0.0,-0.021420127235445396
10y,Long CSI300 / Short CSI1000,2025-07-22,2.778484924883116,2.778484924883116,0.0,-0.021420127235445396
10y,Long CSI300 / Short CSI1000,2025-07-23,2.778484924883116,2.778484924883116,0.0,-0.021420127235445396
10y,Long CSI300 / Short CSI1000,2025-07-24,2.778484924883116,2.778484924883116,0.0,-0.021420127235445396
10y,Long CSI300 / Short CSI1000,2025-07-25,2.778484924883116,2.778484924883116,0.0,-0.021420127235445396
10y,Long CSI300 / Short CSI1000,2025-07-28,2.778484924883116,2.778484924883116,0.0,-0.021420127235445396
10y,Long CSI300 / Short CSI1000,2025-07-29,2.778484924883116,2.778484924883116,0.0,-0.021420127235445396
10y,Long CSI300 / Short CSI1000,2025-07-30,2.778484924883116,2.778484924883116,0.0,-0.021420127235445396
10y,Long CSI300 / Short CSI1000,2025-07-31,2.778484924883116,2.778484924883116,0.0,-0.021420127235445396
10y,Long CSI300 / Short CSI1000,2025-08-01,2.778484924883116,2.778484924883116,0.0,-0.021420127235445396
10y,Long CSI300 / Short CSI1000,2025-08-04,2.778484924883116,2.778484924883116,0.0,-0.021420127235445396
10y,Long CSI300 / Short CSI1000,2025-08-05,2.778484924883116,2.778484924883116,0.0,-0.021420127235445396
10y,Long CSI300 / Short CSI1000,2025-08-06,2.778484924883116,2.778484924883116,0.0,-0.021420127235445396
10y,Long CSI300 / Short CSI1000,2025-08-07,2.778484924883116,2.778484924883116,0.0,-0.021420127235445396
10y,Long CSI300 / Short CSI1000,2025-08-08,2.778484924883116,2.778484924883116,0.0,-0.021420127235445396
10y,Long CSI300 / Short CSI1000,2025-08-11,2.778484924883116,2.778484924883116,0.0,-0.021420127235445396
10y,Long CSI300 / Short CSI1000,2025-08-12,2.778484924883116,2.778484924883116,0.0,-0.021420127235445396
10y,Long CSI300 / Short CSI1000,2025-08-13,2.778484924883116,2.778484924883116,0.0,-0.021420127235445396
10y,Long CSI300 / Short CSI1000,2025-08-14,2.778484924883116,2.778484924883116,0.0,-0.021420127235445396
10y,Long CSI300 / Short CSI1000,2025-08-15,2.778484924883116,2.778484924883116,0.0,-0.021420127235445396
10y,Long CSI300 / Short CSI1000,2025-08-18,2.778484924883116,2.778484924883116,0.0,-0.021420127235445396
10y,Long CSI300 / Short CSI1000,2025-08-19,2.778484924883116,2.778484924883116,0.0,-0.021420127235445396
10y,Long CSI300 / Short CSI1000,2025-08-20,2.778484924883116,2.778484924883116,0.0,-0.021420127235445396
10y,Long CSI300 / Short CSI1000,2025-08-21,2.778484924883116,2.778484924883116,0.0,-0.021420127235445396
10y,Long CSI300 / Short CSI1000,2025-08-22,2.778484924883116,2.778484924883116,0.0,-0.021420127235445396
10y,Long CSI300 / Short CSI1000,2025-08-25,2.778484924883116,2.778484924883116,0.0,-0.021420127235445396
10y,Long CSI300 / Short CSI1000,2025-08-26,2.778484924883116,2.778484924883116,0.0,-0.021420127235445396
10y,Long CSI300 / Short CSI1000,2025-08-27,2.778484924883116,2.778484924883116,0.0,-0.021420127235445396
10y,Long CSI300 / Short CSI1000,2025-08-28,2.778484924883116,2.778484924883116,0.0,-0.021420127235445396
10y,Long CSI300 / Short CSI1000,2025-08-29,2.800795397771981,2.800795397771981,0.0080297260888697,-0.013562398901065142
10y,Long CSI300 / Short CSI1000,2025-09-01,2.7941170185751725,2.7941170185751725,-0.0023844580729178,-0.015914518002435152
10y,Long CSI300 / Short CSI1000,2025-09-02,2.8445899986358154,2.8445899986358154,0.0180640179795981,0.0
10y,Long CSI300 / Short CSI1000,2025-09-03,2.867138864698604,2.867138864698604,0.007926930093125,0.0
10y,Long CSI300 / Short CSI1000,2025-09-04,2.872358687794533,2.872358687794533,0.001820568637326,0.0
10y,Long CSI300 / Short CSI1000,2025-09-05,2.852105636069935,2.852105636069935,-0.0070510176220884,-0.007051017622088485
10y,Long CSI300 / Short CSI1000,2025-09-08,2.831198547971589,2.831198547971589,-0.0073304045382956,-0.01432973534880766
10y,Long CSI300 / Short CSI1000,2025-09-09,2.844425925449312,2.844425925449312,0.0046720063088474,-0.009724677653913938
10y,Long CSI300 / Short CSI1000,2025-09-10,2.848633058915289,2.848633058915289,0.0014790799888073,-0.00825998124122207
10y,Long CSI300 / Short CSI1000,2025-09-11,2.8475824036202284,2.8475824036202284,-0.0003688278810681,-0.008625762610911414
10y,Long CSI300 / Short CSI1000,2025-09-12,2.822507893074893,2.822507893074893,-0.0088055434369368,-0.017355351520501272
10y,Long CSI300 / Short CSI1000,2025-09-15,2.8322002693067554,2.8322002693067554,0.0034339589468084,-0.013980990138321547
10y,Long CSI300 / Short CSI1000,2025-09-16,2.800426809445132,2.800426809445132,-0.0112186486972548,-0.025042791018774935
10y,Long CSI300 / Short CSI1000,2025-09-17,2.791018944143385,2.791018944143385,-0.003359439807538,-0.028318101077272728
10y,Long CSI300 / Short CSI1000,2025-09-18,2.787499531944336,2.787499531944336,-0.0012609775388428,-0.029543370126714152
10y,Long CSI300 / Short CSI1000,2025-09-19,2.8041938777689865,2.8041938777689865,0.0059890039920493,-0.023731301496292323
10y,Long CSI300 / Short CSI1000,2025-09-22,2.7977884317326165,2.7977884317326165,-0.0022842379363106,-0.02596133149344715
10y,Long CSI300 / Short CSI1000,2025-09-23,2.8267640406754952,2.8267640406754952,0.0103566118918201,-0.015873591036099532
10y,Long CSI300 / Short CSI1000,2025-09-24,2.8253506586551578,2.8253506586551578,-0.0005,-0.01636565424058134
10y,Long CSI300 / Short CSI1000,2025-09-25,2.8253506586551578,2.8253506586551578,0.0,-0.01636565424058134
10y,Long CSI300 / Short CSI1000,2025-09-26,2.8253506586551578,2.8253506586551578,0.0,-0.01636565424058134
10y,Long CSI300 / Short CSI1000,2025-09-29,2.8253506586551578,2.8253506586551578,0.0,-0.01636565424058134
10y,Long CSI300 / Short CSI1000,2025-09-30,2.8253506586551578,2.8253506586551578,0.0,-0.01636565424058134
10y,Long CSI300 / Short CSI1000,2025-10-09,2.8384167107690272,2.8384167107690272,0.0046245771560577,-0.011816761315268542
10y,Long CSI300 / Short CSI1000,2025-10-10,2.824768526406369,2.824768526406369,-0.0048083793725131,-0.016568321216423376
10y,Long CSI300 / Short CSI1000,2025-10-13,2.81603883987478,2.81603883987478,-0.0030904077449115,-0.019607526093127547
10y,Long CSI300 / Short CSI1000,2025-10-14,2.837703167216623,2.837703167216623,0.0076931919528517,-0.012065178602230664
10y,Long CSI300 / Short CSI1000,2025-10-15,2.837286100252577,2.837286100252577,-0.0001469734286744,-0.01221037877023834
10y,Long CSI300 / Short CSI1000,2025-10-16,2.876125836050021,2.876125836050021,0.0136890445394231,0.0
10y,Long CSI300 / Short CSI1000,2025-10-17,2.8958918947767294,2.8958918947767294,0.0068724596396152,0.0
10y,Long CSI300 / Short CSI1000,2025-10-20,2.8896797587756846,2.8896797587756846,-0.0021451546627999,-0.002145154662799853
10y,Long CSI300 / Short CSI1000,2025-10-21,2.8921366214151285,2.8921366214151285,0.0008502196937161,-0.0012967588218242287
10y,Long CSI300 / Short CSI1000,2025-10-22,2.89508270479054,2.89508270479054,0.0010186529065039,-0.00027942686246296145
10y,Long CSI300 / Short CSI1000,2025-10-23,2.9053996902840344,2.9053996902840344,0.0035636237529321,0.0
10y,Long CSI300 / Short CSI1000,2025-10-24,2.8956387291851318,2.8956387291851318,-0.0033595932193235,-0.0033595932193234423
10y,Long CSI300 / Short CSI1000,2025-10-27,2.9002508484178007,2.9002508484178007,0.0015927813045819,-0.0017721630120124399
10y,Long CSI300 / Short CSI1000,2025-10-28,2.8916983281030446,2.8916983281030446,-0.0029488898587588,-0.004715826957237157
10y,Long CSI300 / Short CSI1000,2025-10-29,2.891375651136392,2.891375651136392,-0.0001115873545717,-0.00482688808515408
10y,Long CSI300 / Short CSI1000,2025-10-30,2.900479563993056,2.900479563993056,0.003148644090257,-0.0016934421475406358
10y,Long CSI300 / Short CSI1000,2025-10-31,2.8496185660501445,2.8496185660501445,-0.0175353753821632,-0.019199122385958778
10y,Long CSI300 / Short CSI1000,2025-11-03,2.8455195892901943,2.8455195892901943,-0.0014384299740268,-0.020609935766870757
10y,Long CSI300 / Short CSI1000,2025-11-04,2.8631878073096786,2.8631878073096786,0.0062091359644764,-0.014528769695789867
10y,Long CSI300 / Short CSI1000,2025-11-05,2.857298578826974,2.857298578826974,-0.0020568781648445,-0.01655576395148506
10y,Long CSI300 / Short CSI1000,2025-11-06,2.855869929537561,2.855869929537561,-0.0005,-0.017047486069509232
10y,Long CSI300 / Short CSI1000,2025-11-07,2.855869929537561,2.855869929537561,0.0,-0.017047486069509232
10y,Long CSI300 / Short CSI1000,2025-11-10,2.855869929537561,2.855869929537561,0.0,-0.017047486069509232
10y,Long CSI300 / Short CSI1000,2025-11-11,2.855869929537561,2.855869929537561,0.0,-0.017047486069509232
10y,Long CSI300 / Short CSI1000,2025-11-12,2.855869929537561,2.855869929537561,0.0,-0.017047486069509232
10y,Long CSI300 / Short CSI1000,2025-11-13,2.855869929537561,2.855869929537561,0.0,-0.017047486069509232
10y,Long CSI300 / Short CSI1000,2025-11-14,2.855869929537561,2.855869929537561,0.0,-0.017047486069509232
10y,Long CSI300 / Short CSI1000,2025-11-17,2.855869929537561,2.855869929537561,0.0,-0.017047486069509232
10y,Long CSI300 / Short CSI1000,2025-11-18,2.855869929537561,2.855869929537561,0.0,-0.017047486069509232
10y,Long CSI300 / Short CSI1000,2025-11-19,2.855869929537561,2.855869929537561,0.0,-0.017047486069509232
10y,Long CSI300 / Short CSI1000,2025-11-20,2.855869929537561,2.855869929537561,0.0,-0.017047486069509232
10y,Long CSI300 / Short CSI1000,2025-11-21,2.855869929537561,2.855869929537561,0.0,-0.017047486069509232
10y,Long CSI300 / Short CSI1000,2025-11-24,2.855869929537561,2.855869929537561,0.0,-0.017047486069509232
10y,Long CSI300 / Short CSI1000,2025-11-25,2.855869929537561,2.855869929537561,0.0,-0.017047486069509232
10y,Long CSI300 / Short CSI1000,2025-11-26,2.855869929537561,2.855869929537561,0.0,-0.017047486069509232
10y,Long CSI300 / Short CSI1000,2025-11-27,2.855869929537561,2.855869929537561,0.0,-0.017047486069509232
10y,Long CSI300 / Short CSI1000,2025-11-28,2.855869929537561,2.855869929537561,0.0,-0.017047486069509232
10y,Long CSI300 / Short CSI1000,2025-12-01,2.855869929537561,2.855869929537561,0.0,-0.017047486069509232
10y,Long CSI300 / Short CSI1000,2025-12-02,2.855869929537561,2.855869929537561,0.0,-0.017047486069509232
10y,Long CSI300 / Short CSI1000,2025-12-03,2.855869929537561,2.855869929537561,0.0,-0.017047486069509232
10y,Long CSI300 / Short CSI1000,2025-12-04,2.855869929537561,2.855869929537561,0.0,-0.017047486069509232
10y,Long CSI300 / Short CSI1000,2025-12-05,2.855869929537561,2.855869929537561,0.0,-0.017047486069509232
10y,Long CSI300 / Short CSI1000,2025-12-08,2.855869929537561,2.855869929537561,0.0,-0.017047486069509232
10y,Long CSI300 / Short CSI1000,2025-12-09,2.855869929537561,2.855869929537561,0.0,-0.017047486069509232
10y,Long CSI300 / Short CSI1000,2025-12-10,2.855869929537561,2.855869929537561,0.0,-0.017047486069509232
10y,Long CSI300 / Short CSI1000,2025-12-11,2.855869929537561,2.855869929537561,0.0,-0.017047486069509232
10y,Long CSI300 / Short CSI1000,2025-12-12,2.855869929537561,2.855869929537561,0.0,-0.017047486069509232
10y,Long CSI300 / Short CSI1000,2025-12-15,2.855869929537561,2.855869929537561,0.0,-0.017047486069509232
10y,Long CSI300 / Short CSI1000,2025-12-16,2.855869929537561,2.855869929537561,0.0,-0.017047486069509232
10y,Long CSI300 / Short CSI1000,2025-12-17,2.855869929537561,2.855869929537561,0.0,-0.017047486069509232
10y,Long CSI300 / Short CSI1000,2025-12-18,2.855869929537561,2.855869929537561,0.0,-0.017047486069509232
10y,Long CSI300 / Short CSI1000,2025-12-19,2.855869929537561,2.855869929537561,0.0,-0.017047486069509232
10y,Long CSI300 / Short CSI1000,2025-12-22,2.855869929537561,2.855869929537561,0.0,-0.017047486069509232
10y,Long CSI300 / Short CSI1000,2025-12-23,2.855869929537561,2.855869929537561,0.0,-0.017047486069509232
10y,Long CSI300 / Short CSI1000,2025-12-24,2.855869929537561,2.855869929537561,0.0,-0.017047486069509232
10y,Long CSI300 / Short CSI1000,2025-12-25,2.855869929537561,2.855869929537561,0.0,-0.017047486069509232
10y,Long CSI300 / Short CSI1000,2025-12-26,2.855869929537561,2.855869929537561,0.0,-0.017047486069509232
10y,Long CSI300 / Short CSI1000,2025-12-29,2.855869929537561,2.855869929537561,0.0,-0.017047486069509232
10y,Long CSI300 / Short CSI1000,2025-12-30,2.855869929537561,2.855869929537561,0.0,-0.017047486069509232
10y,Long CSI300 / Short CSI1000,2025-12-31,2.855869929537561,2.855869929537561,0.0,-0.017047486069509232
10y,Long CSI300 / Short CSI1000,2026-01-05,2.855869929537561,2.855869929537561,0.0,-0.017047486069509232
10y,Long CSI300 / Short CSI1000,2026-01-06,2.855869929537561,2.855869929537561,0.0,-0.017047486069509232
10y,Long CSI300 / Short CSI1000,2026-01-07,2.855869929537561,2.855869929537561,0.0,-0.017047486069509232
10y,Long CSI300 / Short CSI1000,2026-01-08,2.855869929537561,2.855869929537561,0.0,-0.017047486069509232
10y,Long CSI300 / Short CSI1000,2026-01-09,2.855869929537561,2.855869929537561,0.0,-0.017047486069509232
10y,Long CSI300 / Short CSI1000,2026-01-12,2.855869929537561,2.855869929537561,0.0,-0.017047486069509232
10y,Long CSI300 / Short CSI1000,2026-01-13,2.855869929537561,2.855869929537561,0.0,-0.017047486069509232
10y,Long CSI300 / Short CSI1000,2026-01-14,2.855869929537561,2.855869929537561,0.0,-0.017047486069509232
10y,Long CSI300 / Short CSI1000,2026-01-15,2.855869929537561,2.855869929537561,0.0,-0.017047486069509232
10y,Long CSI300 / Short CSI1000,2026-01-16,2.855869929537561,2.855869929537561,0.0,-0.017047486069509232
10y,Long CSI300 / Short CSI1000,2026-01-19,2.855869929537561,2.855869929537561,0.0,-0.017047486069509232
10y,Long CSI300 / Short CSI1000,2026-01-20,2.855869929537561,2.855869929537561,0.0,-0.017047486069509232
10y,Long CSI300 / Short CSI1000,2026-01-21,2.855869929537561,2.855869929537561,0.0,-0.017047486069509232
10y,Long CSI300 / Short CSI1000,2026-01-22,2.855869929537561,2.855869929537561,0.0,-0.017047486069509232
10y,Long CSI300 / Short CSI1000,2026-01-23,2.855869929537561,2.855869929537561,0.0,-0.017047486069509232
10y,Long CSI300 / Short CSI1000,2026-01-26,2.855869929537561,2.855869929537561,0.0,-0.017047486069509232
10y,Long CSI300 / Short CSI1000,2026-01-27,2.855869929537561,2.855869929537561,0.0,-0.017047486069509232
10y,Long CSI300 / Short CSI1000,2026-01-28,2.855869929537561,2.855869929537561,0.0,-0.017047486069509232
10y,Long CSI300 / Short CSI1000,2026-01-29,2.855869929537561,2.855869929537561,0.0,-0.017047486069509232
10y,Long CSI300 / Short CSI1000,2026-01-30,2.855869929537561,2.855869929537561,0.0,-0.017047486069509232
10y,Long CSI300 / Short CSI1000,2026-02-02,2.855869929537561,2.855869929537561,0.0,-0.017047486069509232
10y,Long CSI300 / Short CSI1000,2026-02-03,2.855869929537561,2.855869929537561,0.0,-0.017047486069509232
10y,Long CSI300 / Short CSI1000,2026-02-04,2.855869929537561,2.855869929537561,0.0,-0.017047486069509232
10y,Long CSI300 / Short CSI1000,2026-02-05,2.855869929537561,2.855869929537561,0.0,-0.017047486069509232
10y,Long CSI300 / Short CSI1000,2026-02-06,2.855869929537561,2.855869929537561,-0.0,-0.017047486069509232
10y,Long CSI300 / Short CSI1000,2026-02-09,2.855869929537561,2.855869929537561,-0.0,-0.017047486069509232
10y,Long CSI300 / Short CSI1000,2026-02-10,2.855869929537561,2.855869929537561,-0.0,-0.017047486069509232
10y,Long CSI300 / Short CSI1000,2026-02-11,2.855869929537561,2.855869929537561,-0.0,-0.017047486069509232
10y,Long CSI300 / Short CSI1000,2026-02-12,2.855869929537561,2.855869929537561,-0.0,-0.017047486069509232
10y,Long CSI300 / Short CSI1000,2026-02-13,2.855869929537561,2.855869929537561,0.0,-0.017047486069509232
10y,Long CSI300 / Short CSI1000,2026-02-24,2.855869929537561,2.855869929537561,-0.0,-0.017047486069509232
10y,Long CSI300 / Short CSI1000,2026-02-25,2.855869929537561,2.855869929537561,-0.0,-0.017047486069509232
10y,Long CSI300 / Short CSI1000,2026-02-26,2.855869929537561,2.855869929537561,-0.0,-0.017047486069509232
10y,Long CSI300 / Short CSI1000,2026-02-27,2.855869929537561,2.855869929537561,-0.0,-0.017047486069509232
10y,Long CSI300 / Short CSI1000,2026-03-02,2.855869929537561,2.855869929537561,0.0,-0.017047486069509232
10y,Long CSI300 / Short CSI1000,2026-03-03,2.855869929537561,2.855869929537561,0.0,-0.017047486069509232
10y,Long CSI300 / Short CSI1000,2026-03-04,2.855869929537561,2.855869929537561,0.0,-0.017047486069509232
10y,Long CSI300 / Short CSI1000,2026-03-05,2.855869929537561,2.855869929537561,0.0,-0.017047486069509232
10y,Long CSI300 / Short CSI1000,2026-03-06,2.855869929537561,2.855869929537561,-0.0,-0.017047486069509232
10y,Long CSI300 / Short CSI1000,2026-03-09,2.855869929537561,2.855869929537561,-0.0,-0.017047486069509232
10y,Long CSI300 / Short CSI1000,2026-03-10,2.855869929537561,2.855869929537561,-0.0,-0.017047486069509232
10y,Long CSI300 / Short CSI1000,2026-03-11,2.855869929537561,2.855869929537561,0.0,-0.017047486069509232
10y,Long CSI300 / Short CSI1000,2026-03-12,2.855869929537561,2.855869929537561,-0.0,-0.017047486069509232
10y,Long CSI300 / Short CSI1000,2026-03-13,2.855869929537561,2.855869929537561,0.0,-0.017047486069509232
10y,Long CSI300 / Short CSI1000,2026-03-16,2.855869929537561,2.855869929537561,0.0,-0.017047486069509232
10y,Long CSI300 / Short CSI1000,2026-03-17,2.855869929537561,2.855869929537561,0.0,-0.017047486069509232
10y,Long CSI300 / Short CSI1000,2026-03-18,2.855869929537561,2.855869929537561,-0.0,-0.017047486069509232
10y,Long CSI300 / Short CSI1000,2026-03-19,2.874974311778406,2.874974311778406,0.0066895141278155,-0.010472011340599385
10y,Long CSI300 / Short CSI1000,2026-03-20,2.911093614797995,2.911093614797995,0.0125633480868376,0.0
10y,Long CSI300 / Short CSI1000,2026-03-23,2.9583823391652326,2.9583823391652326,0.0162443159254153,0.0
10y,Long CSI300 / Short CSI1000,2026-03-24,2.95690314799565,2.95690314799565,-0.0005,-0.0004999999999999449
10y,Long CSI300 / Short CSI1000,2026-03-25,2.95690314799565,2.95690314799565,-0.0,-0.0004999999999999449
10y,Long CSI300 / Short CSI1000,2026-03-26,2.95690314799565,2.95690314799565,0.0,-0.0004999999999999449
10y,Long CSI300 / Short CSI1000,2026-03-27,2.95690314799565,2.95690314799565,-0.0,-0.0004999999999999449
10y,Long CSI300 / Short CSI1000,2026-03-30,2.95690314799565,2.95690314799565,-0.0,-0.0004999999999999449
10y,Long CSI300 / Short CSI1000,2026-03-31,2.95690314799565,2.95690314799565,0.0,-0.0004999999999999449
10y,Long CSI300 / Short CSI1000,2026-04-01,2.95690314799565,2.95690314799565,-0.0,-0.0004999999999999449
10y,Long CSI300 / Short CSI1000,2026-04-02,2.95690314799565,2.95690314799565,0.0,-0.0004999999999999449
10y,Long CSI300 / Short CSI1000,2026-04-03,2.95690314799565,2.95690314799565,0.0,-0.0004999999999999449
10y,Long CSI300 / Short CSI1000,2026-04-07,2.95690314799565,2.95690314799565,-0.0,-0.0004999999999999449
10y,Long CSI300 / Short CSI1000,2026-04-08,2.95690314799565,2.95690314799565,-0.0,-0.0004999999999999449
10y,Long CSI300 / Short CSI1000,2026-04-09,2.9490216305274126,2.9490216305274126,-0.0026654635183367,-0.0031641307865775126
10y,Long CSI300 / Short CSI1000,2026-04-10,2.9662631681533167,2.9662631681533167,0.0058465280306609,0.0
10y,Long CSI300 / Short CSI1000,2026-04-13,2.9621506940573656,2.9621506940573656,-0.0013864157907847,-0.0013864157907848007
10y,Long CSI300 / Short CSI1000,2026-04-14,2.952885106861208,2.952885106861208,-0.0031279931891197,-0.004510072280753619
10y,Long CSI300 / Short CSI1000,2026-04-15,2.957024295157038,2.957024295157038,0.0014017437678873,-0.0031146504785785067
10y,Long CSI300 / Short CSI1000,2026-04-16,2.955467548500149,2.955467548500149,-0.0005264571750183,-0.00363946792350478
10y,Long CSI300 / Short CSI1000,2026-04-17,2.955467548500149,2.955467548500149,0.0,-0.00363946792350478
10y,Long CSI300 / Short CSI1000,2026-04-20,2.955467548500149,2.955467548500149,0.0,-0.00363946792350478
10y,Long CSI300 / Short CSI1000,2026-04-21,2.955467548500149,2.955467548500149,0.0,-0.00363946792350478
10y,Long CSI300 / Short CSI1000,2026-04-22,2.955467548500149,2.955467548500149,0.0,-0.00363946792350478
10y,Long CSI300 / Short CSI1000,2026-04-23,2.955467548500149,2.955467548500149,0.0,-0.00363946792350478
10y,Long CSI300 / Short CSI1000,2026-04-24,2.955467548500149,2.955467548500149,0.0,-0.00363946792350478
10y,Long CSI300 / Short CSI1000,2026-04-27,2.955467548500149,2.955467548500149,0.0,-0.00363946792350478
10y,Long CSI300 / Short CSI1000,2026-04-28,2.955467548500149,2.955467548500149,0.0,-0.00363946792350478
10y,Long CSI300 / Short CSI1000,2026-04-29,2.955467548500149,2.955467548500149,0.0,-0.00363946792350478
10y,Long CSI300 / Short CSI1000,2026-04-30,2.955467548500149,2.955467548500149,0.0,-0.00363946792350478
10y,Long CSI300 / Short CSI1000,2026-05-06,2.955467548500149,2.955467548500149,0.0,-0.00363946792350478
10y,Long CSI300 / Short CSI1000,2026-05-07,2.955467548500149,2.955467548500149,0.0,-0.00363946792350478
10y,Long CSI300 / Short CSI1000,2026-05-08,2.955467548500149,2.955467548500149,0.0,-0.00363946792350478
10y,Long CSI300 / Short CSI1000,2026-05-11,2.955467548500149,2.955467548500149,0.0,-0.00363946792350478
10y,Long CSI300 / Short CSI1000,2026-05-12,2.955467548500149,2.955467548500149,0.0,-0.00363946792350478
10y,Long CSI300 / Short CSI1000,2026-05-13,2.955467548500149,2.955467548500149,0.0,-0.00363946792350478
10y,Long CSI300 / Short CSI1000,2026-05-14,2.955467548500149,2.955467548500149,0.0,-0.00363946792350478
10y,Long CSI300 / Short CSI1000,2026-05-15,2.955467548500149,2.955467548500149,0.0,-0.00363946792350478
10y,Long CSI300 / Short CSI1000,2026-05-18,2.955467548500149,2.955467548500149,0.0,-0.00363946792350478
10y,Long CSI300 / Short CSI1000,2026-05-19,2.955467548500149,2.955467548500149,0.0,-0.00363946792350478
10y,Long CSI300 / Short CSI1000,2026-05-20,2.955467548500149,2.955467548500149,0.0,-0.00363946792350478
10y,Long CSI300 / Short CSI1000,2026-05-21,2.955467548500149,2.955467548500149,0.0,-0.00363946792350478
10y,Long CSI300 / Short CSI1000,2026-05-22,2.955467548500149,2.955467548500149,0.0,-0.00363946792350478
10y,Long CSI300 / Short CSI1000,2026-05-25,2.955467548500149,2.955467548500149,0.0,-0.00363946792350478
10y,Long CSI300 / Short CSI1000,2026-05-26,2.955467548500149,2.955467548500149,0.0,-0.00363946792350478
10y,Long CSI300 / Short CSI1000,2026-05-27,2.955467548500149,2.955467548500149,0.0,-0.00363946792350478
10y,Long CSI300 / Short CSI1000,2026-05-28,2.955467548500149,2.955467548500149,0.0,-0.00363946792350478
10y,Long CSI300 / Short CSI1000,2026-05-29,2.955467548500149,2.955467548500149,0.0,-0.00363946792350478
10y,Long CSI300 / Short CSI1000,2026-06-01,2.955467548500149,2.955467548500149,-0.0,-0.00363946792350478
10y,Long CSI300 / Short CSI1000,2026-06-02,2.955467548500149,2.955467548500149,0.0,-0.00363946792350478
10y,Long CSI300 / Short CSI1000,2026-06-03,2.955467548500149,2.955467548500149,-0.0,-0.00363946792350478
10y,Long CSI300 / Short CSI1000,2026-06-04,2.955467548500149,2.955467548500149,-0.0,-0.00363946792350478
10y,Long CSI300 / Short CSI1000,2026-06-05,2.955467548500149,2.955467548500149,-0.0,-0.00363946792350478
2y,50/50 Combo,2024-06-05,2.5623127093496345,1.0,0.0037128955814853,0.0
2y,50/50 Combo,2024-06-06,2.589653778177223,1.0106704652901355,0.0106704652901356,0.0
2y,50/50 Combo,2024-06-07,2.577439411931535,1.0059035349302623,-0.004716602021713,-0.00471660202171309
2y,50/50 Combo,2024-06-11,2.555036511246941,0.9971603005065919,-0.0086919213622969,-0.013367527050140104
2y,50/50 Combo,2024-06-12,2.5511889693612595,0.9956587109965986,-0.0015058657161045,-0.014853263065550681
2y,50/50 Combo,2024-06-13,2.5535884179076604,0.9965951496044414,0.000940521684288,-0.013926711197257968
2y,50/50 Combo,2024-06-14,2.5590626789210096,0.9987316027365567,0.002143752287941,-0.011812814328309718
2y,50/50 Combo,2024-06-17,2.556318057238966,0.9976604525713062,-0.0010725105346778,-0.012872655495176133
2y,50/50 Combo,2024-06-18,2.5491001084651312,0.9948434861848471,-0.0028235722676976,-0.015659880889806077
2y,50/50 Combo,2024-06-19,2.5595806641929637,0.9989337581058307,0.0041114727872113,-0.011612793276723932
2y,50/50 Combo,2024-06-20,2.5764425778742357,1.0055144980833302,0.006587764127601,-0.00510153149209247
2y,50/50 Combo,2024-06-21,2.573800528649381,1.0044833791198977,-0.0010254640439275,-0.0061217640989059685
2y,50/50 Combo,2024-06-24,2.612074609965689,1.0194206977292342,0.0148706478572339,0.0
2y,50/50 Combo,2024-06-25,2.61139794548284,1.0191566142391981,-0.000259052509552,-0.00025905250955204906
2y,50/50 Combo,2024-06-26,2.61139794548284,1.0191566142391981,0.0,-0.00025905250955204906
2y,50/50 Combo,2024-06-27,2.61139794548284,1.0191566142391981,0.0,-0.00025905250955204906
2y,50/50 Combo,2024-06-28,2.61139794548284,1.0191566142391981,0.0,-0.00025905250955204906
2y,50/50 Combo,2024-07-01,2.61139794548284,1.0191566142391981,0.0,-0.00025905250955204906
2y,50/50 Combo,2024-07-02,2.61139794548284,1.0191566142391981,0.0,-0.00025905250955204906
2y,50/50 Combo,2024-07-03,2.61139794548284,1.0191566142391981,0.0,-0.00025905250955204906
2y,50/50 Combo,2024-07-04,2.61139794548284,1.0191566142391981,0.0,-0.00025905250955204906
2y,50/50 Combo,2024-07-05,2.61139794548284,1.0191566142391981,0.0,-0.00025905250955204906
2y,50/50 Combo,2024-07-08,2.61139794548284,1.0191566142391981,0.0,-0.00025905250955204906
2y,50/50 Combo,2024-07-09,2.61139794548284,1.0191566142391981,0.0,-0.00025905250955204906
2y,50/50 Combo,2024-07-10,2.61139794548284,1.0191566142391981,0.0,-0.00025905250955204906
2y,50/50 Combo,2024-07-11,2.61139794548284,1.0191566142391981,0.0,-0.00025905250955204906
2y,50/50 Combo,2024-07-12,2.61139794548284,1.0191566142391981,0.0,-0.00025905250955204906
2y,50/50 Combo,2024-07-15,2.61139794548284,1.0191566142391981,0.0,-0.00025905250955204906
2y,50/50 Combo,2024-07-16,2.61139794548284,1.0191566142391981,0.0,-0.00025905250955204906
2y,50/50 Combo,2024-07-17,2.61139794548284,1.0191566142391981,0.0,-0.00025905250955204906
2y,50/50 Combo,2024-07-18,2.61139794548284,1.0191566142391981,0.0,-0.00025905250955204906
2y,50/50 Combo,2024-07-19,2.61139794548284,1.0191566142391981,0.0,-0.00025905250955204906
2y,50/50 Combo,2024-07-22,2.61139794548284,1.0191566142391981,0.0,-0.00025905250955204906
2y,50/50 Combo,2024-07-23,2.61139794548284,1.0191566142391981,0.0,-0.00025905250955204906
2y,50/50 Combo,2024-07-24,2.61139794548284,1.0191566142391981,0.0,-0.00025905250955204906
2y,50/50 Combo,2024-07-25,2.61139794548284,1.0191566142391981,0.0,-0.00025905250955204906
2y,50/50 Combo,2024-07-26,2.61139794548284,1.0191566142391981,0.0,-0.00025905250955204906
2y,50/50 Combo,2024-07-29,2.61139794548284,1.0191566142391981,0.0,-0.00025905250955204906
2y,50/50 Combo,2024-07-30,2.61139794548284,1.0191566142391981,0.0,-0.00025905250955204906
2y,50/50 Combo,2024-07-31,2.61139794548284,1.0191566142391981,0.0,-0.00025905250955204906
2y,50/50 Combo,2024-08-01,2.61139794548284,1.0191566142391981,0.0,-0.00025905250955204906
2y,50/50 Combo,2024-08-02,2.61139794548284,1.0191566142391981,0.0,-0.00025905250955204906
2y,50/50 Combo,2024-08-05,2.5907553264423484,1.011100369205105,-0.0079048155323087,-0.008161820279559473
2y,50/50 Combo,2024-08-06,2.5901076376107377,1.0108475941128037,-0.00025,-0.00840977982448965
2y,50/50 Combo,2024-08-07,2.5901076376107377,1.0108475941128037,0.0,-0.00840977982448965
2y,50/50 Combo,2024-08-08,2.5901076376107377,1.0108475941128037,0.0,-0.00840977982448965
2y,50/50 Combo,2024-08-09,2.5901076376107377,1.0108475941128037,0.0,-0.00840977982448965
2y,50/50 Combo,2024-08-12,2.5901076376107377,1.0108475941128037,0.0,-0.00840977982448965
2y,50/50 Combo,2024-08-13,2.5901076376107377,1.0108475941128037,0.0,-0.00840977982448965
2y,50/50 Combo,2024-08-14,2.5901076376107377,1.0108475941128037,0.0,-0.00840977982448965
2y,50/50 Combo,2024-08-15,2.5901076376107377,1.0108475941128037,0.0,-0.00840977982448965
2y,50/50 Combo,2024-08-16,2.5901076376107377,1.0108475941128037,0.0,-0.00840977982448965
2y,50/50 Combo,2024-08-19,2.5901076376107377,1.0108475941128037,0.0,-0.00840977982448965
2y,50/50 Combo,2024-08-20,2.5901076376107377,1.0108475941128037,0.0,-0.00840977982448965
2y,50/50 Combo,2024-08-21,2.5901076376107377,1.0108475941128037,0.0,-0.00840977982448965
2y,50/50 Combo,2024-08-22,2.5901076376107377,1.0108475941128037,0.0,-0.00840977982448965
2y,50/50 Combo,2024-08-23,2.593939962325172,1.012343244780441,0.0014796005612994,-0.0069426223781390295
2y,50/50 Combo,2024-08-26,2.587744062626643,1.00992515596719,-0.0023886056687972,-0.009314644859767407
2y,50/50 Combo,2024-08-27,2.5957427684365544,1.0130468302970737,0.0030909957153152,-0.0062524406718034164
2y,50/50 Combo,2024-08-28,2.5852080978531373,1.0089354388400602,-0.0040584416574382,-0.010285507163558583
2y,50/50 Combo,2024-08-29,2.5613321230976838,0.9996173042234959,-0.0092356103848203,-0.019426124611605755
2y,50/50 Combo,2024-08-30,2.554077874559556,0.996786171039924,-0.0028322170610791,-0.022203322671129566
2y,50/50 Combo,2024-09-02,2.559196430194129,0.9987838021705412,0.0020040718748467,-0.020243747850776206
2y,50/50 Combo,2024-09-03,2.551305293694909,0.9957041091766198,-0.0030834430706913,-0.02326477047743214
2y,50/50 Combo,2024-09-04,2.5506674673714858,0.9954551831493258,-0.00025,-0.02350895428481259
2y,50/50 Combo,2024-09-05,2.5506674673714858,0.9954551831493258,0.0,-0.02350895428481259
2y,50/50 Combo,2024-09-06,2.5506674673714858,0.9954551831493258,0.0,-0.02350895428481259
2y,50/50 Combo,2024-09-09,2.5506674673714858,0.9954551831493258,0.0,-0.02350895428481259
2y,50/50 Combo,2024-09-10,2.5506674673714858,0.9954551831493258,0.0,-0.02350895428481259
2y,50/50 Combo,2024-09-11,2.5506674673714858,0.9954551831493258,0.0,-0.02350895428481259
2y,50/50 Combo,2024-09-12,2.5506674673714858,0.9954551831493258,0.0,-0.02350895428481259
2y,50/50 Combo,2024-09-13,2.5506674673714858,0.9954551831493258,0.0,-0.02350895428481259
2y,50/50 Combo,2024-09-18,2.5506674673714858,0.9954551831493258,0.0,-0.02350895428481259
2y,50/50 Combo,2024-09-19,2.5506674673714858,0.9954551831493258,0.0,-0.02350895428481259
2y,50/50 Combo,2024-09-20,2.5506674673714858,0.9954551831493258,0.0,-0.02350895428481259
2y,50/50 Combo,2024-09-23,2.5506674673714858,0.9954551831493258,0.0,-0.02350895428481259
2y,50/50 Combo,2024-09-24,2.5506674673714858,0.9954551831493258,0.0,-0.02350895428481259
2y,50/50 Combo,2024-09-25,2.5506674673714858,0.9954551831493258,0.0,-0.02350895428481259
2y,50/50 Combo,2024-09-26,2.5506674673714858,0.9954551831493258,0.0,-0.02350895428481259
2y,50/50 Combo,2024-09-27,2.5506674673714858,0.9954551831493258,0.0,-0.02350895428481259
2y,50/50 Combo,2024-09-30,2.5506674673714858,0.9954551831493258,0.0,-0.02350895428481259
2y,50/50 Combo,2024-10-08,2.5506674673714858,0.9954551831493258,0.0,-0.02350895428481259
2y,50/50 Combo,2024-10-09,2.5506674673714858,0.9954551831493258,0.0,-0.02350895428481259
2y,50/50 Combo,2024-10-10,2.5506674673714858,0.9954551831493258,0.0,-0.02350895428481259
2y,50/50 Combo,2024-10-11,2.5506674673714858,0.9954551831493258,0.0,-0.02350895428481259
2y,50/50 Combo,2024-10-14,2.5506674673714858,0.9954551831493258,0.0,-0.02350895428481259
2y,50/50 Combo,2024-10-15,2.5506674673714858,0.9954551831493258,0.0,-0.02350895428481259
2y,50/50 Combo,2024-10-16,2.5506674673714858,0.9954551831493258,0.0,-0.02350895428481259
2y,50/50 Combo,2024-10-17,2.5506674673714858,0.9954551831493258,0.0,-0.02350895428481259
2y,50/50 Combo,2024-10-18,2.5506674673714858,0.9954551831493258,0.0,-0.02350895428481259
2y,50/50 Combo,2024-10-21,2.571390838241232,1.0035429433958127,0.0081246854538439,-0.015575271689881487
2y,50/50 Combo,2024-10-22,2.570216818105279,1.0030847557079208,-0.000456570085921,-0.016024730572669177
2y,50/50 Combo,2024-10-23,2.568434311645905,1.0023890925857462,-0.0006935237707642,-0.016707140811861088
2y,50/50 Combo,2024-10-24,2.5737118298710606,1.004448762432404,0.0020547608327866,-0.014686709157642253
2y,50/50 Combo,2024-10-25,2.589433916773874,1.0105846594466306,0.0061087207667693,-0.008667705396099845
2y,50/50 Combo,2024-10-28,2.6100868380555173,1.0186449251613823,0.0079758441209323,-0.0007609935422930869
2y,50/50 Combo,2024-10-29,2.6019299152683644,1.0154615031077863,-0.0031251537949709,-0.0038837691154074427
2y,50/50 Combo,2024-10-30,2.6214942432065764,1.0230969208563008,0.0075191602292616,0.0
2y,50/50 Combo,2024-10-31,2.6421407432307484,1.031154680531314,0.007875851750457,0.0
2y,50/50 Combo,2024-11-01,2.6022114132869363,1.0155713640227109,-0.0151124916589369,-0.01511249165893691
2y,50/50 Combo,2024-11-04,2.6107417998851337,1.0189005387042676,0.0032781297302137,-0.011883902636927846
2y,50/50 Combo,2024-11-05,2.6234191220329435,1.02384814798769,0.0048558314531017,-0.007085777412036087
2y,50/50 Combo,2024-11-06,2.635639320975911,1.028617354688487,0.0046581191851258,-0.00246066462261485
2y,50/50 Combo,2024-11-07,2.6195524969152246,1.0223391108184132,-0.0061035756799718,-0.008549221449839606
2y,50/50 Combo,2024-11-08,2.6368117498065136,1.0290749213337775,0.0065886264587609,-0.0020169226177249033
2y,50/50 Combo,2024-11-11,2.65995485639156,1.038107037710752,0.0087769278890479,0.0
2y,50/50 Combo,2024-11-12,2.6569398170995786,1.0369303510085475,-0.0011334926548608,-0.001133492654860846
2y,50/50 Combo,2024-11-13,2.645238314674886,1.0323635772568525,-0.0044041277673599,-0.005532628375745419
2y,50/50 Combo,2024-11-14,2.626537542080801,1.025065181348403,-0.0070695984140027,-0.012563113328957876
2y,50/50 Combo,2024-11-15,2.618701833897839,1.0220071204979961,-0.0029832842886968,-0.015508918279043327
2y,50/50 Combo,2024-11-18,2.5923991851432837,1.0117419219300854,-0.0100441556247757,-0.02539729991505235
2y,50/50 Combo,2024-11-19,2.604535024560005,1.0164782054338275,0.0046813158584026,-0.020834876839502692
2y,50/50 Combo,2024-11-20,2.604209457681935,1.0163511456581482,-0.000125,-0.02095727247989776
2y,50/50 Combo,2024-11-21,2.604209457681935,1.0163511456581482,0.0,-0.02095727247989776
2y,50/50 Combo,2024-11-22,2.604209457681935,1.0163511456581482,0.0,-0.02095727247989776
2y,50/50 Combo,2024-11-25,2.604209457681935,1.0163511456581482,0.0,-0.02095727247989776
2y,50/50 Combo,2024-11-26,2.604209457681935,1.0163511456581482,0.0,-0.02095727247989776
2y,50/50 Combo,2024-11-27,2.604209457681935,1.0163511456581482,0.0,-0.02095727247989776
2y,50/50 Combo,2024-11-28,2.604209457681935,1.0163511456581482,0.0,-0.02095727247989776
2y,50/50 Combo,2024-11-29,2.604209457681935,1.0163511456581482,0.0,-0.02095727247989776
2y,50/50 Combo,2024-12-02,2.604209457681935,1.0163511456581482,0.0,-0.02095727247989776
2y,50/50 Combo,2024-12-03,2.604209457681935,1.0163511456581482,0.0,-0.02095727247989776
2y,50/50 Combo,2024-12-04,2.604209457681935,1.0163511456581482,0.0,-0.02095727247989776
2y,50/50 Combo,2024-12-05,2.604209457681935,1.0163511456581482,0.0,-0.02095727247989776
2y,50/50 Combo,2024-12-06,2.604209457681935,1.0163511456581482,0.0,-0.02095727247989776
2y,50/50 Combo,2024-12-09,2.604209457681935,1.0163511456581482,0.0,-0.02095727247989776
2y,50/50 Combo,2024-12-10,2.604209457681935,1.0163511456581482,0.0,-0.02095727247989776
2y,50/50 Combo,2024-12-11,2.604209457681935,1.0163511456581482,0.0,-0.02095727247989776
2y,50/50 Combo,2024-12-12,2.601748718289642,1.015390786923122,-0.000944908400142,-0.021882378177229378
2y,50/50 Combo,2024-12-13,2.6036389084066887,1.0161284760077327,0.000726507561533,-0.021171768328906326
2y,50/50 Combo,2024-12-16,2.594458133613926,1.012545472746943,-0.0035261321234367,-0.0246232459999286
2y,50/50 Combo,2024-12-17,2.593809519080523,1.0122923363787564,-0.00025,-0.024867090188428476
2y,50/50 Combo,2024-12-18,2.593809519080523,1.0122923363787564,0.0,-0.024867090188428476
2y,50/50 Combo,2024-12-19,2.593809519080523,1.0122923363787564,0.0,-0.024867090188428476
2y,50/50 Combo,2024-12-20,2.593809519080523,1.0122923363787564,0.0,-0.024867090188428476
2y,50/50 Combo,2024-12-23,2.593809519080523,1.0122923363787564,0.0,-0.024867090188428476
2y,50/50 Combo,2024-12-24,2.593809519080523,1.0122923363787564,0.0,-0.024867090188428476
2y,50/50 Combo,2024-12-25,2.593809519080523,1.0122923363787564,0.0,-0.024867090188428476
2y,50/50 Combo,2024-12-26,2.593809519080523,1.0122923363787564,0.0,-0.024867090188428476
2y,50/50 Combo,2024-12-27,2.593809519080523,1.0122923363787564,0.0,-0.024867090188428476
2y,50/50 Combo,2024-12-30,2.593809519080523,1.0122923363787564,0.0,-0.024867090188428476
2y,50/50 Combo,2024-12-31,2.593809519080523,1.0122923363787564,0.0,-0.024867090188428476
2y,50/50 Combo,2025-01-02,2.593809519080523,1.0122923363787564,0.0,-0.024867090188428476
2y,50/50 Combo,2025-01-03,2.593809519080523,1.0122923363787564,0.0,-0.024867090188428476
2y,50/50 Combo,2025-01-06,2.593809519080523,1.0122923363787564,0.0,-0.024867090188428476
2y,50/50 Combo,2025-01-07,2.593809519080523,1.0122923363787564,0.0,-0.024867090188428476
2y,50/50 Combo,2025-01-08,2.593809519080523,1.0122923363787564,0.0,-0.024867090188428476
2y,50/50 Combo,2025-01-09,2.593809519080523,1.0122923363787564,0.0,-0.024867090188428476
2y,50/50 Combo,2025-01-10,2.593809519080523,1.0122923363787564,0.0,-0.024867090188428476
2y,50/50 Combo,2025-01-13,2.593809519080523,1.0122923363787564,0.0,-0.024867090188428476
2y,50/50 Combo,2025-01-14,2.593809519080523,1.0122923363787564,0.0,-0.024867090188428476
2y,50/50 Combo,2025-01-15,2.593809519080523,1.0122923363787564,0.0,-0.024867090188428476
2y,50/50 Combo,2025-01-16,2.593809519080523,1.0122923363787564,0.0,-0.024867090188428476
2y,50/50 Combo,2025-01-17,2.593809519080523,1.0122923363787564,0.0,-0.024867090188428476
2y,50/50 Combo,2025-01-20,2.593809519080523,1.0122923363787564,0.0,-0.024867090188428476
2y,50/50 Combo,2025-01-21,2.593809519080523,1.0122923363787564,0.0,-0.024867090188428476
2y,50/50 Combo,2025-01-22,2.593809519080523,1.0122923363787564,0.0,-0.024867090188428476
2y,50/50 Combo,2025-01-23,2.593809519080523,1.0122923363787564,0.0,-0.024867090188428476
2y,50/50 Combo,2025-01-24,2.593809519080523,1.0122923363787564,0.0,-0.024867090188428476
2y,50/50 Combo,2025-01-27,2.5860719418295446,1.0092725733253458,-0.0029830938602311,-0.02777600318459672
2y,50/50 Combo,2025-02-05,2.5937529597795885,1.012270262843107,0.0029701485971074,-0.02488835344438134
2y,50/50 Combo,2025-02-06,2.603160631002315,1.0159418175243133,0.00362704982649,-0.021351574915933202
2y,50/50 Combo,2025-02-07,2.605772285191585,1.0169610741434372,0.001003262786847,-0.020369733369639986
2y,50/50 Combo,2025-02-10,2.619192773894598,1.022198720842079,0.0051502922105975,-0.015324351238148015
2y,50/50 Combo,2025-02-11,2.620922880264654,1.0228739336542165,0.0006605494590926,-0.01467392427097658
2y,50/50 Combo,2025-02-12,2.628449580868739,1.025811397366831,0.0028717749235432,-0.011844289555184462
2y,50/50 Combo,2025-02-13,2.6182669000016907,1.0218373777907297,-0.0038740255628881,-0.015672430037561802
2y,50/50 Combo,2025-02-14,2.614602018856815,1.020407075731382,-0.0013997355062899,-0.017050228287058267
2y,50/50 Combo,2025-02-17,2.6186567532031835,1.0219895267458787,0.0015508036470276,-0.015525866196240967
2y,50/50 Combo,2025-02-18,2.600920466797698,1.0150675432031335,-0.0067730474350217,-0.022193756203045756
2y,50/50 Combo,2025-02-19,2.622664273459983,1.0235535514030474,0.008360042892452,-0.01401925406439608
2y,50/50 Combo,2025-02-20,2.636019537239325,1.0287657426124226,0.0050922506225788,-0.008998392997054405
2y,50/50 Combo,2025-02-21,2.64319686761604,1.0315668567584537,0.0027227910397928,-0.006300102701086385
2y,50/50 Combo,2025-02-24,2.6491409748841988,1.0338866779287852,0.0022488325939642,-0.004065437983421849
2y,50/50 Combo,2025-02-25,2.658083966548491,1.0373768809909096,0.0033758081389697,-0.0007033539830849644
2y,50/50 Combo,2025-02-26,2.6647920810077803,1.0399948731020254,0.0025236653708874,0.0
2y,50/50 Combo,2025-02-27,2.6569774748735138,1.0369450477993793,-0.0029325387860321,-0.0029325387860319463
2y,50/50 Combo,2025-02-28,2.635868547700802,1.0287068155587604,-0.0079447143878089,-0.0108539549907547
2y,50/50 Combo,2025-03-03,2.637085949109862,1.0291819337613974,0.0004618596819337,-0.010397108313020764
2y,50/50 Combo,2025-03-04,2.655850236704433,1.0365051178232418,0.0071155388776404,-0.0033555504637966527
2y,50/50 Combo,2025-03-05,2.658390903723472,1.0374966701071486,0.0009566303792007,-0.0024021301061084577
2y,50/50 Combo,2025-03-06,2.668380836618189,1.0413954654642745,0.003757887104084,0.0
2y,50/50 Combo,2025-03-07,2.6669440265478994,1.0408347181108986,-0.0005384576483881,-0.0005384576483881132
2y,50/50 Combo,2025-03-10,2.674823982051412,1.043910047470488,0.0029546759980981,0.0
2y,50/50 Combo,2025-03-11,2.6768324689024463,1.0446939045085872,0.0007508856150952,0.0
2y,50/50 Combo,2025-03-12,2.68478973885177,1.0477994075645913,0.0029726439894038,0.0
2y,50/50 Combo,2025-03-13,2.669614174915002,1.041876803394775,-0.0056524217584568,-0.005652421758456927
2y,50/50 Combo,2025-03-14,2.658993716769108,1.0377319314175406,-0.0039782745558102,-0.009608209428606851
2y,50/50 Combo,2025-03-17,2.6659741120726994,1.040456187234608,0.0026252018797822,-0.007008231038277746
2y,50/50 Combo,2025-03-18,2.666077753689525,1.0404966356999525,3.887570263948214e-05,-0.006969627785544108
2y,50/50 Combo,2025-03-19,2.6609113149441903,1.0384803171114825,-0.0019378424872211,-0.008893964231922347
2y,50/50 Combo,2025-03-20,2.6637705565925245,1.0395962002891685,0.0010745347401382,-0.007828986365328805
2y,50/50 Combo,2025-03-21,2.6606330897242136,1.038371733479609,-0.0011778292467967,-0.008997594403011955
2y,50/50 Combo,2025-03-24,2.660300510587998,1.038241937012924,-0.000125,-0.009121469703711416
2y,50/50 Combo,2025-03-25,2.66475769222176,1.0399814521070414,0.0016754429118147,-0.007461309293656959
2y,50/50 Combo,2025-03-26,2.654979478810431,1.036165285026556,-0.0036694568665176,-0.011103387207554105
2y,50/50 Combo,2025-03-27,2.6575046741178063,1.037150799128001,0.0009511166950739,-0.010162831129424954
2y,50/50 Combo,2025-03-28,2.6609695275823224,1.0385030358990526,0.0013037995749401,-0.008872281849391705
2y,50/50 Combo,2025-03-31,2.660010225372122,1.0381286466971804,-0.0003605085290368,-0.00922959184514982
2y,50/50 Combo,2025-04-01,2.653162148001896,1.035456030921113,-0.0025744552802492,-0.011780285953938652
2y,50/50 Combo,2025-04-02,2.6503918385017435,1.0343748555087429,-0.0010441538607953,-0.01281213938367387
2y,50/50 Combo,2025-04-03,2.6543457458953874,1.0359179565436853,0.0014918199400579,-0.011339432848623376
2y,50/50 Combo,2025-04-07,2.719151215063429,1.061209744283555,0.024414856002936,0.0
2y,50/50 Combo,2025-04-08,2.7184714272596637,1.0609444418474845,-0.00025,-0.0002499999999997504
2y,50/50 Combo,2025-04-09,2.7184714272596637,1.0609444418474845,0.0,-0.0002499999999997504
2y,50/50 Combo,2025-04-10,2.7184714272596637,1.0609444418474845,0.0,-0.0002499999999997504
2y,50/50 Combo,2025-04-11,2.7184714272596637,1.0609444418474845,0.0,-0.0002499999999997504
2y,50/50 Combo,2025-04-14,2.7184714272596637,1.0609444418474845,0.0,-0.0002499999999997504
2y,50/50 Combo,2025-04-15,2.7184714272596637,1.0609444418474845,0.0,-0.0002499999999997504
2y,50/50 Combo,2025-04-16,2.7184714272596637,1.0609444418474845,0.0,-0.0002499999999997504
2y,50/50 Combo,2025-04-17,2.7184714272596637,1.0609444418474845,0.0,-0.0002499999999997504
2y,50/50 Combo,2025-04-18,2.7184714272596637,1.0609444418474845,0.0,-0.0002499999999997504
2y,50/50 Combo,2025-04-21,2.7184714272596637,1.0609444418474845,0.0,-0.0002499999999997504
2y,50/50 Combo,2025-04-22,2.7184714272596637,1.0609444418474845,0.0,-0.0002499999999997504
2y,50/50 Combo,2025-04-23,2.7184714272596637,1.0609444418474845,0.0,-0.0002499999999997504
2y,50/50 Combo,2025-04-24,2.7184714272596637,1.0609444418474845,0.0,-0.0002499999999997504
2y,50/50 Combo,2025-04-25,2.7184714272596637,1.0609444418474845,0.0,-0.0002499999999997504
2y,50/50 Combo,2025-04-28,2.7184714272596637,1.0609444418474845,0.0,-0.0002499999999997504
2y,50/50 Combo,2025-04-29,2.7184714272596637,1.0609444418474845,0.0,-0.0002499999999997504
2y,50/50 Combo,2025-04-30,2.7184714272596637,1.0609444418474845,0.0,-0.0002499999999997504
2y,50/50 Combo,2025-05-06,2.7184714272596637,1.0609444418474845,0.0,-0.0002499999999997504
2y,50/50 Combo,2025-05-07,2.714985951248251,1.0595841566650028,-0.0012821455382836,-0.0015318250018988566
2y,50/50 Combo,2025-05-08,2.7174425947150955,1.0605429168732634,0.0009048457380472,-0.0006283653291760949
2y,50/50 Combo,2025-05-09,2.709894770751713,1.057597209295948,-0.0027775467927314,-0.0034041668078028664
2y,50/50 Combo,2025-05-12,2.711555722928267,1.0582454331331455,0.000612921281845,-0.002793332012241301
2y,50/50 Combo,2025-05-13,2.708767487455748,1.057157261708032,-0.0010282788765661,-0.0038187385645039873
2y,50/50 Combo,2025-05-14,2.701722173532461,1.0544076699436937,-0.0026009297423694,-0.006409736036162794
2y,50/50 Combo,2025-05-15,2.6965134134413677,1.0523748345008974,-0.0019279406824734,-0.008325319127768016
2y,50/50 Combo,2025-05-16,2.7008922912756383,1.054083789781138,0.0016239035980476,-0.0067149350454071
2y,50/50 Combo,2025-05-19,2.706009901911146,1.0560810521046764,0.0018947851611995,-0.004832873243489799
2y,50/50 Combo,2025-05-20,2.7079554512148136,1.0568403463534106,0.0007189734606267,-0.004117374490463566
2y,50/50 Combo,2025-05-21,2.7032906950378663,1.0550198206385257,-0.0017226118601229,-0.005832893712456766
2y,50/50 Combo,2025-05-22,2.7161226243459544,1.060027768833633,0.0047467811477479,-0.0011138000346199162
2y,50/50 Combo,2025-05-23,2.722349884129029,1.062458096623193,0.0022927020036787,0.0
2y,50/50 Combo,2025-05-26,2.7057978170949464,1.0559982812487128,-0.0060800660233203,-0.00608006602332023
2y,50/50 Combo,2025-05-27,2.703091492768341,1.0549420774853195,-0.0010001945856807,-0.00707417935988397
2y,50/50 Combo,2025-05-28,2.7073957750838296,1.0566219201913962,0.0015923553927064,-0.005493088574830218
2y,50/50 Combo,2025-05-29,2.6918171334655385,1.0505420059165123,-0.0057541057578877,-0.011215586520121112
2y,50/50 Combo,2025-05-30,2.699381943448073,1.0534943426687484,0.0028102986226242,-0.008436807044846284
2y,50/50 Combo,2025-06-03,2.693825604379956,1.0513258567349892,-0.0020583745407362,-0.010477815476756414
2y,50/50 Combo,2025-06-04,2.693152147978861,1.0510630252708055,-0.00025,-0.01072519602288724
2y,50/50 Combo,2025-06-05,2.693152147978861,1.0510630252708055,0.0,-0.01072519602288724
2y,50/50 Combo,2025-06-06,2.690623576460294,1.0500761935272247,-0.0009388892196323,-0.01165401547159517
2y,50/50 Combo,2025-06-09,2.6955449142290377,1.0519968559626822,0.0018290695925656,-0.009846261884360108
2y,50/50 Combo,2025-06-10,2.689629524979355,1.0496882426431222,-0.0021945059117571,-0.012019160116203187
2y,50/50 Combo,2025-06-11,2.684937080117807,1.0478569107980957,-0.0017446435719,-0.013742834537667004
2y,50/50 Combo,2025-06-12,2.6870132419506647,1.048667179515603,0.0007732627510088,-0.012980198608699478
2y,50/50 Combo,2025-06-13,2.67791348056988,1.0451157935557316,-0.0033865710963817,-0.016322811339647414
2y,50/50 Combo,2025-06-16,2.683658048310011,1.0473577399501626,0.0021451655484063,-0.014212660923780152
2y,50/50 Combo,2025-06-17,2.6835332972778305,1.0473090530620535,-4.648544260660304e-05,-0.014258485684553235
2y,50/50 Combo,2025-06-18,2.680616048982803,1.0461705314895762,-0.0010870922667465,-0.015330077661776409
2y,50/50 Combo,2025-06-19,2.6725354882369508,1.0430169114351748,-0.0030144416798961,-0.018298307716612894
2y,50/50 Combo,2025-06-20,2.660566393652717,1.0383457038419097,-0.0044785540311495,-0.022694911787975003
2y,50/50 Combo,2025-06-23,2.6669847759452936,1.0408506214771214,0.0024124119991474,-0.02033724926634428
2y,50/50 Combo,2025-06-24,2.6717284785283253,1.0427019577975174,0.0017786762886002,-0.018594746360789505
2y,50/50 Combo,2025-06-25,2.6698189796200262,1.0419567330240809,-0.0007147054514127,-0.019296162045610465
2y,50/50 Combo,2025-06-26,2.668514570529795,1.0414476581225391,-0.0004885758548383,-0.01977531026158219
2y,50/50 Combo,2025-06-27,2.683031797056115,1.0471133313533465,0.0054401900917623,-0.014442701616766418
2y,50/50 Combo,2025-06-30,2.695025355782509,1.0517940866267488,0.004470151542577,-0.01003711113910044
2y,50/50 Combo,2025-07-01,2.696463446140918,1.0523553336412765,0.0005336092127384,-0.00950885782133526
2y,50/50 Combo,2025-07-02,2.6825532023590397,1.0469265490393342,-0.0051586991849589,-0.014618503669201144
2y,50/50 Combo,2025-07-03,2.6813159239764173,1.0464436734019822,-0.0004612316287088,-0.015072992781653527
2y,50/50 Combo,2025-07-04,2.67014565618982,1.0420842258818424,-0.0041659648110511,-0.01917616403517919
2y,50/50 Combo,2025-07-07,2.679052883821221,1.0455604712280484,0.0033358583307065,-0.01590427467102018
2y,50/50 Combo,2025-07-08,2.684817681654798,1.0478103128701484,0.0021518044187892,-0.013786693140745543
2y,50/50 Combo,2025-07-09,2.683572975299071,1.0473245382997045,-0.0004636092663692,-0.01424391076842213
2y,50/50 Combo,2025-07-10,2.680706754951664,1.0462059315281937,-0.0010680612652568,-0.015296758664321342
2y,50/50 Combo,2025-07-11,2.690505286562185,1.0500300282415913,0.003655204580815,-0.011697466865847828
2y,50/50 Combo,2025-07-14,2.689798037888631,1.0497540085852186,-0.0002628683456175,-0.011957260317702612
2y,50/50 Combo,2025-07-15,2.685280105684636,1.0479907842186105,-0.0016796548069245,-0.01361683105485656
2y,50/50 Combo,2025-07-16,2.6932735953859046,1.0511104228451142,0.0029767805914724,-0.010680584781785685
2y,50/50 Combo,2025-07-17,2.6994005460869075,1.0535016027657562,0.0022749083908517,-0.008429973742873353
2y,50/50 Combo,2025-07-18,2.6947672325833456,1.0516933482593274,-0.0017164231185617,-0.010131927459613776
2y,50/50 Combo,2025-07-21,2.6981384476156385,1.053009040532168,0.0012510227197103,-0.008893580011349989
2y,50/50 Combo,2025-07-22,2.692243069730897,1.0507082370965726,-0.0021849797551905,-0.011059127474264518
2y,50/50 Combo,2025-07-23,2.6859182698835435,1.0482398421093897,-0.0023492677605762,-0.01338241438320531
2y,50/50 Combo,2025-07-24,2.69539594484708,1.051938717320426,0.0035286535222636,-0.009900982764591504
2y,50/50 Combo,2025-07-25,2.6947220958608686,1.051675732641096,-0.00025,-0.010148507518900285
2y,50/50 Combo,2025-07-28,2.695911862104437,1.052140065600624,0.0004415172330369,-0.00971147102682235
2y,50/50 Combo,2025-07-29,2.6994116780549886,1.0535059472659574,0.0012981937576473,-0.008425884640239634
2y,50/50 Combo,2025-07-30,2.688626539399015,1.049296805026363,-0.0039953663769227,-0.012387586520974825
2y,50/50 Combo,2025-07-31,2.701901070835646,1.0544774886284047,0.004937290933533,-0.007511456706060127
2y,50/50 Combo,2025-08-01,2.710677759289215,1.05790278813285,0.0032483381972435,-0.004287518260551626
2y,50/50 Combo,2025-08-04,2.719436508153048,1.0613210863100682,0.0032312025410682,-0.0010701695593816618
2y,50/50 Combo,2025-08-05,2.7181491188296354,1.060818653754231,-0.0004734029713702,-0.0015430659093027543
2y,50/50 Combo,2025-08-06,2.729580310612587,1.0652799327157099,0.0042055057626396,0.0
2y,50/50 Combo,2025-08-07,2.7293558218774643,1.0651923209522027,-8.224294930980758e-05,-8.224294930980758e-05
2y,50/50 Combo,2025-08-08,2.7277920596107337,1.0645820276569995,-0.0005729418840139,-0.0006551377128931613
2y,50/50 Combo,2025-08-11,2.743001659291165,1.0705179150391027,0.0055757914635918,0.0
2y,50/50 Combo,2025-08-12,2.739813102275953,1.0692735091539125,-0.0011624334985039,-0.0011624334985039786
2y,50/50 Combo,2025-08-13,2.748729407570266,1.0727532972616554,0.0032543480016598,0.0
2y,50/50 Combo,2025-08-14,2.7327008529473,1.0664977943464649,-0.0058312595553502,-0.005831259555350243
2y,50/50 Combo,2025-08-15,2.750685459327113,1.073516690328282,0.0065812569130705,0.0
2y,50/50 Combo,2025-08-18,2.7616672342234985,1.077802574270673,0.0039923775578003,0.0
2y,50/50 Combo,2025-08-19,2.7679160470942885,1.0802413136360862,0.0022626958068489,0.0
2y,50/50 Combo,2025-08-20,2.7641859768618526,1.0787855700733178,-0.00134760959833,-0.001347609598329913
2y,50/50 Combo,2025-08-21,2.748989770896316,1.0728549098888338,-0.0054975338463981,-0.006837734915349447
2y,50/50 Combo,2025-08-22,2.741098557346695,1.0697751868242655,-0.0028705867272281,-0.009688693331485143
2y,50/50 Combo,2025-08-25,2.7340541335107056,1.0670259424364572,-0.0025699272348704,-0.012233721329492742
2y,50/50 Combo,2025-08-26,2.738928766967253,1.0689283774666392,0.0017829323116903,-0.010472600914852803
2y,50/50 Combo,2025-08-27,2.733655073480725,1.0668702003100083,-0.0019254584310957,-0.01237789478822171
2y,50/50 Combo,2025-08-28,2.73012477753648,1.0654924231435592,-0.0012914196741544,-0.013653329405521775
2y,50/50 Combo,2025-08-29,2.740403323418123,1.0695038561915775,0.0037648630444348,-0.009939869276399449
2y,50/50 Combo,2025-09-01,2.7371361350043357,1.0682287626396214,-0.0011922290364589,-0.011120247712088194
2y,50/50 Combo,2025-09-02,2.761857973181998,1.077877014426944,0.009032008989799,-0.002188676899593789
2y,50/50 Combo,2025-09-03,2.772804500722275,1.0821491422981184,0.0039634650465625,0.0
2y,50/50 Combo,2025-09-04,2.7753285411780007,1.083134205692807,0.000910284318663,0.0
2y,50/50 Combo,2025-09-05,2.765544095952535,1.0793156065070937,-0.0035255088110442,-0.003525508811044187
2y,50/50 Combo,2025-09-08,2.755407817456621,1.075359696496997,-0.0036652022691478,-0.007177789377298183
2y,50/50 Combo,2025-09-09,2.761844458809924,1.0778717401401543,0.0023360031544237,-0.004858553561501333
2y,50/50 Combo,2025-09-10,2.763886953245536,1.0786688694008255,0.0007395399944036,-0.004122606661771333
2y,50/50 Combo,2025-09-11,2.763377253961297,1.0784699478240878,-0.000184413940534,-0.004306260336165657
2y,50/50 Combo,2025-09-12,2.751210734740097,1.0737216908385896,-0.0044027717184684,-0.00869007257341381
2y,50/50 Combo,2025-09-15,2.7559345070986554,1.0755652489419083,0.0017169794734042,-0.006988013776240587
2y,50/50 Combo,2025-09-16,2.7404755765647644,1.069532054602481,-0.0056093243486274,-0.012558140089044434
2y,50/50 Combo,2025-09-17,2.735872345193016,1.0677355403226465,-0.001679719903769,-0.01421676583495124
2y,50/50 Combo,2025-09-18,2.7341474084048007,1.0670623450557606,-0.0006304887694214,-0.014838291093176581
2y,50/50 Combo,2025-09-19,2.7423348182766945,1.0702576653779128,0.0029945019960246,-0.011888222389448089
2y,50/50 Combo,2025-09-22,2.739202745663708,1.0690353037974711,-0.0011421189681553,-0.013016763593314606
2y,50/50 Combo,2025-09-23,2.753387175528631,1.0745710956675132,0.00517830594591,-0.007905862431716537
2y,50/50 Combo,2025-09-24,2.752698828734749,1.0743024528935963,-0.00025,-0.008153885966108665
2y,50/50 Combo,2025-09-25,2.752698828734749,1.0743024528935963,0.0,-0.008153885966108665
2y,50/50 Combo,2025-09-26,2.7488436272436525,1.0727978740508075,-0.001400516994759,-0.009542983304998698
2y,50/50 Combo,2025-09-29,2.747601907271756,1.0723132649836293,-0.0004517244850125,-0.009990396990792405
2y,50/50 Combo,2025-09-30,2.7515815749178514,1.0738664195348182,0.0014484149379729,-0.008556452293057126
2y,50/50 Combo,2025-10-09,2.757600077868184,1.0762152752885956,0.0021872885780288,-0.0063878791453971795
2y,50/50 Combo,2025-10-10,2.750970284202153,1.073627849623555,-0.0024041896862565,-0.008776711158495432
2y,50/50 Combo,2025-10-13,2.7467194742659933,1.0719688757127404,-0.0015452038724557,-0.010308353222881594
2y,50/50 Combo,2025-10-14,2.757284994344076,1.0760923068769108,0.0038465959764258,-0.006501409316486351
2y,50/50 Combo,2025-10-15,2.757082370529349,1.0760132283889545,-7.348671433721199e-05,-0.006574418263614601
2y,50/50 Combo,2025-10-16,2.775953282213867,1.083378024893167,0.0068445222697115,0.0
2y,50/50 Combo,2025-10-17,2.785492095660603,1.0871007607684293,0.0034362298198076,0.0
2y,50/50 Combo,2025-10-20,2.782504439982004,1.0859347611354815,-0.0010725773313999,-0.001072577331399982
2y,50/50 Combo,2025-10-21,2.7836873100183666,1.0863964026954858,0.000425109846858,-0.0006479234477267948
2y,50/50 Combo,2025-10-22,2.785105115602941,1.0869497331220965,0.0005093264532519,-0.0001389269990262898
2y,50/50 Combo,2025-10-23,2.790067648975129,1.088886473065695,0.001781811876466,0.0
2y,50/50 Combo,2025-10-24,2.785380902797653,1.0870573652599325,-0.0016797966096617,-0.0016797966096619987
2y,50/50 Combo,2025-10-27,2.787599154111712,1.0879230875841301,0.0007963906522909,-0.0008847437316882312
2y,50/50 Combo,2025-10-28,2.783488992673789,1.0863190049040867,-0.0014744449293794,-0.002357884155158807
2y,50/50 Combo,2025-10-29,2.783333691587204,1.0862583951720979,-5.579367728586471e-05,-0.002413546277416745
2y,50/50 Combo,2025-10-30,2.7877155551768182,1.087968515710323,0.0015743220451285,-0.000843023931400011
2y,50/50 Combo,2025-10-31,2.763273735817458,1.0784295475468455,-0.0087676876910816,-0.009603320251934777
2y,50/50 Combo,2025-11-03,2.7612863479334373,1.0776539248538115,-0.0007192149870134,-0.010315628387098097
2y,50/50 Combo,2025-11-04,2.769858949119022,1.0809995747248458,0.0031045679822382,-0.007243085974467323
2y,50/50 Combo,2025-11-05,2.7670103179229515,1.079887832514117,-0.0010284390824222,-0.008264075984195984
2y,50/50 Combo,2025-11-06,2.7663185653434708,1.0796178605559885,-0.00025,-0.008512009965199852
2y,50/50 Combo,2025-11-07,2.7663185653434708,1.0796178605559885,0.0,-0.008512009965199852
2y,50/50 Combo,2025-11-10,2.765531486229816,1.0793106852800034,-0.0002845222251389,-0.00879411033432309
2y,50/50 Combo,2025-11-11,2.7698325032287183,1.0809892536230508,0.0015552225748714,-0.007252564558369534
2y,50/50 Combo,2025-11-12,2.7657617621805106,1.0794005556341777,-0.0014696704741036,-0.008711576152480194
2y,50/50 Combo,2025-11-13,2.7670113916580545,1.0798882515633217,0.0004518210840251,-0.008263691142235796
2y,50/50 Combo,2025-11-14,2.769930993546576,1.0810276916784443,0.0010551463204394,-0.007217264225098607
2y,50/50 Combo,2025-11-17,2.7763498565272853,1.08353279691298,0.00231733678408,-0.004916652272887623
2y,50/50 Combo,2025-11-18,2.7739242674847397,1.0825861563902621,-0.0008736611622787,-0.0057860179470269335
2y,50/50 Combo,2025-11-19,2.7652416592960374,1.0791975738191262,-0.0031300811959711,-0.008897988437022608
2y,50/50 Combo,2025-11-20,2.76437518521629,1.0788594128770266,-0.0003133447945984,-0.009208545093262077
2y,50/50 Combo,2025-11-21,2.7553352873183794,1.0753313899839094,-0.0032701414577354,-0.012448573305922417
2y,50/50 Combo,2025-11-24,2.7648526081801084,1.0790457378958567,0.0034541425522813,-0.009037429900412342
2y,50/50 Combo,2025-11-25,2.767281842949784,1.0799938012453503,0.0008786127558802,-0.008166757545722825
2y,50/50 Combo,2025-11-26,2.762971187796918,1.078311471396563,-0.0015577217636318,-0.009711757773387397
2y,50/50 Combo,2025-11-27,2.764169806985638,1.078779259416482,0.000433815305065,-0.009282155577483464
2y,50/50 Combo,2025-11-28,2.769741400185888,1.0809536986174115,0.0020156479483168,-0.0072852171870124716
2y,50/50 Combo,2025-12-01,2.7671028317553223,1.0799239381120143,-0.0009526407159847,-0.008230917708480057
2y,50/50 Combo,2025-12-02,2.7635502676132004,1.0785374702819328,-0.0012838569283919,-0.009504207316144986
2y,50/50 Combo,2025-12-03,2.7609377863482134,1.0775178908779615,-0.0009453351710672,-0.010440557825763142
2y,50/50 Combo,2025-12-04,2.758618429052256,1.076612709676817,-0.0008400614122584,-0.011271848528269457
2y,50/50 Combo,2025-12-05,2.76176017326384,1.0778388458155168,0.0011388832099782,-0.010145802637325785
2y,50/50 Combo,2025-12-08,2.7637139825287416,1.0786013636993694,0.0007074507351564,-0.009445529557703614
2y,50/50 Combo,2025-12-09,2.7624952696980256,1.0781257336850198,-0.0004409692314111,-0.009882333601205495
2y,50/50 Combo,2025-12-10,2.7696028947477846,1.08089964376392,0.0025729003512596,-0.007334859509539715
2y,50/50 Combo,2025-12-11,2.7662122484070246,1.0795763679871626,-0.0012242355563644,-0.008550115470091546
2y,50/50 Combo,2025-12-12,2.767409878802157,1.0800437701082084,0.0004329495669836,-0.008120867671898457
2y,50/50 Combo,2025-12-15,2.7641586613388016,1.0787749095778398,-0.0011748232483592,-0.009286150336119792
2y,50/50 Combo,2025-12-16,2.759991112257321,1.077148430082861,-0.0015077097924117,-0.01077985930873604
2y,50/50 Combo,2025-12-17,2.7576956204549075,1.076252562925805,-0.0008317026066569,-0.011602596278306176
2y,50/50 Combo,2025-12-18,2.760242241053035,1.0772464387274725,0.0009234596375461,-0.010689851170114006
2y,50/50 Combo,2025-12-19,2.763346792886666,1.07845805970656,0.001124738904237,-0.009577135557368499
2y,50/50 Combo,2025-12-22,2.763001374537555,1.0783232524490967,-0.000125,-0.009700938415423854
2y,50/50 Combo,2025-12-23,2.759811868797008,1.0770784763025676,-0.0011543627049699,-0.010844102718883808
2y,50/50 Combo,2025-12-24,2.776710403032576,1.083673508272673,0.0061230747018034,-0.004787427268101996
2y,50/50 Combo,2025-12-25,2.787652161193193,1.0879437747864718,0.0039405471123914,-0.0008657452384078779
2y,50/50 Combo,2025-12-26,2.7880454355760755,1.0880972589343854,0.0001410772794241,-0.0007247900959663767
2y,50/50 Combo,2025-12-29,2.791321942144264,1.0893759891050754,0.0011751984118978,0.0
2y,50/50 Combo,2025-12-30,2.788324012076381,1.0882059796612853,-0.0010740180208591,-0.0010740180208591577
2y,50/50 Combo,2025-12-31,2.7943792017385043,1.0905691532271145,0.0021716233966704,0.0
2y,50/50 Combo,2026-01-05,2.7970062458694733,1.0915944161161377,0.000940117264448,0.0
2y,50/50 Combo,2026-01-06,2.7954305975639224,1.0909794840277156,-0.0005633338530715,-0.0005633338530716125
2y,50/50 Combo,2026-01-07,2.8069352581393936,1.0954694358331654,0.0041155235925001,0.0
2y,50/50 Combo,2026-01-08,2.830155447979691,1.1045316356792534,0.0082724351311505,0.0
2y,50/50 Combo,2026-01-09,2.851681650137226,1.1129327188409563,0.0076060140699695,0.0
2y,50/50 Combo,2026-01-12,2.882157453092913,1.124826584427496,0.0106869583265792,0.0
2y,50/50 Combo,2026-01-13,2.864204497054028,1.1178200407010508,-0.0062289990505616,-0.006228999050561512
2y,50/50 Combo,2026-01-14,2.879445282087283,1.1237680988664895,0.005321123212023,-0.0009410211099742938
2y,50/50 Combo,2026-01-15,2.8737140387149718,1.121531352605427,-0.0019903984312412,-0.002929546534274241
2y,50/50 Combo,2026-01-16,2.8782436223251944,1.1232991241946224,0.0015762123681062,-0.0013579517536483898
2y,50/50 Combo,2026-01-19,2.883209389087588,1.1252371260412641,0.0017252767360887,0.0
2y,50/50 Combo,2026-01-20,2.87346322345976,1.1214334663270284,-0.0033803183579783,-0.0033803183579780294
2y,50/50 Combo,2026-01-21,2.883578318580736,1.1253811090499743,0.0035201755980009,0.0
2y,50/50 Combo,2026-01-22,2.894161439525172,1.1295114093469751,0.0036701347337239,0.0
2y,50/50 Combo,2026-01-23,2.928923331024153,1.1430780171119597,0.012011040926827,0.0
2y,50/50 Combo,2026-01-26,2.909344496405008,1.1354369378058689,-0.006684652483648,-0.006684652483647913
2y,50/50 Combo,2026-01-27,2.912645602563586,1.1367252685184053,0.0011346563332934,-0.005557580933631234
2y,50/50 Combo,2026-01-28,2.911906190112144,1.1364366962263723,-0.0002538628286227,-0.005810032899037809
2y,50/50 Combo,2026-01-29,2.889291066436004,1.1276106370207104,-0.0077664327762114,-0.013531342445311179
2y,50/50 Combo,2026-01-30,2.8903348212487474,1.1280179857447499,0.0003612494514201,-0.013174981183926238
2y,50/50 Combo,2026-02-02,2.8718379618624383,1.1207991715388117,-0.0063995559442894,-0.01949022309906412
2y,50/50 Combo,2026-02-03,2.883931156311656,1.1255188118875836,0.0042109598834661,-0.0153613357631881
2y,50/50 Combo,2026-02-04,2.87783935900177,1.1231413513662125,-0.0021123241089004,-0.017441211752211028
2y,50/50 Combo,2026-02-05,2.8774796290818947,1.1230009586972918,-0.000125,-0.017564031600741936
2y,50/50 Combo,2026-02-06,2.8774796290818947,1.1230009586972918,0.0,-0.017564031600741936
2y,50/50 Combo,2026-02-09,2.8774796290818947,1.1230009586972918,0.0,-0.017564031600741936
2y,50/50 Combo,2026-02-10,2.8774796290818947,1.1230009586972918,0.0,-0.017564031600741936
2y,50/50 Combo,2026-02-11,2.8774796290818947,1.1230009586972918,0.0,-0.017564031600741936
2y,50/50 Combo,2026-02-12,2.8774796290818947,1.1230009586972918,0.0,-0.017564031600741936
2y,50/50 Combo,2026-02-13,2.8774796290818947,1.1230009586972918,0.0,-0.017564031600741936
2y,50/50 Combo,2026-02-24,2.8774796290818947,1.1230009586972918,0.0,-0.017564031600741936
2y,50/50 Combo,2026-02-25,2.8774796290818947,1.1230009586972918,0.0,-0.017564031600741936
2y,50/50 Combo,2026-02-26,2.8774796290818947,1.1230009586972918,0.0,-0.017564031600741936
2y,50/50 Combo,2026-02-27,2.8774796290818947,1.1230009586972918,0.0,-0.017564031600741936
2y,50/50 Combo,2026-03-02,2.8774796290818947,1.1230009586972918,0.0,-0.017564031600741936
2y,50/50 Combo,2026-03-03,2.8774796290818947,1.1230009586972918,0.0,-0.017564031600741936
2y,50/50 Combo,2026-03-04,2.8774796290818947,1.1230009586972918,0.0,-0.017564031600741936
2y,50/50 Combo,2026-03-05,2.8774796290818947,1.1230009586972918,0.0,-0.017564031600741936
2y,50/50 Combo,2026-03-06,2.8774796290818947,1.1230009586972918,0.0,-0.017564031600741936
2y,50/50 Combo,2026-03-09,2.8774796290818947,1.1230009586972918,0.0,-0.017564031600741936
2y,50/50 Combo,2026-03-10,2.8774796290818947,1.1230009586972918,0.0,-0.017564031600741936
2y,50/50 Combo,2026-03-11,2.8774796290818947,1.1230009586972918,0.0,-0.017564031600741936
2y,50/50 Combo,2026-03-12,2.8774796290818947,1.1230009586972918,0.0,-0.017564031600741936
2y,50/50 Combo,2026-03-13,2.8774796290818947,1.1230009586972918,0.0,-0.017564031600741936
2y,50/50 Combo,2026-03-16,2.8774796290818947,1.1230009586972918,0.0,-0.017564031600741936
2y,50/50 Combo,2026-03-17,2.8774796290818947,1.1230009586972918,0.0,-0.017564031600741936
2y,50/50 Combo,2026-03-18,2.8774796290818947,1.1230009586972918,0.0,-0.017564031600741936
2y,50/50 Combo,2026-03-19,2.887104099397517,1.1267571240866698,0.0033447570639077,-0.01427802195560135
2y,50/50 Combo,2026-03-20,2.905239946279351,1.1338350450662824,0.0062816740434188,-0.008086037792092271
2y,50/50 Combo,2026-03-23,2.9288367640426,1.1430442324059644,0.0081221579627076,-2.9555905624589762e-05
2y,50/50 Combo,2026-03-24,2.9281045548515894,1.142758471347863,-0.00025,-0.0002795485166481315
2y,50/50 Combo,2026-03-25,2.9281045548515894,1.142758471347863,0.0,-0.0002795485166481315
2y,50/50 Combo,2026-03-26,2.9281045548515894,1.142758471347863,0.0,-0.0002795485166481315
2y,50/50 Combo,2026-03-27,2.9281045548515894,1.142758471347863,0.0,-0.0002795485166481315
2y,50/50 Combo,2026-03-30,2.9281045548515894,1.142758471347863,0.0,-0.0002795485166481315
2y,50/50 Combo,2026-03-31,2.9281045548515894,1.142758471347863,0.0,-0.0002795485166481315
2y,50/50 Combo,2026-04-01,2.9281045548515894,1.142758471347863,0.0,-0.0002795485166481315
2y,50/50 Combo,2026-04-02,2.9281045548515894,1.142758471347863,0.0,-0.0002795485166481315
2y,50/50 Combo,2026-04-03,2.9281045548515894,1.142758471347863,0.0,-0.0002795485166481315
2y,50/50 Combo,2026-04-07,2.9281045548515894,1.142758471347863,0.0,-0.0002795485166481315
2y,50/50 Combo,2026-04-08,2.9281045548515894,1.142758471347863,0.0,-0.0002795485166481315
2y,50/50 Combo,2026-04-09,2.924202176917173,1.141235480840039,-0.0013327317591683,-0.0016119077126302006
2y,50/50 Combo,2026-04-10,2.932750391914506,1.144571613454197,0.0029232640153304,0.0
2y,50/50 Combo,2026-04-13,2.930717386187616,1.1437781873749087,-0.0006932078953923,-0.0006932078953922893
2y,50/50 Combo,2026-04-14,2.926133754176001,1.1419893221849222,-0.0015639965945598,-0.0022561203151646447
2y,50/50 Combo,2026-04-15,2.9281845990529614,1.1427897103926055,0.0007008718839436,-0.0015568296825166916
2y,50/50 Combo,2026-04-16,2.9274138171569866,1.1424888954713188,-0.0002632285875091,-0.0018196484679475766
2y,50/50 Combo,2026-04-17,2.942397358556347,1.1483365585394085,0.0051183544026282,0.0
2y,50/50 Combo,2026-04-20,2.9423681782999056,1.1483251702899044,-9.9171705535972e-06,-9.91717055365271e-06
2y,50/50 Combo,2026-04-21,2.937942011908276,1.1465977595896106,-0.0015042870651854,-0.0015141893174676069
2y,50/50 Combo,2026-04-22,2.9509923765444803,1.1516909570703806,0.004442008924379,0.0
2y,50/50 Combo,2026-04-23,2.9344194712623497,1.1452230091022588,-0.0056160447630626,-0.005616044763062655
2y,50/50 Combo,2026-04-24,2.9293187735207917,1.1432323474148909,-0.0017382306079656,-0.007344513390125429
2y,50/50 Combo,2026-04-27,2.934932315162037,1.1454231579356997,0.0019163300669043,-0.0054422578350572515
2y,50/50 Combo,2026-04-28,2.91909235718592,1.139241259091613,-0.0053970437049898,-0.010809929436657706
2y,50/50 Combo,2026-04-29,2.92369508116776,1.1410375753511566,0.0015767654526276,-0.009250208707311192
2y,50/50 Combo,2026-04-30,2.9314366096529447,1.1440588804623308,0.0026478576836038,-0.006626844259908005
2y,50/50 Combo,2026-05-06,2.943662590510487,1.148830343684962,0.004170644801693,-0.0024838376717789545
2y,50/50 Combo,2026-05-07,2.960537923192883,1.155416320728599,0.0057327673140248,0.0
2y,50/50 Combo,2026-05-08,2.9737789363490768,1.1605839230699833,0.0044725024639824,0.0
2y,50/50 Combo,2026-05-11,2.970804524556209,1.1594230921604638,-0.0010002128122273,-0.0010002128122271747
2y,50/50 Combo,2026-05-12,2.964416013505315,1.1569298324472435,-0.002150431305085,-0.003148493228369076
2y,50/50 Combo,2026-05-13,2.971715801204793,1.1597787383098423,0.0024624707416981,-0.0006937755591263084
2y,50/50 Combo,2026-05-14,2.967211442239412,1.1580208112040113,-0.0015157435187964,-0.0022084674921154512
2y,50/50 Combo,2026-05-15,2.9675867692369517,1.1581672909822875,0.0001264914903591,-0.0020822553541007816
2y,50/50 Combo,2026-05-18,2.9820425594092845,1.1638089872981139,0.0048712274640753,0.0
2y,50/50 Combo,2026-05-19,2.9911547976338118,1.167365242626075,0.0030557036135432,0.0
2y,50/50 Combo,2026-05-20,2.9918728778248034,1.167645489525047,0.0002400678799906,0.0
2y,50/50 Combo,2026-05-21,2.9616225645998657,1.155839626363007,-0.0101108283875118,-0.010110828387511761
2y,50/50 Combo,2026-05-22,2.9739657164474247,1.1606568181922947,0.0041676991508289,-0.0059852681275675
2y,50/50 Combo,2026-05-25,2.968811631620323,1.1586453209974772,-0.0017330680036416,-0.007707963254524053
2y,50/50 Combo,2026-05-26,2.9421321915588505,1.1482330711717157,-0.0089865721951887,-0.016625267281448197
2y,50/50 Combo,2026-05-27,2.929999529930813,1.143498027871276,-0.0041237649561927,-0.02068047354303848
2y,50/50 Combo,2026-05-28,2.943817102367717,1.148890645402495,0.0047158957862459,-0.016062104714831493
2y,50/50 Combo,2026-05-29,2.911263992713475,1.1361860642889334,-0.0110581291303932,-0.026942617017182147
2y,50/50 Combo,2026-06-01,2.9105361767152966,1.1359020177728612,-0.00025,-0.027185881362927877
2y,50/50 Combo,2026-06-02,2.9105361767152966,1.1359020177728612,0.0,-0.027185881362927877
2y,50/50 Combo,2026-06-03,2.9105361767152966,1.1359020177728612,0.0,-0.027185881362927877
2y,50/50 Combo,2026-06-04,2.9105361767152966,1.1359020177728612,0.0,-0.027185881362927877
2y,50/50 Combo,2026-06-05,2.9105361767152966,1.1359020177728612,0.0,-0.027185881362927877
2y,Long CSI1000 / Short CSI300,2024-06-05,2.398160128579681,1.0,0.0,0.0
2y,Long CSI1000 / Short CSI300,2024-06-06,2.398160128579681,1.0,0.0,0.0
2y,Long CSI1000 / Short CSI300,2024-06-07,2.398160128579681,1.0,0.0,0.0
2y,Long CSI1000 / Short CSI300,2024-06-11,2.398160128579681,1.0,0.0,0.0
2y,Long CSI1000 / Short CSI300,2024-06-12,2.398160128579681,1.0,0.0,0.0
2y,Long CSI1000 / Short CSI300,2024-06-13,2.398160128579681,1.0,0.0,0.0
2y,Long CSI1000 / Short CSI300,2024-06-14,2.398160128579681,1.0,0.0,0.0
2y,Long CSI1000 / Short CSI300,2024-06-17,2.398160128579681,1.0,0.0,0.0
2y,Long CSI1000 / Short CSI300,2024-06-18,2.398160128579681,1.0,0.0,0.0
2y,Long CSI1000 / Short CSI300,2024-06-19,2.398160128579681,1.0,0.0,0.0
2y,Long CSI1000 / Short CSI300,2024-06-20,2.398160128579681,1.0,0.0,0.0
2y,Long CSI1000 / Short CSI300,2024-06-21,2.398160128579681,1.0,0.0,0.0
2y,Long CSI1000 / Short CSI300,2024-06-24,2.398160128579681,1.0,0.0,0.0
2y,Long CSI1000 / Short CSI300,2024-06-25,2.398160128579681,1.0,0.0,0.0
2y,Long CSI1000 / Short CSI300,2024-06-26,2.398160128579681,1.0,0.0,0.0
2y,Long CSI1000 / Short CSI300,2024-06-27,2.398160128579681,1.0,0.0,0.0
2y,Long CSI1000 / Short CSI300,2024-06-28,2.398160128579681,1.0,0.0,0.0
2y,Long CSI1000 / Short CSI300,2024-07-01,2.398160128579681,1.0,0.0,0.0
2y,Long CSI1000 / Short CSI300,2024-07-02,2.398160128579681,1.0,0.0,0.0
2y,Long CSI1000 / Short CSI300,2024-07-03,2.398160128579681,1.0,0.0,0.0
2y,Long CSI1000 / Short CSI300,2024-07-04,2.398160128579681,1.0,0.0,0.0
2y,Long CSI1000 / Short CSI300,2024-07-05,2.398160128579681,1.0,0.0,0.0
2y,Long CSI1000 / Short CSI300,2024-07-08,2.398160128579681,1.0,0.0,0.0
2y,Long CSI1000 / Short CSI300,2024-07-09,2.398160128579681,1.0,0.0,0.0
2y,Long CSI1000 / Short CSI300,2024-07-10,2.398160128579681,1.0,0.0,0.0
2y,Long CSI1000 / Short CSI300,2024-07-11,2.398160128579681,1.0,0.0,0.0
2y,Long CSI1000 / Short CSI300,2024-07-12,2.398160128579681,1.0,0.0,0.0
2y,Long CSI1000 / Short CSI300,2024-07-15,2.398160128579681,1.0,0.0,0.0
2y,Long CSI1000 / Short CSI300,2024-07-16,2.398160128579681,1.0,0.0,0.0
2y,Long CSI1000 / Short CSI300,2024-07-17,2.398160128579681,1.0,0.0,0.0
2y,Long CSI1000 / Short CSI300,2024-07-18,2.398160128579681,1.0,0.0,0.0
2y,Long CSI1000 / Short CSI300,2024-07-19,2.398160128579681,1.0,0.0,0.0
2y,Long CSI1000 / Short CSI300,2024-07-22,2.398160128579681,1.0,0.0,0.0
2y,Long CSI1000 / Short CSI300,2024-07-23,2.398160128579681,1.0,0.0,0.0
2y,Long CSI1000 / Short CSI300,2024-07-24,2.398160128579681,1.0,0.0,0.0
2y,Long CSI1000 / Short CSI300,2024-07-25,2.398160128579681,1.0,0.0,0.0
2y,Long CSI1000 / Short CSI300,2024-07-26,2.398160128579681,1.0,0.0,0.0
2y,Long CSI1000 / Short CSI300,2024-07-29,2.398160128579681,1.0,0.0,0.0
2y,Long CSI1000 / Short CSI300,2024-07-30,2.398160128579681,1.0,0.0,0.0
2y,Long CSI1000 / Short CSI300,2024-07-31,2.398160128579681,1.0,0.0,0.0
2y,Long CSI1000 / Short CSI300,2024-08-01,2.398160128579681,1.0,0.0,0.0
2y,Long CSI1000 / Short CSI300,2024-08-02,2.398160128579681,1.0,0.0,0.0
2y,Long CSI1000 / Short CSI300,2024-08-05,2.360246101712961,0.9841903689353826,-0.0158096310646174,-0.015809631064617413
2y,Long CSI1000 / Short CSI300,2024-08-06,2.3590659786621044,0.983698273750915,-0.0005,-0.01630172624908499
2y,Long CSI1000 / Short CSI300,2024-08-07,2.3590659786621044,0.983698273750915,0.0,-0.01630172624908499
2y,Long CSI1000 / Short CSI300,2024-08-08,2.3590659786621044,0.983698273750915,0.0,-0.01630172624908499
2y,Long CSI1000 / Short CSI300,2024-08-09,2.3590659786621044,0.983698273750915,0.0,-0.01630172624908499
2y,Long CSI1000 / Short CSI300,2024-08-12,2.3590659786621044,0.983698273750915,0.0,-0.01630172624908499
2y,Long CSI1000 / Short CSI300,2024-08-13,2.3590659786621044,0.983698273750915,0.0,-0.01630172624908499
2y,Long CSI1000 / Short CSI300,2024-08-14,2.3590659786621044,0.983698273750915,0.0,-0.01630172624908499
2y,Long CSI1000 / Short CSI300,2024-08-15,2.3590659786621044,0.983698273750915,0.0,-0.01630172624908499
2y,Long CSI1000 / Short CSI300,2024-08-16,2.3590659786621044,0.983698273750915,0.0,-0.01630172624908499
2y,Long CSI1000 / Short CSI300,2024-08-19,2.3590659786621044,0.983698273750915,0.0,-0.01630172624908499
2y,Long CSI1000 / Short CSI300,2024-08-20,2.3590659786621044,0.983698273750915,0.0,-0.01630172624908499
2y,Long CSI1000 / Short CSI300,2024-08-21,2.3590659786621044,0.983698273750915,0.0,-0.01630172624908499
2y,Long CSI1000 / Short CSI300,2024-08-22,2.3590659786621044,0.983698273750915,0.0,-0.01630172624908499
2y,Long CSI1000 / Short CSI300,2024-08-23,2.3590659786621044,0.983698273750915,0.0,-0.01630172624908499
2y,Long CSI1000 / Short CSI300,2024-08-26,2.3590659786621044,0.983698273750915,0.0,-0.01630172624908499
2y,Long CSI1000 / Short CSI300,2024-08-27,2.3590659786621044,0.983698273750915,0.0,-0.01630172624908499
2y,Long CSI1000 / Short CSI300,2024-08-28,2.3590659786621044,0.983698273750915,0.0,-0.01630172624908499
2y,Long CSI1000 / Short CSI300,2024-08-29,2.3590659786621044,0.983698273750915,0.0,-0.01630172624908499
2y,Long CSI1000 / Short CSI300,2024-08-30,2.3590659786621044,0.983698273750915,0.0,-0.01630172624908499
2y,Long CSI1000 / Short CSI300,2024-09-02,2.3590659786621044,0.983698273750915,0.0,-0.01630172624908499
2y,Long CSI1000 / Short CSI300,2024-09-03,2.3590659786621044,0.983698273750915,0.0,-0.01630172624908499
2y,Long CSI1000 / Short CSI300,2024-09-04,2.3590659786621044,0.983698273750915,0.0,-0.01630172624908499
2y,Long CSI1000 / Short CSI300,2024-09-05,2.3590659786621044,0.983698273750915,0.0,-0.01630172624908499
2y,Long CSI1000 / Short CSI300,2024-09-06,2.3590659786621044,0.983698273750915,0.0,-0.01630172624908499
2y,Long CSI1000 / Short CSI300,2024-09-09,2.3590659786621044,0.983698273750915,0.0,-0.01630172624908499
2y,Long CSI1000 / Short CSI300,2024-09-10,2.3590659786621044,0.983698273750915,0.0,-0.01630172624908499
2y,Long CSI1000 / Short CSI300,2024-09-11,2.3590659786621044,0.983698273750915,0.0,-0.01630172624908499
2y,Long CSI1000 / Short CSI300,2024-09-12,2.3590659786621044,0.983698273750915,0.0,-0.01630172624908499
2y,Long CSI1000 / Short CSI300,2024-09-13,2.3590659786621044,0.983698273750915,0.0,-0.01630172624908499
2y,Long CSI1000 / Short CSI300,2024-09-18,2.3590659786621044,0.983698273750915,0.0,-0.01630172624908499
2y,Long CSI1000 / Short CSI300,2024-09-19,2.3590659786621044,0.983698273750915,0.0,-0.01630172624908499
2y,Long CSI1000 / Short CSI300,2024-09-20,2.3590659786621044,0.983698273750915,0.0,-0.01630172624908499
2y,Long CSI1000 / Short CSI300,2024-09-23,2.3590659786621044,0.983698273750915,0.0,-0.01630172624908499
2y,Long CSI1000 / Short CSI300,2024-09-24,2.3590659786621044,0.983698273750915,0.0,-0.01630172624908499
2y,Long CSI1000 / Short CSI300,2024-09-25,2.3590659786621044,0.983698273750915,0.0,-0.01630172624908499
2y,Long CSI1000 / Short CSI300,2024-09-26,2.3590659786621044,0.983698273750915,0.0,-0.01630172624908499
2y,Long CSI1000 / Short CSI300,2024-09-27,2.3590659786621044,0.983698273750915,0.0,-0.01630172624908499
2y,Long CSI1000 / Short CSI300,2024-09-30,2.3590659786621044,0.983698273750915,0.0,-0.01630172624908499
2y,Long CSI1000 / Short CSI300,2024-10-08,2.3590659786621044,0.983698273750915,0.0,-0.01630172624908499
2y,Long CSI1000 / Short CSI300,2024-10-09,2.3590659786621044,0.983698273750915,0.0,-0.01630172624908499
2y,Long CSI1000 / Short CSI300,2024-10-10,2.3590659786621044,0.983698273750915,0.0,-0.01630172624908499
2y,Long CSI1000 / Short CSI300,2024-10-11,2.3590659786621044,0.983698273750915,0.0,-0.01630172624908499
2y,Long CSI1000 / Short CSI300,2024-10-14,2.3590659786621044,0.983698273750915,0.0,-0.01630172624908499
2y,Long CSI1000 / Short CSI300,2024-10-15,2.3590659786621044,0.983698273750915,0.0,-0.01630172624908499
2y,Long CSI1000 / Short CSI300,2024-10-16,2.3590659786621044,0.983698273750915,0.0,-0.01630172624908499
2y,Long CSI1000 / Short CSI300,2024-10-17,2.3590659786621044,0.983698273750915,0.0,-0.01630172624908499
2y,Long CSI1000 / Short CSI300,2024-10-18,2.3590659786621044,0.983698273750915,0.0,-0.01630172624908499
2y,Long CSI1000 / Short CSI300,2024-10-21,2.3973993167450924,0.9996827518623458,0.0162493709076878,-0.00031724813765421356
2y,Long CSI1000 / Short CSI300,2024-10-22,2.3952101551210254,0.9987699013825225,-0.0009131401718421,-0.0012300986174774708
2y,Long CSI1000 / Short CSI300,2024-10-23,2.3918878847639204,0.9973845600462571,-0.0013870475415285,-0.002615439953742915
2y,Long CSI1000 / Short CSI300,2024-10-24,2.40171739984798,1.0014833335046756,0.0041095216655733,0.0
2y,Long CSI1000 / Short CSI300,2024-10-25,2.4310602417607057,1.0137188975785825,0.0122174415335387,0.0
2y,Long CSI1000 / Short CSI300,2024-10-28,2.4698397568344648,1.0298894253976427,0.0159516882418646,0.0
2y,Long CSI1000 / Short CSI300,2024-10-29,2.4544024986563824,1.023452299705279,-0.0062503075899418,-0.006250307589941717
2y,Long CSI1000 / Short CSI300,2024-10-30,2.4913125899653776,1.03884330336226,0.0150383204585233,0.0
2y,Long CSI1000 / Short CSI300,2024-10-31,2.5305550072106064,1.0552068550607323,0.015751703500914,0.0
2y,Long CSI1000 / Short CSI300,2024-11-01,2.454069024332704,1.0233132454696157,-0.0302249833178738,-0.03022498331787371
2y,Long CSI1000 / Short CSI300,2024-11-04,2.470158537590028,1.030022352616207,0.0065562594604275,-0.023866886690265043
2y,Long CSI1000 / Short CSI300,2024-11-05,2.4941478846319827,1.04002558249067,0.0097116629062035,-0.01438701094221817
2y,Long CSI1000 / Short CSI300,2024-11-06,2.517383960855873,1.0497147087283127,0.0093162383702516,-0.00520480539533974
2y,Long CSI1000 / Short CSI300,2024-11-07,2.486653873814611,1.0369006823941072,-0.0122071513599436,-0.017348420908023354
2y,Long CSI1000 / Short CSI300,2024-11-08,2.519421140828201,1.0505641849363652,0.0131772529175218,-0.004399772520526257
2y,Long CSI1000 / Short CSI300,2024-11-11,2.5636466961785853,1.069005637124371,0.0175538557780958,0.0
2y,Long CSI1000 / Short CSI300,2024-11-12,2.557834946779032,1.0665822170490002,-0.0022669853097216,-0.002266985309721803
2y,Long CSI1000 / Short CSI300,2024-11-13,2.535304882952165,1.0571874883324446,-0.0088082555347199,-0.011055272658540227
2y,Long CSI1000 / Short CSI300,2024-11-14,2.499457708193101,1.0422397063508073,-0.0141391968280054,-0.025038156810439416
2y,Long CSI1000 / Short CSI300,2024-11-15,2.4845445223708715,1.0360211116687825,-0.0059665685773937,-0.030855333508172156
2y,Long CSI1000 / Short CSI300,2024-11-18,2.434634218692117,1.0152091971164736,-0.0200883112495515,-0.050323813214502744
2y,Long CSI1000 / Short CSI300,2024-11-19,2.4574288022468638,1.024714226944589,0.0093626317168053,-0.041432344827409984
2y,Long CSI1000 / Short CSI300,2024-11-20,2.4568144450463016,1.0244580483878527,-0.00025,-0.041671986741203204
2y,Long CSI1000 / Short CSI300,2024-11-21,2.4568144450463016,1.0244580483878527,0.0,-0.041671986741203204
2y,Long CSI1000 / Short CSI300,2024-11-22,2.4568144450463016,1.0244580483878527,0.0,-0.041671986741203204
2y,Long CSI1000 / Short CSI300,2024-11-25,2.4568144450463016,1.0244580483878527,0.0,-0.041671986741203204
2y,Long CSI1000 / Short CSI300,2024-11-26,2.4568144450463016,1.0244580483878527,0.0,-0.041671986741203204
2y,Long CSI1000 / Short CSI300,2024-11-27,2.4568144450463016,1.0244580483878527,0.0,-0.041671986741203204
2y,Long CSI1000 / Short CSI300,2024-11-28,2.4568144450463016,1.0244580483878527,0.0,-0.041671986741203204
2y,Long CSI1000 / Short CSI300,2024-11-29,2.4568144450463016,1.0244580483878527,0.0,-0.041671986741203204
2y,Long CSI1000 / Short CSI300,2024-12-02,2.4568144450463016,1.0244580483878527,0.0,-0.041671986741203204
2y,Long CSI1000 / Short CSI300,2024-12-03,2.4568144450463016,1.0244580483878527,0.0,-0.041671986741203204
2y,Long CSI1000 / Short CSI300,2024-12-04,2.4568144450463016,1.0244580483878527,0.0,-0.041671986741203204
2y,Long CSI1000 / Short CSI300,2024-12-05,2.4568144450463016,1.0244580483878527,0.0,-0.041671986741203204
2y,Long CSI1000 / Short CSI300,2024-12-06,2.4568144450463016,1.0244580483878527,0.0,-0.041671986741203204
2y,Long CSI1000 / Short CSI300,2024-12-09,2.4568144450463016,1.0244580483878527,0.0,-0.041671986741203204
2y,Long CSI1000 / Short CSI300,2024-12-10,2.4568144450463016,1.0244580483878527,0.0,-0.041671986741203204
2y,Long CSI1000 / Short CSI300,2024-12-11,2.4568144450463016,1.0244580483878527,0.0,-0.041671986741203204
2y,Long CSI1000 / Short CSI300,2024-12-12,2.4521715158328727,1.022522010356823,-0.001889816800284,-0.04348305112084261
2y,Long CSI1000 / Short CSI300,2024-12-13,2.4557345581297296,1.0240077503015395,0.001453015123066,-0.04209321752865214
2y,Long CSI1000 / Short CSI300,2024-12-16,2.43841606910562,1.0167861770555666,-0.0070522642468735,-0.048848629282512435
2y,Long CSI1000 / Short CSI300,2024-12-17,2.437196861071067,1.0162777839670387,-0.0005,-0.049324204967871266
2y,Long CSI1000 / Short CSI300,2024-12-18,2.437196861071067,1.0162777839670387,0.0,-0.049324204967871266
2y,Long CSI1000 / Short CSI300,2024-12-19,2.437196861071067,1.0162777839670387,0.0,-0.049324204967871266
2y,Long CSI1000 / Short CSI300,2024-12-20,2.437196861071067,1.0162777839670387,0.0,-0.049324204967871266
2y,Long CSI1000 / Short CSI300,2024-12-23,2.437196861071067,1.0162777839670387,0.0,-0.049324204967871266
2y,Long CSI1000 / Short CSI300,2024-12-24,2.437196861071067,1.0162777839670387,0.0,-0.049324204967871266
2y,Long CSI1000 / Short CSI300,2024-12-25,2.437196861071067,1.0162777839670387,0.0,-0.049324204967871266
2y,Long CSI1000 / Short CSI300,2024-12-26,2.437196861071067,1.0162777839670387,0.0,-0.049324204967871266
2y,Long CSI1000 / Short CSI300,2024-12-27,2.437196861071067,1.0162777839670387,0.0,-0.049324204967871266
2y,Long CSI1000 / Short CSI300,2024-12-30,2.437196861071067,1.0162777839670387,0.0,-0.049324204967871266
2y,Long CSI1000 / Short CSI300,2024-12-31,2.437196861071067,1.0162777839670387,0.0,-0.049324204967871266
2y,Long CSI1000 / Short CSI300,2025-01-02,2.437196861071067,1.0162777839670387,0.0,-0.049324204967871266
2y,Long CSI1000 / Short CSI300,2025-01-03,2.437196861071067,1.0162777839670387,0.0,-0.049324204967871266
2y,Long CSI1000 / Short CSI300,2025-01-06,2.437196861071067,1.0162777839670387,0.0,-0.049324204967871266
2y,Long CSI1000 / Short CSI300,2025-01-07,2.437196861071067,1.0162777839670387,0.0,-0.049324204967871266
2y,Long CSI1000 / Short CSI300,2025-01-08,2.437196861071067,1.0162777839670387,0.0,-0.049324204967871266
2y,Long CSI1000 / Short CSI300,2025-01-09,2.437196861071067,1.0162777839670387,0.0,-0.049324204967871266
2y,Long CSI1000 / Short CSI300,2025-01-10,2.437196861071067,1.0162777839670387,0.0,-0.049324204967871266
2y,Long CSI1000 / Short CSI300,2025-01-13,2.437196861071067,1.0162777839670387,0.0,-0.049324204967871266
2y,Long CSI1000 / Short CSI300,2025-01-14,2.437196861071067,1.0162777839670387,0.0,-0.049324204967871266
2y,Long CSI1000 / Short CSI300,2025-01-15,2.437196861071067,1.0162777839670387,0.0,-0.049324204967871266
2y,Long CSI1000 / Short CSI300,2025-01-16,2.437196861071067,1.0162777839670387,0.0,-0.049324204967871266
2y,Long CSI1000 / Short CSI300,2025-01-17,2.437196861071067,1.0162777839670387,0.0,-0.049324204967871266
2y,Long CSI1000 / Short CSI300,2025-01-20,2.437196861071067,1.0162777839670387,0.0,-0.049324204967871266
2y,Long CSI1000 / Short CSI300,2025-01-21,2.437196861071067,1.0162777839670387,0.0,-0.049324204967871266
2y,Long CSI1000 / Short CSI300,2025-01-22,2.437196861071067,1.0162777839670387,0.0,-0.049324204967871266
2y,Long CSI1000 / Short CSI300,2025-01-23,2.437196861071067,1.0162777839670387,0.0,-0.049324204967871266
2y,Long CSI1000 / Short CSI300,2025-01-24,2.437196861071067,1.0162777839670387,0.0,-0.049324204967871266
2y,Long CSI1000 / Short CSI300,2025-01-27,2.4226560870861955,1.010214479931756,-0.0059661877204622,-0.05499611522233261
2y,Long CSI1000 / Short CSI300,2025-02-05,2.4370473842428613,1.01621545417245,0.0059402971942149,-0.04938251129706561
2y,Long CSI1000 / Short CSI300,2025-02-06,2.454725968827194,1.0235871823459155,0.0072540996529801,-0.04248663730214863
2y,Long CSI1000 / Short CSI300,2025-02-07,2.4596514392600564,1.0256410362041979,0.0020065255736941,-0.040565362252741766
2y,Long CSI1000 / Short CSI300,2025-02-10,2.4849872865568687,1.0362057382834613,0.0103005844211951,-0.030682624770007383
2y,Long CSI1000 / Short CSI300,2025-02-11,2.488270200572843,1.037574668563325,0.0013210989181853,-0.0294020606342128
2y,Long CSI1000 / Short CSI300,2025-02-12,2.502561704502853,1.0435340303922926,0.0057435498470865,-0.023827382987986034
2y,Long CSI1000 / Short CSI300,2025-02-13,2.483171728470956,1.035448675373326,-0.0077480511257762,-0.031390818332177606
2y,Long CSI1000 / Short CSI300,2025-02-14,2.476220161197844,1.0325499668216043,-0.0027994710125798,-0.03410241165877537
2y,Long CSI1000 / Short CSI300,2025-02-17,2.4839004237115017,1.0357525313301745,0.0031016072940552,-0.031106576653465945
2y,Long CSI1000 / Short CSI300,2025-02-18,2.4502532729241646,1.0217221292788885,-0.0135460948700434,-0.04423129888507915
2y,Long CSI1000 / Short CSI300,2025-02-19,2.491221717842199,1.0388054109287665,0.0167200857849041,-0.028250764211911195
2y,Long CSI1000 / Short CSI300,2025-02-20,2.516593568529527,1.049385125929847,0.0101845012451577,-0.018353982910046418
2y,Long CSI1000 / Short CSI300,2025-02-21,2.530297885367912,1.0550996387661944,0.0054455820795857,-0.013008348950884652
2y,Long CSI1000 / Short CSI300,2025-02-24,2.5416783180820204,1.0598451236812692,0.0044976651879284,-0.008569190961184914
2y,Long CSI1000 / Short CSI300,2025-02-25,2.558838754787669,1.0670007912704105,0.0067516162779395,-0.001875430572427672
2y,Long CSI1000 / Short CSI300,2025-02-26,2.5717540602979536,1.0723862971656877,0.0050473307417748,0.0
2y,Long CSI1000 / Short CSI300,2025-02-27,2.556670523238035,1.0660966683455924,-0.0058650775720642,-0.005865077572064115
2y,Long CSI1000 / Short CSI300,2025-02-28,2.5160464890563223,1.0491570012659914,-0.0158894287756179,-0.021661313615337296
2y,Long CSI1000 / Short CSI300,2025-03-03,2.5183706099186547,1.050126127903798,0.0009237193638675,-0.020757603226303156
2y,Long CSI1000 / Short CSI300,2025-03-04,2.5542097378850213,1.065070554482849,0.0142310777552809,-0.00682192853654906
2y,Long CSI1000 / Short CSI300,2025-03-05,2.559096607145244,1.06710831217967,0.0019132607584015,-0.00492171990631296
2y,Long CSI1000 / Short CSI300,2025-03-06,2.5783301994214365,1.0751284573096718,0.0075157742081681,0.0
2y,Long CSI1000 / Short CSI300,2025-03-07,2.5755535561895395,1.0739706350279956,-0.0010769152967762,-0.0010769152967762263
2y,Long CSI1000 / Short CSI300,2025-03-10,2.590773408738119,1.0803171055439547,0.0059093519961963,0.0
2y,Long CSI1000 / Short CSI300,2025-03-11,2.5946641577073044,1.0819394946925431,0.0015017712301905,0.0
2y,Long CSI1000 / Short CSI300,2025-03-12,2.610090183333165,1.0883719365641362,0.0059452879788077,0.0
2y,Long CSI1000 / Short CSI300,2025-03-13,2.580583522245551,1.0760680621330783,-0.0113048435169137,-0.011304843516913743
2y,Long CSI1000 / Short CSI300,2025-03-14,2.560050982714165,1.0675062737492698,-0.0079565491116205,-0.01917144508589308
2y,Long CSI1000 / Short CSI300,2025-03-17,2.5734922840184846,1.0731111127023218,0.0052504037595644,-0.014021699153683675
2y,Long CSI1000 / Short CSI300,2025-03-18,2.5736923766600417,1.073194548599355,7.775140527896429e-05,-0.013945037955218176
2y,Long CSI1000 / Short CSI300,2025-03-19,2.563717555786984,1.069035184612695,-0.0038756849744423,-0.017766676355589484
2y,Long CSI1000 / Short CSI300,2025-03-20,2.569227162942174,1.0713326155012877,0.0021490694802764,-0.01565578869723494
2y,Long CSI1000 / Short CSI300,2025-03-21,2.563174941153818,1.0688089217261183,-0.0023556584935934,-0.017974567499210004
2y,Long CSI1000 / Short CSI300,2025-03-24,2.5625341474185297,1.0685417194956868,-0.00025,-0.01822007385733515
2y,Long CSI1000 / Short CSI300,2025-03-25,2.5625341474185297,1.0685417194956868,0.0,-0.01822007385733515
2y,Long CSI1000 / Short CSI300,2025-03-26,2.5625341474185297,1.0685417194956868,0.0,-0.01822007385733515
2y,Long CSI1000 / Short CSI300,2025-03-27,2.5625341474185297,1.0685417194956868,0.0,-0.01822007385733515
2y,Long CSI1000 / Short CSI300,2025-03-28,2.5625341474185297,1.0685417194956868,0.0,-0.01822007385733515
2y,Long CSI1000 / Short CSI300,2025-03-31,2.5625341474185297,1.0685417194956868,0.0,-0.01822007385733515
2y,Long CSI1000 / Short CSI300,2025-04-01,2.5625341474185297,1.0685417194956868,0.0,-0.01822007385733515
2y,Long CSI1000 / Short CSI300,2025-04-02,2.5625341474185297,1.0685417194956868,0.0,-0.01822007385733515
2y,Long CSI1000 / Short CSI300,2025-04-03,2.5625341474185297,1.0685417194956868,0.0,-0.01822007385733515
2y,Long CSI1000 / Short CSI300,2025-04-07,2.5625341474185297,1.0685417194956868,0.0,-0.01822007385733515
2y,Long CSI1000 / Short CSI300,2025-04-08,2.5625341474185297,1.0685417194956868,0.0,-0.01822007385733515
2y,Long CSI1000 / Short CSI300,2025-04-09,2.5625341474185297,1.0685417194956868,0.0,-0.01822007385733515
2y,Long CSI1000 / Short CSI300,2025-04-10,2.5625341474185297,1.0685417194956868,0.0,-0.01822007385733515
2y,Long CSI1000 / Short CSI300,2025-04-11,2.5625341474185297,1.0685417194956868,0.0,-0.01822007385733515
2y,Long CSI1000 / Short CSI300,2025-04-14,2.5625341474185297,1.0685417194956868,0.0,-0.01822007385733515
2y,Long CSI1000 / Short CSI300,2025-04-15,2.5625341474185297,1.0685417194956868,0.0,-0.01822007385733515
2y,Long CSI1000 / Short CSI300,2025-04-16,2.5625341474185297,1.0685417194956868,0.0,-0.01822007385733515
2y,Long CSI1000 / Short CSI300,2025-04-17,2.5625341474185297,1.0685417194956868,0.0,-0.01822007385733515
2y,Long CSI1000 / Short CSI300,2025-04-18,2.5625341474185297,1.0685417194956868,0.0,-0.01822007385733515
2y,Long CSI1000 / Short CSI300,2025-04-21,2.5625341474185297,1.0685417194956868,0.0,-0.01822007385733515
2y,Long CSI1000 / Short CSI300,2025-04-22,2.5625341474185297,1.0685417194956868,0.0,-0.01822007385733515
2y,Long CSI1000 / Short CSI300,2025-04-23,2.5625341474185297,1.0685417194956868,0.0,-0.01822007385733515
2y,Long CSI1000 / Short CSI300,2025-04-24,2.5625341474185297,1.0685417194956868,0.0,-0.01822007385733515
2y,Long CSI1000 / Short CSI300,2025-04-25,2.5625341474185297,1.0685417194956868,0.0,-0.01822007385733515
2y,Long CSI1000 / Short CSI300,2025-04-28,2.5625341474185297,1.0685417194956868,0.0,-0.01822007385733515
2y,Long CSI1000 / Short CSI300,2025-04-29,2.5625341474185297,1.0685417194956868,0.0,-0.01822007385733515
2y,Long CSI1000 / Short CSI300,2025-04-30,2.5625341474185297,1.0685417194956868,0.0,-0.01822007385733515
2y,Long CSI1000 / Short CSI300,2025-05-06,2.5625341474185297,1.0685417194956868,0.0,-0.01822007385733515
2y,Long CSI1000 / Short CSI300,2025-05-07,2.555963063970905,1.065801667499444,-0.0025642910765673,-0.020737643361095848
2y,Long CSI1000 / Short CSI300,2025-05-08,2.560588568540985,1.0677304396923248,0.0018096914760944,-0.018965480621426334
2y,Long CSI1000 / Short CSI300,2025-05-09,2.546364259408874,1.0617990971757867,-0.0055550935854628,-0.024415219187143733
2y,Long CSI1000 / Short CSI300,2025-05-12,2.549485701100717,1.0631006957031928,0.00122584256369,-0.02321930583833487
2y,Long CSI1000 / Short CSI300,2025-05-13,2.5442425365156187,1.060914367725084,-0.0020565577531322,-0.025228111748022974
2y,Long CSI1000 / Short CSI300,2025-05-14,2.5310077443455685,1.0553956402588376,-0.0052018594847389,-0.030298738140383308
2y,Long CSI1000 / Short CSI300,2025-05-15,2.5212484787496106,1.0513261598769175,-0.0038558813649468,-0.034037791165553166
2y,Long CSI1000 / Short CSI300,2025-05-16,2.529437007702038,1.0547406645444088,0.0032478071960952,-0.030900532152544624
2y,Long CSI1000 / Short CSI300,2025-05-19,2.539022487118804,1.058737678464594,0.0037895703223991,-0.027228061569736894
2y,Long CSI1000 / Short CSI300,2025-05-20,2.5426734666871496,1.0602600870497572,0.0014379469212534,-0.02582926715578948
2y,Long CSI1000 / Short CSI300,2025-05-21,2.53391338774688,1.0566072538482238,-0.0034452237202458,-0.0291855032721533
2y,Long CSI1000 / Short CSI300,2025-05-22,2.5332799093999427,1.0563431020347616,-0.00025,-0.029428206896335407
2y,Long CSI1000 / Short CSI300,2025-05-23,2.5332799093999427,1.0563431020347616,0.0,-0.029428206896335407
2y,Long CSI1000 / Short CSI300,2025-05-26,2.5332799093999427,1.0563431020347616,0.0,-0.029428206896335407
2y,Long CSI1000 / Short CSI300,2025-05-27,2.5332799093999427,1.0563431020347616,0.0,-0.029428206896335407
2y,Long CSI1000 / Short CSI300,2025-05-28,2.5332799093999427,1.0563431020347616,0.0,-0.029428206896335407
2y,Long CSI1000 / Short CSI300,2025-05-29,2.5332799093999427,1.0563431020347616,0.0,-0.029428206896335407
2y,Long CSI1000 / Short CSI300,2025-05-30,2.5332799093999427,1.0563431020347616,0.0,-0.029428206896335407
2y,Long CSI1000 / Short CSI300,2025-06-03,2.5332799093999427,1.0563431020347616,0.0,-0.029428206896335407
2y,Long CSI1000 / Short CSI300,2025-06-04,2.5332799093999427,1.0563431020347616,0.0,-0.029428206896335407
2y,Long CSI1000 / Short CSI300,2025-06-05,2.5332799093999427,1.0563431020347616,0.0,-0.029428206896335407
2y,Long CSI1000 / Short CSI300,2025-06-06,2.528522971005449,1.0543595237332946,-0.0018777784392646,-0.0312507256831841
2y,Long CSI1000 / Short CSI300,2025-06-09,2.5377726599661887,1.0582165176222798,0.0036581391851313,-0.02770690600223824
2y,Long CSI1000 / Short CSI300,2025-06-10,2.526634345756206,1.0535719928145975,-0.0043890118235142,-0.0319743118877156
2y,Long CSI1000 / Short CSI300,2025-06-11,2.517818193016475,1.0498957776050017,-0.0034892871438001,-0.03535203147611399
2y,Long CSI1000 / Short CSI300,2025-06-12,2.521712063061419,1.0515194681995286,0.0015465255020177,-0.03386017879232228
2y,Long CSI1000 / Short CSI300,2025-06-13,2.504632148689097,1.044397377322954,-0.0067731421927634,-0.040403981179452986
2y,Long CSI1000 / Short CSI300,2025-06-16,2.515377849882695,1.0488781878683124,0.0042903310968127,-0.03628699653952949
2y,Long CSI1000 / Short CSI300,2025-06-17,2.5151439929773454,1.0487806727347053,-9.297088521320608e-05,-0.0363765937905528
2y,Long CSI1000 / Short CSI300,2025-06-18,2.509675605808306,1.046500430017019,-0.0021741845334931,-0.038471688896445255
2y,Long CSI1000 / Short CSI300,2025-06-19,2.494545064309972,1.0401912009884742,-0.0060288833597922,-0.04426863093122657
2y,Long CSI1000 / Short CSI300,2025-06-20,2.472201154602672,1.0308740959957674,-0.0089571080622991,-0.0528292200825049
2y,Long CSI1000 / Short CSI300,2025-06-23,2.4841290900620114,1.0358478820733483,0.0048248239982949,-0.04825928777307531
2y,Long CSI1000 / Short CSI300,2025-06-24,2.4929660130826425,1.03953275820623,0.0035573525772005,-0.04487361049760796
2y,Long CSI1000 / Short CSI300,2025-06-25,2.4894025402831685,1.0380468387478055,-0.0014294109028255,-0.046238878572339215
2y,Long CSI1000 / Short CSI300,2025-06-26,2.4869700163348574,1.0370325095045987,-0.0009771517096767,-0.047170847882765266
2y,Long CSI1000 / Short CSI300,2025-06-27,2.5140291956176077,1.0483158174706835,0.0108803801835246,-0.03680370445778425
2y,Long CSI1000 / Short CSI300,2025-06-30,2.5365053785913547,1.0576880786078322,0.008940303085154,-0.028192437645139345
2y,Long CSI1000 / Short CSI300,2025-07-01,2.5392123838677088,1.0588168628137298,0.0010672184254769,-0.027155306708576465
2y,Long CSI1000 / Short CSI300,2025-07-02,2.513014318157517,1.047892627439294,-0.0103173983699178,-0.03719253296132463
2y,Long CSI1000 / Short CSI300,2025-07-03,2.510696154783652,1.0469259849927623,-0.0009224632574176,-0.03808068747363513
2y,Long CSI1000 / Short CSI300,2025-07-04,2.489777211119512,1.0382030713662525,-0.0083319296221023,-0.046095331487745916
2y,Long CSI1000 / Short CSI300,2025-07-07,2.506388299222144,1.0451296680954167,0.0066717166614131,-0.03973114981743309
2y,Long CSI1000 / Short CSI300,2025-07-08,2.51717481405708,1.049627497371448,0.0043036088375785,-0.035598528307335786
2y,Long CSI1000 / Short CSI300,2025-07-09,2.514840842919344,1.0486542633034133,-0.0009272185327385,-0.03649273922488949
2y,Long CSI1000 / Short CSI300,2025-07-10,2.509468834734127,1.0464142093048512,-0.0021361225305137,-0.03855090879294509
2y,Long CSI1000 / Short CSI300,2025-07-11,2.527814078694393,1.0540639253274133,0.00731040916163,-0.03152232254814402
2y,Long CSI1000 / Short CSI300,2025-07-14,2.5264851140846023,1.0535097652469614,-0.0005257366912351,-0.03203148679782264
2y,Long CSI1000 / Short CSI300,2025-07-15,2.5179978683516118,1.0499706997642835,-0.003359309613849,-0.03528319273012592
2y,Long CSI1000 / Short CSI300,2025-07-16,2.532988922719368,1.0562217645656298,0.0059535611829448,-0.029539692193829237
2y,Long CSI1000 / Short CSI300,2025-07-17,2.544513558227825,1.0610273800752505,0.0045498167817035,-0.025124275599396007
2y,Long CSI1000 / Short CSI300,2025-07-18,2.535778634434153,1.0573850362260742,-0.0034328462371235,-0.028470874061567675
2y,Long CSI1000 / Short CSI300,2025-07-21,2.542123267801819,1.0600306616336752,0.0025020454394206,-0.026040064042749167
2y,Long CSI1000 / Short CSI300,2025-07-22,2.531014292051128,1.055398370562574,-0.0043699595103811,-0.030296229527615237
2y,Long CSI1000 / Short CSI300,2025-07-23,2.519122231495381,1.050439543829519,-0.0046985355211524,-0.03485241713817544
2y,Long CSI1000 / Short CSI300,2025-07-24,2.5369004505657387,1.0578528182220372,0.0070573070445272,-0.028041074302636138
2y,Long CSI1000 / Short CSI300,2025-07-25,2.535632000340456,1.0573238918129264,-0.0005,-0.0285270537654847
2y,Long CSI1000 / Short CSI300,2025-07-28,2.5378710507900366,1.0582575452512004,0.0008830344660739,-0.027669209671101425
2y,Long CSI1000 / Short CSI300,2025-07-29,2.544460347501736,1.0610051919296575,0.0025963875152947,-0.02514466214635447
2y,Long CSI1000 / Short CSI300,2025-07-30,2.5241282448620925,1.0525269829905048,-0.0079907327538454,-0.032934470624802925
2y,Long CSI1000 / Short CSI300,2025-07-31,2.549052955858957,1.0629202468513406,0.009874581867066,-0.02338510288416995
2y,Long CSI1000 / Short CSI300,2025-08-01,2.5656133280255835,1.0698256957282821,0.0064966763944871,-0.017040351935573073
2y,Long CSI1000 / Short CSI300,2025-08-04,2.5821933606354133,1.0767393427413567,0.0064624050821364,-0.010688068510386506
2y,Long CSI1000 / Short CSI300,2025-08-05,2.5797485246162584,1.0757198795328666,-0.0009468059427405,-0.01162475492634496
2y,Long CSI1000 / Short CSI300,2025-08-06,2.601446819189128,1.0847677718375897,0.0084110115252793,-0.0033115193487297523
2y,Long CSI1000 / Short CSI300,2025-08-07,2.6010189178713627,1.0845893428358455,-0.0001644858986196,-0.003475460549113296
2y,Long CSI1000 / Short CSI300,2025-08-08,2.5980384525130407,1.0833465295129139,-0.0011458837680278,-0.004617361843311518
2y,Long CSI1000 / Short CSI300,2025-08-11,2.627010693764252,1.0954275581756538,0.0111515829271837,0.0
2y,Long CSI1000 / Short CSI300,2025-08-12,2.6209032433015325,1.0928808347980383,-0.0023248669970079,-0.002324866997007846
2y,Long CSI1000 / Short CSI300,2025-08-13,2.6379619057662964,1.0999940639195929,0.0065086960033196,0.0
2y,Long CSI1000 / Short CSI300,2025-08-14,2.6071966246269973,1.0871653621274735,-0.0116625191107004,-0.011662519110700487
2y,Long CSI1000 / Short CSI300,2025-08-15,2.6415138862461185,1.101475191237778,0.013162513826141,0.0
2y,Long CSI1000 / Short CSI300,2025-08-18,2.6626057277622524,1.110270200905721,0.0079847551156007,0.0
2y,Long CSI1000 / Short CSI300,2025-08-19,2.674655061393252,1.1152946083618387,0.0045253916136978,0.0
2y,Long CSI1000 / Short CSI300,2025-08-20,2.6674462797273404,1.1122886449234501,-0.00269521919666,-0.00269521919666027
2y,Long CSI1000 / Short CSI300,2025-08-21,2.638117527314841,1.1000589559785883,-0.0109950676927962,-0.013660652771942283
2y,Long CSI1000 / Short CSI300,2025-08-22,2.6229716369972853,1.0937433267021872,-0.0057411734544562,-0.019323398049333584
2y,Long CSI1000 / Short CSI300,2025-08-25,2.6094899445048614,1.0881216451756879,-0.0051398544697408,-0.024363933065239873
2y,Long CSI1000 / Short CSI300,2025-08-26,2.618795032383039,1.0920017396561545,0.0035658646233807,-0.020884946928863113
2y,Long CSI1000 / Short CSI300,2025-08-27,2.608710270434212,1.0877965317433704,-0.0038509168621915,-0.024655437596760033
2y,Long CSI1000 / Short CSI300,2025-08-28,2.601972390899397,1.0849869280582296,-0.0025828393483089,-0.027174595910694377
2y,Long CSI1000 / Short CSI300,2025-08-29,2.6006714047039474,1.0844444345942006,-0.0005,-0.027661008612738902
2y,Long CSI1000 / Short CSI300,2025-09-01,2.6006714047039474,1.0844444345942006,0.0,-0.027661008612738902
2y,Long CSI1000 / Short CSI300,2025-09-02,2.6006714047039474,1.0844444345942006,0.0,-0.027661008612738902
2y,Long CSI1000 / Short CSI300,2025-09-03,2.6006714047039474,1.0844444345942006,0.0,-0.027661008612738902
2y,Long CSI1000 / Short CSI300,2025-09-04,2.6006714047039474,1.0844444345942006,0.0,-0.027661008612738902
2y,Long CSI1000 / Short CSI300,2025-09-05,2.6006714047039474,1.0844444345942006,0.0,-0.027661008612738902
2y,Long CSI1000 / Short CSI300,2025-09-08,2.6006714047039474,1.0844444345942006,0.0,-0.027661008612738902
2y,Long CSI1000 / Short CSI300,2025-09-09,2.6006714047039474,1.0844444345942006,0.0,-0.027661008612738902
2y,Long CSI1000 / Short CSI300,2025-09-10,2.6006714047039474,1.0844444345942006,0.0,-0.027661008612738902
2y,Long CSI1000 / Short CSI300,2025-09-11,2.6006714047039474,1.0844444345942006,0.0,-0.027661008612738902
2y,Long CSI1000 / Short CSI300,2025-09-12,2.6006714047039474,1.0844444345942006,0.0,-0.027661008612738902
2y,Long CSI1000 / Short CSI300,2025-09-15,2.6006714047039474,1.0844444345942006,0.0,-0.027661008612738902
2y,Long CSI1000 / Short CSI300,2025-09-16,2.6006714047039474,1.0844444345942006,0.0,-0.027661008612738902
2y,Long CSI1000 / Short CSI300,2025-09-17,2.6006714047039474,1.0844444345942006,0.0,-0.027661008612738902
2y,Long CSI1000 / Short CSI300,2025-09-18,2.6006714047039474,1.0844444345942006,0.0,-0.027661008612738902
2y,Long CSI1000 / Short CSI300,2025-09-19,2.6006714047039474,1.0844444345942006,0.0,-0.027661008612738902
2y,Long CSI1000 / Short CSI300,2025-09-22,2.6006714047039474,1.0844444345942006,0.0,-0.027661008612738902
2y,Long CSI1000 / Short CSI300,2025-09-23,2.6006714047039474,1.0844444345942006,0.0,-0.027661008612738902
2y,Long CSI1000 / Short CSI300,2025-09-24,2.6006714047039474,1.0844444345942006,0.0,-0.027661008612738902
2y,Long CSI1000 / Short CSI300,2025-09-25,2.6006714047039474,1.0844444345942006,0.0,-0.027661008612738902
2y,Long CSI1000 / Short CSI300,2025-09-26,2.593386835703804,1.0814068688731586,-0.0028010339895181,-0.030384563176948265
2y,Long CSI1000 / Short CSI300,2025-09-29,2.591043843038211,1.0804298729512969,-0.000903448970025,-0.031260561244666696
2y,Long CSI1000 / Short CSI300,2025-09-30,2.59854965625261,1.0835596944861268,0.0028968298759458,-0.028454287896473085
2y,Long CSI1000 / Short CSI300,2025-10-09,2.597900018838547,1.0832888045625053,-0.00025,-0.02869717432449892
2y,Long CSI1000 / Short CSI300,2025-10-10,2.597900018838547,1.0832888045625053,0.0,-0.02869717432449892
2y,Long CSI1000 / Short CSI300,2025-10-13,2.597900018838547,1.0832888045625053,0.0,-0.02869717432449892
2y,Long CSI1000 / Short CSI300,2025-10-14,2.597900018838547,1.0832888045625053,0.0,-0.02869717432449892
2y,Long CSI1000 / Short CSI300,2025-10-15,2.597900018838547,1.0832888045625053,0.0,-0.02869717432449892
2y,Long CSI1000 / Short CSI300,2025-10-16,2.597900018838547,1.0832888045625053,0.0,-0.02869717432449892
2y,Long CSI1000 / Short CSI300,2025-10-17,2.597900018838547,1.0832888045625053,0.0,-0.02869717432449892
2y,Long CSI1000 / Short CSI300,2025-10-20,2.597900018838547,1.0832888045625053,0.0,-0.02869717432449892
2y,Long CSI1000 / Short CSI300,2025-10-21,2.597900018838547,1.0832888045625053,0.0,-0.02869717432449892
2y,Long CSI1000 / Short CSI300,2025-10-22,2.597900018838547,1.0832888045625053,0.0,-0.02869717432449892
2y,Long CSI1000 / Short CSI300,2025-10-23,2.597900018838547,1.0832888045625053,0.0,-0.02869717432449892
2y,Long CSI1000 / Short CSI300,2025-10-24,2.597900018838547,1.0832888045625053,0.0,-0.02869717432449892
2y,Long CSI1000 / Short CSI300,2025-10-27,2.597900018838547,1.0832888045625053,0.0,-0.02869717432449892
2y,Long CSI1000 / Short CSI300,2025-10-28,2.597900018838547,1.0832888045625053,0.0,-0.02869717432449892
2y,Long CSI1000 / Short CSI300,2025-10-29,2.597900018838547,1.0832888045625053,0.0,-0.02869717432449892
2y,Long CSI1000 / Short CSI300,2025-10-30,2.597900018838547,1.0832888045625053,0.0,-0.02869717432449892
2y,Long CSI1000 / Short CSI300,2025-10-31,2.597900018838547,1.0832888045625053,0.0,-0.02869717432449892
2y,Long CSI1000 / Short CSI300,2025-11-03,2.597900018838547,1.0832888045625053,0.0,-0.02869717432449892
2y,Long CSI1000 / Short CSI300,2025-11-04,2.597900018838547,1.0832888045625053,0.0,-0.02869717432449892
2y,Long CSI1000 / Short CSI300,2025-11-05,2.597900018838547,1.0832888045625053,0.0,-0.02869717432449892
2y,Long CSI1000 / Short CSI300,2025-11-06,2.597900018838547,1.0832888045625053,0.0,-0.02869717432449892
2y,Long CSI1000 / Short CSI300,2025-11-07,2.597900018838547,1.0832888045625053,0.0,-0.02869717432449892
2y,Long CSI1000 / Short CSI300,2025-11-10,2.5964216982504498,1.0826723650802208,-0.0005690444502779,-0.029249888806988755
2y,Long CSI1000 / Short CSI300,2025-11-11,2.60449772552846,1.086039958086945,0.0031104451497429,-0.026230423832016236
2y,Long CSI1000 / Short CSI300,2025-11-12,2.596842218714301,1.0828477163667507,-0.0029393409482072,-0.029092664621365394
2y,Long CSI1000 / Short CSI300,2025-11-13,2.599188834846905,1.083826223224837,0.0009036421680503,-0.028215311811847554
2y,Long CSI1000 / Short CSI300,2025-11-14,2.6046738839173367,1.0861134137276998,0.0021102926408788,-0.02616456173584547
2y,Long CSI1000 / Short CSI300,2025-11-17,2.6167456971208054,1.0911471948583278,0.00463467356816,-0.02165115237038484
2y,Long CSI1000 / Short CSI300,2025-11-18,2.612173398946537,1.0892406090053737,-0.0017473223245574,-0.023360643153053084
2y,Long CSI1000 / Short CSI300,2025-11-19,2.59582076927322,1.082421785909102,-0.0062601623919422,-0.029474564125276936
2y,Long CSI1000 / Short CSI300,2025-11-20,2.594193995421695,1.0817434434447528,-0.0006266895891969,-0.030082782311990464
2y,Long CSI1000 / Short CSI300,2025-11-21,2.577227232754021,1.0746685352826681,-0.0065402829154708,-0.03642631532025675
2y,Long CSI1000 / Short CSI300,2025-11-24,2.5950314532571297,1.082092651917304,0.0069082851045627,-0.029769673587234702
2y,Long CSI1000 / Short CSI300,2025-11-25,2.599591508730614,1.0839941327313416,0.0017572255117604,-0.028064760105378506
2y,Long CSI1000 / Short CSI300,2025-11-26,2.5914926281912094,1.080617010226932,-0.0031154435272636,-0.03109276945742767
2y,Long CSI1000 / Short CSI300,2025-11-27,2.593741086521355,1.0815545866228322,0.0008676306101301,-0.03025211588583243
2y,Long CSI1000 / Short CSI300,2025-11-28,2.604197224320379,1.0859146531898702,0.0040312958966337,-0.026342775219833747
2y,Long CSI1000 / Short CSI300,2025-12-01,2.5992354957036947,1.083845680164444,-0.0019052814319694,-0.028197866251310266
2y,Long CSI1000 / Short CSI300,2025-12-02,2.592561402704332,1.0810626745928704,-0.0025677138567838,-0.030693176056189042
2y,Long CSI1000 / Short CSI300,2025-12-03,2.5876597237500767,1.0790187414560293,-0.0018906703421344,-0.032525815720647944
2y,Long CSI1000 / Short CSI300,2025-12-04,2.583312137586121,1.0772058574404275,-0.0016801228245168,-0.03415129117978655
2y,Long CSI1000 / Short CSI300,2025-12-05,2.5891963192253806,1.0796594807698856,0.0022777664199564,-0.03195131342407764
2y,Long CSI1000 / Short CSI300,2025-12-08,2.592859776904382,1.0811870925566645,0.0014149014703129,-0.030581619914106684
2y,Long CSI1000 / Short CSI300,2025-12-09,2.590573034138425,1.0802335520742317,-0.0008819384628222,-0.03143658727007137
2y,Long CSI1000 / Short CSI300,2025-12-10,2.603903606677423,1.0857922186453806,0.0051458007025193,-0.026452552980410826
2y,Long CSI1000 / Short CSI300,2025-12-11,2.597528023916143,1.0831336877636015,-0.0024484711127288,-0.028836255781309328
2y,Long CSI1000 / Short CSI300,2025-12-12,2.599777221182508,1.084071572285807,0.0008658991339672,-0.02799532593624976
2y,Long CSI1000 / Short CSI300,2025-12-15,2.593668663742508,1.0815243873137936,-0.0023496464967184,-0.03027919331345752
2y,Long CSI1000 / Short CSI300,2025-12-16,2.585847664457316,1.0782631374948235,-0.0030154195848234,-0.03320330842575092
2y,Long CSI1000 / Short CSI300,2025-12-17,2.581546351971422,1.0764695489705904,-0.0016634052133138,-0.03481148308273008
2y,Long CSI1000 / Short CSI300,2025-12-18,2.586314259688422,1.078457701329634,0.0018469192750922,-0.03302885780673803
2y,Long CSI1000 / Short CSI300,2025-12-19,2.592132116221331,1.0808836679961529,0.0022494778084741,-0.030853677680939495
2y,Long CSI1000 / Short CSI300,2025-12-22,2.591484083192276,1.080613447079154,-0.00025,-0.03109596426151917
2y,Long CSI1000 / Short CSI300,2025-12-23,2.5855010580399544,1.0781186073555593,-0.0023087254099399,-0.03333289762862213
2y,Long CSI1000 / Short CSI300,2025-12-24,2.617163490279895,1.091321408896044,0.0122461494036068,-0.021494947869430625
2y,Long CSI1000 / Short CSI300,2025-12-25,2.6377896023484526,1.0999222157490764,0.0078810942247828,-0.013783257354163525
2y,Long CSI1000 / Short CSI300,2025-12-26,2.6385338667100378,1.1002325638166284,0.0002821545588482,-0.013504991804213717
2y,Long CSI1000 / Short CSI300,2025-12-29,2.6447354683298303,1.1028185469400595,0.0023503968237956,-0.011186337070259955
2y,Long CSI1000 / Short CSI300,2025-12-30,2.639054481223047,1.1004496529537569,-0.0021480360417183,-0.01331034445677659
2y,Long CSI1000 / Short CSI300,2025-12-31,2.6505165461360707,1.1052291773801812,0.0043432467933408,-0.009024907774315971
2y,Long CSI1000 / Short CSI300,2026-01-05,2.655500138865526,1.107307267441835,0.0018802345288961,-0.0071616421886372406
2y,Long CSI1000 / Short CSI300,2026-01-06,2.652508272615408,1.1060597001028307,-0.001126667706143,-0.00828024110380332
2y,Long CSI1000 / Short CSI300,2026-01-07,2.674341193365909,1.1151637296838044,0.0082310471850002,-0.00011734897403170574
2y,Long CSI1000 / Short CSI300,2026-01-08,2.7185878214472754,1.1336139689126468,0.016544870262301,0.0
2y,Long CSI1000 / Short CSI300,2026-01-09,2.759943055888027,1.1508585365075739,0.015212028139939,0.0
2y,Long CSI1000 / Short CSI300,2026-01-12,2.818933848732041,1.1754568909464627,0.0213739166531585,0.0
2y,Long CSI1000 / Short CSI300,2026-01-13,2.783815576197345,1.1608130512310995,-0.0124579981011233,-0.012457998101123247
2y,Long CSI1000 / Short CSI300,2026-01-14,2.813441627558335,1.1731667097745495,0.010642246424046,-0.0019483327628196934
2y,Long CSI1000 / Short CSI300,2026-01-15,2.802241887954573,1.16849657141711,-0.0039807968624825,-0.005921373708352884
2y,Long CSI1000 / Short CSI300,2026-01-16,2.8110757445990115,1.1721801689130247,0.0031524247362124,-0.0027876156570910693
2y,Long CSI1000 / Short CSI300,2026-01-19,2.820775511770092,1.1762248392648853,0.0034505534721775,0.0
2y,Long CSI1000 / Short CSI300,2026-01-20,2.801705273277748,1.168272810430331,-0.0067606367159566,-0.006760636715956503
2y,Long CSI1000 / Short CSI300,2026-01-21,2.8214302623493137,1.1764978613085006,0.0070403511960019,0.0
2y,Long CSI1000 / Short CSI300,2026-01-22,2.8421403207585696,1.1851336726383812,0.0073402694674478,0.0
2y,Long CSI1000 / Short CSI300,2026-01-23,2.9104144481834027,1.213603050730022,0.024022081853654,0.0
2y,Long CSI1000 / Short CSI300,2026-01-26,2.871504229844414,1.1973780214355714,-0.0133693049672961,-0.013369304967296047
2y,Long CSI1000 / Short CSI300,2026-01-27,2.878020570765358,1.200095246546308,0.0022693126665869,-0.011130331433814922
2y,Long CSI1000 / Short CSI300,2026-01-28,2.8765593258795,1.1994859273984981,-0.0005077256572454,-0.011632405936217727
2y,Long CSI1000 / Short CSI300,2026-01-29,2.831878116617046,1.1808544737561941,-0.0155328655524228,-0.026984586891181994
2y,Long CSI1000 / Short CSI300,2026-01-30,2.833924145449279,1.181707639817897,0.0007224989028402,-0.026281584322764284
2y,Long CSI1000 / Short CSI300,2026-02-02,2.7976524332279284,1.1665828315162792,-0.0127991118885788,-0.03874431527298694
2y,Long CSI1000 / Short CSI300,2026-02-03,2.8212140375563366,1.1764076985247898,0.0084219197669322,-0.030648697020708715
2y,Long CSI1000 / Short CSI300,2026-02-04,2.8092954007005395,1.1714377898378099,-0.0042246482178008,-0.034743865275262964
2y,Long CSI1000 / Short CSI300,2026-02-05,2.8085930768503644,1.1711449303903505,-0.00025,-0.03498517930894418
2y,Long CSI1000 / Short CSI300,2026-02-06,2.8085930768503644,1.1711449303903505,0.0,-0.03498517930894418
2y,Long CSI1000 / Short CSI300,2026-02-09,2.8085930768503644,1.1711449303903505,0.0,-0.03498517930894418
2y,Long CSI1000 / Short CSI300,2026-02-10,2.8085930768503644,1.1711449303903505,0.0,-0.03498517930894418
2y,Long CSI1000 / Short CSI300,2026-02-11,2.8085930768503644,1.1711449303903505,0.0,-0.03498517930894418
2y,Long CSI1000 / Short CSI300,2026-02-12,2.8085930768503644,1.1711449303903505,0.0,-0.03498517930894418
2y,Long CSI1000 / Short CSI300,2026-02-13,2.8085930768503644,1.1711449303903505,0.0,-0.03498517930894418
2y,Long CSI1000 / Short CSI300,2026-02-24,2.8085930768503644,1.1711449303903505,0.0,-0.03498517930894418
2y,Long CSI1000 / Short CSI300,2026-02-25,2.8085930768503644,1.1711449303903505,0.0,-0.03498517930894418
2y,Long CSI1000 / Short CSI300,2026-02-26,2.8085930768503644,1.1711449303903505,0.0,-0.03498517930894418
2y,Long CSI1000 / Short CSI300,2026-02-27,2.8085930768503644,1.1711449303903505,0.0,-0.03498517930894418
2y,Long CSI1000 / Short CSI300,2026-03-02,2.8085930768503644,1.1711449303903505,0.0,-0.03498517930894418
2y,Long CSI1000 / Short CSI300,2026-03-03,2.8085930768503644,1.1711449303903505,0.0,-0.03498517930894418
2y,Long CSI1000 / Short CSI300,2026-03-04,2.8085930768503644,1.1711449303903505,0.0,-0.03498517930894418
2y,Long CSI1000 / Short CSI300,2026-03-05,2.8085930768503644,1.1711449303903505,0.0,-0.03498517930894418
2y,Long CSI1000 / Short CSI300,2026-03-06,2.8085930768503644,1.1711449303903505,0.0,-0.03498517930894418
2y,Long CSI1000 / Short CSI300,2026-03-09,2.8085930768503644,1.1711449303903505,0.0,-0.03498517930894418
2y,Long CSI1000 / Short CSI300,2026-03-10,2.8085930768503644,1.1711449303903505,0.0,-0.03498517930894418
2y,Long CSI1000 / Short CSI300,2026-03-11,2.8085930768503644,1.1711449303903505,0.0,-0.03498517930894418
2y,Long CSI1000 / Short CSI300,2026-03-12,2.8085930768503644,1.1711449303903505,0.0,-0.03498517930894418
2y,Long CSI1000 / Short CSI300,2026-03-13,2.8085930768503644,1.1711449303903505,0.0,-0.03498517930894418
2y,Long CSI1000 / Short CSI300,2026-03-16,2.8085930768503644,1.1711449303903505,0.0,-0.03498517930894418
2y,Long CSI1000 / Short CSI300,2026-03-17,2.8085930768503644,1.1711449303903505,0.0,-0.03498517930894418
2y,Long CSI1000 / Short CSI300,2026-03-18,2.8085930768503644,1.1711449303903505,0.0,-0.03498517930894418
2y,Long CSI1000 / Short CSI300,2026-03-19,2.8085930768503644,1.1711449303903505,0.0,-0.03498517930894418
2y,Long CSI1000 / Short CSI300,2026-03-20,2.8085930768503644,1.1711449303903505,0.0,-0.03498517930894418
2y,Long CSI1000 / Short CSI300,2026-03-23,2.8085930768503644,1.1711449303903505,0.0,-0.03498517930894418
2y,Long CSI1000 / Short CSI300,2026-03-24,2.8085930768503644,1.1711449303903505,0.0,-0.03498517930894418
2y,Long CSI1000 / Short CSI300,2026-03-25,2.8085930768503644,1.1711449303903505,0.0,-0.03498517930894418
2y,Long CSI1000 / Short CSI300,2026-03-26,2.8085930768503644,1.1711449303903505,0.0,-0.03498517930894418
2y,Long CSI1000 / Short CSI300,2026-03-27,2.8085930768503644,1.1711449303903505,0.0,-0.03498517930894418
2y,Long CSI1000 / Short CSI300,2026-03-30,2.8085930768503644,1.1711449303903505,0.0,-0.03498517930894418
2y,Long CSI1000 / Short CSI300,2026-03-31,2.8085930768503644,1.1711449303903505,0.0,-0.03498517930894418
2y,Long CSI1000 / Short CSI300,2026-04-01,2.8085930768503644,1.1711449303903505,0.0,-0.03498517930894418
2y,Long CSI1000 / Short CSI300,2026-04-02,2.8085930768503644,1.1711449303903505,0.0,-0.03498517930894418
2y,Long CSI1000 / Short CSI300,2026-04-03,2.8085930768503644,1.1711449303903505,0.0,-0.03498517930894418
2y,Long CSI1000 / Short CSI300,2026-04-07,2.8085930768503644,1.1711449303903505,0.0,-0.03498517930894418
2y,Long CSI1000 / Short CSI300,2026-04-08,2.8085930768503644,1.1711449303903505,0.0,-0.03498517930894418
2y,Long CSI1000 / Short CSI300,2026-04-09,2.8085930768503644,1.1711449303903505,0.0,-0.03498517930894418
2y,Long CSI1000 / Short CSI300,2026-04-10,2.8085930768503644,1.1711449303903505,0.0,-0.03498517930894418
2y,Long CSI1000 / Short CSI300,2026-04-13,2.8085930768503644,1.1711449303903505,0.0,-0.03498517930894418
2y,Long CSI1000 / Short CSI300,2026-04-14,2.8085930768503644,1.1711449303903505,0.0,-0.03498517930894418
2y,Long CSI1000 / Short CSI300,2026-04-15,2.8085930768503644,1.1711449303903505,0.0,-0.03498517930894418
2y,Long CSI1000 / Short CSI300,2026-04-16,2.8085930768503644,1.1711449303903505,0.0,-0.03498517930894418
2y,Long CSI1000 / Short CSI300,2026-04-17,2.837343826330541,1.183133600011509,0.0102367088052565,-0.02510660359677297
2y,Long CSI1000 / Short CSI300,2026-04-20,2.837287549485252,1.1831101333361111,-1.98343411071944e-05,-0.02512593996494017
2y,Long CSI1000 / Short CSI300,2026-04-21,2.828751359563447,1.1795506587955764,-0.0030085741303709,-0.028058920842331414
2y,Long CSI1000 / Short CSI300,2026-04-22,2.853882037131508,1.190029807901831,0.0088840178487581,-0.019424178947153203
2y,Long CSI1000 / Short CSI300,2026-04-23,2.821826978593446,1.1766632865607198,-0.0112320895261252,-0.03043809435637268
2y,Long CSI1000 / Short CSI300,2026-04-24,2.812017006544297,1.1725726622807813,-0.0034764612159313,-0.03380873871778711
2y,Long CSI1000 / Short CSI300,2026-04-27,2.822794512020872,1.1770667347774988,0.0038326601338087,-0.030105655989036473
2y,Long CSI1000 / Short CSI300,2026-04-28,2.7923250213177075,1.1643613735549312,-0.0107940874099797,-0.04057478031673556
2y,Long CSI1000 / Short CSI300,2026-04-29,2.8011307045699505,1.168033223131322,0.0031535309052552,-0.03754920323518318
2y,Long CSI1000 / Short CSI300,2026-04-30,2.815964695487699,1.1742187946204679,0.0052957153672077,-0.032452337760574324
2y,Long CSI1000 / Short CSI300,2026-05-06,2.839453472525673,1.184013293644136,0.008341289603386,-0.02438174250475611
2y,Long CSI1000 / Short CSI300,2026-05-07,2.872009324639652,1.1975886390624841,0.0114655346280496,-0.01319575758968683
2y,Long CSI1000 / Short CSI300,2026-05-08,2.897699462201715,1.2083010753405727,0.0089450049279649,-0.004368788778389976
2y,Long CSI1000 / Short CSI300,2026-05-11,2.891902829945558,1.2058839589074053,-0.0020004256244546,-0.006360474965824592
2y,Long CSI1000 / Short CSI300,2026-05-12,2.879465153192,1.2006976176763366,-0.0043008626101701,-0.010633982047031143
2y,Long CSI1000 / Short CSI300,2026-05-13,2.893646350574949,1.2066109831826457,0.0049249414833962,-0.005761412302952129
2y,Long CSI1000 / Short CSI300,2026-05-14,2.884874299171804,1.2029531576277108,-0.0030314870375928,-0.008775433693830048
2y,Long CSI1000 / Short CSI300,2026-05-15,2.8856041232710057,1.2032574843031918,0.0002529829807182,-0.008524670748484842
2y,Long CSI1000 / Short CSI300,2026-05-18,2.913716991382459,1.2149801661109756,0.0097424549281506,0.0
2y,Long CSI1000 / Short CSI300,2026-05-19,2.9315239024612785,1.2224054046789128,0.0061114072270864,0.0
2y,Long CSI1000 / Short CSI300,2026-05-20,2.93293143191809,1.2229923252268935,0.0004801357599812,0.0
2y,Long CSI1000 / Short CSI300,2026-05-21,2.8736226991571634,1.198261394187667,-0.0202216567750237,-0.020221656775023855
2y,Long CSI1000 / Short CSI300,2026-05-22,2.8975754889233234,1.208249380177721,0.0083353983016578,-0.012054814036905226
2y,Long CSI1000 / Short CSI300,2026-05-25,2.8875320981873447,1.2040614234953093,-0.0034661360072832,-0.015479166419194001
2y,Long CSI1000 / Short CSI300,2026-05-26,2.835634066854774,1.1824206536759447,-0.0179731443903774,-0.033174101516476595
2y,Long CSI1000 / Short CSI300,2026-05-27,2.8122470900678103,1.1726686039657301,-0.0082475299123854,-0.041148027034288326
2y,Long CSI1000 / Short CSI300,2026-05-28,2.838771618471677,1.18372896982194,0.0094317915724919,-0.03210433507640309
2y,Long CSI1000 / Short CSI300,2026-05-29,2.7759886122141664,1.1575493142145832,-0.0221162582607865,-0.053510565571349034
2y,Long CSI1000 / Short CSI300,2026-06-01,2.77460061790806,1.156970539557476,-0.0005,-0.05398381028856325
2y,Long CSI1000 / Short CSI300,2026-06-02,2.77460061790806,1.156970539557476,0.0,-0.05398381028856325
2y,Long CSI1000 / Short CSI300,2026-06-03,2.77460061790806,1.156970539557476,0.0,-0.05398381028856325
2y,Long CSI1000 / Short CSI300,2026-06-04,2.77460061790806,1.156970539557476,0.0,-0.05398381028856325
2y,Long CSI1000 / Short CSI300,2026-06-05,2.77460061790806,1.156970539557476,0.0,-0.05398381028856325
2y,Long CSI300 / Short CSI1000,2024-06-05,2.6644747208432764,1.0,0.0074257911629707,0.0
2y,Long CSI300 / Short CSI1000,2024-06-06,2.7213370908936803,1.0213409305802712,0.0213409305802712,0.0
2y,Long CSI300 / Short CSI1000,2024-06-07,2.6956661628443364,1.0117064131842046,-0.0094332040434261,-0.009433204043426291
2y,Long CSI300 / Short CSI1000,2024-06-11,2.648805126231441,0.9941190680139476,-0.0173838427245938,-0.026653061432540093
2y,Long CSI300 / Short CSI1000,2024-06-12,2.640827636574973,0.9911250483694515,-0.003011731432209,-0.029584521001868258
2y,Long CSI300 / Short CSI1000,2024-06-13,2.6457951478883053,0.9929893975691166,0.001881043368576,-0.02775912740033515
2y,Long CSI300 / Short CSI1000,2024-06-14,2.657139006691723,0.9972468441549966,0.0042875045758821,-0.023590640210204405
2y,Long CSI300 / Short CSI1000,2024-06-17,2.6514393875381628,0.9951077286629358,-0.0021450210693556,-0.025685058859269527
2y,Long CSI300 / Short CSI1000,2024-06-18,2.6364663260898946,0.9894882114908873,-0.0056471445353952,-0.03118715615488643
2y,Long CSI300 / Short CSI1000,2024-06-19,2.65814584519813,0.9976247192005097,0.0082229455744227,-0.023220660868146448
2y,Long CSI300 / Short CSI1000,2024-06-20,2.693168320887986,1.010768951876424,0.0131755282552021,-0.010351077086317106
2y,Long CSI300 / Short CSI1000,2024-06-21,2.687644826333356,1.0086959374426892,-0.002050928087855,-0.012380775859435977
2y,Long CSI300 / Short CSI1000,2024-06-24,2.767578865888796,1.0386958616041546,0.0297412957144679,0.0
2y,Long CSI300 / Short CSI1000,2024-06-25,2.766144969387613,1.038157708064935,-0.0005181050191041,-0.0005181050191039871
2y,Long CSI300 / Short CSI1000,2024-06-26,2.766144969387613,1.038157708064935,-0.0,-0.0005181050191039871
2y,Long CSI300 / Short CSI1000,2024-06-27,2.766144969387613,1.038157708064935,0.0,-0.0005181050191039871
2y,Long CSI300 / Short CSI1000,2024-06-28,2.766144969387613,1.038157708064935,-0.0,-0.0005181050191039871
2y,Long CSI300 / Short CSI1000,2024-07-01,2.766144969387613,1.038157708064935,-0.0,-0.0005181050191039871
2y,Long CSI300 / Short CSI1000,2024-07-02,2.766144969387613,1.038157708064935,0.0,-0.0005181050191039871
2y,Long CSI300 / Short CSI1000,2024-07-03,2.766144969387613,1.038157708064935,0.0,-0.0005181050191039871
2y,Long CSI300 / Short CSI1000,2024-07-04,2.766144969387613,1.038157708064935,0.0,-0.0005181050191039871
2y,Long CSI300 / Short CSI1000,2024-07-05,2.766144969387613,1.038157708064935,-0.0,-0.0005181050191039871
2y,Long CSI300 / Short CSI1000,2024-07-08,2.766144969387613,1.038157708064935,0.0,-0.0005181050191039871
2y,Long CSI300 / Short CSI1000,2024-07-09,2.766144969387613,1.038157708064935,-0.0,-0.0005181050191039871
2y,Long CSI300 / Short CSI1000,2024-07-10,2.766144969387613,1.038157708064935,0.0,-0.0005181050191039871
2y,Long CSI300 / Short CSI1000,2024-07-11,2.766144969387613,1.038157708064935,-0.0,-0.0005181050191039871
2y,Long CSI300 / Short CSI1000,2024-07-12,2.766144969387613,1.038157708064935,0.0,-0.0005181050191039871
2y,Long CSI300 / Short CSI1000,2024-07-15,2.766144969387613,1.038157708064935,0.0,-0.0005181050191039871
2y,Long CSI300 / Short CSI1000,2024-07-16,2.766144969387613,1.038157708064935,0.0,-0.0005181050191039871
2y,Long CSI300 / Short CSI1000,2024-07-17,2.766144969387613,1.038157708064935,0.0,-0.0005181050191039871
2y,Long CSI300 / Short CSI1000,2024-07-18,2.766144969387613,1.038157708064935,0.0,-0.0005181050191039871
2y,Long CSI300 / Short CSI1000,2024-07-19,2.766144969387613,1.038157708064935,0.0,-0.0005181050191039871
2y,Long CSI300 / Short CSI1000,2024-07-22,2.766144969387613,1.038157708064935,-0.0,-0.0005181050191039871
2y,Long CSI300 / Short CSI1000,2024-07-23,2.766144969387613,1.038157708064935,0.0,-0.0005181050191039871
2y,Long CSI300 / Short CSI1000,2024-07-24,2.766144969387613,1.038157708064935,0.0,-0.0005181050191039871
2y,Long CSI300 / Short CSI1000,2024-07-25,2.766144969387613,1.038157708064935,-0.0,-0.0005181050191039871
2y,Long CSI300 / Short CSI1000,2024-07-26,2.766144969387613,1.038157708064935,-0.0,-0.0005181050191039871
2y,Long CSI300 / Short CSI1000,2024-07-29,2.766144969387613,1.038157708064935,-0.0,-0.0005181050191039871
2y,Long CSI300 / Short CSI1000,2024-07-30,2.766144969387613,1.038157708064935,0.0,-0.0005181050191039871
2y,Long CSI300 / Short CSI1000,2024-07-31,2.766144969387613,1.038157708064935,0.0,-0.0005181050191039871
2y,Long CSI300 / Short CSI1000,2024-08-01,2.766144969387613,1.038157708064935,0.0,-0.0005181050191039871
2y,Long CSI300 / Short CSI1000,2024-08-02,2.766144969387613,1.038157708064935,0.0,-0.0005181050191039871
2y,Long CSI300 / Short CSI1000,2024-08-05,2.766144969387613,1.038157708064935,0.0,-0.0005181050191039871
2y,Long CSI300 / Short CSI1000,2024-08-06,2.766144969387613,1.038157708064935,0.0,-0.0005181050191039871
2y,Long CSI300 / Short CSI1000,2024-08-07,2.766144969387613,1.038157708064935,0.0,-0.0005181050191039871
2y,Long CSI300 / Short CSI1000,2024-08-08,2.766144969387613,1.038157708064935,0.0,-0.0005181050191039871
2y,Long CSI300 / Short CSI1000,2024-08-09,2.766144969387613,1.038157708064935,0.0,-0.0005181050191039871
2y,Long CSI300 / Short CSI1000,2024-08-12,2.766144969387613,1.038157708064935,0.0,-0.0005181050191039871
2y,Long CSI300 / Short CSI1000,2024-08-13,2.766144969387613,1.038157708064935,0.0,-0.0005181050191039871
2y,Long CSI300 / Short CSI1000,2024-08-14,2.766144969387613,1.038157708064935,0.0,-0.0005181050191039871
2y,Long CSI300 / Short CSI1000,2024-08-15,2.766144969387613,1.038157708064935,0.0,-0.0005181050191039871
2y,Long CSI300 / Short CSI1000,2024-08-16,2.766144969387613,1.038157708064935,0.0,-0.0005181050191039871
2y,Long CSI300 / Short CSI1000,2024-08-19,2.766144969387613,1.038157708064935,0.0,-0.0005181050191039871
2y,Long CSI300 / Short CSI1000,2024-08-20,2.766144969387613,1.038157708064935,0.0,-0.0005181050191039871
2y,Long CSI300 / Short CSI1000,2024-08-21,2.766144969387613,1.038157708064935,0.0,-0.0005181050191039871
2y,Long CSI300 / Short CSI1000,2024-08-22,2.766144969387613,1.038157708064935,0.0,-0.0005181050191039871
2y,Long CSI300 / Short CSI1000,2024-08-23,2.774330548686296,1.0412298255200751,0.0029592011225988,0.0
2y,Long CSI300 / Short CSI1000,2024-08-26,2.761076985334877,1.036255650592559,-0.0047772113375944,-0.004777211337594567
2y,Long CSI300 / Short CSI1000,2024-08-27,2.778145939597528,1.0426617741444648,0.0061819914306304,0.0
2y,Long CSI300 / Short CSI1000,2024-08-28,2.7555960531741173,1.034198610186852,-0.0081168833148764,-0.008116883314876477
2y,Long CSI300 / Short CSI1000,2024-08-29,2.7046968301239875,1.0150956993384352,-0.0184712207696406,-0.02643817534084658
2y,Long CSI300 / Short CSI1000,2024-08-30,2.68937625310934,1.0093457566218464,-0.0056644341221583,-0.03195285216047661
2y,Long CSI300 / Short CSI1000,2024-09-02,2.7001556597288143,1.01339135950753,0.0040081437496934,-0.028072780035455103
2y,Long CSI300 / Short CSI1000,2024-09-03,2.683504107211257,1.0071418903767861,-0.0061668861413826,-0.03406654453868685
2y,Long CSI300 / Short CSI1000,2024-09-04,2.6821623551576512,1.0066383194315978,-0.0005,-0.034549511266417476
2y,Long CSI300 / Short CSI1000,2024-09-05,2.6821623551576512,1.0066383194315978,0.0,-0.034549511266417476
2y,Long CSI300 / Short CSI1000,2024-09-06,2.6821623551576512,1.0066383194315978,0.0,-0.034549511266417476
2y,Long CSI300 / Short CSI1000,2024-09-09,2.6821623551576512,1.0066383194315978,0.0,-0.034549511266417476
2y,Long CSI300 / Short CSI1000,2024-09-10,2.6821623551576512,1.0066383194315978,0.0,-0.034549511266417476
2y,Long CSI300 / Short CSI1000,2024-09-11,2.6821623551576512,1.0066383194315978,0.0,-0.034549511266417476
2y,Long CSI300 / Short CSI1000,2024-09-12,2.6821623551576512,1.0066383194315978,0.0,-0.034549511266417476
2y,Long CSI300 / Short CSI1000,2024-09-13,2.6821623551576512,1.0066383194315978,0.0,-0.034549511266417476
2y,Long CSI300 / Short CSI1000,2024-09-18,2.6821623551576512,1.0066383194315978,0.0,-0.034549511266417476
2y,Long CSI300 / Short CSI1000,2024-09-19,2.6821623551576512,1.0066383194315978,0.0,-0.034549511266417476
2y,Long CSI300 / Short CSI1000,2024-09-20,2.6821623551576512,1.0066383194315978,0.0,-0.034549511266417476
2y,Long CSI300 / Short CSI1000,2024-09-23,2.6821623551576512,1.0066383194315978,0.0,-0.034549511266417476
2y,Long CSI300 / Short CSI1000,2024-09-24,2.6821623551576512,1.0066383194315978,0.0,-0.034549511266417476
2y,Long CSI300 / Short CSI1000,2024-09-25,2.6821623551576512,1.0066383194315978,0.0,-0.034549511266417476
2y,Long CSI300 / Short CSI1000,2024-09-26,2.6821623551576512,1.0066383194315978,0.0,-0.034549511266417476
2y,Long CSI300 / Short CSI1000,2024-09-27,2.6821623551576512,1.0066383194315978,0.0,-0.034549511266417476
2y,Long CSI300 / Short CSI1000,2024-09-30,2.6821623551576512,1.0066383194315978,0.0,-0.034549511266417476
2y,Long CSI300 / Short CSI1000,2024-10-08,2.6821623551576512,1.0066383194315978,0.0,-0.034549511266417476
2y,Long CSI300 / Short CSI1000,2024-10-09,2.6821623551576512,1.0066383194315978,0.0,-0.034549511266417476
2y,Long CSI300 / Short CSI1000,2024-10-10,2.6821623551576512,1.0066383194315978,0.0,-0.034549511266417476
2y,Long CSI300 / Short CSI1000,2024-10-11,2.6821623551576512,1.0066383194315978,0.0,-0.034549511266417476
2y,Long CSI300 / Short CSI1000,2024-10-14,2.6821623551576512,1.0066383194315978,0.0,-0.034549511266417476
2y,Long CSI300 / Short CSI1000,2024-10-15,2.6821623551576512,1.0066383194315978,0.0,-0.034549511266417476
2y,Long CSI300 / Short CSI1000,2024-10-16,2.6821623551576512,1.0066383194315978,0.0,-0.034549511266417476
2y,Long CSI300 / Short CSI1000,2024-10-17,2.6821623551576512,1.0066383194315978,0.0,-0.034549511266417476
2y,Long CSI300 / Short CSI1000,2024-10-18,2.6821623551576512,1.0066383194315978,0.0,-0.034549511266417476
2y,Long CSI300 / Short CSI1000,2024-10-21,2.6821623551576512,1.0066383194315978,0.0,-0.034549511266417476
2y,Long CSI300 / Short CSI1000,2024-10-22,2.6821623551576512,1.0066383194315978,0.0,-0.034549511266417476
2y,Long CSI300 / Short CSI1000,2024-10-23,2.6821623551576512,1.0066383194315978,0.0,-0.034549511266417476
2y,Long CSI300 / Short CSI1000,2024-10-24,2.6821623551576512,1.0066383194315978,0.0,-0.034549511266417476
2y,Long CSI300 / Short CSI1000,2024-10-25,2.6821623551576512,1.0066383194315978,0.0,-0.034549511266417476
2y,Long CSI300 / Short CSI1000,2024-10-28,2.6821623551576512,1.0066383194315978,0.0,-0.034549511266417476
2y,Long CSI300 / Short CSI1000,2024-10-29,2.6821623551576512,1.0066383194315978,0.0,-0.034549511266417476
2y,Long CSI300 / Short CSI1000,2024-10-30,2.6821623551576512,1.0066383194315978,0.0,-0.034549511266417476
2y,Long CSI300 / Short CSI1000,2024-10-31,2.6821623551576512,1.0066383194315978,0.0,-0.034549511266417476
2y,Long CSI300 / Short CSI1000,2024-11-01,2.6821623551576512,1.0066383194315978,0.0,-0.034549511266417476
2y,Long CSI300 / Short CSI1000,2024-11-04,2.6821623551576512,1.0066383194315978,0.0,-0.034549511266417476
2y,Long CSI300 / Short CSI1000,2024-11-05,2.6821623551576512,1.0066383194315978,0.0,-0.034549511266417476
2y,Long CSI300 / Short CSI1000,2024-11-06,2.6821623551576512,1.0066383194315978,0.0,-0.034549511266417476
2y,Long CSI300 / Short CSI1000,2024-11-07,2.6821623551576512,1.0066383194315978,0.0,-0.034549511266417476
2y,Long CSI300 / Short CSI1000,2024-11-08,2.6821623551576512,1.0066383194315978,0.0,-0.034549511266417476
2y,Long CSI300 / Short CSI1000,2024-11-11,2.6821623551576512,1.0066383194315978,0.0,-0.034549511266417476
2y,Long CSI300 / Short CSI1000,2024-11-12,2.6821623551576512,1.0066383194315978,0.0,-0.034549511266417476
2y,Long CSI300 / Short CSI1000,2024-11-13,2.6821623551576512,1.0066383194315978,0.0,-0.034549511266417476
2y,Long CSI300 / Short CSI1000,2024-11-14,2.6821623551576512,1.0066383194315978,0.0,-0.034549511266417476
2y,Long CSI300 / Short CSI1000,2024-11-15,2.6821623551576512,1.0066383194315978,0.0,-0.034549511266417476
2y,Long CSI300 / Short CSI1000,2024-11-18,2.6821623551576512,1.0066383194315978,0.0,-0.034549511266417476
2y,Long CSI300 / Short CSI1000,2024-11-19,2.6821623551576512,1.0066383194315978,0.0,-0.034549511266417476
2y,Long CSI300 / Short CSI1000,2024-11-20,2.6821623551576512,1.0066383194315978,-0.0,-0.034549511266417476
2y,Long CSI300 / Short CSI1000,2024-11-21,2.6821623551576512,1.0066383194315978,0.0,-0.034549511266417476
2y,Long CSI300 / Short CSI1000,2024-11-22,2.6821623551576512,1.0066383194315978,0.0,-0.034549511266417476
2y,Long CSI300 / Short CSI1000,2024-11-25,2.6821623551576512,1.0066383194315978,-0.0,-0.034549511266417476
2y,Long CSI300 / Short CSI1000,2024-11-26,2.6821623551576512,1.0066383194315978,0.0,-0.034549511266417476
2y,Long CSI300 / Short CSI1000,2024-11-27,2.6821623551576512,1.0066383194315978,-0.0,-0.034549511266417476
2y,Long CSI300 / Short CSI1000,2024-11-28,2.6821623551576512,1.0066383194315978,-0.0,-0.034549511266417476
2y,Long CSI300 / Short CSI1000,2024-11-29,2.6821623551576512,1.0066383194315978,-0.0,-0.034549511266417476
2y,Long CSI300 / Short CSI1000,2024-12-02,2.6821623551576512,1.0066383194315978,-0.0,-0.034549511266417476
2y,Long CSI300 / Short CSI1000,2024-12-03,2.6821623551576512,1.0066383194315978,0.0,-0.034549511266417476
2y,Long CSI300 / Short CSI1000,2024-12-04,2.6821623551576512,1.0066383194315978,0.0,-0.034549511266417476
2y,Long CSI300 / Short CSI1000,2024-12-05,2.6821623551576512,1.0066383194315978,-0.0,-0.034549511266417476
2y,Long CSI300 / Short CSI1000,2024-12-06,2.6821623551576512,1.0066383194315978,0.0,-0.034549511266417476
2y,Long CSI300 / Short CSI1000,2024-12-09,2.6821623551576512,1.0066383194315978,0.0,-0.034549511266417476
2y,Long CSI300 / Short CSI1000,2024-12-10,2.6821623551576512,1.0066383194315978,-0.0,-0.034549511266417476
2y,Long CSI300 / Short CSI1000,2024-12-11,2.6821623551576512,1.0066383194315978,-0.0,-0.034549511266417476
2y,Long CSI300 / Short CSI1000,2024-12-12,2.6821623551576512,1.0066383194315978,0.0,-0.034549511266417476
2y,Long CSI300 / Short CSI1000,2024-12-13,2.6821623551576512,1.0066383194315978,0.0,-0.034549511266417476
2y,Long CSI300 / Short CSI1000,2024-12-16,2.6821623551576512,1.0066383194315978,0.0,-0.034549511266417476
2y,Long CSI300 / Short CSI1000,2024-12-17,2.6821623551576512,1.0066383194315978,0.0,-0.034549511266417476
2y,Long CSI300 / Short CSI1000,2024-12-18,2.6821623551576512,1.0066383194315978,-0.0,-0.034549511266417476
2y,Long CSI300 / Short CSI1000,2024-12-19,2.6821623551576512,1.0066383194315978,-0.0,-0.034549511266417476
2y,Long CSI300 / Short CSI1000,2024-12-20,2.6821623551576512,1.0066383194315978,-0.0,-0.034549511266417476
2y,Long CSI300 / Short CSI1000,2024-12-23,2.6821623551576512,1.0066383194315978,0.0,-0.034549511266417476
2y,Long CSI300 / Short CSI1000,2024-12-24,2.6821623551576512,1.0066383194315978,0.0,-0.034549511266417476
2y,Long CSI300 / Short CSI1000,2024-12-25,2.6821623551576512,1.0066383194315978,0.0,-0.034549511266417476
2y,Long CSI300 / Short CSI1000,2024-12-26,2.6821623551576512,1.0066383194315978,-0.0,-0.034549511266417476
2y,Long CSI300 / Short CSI1000,2024-12-27,2.6821623551576512,1.0066383194315978,-0.0,-0.034549511266417476
2y,Long CSI300 / Short CSI1000,2024-12-30,2.6821623551576512,1.0066383194315978,0.0,-0.034549511266417476
2y,Long CSI300 / Short CSI1000,2024-12-31,2.6821623551576512,1.0066383194315978,0.0,-0.034549511266417476
2y,Long CSI300 / Short CSI1000,2025-01-02,2.6821623551576512,1.0066383194315978,-0.0,-0.034549511266417476
2y,Long CSI300 / Short CSI1000,2025-01-03,2.6821623551576512,1.0066383194315978,0.0,-0.034549511266417476
2y,Long CSI300 / Short CSI1000,2025-01-06,2.6821623551576512,1.0066383194315978,0.0,-0.034549511266417476
2y,Long CSI300 / Short CSI1000,2025-01-07,2.6821623551576512,1.0066383194315978,-0.0,-0.034549511266417476
2y,Long CSI300 / Short CSI1000,2025-01-08,2.6821623551576512,1.0066383194315978,0.0,-0.034549511266417476
2y,Long CSI300 / Short CSI1000,2025-01-09,2.6821623551576512,1.0066383194315978,-0.0,-0.034549511266417476
2y,Long CSI300 / Short CSI1000,2025-01-10,2.6821623551576512,1.0066383194315978,0.0,-0.034549511266417476
2y,Long CSI300 / Short CSI1000,2025-01-13,2.6821623551576512,1.0066383194315978,-0.0,-0.034549511266417476
2y,Long CSI300 / Short CSI1000,2025-01-14,2.6821623551576512,1.0066383194315978,-0.0,-0.034549511266417476
2y,Long CSI300 / Short CSI1000,2025-01-15,2.6821623551576512,1.0066383194315978,-0.0,-0.034549511266417476
2y,Long CSI300 / Short CSI1000,2025-01-16,2.6821623551576512,1.0066383194315978,-0.0,-0.034549511266417476
2y,Long CSI300 / Short CSI1000,2025-01-17,2.6821623551576512,1.0066383194315978,-0.0,-0.034549511266417476
2y,Long CSI300 / Short CSI1000,2025-01-20,2.6821623551576512,1.0066383194315978,-0.0,-0.034549511266417476
2y,Long CSI300 / Short CSI1000,2025-01-21,2.6821623551576512,1.0066383194315978,-0.0,-0.034549511266417476
2y,Long CSI300 / Short CSI1000,2025-01-22,2.6821623551576512,1.0066383194315978,-0.0,-0.034549511266417476
2y,Long CSI300 / Short CSI1000,2025-01-23,2.6821623551576512,1.0066383194315978,0.0,-0.034549511266417476
2y,Long CSI300 / Short CSI1000,2025-01-24,2.6821623551576512,1.0066383194315978,0.0,-0.034549511266417476
2y,Long CSI300 / Short CSI1000,2025-01-27,2.6821623551576512,1.0066383194315978,0.0,-0.034549511266417476
2y,Long CSI300 / Short CSI1000,2025-02-05,2.6821623551576512,1.0066383194315978,0.0,-0.034549511266417476
2y,Long CSI300 / Short CSI1000,2025-02-06,2.6821623551576512,1.0066383194315978,0.0,-0.034549511266417476
2y,Long CSI300 / Short CSI1000,2025-02-07,2.6821623551576512,1.0066383194315978,0.0,-0.034549511266417476
2y,Long CSI300 / Short CSI1000,2025-02-10,2.6821623551576512,1.0066383194315978,0.0,-0.034549511266417476
2y,Long CSI300 / Short CSI1000,2025-02-11,2.6821623551576512,1.0066383194315978,0.0,-0.034549511266417476
2y,Long CSI300 / Short CSI1000,2025-02-12,2.6821623551576512,1.0066383194315978,0.0,-0.034549511266417476
2y,Long CSI300 / Short CSI1000,2025-02-13,2.6821623551576512,1.0066383194315978,0.0,-0.034549511266417476
2y,Long CSI300 / Short CSI1000,2025-02-14,2.6821623551576512,1.0066383194315978,0.0,-0.034549511266417476
2y,Long CSI300 / Short CSI1000,2025-02-17,2.6821623551576512,1.0066383194315978,0.0,-0.034549511266417476
2y,Long CSI300 / Short CSI1000,2025-02-18,2.6821623551576512,1.0066383194315978,0.0,-0.034549511266417476
2y,Long CSI300 / Short CSI1000,2025-02-19,2.6821623551576512,1.0066383194315978,0.0,-0.034549511266417476
2y,Long CSI300 / Short CSI1000,2025-02-20,2.6821623551576512,1.0066383194315978,0.0,-0.034549511266417476
2y,Long CSI300 / Short CSI1000,2025-02-21,2.6821623551576512,1.0066383194315978,0.0,-0.034549511266417476
2y,Long CSI300 / Short CSI1000,2025-02-24,2.6821623551576512,1.0066383194315978,0.0,-0.034549511266417476
2y,Long CSI300 / Short CSI1000,2025-02-25,2.6821623551576512,1.0066383194315978,0.0,-0.034549511266417476
2y,Long CSI300 / Short CSI1000,2025-02-26,2.6821623551576512,1.0066383194315978,0.0,-0.034549511266417476
2y,Long CSI300 / Short CSI1000,2025-02-27,2.6821623551576512,1.0066383194315978,0.0,-0.034549511266417476
2y,Long CSI300 / Short CSI1000,2025-02-28,2.6821623551576512,1.0066383194315978,0.0,-0.034549511266417476
2y,Long CSI300 / Short CSI1000,2025-03-03,2.6821623551576512,1.0066383194315978,0.0,-0.034549511266417476
2y,Long CSI300 / Short CSI1000,2025-03-04,2.6821623551576512,1.0066383194315978,0.0,-0.034549511266417476
2y,Long CSI300 / Short CSI1000,2025-03-05,2.6821623551576512,1.0066383194315978,0.0,-0.034549511266417476
2y,Long CSI300 / Short CSI1000,2025-03-06,2.6821623551576512,1.0066383194315978,0.0,-0.034549511266417476
2y,Long CSI300 / Short CSI1000,2025-03-07,2.6821623551576512,1.0066383194315978,0.0,-0.034549511266417476
2y,Long CSI300 / Short CSI1000,2025-03-10,2.6821623551576512,1.0066383194315978,0.0,-0.034549511266417476
2y,Long CSI300 / Short CSI1000,2025-03-11,2.6821623551576512,1.0066383194315978,0.0,-0.034549511266417476
2y,Long CSI300 / Short CSI1000,2025-03-12,2.6821623551576512,1.0066383194315978,0.0,-0.034549511266417476
2y,Long CSI300 / Short CSI1000,2025-03-13,2.6821623551576512,1.0066383194315978,0.0,-0.034549511266417476
2y,Long CSI300 / Short CSI1000,2025-03-14,2.6821623551576512,1.0066383194315978,0.0,-0.034549511266417476
2y,Long CSI300 / Short CSI1000,2025-03-17,2.6821623551576512,1.0066383194315978,0.0,-0.034549511266417476
2y,Long CSI300 / Short CSI1000,2025-03-18,2.6821623551576512,1.0066383194315978,0.0,-0.034549511266417476
2y,Long CSI300 / Short CSI1000,2025-03-19,2.6821623551576512,1.0066383194315978,0.0,-0.034549511266417476
2y,Long CSI300 / Short CSI1000,2025-03-20,2.6821623551576512,1.0066383194315978,0.0,-0.034549511266417476
2y,Long CSI300 / Short CSI1000,2025-03-21,2.6821623551576512,1.0066383194315978,0.0,-0.034549511266417476
2y,Long CSI300 / Short CSI1000,2025-03-24,2.6821623551576512,1.0066383194315978,0.0,-0.034549511266417476
2y,Long CSI300 / Short CSI1000,2025-03-25,2.6911499749702217,1.0100114495057033,0.0033508858236294,-0.03131439691030402
2y,Long CSI300 / Short CSI1000,2025-03-26,2.6713998574612554,1.0025990626084031,-0.0073389137330352,-0.03842349698581238
2y,Long CSI300 / Short CSI1000,2025-03-27,2.676481483468554,1.0045062400222275,0.0019022333901478,-0.03659435405459743
2y,Long CSI300 / Short CSI1000,2025-03-28,2.6834606743095164,1.0071255896397588,0.0026075991498802,-0.034082178311240496
2y,Long CSI300 / Short CSI1000,2025-03-31,2.6815258533886697,1.006399434910006,-0.0007210170580736,-0.03477862153737543
2y,Long CSI300 / Short CSI1000,2025-04-01,2.667718916603907,1.0012175742315181,-0.0051489105604985,-0.03974846008616062
2y,Long CSI300 / Short CSI1000,2025-04-02,2.6621478985913294,0.9991267238402582,-0.0020883077215906,-0.041753760791631955
2y,Long CSI300 / Short CSI1000,2025-04-03,2.670090789228333,1.0021077581787974,0.0029836398801158,-0.03889469909735899
2y,Long CSI300 / Short CSI1000,2025-04-07,2.8004705534958845,1.0510403914095183,0.0488297120058721,0.0
2y,Long CSI300 / Short CSI1000,2025-04-08,2.7990703182191368,1.0505148712138137,-0.0005,-0.0004999999999998339
2y,Long CSI300 / Short CSI1000,2025-04-09,2.7990703182191368,1.0505148712138137,-0.0,-0.0004999999999998339
2y,Long CSI300 / Short CSI1000,2025-04-10,2.7990703182191368,1.0505148712138137,-0.0,-0.0004999999999998339
2y,Long CSI300 / Short CSI1000,2025-04-11,2.7990703182191368,1.0505148712138137,-0.0,-0.0004999999999998339
2y,Long CSI300 / Short CSI1000,2025-04-14,2.7990703182191368,1.0505148712138137,-0.0,-0.0004999999999998339
2y,Long CSI300 / Short CSI1000,2025-04-15,2.7990703182191368,1.0505148712138137,0.0,-0.0004999999999998339
2y,Long CSI300 / Short CSI1000,2025-04-16,2.7990703182191368,1.0505148712138137,0.0,-0.0004999999999998339
2y,Long CSI300 / Short CSI1000,2025-04-17,2.7990703182191368,1.0505148712138137,-0.0,-0.0004999999999998339
2y,Long CSI300 / Short CSI1000,2025-04-18,2.7990703182191368,1.0505148712138137,0.0,-0.0004999999999998339
2y,Long CSI300 / Short CSI1000,2025-04-21,2.7990703182191368,1.0505148712138137,-0.0,-0.0004999999999998339
2y,Long CSI300 / Short CSI1000,2025-04-22,2.7990703182191368,1.0505148712138137,0.0,-0.0004999999999998339
2y,Long CSI300 / Short CSI1000,2025-04-23,2.7990703182191368,1.0505148712138137,-0.0,-0.0004999999999998339
2y,Long CSI300 / Short CSI1000,2025-04-24,2.7990703182191368,1.0505148712138137,0.0,-0.0004999999999998339
2y,Long CSI300 / Short CSI1000,2025-04-25,2.7990703182191368,1.0505148712138137,-0.0,-0.0004999999999998339
2y,Long CSI300 / Short CSI1000,2025-04-28,2.7990703182191368,1.0505148712138137,0.0,-0.0004999999999998339
2y,Long CSI300 / Short CSI1000,2025-04-29,2.7990703182191368,1.0505148712138137,-0.0,-0.0004999999999998339
2y,Long CSI300 / Short CSI1000,2025-04-30,2.7990703182191368,1.0505148712138137,-0.0,-0.0004999999999998339
2y,Long CSI300 / Short CSI1000,2025-05-06,2.7990703182191368,1.0505148712138137,0.0,-0.0004999999999998339
2y,Long CSI300 / Short CSI1000,2025-05-07,2.7990703182191368,1.0505148712138137,0.0,-0.0004999999999998339
2y,Long CSI300 / Short CSI1000,2025-05-08,2.7990703182191368,1.0505148712138137,0.0,-0.0004999999999998339
2y,Long CSI300 / Short CSI1000,2025-05-09,2.7990703182191368,1.0505148712138137,0.0,-0.0004999999999998339
2y,Long CSI300 / Short CSI1000,2025-05-12,2.7990703182191368,1.0505148712138137,0.0,-0.0004999999999998339
2y,Long CSI300 / Short CSI1000,2025-05-13,2.7990703182191368,1.0505148712138137,0.0,-0.0004999999999998339
2y,Long CSI300 / Short CSI1000,2025-05-14,2.7990703182191368,1.0505148712138137,0.0,-0.0004999999999998339
2y,Long CSI300 / Short CSI1000,2025-05-15,2.7990703182191368,1.0505148712138137,0.0,-0.0004999999999998339
2y,Long CSI300 / Short CSI1000,2025-05-16,2.7990703182191368,1.0505148712138137,0.0,-0.0004999999999998339
2y,Long CSI300 / Short CSI1000,2025-05-19,2.7990703182191368,1.0505148712138137,0.0,-0.0004999999999998339
2y,Long CSI300 / Short CSI1000,2025-05-20,2.7990703182191368,1.0505148712138137,0.0,-0.0004999999999998339
2y,Long CSI300 / Short CSI1000,2025-05-21,2.7990703182191368,1.0505148712138137,0.0,-0.0004999999999998339
2y,Long CSI300 / Short CSI1000,2025-05-22,2.8263432342341788,1.0607506283038304,0.0097435622954959,0.0
2y,Long CSI300 / Short CSI1000,2025-05-23,2.839303159826604,1.065614598485662,0.0045854040073574,0.0
2y,Long CSI300 / Short CSI1000,2025-05-26,2.804776858482668,1.0526565842572482,-0.0121601320466407,-0.012160132046640793
2y,Long CSI300 / Short CSI1000,2025-05-27,2.799166213226873,1.0505508614249373,-0.0020003891713615,-0.01413619622153417
2y,Long CSI300 / Short CSI1000,2025-05-28,2.8080807480563,1.053896562083942,0.0031847107854128,-0.010996505132692791
2y,Long CSI300 / Short CSI1000,2025-05-29,2.775764760854291,1.0417680975317312,-0.0115082115157755,-0.02237816654146718
2y,Long CSI300 / Short CSI1000,2025-05-30,2.7913662166226065,1.047623456430906,0.0056205972452485,-0.01688334795743518
2y,Long CSI300 / Short CSI1000,2025-06-03,2.7798748623142724,1.0433106535289152,-0.0041167490814724,-0.02093059253171159
2y,Long CSI300 / Short CSI1000,2025-06-04,2.778484924883116,1.042788998202151,-0.0005,-0.021420127235445396
2y,Long CSI300 / Short CSI1000,2025-06-05,2.778484924883116,1.042788998202151,0.0,-0.021420127235445396
2y,Long CSI300 / Short CSI1000,2025-06-06,2.778484924883116,1.042788998202151,0.0,-0.021420127235445396
2y,Long CSI300 / Short CSI1000,2025-06-09,2.778484924883116,1.042788998202151,0.0,-0.021420127235445396
2y,Long CSI300 / Short CSI1000,2025-06-10,2.778484924883116,1.042788998202151,0.0,-0.021420127235445396
2y,Long CSI300 / Short CSI1000,2025-06-11,2.778484924883116,1.042788998202151,0.0,-0.021420127235445396
2y,Long CSI300 / Short CSI1000,2025-06-12,2.778484924883116,1.042788998202151,0.0,-0.021420127235445396
2y,Long CSI300 / Short CSI1000,2025-06-13,2.778484924883116,1.042788998202151,0.0,-0.021420127235445396
2y,Long CSI300 / Short CSI1000,2025-06-16,2.778484924883116,1.042788998202151,0.0,-0.021420127235445396
2y,Long CSI300 / Short CSI1000,2025-06-17,2.778484924883116,1.042788998202151,0.0,-0.021420127235445396
2y,Long CSI300 / Short CSI1000,2025-06-18,2.778484924883116,1.042788998202151,0.0,-0.021420127235445396
2y,Long CSI300 / Short CSI1000,2025-06-19,2.778484924883116,1.042788998202151,0.0,-0.021420127235445396
2y,Long CSI300 / Short CSI1000,2025-06-20,2.778484924883116,1.042788998202151,0.0,-0.021420127235445396
2y,Long CSI300 / Short CSI1000,2025-06-23,2.778484924883116,1.042788998202151,0.0,-0.021420127235445396
2y,Long CSI300 / Short CSI1000,2025-06-24,2.778484924883116,1.042788998202151,0.0,-0.021420127235445396
2y,Long CSI300 / Short CSI1000,2025-06-25,2.778484924883116,1.042788998202151,0.0,-0.021420127235445396
2y,Long CSI300 / Short CSI1000,2025-06-26,2.778484924883116,1.042788998202151,0.0,-0.021420127235445396
2y,Long CSI300 / Short CSI1000,2025-06-27,2.778484924883116,1.042788998202151,0.0,-0.021420127235445396
2y,Long CSI300 / Short CSI1000,2025-06-30,2.778484924883116,1.042788998202151,0.0,-0.021420127235445396
2y,Long CSI300 / Short CSI1000,2025-07-01,2.778484924883116,1.042788998202151,0.0,-0.021420127235445396
2y,Long CSI300 / Short CSI1000,2025-07-02,2.778484924883116,1.042788998202151,0.0,-0.021420127235445396
2y,Long CSI300 / Short CSI1000,2025-07-03,2.778484924883116,1.042788998202151,0.0,-0.021420127235445396
2y,Long CSI300 / Short CSI1000,2025-07-04,2.778484924883116,1.042788998202151,0.0,-0.021420127235445396
2y,Long CSI300 / Short CSI1000,2025-07-07,2.778484924883116,1.042788998202151,0.0,-0.021420127235445396
2y,Long CSI300 / Short CSI1000,2025-07-08,2.778484924883116,1.042788998202151,0.0,-0.021420127235445396
2y,Long CSI300 / Short CSI1000,2025-07-09,2.778484924883116,1.042788998202151,0.0,-0.021420127235445396
2y,Long CSI300 / Short CSI1000,2025-07-10,2.778484924883116,1.042788998202151,0.0,-0.021420127235445396
2y,Long CSI300 / Short CSI1000,2025-07-11,2.778484924883116,1.042788998202151,0.0,-0.021420127235445396
2y,Long CSI300 / Short CSI1000,2025-07-14,2.778484924883116,1.042788998202151,0.0,-0.021420127235445396
2y,Long CSI300 / Short CSI1000,2025-07-15,2.778484924883116,1.042788998202151,0.0,-0.021420127235445396
2y,Long CSI300 / Short CSI1000,2025-07-16,2.778484924883116,1.042788998202151,0.0,-0.021420127235445396
2y,Long CSI300 / Short CSI1000,2025-07-17,2.778484924883116,1.042788998202151,0.0,-0.021420127235445396
2y,Long CSI300 / Short CSI1000,2025-07-18,2.778484924883116,1.042788998202151,0.0,-0.021420127235445396
2y,Long CSI300 / Short CSI1000,2025-07-21,2.778484924883116,1.042788998202151,0.0,-0.021420127235445396
2y,Long CSI300 / Short CSI1000,2025-07-22,2.778484924883116,1.042788998202151,0.0,-0.021420127235445396
2y,Long CSI300 / Short CSI1000,2025-07-23,2.778484924883116,1.042788998202151,0.0,-0.021420127235445396
2y,Long CSI300 / Short CSI1000,2025-07-24,2.778484924883116,1.042788998202151,0.0,-0.021420127235445396
2y,Long CSI300 / Short CSI1000,2025-07-25,2.778484924883116,1.042788998202151,0.0,-0.021420127235445396
2y,Long CSI300 / Short CSI1000,2025-07-28,2.778484924883116,1.042788998202151,0.0,-0.021420127235445396
2y,Long CSI300 / Short CSI1000,2025-07-29,2.778484924883116,1.042788998202151,0.0,-0.021420127235445396
2y,Long CSI300 / Short CSI1000,2025-07-30,2.778484924883116,1.042788998202151,0.0,-0.021420127235445396
2y,Long CSI300 / Short CSI1000,2025-07-31,2.778484924883116,1.042788998202151,0.0,-0.021420127235445396
2y,Long CSI300 / Short CSI1000,2025-08-01,2.778484924883116,1.042788998202151,0.0,-0.021420127235445396
2y,Long CSI300 / Short CSI1000,2025-08-04,2.778484924883116,1.042788998202151,0.0,-0.021420127235445396
2y,Long CSI300 / Short CSI1000,2025-08-05,2.778484924883116,1.042788998202151,0.0,-0.021420127235445396
2y,Long CSI300 / Short CSI1000,2025-08-06,2.778484924883116,1.042788998202151,0.0,-0.021420127235445396
2y,Long CSI300 / Short CSI1000,2025-08-07,2.778484924883116,1.042788998202151,0.0,-0.021420127235445396
2y,Long CSI300 / Short CSI1000,2025-08-08,2.778484924883116,1.042788998202151,0.0,-0.021420127235445396
2y,Long CSI300 / Short CSI1000,2025-08-11,2.778484924883116,1.042788998202151,0.0,-0.021420127235445396
2y,Long CSI300 / Short CSI1000,2025-08-12,2.778484924883116,1.042788998202151,0.0,-0.021420127235445396
2y,Long CSI300 / Short CSI1000,2025-08-13,2.778484924883116,1.042788998202151,0.0,-0.021420127235445396
2y,Long CSI300 / Short CSI1000,2025-08-14,2.778484924883116,1.042788998202151,0.0,-0.021420127235445396
2y,Long CSI300 / Short CSI1000,2025-08-15,2.778484924883116,1.042788998202151,0.0,-0.021420127235445396
2y,Long CSI300 / Short CSI1000,2025-08-18,2.778484924883116,1.042788998202151,0.0,-0.021420127235445396
2y,Long CSI300 / Short CSI1000,2025-08-19,2.778484924883116,1.042788998202151,0.0,-0.021420127235445396
2y,Long CSI300 / Short CSI1000,2025-08-20,2.778484924883116,1.042788998202151,0.0,-0.021420127235445396
2y,Long CSI300 / Short CSI1000,2025-08-21,2.778484924883116,1.042788998202151,0.0,-0.021420127235445396
2y,Long CSI300 / Short CSI1000,2025-08-22,2.778484924883116,1.042788998202151,0.0,-0.021420127235445396
2y,Long CSI300 / Short CSI1000,2025-08-25,2.778484924883116,1.042788998202151,0.0,-0.021420127235445396
2y,Long CSI300 / Short CSI1000,2025-08-26,2.778484924883116,1.042788998202151,0.0,-0.021420127235445396
2y,Long CSI300 / Short CSI1000,2025-08-27,2.778484924883116,1.042788998202151,0.0,-0.021420127235445396
2y,Long CSI300 / Short CSI1000,2025-08-28,2.778484924883116,1.042788998202151,0.0,-0.021420127235445396
2y,Long CSI300 / Short CSI1000,2025-08-29,2.800795397771981,1.051162308226201,0.0080297260888697,-0.013562398901065253
2y,Long CSI300 / Short CSI1000,2025-09-01,2.7941170185751725,1.0486558557744041,-0.0023844580729178,-0.015914518002435263
2y,Long CSI300 / Short CSI1000,2025-09-02,2.8445899986358154,1.0675987940075238,0.0180640179795981,0.0
2y,Long CSI300 / Short CSI1000,2025-09-03,2.867138864698604,1.076061575015126,0.007926930093125,0.0
2y,Long CSI300 / Short CSI1000,2025-09-04,2.872358687794533,1.0780206189704302,0.001820568637326,0.0
2y,Long CSI300 / Short CSI1000,2025-09-05,2.852105636069935,1.0704194765890949,-0.0070510176220884,-0.007051017622088596
2y,Long CSI300 / Short CSI1000,2025-09-08,2.831198547971589,1.0625728688000262,-0.0073304045382956,-0.014329735348807549
2y,Long CSI300 / Short CSI1000,2025-09-09,2.844425925449312,1.06753721594667,0.0046720063088474,-0.009724677653913938
2y,Long CSI300 / Short CSI1000,2025-09-10,2.848633058915289,1.069116188880084,0.0014790799888073,-0.008259981241221959
2y,Long CSI300 / Short CSI1000,2025-09-11,2.8475824036202284,1.0687218690215234,-0.0003688278810681,-0.008625762610911525
2y,Long CSI300 / Short CSI1000,2025-09-12,2.822507893074893,1.0593111921818499,-0.0088055434369368,-0.017355351520501383
2y,Long CSI300 / Short CSI1000,2025-09-15,2.8322002693067554,1.0629488233276974,0.0034339589468084,-0.013980990138321547
2y,Long CSI300 / Short CSI1000,2025-09-16,2.800426809445132,1.0510239738956233,-0.0112186486972548,-0.025042791018774935
2y,Long CSI300 / Short CSI1000,2025-09-17,2.791018944143385,1.0474931221190416,-0.003359439807538,-0.028318101077272617
2y,Long CSI300 / Short CSI1000,2025-09-18,2.787499531944336,1.0461722568199572,-0.0012609775388428,-0.029543370126714263
2y,Long CSI300 / Short CSI1000,2025-09-19,2.8041938777689865,1.0524377866424233,0.0059890039920493,-0.023731301496292323
2y,Long CSI300 / Short CSI1000,2025-09-22,2.7977884317326165,1.0500337683245677,-0.0022842379363106,-0.02596133149344726
2y,Long CSI300 / Short CSI1000,2025-09-23,2.8267640406754952,1.0609085605364108,0.0103566118918201,-0.01587359103609942
2y,Long CSI300 / Short CSI1000,2025-09-24,2.8253506586551578,1.0603781062561426,-0.0005,-0.01636565424058145
2y,Long CSI300 / Short CSI1000,2025-09-25,2.8253506586551578,1.0603781062561426,0.0,-0.01636565424058145
2y,Long CSI300 / Short CSI1000,2025-09-26,2.8253506586551578,1.0603781062561426,0.0,-0.01636565424058145
2y,Long CSI300 / Short CSI1000,2025-09-29,2.8253506586551578,1.0603781062561426,0.0,-0.01636565424058145
2y,Long CSI300 / Short CSI1000,2025-09-30,2.8253506586551578,1.0603781062561426,0.0,-0.01636565424058145
2y,Long CSI300 / Short CSI1000,2025-10-09,2.8384167107690272,1.0652819066231187,0.0046245771560577,-0.011816761315268431
2y,Long CSI300 / Short CSI1000,2025-10-10,2.824768526406369,1.0601596270774005,-0.0048083793725131,-0.016568321216423376
2y,Long CSI300 / Short CSI1000,2025-10-13,2.81603883987478,1.056883301555038,-0.0030904077449115,-0.019607526093127436
2y,Long CSI300 / Short CSI1000,2025-10-14,2.837703167216623,1.0650141076656647,0.0076931919528517,-0.012065178602230664
2y,Long CSI300 / Short CSI1000,2025-10-15,2.837286100252577,1.0648575788906744,-0.0001469734286744,-0.01221037877023834
2y,Long CSI300 / Short CSI1000,2025-10-16,2.876125836050021,1.0794344617162512,0.0136890445394231,0.0
2y,Long CSI300 / Short CSI1000,2025-10-17,2.8958918947767294,1.086852831488006,0.0068724596396152,0.0
2y,Long CSI300 / Short CSI1000,2025-10-20,2.8896797587756846,1.0845213640687623,-0.0021451546627999,-0.002145154662799742
2y,Long CSI300 / Short CSI1000,2025-10-21,2.8921366214151285,1.0854434454907493,0.0008502196937161,-0.0012967588218241177
2y,Long CSI300 / Short CSI1000,2025-10-22,2.89508270479054,1.0865491356113444,0.0010186529065039,-0.0002794268624628504
2y,Long CSI300 / Short CSI1000,2025-10-23,2.9053996902840344,1.0904211879197367,0.0035636237529321,0.0
2y,Long CSI300 / Short CSI1000,2025-10-24,2.8956387291851318,1.086757816290595,-0.0033595932193235,-0.0033595932193233313
2y,Long CSI300 / Short CSI1000,2025-10-27,2.9002508484178007,1.0884887838229906,0.0015927813045819,-0.0017721630120125509
2y,Long CSI300 / Short CSI1000,2025-10-28,2.8916983281030446,1.0852789502870024,-0.0029488898587588,-0.004715826957237046
2y,Long CSI300 / Short CSI1000,2025-10-29,2.891375651136392,1.0851578468799674,-0.0001115873545717,-0.00482688808515408
2y,Long CSI300 / Short CSI1000,2025-10-30,2.900479563993056,1.0885746227215423,0.003148644090257,-0.0016934421475405248
2y,Long CSI300 / Short CSI1000,2025-10-31,2.8496185660501445,1.0694860580806231,-0.0175353753821632,-0.019199122385958778
2y,Long CSI300 / Short CSI1000,2025-11-03,2.8455195892901943,1.067947677277876,-0.0014384299740268,-0.020609935766870868
2y,Long CSI300 / Short CSI1000,2025-11-04,2.8631878073096786,1.0745787096090413,0.0062091359644764,-0.014528769695789867
2y,Long CSI300 / Short CSI1000,2025-11-05,2.857298578826974,1.0723684321248397,-0.0020568781648445,-0.01655576395148506
2y,Long CSI300 / Short CSI1000,2025-11-06,2.855869929537561,1.0718322479087774,-0.0005,-0.01704748606950912
2y,Long CSI300 / Short CSI1000,2025-11-07,2.855869929537561,1.0718322479087774,0.0,-0.01704748606950912
2y,Long CSI300 / Short CSI1000,2025-11-10,2.855869929537561,1.0718322479087774,0.0,-0.01704748606950912
2y,Long CSI300 / Short CSI1000,2025-11-11,2.855869929537561,1.0718322479087774,0.0,-0.01704748606950912
2y,Long CSI300 / Short CSI1000,2025-11-12,2.855869929537561,1.0718322479087774,0.0,-0.01704748606950912
2y,Long CSI300 / Short CSI1000,2025-11-13,2.855869929537561,1.0718322479087774,0.0,-0.01704748606950912
2y,Long CSI300 / Short CSI1000,2025-11-14,2.855869929537561,1.0718322479087774,0.0,-0.01704748606950912
2y,Long CSI300 / Short CSI1000,2025-11-17,2.855869929537561,1.0718322479087774,0.0,-0.01704748606950912
2y,Long CSI300 / Short CSI1000,2025-11-18,2.855869929537561,1.0718322479087774,0.0,-0.01704748606950912
2y,Long CSI300 / Short CSI1000,2025-11-19,2.855869929537561,1.0718322479087774,0.0,-0.01704748606950912
2y,Long CSI300 / Short CSI1000,2025-11-20,2.855869929537561,1.0718322479087774,0.0,-0.01704748606950912
2y,Long CSI300 / Short CSI1000,2025-11-21,2.855869929537561,1.0718322479087774,0.0,-0.01704748606950912
2y,Long CSI300 / Short CSI1000,2025-11-24,2.855869929537561,1.0718322479087774,0.0,-0.01704748606950912
2y,Long CSI300 / Short CSI1000,2025-11-25,2.855869929537561,1.0718322479087774,0.0,-0.01704748606950912
2y,Long CSI300 / Short CSI1000,2025-11-26,2.855869929537561,1.0718322479087774,0.0,-0.01704748606950912
2y,Long CSI300 / Short CSI1000,2025-11-27,2.855869929537561,1.0718322479087774,0.0,-0.01704748606950912
2y,Long CSI300 / Short CSI1000,2025-11-28,2.855869929537561,1.0718322479087774,0.0,-0.01704748606950912
2y,Long CSI300 / Short CSI1000,2025-12-01,2.855869929537561,1.0718322479087774,0.0,-0.01704748606950912
2y,Long CSI300 / Short CSI1000,2025-12-02,2.855869929537561,1.0718322479087774,0.0,-0.01704748606950912
2y,Long CSI300 / Short CSI1000,2025-12-03,2.855869929537561,1.0718322479087774,0.0,-0.01704748606950912
2y,Long CSI300 / Short CSI1000,2025-12-04,2.855869929537561,1.0718322479087774,0.0,-0.01704748606950912
2y,Long CSI300 / Short CSI1000,2025-12-05,2.855869929537561,1.0718322479087774,0.0,-0.01704748606950912
2y,Long CSI300 / Short CSI1000,2025-12-08,2.855869929537561,1.0718322479087774,0.0,-0.01704748606950912
2y,Long CSI300 / Short CSI1000,2025-12-09,2.855869929537561,1.0718322479087774,0.0,-0.01704748606950912
2y,Long CSI300 / Short CSI1000,2025-12-10,2.855869929537561,1.0718322479087774,0.0,-0.01704748606950912
2y,Long CSI300 / Short CSI1000,2025-12-11,2.855869929537561,1.0718322479087774,0.0,-0.01704748606950912
2y,Long CSI300 / Short CSI1000,2025-12-12,2.855869929537561,1.0718322479087774,0.0,-0.01704748606950912
2y,Long CSI300 / Short CSI1000,2025-12-15,2.855869929537561,1.0718322479087774,0.0,-0.01704748606950912
2y,Long CSI300 / Short CSI1000,2025-12-16,2.855869929537561,1.0718322479087774,0.0,-0.01704748606950912
2y,Long CSI300 / Short CSI1000,2025-12-17,2.855869929537561,1.0718322479087774,0.0,-0.01704748606950912
2y,Long CSI300 / Short CSI1000,2025-12-18,2.855869929537561,1.0718322479087774,0.0,-0.01704748606950912
2y,Long CSI300 / Short CSI1000,2025-12-19,2.855869929537561,1.0718322479087774,0.0,-0.01704748606950912
2y,Long CSI300 / Short CSI1000,2025-12-22,2.855869929537561,1.0718322479087774,0.0,-0.01704748606950912
2y,Long CSI300 / Short CSI1000,2025-12-23,2.855869929537561,1.0718322479087774,0.0,-0.01704748606950912
2y,Long CSI300 / Short CSI1000,2025-12-24,2.855869929537561,1.0718322479087774,0.0,-0.01704748606950912
2y,Long CSI300 / Short CSI1000,2025-12-25,2.855869929537561,1.0718322479087774,0.0,-0.01704748606950912
2y,Long CSI300 / Short CSI1000,2025-12-26,2.855869929537561,1.0718322479087774,0.0,-0.01704748606950912
2y,Long CSI300 / Short CSI1000,2025-12-29,2.855869929537561,1.0718322479087774,0.0,-0.01704748606950912
2y,Long CSI300 / Short CSI1000,2025-12-30,2.855869929537561,1.0718322479087774,0.0,-0.01704748606950912
2y,Long CSI300 / Short CSI1000,2025-12-31,2.855869929537561,1.0718322479087774,0.0,-0.01704748606950912
2y,Long CSI300 / Short CSI1000,2026-01-05,2.855869929537561,1.0718322479087774,0.0,-0.01704748606950912
2y,Long CSI300 / Short CSI1000,2026-01-06,2.855869929537561,1.0718322479087774,0.0,-0.01704748606950912
2y,Long CSI300 / Short CSI1000,2026-01-07,2.855869929537561,1.0718322479087774,0.0,-0.01704748606950912
2y,Long CSI300 / Short CSI1000,2026-01-08,2.855869929537561,1.0718322479087774,0.0,-0.01704748606950912
2y,Long CSI300 / Short CSI1000,2026-01-09,2.855869929537561,1.0718322479087774,0.0,-0.01704748606950912
2y,Long CSI300 / Short CSI1000,2026-01-12,2.855869929537561,1.0718322479087774,0.0,-0.01704748606950912
2y,Long CSI300 / Short CSI1000,2026-01-13,2.855869929537561,1.0718322479087774,0.0,-0.01704748606950912
2y,Long CSI300 / Short CSI1000,2026-01-14,2.855869929537561,1.0718322479087774,0.0,-0.01704748606950912
2y,Long CSI300 / Short CSI1000,2026-01-15,2.855869929537561,1.0718322479087774,0.0,-0.01704748606950912
2y,Long CSI300 / Short CSI1000,2026-01-16,2.855869929537561,1.0718322479087774,0.0,-0.01704748606950912
2y,Long CSI300 / Short CSI1000,2026-01-19,2.855869929537561,1.0718322479087774,0.0,-0.01704748606950912
2y,Long CSI300 / Short CSI1000,2026-01-20,2.855869929537561,1.0718322479087774,0.0,-0.01704748606950912
2y,Long CSI300 / Short CSI1000,2026-01-21,2.855869929537561,1.0718322479087774,0.0,-0.01704748606950912
2y,Long CSI300 / Short CSI1000,2026-01-22,2.855869929537561,1.0718322479087774,0.0,-0.01704748606950912
2y,Long CSI300 / Short CSI1000,2026-01-23,2.855869929537561,1.0718322479087774,0.0,-0.01704748606950912
2y,Long CSI300 / Short CSI1000,2026-01-26,2.855869929537561,1.0718322479087774,0.0,-0.01704748606950912
2y,Long CSI300 / Short CSI1000,2026-01-27,2.855869929537561,1.0718322479087774,0.0,-0.01704748606950912
2y,Long CSI300 / Short CSI1000,2026-01-28,2.855869929537561,1.0718322479087774,0.0,-0.01704748606950912
2y,Long CSI300 / Short CSI1000,2026-01-29,2.855869929537561,1.0718322479087774,0.0,-0.01704748606950912
2y,Long CSI300 / Short CSI1000,2026-01-30,2.855869929537561,1.0718322479087774,0.0,-0.01704748606950912
2y,Long CSI300 / Short CSI1000,2026-02-02,2.855869929537561,1.0718322479087774,0.0,-0.01704748606950912
2y,Long CSI300 / Short CSI1000,2026-02-03,2.855869929537561,1.0718322479087774,0.0,-0.01704748606950912
2y,Long CSI300 / Short CSI1000,2026-02-04,2.855869929537561,1.0718322479087774,0.0,-0.01704748606950912
2y,Long CSI300 / Short CSI1000,2026-02-05,2.855869929537561,1.0718322479087774,0.0,-0.01704748606950912
2y,Long CSI300 / Short CSI1000,2026-02-06,2.855869929537561,1.0718322479087774,-0.0,-0.01704748606950912
2y,Long CSI300 / Short CSI1000,2026-02-09,2.855869929537561,1.0718322479087774,-0.0,-0.01704748606950912
2y,Long CSI300 / Short CSI1000,2026-02-10,2.855869929537561,1.0718322479087774,-0.0,-0.01704748606950912
2y,Long CSI300 / Short CSI1000,2026-02-11,2.855869929537561,1.0718322479087774,-0.0,-0.01704748606950912
2y,Long CSI300 / Short CSI1000,2026-02-12,2.855869929537561,1.0718322479087774,-0.0,-0.01704748606950912
2y,Long CSI300 / Short CSI1000,2026-02-13,2.855869929537561,1.0718322479087774,0.0,-0.01704748606950912
2y,Long CSI300 / Short CSI1000,2026-02-24,2.855869929537561,1.0718322479087774,-0.0,-0.01704748606950912
2y,Long CSI300 / Short CSI1000,2026-02-25,2.855869929537561,1.0718322479087774,-0.0,-0.01704748606950912
2y,Long CSI300 / Short CSI1000,2026-02-26,2.855869929537561,1.0718322479087774,-0.0,-0.01704748606950912
2y,Long CSI300 / Short CSI1000,2026-02-27,2.855869929537561,1.0718322479087774,-0.0,-0.01704748606950912
2y,Long CSI300 / Short CSI1000,2026-03-02,2.855869929537561,1.0718322479087774,0.0,-0.01704748606950912
2y,Long CSI300 / Short CSI1000,2026-03-03,2.855869929537561,1.0718322479087774,0.0,-0.01704748606950912
2y,Long CSI300 / Short CSI1000,2026-03-04,2.855869929537561,1.0718322479087774,0.0,-0.01704748606950912
2y,Long CSI300 / Short CSI1000,2026-03-05,2.855869929537561,1.0718322479087774,0.0,-0.01704748606950912
2y,Long CSI300 / Short CSI1000,2026-03-06,2.855869929537561,1.0718322479087774,-0.0,-0.01704748606950912
2y,Long CSI300 / Short CSI1000,2026-03-09,2.855869929537561,1.0718322479087774,-0.0,-0.01704748606950912
2y,Long CSI300 / Short CSI1000,2026-03-10,2.855869929537561,1.0718322479087774,-0.0,-0.01704748606950912
2y,Long CSI300 / Short CSI1000,2026-03-11,2.855869929537561,1.0718322479087774,0.0,-0.01704748606950912
2y,Long CSI300 / Short CSI1000,2026-03-12,2.855869929537561,1.0718322479087774,-0.0,-0.01704748606950912
2y,Long CSI300 / Short CSI1000,2026-03-13,2.855869929537561,1.0718322479087774,0.0,-0.01704748606950912
2y,Long CSI300 / Short CSI1000,2026-03-16,2.855869929537561,1.0718322479087774,0.0,-0.01704748606950912
2y,Long CSI300 / Short CSI1000,2026-03-17,2.855869929537561,1.0718322479087774,0.0,-0.01704748606950912
2y,Long CSI300 / Short CSI1000,2026-03-18,2.855869929537561,1.0718322479087774,-0.0,-0.01704748606950912
2y,Long CSI300 / Short CSI1000,2026-03-19,2.874974311778406,1.0790022848738114,0.0066895141278155,-0.010472011340599385
2y,Long CSI300 / Short CSI1000,2026-03-20,2.911093614797995,1.0925581661651744,0.0125633480868376,0.0
2y,Long CSI300 / Short CSI1000,2026-03-23,2.9583823391652326,1.1103060261832538,0.0162443159254153,0.0
2y,Long CSI300 / Short CSI1000,2026-03-24,2.95690314799565,1.1097508731701622,-0.0005,-0.0004999999999999449
2y,Long CSI300 / Short CSI1000,2026-03-25,2.95690314799565,1.1097508731701622,-0.0,-0.0004999999999999449
2y,Long CSI300 / Short CSI1000,2026-03-26,2.95690314799565,1.1097508731701622,0.0,-0.0004999999999999449
2y,Long CSI300 / Short CSI1000,2026-03-27,2.95690314799565,1.1097508731701622,-0.0,-0.0004999999999999449
2y,Long CSI300 / Short CSI1000,2026-03-30,2.95690314799565,1.1097508731701622,-0.0,-0.0004999999999999449
2y,Long CSI300 / Short CSI1000,2026-03-31,2.95690314799565,1.1097508731701622,0.0,-0.0004999999999999449
2y,Long CSI300 / Short CSI1000,2026-04-01,2.95690314799565,1.1097508731701622,-0.0,-0.0004999999999999449
2y,Long CSI300 / Short CSI1000,2026-04-02,2.95690314799565,1.1097508731701622,0.0,-0.0004999999999999449
2y,Long CSI300 / Short CSI1000,2026-04-03,2.95690314799565,1.1097508731701622,0.0,-0.0004999999999999449
2y,Long CSI300 / Short CSI1000,2026-04-07,2.95690314799565,1.1097508731701622,-0.0,-0.0004999999999999449
2y,Long CSI300 / Short CSI1000,2026-04-08,2.95690314799565,1.1097508731701622,-0.0,-0.0004999999999999449
2y,Long CSI300 / Short CSI1000,2026-04-09,2.9490216305274126,1.1067928727032847,-0.0026654635183367,-0.0031641307865776236
2y,Long CSI300 / Short CSI1000,2026-04-10,2.9662631681533167,1.1132637682576803,0.0058465280306609,0.0
2y,Long CSI300 / Short CSI1000,2026-04-13,2.9621506940573656,1.1117203217900593,-0.0013864157907847,-0.0013864157907846897
2y,Long CSI300 / Short CSI1000,2026-04-14,2.952885106861208,1.108242868195294,-0.0031279931891197,-0.004510072280753508
2y,Long CSI300 / Short CSI1000,2026-04-15,2.957024295157038,1.1097963407290923,0.0014017437678873,-0.0031146504785786178
2y,Long CSI300 / Short CSI1000,2026-04-16,2.955467548500149,1.1092120804827064,-0.0005264571750183,-0.00363946792350478
2y,Long CSI300 / Short CSI1000,2026-04-17,2.955467548500149,1.1092120804827064,0.0,-0.00363946792350478
2y,Long CSI300 / Short CSI1000,2026-04-20,2.955467548500149,1.1092120804827064,0.0,-0.00363946792350478
2y,Long CSI300 / Short CSI1000,2026-04-21,2.955467548500149,1.1092120804827064,0.0,-0.00363946792350478
2y,Long CSI300 / Short CSI1000,2026-04-22,2.955467548500149,1.1092120804827064,0.0,-0.00363946792350478
2y,Long CSI300 / Short CSI1000,2026-04-23,2.955467548500149,1.1092120804827064,0.0,-0.00363946792350478
2y,Long CSI300 / Short CSI1000,2026-04-24,2.955467548500149,1.1092120804827064,0.0,-0.00363946792350478
2y,Long CSI300 / Short CSI1000,2026-04-27,2.955467548500149,1.1092120804827064,0.0,-0.00363946792350478
2y,Long CSI300 / Short CSI1000,2026-04-28,2.955467548500149,1.1092120804827064,0.0,-0.00363946792350478
2y,Long CSI300 / Short CSI1000,2026-04-29,2.955467548500149,1.1092120804827064,0.0,-0.00363946792350478
2y,Long CSI300 / Short CSI1000,2026-04-30,2.955467548500149,1.1092120804827064,0.0,-0.00363946792350478
2y,Long CSI300 / Short CSI1000,2026-05-06,2.955467548500149,1.1092120804827064,0.0,-0.00363946792350478
2y,Long CSI300 / Short CSI1000,2026-05-07,2.955467548500149,1.1092120804827064,0.0,-0.00363946792350478
2y,Long CSI300 / Short CSI1000,2026-05-08,2.955467548500149,1.1092120804827064,0.0,-0.00363946792350478
2y,Long CSI300 / Short CSI1000,2026-05-11,2.955467548500149,1.1092120804827064,0.0,-0.00363946792350478
2y,Long CSI300 / Short CSI1000,2026-05-12,2.955467548500149,1.1092120804827064,0.0,-0.00363946792350478
2y,Long CSI300 / Short CSI1000,2026-05-13,2.955467548500149,1.1092120804827064,0.0,-0.00363946792350478
2y,Long CSI300 / Short CSI1000,2026-05-14,2.955467548500149,1.1092120804827064,0.0,-0.00363946792350478
2y,Long CSI300 / Short CSI1000,2026-05-15,2.955467548500149,1.1092120804827064,0.0,-0.00363946792350478
2y,Long CSI300 / Short CSI1000,2026-05-18,2.955467548500149,1.1092120804827064,0.0,-0.00363946792350478
2y,Long CSI300 / Short CSI1000,2026-05-19,2.955467548500149,1.1092120804827064,0.0,-0.00363946792350478
2y,Long CSI300 / Short CSI1000,2026-05-20,2.955467548500149,1.1092120804827064,0.0,-0.00363946792350478
2y,Long CSI300 / Short CSI1000,2026-05-21,2.955467548500149,1.1092120804827064,0.0,-0.00363946792350478
2y,Long CSI300 / Short CSI1000,2026-05-22,2.955467548500149,1.1092120804827064,0.0,-0.00363946792350478
2y,Long CSI300 / Short CSI1000,2026-05-25,2.955467548500149,1.1092120804827064,0.0,-0.00363946792350478
2y,Long CSI300 / Short CSI1000,2026-05-26,2.955467548500149,1.1092120804827064,0.0,-0.00363946792350478
2y,Long CSI300 / Short CSI1000,2026-05-27,2.955467548500149,1.1092120804827064,0.0,-0.00363946792350478
2y,Long CSI300 / Short CSI1000,2026-05-28,2.955467548500149,1.1092120804827064,0.0,-0.00363946792350478
2y,Long CSI300 / Short CSI1000,2026-05-29,2.955467548500149,1.1092120804827064,0.0,-0.00363946792350478
2y,Long CSI300 / Short CSI1000,2026-06-01,2.955467548500149,1.1092120804827064,-0.0,-0.00363946792350478
2y,Long CSI300 / Short CSI1000,2026-06-02,2.955467548500149,1.1092120804827064,0.0,-0.00363946792350478
2y,Long CSI300 / Short CSI1000,2026-06-03,2.955467548500149,1.1092120804827064,-0.0,-0.00363946792350478
2y,Long CSI300 / Short CSI1000,2026-06-04,2.955467548500149,1.1092120804827064,-0.0,-0.00363946792350478
2y,Long CSI300 / Short CSI1000,2026-06-05,2.955467548500149,1.1092120804827064,-0.0,-0.00363946792350478
