date,zz1000,sz50,spread_close,score,zz1000_amount,sz50_amount,amount_ratio_zz1000_sz50,base_gross_exposure,base_nav,base_target_vol_raw_scale,base_target_vol_scale,base_target_vol_deadband_suppressed,base_realized_vol,return,gross_return,cost,turnover,gross_exposure,nav,nav_defense_gate,decay_gate,amount_gate,amount_raw,amount_ma,amount_ma_ratio,amount_condition_streak
2014-10-17,6058.668,1608.516,1.0,,1169.91,325.62,3.5928689883913765,0.0,1.0,1.0,1.0,0,,0.0,0.0,0.0,0.0,0.0,1.0,0,0,0,1169.91,,,0
2014-10-20,6154.52,1612.402,1.0133724413397815,,983.67,236.5,4.159281183932347,0.0,1.0,1.0,1.0,0,,0.0,0.0,0.0,0.0,0.0,1.0,0,0,0,983.67,,,0
2014-10-21,6103.008,1600.844,1.0121459856818371,,972.86,246.73,3.9430146313784302,0.0,1.0,1.0,1.0,0,,0.0,0.0,0.0,0.0,0.0,1.0,0,0,0,972.86,,,0
2014-10-22,6027.51,1597.125,1.0019527972972644,,923.57,245.35,3.7642959038108823,0.0,1.0,1.0,1.0,0,,0.0,0.0,0.0,0.0,0.0,1.0,0,0,0,923.57,,,0
2014-10-23,5930.483,1586.557,0.9923905409179259,,910.56,277.63,3.2797608327630297,0.0,1.0,1.0,1.0,0,,0.0,0.0,0.0,0.0,0.0,1.0,0,0,0,910.56,,,0
2014-10-24,5941.926,1583.419,0.9962758827174514,,741.7,213.9,3.4675081813931743,0.0,1.0,1.0,1.0,0,,0.0,0.0,0.0,0.0,0.0,1.0,0,0,0,741.7,,,0
2014-10-27,6006.838,1559.906,1.022340866250592,,771.35,207.59,3.7157377523002073,0.0,1.0,1.0,1.0,0,,0.0,0.0,0.0,0.0,0.0,1.0,0,0,0,771.35,,,0
2014-10-28,6163.672,1585.744,1.0319405376861739,,1081.22,239.44,4.515619779485466,0.0,1.0,1.0,1.0,0,,0.0,0.0,0.0,0.0,0.0,1.0,0,0,0,1081.22,,,0
2014-10-29,6246.699,1608.402,1.0311081168832374,,1396.61,351.15,3.9772461910864303,0.0,1.0,1.0,1.0,0,,0.0,0.0,0.0,0.0,0.0,1.0,0,0,0,1396.61,,,0
2014-10-30,6241.588,1619.096,1.0234596576268162,,1296.45,372.92,3.4764828917730344,0.0,1.0,1.0,1.0,0,,0.0,0.0,0.0,0.0,0.0,1.0,0,0,0,1296.45,,,0
2014-10-31,6208.61,1657.286,0.9945924284272266,,1134.7,641.93,1.7676382160048605,0.0,1.0,1.0,1.0,0,,0.0,0.0,0.0,0.0,0.0,1.0,0,0,0,1134.7,,,0
2014-11-03,6275.993,1651.052,1.0091830073167012,,1105.81,445.97,2.4795614054757045,0.0,1.0,1.0,1.0,0,,0.0,0.0,0.0,0.0,0.0,1.0,0,0,0,1105.81,,,0
2014-11-04,6231.816,1645.624,1.0053846256311643,,1101.73,421.73,2.612406041780286,0.0,1.0,1.0,1.0,0,,0.0,0.0,0.0,0.0,0.0,1.0,0,0,0,1101.73,,,0
2014-11-05,6227.245,1637.625,1.009554393835043,,933.63,404.82,2.306284274492367,0.0,1.0,1.0,1.0,0,,0.0,0.0,0.0,0.0,0.0,1.0,0,0,0,933.63,,,0
2014-11-06,6289.192,1635.964,1.0206323767596077,,976.45,313.08,3.118851411779737,0.0,1.0,1.0,1.0,0,,0.0,0.0,0.0,0.0,0.0,1.0,0,0,0,976.45,,,0
2014-11-07,6228.167,1640.323,1.0080431085947836,,1196.35,561.22,2.1316952353800644,0.0,1.0,1.0,1.0,0,,0.0,0.0,0.0,0.0,0.0,1.0,0,0,0,1196.35,,,0
2014-11-10,6246.612,1689.024,0.9818766694717731,,994.95,704.81,1.4116570423234631,0.0,1.0,1.0,1.0,0,,0.0,0.0,0.0,0.0,0.0,1.0,0,0,0,994.95,,,0
2014-11-11,6023.004,1710.882,0.9346334599758152,,1266.42,1091.19,1.1605861490666154,0.0,1.0,1.0,1.0,0,,0.0,0.0,0.0,0.0,0.0,1.0,0,0,0,1266.42,,,0
2014-11-12,6120.058,1731.021,0.9386451310860188,,847.16,571.17,1.4832011485197052,0.0,1.0,1.0,1.0,0,,0.0,0.0,0.0,0.0,0.0,1.0,0,0,0,847.16,,,0
2014-11-13,6023.782,1726.337,0.9263858183658356,,1043.08,709.58,1.4699963358606498,0.0,1.0,1.0,1.0,0,,0.0,0.0,0.0,0.0,0.0,1.0,0,0,0,1043.08,,,0
2014-11-14,6009.446,1728.805,0.9228617740749563,,765.06,527.19,1.4512035509019516,0.0,1.0,1.0,1.0,0,,0.0,0.0,0.0,0.0,0.0,1.0,0,0,0,765.06,,,0
2014-11-17,6100.833,1708.096,0.9482548916860205,,827.1,544.85,1.5180324860053225,0.0,1.0,1.0,1.0,0,,0.0,0.0,0.0,0.0,0.0,1.0,0,0,0,827.1,,,0
2014-11-18,6139.522,1679.423,0.9705606815943071,,801.86,461.47,1.7376210804602683,0.0,1.0,1.0,1.0,0,,0.0,0.0,0.0,0.0,0.0,1.0,0,0,0,801.86,,,0
2014-11-19,6193.562,1671.654,0.9836539219482824,,929.23,336.97,2.757604534528296,0.0,1.0,1.0,1.0,0,,0.0,0.0,0.0,0.0,0.0,1.0,0,0,0,929.23,,,0
2014-11-20,6185.919,1676.598,0.97954302276217,,832.03,331.23,2.5119403435679133,0.0,1.0,1.0,1.0,0,,0.0,0.0,0.0,0.0,0.0,1.0,0,0,0,832.03,,,0
2014-11-21,6240.774,1714.711,0.9662638945768043,,918.98,512.98,1.7914538578502086,0.0,1.0,1.0,1.0,0,,0.0,0.0,0.0,0.0,0.0,1.0,0,0,0,918.98,,,0
2014-11-24,6293.023,1758.096,0.9503092652223101,,1201.42,995.78,1.2065114784390127,0.0,1.0,1.0,1.0,0,,0.0,0.0,0.0,0.0,0.0,1.0,0,0,0,1201.42,,,0
2014-11-25,6392.442,1777.673,0.9546917076866315,,1299.84,660.89,1.9668023422959948,0.0,1.0,1.0,1.0,0,,0.0,0.0,0.0,0.0,0.0,1.0,0,0,0,1299.84,,,0
2014-11-26,6435.14,1820.489,0.9384651957458748,,1381.82,919.92,1.5021088790329593,0.0,1.0,1.0,1.0,0,,0.0,0.0,0.0,0.0,0.0,1.0,0,0,0,1381.82,,,0
2014-11-27,6472.587,1853.004,0.9273630122797063,,1444.15,1052.36,1.372296552510548,0.0,1.0,1.0,1.0,0,,0.0,0.0,0.0,0.0,0.0,1.0,0,0,0,1444.15,,,0
2014-11-28,6478.108,1914.44,0.8983687875871669,,1552.08,1387.63,1.1185114187499547,0.0,1.0,1.0,1.0,0,,0.0,0.0,0.0,0.0,0.0,1.0,0,0,0,1552.08,,,0
2014-12-01,6392.464,1920.38,0.8837498374588687,,1396.16,1497.42,0.932377021810848,0.0,1.0,1.0,1.0,0,,0.0,0.0,0.0,0.0,0.0,1.0,0,0,0,1396.16,,,0
2014-12-02,6457.556,2021.54,0.8480746314389459,,1278.88,1520.04,0.8413462803610432,0.0,1.0,1.0,1.0,0,,0.0,0.0,0.0,0.0,0.0,1.0,0,0,0,1278.88,,,0
2014-12-03,6513.957,2037.585,0.8487453009789225,,1682.04,1977.94,0.8503999110185344,0.0,1.0,1.0,1.0,0,,0.0,0.0,0.0,0.0,0.0,1.0,0,0,0,1682.04,,,0
2014-12-04,6605.322,2160.66,0.8116257030046206,,1740.12,1758.09,0.989778680272341,0.0,1.0,1.0,1.0,0,,0.0,0.0,0.0,0.0,0.0,1.0,0,0,0,1740.12,,,0
2014-12-05,6462.089,2200.253,0.7797377196091423,,1956.62,2423.31,0.8074163024953472,0.0,1.0,1.0,1.0,0,,0.0,0.0,0.0,0.0,0.0,1.0,0,0,0,1956.62,,,0
2014-12-08,6457.511,2298.849,0.7457666177236341,,1758.68,2224.91,0.7904499507845262,0.0,1.0,1.0,1.0,0,,0.0,0.0,0.0,0.0,0.0,1.0,0,0,0,1758.68,,,0
2014-12-09,6161.367,2182.693,0.7494327243703542,,2010.88,3176.89,0.6329712391678655,0.0,1.0,1.0,1.0,0,,0.0,0.0,0.0,0.0,0.0,1.0,0,0,0,2010.88,,,0
2014-12-10,6366.81,2254.823,0.7496484785785997,,1347.06,2278.56,0.5911891721087003,0.0,1.0,1.0,1.0,0,,0.0,0.0,0.0,0.0,0.0,1.0,0,0,0,1347.06,,,0
2014-12-11,6463.316,2193.542,0.7822717837453291,,1411.42,1718.91,0.8211133799908081,0.0,1.0,1.0,1.0,0,,0.0,0.0,0.0,0.0,0.0,1.0,0,0,0,1411.42,1184.59025,1.1914837219029957,0
2014-12-12,6545.19,2193.287,0.7922733068971937,,1337.19,1411.98,0.947031827646284,0.0,1.0,1.0,1.0,0,,0.0,0.0,0.0,0.0,0.0,1.0,0,0,0,1337.19,1188.77225,1.1248496084931323,0
2014-12-15,6658.145,2201.536,0.8029263077018061,,1432.02,1257.71,1.1385931574051251,0.0,1.0,1.0,1.0,0,,0.0,0.0,0.0,0.0,0.0,1.0,0,0,0,1432.02,1199.981,1.1933688950075043,0
2014-12-16,6635.255,2299.278,0.7661509851238192,,1316.46,1951.3,0.6746579203607852,0.0,1.0,1.0,1.0,0,,0.0,0.0,0.0,0.0,0.0,1.0,0,0,0,1316.46,1208.571,1.0892698898120177,0
2014-12-17,6551.119,2383.948,0.7295699549244888,,1315.83,2641.71,0.4980978230010107,0.0,1.0,1.0,1.0,0,,0.0,0.0,0.0,0.0,0.0,1.0,0,0,0,1315.83,1218.3775,1.0799854724828717,0
2014-12-18,6540.881,2364.041,0.7345637186026555,,1133.19,2004.28,0.5653850759374938,0.0,1.0,1.0,1.0,0,,0.0,0.0,0.0,0.0,0.0,1.0,0,0,0,1133.19,1223.94325,0.9258517500709286,1
2014-12-19,6438.042,2390.28,0.7150777389383929,,1201.87,1858.9,0.646549034375168,0.0,1.0,1.0,1.0,0,,0.0,0.0,0.0,0.0,0.0,1.0,0,0,0,1201.87,1235.4475,0.972821588938421,2
2014-12-22,6120.582,2426.684,0.6696189327649481,,1283.43,2291.28,0.5601366921546035,0.0,1.0,1.0,1.0,0,,0.0,0.0,0.0,0.0,0.0,1.0,0,0,0,1283.43,1248.2495,1.0281838686897131,0
2014-12-23,6023.366,2374.954,0.673336692274564,,832.24,1607.53,0.5177135107898453,0.0,1.0,1.0,1.0,0,,0.0,0.0,0.0,0.0,0.0,1.0,0,0,0,832.24,1242.025,0.6700670276363196,1
2014-12-24,6154.878,2270.883,0.7195697869925026,,789.07,1518.34,0.5196925589788849,0.0,1.0,1.0,1.0,0,,0.0,0.0,0.0,0.0,0.0,1.0,0,0,0,789.07,1226.8365000000001,0.64317453874253,2
2014-12-25,6222.506,2359.655,0.7001080060060109,,807.72,1477.73,0.5465951154811772,0.0,1.0,1.0,1.0,0,,0.0,0.0,0.0,0.0,0.0,1.0,0,0,0,807.72,1214.61825,0.6649990645208896,3
2014-12-26,6233.936,2464.819,0.6714683342067214,,899.57,1980.31,0.4542571617575026,0.0,1.0,1.0,1.0,0,,0.0,0.0,0.0,0.0,0.0,1.0,0,0,0,899.57,1208.74,0.7442212551913563,4
2014-12-29,6098.979,2481.663,0.652473026731721,,1055.84,2436.1,0.433414063462091,0.0,1.0,1.0,1.0,0,,0.0,0.0,0.0,0.0,0.0,1.0,0,0,0,1055.84,1207.49075,0.8744083546809779,5
2014-12-30,5982.636,2523.627,0.6293839229807063,,921.29,1949.65,0.4725412253481393,0.0,1.0,1.0,1.0,0,,0.0,0.0,0.0,0.0,0.0,1.0,0,0,0,921.29,1202.97975,0.7658399902408998,6
2014-12-31,6027.52,2581.567,0.6198740982836306,,802.95,1936.8,0.4145755885997522,0.0,1.0,1.0,1.0,0,,0.0,0.0,0.0,0.0,0.0,1.0,0,0,0,802.95,1199.7127500000001,0.6692852101471789,7
2015-01-05,6049.787,2649.639,0.6061800052644643,,1012.88,2297.64,0.4408349436813426,0.0,1.0,1.0,1.0,0,,0.0,0.0,0.0,0.0,0.0,1.0,0,0,0,1012.88,1200.6235000000001,0.8436283314461194,8
2015-01-06,6172.392,2629.402,0.6232248203688562,,1100.59,2206.02,0.4989030017860218,0.0,1.0,1.0,1.0,0,,0.0,0.0,0.0,0.0,0.0,1.0,0,0,0,1100.59,1198.2295,0.9185135234944558,9
2015-01-07,6166.769,2635.231,0.6212797810292771,,932.45,1783.86,0.5227147870348571,0.0,1.0,1.0,1.0,0,,0.0,0.0,0.0,0.0,0.0,1.0,0,0,0,932.45,1196.667,0.7792059110847045,10
2015-01-08,6164.111,2558.107,0.6397347984738261,,958.07,1570.66,0.6099792443940764,0.0,1.0,1.0,1.0,0,,0.0,0.0,0.0,0.0,0.0,1.0,0,0,0,958.07,1188.9582500000001,0.8058062593871568,11
2015-01-09,6128.012,2569.019,0.6332869243953121,,907.96,2110.06,0.4303005601736444,0.0,1.0,1.0,1.0,0,,0.0,0.0,0.0,0.0,0.0,1.0,0,0,0,907.96,1190.4782500000001,0.7626850805548105,12
2015-01-12,6062.283,2543.852,0.6326923683016278,,795.56,1679.9,0.4735758080838144,0.0,1.0,1.0,1.0,0,,0.0,0.0,0.0,0.0,0.0,1.0,0,0,0,795.56,1184.29025,0.6717609977790495,13
2015-01-13,6167.117,2527.828,0.6477134240046901,,803.23,1134.96,0.707716571509128,0.0,1.0,1.0,1.0,0,,0.0,0.0,0.0,0.0,0.0,1.0,0,0,0,803.23,1185.2445000000002,0.6776913961634075,14
2015-01-14,6139.29,2534.23,0.6431619615726458,,753.76,1142.29,0.6598674592266413,0.0,1.0,1.0,1.0,0,,0.0,0.0,0.0,0.0,0.0,1.0,0,0,0,753.76,1183.4109999999998,0.6369384769957352,15
2015-01-15,6168.658,2632.89,0.6220226630524288,,700.27,1612.44,0.4342921286993624,0.0,1.0,1.0,1.0,0,,0.0,0.0,0.0,0.0,0.0,1.0,0,0,0,700.27,1180.8712500000001,0.5930113041536068,16
2015-01-16,6252.075,2653.034,0.6256473274966304,,888.76,1820.6,0.4881687355816764,0.0,1.0,1.0,1.0,0,,0.0,0.0,0.0,0.0,0.0,1.0,0,0,0,888.76,1179.8595,0.7532761316071955,17
2015-01-19,6109.285,2410.201,0.6729539607999165,,1195.69,1615.1,0.7403194848616186,0.0,1.0,1.0,1.0,0,,0.0,0.0,0.0,0.0,0.0,1.0,0,0,0,1195.69,1188.951,1.0056680216426077,0
2015-01-20,6336.631,2403.724,0.6998775265151177,,1174.45,1933.2,0.6075160355886613,0.0,1.0,1.0,1.0,0,,0.0,0.0,0.0,0.0,0.0,1.0,0,0,0,1174.45,1195.33775,0.9825256501771154,1
2015-01-21,6465.733,2542.318,0.6752057384179005,,1395.33,2069.3,0.674300488087759,0.0,1.0,1.0,1.0,0,,0.0,0.0,0.0,0.0,0.0,1.0,0,0,0,1395.33,1200.1855,1.1625952821459682,0
2015-01-22,6568.636,2544.308,0.6854152185604324,,1357.52,1570.23,0.8645357686453576,0.0,1.0,1.0,1.0,0,,0.0,0.0,0.0,0.0,0.0,1.0,0,0,0,1357.52,1201.6275,1.1297344642994605,0
2015-01-23,6502.067,2564.514,0.6731232574821226,,1320.46,1691.87,0.7804736770555658,0.0,1.0,1.0,1.0,0,,0.0,0.0,0.0,0.0,0.0,1.0,0,0,0,1320.46,1200.0935000000002,1.1002976018118586,0
2015-01-26,6642.612,2562.363,0.6882503825516004,,1255.63,1244.18,1.0092028484624411,0.0,1.0,1.0,1.0,0,,0.0,0.0,0.0,0.0,0.0,1.0,0,0,0,1255.63,1195.3805,1.0504019431469729,0
2015-01-27,6693.806,2522.103,0.7046257872942323,,1428.96,1494.47,0.9561650618613956,0.0,1.0,1.0,1.0,0,,0.0,0.0,0.0,0.0,0.0,1.0,0,0,0,1428.96,1192.3025,1.1984877998662253,0
2015-01-28,6666.264,2486.285,0.7118358053780678,,1256.92,1153.11,1.0900261033205854,0.0,1.0,1.0,1.0,0,,0.0,0.0,0.0,0.0,0.0,1.0,0,0,0,1256.92,1188.8215,1.057282359042127,0
2015-01-29,6625.005,2442.038,0.7202479371245978,,984.16,1037.57,0.9485239550102644,0.0,1.0,1.0,1.0,0,,0.0,0.0,0.0,0.0,0.0,1.0,0,0,0,984.16,1181.4535,0.8330078162195972,1
2015-01-30,6546.597,2405.38,0.7225703585082857,,1021.59,976.75,1.0459073457896084,0.0,1.0,1.0,1.0,0,,0.0,0.0,0.0,0.0,0.0,1.0,0,0,0,1021.59,1164.94225,0.8769447584204281,2
2015-02-02,6535.903,2332.533,0.7439196523598863,,871.87,999.07,0.8726815938823105,0.0,1.0,1.0,1.0,0,,0.0,0.0,0.0,0.0,0.0,1.0,0,0,0,871.87,1143.236,0.7626334370156292,3
2015-02-03,6654.549,2405.76,0.7343693758207388,,1058.05,1087.92,0.9725439370541952,0.0,1.0,1.0,1.0,0,,0.0,0.0,0.0,0.0,0.0,1.0,0,0,0,1058.05,1120.77175,0.9440369995050284,4
2015-02-04,6653.338,2372.455,0.7445430834886195,,1098.48,1050.36,1.0458128641608593,0.0,1.0,1.0,1.0,0,,0.0,0.0,0.0,0.0,0.0,1.0,0,0,0,1098.48,1104.26675,0.9947596448050257,5
2015-02-05,6654.082,2348.921,0.7520868031434713,,1265.48,1405.45,0.9004091216336405,0.0,1.0,1.0,1.0,0,,0.0,0.0,0.0,0.0,0.0,1.0,0,0,0,1265.48,1085.63175,1.1656622975516329,0
2015-02-06,6526.949,2325.241,0.745230253842113,,1069.46,937.01,1.1413538809617827,0.0,1.0,1.0,1.0,0,,0.0,0.0,0.0,0.0,0.0,1.0,0,0,0,1069.46,1078.69175,0.991441716319792,1
2015-02-09,6474.817,2366.766,0.7263072961129179,172.70858471456748,815.16,1039.15,0.7844488283693403,0.0,1.0,1.0,1.0,0,,0.0,0.0,0.0,0.0,0.0,1.0,0,0,0,815.16,1063.7852500000001,0.7662824804160425,2
2015-02-10,6555.818,2403.548,0.7241396354858685,161.26973878662173,707.77,893.18,0.7924158624241474,0.0,1.0,1.0,1.0,0,,0.0,0.0,0.0,0.0,0.0,1.0,0,0,0,707.77,1048.04975,0.675320995019559,3
2015-02-11,6645.51,2415.128,0.7305272039897522,153.94725644820477,896.57,703.24,1.2749132586314773,0.0,1.0,1.0,1.0,0,,0.0,0.0,0.0,0.0,0.0,1.0,0,0,0,896.57,1034.6635,0.8665329355872706,4
2015-02-12,6703.815,2416.449,0.7365336912993139,137.96766456509914,988.92,768.58,1.2866845351167089,0.0,1.0,1.0,1.0,0,,0.0,0.0,0.0,0.0,0.0,1.0,0,0,0,988.92,1026.475,0.9634136242967437,5
2015-02-13,6815.848,2427.474,0.7454414536588672,116.74022114838051,1251.26,1013.0,1.2352023692003948,0.0,1.0,1.0,1.0,0,,0.0,0.0,0.0,0.0,0.0,1.0,0,0,0,1251.26,1024.86075,1.2209073281418963,0
2015-02-16,6965.301,2431.21,0.7606163309581525,111.27114807847109,1301.88,796.47,1.634562507062413,0.0,1.0,1.0,1.0,0,,0.0,0.0,0.0,0.0,0.0,1.0,0,0,0,1301.88,1029.078,1.2650936080646948,0
2015-02-17,7020.053,2445.26,0.7621905811944301,116.77564937863113,1203.62,769.65,1.563853699733645,0.0,1.0,1.0,1.0,0,,0.0,0.0,0.0,0.0,0.0,1.0,0,0,0,1203.62,1029.12175,1.169560355711071,0
2015-02-25,7004.665,2407.457,0.7724618881502449,114.05505713161918,1213.33,784.27,1.54708199982149,1.0,1.0129760350091426,1.0,1.0,0,,0.012976035009142517,0.013476035009142517,0.0005,1.0,1.0,1.0129760350091426,0,0,0,1213.33,1027.3692500000002,1.1810067315135233,0
2015-02-26,7045.268,2478.061,0.7548032400694983,109.35901598421222,1256.78,1183.46,1.061953931691819,1.0,0.9898191808123731,1.0,1.0,0,,-0.022860219192214593,-0.022860219192214593,0.0,0.0,1.0,0.9898191808123731,0,0,0,1256.78,1037.98275,1.210790834433424,0
2015-02-27,7141.888,2474.595,0.7662264408521403,101.01778035898676,1408.01,1047.44,1.3442392881692506,1.0,1.0047991155035503,1.0,1.0,0,,0.015134011324050789,0.015134011324050789,0.0,0.0,1.0,1.0047991155035503,0,0,0,1408.01,1053.45625,1.3365623869050092,0
2015-03-02,7317.677,2479.237,0.7836162286064573,98.74340862331331,1906.84,1170.29,1.6293739158670073,1.0,1.027603396878779,1.0,1.0,0,,0.022695363703420846,0.022695363703420846,0.0,0.0,1.0,1.027603396878779,0,0,0,1906.84,1080.93425,1.7640665933196213,0
2015-03-03,7282.108,2396.805,0.8066267938299438,104.35668742603521,1996.85,1158.63,1.7234578769753932,1.0,1.057778544003802,1.0,1.0,0,,0.02936458483562454,0.02936458483562454,0.0,0.0,1.0,1.057778544003802,0,0,0,1996.85,1108.36625,1.8016156663016398,0
2015-03-04,7411.034,2397.993,0.8205010195096126,111.43174046797508,1722.0,809.54,2.1271339279096773,1.0,1.0759726560155511,1.0,1.0,0,,0.017200303518052795,0.017200303518052795,0.0,0.0,1.0,1.0759726560155511,0,0,0,1722.0,1125.02025,1.5306391151625938,0
2015-03-05,7450.906,2366.899,0.8357523156197953,121.02455180432443,1842.52,971.4,1.8967675519868232,1.0,1.0959726038439654,1.0,1.0,0,,0.018587784472587243,0.018587784472587243,0.0,0.0,1.0,1.0959726038439654,0,0,0,1842.52,1148.051,1.6049112800737948,0
2015-03-06,7338.404,2371.623,0.8214936184155733,119.97093500491043,1630.47,818.19,1.9927767388992776,1.0,1.0772743110480374,1.0,1.0,0,,-0.017060912590649235,-0.017060912590649235,0.0,0.0,1.0,1.0772743110480374,0,0,0,1630.47,1168.739,1.395067675503256,0
2015-03-09,7450.816,2429.867,0.8140846498943034,121.97719113071874,1435.37,1234.28,1.162920893152283,1.0,1.067558482123253,1.0,1.0,0,,-0.009018899666633717,-0.009018899666633717,0.0,0.0,1.0,1.067558482123253,0,0,0,1435.37,1179.30125,1.2171359947256903,0
2015-03-10,7566.481,2395.428,0.838608103135129,123.43683330169212,1635.35,951.51,1.718689241311179,1.0,1.0997175708882796,1.0,1.0,0,,0.030123959767586417,0.030123959767586417,0.0,0.0,1.0,1.0997175708882796,0,0,0,1635.35,1192.67025,1.3711669256443682,0
2015-03-11,7566.312,2408.503,0.8340369364124874,122.17663963270297,1633.82,899.4,1.8165665999555256,1.0,1.0937231232487261,1.0,1.0,0,,-0.0054508973924199955,-0.0054508973924199955,0.0,0.0,1.0,1.0937231232487261,0,0,0,1633.82,1210.2045,1.3500362955186498,0
2015-03-12,7514.445,2485.114,0.8027842149850511,113.32715749683607,1617.13,1508.06,1.0723247085659724,1.0,1.0527395377534996,1.0,1.0,0,,-0.0374716275299104,-0.0374716275299104,0.0,0.0,1.0,1.0527395377534996,0,0,0,1617.13,1226.681,1.3182970959850198,0
2015-03-13,7649.345,2495.277,0.8138675176419792,106.774108023154,1484.86,1267.27,1.1716997956236634,1.0,1.0672737434566522,1.0,1.0,0,,0.013806079454532494,0.013806079454532494,0.0,0.0,1.0,1.0672737434566522,0,0,0,1484.86,1241.1035,1.1964030397142542,0
2015-03-16,7903.363,2550.861,0.8225709461999514,95.90023150547064,2208.81,1381.13,1.599277403285715,1.0,1.0786870761878655,1.0,1.0,0,,0.010693913160693125,0.010693913160693125,0.0,0.0,1.0,1.0786870761878655,0,0,0,2208.81,1276.43475,1.7304527317201293,0
2015-03-17,7993.243,2583.198,0.821511316997903,82.0321995460252,2552.92,1694.34,1.5067341855825869,1.0,1.0772975202704322,1.0,1.0,0,,-0.0012881918659339853,-0.0012881918659339853,0.0,0.0,1.0,1.0772975202704322,0,0,0,2552.92,1320.177,1.9337710019186822,0
2015-03-18,8150.951,2649.642,0.8167127083670334,67.22464397985762,2480.36,1836.89,1.3503040465134004,1.0,1.0710048142883948,1.0,1.0,0,,-0.005841196014688577,-0.005841196014688577,0.0,0.0,1.0,1.0710048142883948,0,0,0,2480.36,1363.342,1.8193233979441694,0
2015-03-19,8216.624,2630.243,0.8293651276004462,55.90014068734112,2477.09,1645.06,1.5057748653544554,1.0,1.0875966975449616,1.0,1.0,0,,0.015491884849827553,0.015491884849827553,0.0,0.0,1.0,1.0875966975449616,0,0,0,2477.09,1407.7625,1.7595936814626048,0
2015-03-20,8318.829,2680.679,0.8238831395666211,43.39924448967674,2397.94,2265.39,1.0585108965785142,1.0,1.0804078347833703,1.0,1.0,0,,-0.006609860785545485,-0.006609860785545485,0.0,0.0,1.0,1.0804078347833703,0,0,0,2397.94,1445.492,1.658909215685732,0
2015-03-23,8560.441,2720.671,0.8353497390347066,36.25745043584479,2799.96,2007.36,1.3948469631755145,1.0,1.0954446807979143,1.0,1.0,0,,0.01391774988151484,0.01391774988151484,0.0,0.0,1.0,1.0954446807979143,0,0,0,2799.96,1485.5987499999999,1.8847350268704792,0
2015-03-24,8655.38,2683.647,0.8562665539116645,33.07505595472375,3392.25,1938.56,1.74988135523275,1.0,1.1228741663480934,1.0,1.0,0,,0.025039589886181712,0.025039589886181712,0.0,0.0,1.0,1.1228741663480934,0,0,0,3392.25,1541.04375,2.20126780956089,0
2015-03-25,8784.909,2649.161,0.8803941428210179,36.349901106250385,3086.15,1721.98,1.792210130198957,0.2876682746165042,1.1315760518776545,0.2876682746165042,0.2876682746165042,0,0.27809809791034296,0.0077496533363680935,0.008105819199059842,0.0003561658626917479,0.7123317253834958,0.2876682746165042,1.1315760518776545,0,0,0,3086.15,1583.31425,1.9491708610593257,0
2015-03-26,8611.864,2687.762,0.8506572025700815,26.634200843044166,2989.16,1776.62,1.6824982269703144,0.2876682746165042,1.120581061543803,0.27855104222409593,0.2876682746165042,1,0.28720050501781835,-0.009716527948437354,-0.009716527948437354,0.0,0.0,0.2876682746165042,1.120581061543803,0,0,0,2989.16,1624.10525,1.8404964826017278,0
2015-03-27,8710.291,2689.24,0.8599066993292549,20.04349281453715,2215.08,1507.63,1.4692464331434103,0.2642241235922307,1.1237873580744149,0.2642241235922307,0.2642241235922307,0,0.3027732627602983,0.0028612803130856753,0.0028730023885978123,1.1722075512136748e-05,0.023444151024273496,0.2642241235922307,1.1237873580744149,0,0,0,2215.08,1646.47075,1.3453503501352817,0
2015-03-30,8719.22,2784.456,0.8313530731522131,8.75611159741739,2581.15,2233.44,1.155683609141056,0.2642241235922307,1.1139275934985895,0.26525910436164574,0.2642241235922307,1,0.30159191026646376,-0.008773692376037956,-0.008773692376037956,0.0,0.0,0.2642241235922307,1.1139275934985895,0,0,0,2581.15,1679.60875,1.5367567000350528,0
2015-03-31,8780.739,2754.658,0.8462751943543352,4.3006632700566,2624.56,2388.94,1.09862951769404,0.2642241235922307,1.1192105189806862,0.24776468343783403,0.2642241235922307,1,0.3228870188033582,0.004742611201060502,0.004742611201060502,0.0,0.0,0.2642241235922307,1.1192105189806862,0,0,0,2624.56,1709.49875,1.535280444048292,0
2015-04-01,9008.201,2799.451,0.8543059440744932,2.9538540642459585,2613.77,1737.45,1.5043713488157933,0.2642241235922307,1.1220167843012336,0.25487564525114953,0.2642241235922307,1,0.31387855799705594,0.0025073614596682683,0.0025073614596682683,0.0,0.0,0.2642241235922307,1.1220167843012336,0,0,0,2613.77,1743.42,1.4992199240573125,0
2015-04-02,9238.053,2781.641,0.8817137242917511,8.566138371837862,3057.77,1691.18,1.8080689222909447,0.2642241235922307,1.1315279172983592,0.2575557342644364,0.2642241235922307,1,0.31061238154326154,0.008476818823212998,0.008476818823212998,0.0,0.0,0.2642241235922307,1.1315279172983592,0,0,0,3057.77,1795.2602499999998,1.7032460892508483,0
2015-04-03,9419.201,2817.181,0.88766182763178,12.021335900246775,3112.59,1643.49,1.893890440465108,0.2642241235922307,1.133544837165144,0.24816756834982842,0.2642241235922307,1,0.3223628314205357,0.001782474683965692,0.001782474683965692,0.0,0.0,0.2642241235922307,1.133544837165144,0,0,0,3112.59,1847.5352500000001,1.6847256364932686,0
2015-04-07,9600.722,2889.452,0.8821382229193444,11.144466855822358,3244.08,2186.83,1.4834623633295685,0.2642241235922307,1.1316810933443642,0.2543401198289543,0.2642241235922307,1,0.31453944448009463,-0.0016441730046080553,-0.0016441730046080553,0.0,0.0,0.2642241235922307,1.1316810933443642,0,0,0,3244.08,1906.8404999999998,1.701285450985544,0
2015-04-08,9455.59,2952.079,0.8503718742747151,5.762201514751274,3361.82,2598.89,1.2935599428986992,0.2642241235922307,1.120913288294904,0.2553707374830689,0.2642241235922307,1,0.3132700355118175,-0.009514875800954684,-0.009514875800954684,0.0,0.0,0.2642241235922307,1.120913288294904,0,0,0,3361.82,1964.43475,1.7113421558033426,0
2015-04-09,9369.657,2931.772,0.8484802354230868,-0.8758877500561751,3057.1,2754.01,1.1100540666155896,0.2642241235922307,1.1202544576051003,0.24460541130323807,0.2642241235922307,1,0.32705735974427713,-0.000587762404713568,-0.000587762404713568,0.0,0.0,0.2642241235922307,1.1202544576051003,0,0,0,3057.1,2013.4002500000001,1.5183766864040071,0
2015-04-10,9600.401,2986.605,0.8534141040373326,-10.431386897567673,2706.27,2112.75,1.280922967696131,0.0,1.12010645847897,0.2450384494984881,0.2450384494984881,0,0.3264793756397549,-0.00013211206179611536,0.0,0.00013211206179611536,0.2642241235922307,0.0,1.12010645847897,0,0,0,2706.27,2049.42,1.3205053136985099,0
2015-04-13,9813.596,3041.125,0.8567263690003079,-17.764435705196632,3107.34,2288.01,1.3580972111135878,0.0,1.12010645847897,1.0,1.0,0,,0.0,0.0,0.0,0.0,0.0,1.12010645847897,0,0,0,3107.34,2100.3669999999997,1.4794271667760923,0
2015-04-14,9830.062,3052.407,0.854991990877504,-24.486997588457573,3143.16,2322.49,1.3533578185481965,0.0,1.12010645847897,1.0,1.0,0,,0.0,0.0,0.0,0.0,0.0,1.12010645847897,0,0,0,3143.16,2158.567,1.4561327028533282,0
2015-04-15,9441.192,3053.304,0.8209278953763132,-38.19896589669666,2770.35,2293.3,1.2080190119042429,0.0,1.12010645847897,1.0,1.0,0,,0.0,0.0,0.0,0.0,0.0,1.12010645847897,0,0,0,2770.35,2210.1315000000004,1.2534774514548113,0
2015-04-16,9541.766,3183.302,0.7957912324330432,-55.125523293339356,2385.15,2371.86,1.005603197490577,0.0,1.12010645847897,1.0,1.0,0,,0.0,0.0,0.0,0.0,0.0,1.12010645847897,0,0,0,2385.15,2247.346,1.0613185508595473,0
2015-04-17,9567.695,3235.332,0.785121190960421,-71.53070020927657,2805.7,2853.55,0.9832314135024792,0.0,1.12010645847897,1.0,1.0,0,,0.0,0.0,0.0,0.0,0.0,1.12010645847897,0,0,0,2805.7,2292.7655,1.2237186925570886,0
2015-04-20,9353.612,3164.461,0.7847436922435177,-84.68722956284931,2961.43,3965.46,0.7468061712890812,0.0,1.12010645847897,1.0,1.0,0,,0.0,0.0,0.0,0.0,0.0,1.12010645847897,0,0,0,2961.43,2335.5197500000004,1.2679961280567202,0
2015-04-21,9716.349,3214.364,0.8025207690110207,-89.20896832094479,2631.64,2692.27,0.9774799704338718,0.0,1.12010645847897,1.0,1.0,0,,0.0,0.0,0.0,0.0,0.0,1.12010645847897,0,0,0,2631.64,2368.76375,1.1109761368139814,0
2015-04-22,9995.262,3299.221,0.804323957759377,-88.83898651514733,3166.73,3302.29,0.9589496985425264,0.0,1.12010645847897,1.0,1.0,0,,0.0,0.0,0.0,0.0,0.0,1.12010645847897,0,0,0,3166.73,2417.8415,1.3097343229487954,0
2015-04-23,10105.27,3273.398,0.8195912994349143,-86.76187076195323,3360.26,2938.21,1.1436418771973411,0.0,1.12010645847897,1.0,1.0,0,,0.0,0.0,0.0,0.0,0.0,1.12010645847897,0,0,0,3360.26,2471.5147500000003,1.3595953655546664,0
2015-04-24,10123.91,3223.958,0.8336948727940964,-80.58451842962539,3166.22,2975.83,1.0639787891109371,0.0,1.12010645847897,1.0,1.0,0,,0.0,0.0,0.0,0.0,0.0,1.12010645847897,0,0,0,3166.22,2519.25075,1.2568101845360171,0
2015-04-27,10174.9,3308.454,0.8164945293970397,-79.92409937540309,3188.48,3082.63,1.0343375624061273,0.0,1.12010645847897,1.0,1.0,0,,0.0,0.0,0.0,0.0,0.0,1.12010645847897,0,0,0,3188.48,2563.7625,1.2436721420178352,0
2015-04-28,9847.893,3282.33,0.7965431540318065,-81.72686447479795,2996.68,3735.74,0.8021650328984351,0.0,1.12010645847897,1.0,1.0,0,,0.0,0.0,0.0,0.0,0.0,1.12010645847897,0,0,0,2996.68,2591.0085,1.1565689576085914,0
2015-04-29,10107.4,3283.282,0.8172962341247115,-76.89407320314292,2460.12,2288.3,1.075086308613381,0.0,1.12010645847897,1.0,1.0,0,,0.0,0.0,0.0,0.0,0.0,1.12010645847897,0,0,0,2460.12,2602.59025,0.9452582864321418,1
2015-04-30,10180.49,3250.49,0.8315111509576817,-66.39647811282487,2662.07,2309.61,1.1526058512043158,0.0,1.12010645847897,1.0,1.0,0,,0.0,0.0,0.0,0.0,0.0,1.12010645847897,0,0,0,2662.07,2626.0919999999996,1.0137002054764268,0
2015-05-04,10270.13,3272.005,0.8333169442341966,-54.41231250140963,2430.15,2070.63,1.173628316019762,0.0,1.12010645847897,1.0,1.0,0,,0.0,0.0,0.0,0.0,0.0,1.12010645847897,0,0,0,2430.15,2640.78275,0.9202385164020025,1
2015-05-05,10007.27,3148.813,0.8437562016620265,-40.60975939557382,2622.28,2601.06,1.00815821242109,0.0,1.12010645847897,1.0,1.0,0,,0.0,0.0,0.0,0.0,0.0,1.12010645847897,0,0,0,2622.28,2665.5780000000004,0.9837566186395595,2
2015-05-06,9973.991,3139.02,0.8435738713470917,-28.69228367256133,2501.73,2556.58,0.9785455569549946,0.0,1.12010645847897,1.0,1.0,0,,0.0,0.0,0.0,0.0,0.0,1.12010645847897,0,0,0,2501.73,2692.237,0.9292383991453946,3
2015-05-07,9806.508,3094.883,0.8412370307807598,-20.221208002504586,2071.42,1635.2,1.266768590998043,0.0,1.12010645847897,1.0,1.0,0,,0.0,0.0,0.0,0.0,0.0,1.12010645847897,0,0,0,2071.42,2703.13875,0.7663017667887008,4
2015-05-08,10274.38,3110.455,0.8769602970569359,-5.265954506180817,2474.47,1524.28,1.623369722098302,0.0,1.12010645847897,1.0,1.0,0,,0.0,0.0,0.0,0.0,0.0,1.12010645847897,0,0,0,2474.47,2724.1549999999997,0.9083440553125648,5
2015-05-11,10771.62,3169.134,0.9023783176976662,13.452316253034065,3234.95,1947.47,1.6611038937698654,0.0,1.12010645847897,1.0,1.0,0,,0.0,0.0,0.0,0.0,0.0,1.12010645847897,0,0,0,3234.95,2764.6005,1.1701328998529805,0
2015-05-12,11051.43,3188.313,0.9202498547427538,33.56230906066188,3618.73,1995.04,1.81386338118534,1.0,1.1417300323100779,1.0,1.0,0,,0.019304927373127778,0.01980492737312778,0.0005,1.0,1.0,1.1417300323100779,0,0,0,3618.73,2817.94725,1.284172370508355,0
2015-05-13,11137.3,3141.296,0.9412809887136475,56.61242295143735,3600.59,1749.7,2.057832771332228,1.0,1.1678228125961647,1.0,1.0,0,,0.0228537215871365,0.0228537215871365,0.0,0.0,1.0,1.1678228125961647,0,0,0,3600.59,2852.74175,1.262150701163188,0
2015-05-14,11211.1,3128.572,0.9513718621647439,74.43787326432331,3423.27,1530.92,2.236086797481253,1.0,1.1803422965297727,1.0,1.0,0,,0.01072036254008113,0.01072036254008113,0.0,0.0,1.0,1.1803422965297727,0,0,0,3423.27,2874.5004999999996,1.1909095162794372,0
2015-05-15,11217.93,3060.411,0.9731531701195623,88.95805567871571,3225.85,1610.61,2.002874687230304,1.0,1.2073657981438666,1.0,1.0,0,,0.022894631238364882,0.022894631238364882,0.0,0.0,1.0,1.2073657981438666,0,0,0,3225.85,2893.13775,1.1150004869280767,0
2015-05-18,11542.28,2998.389,1.022002268710055,106.96579141757672,3249.18,1300.95,2.4975441023867173,1.0,1.2679716027789913,1.0,1.0,0,,0.05019672143131482,0.05019672143131482,0.0,0.0,1.0,1.2679716027789913,0,0,0,3249.18,2912.4399999999996,1.1156212660174976,0
2015-05-19,11831.36,3116.086,1.0080300161090678,113.04788630177987,3465.04,1776.62,1.9503551688036835,1.0,1.2506365928016967,1.0,1.0,0,,-0.013671449691224802,-0.013671449691224802,0.0,0.0,1.0,1.2506365928016967,0,0,0,3465.04,2939.1175,1.1789389161882777,0
2015-05-20,12132.37,3122.85,1.0314371094472592,123.41957058752384,4183.68,1934.87,2.1622537948285934,1.0,1.2796771640069686,1.0,1.0,0,,0.023220631294831096,0.023220631294831096,0.0,0.0,1.0,1.2796771640069686,0,0,0,4183.68,2973.7105,1.4068888010450245,0
2015-05-21,12586.05,3150.901,1.060481080764111,132.64497879874293,4167.85,1475.87,2.8239953383428085,1.0,1.315711262941189,1.0,1.0,0,,0.028158741866885384,0.028158741866885384,0.0,0.0,1.0,1.315711262941189,0,0,0,4167.85,2993.1005,1.3924858186352247,0
2015-05-22,12687.29,3248.855,1.0367803762706518,133.0783012394709,4917.34,2315.53,2.123634761803993,1.0,1.2863064160209434,1.0,1.0,0,,-0.022349012088345832,-0.022349012088345832,0.0,0.0,1.0,1.2863064160209434,0,0,0,4917.34,3038.8802499999997,1.6181420771680624,0
2015-05-25,12877.87,3349.945,1.020597711564791,132.40450333951398,4689.91,2527.74,1.8553767396963297,1.0,1.266229005302253,1.0,1.0,0,,-0.015608575428549765,-0.015608575428549765,0.0,0.0,1.0,1.266229005302253,0,0,0,4689.91,3081.3990000000003,1.522006724867503,0
2015-05-26,13401.31,3386.593,1.0505881003623274,132.49114596707335,4913.35,2467.94,1.9908709287908133,1.0,1.303437299760908,1.0,1.0,0,,0.02938512251958203,0.02938512251958203,0.0,0.0,1.0,1.303437299760908,0,0,0,4913.35,3148.85575,1.5603604579218975,0
2015-05-27,13582.55,3344.738,1.0781208337187498,124.99773985670807,5126.13,2434.81,2.105351136228289,1.0,1.3375964451088853,1.0,1.0,0,,0.026206972406147333,0.026206972406147333,0.0,0.0,1.0,1.3375964451088853,0,0,0,5126.13,3212.4802499999996,1.5956923003651153,0
2015-05-28,12818.99,3124.621,1.089192624451624,119.0998157149204,5607.26,2697.74,2.078502746743571,1.0,1.3513329275718013,1.0,1.0,0,,0.01026952674189996,0.01026952674189996,0.0,0.0,1.0,1.3513329275718013,0,0,0,5607.26,3287.04775,1.7058650882087125,0
2015-05-29,13027.21,3111.334,1.1116114448668126,116.94904710334755,4511.98,1987.56,2.2701100847270017,1.0,1.379147374295232,1.0,1.0,0,,0.020582971195270305,0.020582971195270305,0.0,0.0,1.0,1.379147374295232,0,0,0,4511.98,3334.5029999999997,1.353119190476062,0
2015-06-01,13691.17,3244.319,1.120379731186199,111.0857839946158,4226.13,2088.84,2.0231946917906587,1.0,1.3900259588134936,1.0,1.0,0,,0.007887905760485259,0.007887905760485259,0.0,0.0,1.0,1.3900259588134936,0,0,0,4226.13,3363.7120000000004,1.2563887752578102,0
2015-06-02,14276.32,3258.31,1.163247433508371,111.88068362096544,4829.0,1925.94,2.507347061694549,1.0,1.4432108008486315,1.0,1.0,0,,0.038261761730360666,0.038261761730360666,0.0,0.0,1.0,1.4432108008486315,0,0,0,4829.0,3406.6222500000003,1.4175331591285179,0
2015-06-03,14356.6,3238.428,1.1769705194488722,110.2672295667985,5035.14,1903.96,2.644561860543289,1.0,1.4602366762383345,1.0,1.0,0,,0.011797220045534296,0.011797220045534296,0.0,0.0,1.0,1.4602366762383345,0,0,0,5035.14,3451.3987499999994,1.4588693931699435,0
2015-06-04,14308.65,3299.03,1.1514912074204469,94.02352972290615,4757.12,2543.73,1.8701355882896376,1.0,1.4286251572627793,1.0,1.0,0,,-0.021648215998100184,-0.021648215998100184,0.0,0.0,1.0,1.4286251572627793,0,0,0,4757.12,3486.28125,1.3645255958623532,0
2015-06-05,14465.75,3303.988,1.1623869466383114,82.4817342093164,5329.96,2707.4,1.96866366255448,1.0,1.4421432171952444,1.0,1.0,0,,0.009462286075351933,0.009462286075351933,0.0,0.0,1.0,1.4421432171952444,0,0,0,5329.96,3543.1027500000005,1.5043199071774025,0
2015-06-08,14099.73,3458.707,1.0822940073249376,57.386660998261114,4857.11,3504.71,1.3858807148094991,1.0,1.3427739929364373,1.0,1.0,0,,-0.06890385301126023,-0.06890385301126023,0.0,0.0,1.0,1.3427739929364373,0,0,0,4857.11,3596.8737499999997,1.3503698871832797,0
2015-06-09,14106.23,3413.996,1.096973618142037,37.05178800019414,3884.78,3403.97,1.141249775996851,0.19728053687310046,1.345828051182715,0.19728053687310046,0.19728053687310046,0,0.40551390049926483,0.002274439527681739,0.0026757992592451887,0.0004013597315634498,0.8027194631268996,0.19728053687310046,1.345828051182715,0,0,0,3884.78,3616.3097499999994,1.0742387319006623,0
2015-06-10,14461.81,3370.383,1.1391780970584968,26.436760673047473,4180.37,2466.77,1.694673601511288,0.19728053687310046,1.3560429995721188,0.19795115727690432,0.19728053687310046,1,0.4041400974892603,0.0075900843205242464,0.0075900843205242464,0.0,0.0,0.19728053687310046,1.3560429995721188,0,0,0,4180.37,3642.2399999999993,1.147746990862766,0
2015-06-11,14768.88,3347.116,1.1714534298755022,20.469093987540045,4387.87,2261.94,1.9398701999168853,0.19728053687310046,1.3636224340908574,0.19328608183066728,0.19728053687310046,1,0.4138942609953977,0.005589376237427637,0.005589376237427637,0.0,0.0,0.19728053687310046,1.3636224340908574,0,0,0,4387.87,3682.678000000001,1.1914889110587457,0
2015-06-12,15006.34,3350.248,1.1891757812886388,16.97616618219003,4839.53,2254.64,2.1464757123088387,0.19728053687310046,1.3676922493358539,0.19112501611853824,0.19728053687310046,1,0.4185741962233921,0.002984561666961776,0.002984561666961776,0.0,0.0,0.19728053687310046,1.3676922493358539,0,0,0,4839.53,3744.0375,1.2925965618667012,0
2015-06-15,14707.78,3262.479,1.1968717889202225,18.193302569225303,4977.74,2491.4,1.997969013406117,0.19728053687310046,1.3694384416036556,0.19198988699628042,0.19728053687310046,1,0.4166886144453531,0.0012767435573680054,0.0012767435573680054,0.0,0.0,0.19728053687310046,1.3694384416036556,0,0,0,4977.74,3798.3385000000003,1.3105045798314183,0
2015-06-16,14102.22,3179.652,1.1774870109648603,11.821461763521734,4202.47,2154.46,1.9505908673171004,0.19728053687310046,1.3650628180024071,0.20416721713852384,0.19728053687310046,1,0.3918356782309543,-0.0031951955402422906,-0.0031951955402422906,0.0,0.0,0.19728053687310046,1.3650628180024071,0,0,0,4202.47,3829.3645000000006,1.0974327463473377,0
2015-06-17,14407.31,3211.707,1.1909546185892,8.35712506284594,3844.51,2075.98,1.851901270725152,0.19728053687310046,1.368142963332698,0.20323435168979945,0.19728053687310046,1,0.3936342421191943,0.0022564128842057244,0.0022564128842057244,0.0,0.0,0.19728053687310046,1.368142963332698,0,0,0,3844.51,3859.68625,0.9960680094139777,1
2015-06-18,13934.21,3068.488,1.2056080871217691,8.65679200999469,3648.49,1827.53,1.996404983775916,0.19728053687310046,1.3714639026912154,0.2050343225727706,0.19728053687310046,1,0.39017857593870153,0.0024273335810081884,0.0024273335810081884,0.0,0.0,0.19728053687310046,1.3714639026912154,0,0,0,3648.49,3871.7302499999996,0.9423409598331393,2
2015-06-19,13024.72,2903.057,1.1911352112644058,2.343773142668297,3048.9,1756.36,1.7359197431050584,0.19728053687310046,1.3682158930713193,0.20850301701846727,0.19728053687310046,1,0.3836874935623322,-0.0023682793353309653,-0.0023682793353309653,0.0,0.0,0.19728053687310046,1.3682158930713193,0,0,0,3048.9,3863.94625,0.7890637712675221,3
2015-06-23,13047.02,3003.163,1.1534018769091228,-12.744500760645652,3012.3,1815.78,1.6589564815120776,0.2129260991570835,1.3589763384958797,0.2129260991570835,0.2129260991570835,0,0.37571721041571815,-0.005077671866168494,-0.005058878884915851,1.879298125264392e-05,0.03758596250528784,0.15969457436781262,1.3612685417242265,0,0,1,3012.3,3860.0982500000005,0.7803687380237018,4
2015-06-24,13313.79,3045.244,1.1607209860389496,-23.313593872796,3347.29,1921.47,1.7420464540169764,0.0,1.3588316577305783,0.20450705007462258,0.20450705007462258,0,0.3911845580424186,-7.984728718390632e-05,0.0,7.984728718390632e-05,0.15969457436781262,0.0,1.361159848124041,0,0,0,3347.29,3864.0685,0.8662605230730253,5
2015-06-25,12760.48,2943.99,1.1507445083915406,-33.08201249622322,3493.17,2204.86,1.584304672405504,0.0,1.3588316577305783,1.0,1.0,0,,0.0,0.0,0.0,0.0,0.0,1.361159848124041,0,0,0,3493.17,3876.48075,0.9011188821200776,6
2015-06-26,11730.75,2736.695,1.1380140161813301,-42.94134962857886,2665.8,2392.46,1.11425060398084,0.0,1.3588316577305783,1.0,1.0,0,,0.0,0.0,0.0,0.0,0.0,1.361159848124041,0,0,0,2665.8,3881.62275,0.6867746228043413,7
2015-06-29,10906.04,2678.368,1.0810482272939366,-58.72503173033883,3015.75,2681.13,1.124805585704535,0.0,1.3588316577305783,1.0,1.0,0,,0.0,0.0,0.0,0.0,0.0,1.361159848124041,0,0,0,3015.75,3890.46475,0.7751644581794501,8
2015-06-30,11381.47,2870.025,1.0528364412851623,-73.40261823556622,3580.06,2750.02,1.3018305321415844,0.0,1.3588316577305783,1.0,1.0,0,,0.0,0.0,0.0,0.0,0.0,1.361159848124041,0,0,0,3580.06,3919.2125,0.9134641206619952,9
2015-07-01,10734.01,2736.847,1.041261249581757,-84.7291487486821,3416.77,2180.26,1.567138781613202,0.0,1.3588316577305783,1.0,1.0,0,,0.0,0.0,0.0,0.0,0.0,1.361159848124041,0,0,0,3416.77,3939.0747500000007,0.8674042045025927,10
2015-07-02,10002.36,2714.247,0.9783659853121124,-104.2051538020073,2624.26,2452.76,1.0699212315921656,0.0,1.3588316577305783,1.0,1.0,0,,0.0,0.0,0.0,0.0,0.0,1.361159848124041,0,0,0,2624.26,3942.138,0.6656946053131575,11
2015-07-03,9358.732,2582.266,0.9621975885122777,-121.44806805883321,2307.8,2128.39,1.0842937619515225,0.0,1.3588316577305783,1.0,1.0,0,,0.0,0.0,0.0,0.0,0.0,1.361159848124041,0,0,0,2307.8,3948.0475000000006,0.5845421059397081,12
2015-07-06,8858.912,2749.998,0.8552562173143099,-161.0784574060477,2643.23,3839.17,0.6884899600694941,0.0,1.3588316577305783,1.0,1.0,0,,0.0,0.0,0.0,0.0,0.0,1.361159848124041,0,0,0,2643.23,3952.2665,0.6687884028063391,13
2015-07-07,8356.126,2812.446,0.7888038428658478,-200.20430858079803,786.85,4282.98,0.1837155438503098,0.0,1.3588316577305783,1.0,1.0,0,,0.0,0.0,0.0,0.0,0.0,1.361159848124041,0,0,0,786.85,3891.064,0.20221975274629256,14
2015-07-08,8114.604,2608.977,0.8257437791123323,-218.37650392207922,938.87,4071.99,0.2305678550291135,0.0,1.3588316577305783,1.0,1.0,0,,0.0,0.0,0.0,0.0,0.0,1.361159848124041,0,0,0,938.87,3824.0674999999997,0.24551606372010956,15
2015-07-09,8348.875,2781.077,0.7970089085574442,-231.81361985282823,1299.16,3046.02,0.42651065981182,0.0,1.3588316577305783,1.0,1.0,0,,0.0,0.0,0.0,0.0,0.0,1.361159848124041,0,0,0,1299.16,3766.5317499999996,0.3449220891341219,16
2015-07-10,8620.272,2898.41,0.7896040740740863,-239.77758524178043,920.28,3611.75,0.2548016889319582,0.0,1.3588316577305783,1.0,1.0,0,,0.0,0.0,0.0,0.0,0.0,1.361159848124041,0,0,0,920.28,3703.957,0.24845860791580465,17
2015-07-13,9032.556,2869.051,0.8358351382846193,-235.61745512140683,1699.58,2895.74,0.5869242404359507,0.0,1.3588316577305783,1.0,1.0,0,,0.0,0.0,0.0,0.0,0.0,1.361159848124041,0,0,0,1699.58,3665.8002500000002,0.463631372167646,18
2015-07-14,9338.169,2763.073,0.8972585401969235,-222.70481473299103,2509.78,2341.78,1.0717403001135888,0.0,1.3588316577305783,1.0,1.0,0,,0.0,0.0,0.0,0.0,0.0,1.361159848124041,0,0,0,2509.78,3647.3152500000006,0.6881171020245644,19
2015-07-15,8942.905,2757.951,0.8608754078290822,-207.98684358280997,2893.83,2118.75,1.3658194690265486,0.0,1.3588316577305783,1.0,1.0,0,,0.0,0.0,0.0,0.0,0.0,1.361159848124041,0,0,0,2893.83,3633.035,0.7965323758235194,20
2015-07-16,9041.229,2742.847,0.8751331133066143,-187.1078541852467,2672.82,1514.02,1.7653795854744323,0.0,1.3588316577305783,1.0,1.0,0,,0.0,0.0,0.0,0.0,0.0,1.361159848124041,0,0,0,2672.82,3595.2635,0.7434281242529234,21
2015-07-17,9541.259,2807.065,0.9024049027497048,-163.00117445271036,2623.21,1608.25,1.6310959117052697,0.0,1.3588316577305783,1.0,1.0,0,,0.0,0.0,0.0,0.0,0.0,1.361159848124041,0,0,0,2623.21,3556.6475,0.7375513035801271,22
2015-07-20,9839.917,2783.761,0.9384426113545328,-135.33551577692995,3486.24,1666.6,2.0918276731069243,0.0,1.3588316577305783,1.0,1.0,0,,0.0,0.0,0.0,0.0,0.0,1.361159848124041,0,0,0,3486.24,3520.8700000000003,0.9901643627853342,23
2015-07-21,10062.89,2772.774,0.9635105683189714,-100.89041390252746,3209.03,1520.27,2.11082899748071,0.0,1.3588316577305783,1.0,1.0,0,,0.0,0.0,0.0,0.0,0.0,1.361159848124041,0,0,0,3209.03,3483.8480000000004,0.9211165355090118,24
2015-07-22,10228.86,2739.786,0.991194361250864,-63.64489718343894,3442.57,1400.9,2.457398815047469,0.0,1.3588316577305783,1.0,1.0,0,,0.0,0.0,0.0,0.0,0.0,1.361159848124041,0,0,0,3442.57,3447.0784999999996,0.9986920808446923,25
2015-07-23,10553.22,2790.764,1.0039454368377034,-26.354795369482854,3705.15,1518.62,2.439813778298719,0.0,1.3588316577305783,1.0,1.0,0,,0.0,0.0,0.0,0.0,0.0,1.361159848124041,0,0,0,3705.15,3411.554,1.086059314904586,0
2015-07-24,10449.75,2741.044,1.012134255713234,10.182300482760992,4180.56,1630.2,2.564446080235554,0.0,1.3588316577305783,1.0,1.0,0,,0.0,0.0,0.0,0.0,0.0,1.361159848124041,0,0,0,4180.56,3375.8864999999996,1.238359168769448,0
2015-07-27,9719.551,2493.29,1.0349554076197762,45.06002879002354,3649.26,1589.51,2.2958395983667925,1.0,1.388790572243211,1.0,1.0,0,,0.022047554119152435,0.022547554119152435,0.0005,1.0,1.0,1.3911700935403732,0,0,0,3649.26,3354.3185,1.0879288892810866,0
2015-07-28,9284.541,2485.674,0.9916638894150955,67.07871054171169,3179.85,1647.63,1.929953933832232,1.0,1.330698356966972,1.0,1.0,0,,-0.0418293560147136,-0.0418293560147136,0.0,0.0,1.0,1.3329783444206504,0,0,0,3179.85,3328.1614999999997,0.9554374089117972,1
2015-07-29,9727.232,2531.445,1.020161685222984,95.90329182279663,2833.08,1126.69,2.514515971562719,1.0,1.3689391061396623,1.0,1.0,0,,0.028737353565124746,0.028737353565124746,0.0,0.0,1.0,1.3712846143989212,0,0,0,2833.08,3278.2635,0.8642014285916919,2
2015-07-30,9460.729,2467.367,1.017979613711453,112.25198864107064,3096.59,1085.22,2.85342142607029,1.0,1.3660110183004535,1.0,1.0,0,,-0.0021389467406376372,-0.0021389467406376372,0.0,0.0,1.0,1.368351509642466,0,0,0,3096.59,3229.7997499999997,0.9587560343330884,3
2015-07-31,9223.636,2461.24,0.9949389234162267,132.52204821494485,2237.57,889.53,2.5154519802592383,1.0,1.3350930741799647,1.0,1.0,0,,-0.017100308236691134,-0.016975308236691133,0.000125,0.25,0.75,1.3449522770514382,0,0,1,2237.57,3166.811,0.7065688479672453,4
2015-08-03,8723.594,2479.724,0.9339859218546498,120.50642088512123,2022.79,967.76,2.0901773166900885,0.0,1.3344255276428747,1.0,1.0,0,,-0.000375,0.0,0.000375,0.75,0.0,1.3444479199475439,0,0,0,2022.79,3084.13175,0.6558701650796857,5
2015-08-04,9265.221,2534.711,0.9704553612289543,92.91984454137761,2380.95,795.44,2.9932490194106403,0.0,1.3344255276428747,1.0,1.0,0,,0.0,0.0,0.0,0.0,0.0,1.3444479199475439,0,0,0,2380.95,3022.2277500000005,0.7878128972907483,6
2015-08-05,9240.885,2487.062,0.9864502427126436,80.6267824286342,2823.88,796.48,3.545449979911611,1.0,1.3557520912197065,1.0,1.0,0,,0.0119863734253325,0.0123613734253325,0.000375,0.75,0.75,1.3605629747669465,0,0,1,2823.88,2995.70525,0.9426428050623472,7
2015-08-06,9229.349,2467.525,0.9930194103234449,62.310018542439636,2096.91,602.56,3.4800019915029208,0.0,1.3550742151740967,1.0,1.0,0,,-0.000375,0.0,0.000375,0.75,0.0,1.3600527636514088,0,0,0,2096.91,2943.61875,0.7123578758288586,8
2015-08-07,9585.136,2503.796,1.0163600088634113,43.881394523271766,2811.79,730.33,3.8500267002587862,0.0,1.3550742151740967,1.0,1.0,0,,0.0,0.0,0.0,0.0,0.0,1.3600527636514088,0,0,0,2811.79,2904.21675,0.9681749821186728,9
2015-08-10,10077.94,2617.659,1.022131865777038,31.858250121018862,3468.08,1356.66,2.5563368861763447,0.0,1.3550742151740967,1.0,1.0,0,,0.0,0.0,0.0,0.0,0.0,1.3600527636514088,0,0,0,3468.08,2869.9305,1.2084195070229053,0
2015-08-11,10153.71,2590.71,1.0405289892917242,33.37699520189737,3754.47,1264.16,2.969932603467915,0.0,1.3550742151740967,1.0,1.0,0,,0.0,0.0,0.0,0.0,0.0,1.3600527636514088,0,0,0,3754.47,2839.34875,1.322299699887166,0
2015-08-12,10005.93,2561.127,1.0372288215198031,26.29015137773533,3111.09,1039.6,2.99258368603309,0.0,1.3550742151740967,1.0,1.0,0,,0.0,0.0,0.0,0.0,0.0,1.3600527636514088,0,0,0,3111.09,2812.06425,1.1063367417725254,0
2015-08-13,10308.79,2580.778,1.0604868194799129,23.93036803502413,3156.15,921.71,3.4242332186913456,0.0,1.3550742151740967,1.0,1.0,0,,0.0,0.0,0.0,0.0,0.0,1.3600527636514088,0,0,0,3156.15,2794.85525,1.129271363874748,0
2015-08-14,10377.98,2577.038,1.069153931281159,24.324228156374318,3683.99,982.75,3.7486542864411088,0.0,1.3550742151740967,1.0,1.0,0,,0.0,0.0,0.0,0.0,0.0,1.3600527636514088,0,0,0,3683.99,2795.74275,1.317714228177825,0
2015-08-17,10563.13,2550.467,1.0995656047976803,32.42489522742291,3479.34,915.72,3.799567553400603,0.0,1.3550742151740967,1.0,1.0,0,,0.0,0.0,0.0,0.0,0.0,1.3600527636514088,0,0,0,3479.34,2806.5037500000003,1.2397417961761141,0
2015-08-18,9806.701,2407.967,1.0812363396638167,36.719834066905385,3968.69,1255.16,3.1618996781286848,0.0,1.3550742151740967,1.0,1.0,0,,0.0,0.0,0.0,0.0,0.0,1.3600527636514088,0,0,0,3968.69,2830.4135,1.4021590838229114,0
2015-08-19,10057.84,2430.281,1.098743860428537,45.43325324223285,3336.8,1003.88,3.323903255369168,1.0,1.3763382176629995,1.0,1.0,0,,0.015692131287562583,0.016192131287562583,0.0005,1.0,1.0,1.381394890176639,0,0,0,3336.8,2830.15125,1.1790182591831444,0
2015-08-20,9739.916,2356.917,1.097132683457423,52.95175278371105,3027.71,748.6,4.0444963932674325,1.0,1.3743199816385474,1.0,1.0,0,,-0.0014663808637669362,-0.0014663808637669362,0.0,0.0,1.0,1.3793692391443786,0,0,0,3027.71,2818.51475,1.0742218042321758,0
2015-08-21,9208.154,2271.359,1.0763041681629262,54.76579357109399,2455.13,859.09,2.8578263045781003,1.0,1.3482292041157373,1.0,1.0,0,,-0.018984499877316097,-0.018984499877316097,0.0,0.0,1.0,1.3531826039930686,0,0,0,2455.13,2813.2480000000005,0.8727030108970129,1
2015-08-24,8506.724,2058.252,1.097266263536399,65.01812936239016,1373.61,1113.41,1.2336964819787857,0.0,1.3475550895136796,1.0,1.0,0,,-0.0005,0.0,0.0005,1.0,0.0,1.3525060126910722,0,0,0,1373.61,2772.1945000000005,0.4954955361176857,2
2015-08-25,7882.112,1914.052,1.093294339750655,64.06612505741806,1313.36,1099.5,1.1945065939063209,0.0,1.3475550895136796,1.0,1.0,0,,0.0,0.0,0.0,0.0,0.0,1.3525060126910722,0,0,0,1313.36,2715.527,0.48364829368295725,3
2015-08-26,7543.784,1942.45,1.031068755373425,55.48045780026955,2325.04,1132.24,2.0534868932381825,0.0,1.3475550895136796,1.0,1.0,0,,0.0,0.0,0.0,0.0,0.0,1.3525060126910722,0,0,0,2325.04,2688.2337500000003,0.8648950263346704,4
2015-08-27,7793.539,2094.722,0.9877716319477335,40.162454498334874,1920.72,1123.82,1.709099321955473,0.0,1.3475550895136796,1.0,1.0,0,,0.0,0.0,0.0,0.0,0.0,1.3525060126910722,0,0,0,1920.72,2670.64525,0.7191969805798805,5
2015-08-28,8270.959,2159.958,1.0166203336138424,29.8371320290559,2310.81,1170.95,1.9734489090055083,0.0,1.3475550895136796,1.0,1.0,0,,0.0,0.0,0.0,0.0,0.0,1.3525060126910722,0,0,0,2310.81,2670.7205000000004,0.8652384253612461,6
2015-08-31,7950.459,2210.447,0.9549053495710377,-0.8132305011776709,2022.14,1221.8,1.6550499263381897,0.0,1.3475550895136796,1.0,1.0,0,,0.0,0.0,0.0,0.0,0.0,1.3525060126910722,0,0,0,2022.14,2655.19325,0.7615792183864584,7
2015-09-01,7441.338,2230.321,0.885792274475613,-36.37416666773338,1516.88,1473.65,1.0293353238557323,0.0,1.3475550895136796,1.0,1.0,0,,0.0,0.0,0.0,0.0,0.0,1.3525060126910722,0,0,0,1516.88,2673.4440000000004,0.567387983440087,8
2015-09-02,7129.97,2243.631,0.8436931068980584,-73.0330097843644,1587.44,1488.7,1.0663263249815276,0.0,1.3475550895136796,1.0,1.0,0,,0.0,0.0,0.0,0.0,0.0,1.3525060126910722,0,0,0,1587.44,2689.65825,0.590201375955477,9
2015-09-07,7291.468,2133.978,0.9071378052374693,-89.56440753526309,1519.35,823.38,1.845259782846316,0.0,1.3475550895136796,1.0,1.0,0,,0.0,0.0,0.0,0.0,0.0,1.3525060126910722,0,0,0,1519.35,2695.163,0.5637321379078,10
2015-09-08,7651.5,2180.131,0.9317775073387272,-96.78716547842134,1476.27,610.93,2.416430687640156,0.0,1.3475550895136796,1.0,1.0,0,,0.0,0.0,0.0,0.0,0.0,1.3525060126910722,0,0,0,1476.27,2709.06275,0.5449375434363785,11
2015-09-09,7956.729,2211.2,0.9553329810890232,-95.19498478470118,2361.02,818.46,2.884710309605845,0.0,1.3475550895136796,1.0,1.0,0,,0.0,0.0,0.0,0.0,0.0,1.3525060126910722,0,0,0,2361.02,2725.59875,0.8662390236273773,12
2015-09-10,7842.999,2208.481,0.9428372287179767,-94.24515146524952,1823.9,570.56,3.1966839596186207,0.0,1.3475550895136796,1.0,1.0,0,,0.0,0.0,0.0,0.0,0.0,1.3525060126910722,0,0,0,1823.9,2708.45175,0.6734105564184409,13
2015-09-11,7952.136,2195.391,0.961656894848187,-86.01975178488533,1633.78,399.06,4.094071067007468,0.0,1.3475550895136796,1.0,1.0,0,,0.0,0.0,0.0,0.0,0.0,1.3525060126910722,0,0,0,1633.78,2676.9505,0.6103138627329867,14
2015-09-14,7412.302,2228.154,0.8831940443280003,-89.6183848187104,1861.73,924.71,2.013312281688313,0.0,1.3475550895136796,1.0,1.0,0,,0.0,0.0,0.0,0.0,0.0,1.3525060126910722,0,0,0,1861.73,2656.67325,0.7007749259341547,15
2015-09-15,7034.9,2175.173,0.8586424487485288,-91.5563166871918,1409.61,543.4,2.594055944055944,0.0,1.3475550895136796,1.0,1.0,0,,0.0,0.0,0.0,0.0,0.0,1.3525060126910722,0,0,0,1409.61,2626.33325,0.5367216822160705,16
2015-09-16,7500.61,2241.949,0.8882170098236106,-85.89210579588548,1651.84,575.56,2.86997011606088,0.0,1.3475550895136796,1.0,1.0,0,,0.0,0.0,0.0,0.0,0.0,1.3525060126910722,0,0,0,1651.84,2580.47325,0.6401306427028453,17
2015-09-17,7428.637,2194.823,0.8985823104746709,-75.03965258064392,2200.63,603.37,3.647231383728061,0.0,1.3475550895136796,1.0,1.0,0,,0.0,0.0,0.0,0.0,0.0,1.3525060126910722,0,0,0,2200.63,2555.26325,0.8612145930561167,18
2015-09-18,7556.203,2198.99,0.9122809219969417,-59.88338365912733,1582.71,378.35,4.183190167834016,0.0,1.3475550895136796,1.0,1.0,0,,0.0,0.0,0.0,0.0,0.0,1.3525060126910722,0,0,0,1582.71,2508.76675,0.6308717221319998,19
2015-09-21,7847.885,2214.448,0.9408824637308939,-39.41144247164023,1862.98,401.43,4.640858929327654,0.0,1.3475550895136796,1.0,1.0,0,,0.0,0.0,0.0,0.0,0.0,1.3525060126910722,0,0,0,1862.98,2462.7125,0.7564748219696777,20
2015-09-22,7880.836,2237.314,0.93517648944199,-20.461231638634445,2170.39,484.75,4.477338834450747,0.0,1.3475550895136796,1.0,1.0,0,,0.0,0.0,0.0,0.0,0.0,1.3525060126910722,0,0,0,2170.39,2412.45825,0.8996590925459538,21
2015-09-23,7824.066,2178.546,0.9534852983683587,2.6824869325221252,1904.17,375.16,5.075621068344173,0.0,1.3475550895136796,1.0,1.0,0,,0.0,0.0,0.0,0.0,0.0,1.3525060126910722,0,0,0,1904.17,2368.8309999999997,0.8038437524669343,22
2015-09-24,7928.825,2188.088,0.9620381144416537,27.5194805344174,1856.47,284.35,6.528820116054158,1.0,1.3589689559514422,1.0,1.0,0,,0.006352541647415125,0.006727541647415125,0.000375,0.75,0.75,1.3610978634650714,0,0,1,1856.47,2335.7465,0.7948079982138472,23
2015-09-25,7640.173,2183.404,0.9290034382949188,39.99820962064841,1831.58,367.38,4.985519081060482,1.0,1.312304381357766,1.0,1.0,0,,-0.02575366478534019,-0.02575366478534019,0.0,0.0,0.75,1.326044605349349,0,0,1,1831.58,2310.709,0.792648490138741,24
2015-09-28,7839.618,2169.941,0.9591691589294183,50.71831462024582,1407.86,201.71,6.9796242129790285,1.0,1.3549162875398624,1.0,1.0,0,,0.02435329035745981,0.02435329035745981,0.0,0.0,0.75,1.3583381546503652,0,0,1,1407.86,2268.49075,0.620615270306921,25
2015-09-29,7720.677,2127.203,0.9635953095396128,68.68816029064243,1461.37,255.18,5.726820283721295,1.0,1.361168639898179,1.0,1.0,0,,0.003460925454849939,0.003460925454849939,0.0,0.0,0.75,1.3630392617460885,0,0,1,1461.37,2249.0857499999997,0.6497617976548916,26
2015-09-30,7727.509,2146.118,0.9559477443369715,78.7872687361068,1229.33,275.62,4.460235106305783,1.0,1.3503657376607392,1.0,1.0,0,,-0.00595236801715171,-0.00595236801715171,0.0,0.0,0.75,1.354925950438349,0,0,1,1229.33,2229.24925,0.5514547105937122,27
2015-10-08,8056.279,2191.343,0.9760506781034343,81.60586844021552,1799.06,453.17,3.9699450537325935,1.0,1.3787630147561758,1.0,1.0,0,,0.015771992155600878,0.015771992155600878,0.0,0.0,0.75,1.3762958319000826,0,0,1,1799.06,2214.7019999999998,0.8123259923908499,28
2015-10-09,8180.397,2219.294,0.9786057699853653,68.40541953491024,2008.69,348.97,5.756053528956644,1.0,1.3823723213886505,1.0,1.0,0,,0.0019633395626257877,0.0019633395626257877,0.0,0.0,0.75,1.378997967956729,0,0,1,2008.69,2194.32225,0.915403377967844,29
2015-10-12,8522.629,2283.429,0.9909102058864733,66.61154533718025,2742.67,677.8,4.046429625258189,1.0,1.3997534897218875,1.0,1.0,0,,0.009430076143909338,0.009430076143909338,0.0,0.0,0.75,1.3920020237968573,0,0,1,2742.67,2210.46625,1.2407653815117061,0
2015-10-13,8651.052,2270.948,1.0113697573520672,69.44162096253217,2557.41,398.07,6.424523325043334,1.0,1.4286545227236513,1.0,1.0,0,,0.020522230540218997,0.020647230540218997,0.000125,0.25,1.0,1.420569010241668,0,0,0,2557.41,2204.10675,1.160293166381347,0
2015-10-14,8534.726,2253.908,1.00531376325552,73.72558373632631,2560.32,437.02,5.858587707656401,1.0,1.4200998637646252,1.0,1.0,0,,-0.005987912978931531,-0.005987912978931531,0.0,0.0,1.0,1.4120627666277739,0,0,0,2560.32,2181.4127500000004,1.1736981000042288,0
2015-10-15,8808.465,2297.901,1.0176938480528652,74.95443799594817,2674.7,512.71,5.216789218076495,1.0,1.4375878932502373,1.0,1.0,0,,0.012314647675024881,0.012314647675024881,0.0,0.0,1.0,1.4294518220938157,0,0,0,2674.7,2154.4185,1.2414950948480992,0
2015-10-16,8943.018,2323.775,1.021734975319024,85.07633533376517,3167.48,682.87,4.638481702227364,1.0,1.4432963640678886,1.0,1.0,0,,0.003970867342757867,0.003970867342757867,0.0,0.0,1.0,1.4351279856522137,0,0,0,3167.48,2155.82825,1.4692636113289637,0
2015-10-19,8935.391,2318.472,1.0231985979339209,80.0033725743224,3157.39,622.61,5.071216331250702,1.0,1.4453638681168606,1.0,1.0,0,,0.0014324875337070608,0.0014324875337070608,0.0,0.0,1.0,1.4371837886009347,0,0,0,3157.39,2155.85925,1.4645622157383418,0
2015-10-20,9116.539,2337.08,1.0356300551226099,68.348651353257,2948.87,533.86,5.523676619338403,1.0,1.462924465917575,1.0,1.0,0,,0.012149603423803557,0.012149603423803557,0.0,0.0,1.0,1.4546450016795556,0,0,0,2948.87,2137.48125,1.3796004058515134,0
2015-10-21,8541.607,2340.36,0.9689584382171904,47.22598730049089,3708.67,1010.99,3.66835478095728,1.0,1.3687445615484668,1.0,1.0,0,,-0.06437783123001972,-0.06437783123001972,0.0,0.0,1.0,1.3609981112618375,0,0,0,3708.67,2143.2145,1.7304240896093228,0
2015-10-22,8894.757,2331.791,1.0127277176764669,37.33715672279969,2978.97,581.17,5.1258151659583255,1.0,1.4305727688893386,1.0,1.0,0,,0.04517147251414477,0.04517147251414477,0.0,0.0,1.0,1.4224764000365044,0,0,0,2978.97,2118.4714999999997,1.4061883768556718,0
2015-10-23,9182.553,2343.965,1.0400651667670728,33.73998276435316,3486.37,554.99,6.281860934431251,1.0,1.4691894765762248,1.0,1.0,0,,0.02699387862448077,0.02699387862448077,0.0,0.0,1.0,1.4608745553252782,0,0,0,3486.37,2122.21075,1.642801027183563,0
2015-10-26,9262.89,2350.02,1.0464613160043246,34.76451422096444,3722.51,653.19,5.698969671917818,1.0,1.478224636535664,1.0,1.0,0,,0.0061497581513410005,0.0061497581513410005,0.0,0.0,1.0,1.4698585805299764,0,0,0,3722.51,2139.58075,1.739831506709901,0
2015-10-27,9345.966,2349.904,1.0558988249166663,35.03868954097587,3370.26,559.12,6.02779367577622,1.0,1.4915560019367435,1.0,1.0,0,,0.009018497643445311,0.009018497643445311,0.0,0.0,1.0,1.4831144966746839,0,0,0,3370.26,2162.459,1.5585312831364666,0
2015-10-28,9131.87,2310.703,1.0492133852791676,35.16370384115478,3157.07,460.39,6.857381785008363,1.0,1.4821121921875624,1.0,1.0,0,,-0.0063315153684599945,-0.0063315153684599945,0.0,0.0,1.0,1.4737241344458023,0,0,0,3157.07,2207.0454999999997,1.430450799496431,0
2015-10-29,9214.588,2307.345,1.0602581417176322,38.74861832348949,2685.93,334.24,8.035932264241263,0.22610619202422397,1.4850663464438039,0.22610619202422397,0.22610619202422397,0,0.35381605113861353,0.001993205556106574,0.002380152460094462,0.000386946903987888,0.773893807975776,0.22610619202422397,1.476661569578748,0,0,0,2685.93,2241.35975,1.1983484578948114,0
2015-10-30,9188.266,2312.974,1.05465651287502,34.13664516391488,2859.03,440.4,6.491893732970028,0.22610619202422397,1.4832923161736806,0.2259481033809147,0.22610619202422397,1,0.35406360488510924,-0.0011945798074082783,-0.0011945798074082783,0.0,0.0,0.22610619202422397,1.4748975794853534,0,0,0,2859.03,2254.7095,1.2680258809394294,0
2015-11-02,8944.683,2280.092,1.0415036907220887,30.394763159869136,2551.17,366.11,6.968315533582803,0.2442137652756368,1.478761317752242,0.2442137652756368,0.2442137652756368,0,0.32758186218416635,-0.0030546901457203916,-0.003045636359094685,9.053786625706412e-06,0.018107573251412823,0.2442137652756368,1.4703922243833527,0,0,0,2551.17,2270.47075,1.1236304189340471,0
2015-11-03,8924.415,2271.653,1.0430040508332596,27.219821661529576,2145.7,295.25,7.26740050804403,0.2442137652756368,1.479281556765503,0.2500277112121183,0.2442137652756368,1,0.3199645335797585,0.00035180729101823744,0.00035180729101823744,0.0,0.0,0.2442137652756368,1.4709095190885473,0,0,0,2145.7,2266.343,0.9467675457774927,1
2015-11-04,9396.842,2370.503,1.0524213398847586,23.316030797093852,3120.31,729.06,4.2799083751680245,0.2442137652756368,1.4825433834989563,0.24991203224542946,0.2442137652756368,1,0.32011263836002474,0.002205007368972594,0.002205007368972594,0.0,0.0,0.2442137652756368,1.4741528854172294,0,0,0,3120.31,2293.79725,1.3603251115590098,0
2015-11-05,9391.446,2440.651,1.0215861912307862,15.339860453405711,3675.74,1823.82,2.0154072222039456,0.2442137652756368,1.4719353727447924,0.2519699520731517,0.2442137652756368,1,0.31749817524581053,-0.007155278470926085,-0.007155278470926085,0.0,0.0,0.2442137652756368,1.46360491101335,0,0,0,3675.74,2347.76875,1.5656311977063326,0
2015-11-06,9629.28,2493.484,1.0252634133635912,8.280774615077796,3359.99,1278.24,2.628606521467017,0.0,1.4717556393049822,0.24073251649762645,0.24073251649762645,0,0.3323190450708755,-0.0001221068826378184,0.0,0.0001221068826378184,0.2442137652756368,0.0,1.4634261947802527,0,0,0,3359.99,2392.0824999999995,1.4046296480159026,0
2015-11-09,9816.034,2534.084,1.0284028641669698,3.0752092732320118,3756.62,1573.52,2.387398952666633,0.0,1.4717556393049822,1.0,1.0,0,,0.0,0.0,0.0,0.0,0.0,1.4634261947802527,0,0,0,3756.62,2448.01425,1.5345580606812235,0
2015-11-10,9911.24,2522.683,1.0430702106590595,2.5564034903770847,3763.11,1119.33,3.361930797888023,0.0,1.4717556393049822,1.0,1.0,0,,0.0,0.0,0.0,0.0,0.0,1.4634261947802527,0,0,0,3763.11,2505.18525,1.5021284354121118,0
2015-11-11,10100.51,2505.83,1.0701383524839452,5.677703990329166,3654.78,810.53,4.50912365982752,1.0,1.5092124832879314,1.0,1.0,0,,0.025450450457004947,0.025950450457004948,0.0005,1.0,1.0,1.5006710506479908,0,0,0,3654.78,2537.52925,1.4402907867958568,0
2015-11-12,10135.08,2476.429,1.0865495350088725,11.847662639950768,3878.34,735.92,5.270056527883466,1.0,1.53235711825466,1.0,1.0,0,,0.015335570851034985,0.015335570851034985,0.0,0.0,1.0,1.5236846978693002,0,0,0,3878.34,2588.89025,1.498070457023043,0
2015-11-13,9934.769,2447.773,1.0775436298013121,15.308991517824223,3667.33,720.57,5.089484713490708,1.0,1.5196561207331627,1.0,1.0,0,,-0.008288536249280942,-0.008288536249280942,0.0,0.0,1.0,1.5110555820185358,0,0,0,3667.33,2639.7290000000003,1.389282763495798,0
2015-11-16,10194.78,2447.293,1.1059617846025118,22.511854257684856,3016.6,521.39,5.785688256391569,1.0,1.5597341479138798,1.0,1.0,0,,0.02637308969701735,0.02637308969701735,0.0,0.0,1.0,1.5509067864202895,0,0,0,3016.6,2668.60075,1.1304051383482523,0
2015-11-17,10109.4,2453.257,1.0940333582035067,29.090988747587865,3988.04,890.94,4.476216131277078,1.0,1.5429115286837836,1.0,1.0,0,,-0.010785568330728745,-0.010785568330728745,0.0,0.0,1.0,1.5341793753007624,0,0,0,3988.04,2733.0615000000003,1.4591841420326617,0
2015-11-18,9928.663,2439.447,1.0805568315996001,22.440638954287255,2957.23,726.88,4.068388179616993,1.0,1.5239056289935538,1.0,1.0,0,,-0.012318204470507244,-0.012318204470507244,0.0,0.0,1.0,1.5152810400613725,0,0,0,2957.23,2765.69625,1.0692533570886535,0
2015-11-19,10235.35,2468.488,1.1008291166832915,23.693222276440384,2937.6,488.03,6.019302092084503,1.0,1.5524955637828854,1.0,1.0,0,,0.01876096146991313,0.01876096146991313,0.0,0.0,1.0,1.5437091692700537,0,0,0,2937.6,2784.1205,1.0551267446937012,0
2015-11-20,10440.35,2466.757,1.1236651694740194,30.82919881389797,3773.56,561.76,6.71738820848761,1.0,1.584701171460427,1.0,1.0,0,,0.02074441204783084,0.02074441204783084,0.0,0.0,1.0,1.5757325083594065,0,0,0,3773.56,2838.89175,1.3292370165223808,0
2015-11-23,10341.42,2456.84,1.1175102949141449,35.668103150795304,3731.33,541.86,6.886151404421806,1.0,1.576020972776516,1.0,1.0,0,,-0.005477498748809317,-0.005477498748809317,0.0,0.0,1.0,1.5671014355164097,0,0,0,3731.33,2885.6005,1.2930861357973842,0
2015-11-24,10459.6,2447.904,1.1344070705777307,43.338838048993004,2797.84,476.04,5.8773212335097895,1.0,1.5998504380971525,1.0,1.0,0,,0.015120017900939198,0.015120017900939198,0.0,0.0,1.0,1.5907960372740053,0,0,0,2797.84,2901.28675,0.9643445274756106,1
2015-11-25,10696.31,2459.563,1.1545806115501958,51.30483375187288,3559.74,517.7,6.876067220397913,1.0,1.6283011144018518,1.0,1.0,0,,0.01778333500882634,0.01778333500882634,0.0,0.0,1.0,1.6190856961355624,0,0,0,3559.74,2942.6760000000004,1.2096948491780948,0
2015-11-26,10620.83,2450.962,1.1504562553754256,58.047264548765376,3769.41,560.96,6.719570022818026,1.0,1.622484548898858,1.0,1.0,0,,-0.003572168225857042,-0.003572168225857042,0.0,0.0,1.0,1.6133020496568873,0,0,0,3769.41,2990.4995,1.2604616720384003,0
2015-11-27,9933.496,2334.44,1.1297117229531528,58.97298172797095,3720.3,657.4,5.659111651962276,1.0,1.5932286052921316,1.0,1.0,0,,-0.01803156993179489,-0.01803156993179489,0.0,0.0,1.0,1.5842116809273912,0,0,0,3720.3,3037.7174999999997,1.224702428714981,0
2015-11-30,10001.19,2336.29,1.136509730038014,57.39411101075215,3218.99,552.97,5.82127421017415,1.0,1.6028158115913342,1.0,1.0,0,,0.006017470604882114,0.006017470604882114,0.0,0.0,1.0,1.5937446281492826,0,0,0,3218.99,3082.99575,1.0441110728096201,0
2015-12-01,9955.205,2344.833,1.1271624707492949,52.469384249099214,2713.17,436.13,6.221012083553069,1.0,1.5896334035687456,1.0,1.0,0,,-0.00822453080837815,-0.00822453080837815,0.0,0.0,1.0,1.5806368263543817,0,0,0,2713.17,3114.29075,0.8711999674404196,1
2015-12-02,9822.055,2458.411,1.0607086281182947,37.3202815277278,2368.03,863.49,2.74239423733917,1.0,1.4959137750474776,1.0,1.0,0,,-0.05895675588526661,-0.05895675588526661,0.0,0.0,1.0,1.487447606839744,0,0,0,2368.03,3142.75825,0.7534878000877097,2
2015-12-03,10102.89,2461.449,1.0896901191518682,23.04290747018331,2409.31,761.65,3.163277095778901,1.0,1.5367862734030793,1.0,1.0,0,,0.02732276354250729,0.02732276354250729,0.0,0.0,1.0,1.5280887860832946,0,0,0,2409.31,3158.0145,0.7629192329547568,3
2015-12-04,10081.57,2397.562,1.1163658777030432,13.53471154457615,2684.57,477.7,5.619782290140256,1.0,1.574407005071242,1.0,1.0,0,,0.01823509940968636,0.01836009940968636,0.000125,0.25,0.75,1.5559536370043503,0,0,1,2684.57,3174.9115,0.8455574273487624,4
2015-12-07,10238.02,2395.584,1.13462618008212,6.747849387417013,2586.35,319.16,8.103615741320967,1.0,1.600159447486886,1.0,1.0,0,,0.01226768665886313,0.01226768665886313,0.0,0.0,0.75,1.575041588678838,0,0,1,2586.35,3171.0035,0.8156250852450967,5
2015-12-08,10057.74,2364.344,1.1293744814046875,-0.22773921849191356,2802.22,371.93,7.534267200817357,1.0,1.592752994681928,1.0,1.0,0,,-0.0034714288081994227,-0.0034714288081994227,0.0,0.0,0.75,1.5695739439337861,0,0,1,2802.22,3177.1237499999997,0.8819990093240782,6
2015-12-09,10034.194,2369.738,1.1241658573302251,-5.7578886243215015,2542.79,320.31,7.938528300708688,0.0,1.5919566181845872,0.24948132335218617,0.24948132335218617,0,0.3206652863832461,-0.000375,0.0,0.000375,0.75,0.0,1.5689853537048108,0,0,0,2542.79,3176.6855,0.800453806333677,7
2015-12-10,10035.45,2357.209,1.130282467912794,-9.126593576077006,2564.98,361.26,7.100094115041799,0.0,1.5919566181845872,1.0,1.0,0,,0.0,0.0,0.0,0.0,0.0,1.5689853537048108,0,0,0,2564.98,3173.9425,0.8081368833871438,8
2015-12-11,9946.121,2342.453,1.127278133762178,-13.719667452309254,2211.44,361.42,6.118753804438049,0.0,1.5919566181845872,1.0,1.0,0,,0.0,0.0,0.0,0.0,0.0,1.5689853537048108,0,0,0,2211.44,3150.0415000000003,0.7020351954093302,9
2015-12-14,10118.9,2414.917,1.11244699077074,-18.80877946955529,2055.41,594.98,3.454586708796934,0.0,1.5919566181845872,1.0,1.0,0,,0.0,0.0,0.0,0.0,0.0,1.5689853537048108,0,0,0,2055.41,3122.492,0.6582594927384922,10
2015-12-15,10278.47,2383.832,1.1447247100631697,-19.836637325356378,2372.35,443.52,5.34891323953824,0.0,1.5919566181845872,1.0,1.0,0,,0.0,0.0,0.0,0.0,0.0,1.5689853537048108,0,0,0,2372.35,3108.079,0.7632849744166734,11
2015-12-16,10374.23,2376.535,1.1589371589801618,-19.79509860484,2567.12,334.64,7.671288548888357,0.0,1.5919566181845872,1.0,1.0,0,,0.0,0.0,0.0,0.0,0.0,1.5689853537048108,0,0,0,2567.12,3079.5402499999996,0.8336049512585524,12
2015-12-17,10679.96,2408.321,1.177344295282199,-15.844224792066983,3339.4,522.39,6.392541970558395,0.0,1.5919566181845872,1.0,1.0,0,,0.0,0.0,0.0,0.0,0.0,1.5689853537048108,0,0,0,3339.4,3088.551,1.0812189923365358,0
2015-12-18,10629.97,2422.835,1.1648135938016748,-13.32161636629009,3166.75,611.23,5.180946615840191,0.0,1.5919566181845872,1.0,1.0,0,,0.0,0.0,0.0,0.0,0.0,1.5689853537048108,0,0,0,3166.75,3080.5605,1.0279785123518919,0
2015-12-21,10699.61,2500.064,1.1362268605175585,-15.982800049627569,2782.92,857.85,3.24406364749082,0.0,1.5919566181845872,1.0,1.0,0,,0.0,0.0,0.0,0.0,0.0,1.5689853537048108,0,0,0,2782.92,3057.07075,0.9103224058520727,1
2015-12-22,10809.242,2496.054,1.149713136696293,-14.84833003909207,2661.74,648.4,4.1050894509562,0.0,1.5919566181845872,1.0,1.0,0,,0.0,0.0,0.0,0.0,0.0,1.5689853537048108,0,0,0,2661.74,3039.35775,0.8757573865728704,2
2015-12-23,10638.16,2503.059,1.1283495542666047,-15.514586603180105,2996.0,905.12,3.3100583348064343,0.0,1.5919566181845872,1.0,1.0,0,,0.0,0.0,0.0,0.0,0.0,1.5689853537048108,0,0,0,2996.0,3035.331,0.9870422698545891,3
2015-12-24,10633.19,2481.754,1.1375043704823862,-14.94513749860797,2303.28,612.51,3.760395748640839,0.0,1.5919566181845872,1.0,1.0,0,,0.0,0.0,0.0,0.0,0.0,1.5689853537048108,0,0,0,2303.28,3025.76475,0.7612224314530732,4
2015-12-25,10726.991,2492.336,1.1426666599345041,-15.067141949232647,2197.58,374.41,5.869447931412088,0.0,1.5919566181845872,1.0,1.0,0,,0.0,0.0,0.0,0.0,0.0,1.5689853537048108,0,0,0,2197.58,3009.2285,0.7302802030487215,5
2015-12-28,10515.361,2411.408,1.1577151588312646,-12.60638906458204,2989.03,564.8,5.29219192634561,0.0,1.5919566181845872,1.0,1.0,0,,0.0,0.0,0.0,0.0,0.0,1.5689853537048108,0,0,0,2989.03,3020.175,0.989687683660715,6
2015-12-29,10653.709,2432.88,1.1625947895334603,-11.194577196276857,2289.54,322.9,7.09055435119232,0.0,1.5919566181845872,1.0,1.0,0,,0.0,0.0,0.0,0.0,0.0,1.5689853537048108,0,0,0,2289.54,3023.7709999999997,0.7571803552583843,7
2015-12-30,10806.704,2432.773,1.179342363626141,-12.93160975897019,2561.86,344.39,7.438833880193966,0.0,1.5919566181845872,1.0,1.0,0,,0.0,0.0,0.0,0.0,0.0,1.5689853537048108,0,0,0,2561.86,3009.80975,0.8511700781087577,8
2015-12-31,10614.379,2420.801,1.1640824207977927,-15.271647694651445,2407.33,345.87,6.960216266227195,0.0,1.5919566181845872,1.0,1.0,0,,0.0,0.0,0.0,0.0,0.0,1.5689853537048108,0,0,0,2407.33,2978.0995,0.8083443820463353,9
2016-01-04,9694.836,2270.461,1.133638667198047,-20.350415505850002,1965.97,377.54,5.207315781109286,0.0,1.5919566181845872,1.0,1.0,0,,0.0,0.0,0.0,0.0,0.0,1.5689853537048108,0,0,0,1965.97,2943.2490000000003,0.6679591159293692,10
2016-01-05,9452.041,2288.113,1.0967215028675283,-29.33946164288185,2657.47,510.45,5.206131844450974,0.0,1.5919566181845872,1.0,1.0,0,,0.0,0.0,0.0,0.0,0.0,1.5689853537048108,0,0,0,2657.47,2915.77025,0.9114126876080171,11
2016-01-06,9709.569,2317.647,1.1122461042173195,-35.12809967577653,2272.83,398.95,5.697029702970297,0.0,1.5919566181845872,1.0,1.0,0,,0.0,0.0,0.0,0.0,0.0,1.5689853537048108,0,0,0,2272.83,2878.51325,0.7895846927228839,12
2016-01-07,8856.491,2180.589,1.0782912945625884,-45.23636752495229,575.37,114.75,5.014117647058824,0.0,1.5919566181845872,1.0,1.0,0,,0.0,0.0,0.0,0.0,0.0,1.5689853537048108,0,0,0,575.37,2801.528,0.20537720843768117,13
2016-01-08,8876.253,2219.612,1.0616976074457563,-55.88784274033057,2308.63,537.98,4.291293356630358,0.0,1.5919566181845872,1.0,1.0,0,,0.0,0.0,0.0,0.0,0.0,1.5689853537048108,0,0,0,2308.63,2762.28525,0.8357681379937137,14
2016-01-11,8205.122,2120.234,1.0274234612280777,-70.81052166528976,1947.12,488.88,3.982817869415807,0.0,1.5919566181845872,1.0,1.0,0,,0.0,0.0,0.0,0.0,0.0,1.5689853537048108,0,0,0,1947.12,2719.2799999999997,0.7160424818334266,15
2016-01-12,8187.96,2131.368,1.019918575700843,-82.44817544987272,1698.39,361.95,4.692333195192707,0.0,1.5919566181845872,1.0,1.0,0,,0.0,0.0,0.0,0.0,0.0,1.5689853537048108,0,0,0,1698.39,2686.32475,0.6322355478428288,16
2016-01-13,7836.123,2105.507,0.9880815386565975,-94.2158839249688,1584.95,329.86,4.804917237615959,0.0,1.5919566181845872,1.0,1.0,0,,0.0,0.0,0.0,0.0,0.0,1.5689853537048108,0,0,0,1584.95,2626.2475,0.6035036682567047,17
2016-01-14,8157.737,2132.076,1.0158164668725016,-96.96208329924347,1668.77,354.16,4.711909871244635,0.0,1.5919566181845872,1.0,1.0,0,,0.0,0.0,0.0,0.0,0.0,1.5689853537048108,0,0,0,1668.77,2594.036,0.6433102701735828,18
2016-01-15,7868.168,2070.928,1.00868800097971,-99.41384381324515,1710.48,336.04,5.090108320438043,0.0,1.5919566181845872,1.0,1.0,0,,0.0,0.0,0.0,0.0,0.0,1.5689853537048108,0,0,0,1710.48,2563.3579999999997,0.6672809650466304,19
2016-01-18,8060.879,2069.275,1.0342187844940254,-98.04130159105569,1541.35,253.0,6.092292490118576,0.0,1.5919566181845872,1.0,1.0,0,,0.0,0.0,0.0,0.0,0.0,1.5689853537048108,0,0,0,1541.35,2507.55275,0.6146829812453597,20
2016-01-19,8388.384,2128.574,1.0462555637302409,-92.17549647279576,1851.08,375.94,4.923870830451667,0.0,1.5919566181845872,1.0,1.0,0,,0.0,0.0,0.0,0.0,0.0,1.5689853537048108,0,0,0,1851.08,2460.5465,0.7523044169252644,21
2016-01-20,8321.392,2088.723,1.0577020895823626,-84.90021312018361,1874.29,392.59,4.774166433174559,0.0,1.5919566181845872,1.0,1.0,0,,0.0,0.0,0.0,0.0,0.0,1.5689853537048108,0,0,0,1874.29,2437.45775,0.7689528156949592,22
2016-01-21,7944.567,2040.978,1.0334277968390508,-80.24228176257739,1755.95,324.74,5.407248876023896,0.0,1.5919566181845872,1.0,1.0,0,,0.0,0.0,0.0,0.0,0.0,1.5689853537048108,0,0,0,1755.95,2392.363,0.7339814233876716,23
2016-01-22,8074.285,2061.962,1.0396128710125234,-72.94576669097037,1459.65,255.75,5.707331378299121,0.0,1.5919566181845872,1.0,1.0,0,,0.0,0.0,0.0,0.0,0.0,1.5689853537048108,0,0,0,1459.65,2334.619,0.6252197896102105,24
2016-01-25,8180.504,2065.444,1.0515135346821365,-61.99868886025288,1405.99,199.65,7.042273979464062,0.0,1.5919566181845872,1.0,1.0,0,,0.0,0.0,0.0,0.0,0.0,1.5689853537048108,0,0,0,1405.99,2276.76125,0.6175394982675501,25
2016-01-26,7545.544,1951.614,1.02646669184721,-53.93201004221505,1655.81,345.24,4.796112849032557,0.0,1.5919566181845872,1.0,1.0,0,,0.0,0.0,0.0,0.0,0.0,1.5689853537048108,0,0,0,1655.81,2237.68175,0.7399667088494598,26
2016-01-27,7466.746,1953.465,1.0147848475895422,-45.977601831483724,1594.82,349.56,4.562364114887287,0.0,1.5919566181845872,1.0,1.0,0,,0.0,0.0,0.0,0.0,0.0,1.5689853537048108,0,0,0,1594.82,2209.723,0.7217284700390049,27
2016-01-28,7100.901,1912.721,0.9856212585089082,-41.34989652030226,1238.0,263.12,4.705077531164488,0.0,1.5919566181845872,1.0,1.0,0,,0.0,0.0,0.0,0.0,0.0,1.5689853537048108,0,0,0,1238.0,2181.47225,0.5675066460277,28
2016-01-29,7385.759,1973.005,0.9938370356670364,-35.61730265609049,1313.55,339.61,3.867818968817173,0.0,1.5919566181845872,1.0,1.0,0,,0.0,0.0,0.0,0.0,0.0,1.5689853537048108,0,0,0,1313.55,2154.07825,0.6097967889513762,29
2016-02-01,7292.613,1937.073,0.9995060100672599,-30.469077348977752,1158.88,238.06,4.868016466437033,0.0,1.5919566181845872,1.0,1.0,0,,0.0,0.0,0.0,0.0,0.0,1.5689853537048108,0,0,0,1158.88,2115.936,0.5476914235591247,30
2016-02-02,7576.065,1969.616,1.0211989483253814,-22.780338475780688,1329.41,234.59,5.666950850419882,0.0,1.5919566181845872,1.0,1.0,0,,0.0,0.0,0.0,0.0,0.0,1.5689853537048108,0,0,0,1329.41,2084.5125,0.6377558302001068,31
2016-02-03,7630.459,1952.367,1.037617852050264,-11.609239876054879,1256.43,193.92,6.479115099009902,0.0,1.5919566181845872,1.0,1.0,0,,0.0,0.0,0.0,0.0,0.0,1.5689853537048108,0,0,0,1256.43,2045.8677500000001,0.6141306054606902,32
2016-02-04,7807.401,1974.236,1.0499186476840576,-1.192152473378544,1479.61,229.94,6.434765591023745,0.0,1.5919566181845872,1.0,1.0,0,,0.0,0.0,0.0,0.0,0.0,1.5689853537048108,0,0,0,1479.61,2019.28825,0.7327383794760356,33
2016-02-05,7718.708,1967.26,1.0416722158499512,5.904560439820591,1168.34,200.2,5.835864135864136,0.0,1.5919566181845872,1.0,1.0,0,,0.0,0.0,0.0,0.0,0.0,1.5689853537048108,0,0,0,1168.34,1984.37225,0.5887705797135593,34
2016-02-15,7726.37,1948.275,1.052866904326766,11.240948121478494,1048.73,176.05,5.9570008520306725,0.0,1.5919566181845872,1.0,1.0,0,,0.0,0.0,0.0,0.0,0.0,1.5689853537048108,0,0,0,1048.73,1955.3044999999997,0.5363512435019713,35
2016-02-16,8069.594,2000.903,1.0707149826696094,18.832277650682034,1600.76,268.13,5.97008913586693,0.0,1.5919566181845872,1.0,1.0,0,,0.0,0.0,0.0,0.0,0.0,1.5689853537048108,0,0,0,1600.76,1943.93825,0.8234623707826111,36
2016-02-17,8202.147,2014.443,1.0809878075622883,22.82504292449828,1863.77,303.92,6.132436167412477,0.0,1.5919566181845872,1.0,1.0,0,,0.0,0.0,0.0,0.0,0.0,1.5689853537048108,0,0,0,1863.77,1931.2237499999999,0.9650720171601038,37
2016-02-18,8176.14,2009.273,1.0803328978194668,28.58495100371944,1935.75,285.84,6.772145256087322,1.0,1.5901961628553987,1.0,1.0,0,,-0.0008293828373270165,-0.00045438283732701645,0.000375,0.75,0.75,1.5676840641804306,0,0,1,1935.75,1915.4394999999997,1.0106035716607078,0
2016-02-19,8239.256,2004.107,1.0914788441257628,33.30060194744016,1687.2,193.27,8.729756299477415,1.0,1.6066024401088626,1.0,1.0,0,,0.01019214051177457,0.01031714051177457,0.000125,0.25,1.0,1.5836621204406274,0,0,0,1687.2,1874.1345000000001,0.9002555579655569,1
2016-02-22,8407.852,2053.863,1.0868304995898912,38.50615184314729,1935.74,364.75,5.307032213845099,1.0,1.5997603087070582,1.0,1.0,0,,-0.004258758253436246,-0.004258758253436246,0.0,0.0,1.0,1.5769176863145464,0,0,0,1935.74,1843.35925,1.0501154346338077,0
2016-02-23,8357.355,2029.522,1.0932596443447675,44.64844083914354,1923.75,250.28,7.686391241809174,1.0,1.6092236892449292,1.0,1.0,0,,0.005915499019674586,0.005915499019674586,0.0,0.0,1.0,1.5862459413420475,0,0,0,1923.75,1821.8799999999999,1.0559147693591235,0
2016-02-24,8364.663,2041.388,1.0878552735249456,51.21652250069206,1962.94,240.61,8.158181289223224,1.0,1.6012687248467565,1.0,1.0,0,,-0.004943355265858207,-0.004943355265858207,0.0,0.0,1.0,1.5784045641149682,0,0,0,1962.94,1804.4099999999999,1.0878569726392562,0
2016-02-25,7702.591,1932.602,1.0581388099588067,47.739531363709375,2142.09,364.0,5.884862637362637,1.0,1.5575275720670112,1.0,1.0,0,,-0.027316559738548185,-0.027316559738548185,0.0,0.0,1.0,1.5352879815477245,0,0,0,2142.09,1783.0622499999997,1.2013545797405563,0
2016-02-26,7666.823,1955.395,1.0409483161767104,41.55172541691395,1588.08,227.45,6.982105957353265,0.0,1.5567488082809777,1.0,1.0,0,,-0.0005,0.0,0.0005,1.0,0.0,1.5345203375569507,0,0,0,1588.08,1765.1822499999998,0.8996691418124106,1
2016-02-29,7183.676,1944.611,0.980758834093476,27.48641999258087,1383.85,331.69,4.17211854442401,0.0,1.5567488082809777,1.0,1.0,0,,0.0,0.0,0.0,0.0,0.0,1.5345203375569507,0,0,0,1383.85,1744.839,0.793110424514812,2
2016-03-01,7345.086,1973.194,0.9882693562945235,13.51797409867709,1448.11,279.92,5.1732995141468985,0.0,1.5567488082809777,1.0,1.0,0,,0.0,0.0,0.0,0.0,0.0,1.5345203375569507,0,0,0,1448.11,1706.316,0.8486763295895953,3
2016-03-02,7711.886,2043.407,1.0019682375126344,2.385238756485808,1833.28,468.21,3.915507998547661,0.0,1.5567488082809777,1.0,1.0,0,,0.0,0.0,0.0,0.0,0.0,1.5345203375569507,0,0,0,1833.28,1694.9095000000002,1.081638872163971,0
2016-03-03,7727.16,2053.273,0.999128710676841,-11.415067767622613,2004.06,434.0,4.617649769585253,0.0,1.5567488082809777,1.0,1.0,0,,0.0,0.0,0.0,0.0,0.0,1.5345203375569507,0,0,0,2004.06,1680.9645,1.1922084017836188,0
2016-03-04,7418.801,2122.269,0.9280716829041005,-36.069391982640596,1767.87,786.72,2.247140024405125,0.0,1.5567488082809777,1.0,1.0,0,,0.0,0.0,0.0,0.0,0.0,1.5345203375569507,0,0,0,1767.87,1664.9779999999998,1.0617978135446835,0
2016-03-07,7600.437,2107.673,0.9573782607742465,-50.18418423515781,1402.32,381.49,3.6759023827623274,0.0,1.5567488082809777,1.0,1.0,0,,0.0,0.0,0.0,0.0,0.0,1.5345203375569507,0,0,0,1402.32,1650.8867500000001,0.8494344024506828,1
2016-03-08,7670.69,2115.158,0.9628083493946402,-58.54659964871322,1652.3,357.05,4.62764318722868,0.0,1.5567488082809777,1.0,1.0,0,,0.0,0.0,0.0,0.0,0.0,1.5345203375569507,0,0,0,1652.3,1625.7575,1.0163262356163203,0
2016-03-09,7500.17,2111.919,0.942848859894786,-66.77807342142836,1319.5,346.44,3.8087403302159104,0.0,1.5567488082809777,1.0,1.0,0,,0.0,0.0,0.0,0.0,0.0,1.5345203375569507,0,0,0,1319.5,1601.92425,0.8236968758042086,1
2016-03-10,7376.697,2061.451,0.9500296489357349,-71.2328301230974,1160.42,199.01,5.830963268177479,0.0,1.5567488082809777,1.0,1.0,0,,0.0,0.0,0.0,0.0,0.0,1.5345203375569507,0,0,0,1160.42,1616.5504999999998,0.7178371476795808,2
2016-03-11,7349.567,2070.724,0.9422969092386557,-74.37140659135815,972.43,239.05,4.067893746078226,0.0,1.5567488082809777,1.0,1.0,0,,0.0,0.0,0.0,0.0,0.0,1.5345203375569507,0,0,0,972.43,1583.1455,0.6142391839537173,3
2016-03-14,7640.131,2078.41,0.9759280760799197,-67.83769013267988,1621.35,355.65,4.558835934204977,0.0,1.5567488082809777,1.0,1.0,0,,0.0,0.0,0.0,0.0,0.0,1.5345203375569507,0,0,0,1621.35,1575.00125,1.029427754422417,0
2016-03-15,7571.82,2101.117,0.956749568249563,-62.648968279486354,1389.37,329.99,4.210339707263856,0.0,1.5567488082809777,1.0,1.0,0,,0.0,0.0,0.0,0.0,0.0,1.5345203375569507,0,0,0,1389.37,1567.27575,0.8864872693908522,1
2016-03-16,7484.226,2136.128,0.930181828133808,-60.36780600258316,1254.39,576.96,2.1741368552412648,0.0,1.5567488082809777,1.0,1.0,0,,0.0,0.0,0.0,0.0,0.0,1.5345203375569507,0,0,0,1254.39,1559.0117500000001,0.8046058665048548,2
2016-03-17,7779.875,2131.481,0.969034822516392,-48.76631112815181,1898.05,388.26,4.888605573584711,0.0,1.5567488082809777,1.0,1.0,0,,0.0,0.0,0.0,0.0,0.0,1.5345203375569507,0,0,0,1898.05,1564.74375,1.213010117471311,0
2016-03-18,8097.204,2141.177,1.0039931313146542,-30.063921606808204,2593.01,606.32,4.276636099749307,0.0,1.5567488082809777,1.0,1.0,0,,0.0,0.0,0.0,0.0,0.0,1.5345203375569507,0,0,0,2593.01,1586.8070000000002,1.634105470923685,0
2016-03-21,8325.977,2193.385,1.0077865734856515,-11.338902644264502,2765.52,851.97,3.24602978978133,0.0,1.5567488082809777,1.0,1.0,0,,0.0,0.0,0.0,0.0,0.0,1.5345203375569507,0,0,0,2765.52,1617.4112499999999,1.7098434303582346,0
2016-03-22,8311.211,2173.256,1.0153169840910343,8.35530004876353,2416.33,543.95,4.442191377883996,0.0,1.5567488082809777,1.0,1.0,0,,0.0,0.0,0.0,0.0,0.0,1.5345203375569507,0,0,0,2416.33,1631.5425,1.4810095354549453,0
2016-03-23,8408.639,2175.283,1.0262618202042753,29.221396105509267,2266.41,386.76,5.859990691901954,0.0,1.5567488082809777,1.0,1.0,0,,0.0,0.0,0.0,0.0,0.0,1.5345203375569507,0,0,0,2266.41,1641.3455000000001,1.38082445164653,0
2016-03-24,8279.649,2137.59,1.0283376751320985,46.58124601661929,2518.26,361.27,6.97057602347275,0.0,1.5567488082809777,1.0,1.0,0,,0.0,0.0,0.0,0.0,0.0,1.5345203375569507,0,0,0,2518.26,1660.40325,1.516655667832498,0
2016-03-25,8343.242,2149.204,1.030636290923467,64.2698739797765,1909.55,255.42,7.476117766815442,1.0,1.5594501929875295,1.0,1.0,0,,0.0017352733415833548,0.0022352733415833548,0.0005,1.0,1.0,1.5371831497908308,0,0,0,1909.55,1671.65075,1.1423139671967963,0
2016-03-28,8298.778,2123.035,1.0377798246049936,71.980368194071,2159.29,277.61,7.77814199776665,1.0,1.5702590351332764,1.0,1.0,0,,0.006931187795770288,0.006931187795770288,0.0,0.0,1.0,1.5478376548785246,0,0,0,2159.29,1690.48325,1.2773211447081774,0
2016-03-29,8118.996,2106.862,1.0230914791029633,75.31931474128062,1795.89,263.93,6.804417838063123,1.0,1.5480341790618053,1.0,1.0,0,,-0.014153624067244852,-0.014153624067244852,0.0,0.0,1.0,1.5259301425942482,0,0,0,1795.89,1693.9852500000002,1.0601568106924188,0
2016-03-30,8438.684,2157.53,1.03840342393537,83.02977395052383,2113.59,346.88,6.093144603321034,1.0,1.5712025999045411,1.0,1.0,0,,0.014966349681489133,0.014966349681489133,0.0,0.0,1.0,1.5487677466978382,0,0,0,2113.59,1706.9544999999998,1.2382228114457652,0
2016-03-31,8447.179,2156.541,1.0399254533623639,95.47236571572621,2359.2,327.78,7.197510525352371,1.0,1.5735055743918178,1.0,1.0,0,,0.001465739992676074,0.001465739992676074,0.0,0.0,1.0,1.55103783752354,0,0,0,2359.2,1734.9844999999998,1.3597816003543548,0
2016-04-01,8389.287,2167.782,1.0274428553314923,86.77274185173701,1893.87,324.22,5.841311455184751,1.0,1.5546182228793006,1.0,1.0,0,,-0.012003358500853989,-0.012003358500853989,0.0,0.0,1.0,1.5324201743113557,0,0,0,1893.87,1749.4925000000003,1.082525360926097,0
2016-04-05,8635.667,2180.262,1.0515633274708769,87.19802413529602,2350.75,370.84,6.338987164275699,1.0,1.591114778709884,1.0,1.0,0,,0.023476217693491508,0.023476217693491508,0.0,0.0,1.0,1.5683956039213873,0,0,0,2350.75,1779.2892500000003,1.321173609068902,0
2016-04-06,8691.23,2168.037,1.0642968669271684,91.10573494865393,2471.56,273.81,9.026551258171724,1.0,1.6103818283348643,1.0,1.0,0,,0.01210915132131607,0.01210915132131607,0.0,0.0,1.0,1.5873875436209584,0,0,0,2471.56,1807.843,1.3671319909970057,0
2016-04-07,8549.513,2139.404,1.0609546091853665,87.55031283670688,2449.93,255.19,9.600415376778086,1.0,1.6053246762373024,1.0,1.0,0,,-0.0031403434940587838,-0.0031403434940587838,0.0,0.0,1.0,1.5824026014757984,0,0,0,2449.93,1837.6805,1.333164279644911,0
2016-04-08,8484.174,2123.804,1.060579828030411,84.13337896734319,2044.79,231.32,8.83965934636002,1.0,1.6047575969004204,1.0,1.0,0,,-0.0003532490002029487,-0.0003532490002029487,0.0,0.0,1.0,1.5818436193389085,0,0,0,2044.79,1851.8100000000002,1.1042115551811469,0
2016-04-11,8677.409,2148.439,1.0722974441729038,77.0905861799805,2227.09,339.04,6.568811939594148,1.0,1.6224874584584599,1.0,1.0,0,,0.01104831134140416,0.01104831134140416,0.0,0.0,1.0,1.5993203201387785,0,0,0,2227.09,1878.27875,1.1857079254077705,0
2016-04-12,8608.374,2143.896,1.0660207136260973,74.74531927977645,2072.04,191.24,10.834762601966116,1.0,1.6129901714438744,1.0,1.0,0,,-0.0058535349318564744,-0.0058535349318564744,0.0,0.0,1.0,1.5899586427776182,0,0,0,2072.04,1903.8614999999998,1.0883354697807588,0
2016-04-13,8729.841,2171.315,1.0674111413383194,69.3969105732287,2602.41,512.57,5.077179702284565,1.0,1.6150940200888866,1.0,1.0,0,,0.0013043158490724238,0.0013043158490724238,0.0,0.0,1.0,1.5920324510347628,0,0,0,2602.41,1928.90275,1.3491659960565663,0
2016-04-14,8837.018,2178.868,1.076770253269629,57.12525334064998,2118.29,253.74,8.348269882556947,1.0,1.6292552416915096,1.0,1.0,0,,0.008768047820425728,0.008768047820425728,0.0,0.0,1.0,1.6059914676971052,0,0,0,2118.29,1935.26575,1.0945731871708058,0
2016-04-15,8841.095,2182.067,1.0756877085294194,48.46633803509507,2026.87,252.23,8.035800658129485,1.0,1.6276172491048861,1.0,1.0,0,,-0.0010053627846074997,-0.0010053627846074997,0.0,0.0,1.0,1.6043768636430853,0,0,0,2026.87,1937.54375,1.0461028299360982,0
2016-04-18,8715.85,2158.23,1.0721616098505238,43.505327864888045,1959.85,258.0,7.596317829457364,1.0,1.622281928280534,1.0,1.0,0,,-0.0032779947664515197,-0.0032779947664515197,0.0,0.0,1.0,1.5991177246806474,0,0,0,1959.85,1944.36,1.0079666316937193,0
2016-04-19,8754.504,2163.607,1.074240193885573,38.54765412090629,1782.23,193.24,9.222883460981164,1.0,1.625427022532643,1.0,1.0,0,,0.001938685377234295,0.001938685377234295,0.0,0.0,1.0,1.602217910829962,0,0,0,1782.23,1940.52225,0.9184280159632284,1
2016-04-20,8312.201,2154.886,1.0240943431419414,24.733008692711028,2687.24,482.36,5.571025789866489,1.0,1.5495516072107045,1.0,1.0,0,,-0.0466802964821601,-0.0466802964821601,0.0,0.0,1.0,1.5274259037233922,0,0,0,2687.24,1959.6094999999998,1.3713140296574395,0
2016-04-21,8198.511,2147.718,1.0134584709210241,11.602509028999187,1773.56,324.29,5.4690554750377744,1.0,1.533458526524948,1.0,1.0,0,,-0.010385637116484991,-0.010385637116484991,0.0,0.0,1.0,1.511562612565002,0,0,0,1773.56,1954.8749999999995,0.9072498241575551,1
2016-04-22,8282.424,2157.724,1.0190835648313665,1.0327901843182319,1416.05,212.9,6.651244715829027,1.0,1.5419698256721928,1.0,1.0,0,,0.005550394092843636,0.005550394092843636,0.0,0.0,1.0,1.519952380760746,0,0,0,1416.05,1936.7239999999997,0.7311573564431484,2
2016-04-25,8232.478,2148.28,1.0173910758299871,-8.381312525569873,1318.11,190.07,6.9348661019624345,0.36841132699628326,1.5405394172602076,0.36841132699628326,0.36841132699628326,0,0.21714858946453372,-0.0009276500669276397,-0.0006118557304257813,0.0003157943365018584,0.6315886730037168,0.36841132699628326,1.5185423968330065,0,0,0,1318.11,1929.9747499999999,0.6829674844191614,3
2016-04-26,8343.422,2155.791,1.0275093583769446,-14.301345914857324,1290.02,168.01,7.678233438485805,0.0,1.5402556411747061,0.3686833142398723,0.3686833142398723,0,0.21698839331782316,-0.00018420566349814163,0.0,0.00018420566349814163,0.36841132699628326,0.0,1.5182626727232478,0,0,0,1290.02,1927.6290000000001,0.669226287838583,4
2016-04-27,8323.458,2145.38,1.0300250697210214,-19.964390695819787,1502.28,157.36,9.546771733604473,0.0,1.5402556411747061,1.0,1.0,0,,0.0,0.0,0.0,0.0,0.0,1.5182626727232478,0,0,0,1502.28,1928.98325,0.7787936987011163,5
2016-04-28,8303.557,2142.057,1.0291563981835206,-23.73163842607519,1528.0,178.5,8.560224089635854,0.0,1.5402556411747061,1.0,1.0,0,,0.0,0.0,0.0,0.0,0.0,1.5182626727232478,0,0,0,1528.0,1921.3512500000002,0.7952736387997769,6
2016-04-29,8291.699,2135.509,1.030837840509404,-26.72197944224579,1224.0,170.9,7.162083089526038,0.0,1.5402556411747061,1.0,1.0,0,,0.0,0.0,0.0,0.0,0.0,1.5182626727232478,0,0,0,1224.0,1901.84975,0.6435839634545263,7
2016-05-03,8558.578,2158.272,1.052794644005828,-25.55958531135109,1762.84,272.7,6.464393105977265,0.0,1.5402556411747061,1.0,1.0,0,,0.0,0.0,0.0,0.0,0.0,1.5182626727232478,0,0,0,1762.84,1901.7239999999997,0.9269694235335938,8
2016-05-04,8565.114,2152.934,1.0562109404184046,-21.90652766387061,1822.19,181.44,10.04293430335097,0.0,1.5402556411747061,1.0,1.0,0,,0.0,0.0,0.0,0.0,0.0,1.5182626727232478,0,0,0,1822.19,1912.22075,0.9529182234843964,9
2016-05-05,8628.741,2152.882,1.0640828338349801,-16.200614593179964,1597.25,147.88,10.800987286989452,0.0,1.5402556411747061,1.0,1.0,0,,0.0,0.0,0.0,0.0,0.0,1.5182626727232478,0,0,0,1597.25,1910.8445,0.8358869599279272,10
2016-05-06,8276.033,2107.009,1.0428072775231392,-14.658860021371325,2232.16,253.67,8.79946387038278,0.0,1.5402556411747061,1.0,1.0,0,,0.0,0.0,0.0,0.0,0.0,1.5182626727232478,0,0,0,2232.16,1933.661,1.154369871451097,0
2016-05-09,7918.148,2072.467,1.0143415632733184,-17.47968615006152,1628.54,229.41,7.098818708861863,0.0,1.5402556411747061,1.0,1.0,0,,0.0,0.0,0.0,0.0,0.0,1.5182626727232478,0,0,0,1628.54,1945.364,0.8371389621685196,1
2016-05-10,7898.662,2072.382,1.0118868421574858,-18.867939283143624,1069.24,172.41,6.201728438025636,0.0,1.5402556411747061,1.0,1.0,0,,0.0,0.0,0.0,0.0,0.0,1.5182626727232478,0,0,0,1069.24,1947.78425,0.5489519693980481,2
2016-05-11,7823.98,2078.413,0.9994109691749865,-21.86405816491926,1164.25,180.33,6.456219153773636,0.0,1.5402556411747061,1.0,1.0,0,,0.0,0.0,0.0,0.0,0.0,1.5182626727232478,0,0,0,1164.25,1936.3567500000001,0.6012580068213152,3
2016-05-12,7821.912,2084.838,0.9960676643827822,-23.862139805815087,1207.34,174.43,6.921630453477039,0.0,1.5402556411747061,1.0,1.0,0,,0.0,0.0,0.0,0.0,0.0,1.5182626727232478,0,0,0,1207.34,1931.8059999999998,0.6249799410499812,4
2016-05-13,7806.957,2076.188,0.9983052179051857,-23.616490549871457,1154.94,151.36,7.63041754756871,0.0,1.5402556411747061,1.0,1.0,0,,0.0,0.0,0.0,0.0,0.0,1.5182626727232478,0,0,0,1154.94,1929.3197499999999,0.5986254999981212,5
2016-05-16,7961.146,2082.616,1.0148798229167932,-19.68224986142607,1215.46,132.53,9.171206519278654,0.0,1.5402556411747061,1.0,1.0,0,,0.0,0.0,0.0,0.0,0.0,1.5182626727232478,0,0,0,1215.46,1912.2550000000003,0.6356160658489584,6
2016-05-17,7961.502,2075.465,1.0184221231084853,-14.913174929263185,1512.56,137.98,10.962168430207276,0.0,1.5402556411747061,1.0,1.0,0,,0.0,0.0,0.0,0.0,0.0,1.5182626727232478,0,0,0,1512.56,1885.24375,0.8023153504686065,7
2016-05-18,7711.955,2078.759,0.9849372770598368,-16.146095369594132,1342.89,224.37,5.985158443642199,0.0,1.5402556411747061,1.0,1.0,0,,0.0,0.0,0.0,0.0,0.0,1.5182626727232478,0,0,0,1342.89,1849.6779999999999,0.7260128519666668,8
2016-05-19,7767.315,2073.804,0.9943778474965335,-18.83739782841225,1258.79,133.51,9.428432327166504,0.0,1.5402556411747061,1.0,1.0,0,,0.0,0.0,0.0,0.0,0.0,1.5182626727232478,0,0,0,1258.79,1820.7395000000001,0.6913619438695101,9
2016-05-20,7860.128,2083.117,1.0017611514783549,-20.06125606269975,1241.2,136.62,9.08505343287952,0.0,1.5402556411747061,1.0,1.0,0,,0.0,0.0,0.0,0.0,0.0,1.5182626727232478,0,0,0,1241.2,1795.10925,0.6914342400051696,10
2016-05-23,7995.581,2082.412,1.0193694171739978,-17.191806756283423,1423.34,143.71,9.904251617841483,0.0,1.5402556411747061,1.0,1.0,0,,0.0,0.0,0.0,0.0,0.0,1.5182626727232478,0,0,0,1423.34,1767.73625,0.8051766772333825,11
2016-05-24,7913.675,2066.643,1.0166254547450049,-14.912639851202997,1270.17,120.05,10.580341524364847,0.0,1.5402556411747061,1.0,1.0,0,,0.0,0.0,0.0,0.0,0.0,1.5182626727232478,0,0,0,1270.17,1751.7517500000001,0.7250856178679428,12
2016-05-25,7889.73,2071.907,1.0109742959992827,-12.978180892504092,1266.8,110.49,11.465290976558965,0.0,1.5402556411747061,1.0,1.0,0,,0.0,0.0,0.0,0.0,0.0,1.5182626727232478,0,0,0,1266.8,1729.4395,0.7324916540879285,13
2016-05-26,7929.468,2076.137,1.0139960724398742,-10.336156681531518,1338.76,123.58,10.833144521767275,0.0,1.5402556411747061,1.0,1.0,0,,0.0,0.0,0.0,0.0,0.0,1.5182626727232478,0,0,0,1338.76,1718.01125,0.7792498448424013,14
2016-05-27,7912.864,2074.92,1.0124662961701825,-8.13245927438535,1251.33,97.5,12.834153846153846,0.0,1.5402556411747061,1.0,1.0,0,,0.0,0.0,0.0,0.0,0.0,1.5182626727232478,0,0,0,1251.33,1696.45475,0.7376147227033316,15
2016-05-30,7867.597,2092.161,0.998378532857165,-8.223847499521433,1067.0,159.16,6.70394571500377,0.0,1.5402556411747061,1.0,1.0,0,,0.0,0.0,0.0,0.0,0.0,1.5182626727232478,0,0,0,1067.0,1664.14975,0.6411682602482138,16
2016-05-31,8197.557,2155.656,1.009609011248976,-4.32895376218571,1942.39,405.08,4.795077515552484,0.0,1.5402556411747061,1.0,1.0,0,,0.0,0.0,0.0,0.0,0.0,1.5182626727232478,0,0,0,1942.39,1665.3627499999998,1.1663464911773729,0
2016-06-01,8270.517,2138.963,1.0265441131777,2.5870648057298253,2151.19,257.63,8.349920428521523,0.0,1.5402556411747061,1.0,1.0,0,,0.0,0.0,0.0,0.0,0.0,1.5182626727232478,0,0,0,2151.19,1660.37375,1.2956058839161966,0
2016-06-02,8369.432,2137.652,1.0394586317621823,11.999581470521159,1944.9,165.75,11.733936651583711,1.0,1.5588628200352992,1.0,1.0,0,,0.012080578290498412,0.012580578290498412,0.0005,1.0,1.0,1.5366041638066223,0,0,0,1944.9,1647.2072500000002,1.180725740491975,0
2016-06-03,8391.763,2152.637,1.0349768591505688,17.885360588526716,2120.66,226.72,9.35365208186309,1.0,1.5521415629514528,1.0,1.0,0,,-0.004311641151140022,-0.004311641151140022,0.0,0.0,1.0,1.5299788780609407,0,0,0,2120.66,1638.9755,1.2938936549082032,0
2016-06-06,8422.472,2136.323,1.0466967844940425,21.88000320642085,1786.24,149.38,11.95769179274334,1.0,1.569717785143728,1.0,1.0,0,,0.011323852547865165,0.011323852547865165,0.0,0.0,1.0,1.5473041332774509,0,0,0,1786.24,1632.5117500000001,1.094166703547463,0
2016-06-07,8434.669,2139.069,1.0468669298368054,24.7272633025522,1697.28,142.01,11.951834377860717,1.0,1.5699729499388733,1.0,1.0,0,,0.00016255456717129135,0.00016255456717129135,0.0,0.0,1.0,1.5475556546311182,0,0,0,1697.28,1619.2665,1.0481782955430745,0
2016-06-08,8431.892,2132.963,1.0495181261477278,25.636651436828664,1821.33,169.14,10.768180205746718,1.0,1.5739489151494417,1.0,1.0,0,,0.0025325055509544114,0.0025325055509544114,0.0,0.0,1.0,1.5514748479168825,0,0,0,1821.33,1612.99875,1.1291577256336993,0
2016-06-13,8000.819,2084.3,1.019113248369861,19.60481025742647,2166.97,215.49,10.056011879901618,1.0,1.5283511086881278,1.0,1.0,0,,-0.02897032173181069,-0.02897032173181069,0.0,0.0,1.0,1.5065281224139184,0,0,0,2166.97,1602.11275,1.3525702232879675,0
2016-06-14,8038.589,2095.023,1.0186834714119313,13.611572270067915,1482.21,151.76,9.766802846599896,1.0,1.527706577679242,1.0,1.0,0,,-0.0004217165841159387,-0.0004217165841159387,0.0,0.0,1.0,1.5058927945202594,0,0,0,1482.21,1586.21075,0.9344344690640888,1
2016-06-15,8340.539,2106.631,1.0511238178039115,15.505416435443005,2090.26,197.89,10.562736874020922,1.0,1.5763569503966184,1.0,1.0,0,,0.03184536443593888,0.03184536443593888,0.0,0.0,1.0,1.5538484993632116,0,0,0,2090.26,1587.7955,1.31645416553958,0
2016-06-16,8358.034,2094.815,1.05927003942876,19.22849156395412,2295.88,171.59,13.380033801503584,1.0,1.5885737348137294,1.0,1.0,0,,0.007750011451427508,0.007750011451427508,0.0,0.0,1.0,1.56589084302706,0,0,0,2295.88,1596.19625,1.438344439162791,0
2016-06-17,8414.508,2102.201,1.062680520119062,18.622358326527525,2163.22,167.78,12.89319346763619,1.0,1.5936883891002087,1.0,1.0,0,,0.00321965180110384,0.00321965180110384,0.0,0.0,1.0,1.570932466300144,0,0,0,2163.22,1605.721,1.347195434325141,0
2016-06-20,8457.932,2104.22,1.0671396961831412,19.070051839132812,1891.92,117.99,16.034579201627256,1.0,1.6003757584306262,1.0,1.0,0,,0.0041961586569587705,0.0041961586569587705,0.0,0.0,1.0,1.577524348168107,0,0,0,1891.92,1585.838,1.1930096264561703,0
2016-06-21,8350.762,2104.558,1.0534488116206258,16.921505545844475,2127.3,181.05,11.749792874896436,1.0,1.5798437138972912,1.0,1.0,0,,-0.012829514834359457,-0.012829514834359457,0.0,0.0,1.0,1.557285476141721,0,0,0,2127.3,1594.6815000000001,1.3339967887004396,0
2016-06-22,8513.543,2115.769,1.0682928325484495,19.18719579786644,1834.98,127.88,14.34923365655302,1.0,1.6021051022942316,1.0,1.0,0,,0.01409088013017712,0.01409088013017712,0.0,0.0,1.0,1.5792289991144997,0,0,0,1834.98,1605.15475,1.1431794971793219,0
2016-06-23,8495.78,2105.532,1.071247057026928,21.043919985595732,2064.46,140.36,14.708321459105155,1.0,1.6065355149733116,1.0,1.0,0,,0.00276536955829898,0.00276536955829898,0.0,0.0,1.0,1.5835961509142338,0,0,0,2064.46,1623.8135,1.2713652152787251,0
2016-06-24,8428.823,2076.3,1.0777674430354827,22.464454656871027,2444.38,216.19,11.30662842869698,1.0,1.6163140545038197,1.0,1.0,0,,0.006086724780977271,0.006086724780977271,0.0,0.0,1.0,1.5932350648490636,0,0,0,2444.38,1652.6725,1.4790468165955446,0
2016-06-27,8646.161,2095.893,1.095222712200158,26.34590410799992,2200.34,176.95,12.434812093811813,1.0,1.6424914984954018,1.0,1.0,0,,0.01619576586532756,0.01619576586532756,0.0,0.0,1.0,1.619038726927789,0,0,0,2200.34,1670.1240000000003,1.3174710380786097,0
2016-06-28,8730.197,2102.053,1.102626973158472,30.39491440221862,2472.43,183.16,13.498744267307272,1.0,1.6535955739872634,1.0,1.0,0,,0.0067605071332383915,0.0067605071332383915,0.0,0.0,1.0,1.6299842497901735,0,0,0,2472.43,1693.73475,1.459750412512939,0
2016-06-29,8745.815,2122.97,1.0937162372659466,29.29857538765304,2316.82,271.66,8.528381064566002,1.0,1.6402322572976293,1.0,1.0,0,,-0.008081369410908312,-0.008081369410908312,0.0,0.0,1.0,1.616811744933657,0,0,0,2316.82,1721.0552500000001,1.346162477933233,0
2016-06-30,8741.099,2122.633,1.0933000237004562,27.90929203688895,2089.04,203.6,10.260510805500983,1.0,1.63960806713497,1.0,1.0,0,,-0.00038054986413182945,-0.00038054986413182945,0.0,0.0,1.0,1.6161964674437956,0,0,0,2089.04,1729.21025,1.2080890684056493,0
2016-07-01,8710.517,2127.094,1.0871900785075246,26.331652302899,1876.54,161.84,11.595032130499256,1.0,1.630445060447953,1.0,1.0,0,,-0.005588534766743591,-0.005588534766743591,0.0,0.0,1.0,1.6071642972955977,0,0,0,1876.54,1730.569,1.0843485581909764,0
2016-07-04,8874.071,2163.292,1.089070477121947,26.14302001162379,2173.11,316.52,6.865632503475295,0.4276540657345845,1.6311844597866085,0.4276540657345845,0.4276540657345845,0,0.18706708625015273,0.00045349540232422693,0.0007396683694569347,0.0002861729671327078,0.5723459342654156,0.4276540657345845,1.6078931389152011,0,0,0,2173.11,1744.9654999999998,1.2453598652810043,0
2016-07-05,8914.84,2168.855,1.0912676107761023,24.79128017808132,2405.7,299.37,8.035875338210241,0.4276540657345845,1.6325917905192289,0.4350289877769809,0.4276540657345845,1,0.1838957914248516,0.0008627661477380937,0.0008627661477380937,0.0,0.0,0.4276540657345845,1.6092803746846374,0,0,0,2405.7,1749.304,1.3752326639623529,0
2016-07-06,8947.137,2167.101,1.0961075398609263,24.982538161076576,2188.62,237.25,9.22495258166491,0.4276540657345845,1.635688339446872,0.43872967693163184,0.4276540657345845,1,0.18234462860935338,0.0018967073983988687,0.0018967073983988687,0.0,0.0,0.4276540657345845,1.6123327086773998,0,0,0,2188.62,1763.306,1.2412026046528508,0
2016-07-07,8954.276,2166.884,1.0970919897531766,24.510567256822466,2569.85,264.5,9.715879017013233,0.4276540657345845,1.6363165910616744,0.4447137767518033,0.4276540657345845,1,0.17989098647746268,0.000384090049217456,0.000384090049217456,0.0,0.0,0.4276540657345845,1.6129519896268305,0,0,0,2569.85,1800.8212500000002,1.4270433559133089,0
2016-07-08,8939.259,2148.761,1.1044896176064263,25.636494745387495,2094.52,200.97,10.422053042742698,0.4276540657345845,1.6410351498987972,0.4449419244478191,0.4276540657345845,1,0.1797987458684219,0.0028836466383693415,0.0028836466383693415,0.0,0.0,0.4276540657345845,1.617603173209569,0,0,0,2094.52,1824.078,1.1482623001867245,0
2016-07-11,8874.996,2155.716,1.093011801591497,20.117784877354563,2260.31,296.98,7.610983904640042,0.4276540657345845,1.6337421180554732,0.443462855794485,0.4276540657345845,1,0.18039842335087153,-0.004444165527943594,-0.004444165527943594,0.0,0.0,0.4276540657345845,1.6104142769492988,0,0,0,2260.31,1850.4022499999999,1.2215235903436672,0
2016-07-12,8943.065,2200.348,1.079054163388596,11.273502142055618,2243.66,400.16,5.606907237105157,0.5356370615801959,1.6224790725435192,0.5356370615801959,0.5356370615801959,0,0.14935486309328572,-0.006894016740756866,-0.00684002524283406,5.3991497922805694e-05,0.10798299584561138,0.5356370615801959,1.5993120539644565,0,0,0,2243.66,1877.62025,1.1949487655983684,0
2016-07-13,9023.237,2197.788,1.089995731008966,8.0447761572006,2241.0,418.18,5.358936343201492,0.5356370615801959,1.6312913066603143,0.5034828177907812,0.5356370615801959,1,0.15889320781795468,0.0054313391561842585,0.0054313391561842585,0.0,0.0,0.5356370615801959,1.607998460146111,0,0,0,2241.0,1903.2587499999997,1.1774541953373394,0
2016-07-14,9042.763,2195.227,1.0936288120329334,6.095182105398173,1961.95,236.6,8.292265426880812,0.6430601117400564,1.6347001862871635,0.6430601117400564,0.6430601117400564,0,0.12440516607930789,0.0020896817220390817,0.002143393247119012,5.371152507993027e-05,0.10742305015986053,0.6430601117400564,1.6113586651373453,0,0,0,1961.95,1914.4934999999998,1.0247880183453222,0
2016-07-15,8982.886,2192.394,1.0877911311210828,3.2544971196554804,1851.98,213.78,8.663018055945365,0.6430601117400564,1.6290889301535265,0.6516744957257194,0.6430601117400564,1,0.12276067350297358,-0.0034325903800021523,-0.0034325903800021523,0.0,0.0,0.6430601117400564,1.605827530884662,0,0,0,1851.98,1927.22075,0.960958935295814,1
2016-07-18,8937.855,2187.983,1.0845200658340044,0.13030105049073484,1775.43,284.42,6.242282539905773,0.6430601117400564,1.625938716112537,0.6408729871833894,0.6430601117400564,1,0.12482972695041608,-0.0019337274857626765,-0.0019337274857626765,0.0,0.0,0.6430601117400564,1.6027222980507958,0,0,0,1775.43,1940.1367500000001,0.9151055975822323,2
2016-07-19,8996.833,2175.397,1.0979924761727182,-2.0829937935690928,1654.6,213.48,7.750608956342514,0.6430601117400564,1.638927349366265,0.6393514408616162,0.6430601117400564,1,0.12512680020270028,0.007988390414112635,0.007988390414112635,0.0,0.0,0.6430601117400564,1.6155254694930294,0,0,0,1654.6,1950.4717500000002,0.8483075953291811,3
2016-07-20,8997.89,2167.121,1.1023150814648999,-2.5258552339173637,1734.24,146.89,11.80638573081898,0.0,1.6384003849640565,0.6613385108821584,0.6613385108821584,0,0.12096679489190508,-0.0003215300558700282,0.0,0.0003215300558700282,0.6430601117400564,0.0,1.615006029498564,0,0,0,1734.24,1958.2442499999997,0.8856096475197107,4
2016-07-21,9007.554,2177.778,1.0980990061385671,-3.814229660231037,1870.59,189.97,9.84676527872822,0.0,1.6384003849640565,1.0,1.0,0,,0.0,0.0,0.0,0.0,0.0,1.615006029498564,0,0,0,1870.59,1973.25475,0.9479718723596129,5
2016-07-22,8931.966,2157.232,1.0992549695014346,-4.465070960385249,1812.49,177.97,10.184244535595887,0.0,1.6384003849640565,1.0,1.0,0,,0.0,0.0,0.0,0.0,0.0,1.615006029498564,0,0,0,1812.49,1986.8969999999997,0.912221418624116,6
2016-07-25,8925.341,2159.554,1.09725856582567,-4.106271999514217,1665.98,138.23,12.052231787600377,0.0,1.6384003849640565,1.0,1.0,0,,0.0,0.0,0.0,0.0,0.0,1.615006029498564,0,0,0,1665.98,1995.0775,0.835045255134199,7
2016-07-26,9035.557,2182.505,1.0991270924629621,-2.9785882834797657,1566.92,193.33,8.104898360316557,0.0,1.6384003849640565,1.0,1.0,0,,0.0,0.0,0.0,0.0,0.0,1.615006029498564,0,0,0,1566.92,2002.9672500000001,0.7822993611103726,8
2016-07-27,8602.92,2173.973,1.0506062224280972,-10.775469943206723,2614.87,374.15,6.988828010156355,0.0,1.6384003849640565,1.0,1.0,0,,0.0,0.0,0.0,0.0,0.0,1.615006029498564,0,0,0,2614.87,2041.664,1.280754325883201,0
2016-07-28,8571.565,2163.809,1.0516940825352445,-17.317546828769764,1765.73,246.29,7.169312598968696,0.0,1.6384003849640565,1.0,1.0,0,,0.0,0.0,0.0,0.0,0.0,1.615006029498564,0,0,0,1765.73,2037.2475,0.8667233608091309,1
2016-07-29,8501.09,2155.239,1.047194631583759,-23.897100065031164,1311.43,171.88,7.629916220619037,0.0,1.6384003849640565,1.0,1.0,0,,0.0,0.0,0.0,0.0,0.0,1.615006029498564,0,0,0,1311.43,2016.2535,0.6504291251075324,2
2016-08-01,8363.61,2147.558,1.033944200855158,-31.185177347608033,1280.67,185.9,6.889026358257127,0.0,1.6384003849640565,1.0,1.0,0,,0.0,0.0,0.0,0.0,0.0,1.615006029498564,0,0,0,1280.67,1999.64775,0.6404477988685757,3
2016-08-02,8445.78,2148.455,1.0436664750045024,-35.078778498535435,1018.76,123.99,8.216469070086298,0.0,1.6384003849640565,1.0,1.0,0,,0.0,0.0,0.0,0.0,0.0,1.615006029498564,0,0,0,1018.76,1972.10025,0.5165863145141836,4
2016-08-03,8482.198,2145.788,1.0494695062021095,-36.638158107465195,1208.55,140.33,8.61219981472244,0.0,1.6384003849640565,1.0,1.0,0,,0.0,0.0,0.0,0.0,0.0,1.615006029498564,0,0,0,1208.55,1957.6580000000001,0.6173448069070286,5
2016-08-04,8553.006,2143.844,1.05918989040889,-35.501962174487495,1322.69,137.68,9.606987216734456,0.0,1.6384003849640565,1.0,1.0,0,,0.0,0.0,0.0,0.0,0.0,1.615006029498564,0,0,0,1322.69,1948.29325,0.6788967728549078,6
2016-08-05,8505.364,2148.682,1.0509183839228375,-35.2039963462397,1242.99,156.11,7.962270194093907,0.0,1.6384003849640565,1.0,1.0,0,,0.0,0.0,0.0,0.0,0.0,1.615006029498564,0,0,0,1242.99,1933.83475,0.6427591602643401,7
2016-08-08,8607.398,2159.673,1.0581131613826043,-34.221372017517766,1244.32,160.58,7.7489102005231025,0.0,1.6384003849640565,1.0,1.0,0,,0.0,0.0,0.0,0.0,0.0,1.615006029498564,0,0,0,1244.32,1910.7685000000001,0.6512144197478658,8
2016-08-09,8699.388,2175.345,1.061717039924923,-32.75557183142547,1456.33,210.66,6.91317763220355,0.0,1.6384003849640565,1.0,1.0,0,,0.0,0.0,0.0,0.0,0.0,1.615006029498564,0,0,0,1456.33,1910.1215,0.7624279397933587,9
2016-08-10,8671.778,2170.103,1.060903871500631,-30.32700519825283,1435.44,169.53,8.467173951513006,0.0,1.6384003849640565,1.0,1.0,0,,0.0,0.0,0.0,0.0,0.0,1.615006029498564,0,0,0,1435.44,1893.7510000000002,0.75798771855434,10
2016-08-11,8531.692,2177.064,1.0404284103431058,-30.869779276046533,1324.13,274.52,4.823437272329886,0.0,1.6384003849640565,1.0,1.0,0,,0.0,0.0,0.0,0.0,0.0,1.615006029498564,0,0,0,1324.13,1869.45725,0.7082964855173876,11
2016-08-12,8615.053,2222.488,1.0291217553600467,-33.01885813435534,1143.64,334.0,3.424071856287425,0.0,1.6384003849640565,1.0,1.0,0,,0.0,0.0,0.0,0.0,0.0,1.615006029498564,0,0,0,1143.64,1843.9677499999998,0.6202060746452861,12
2016-08-15,8807.832,2287.656,1.0221780092549828,-35.13997789204653,1952.77,701.55,2.7835079466894737,0.0,1.6384003849640565,1.0,1.0,0,,0.0,0.0,0.0,0.0,0.0,1.615006029498564,0,0,0,1952.77,1845.489,1.0581314762645564,0
2016-08-16,8877.066,2257.699,1.0438825517746664,-31.695286794440992,1916.06,600.87,3.188809559472099,0.0,1.6384003849640565,1.0,1.0,0,,0.0,0.0,0.0,0.0,0.0,1.615006029498564,0,0,0,1916.06,1840.2079999999999,1.041219253475694,0
2016-08-17,8911.748,2253.736,1.0498036676749438,-26.718099234061818,1780.17,326.74,5.4482769174267,0.0,1.6384003849640565,1.0,1.0,0,,0.0,0.0,0.0,0.0,0.0,1.615006029498564,0,0,0,1780.17,1838.83775,0.9680952003514177,1
2016-08-18,8908.325,2244.72,1.0536153936212975,-21.1980297999215,1821.7,374.32,4.866691600769395,0.0,1.6384003849640565,1.0,1.0,0,,0.0,0.0,0.0,0.0,0.0,1.615006029498564,0,0,0,1821.7,1832.76875,0.9939606401516832,2
2016-08-19,8923.363,2249.342,1.0532253368172224,-15.69945131615844,1569.97,287.54,5.460005564443208,0.0,1.6384003849640565,1.0,1.0,0,,0.0,0.0,0.0,0.0,0.0,1.615006029498564,0,0,0,1569.97,1810.9085000000002,0.8669515881117129,3
2016-08-22,8810.843,2237.128,1.0456223543962853,-11.613667901280305,1602.25,249.05,6.433447098976109,0.0,1.6384003849640565,1.0,1.0,0,,0.0,0.0,0.0,0.0,0.0,1.615006029498564,0,0,0,1602.25,1795.95625,0.8921431131743883,4
2016-08-23,8820.21,2241.952,1.044481724691513,-7.802378773088759,1380.74,219.68,6.285233066278223,0.0,1.6384003849640565,1.0,1.0,0,,0.0,0.0,0.0,0.0,0.0,1.615006029498564,0,0,0,1380.74,1768.664,0.7806683462771901,5
2016-08-24,8850.511,2232.213,1.052642604128406,-6.6492048216320025,1374.89,181.6,7.570980176211455,0.0,1.6384003849640565,1.0,1.0,0,,0.0,0.0,0.0,0.0,0.0,1.615006029498564,0,0,0,1374.89,1745.1157499999997,0.7878503188112309,6
2016-08-25,8784.584,2222.152,1.0495319597972548,-6.043441572245038,1511.54,211.01,7.163357186863182,0.0,1.6384003849640565,1.0,1.0,0,,0.0,0.0,0.0,0.0,0.0,1.615006029498564,0,0,0,1511.54,1730.6782500000002,0.8733801329045418,7
2016-08-26,8814.464,2219.308,1.0544513811849978,-4.997534417355349,1476.95,163.59,9.028363591906595,0.0,1.6384003849640565,1.0,1.0,0,,0.0,0.0,0.0,0.0,0.0,1.615006029498564,0,0,0,1476.95,1720.6885000000002,0.8583482716366152,8
2016-08-29,8836.993,2214.259,1.059556994439282,-4.26532943207802,1295.88,203.37,6.372031273049123,0.0,1.6384003849640565,1.0,1.0,0,,0.0,0.0,0.0,0.0,0.0,1.615006029498564,0,0,0,1295.88,1698.7577500000002,0.7628397868972194,9
2016-08-30,8838.464,2224.062,1.0550623799141494,-3.5907118207457884,1250.3,203.54,6.142772919327896,0.0,1.6384003849640565,1.0,1.0,0,,0.0,0.0,0.0,0.0,0.0,1.615006029498564,0,0,0,1250.3,1669.8727499999998,0.7487396869012924,10
2016-08-31,8838.38,2232.712,1.0509648560286309,-3.1239632478610546,1222.79,190.08,6.433028198653198,0.0,1.6384003849640565,1.0,1.0,0,,0.0,0.0,0.0,0.0,0.0,1.615006029498564,0,0,0,1222.79,1645.727,0.743009016683812,11
2016-09-01,8770.751,2220.403,1.0487046810088712,-2.134699180463342,1323.88,195.69,6.765189841075171,0.0,1.6384003849640565,1.0,1.0,0,,0.0,0.0,0.0,0.0,0.0,1.615006029498564,0,0,0,1323.88,1614.57775,0.8199543193259043,12
2016-09-02,8724.942,2229.893,1.0387875950356673,-3.529990660119272,1246.13,207.85,5.995333172961271,0.0,1.6384003849640565,1.0,1.0,0,,0.0,0.0,0.0,0.0,0.0,1.615006029498564,0,0,0,1246.13,1593.368,0.7820729423460244,13
2016-09-05,8761.962,2228.718,1.0437451610650623,-3.1715687236291816,1177.45,176.15,6.684359920522282,0.0,1.6384003849640565,1.0,1.0,0,,0.0,0.0,0.0,0.0,0.0,1.615006029498564,0,0,0,1177.45,1566.2965,0.7517414486976125,14
2016-09-06,8906.868,2232.451,1.0592325329351653,0.19499039088837816,1575.54,209.77,7.510797540163035,0.0,1.6384003849640565,1.0,1.0,0,,0.0,0.0,0.0,0.0,0.0,1.615006029498564,0,0,0,1575.54,1549.5935000000002,1.0167440686864004,0
2016-09-07,8897.797,2236.546,1.056216356491338,2.729829834828641,1717.22,229.32,7.48831327402756,1.0,1.6329158214136417,1.0,1.0,0,,-0.0033475111460836145,-0.0028475111460836144,0.0005,1.0,1.0,1.6095997788138254,0,0,0,1717.22,1536.4990000000003,1.1176186902822585,0
2016-09-08,8938.431,2236.626,1.061001879378047,3.9615977874727797,1419.44,142.13,9.98691338915078,1.0,1.6403142639651307,1.0,1.0,0,,0.004530816870329524,0.004530816870329524,0.0,0.0,1.0,1.6168925806461538,0,0,0,1419.44,1522.93625,0.9320416399570238,1
2016-09-09,8872.314,2229.31,1.0566098858375974,2.9583895737206105,1449.99,182.64,7.939060446780553,1.0,1.6335242197704258,1.0,1.0,0,,-0.00413947762564193,-0.00413947762564193,0.0,0.0,1.0,1.6101994899855026,0,0,0,1449.99,1512.8865,0.9584261608521194,2
2016-09-12,8587.399,2199.976,1.0363153463058694,-2.432169401860088,1513.19,344.31,4.394847666347188,1.0,1.6021487591595438,1.0,1.0,0,,-0.019207220946679038,-0.019207220946679038,0.0,0.0,1.0,1.579272032613121,0,0,0,1513.19,1506.3305,1.0045537815240413,0
2016-09-13,8656.68,2193.193,1.0479070039231853,-3.202691835639108,1156.39,144.8,7.986118784530387,0.0,1.6013476847799641,1.0,1.0,0,,-0.0005,0.0,0.0005,1.0,0.0,1.5784823965968147,0,0,0,1156.39,1493.87525,0.7740873945130291,1
2016-09-14,8618.149,2176.523,1.0512329568699892,-2.7034781149587266,1086.17,166.83,6.510639573218247,0.0,1.6013476847799641,1.0,1.0,0,,0.0,0.0,0.0,0.0,0.0,1.5784823965968147,0,0,0,1086.17,1477.6735,0.7350541239319782,2
2016-09-19,8716.486,2189.461,1.0569451581426303,-0.8549070871053759,1030.63,129.64,7.949938290651035,0.0,1.6013476847799641,1.0,1.0,0,,0.0,0.0,0.0,0.0,0.0,1.5784823965968147,0,0,0,1030.63,1456.6745,0.7075225110345517,3
2016-09-20,8712.283,2184.207,1.0589767124914018,1.1564731501803704,1054.41,109.17,9.658422643583403,0.0,1.6013476847799641,1.0,1.0,0,,0.0,0.0,0.0,0.0,0.0,1.5784823965968147,0,0,0,1054.41,1437.7225,0.7333890928186768,4
2016-09-21,8731.999,2187.154,1.0599430812178245,2.442937381181106,1004.86,124.99,8.039523161852948,1.0,1.6020083200527295,1.0,1.0,0,,0.00030941216531756054,0.0006844121653175606,0.000375,0.75,0.75,1.5789707982530614,0,0,1,1004.86,1421.1945,0.7070531162342663,5
2016-09-22,8770.095,2200.698,1.0580156197537995,3.0865132187448174,1207.56,159.95,7.549609252891528,1.0,1.5990951359802401,1.0,1.0,0,,-0.001363843138027565,-0.001363843138027565,0.0,0.0,0.75,1.576817329764718,0,0,1,1207.56,1412.2105000000001,0.8550849891004209,6
2016-09-23,8729.611,2196.29,1.0552453271863824,3.8950029060195797,1187.54,110.67,10.730459925905846,1.0,1.5949080887504177,1.0,1.0,0,,-0.001963788990229004,-0.001963788990229004,0.0,0.0,0.75,1.5737207932529236,0,0,1,1187.54,1376.5272499999999,0.8627072221054832,7
2016-09-26,8544.176,2167.264,1.0466623421856518,2.811333303840104,1262.22,163.07,7.740356901943951,1.0,1.5819356814337342,1.0,1.0,0,,-0.0061002295719343735,-0.0061002295719343735,0.0,0.0,0.75,1.5641207351319542,0,0,1,1262.22,1363.9395,0.9254222786274612,8
2016-09-27,8604.099,2176.448,1.0495553185492863,2.8663086522893972,1045.31,122.87,8.507446895092373,1.0,1.5863081541507913,1.0,1.0,0,,0.002073001182210321,0.002073001182210321,0.0,0.0,0.75,1.5673631592650024,0,0,1,1045.31,1357.2865000000002,0.7701469070826239,9
2016-09-28,8592.126,2166.723,1.052799024940493,4.071727338550585,946.9,93.4,10.138115631691647,1.0,1.5912107236553263,1.0,1.0,0,,0.002317914787729025,0.002317914787729025,0.0,0.0,0.75,1.5709961735096043,0,0,1,946.9,1348.9422499999998,0.7019574040326783,10
2016-09-29,8618.606,2175.37,1.0518459103201252,4.643019479369966,945.88,115.24,8.207913918778202,1.0,1.5897701769138552,1.0,1.0,0,,-0.0006789861581761314,-0.0006789861581761314,0.0,0.0,0.75,1.5699294888532436,0,0,1,945.88,1347.1202500000002,0.7021496410583984,11
2016-09-30,8661.019,2177.352,1.056059960416111,5.5541199085624235,895.22,96.56,9.27112676056338,1.0,1.5961393333662297,1.0,1.0,0,,0.0030047533968424744,0.0030047533968424744,0.0,0.0,0.75,1.5746467398176784,0,0,1,895.22,1339.287,0.6684302916402534,12
2016-10-10,8842.818,2202.873,1.0657355600726124,7.871227123617228,1356.18,175.71,7.71828581184907,1.0,1.6107631291396833,1.0,1.0,0,,0.006871484588353127,0.006871484588353127,0.0,0.0,0.75,1.585466900622436,0,0,1,1356.18,1340.12425,1.0119807920795403,0
2016-10-11,8903.459,2209.228,1.069957320766676,9.496566525077885,1363.7,193.25,7.056662354463131,1.0,1.617143939465263,1.0,1.0,0,,0.003836358569827489,0.003961358569827489,0.000125,0.25,1.0,1.591549320153817,0,0,0,1363.7,1343.142,1.0153059021309734,0
2016-10-12,8915.441,2200.997,1.0754039071761048,11.867611434589358,1322.39,136.32,9.700630868544602,1.0,1.6253759633337201,1.0,1.0,0,,0.005090470716650808,0.005090470716650808,0.0,0.0,1.0,1.5996510553621655,0,0,0,1322.39,1345.09375,0.9831210649815302,1
2016-10-13,8929.511,2202.117,1.0765532523127679,15.367553956099902,1358.01,162.09,8.37812326485286,1.0,1.6271130947931103,1.0,1.0,0,,0.0010687567052654057,0.0010687567052654057,0.0,0.0,1.0,1.6013606931536686,0,0,0,1358.01,1342.63575,1.0114507974333322,0
2016-10-14,8913.695,2209.815,1.0709028709986266,16.843228547272826,1292.99,194.5,6.647763496143959,1.0,1.6185730533162372,1.0,1.0,0,,-0.005248585057917476,-0.005248585057917476,0.0,0.0,1.0,1.5929558153472458,0,0,0,1292.99,1339.0745000000002,0.9655848124954959,1
2016-10-17,8832.094,2192.885,1.0692913560227673,18.213777099563504,1403.09,200.75,6.989240348692404,1.0,1.616137393850212,1.0,1.0,0,,-0.0015048189891923025,-0.0015048189891923025,0.0,0.0,1.0,1.590558705187367,0,0,0,1403.09,1341.0485,1.0462634274599314,0
2016-10-18,8966.691,2222.783,1.0709849490261147,19.377132104409885,1398.08,286.2,4.884975541579316,1.0,1.6186971068482234,1.0,1.0,0,,0.001583846155501334,0.001583846155501334,0.0,0.0,1.0,1.5930779054776774,0,0,0,1398.08,1347.4095,1.0376058651805558,0
2016-10-19,8954.203,2221.534,1.070094672578281,17.46499157595523,1413.09,247.76,5.703463028737488,1.0,1.6173515343341427,1.0,1.0,0,,-0.0008312688695050197,-0.0008312688695050197,0.0,0.0,1.0,1.5917536294081576,0,0,0,1413.09,1333.9175,1.0593533708044163,0
2016-10-20,8995.41,2223.424,1.0741054096582803,17.23223720770916,1526.0,166.44,9.16846911800048,1.0,1.6234134015094257,1.0,1.0,0,,0.003748020789913653,0.003748020789913653,0.0,0.0,1.0,1.5977195551035999,0,0,0,1526.0,1324.166,1.15242348768961,0
2016-10-21,8943.011,2240.75,1.0595918035665275,14.421644220312862,1474.23,311.45,4.733440359608284,1.0,1.6014773955814077,1.0,1.0,0,,-0.013512273526645968,-0.013512273526645968,0.0,0.0,1.0,1.576130731456169,0,0,0,1474.23,1316.5175,1.1197952173062644,0
2016-10-24,9000.703,2270.95,1.0522455294644653,11.051385631207175,1439.44,465.12,3.094771241830065,1.0,1.5903741651896683,1.0,1.0,0,,-0.006933117146938117,-0.006933117146938117,0.0,0.0,1.0,1.565203232456094,0,0,0,1439.44,1306.961,1.1013641570023895,0
2016-10-25,9039.48,2266.172,1.059006947555851,9.379916749344453,1481.27,299.02,4.95374891311618,1.0,1.6005934384975422,1.0,1.0,0,,0.0064257037944621676,0.0064257037944621676,0.0,0.0,1.0,1.5752607648059915,0,0,0,1481.27,1304.7435,1.135295941309537,0
2016-10-26,9000.76,2257.116,1.058701510276617,7.897294364997533,1640.77,265.77,6.173646385972834,1.0,1.600131797612048,0.9745633675236675,1.0,1,0.08208804339042344,-0.00028841857925376857,-0.00028841857925376857,0.0,0.0,1.0,1.574806430334252,0,0,0,1640.77,1305.7065,1.2566147139498807,0
2016-10-27,8997.016,2250.259,1.0614858660117479,6.863521525713433,1328.15,219.36,6.05465900802334,1.0,1.6043401000508366,0.975250721746617,1.0,1,0.08203018794666943,0.0026299723841929357,0.0026299723841929357,0.0,0.0,1.0,1.5789481277564805,0,0,0,1328.15,1304.3917500000002,1.0182140449753687,0
2016-10-28,8914.617,2253.802,1.050110883605232,3.5110465802696695,1465.75,291.62,5.026232768671559,1.0,1.5871478405997397,0.9726152073074799,1.0,1,0.08225246675040834,-0.010716094081642757,-0.010716094081642757,0.0,0.0,1.0,1.5620279710694085,0,0,0,1465.75,1306.66325,1.1217503821279124,0
2016-10-31,8910.508,2250.469,1.051181380913683,-0.25052521665395205,1324.04,205.03,6.457786665366044,0.8906955459910509,1.5885022092744037,0.8906955459910509,0.8906955459910509,0,0.08981744700540333,0.0008533349194188433,0.0009079871464233179,5.465222700447453e-05,0.10930445400894906,0.8906955459910509,1.563360904082231,0,0,0,1324.04,1301.97575,1.0169467442077933,0
2016-11-01,9006.789,2263.479,1.0564324906531306,-2.5542062102133274,1460.6,216.15,6.757344436733749,0.0,1.5877947733531048,0.9376864050870191,0.9376864050870191,0,0.08531636970099385,-0.00044534777299552546,0.0,0.00044534777299552546,0.8906955459910509,0.0,1.5626646647852096,0,0,0,1460.6,1301.567,1.1221857960443065,0
2016-11-02,8946.744,2244.744,1.058148015165676,-4.185865207157995,1621.58,218.34,7.426857195200146,0.0,1.5877947733531048,1.0,1.0,0,,0.0,0.0,0.0,0.0,0.0,1.5626646647852096,0,0,0,1621.58,1309.7095000000002,1.2381218888616137,0
2016-11-03,9004.855,2273.633,1.0514886526439329,-6.957531923667263,1816.63,414.37,4.384077032603712,0.0,1.5877947733531048,1.0,1.0,0,,0.0,0.0,0.0,0.0,0.0,1.5626646647852096,0,0,0,1816.63,1323.86775,1.3722141052231238,0
2016-11-04,8979.926,2271.926,1.0493655597098661,-9.307822758764425,1608.12,340.42,4.723929263850537,0.0,1.5877947733531048,1.0,1.0,0,,0.0,0.0,0.0,0.0,0.0,1.5626646647852096,0,0,0,1608.12,1333.501,1.2059383532520784,0
2016-11-07,8975.566,2276.954,1.046539966131048,-10.845452899665487,1520.06,244.3,6.222103970528039,0.0,1.5877947733531048,1.0,1.0,0,,0.0,0.0,0.0,0.0,0.0,1.5626646647852096,0,0,0,1520.06,1338.4055,1.1357245618013374,0
2016-11-08,9030.731,2282.418,1.050451372189729,-10.86330728043136,1504.23,308.89,4.869791835281168,0.0,1.5877947733531048,1.0,1.0,0,,0.0,0.0,0.0,0.0,0.0,1.5626646647852096,0,0,0,1504.23,1344.858,1.1185047045859118,0
2016-11-09,8967.596,2263.924,1.0516286794238103,-9.92284458041937,1884.54,369.37,5.10203860627555,0.0,1.5877947733531048,1.0,1.0,0,,0.0,0.0,0.0,0.0,0.0,1.5626646647852096,0,0,0,1884.54,1362.53525,1.383112840566877,0
2016-11-10,9083.844,2289.449,1.0533845009957916,-8.416339451447806,1823.99,346.17,5.269058555045209,0.0,1.5877947733531048,1.0,1.0,0,,0.0,0.0,0.0,0.0,0.0,1.5626646647852096,0,0,0,1823.99,1368.7465,1.3325988413486354,0
2016-11-11,9121.509,2308.429,1.0490553422768554,-7.985448629424501,1918.59,565.37,3.393512213240886,0.0,1.5877947733531048,1.0,1.0,0,,0.0,0.0,0.0,0.0,0.0,1.5626646647852096,0,0,0,1918.59,1373.78075,1.3965765643462393,0
2016-11-14,9152.165,2317.773,1.0483376229398422,-7.598109773958583,1929.35,629.28,3.065964276633613,0.0,1.5877947733531048,1.0,1.0,0,,0.0,0.0,0.0,0.0,0.0,1.5626646647852096,0,0,0,1929.35,1386.5285,1.3914968210173826,0
2016-11-15,9197.861,2310.901,1.0567049259700345,-5.480744483284911,1769.02,343.56,5.149086040284084,0.0,1.5877947733531048,1.0,1.0,0,,0.0,0.0,0.0,0.0,0.0,1.5626646647852096,0,0,0,1769.02,1394.5042500000002,1.268565513514928,0
2016-11-16,9211.949,2309.943,1.0587623563828719,-3.196321609653598,1861.84,287.05,6.486117401149625,0.0,1.5877947733531048,1.0,1.0,0,,0.0,0.0,0.0,0.0,0.0,1.5626646647852096,0,0,0,1861.84,1403.2205,1.326833523312979,0
2016-11-17,9174.439,2316.721,1.0513662035478455,-1.9246990653601987,1528.17,312.12,4.896097654748174,0.0,1.5877947733531048,1.0,1.0,0,,0.0,0.0,0.0,0.0,0.0,1.5626646647852096,0,0,0,1528.17,1412.5149999999999,1.0818787765085682,0
2016-11-18,9146.214,2307.274,1.0524232085636998,-1.6791857145361315,1486.9,323.17,4.600984002227929,0.0,1.5877947733531048,1.0,1.0,0,,0.0,0.0,0.0,0.0,0.0,1.5626646647852096,0,0,0,1486.9,1422.53325,1.0452479757503033,0
2016-11-21,9167.492,2334.678,1.0424897151353516,-3.6919301202329957,1457.09,539.72,2.6997146668642995,0.0,1.5877947733531048,1.0,1.0,0,,0.0,0.0,0.0,0.0,0.0,1.5626646647852096,0,0,0,1457.09,1433.19475,1.016672716670222,0
2016-11-22,9244.212,2353.002,1.0430276722668168,-4.571140165524993,1625.09,604.19,2.689700259852033,0.0,1.5877947733531048,1.0,1.0,0,,0.0,0.0,0.0,0.0,0.0,1.5626646647852096,0,0,0,1625.09,1447.46175,1.1227170597081408,0
2016-11-23,9180.011,2360.336,1.032565479212942,-6.912163675467702,1745.95,487.0,3.585112936344969,0.0,1.5877947733531048,1.0,1.0,0,,0.0,0.0,0.0,0.0,0.0,1.5626646647852096,0,0,0,1745.95,1465.989,1.1909707371610565,0
2016-11-24,9116.566,2368.734,1.021793691253212,-10.33961880028122,1521.87,402.57,3.78038601982264,0.0,1.5877947733531048,1.0,1.0,0,,0.0,0.0,0.0,0.0,0.0,1.5626646647852096,0,0,0,1521.87,1473.84675,1.032583611559343,0
2016-11-25,9134.815,2393.946,1.013056428661227,-15.439321364974687,1472.89,422.05,3.4898471745053903,0.0,1.5877947733531048,1.0,1.0,0,,0.0,0.0,0.0,0.0,0.0,1.5626646647852096,0,0,0,1472.89,1480.9805000000001,0.9945370651402905,1
2016-11-28,9133.91,2403.135,1.009082767586121,-19.99928915733318,1370.81,779.7,1.7581249198409643,0.0,1.5877947733531048,1.0,1.0,0,,0.0,0.0,0.0,0.0,0.0,1.5626646647852096,0,0,0,1370.81,1483.6952500000002,0.9239161478747066,2
2016-11-29,9031.29,2441.579,0.9820356125859557,-27.670229070303925,1437.07,995.48,1.4435950496243015,0.0,1.5877947733531048,1.0,1.0,0,,0.0,0.0,0.0,0.0,0.0,1.5626646647852096,0,0,0,1437.07,1493.48925,0.9622231964508615,3
2016-11-30,9014.913,2419.414,0.9892352439818299,-32.40517249358712,1251.22,732.66,1.707777140829307,0.0,1.5877947733531048,1.0,1.0,0,,0.0,0.0,0.0,0.0,0.0,1.5626646647852096,0,0,0,1251.22,1501.09725,0.8335369343991537,4
2016-12-01,9055.986,2431.306,0.9888817248550542,-36.29321203153087,1164.72,738.43,1.5772923635280258,0.0,1.5877947733531048,1.0,1.0,0,,0.0,0.0,0.0,0.0,0.0,1.5626646647852096,0,0,0,1164.72,1506.5682499999998,0.7730947469522208,5
2016-12-02,8900.414,2416.508,0.9778454094403084,-40.99279956955931,1327.94,743.94,1.7850095437804123,0.0,1.5877947733531048,1.0,1.0,0,,0.0,0.0,0.0,0.0,0.0,1.5626646647852096,0,0,0,1327.94,1517.38625,0.8751496199468,6
2016-12-05,8851.516,2375.258,0.9893617126130627,-42.12256302281958,1108.39,702.79,1.5771283029069851,0.0,1.5877947733531048,1.0,1.0,0,,0.0,0.0,0.0,0.0,0.0,1.5626646647852096,0,0,0,1108.39,1511.1915,0.733454363659404,7
2016-12-06,8871.729,2368.682,0.9943739484338328,-41.02403494180231,1001.22,406.51,2.462965240707486,0.0,1.5877947733531048,1.0,1.0,0,,0.0,0.0,0.0,0.0,0.0,1.5626646647852096,0,0,0,1001.22,1502.1295,0.666533744261064,8
2016-12-07,8969.136,2376.919,1.0018079122994992,-37.64117189545891,1089.85,344.46,3.1639377576496543,0.0,1.5877947733531048,1.0,1.0,0,,0.0,0.0,0.0,0.0,0.0,1.5626646647852096,0,0,0,1089.85,1496.316,0.7283555077938082,9
2016-12-08,8914.512,2379.001,0.9948352830609178,-34.910365214757455,1135.44,374.66,3.030587732877809,0.0,1.5877947733531048,1.0,1.0,0,,0.0,0.0,0.0,0.0,0.0,1.5626646647852096,0,0,0,1135.44,1490.75175,0.7616559900063844,10
2016-12-09,8881.343,2411.314,0.9778519488351036,-34.72612266814842,1101.86,616.93,1.7860373137957304,0.0,1.5877947733531048,1.0,1.0,0,,0.0,0.0,0.0,0.0,0.0,1.5626646647852096,0,0,0,1101.86,1485.9735,0.7415071668505527,11
2016-12-12,8397.484,2387.159,0.9339337470445056,-40.86118644509536,1662.95,715.36,2.3246337508387387,0.0,1.5877947733531048,1.0,1.0,0,,0.0,0.0,0.0,0.0,0.0,1.5626646647852096,0,0,0,1662.95,1492.4699999999998,1.1142267516264985,0
2016-12-13,8433.587,2372.931,0.9435728794969308,-42.50099506652851,1177.66,389.68,3.0221207144323547,0.0,1.5877947733531048,1.0,1.0,0,,0.0,0.0,0.0,0.0,0.0,1.5626646647852096,0,0,0,1177.66,1486.9595000000002,0.7919919809517341,1
2016-12-14,8378.056,2360.379,0.9423446019452354,-42.855044850729655,1159.05,455.75,2.543170597915524,0.0,1.5877947733531048,1.0,1.0,0,,0.0,0.0,0.0,0.0,0.0,1.5626646647852096,0,0,0,1159.05,1480.6084999999998,0.7828200364917532,2
2016-12-15,8467.708,2309.816,0.9732775780053179,-36.53788717383882,1148.97,434.41,2.644897677309454,0.0,1.5877947733531048,1.0,1.0,0,,0.0,0.0,0.0,0.0,0.0,1.5626646647852096,0,0,0,1148.97,1471.18275,0.780983871650208,3
2016-12-16,8559.991,2302.315,0.9870900981542542,-27.441351667839516,1158.73,298.64,3.880022769890169,0.0,1.5877947733531048,1.0,1.0,0,,0.0,0.0,0.0,0.0,0.0,1.5626646647852096,0,0,0,1158.73,1463.2952500000001,0.7918634328923024,4
2016-12-19,8551.326,2291.384,0.9907950252551456,-18.243182471740298,1066.5,239.99,4.443935163965165,0.0,1.5877947733531048,1.0,1.0,0,,0.0,0.0,0.0,0.0,0.0,1.5626646647852096,0,0,0,1066.5,1453.9717500000002,0.7335080616249937,5
2016-12-20,8546.191,2279.683,0.9952824918210252,-8.428569488644985,1006.66,290.79,3.461810928848997,0.0,1.5877947733531048,1.0,1.0,0,,0.0,0.0,0.0,0.0,0.0,1.5626646647852096,0,0,0,1006.66,1442.1065,0.6980483064184233,6
2016-12-21,8609.405,2297.371,0.9949247483709557,0.1363877672810347,1081.86,372.63,2.9033089123258997,0.0,1.5877947733531048,1.0,1.0,0,,0.0,0.0,0.0,0.0,0.0,1.5626646647852096,0,0,0,1081.86,1428.13375,0.7575340895066726,7
2016-12-22,8607.945,2292.041,0.9970692708523364,7.78806947855347,1060.59,272.55,3.891359383599339,0.0,1.5877947733531048,1.0,1.0,0,,0.0,0.0,0.0,0.0,0.0,1.5626646647852096,0,0,0,1060.59,1421.44475,0.7461352261493103,8
2016-12-23,8509.361,2278.478,0.9915173983192258,13.118970476132386,1056.65,324.51,3.256140026501495,0.0,1.5877947733531048,1.0,1.0,0,,0.0,0.0,0.0,0.0,0.0,1.5626646647852096,0,0,0,1056.65,1411.21725,0.7487507681754884,9
2016-12-26,8547.097,2294.709,0.9888700967211199,17.644584310697958,999.61,295.06,3.3878194265573103,0.0,1.5877947733531048,1.0,1.0,0,,0.0,0.0,0.0,0.0,0.0,1.5626646647852096,0,0,0,999.61,1403.1064999999999,0.7124263197412314,10
2016-12-27,8555.99,2286.962,0.9932522331758705,19.45275180785323,987.86,242.0,4.08206611570248,0.0,1.5877947733531048,1.0,1.0,0,,0.0,0.0,0.0,0.0,0.0,1.5626646647852096,0,0,0,987.86,1391.288,0.7100327178844351,11
2016-12-28,8521.375,2277.176,0.9934849901847659,21.818368625063876,959.48,227.79,4.212125203037886,0.0,1.5877947733531048,1.0,1.0,0,,0.0,0.0,0.0,0.0,0.0,1.5626646647852096,0,0,0,959.48,1374.7355,0.6979378942349274,12
2016-12-29,8488.297,2275.106,0.9905289232759443,23.479755232069717,915.67,239.62,3.821342125031299,0.0,1.5877947733531048,1.0,1.0,0,,0.0,0.0,0.0,0.0,0.0,1.5626646647852096,0,0,0,915.67,1352.2115,0.6771647778472525,13
2016-12-30,8490.861,2286.898,0.9857190889043193,22.338947995435657,884.98,255.1,3.4691493531948256,0.0,1.5877947733531048,1.0,1.0,0,,0.0,0.0,0.0,0.0,0.0,1.5626646647852096,0,0,0,884.98,1334.133,0.6633371635361692,14
2017-01-03,8565.136,2307.892,0.9852966627466117,22.410537525532604,922.96,254.41,3.627844817420699,0.0,1.5877947733531048,1.0,1.0,0,,0.0,0.0,0.0,0.0,0.0,1.5626646647852096,0,0,0,922.96,1319.2055,0.6996332262107762,15
2017-01-04,8669.949,2322.206,0.9912062465495703,23.97088711985911,1246.07,271.83,4.584004708825369,0.0,1.5877947733531048,1.0,1.0,0,,0.0,0.0,0.0,0.0,0.0,1.5626646647852096,0,0,0,1246.07,1312.7515,0.9492047809505454,16
2017-01-05,8670.761,2322.684,0.9910950740118225,26.356387183719576,1272.15,265.66,4.788639614544907,0.0,1.5877947733531048,1.0,1.0,0,,0.0,0.0,0.0,0.0,0.0,1.5626646647852096,0,0,0,1272.15,1297.44175,0.9805064466285289,17
2017-01-06,8609.899,2308.936,0.9899981706589972,27.899610206102818,1288.57,272.87,4.722285337340125,0.0,1.5877947733531048,1.0,1.0,0,,0.0,0.0,0.0,0.0,0.0,1.5626646647852096,0,0,0,1288.57,1284.05625,1.0035152276234003,0
2017-01-09,8653.847,2318.337,0.9910164796474813,28.46581397760484,1201.1,259.04,4.636735639283508,0.0,1.5877947733531048,1.0,1.0,0,,0.0,0.0,0.0,0.0,0.0,1.5626646647852096,0,0,0,1201.1,1266.1190000000001,0.9486470071138651,1
2017-01-10,8609.553,2312.599,0.9883903593383092,22.03869706934891,1166.93,232.35,5.022293953088014,0.0,1.5877947733531048,1.0,1.0,0,,0.0,0.0,0.0,0.0,0.0,1.5626646647852096,0,0,0,1166.93,1247.0585,0.935745997481273,2
2017-01-11,8519.845,2300.475,0.9832464931156503,15.943796117356351,1119.44,250.73,4.464723008814262,0.0,1.5877947733531048,1.0,1.0,0,,0.0,0.0,0.0,0.0,0.0,1.5626646647852096,0,0,0,1119.44,1230.819,0.9095082217612827,3
2017-01-12,8443.261,2295.403,0.9765612779756134,8.292854832162988,1044.85,212.07,4.926910925637761,0.0,1.5877947733531048,1.0,1.0,0,,0.0,0.0,0.0,0.0,0.0,1.5626646647852096,0,0,0,1044.85,1210.39425,0.8632311331617776,4
2017-01-13,8286.241,2308.055,0.9531464550536211,0.3440687866019403,1047.93,269.33,3.890877362343594,0.0,1.5877947733531048,1.0,1.0,0,,0.0,0.0,0.0,0.0,0.0,1.5626646647852096,0,0,0,1047.93,1198.3882500000002,0.8744494949779421,5
2017-01-16,7931.955,2337.394,0.900941406357942,-14.733898580831356,1319.57,574.22,2.298021664170527,0.0,1.5877947733531048,1.0,1.0,0,,0.0,0.0,0.0,0.0,0.0,1.5626646647852096,0,0,0,1319.57,1194.2050000000002,1.1049777885706389,0
2017-01-17,8028.651,2329.595,0.914977436990625,-24.009483561092047,1000.09,200.07,4.998700454840806,0.0,1.5877947733531048,1.0,1.0,0,,0.0,0.0,0.0,0.0,0.0,1.5626646647852096,0,0,0,1000.09,1182.78,0.8455418590101287,1
2017-01-18,7989.141,2342.775,0.9053525630539909,-32.639980353773026,832.43,217.81,3.821817180111106,0.0,1.5877947733531048,1.0,1.0,0,,0.0,0.0,0.0,0.0,0.0,1.5626646647852096,0,0,0,832.43,1162.9635,0.7157834274248503,2
2017-01-19,7955.392,2334.957,0.9045465623575514,-39.14285479050417,772.49,197.8,3.9054095045500494,0.0,1.5877947733531048,1.0,1.0,0,,0.0,0.0,0.0,0.0,0.0,1.5626646647852096,0,0,0,772.49,1138.627,0.6784399105238151,3
2017-01-20,8087.772,2347.183,0.9148084741951037,-41.71966878594985,861.41,184.89,4.659040510573855,0.0,1.5877947733531048,1.0,1.0,0,,0.0,0.0,0.0,0.0,0.0,1.5626646647852096,0,0,0,861.41,1122.1155,0.7676660735904636,4
2017-01-23,8169.109,2347.105,0.9240392151780136,-41.44557125819242,892.15,207.59,4.297654029577532,0.0,1.5877947733531048,1.0,1.0,0,,0.0,0.0,0.0,0.0,0.0,1.5626646647852096,0,0,0,892.15,1107.5970000000002,0.8054824995011722,5
2017-01-24,8123.586,2352.424,0.9168122579611943,-41.38024966188752,813.34,192.32,4.229097337770383,0.0,1.5877947733531048,1.0,1.0,0,,0.0,0.0,0.0,0.0,0.0,1.5626646647852096,0,0,0,813.34,1093.66025,0.7436861676192401,6
2017-01-25,8150.596,2358.697,0.9174141676779209,-39.65722118367124,710.69,183.84,3.865807223672759,0.0,1.5877947733531048,1.0,1.0,0,,0.0,0.0,0.0,0.0,0.0,1.5626646647852096,0,0,0,710.69,1075.50075,0.6607991672716175,7
2017-01-26,8205.871,2364.024,0.9215545218374335,-36.11465993677961,649.79,192.95,3.3676600155480694,0.0,1.5877947733531048,1.0,1.0,0,,0.0,0.0,0.0,0.0,0.0,1.5626646647852096,0,0,0,649.79,1060.4650000000001,0.6127406373619119,8
2017-02-03,8182.279,2339.989,0.9283434947541115,-30.75876877416844,579.33,160.93,3.5998881501273847,0.0,1.5877947733531048,1.0,1.0,0,,0.0,0.0,0.0,0.0,0.0,1.5626646647852096,0,0,0,579.33,1045.83025,0.553942668994323,9
2017-02-06,8280.008,2343.967,0.9378372826534715,-23.382810198932027,833.71,217.25,3.837560414269275,0.0,1.5877947733531048,1.0,1.0,0,,0.0,0.0,0.0,0.0,0.0,1.5626646647852096,0,0,0,833.71,1033.4745,0.806705922594123,10
2017-02-07,8282.375,2337.535,0.9406866878272683,-15.260531967936183,978.68,188.95,5.179571315162741,0.0,1.5877947733531048,1.0,1.0,0,,0.0,0.0,0.0,0.0,0.0,1.5626646647852096,0,0,0,978.68,1030.23175,0.9499610160529415,11
2017-02-08,8342.434,2346.426,0.9439177383164217,-6.065856535388103,1020.18,248.96,4.097766709511568,0.0,1.5877947733531048,1.0,1.0,0,,0.0,0.0,0.0,0.0,0.0,1.5626646647852096,0,0,0,1020.18,1030.7057499999999,0.9897878225672071,12
2017-02-09,8410.261,2354.901,0.94816746686239,3.7610851436221746,1186.05,323.99,3.66076113460292,0.0,1.5877947733531048,1.0,1.0,0,,0.0,0.0,0.0,0.0,0.0,1.5626646647852096,0,0,0,1186.05,1033.11075,1.1480376135859587,0
2017-02-10,8380.786,2368.183,0.9395452956970541,11.466648501513541,1197.74,405.49,2.953808971861205,0.0,1.5877947733531048,1.0,1.0,0,,0.0,0.0,0.0,0.0,0.0,1.5626646647852096,0,0,0,1197.74,1034.66825,1.1576077646144067,0
2017-02-13,8432.957,2379.306,0.9409744176635275,19.443465879791972,1118.49,389.07,2.874778317526409,0.0,1.5877947733531048,1.0,1.0,0,,0.0,0.0,0.0,0.0,0.0,1.5626646647852096,0,0,0,1118.49,1035.084,1.0805789675040867,0
2017-02-14,8423.836,2373.514,0.942250411479793,27.224519849062947,1086.52,273.71,3.9696028643454753,0.0,1.5877947733531048,1.0,1.0,0,,0.0,0.0,0.0,0.0,0.0,1.5626646647852096,0,0,0,1086.52,1020.67325,1.064513055475883,0
2017-02-15,8344.074,2372.192,0.933848746943684,32.62958182017852,1230.56,377.93,3.256052708173471,0.0,1.5877947733531048,1.0,1.0,0,,0.0,0.0,0.0,0.0,0.0,1.5626646647852096,0,0,0,1230.56,1021.9957499999998,1.2040754572609527,0
2017-02-16,8397.562,2376.763,0.9380275012207824,38.757074558227266,1105.43,296.18,3.732291174285908,1.0,1.5941058854468382,1.0,1.0,0,,0.0039747656307027035,0.004474765630702704,0.0005,1.0,1.0,1.5688758905871114,0,0,0,1105.43,1020.65525,1.0830591426439045,0
2017-02-17,8324.417,2362.709,0.9353880604953528,43.09005411350119,1251.09,343.09,3.6465358943717394,0.0,1.593308832504115,1.0,1.0,0,,-0.0005,0.0,0.0005,1.0,0.0,1.568091452641818,0,0,0,1251.09,1023.20825,1.2227129716751208,0
2017-02-20,8397.244,2394.12,0.9311916829782124,37.65256968209868,1175.13,434.87,2.7022558465748387,0.0,1.593308832504115,1.0,1.0,0,,0.0,0.0,0.0,0.0,0.0,1.568091452641818,0,0,0,1175.13,1023.6182499999999,1.148015874081964,0
2017-02-21,8479.608,2396.884,0.9392408867408454,36.4093860892209,1317.31,345.44,3.813426354793886,1.0,1.606284710300147,1.0,1.0,0,,0.008143981588075666,0.008643981588075667,0.0005,1.0,1.0,1.5808619605605518,0,0,0,1317.31,1029.8884999999998,1.279080211110232,0
2017-02-22,8510.305,2398.192,0.9421269028017135,34.0372726449834,1322.12,272.32,4.855023501762632,0.0,1.605481567944997,1.0,1.0,0,,-0.0005,0.0,0.0005,1.0,0.0,1.5800715295802716,0,0,0,1322.12,1037.775,1.2739948447399483,0
2017-02-23,8512.705,2387.417,0.946645842505108,31.771255348171838,1403.61,256.02,5.482423248183736,0.0,1.605481567944997,1.0,1.0,0,,0.0,0.0,0.0,0.0,0.0,1.5800715295802716,0,0,0,1403.61,1045.81875,1.3421159259192859,0
2017-02-24,8543.449,2389.877,0.949086753467532,30.744625003991832,1252.08,253.54,4.938392364124004,0.0,1.605481567944997,1.0,1.0,0,,0.0,0.0,0.0,0.0,0.0,1.5800715295802716,0,0,0,1252.08,1050.606,1.1917693217057583,0
2017-02-27,8476.906,2370.559,0.9493685242557455,30.790820955273524,1192.49,259.55,4.594451936043152,1.0,1.6051554725311232,1.0,1.0,0,,-0.00020311376996456866,0.00029688623003543135,0.0005,1.0,1.0,1.579750595295085,0,0,0,1192.49,1054.002,1.1313925400521063,0
2017-02-28,8508.086,2370.707,0.9528010331469166,29.97647937277173,1112.66,183.24,6.072145819690024,1.0,1.6109590254090687,1.0,1.0,0,,0.0036155705645097846,0.0036155705645097846,0.0,0.0,1.0,1.5854622950467008,0,0,0,1112.66,1056.82825,1.0528295397099765,0
2017-03-01,8526.472,2371.925,0.9543697118309946,28.815328136382323,1246.02,276.24,4.510642919200695,1.0,1.6136112864753018,1.0,1.0,0,,0.0016463864222491242,0.0016463864222491242,0.0,0.0,1.0,1.5880725786422536,0,0,0,1246.02,1063.28225,1.1718619397624666,0
2017-03-02,8471.44,2354.913,0.9550598815927623,27.62999566327966,1197.3,260.58,4.594750172691688,1.0,1.6147781987351595,1.0,1.0,0,,0.0007231681320267747,0.0007231681320267747,0.0,0.0,1.0,1.5892210221224732,0,0,0,1197.3,1069.22775,1.1197801403863676,0
2017-03-03,8505.452,2347.146,0.962067454741831,28.012221891266748,1194.51,215.34,5.547088325438841,1.0,1.6266263315750467,1.0,1.0,0,,0.007337312857683909,0.007337312857683909,0.0,0.0,1.0,1.600881633961794,0,0,0,1194.51,1076.19875,1.1099343871194796,0
2017-03-06,8608.154,2349.889,0.9725476973813175,30.963616757224795,1295.66,208.09,6.226440482483541,1.0,1.6443459192761596,1.0,1.0,0,,0.010893459276510864,0.010893459276510864,0.0,0.0,1.0,1.618320772847871,0,0,0,1295.66,1086.4657499999998,1.1925456462847543,0
2017-03-07,8624.465,2356.293,0.9717422850503321,33.05924872118014,1341.65,216.26,6.203874965319524,1.0,1.642984159350804,1.0,1.0,0,,-0.0008281468694585348,-0.0008281468694585348,0.0,0.0,1.0,1.6169805655660574,0,0,0,1341.65,1096.933,1.2230920211170602,0
2017-03-08,8589.87,2358.074,0.9671133798979589,33.71090544918262,1179.62,234.56,5.029075716234652,1.0,1.6351577860854967,1.0,1.0,0,,-0.004763511090940642,-0.004763511090940642,0.0,0.0,1.0,1.609278060708148,0,0,0,1179.62,1095.2717499999999,1.077011253143341,0
2017-03-09,8535.556,2346.553,0.9657165596701197,34.41981890836875,1174.51,260.52,4.508329494856441,1.0,1.6327960966302708,1.0,1.0,0,,-0.0014443189980336557,-0.0014443189980336557,0.0,0.0,1.0,1.6069537498319486,0,0,0,1174.51,1092.83075,1.0747409880258219,0
2017-03-10,8537.78,2339.234,0.9689905071869723,33.99447445857686,1088.12,189.79,5.733284156172611,1.0,1.638331560087494,1.0,1.0,0,,0.00339017435713318,0.00339017435713318,0.0,0.0,1.0,1.612401603227728,0,0,0,1088.12,1087.8195,1.0002762406814731,0
2017-03-13,8598.518,2354.89,0.9693959692561527,33.20700545355658,1145.62,261.64,4.37861183305305,1.0,1.6390170996252187,1.0,1.0,0,,0.0004184376071521001,0.0004184376071521001,0.0,0.0,1.0,1.6130762926963509,0,0,0,1145.62,1086.4325,1.0544787642122266,0
2017-03-14,8581.713,2354.9,0.9674972669524114,31.814262349642682,1190.14,197.6,6.022975708502025,1.0,1.635806847425266,1.0,1.0,0,,-0.00195864472718843,-0.00195864472718843,0.0,0.0,1.0,1.6099168493211085,0,0,0,1190.14,1087.0127499999999,1.0948721622630464,0
2017-03-15,8574.03,2357.307,0.9656440819889699,28.24511081619879,1165.69,219.25,5.316716077537058,1.0,1.6326735541785655,1.0,1.0,0,,-0.0019154420655668192,-0.0019154420655668192,0.0,0.0,1.0,1.606833146865854,0,0,0,1165.69,1088.169,1.0712398533683647,0
2017-03-16,8664.981,2369.194,0.9709910368100283,26.070040937635312,1322.37,321.28,4.115942480079681,1.0,1.641713977968818,1.0,1.0,0,,0.005537190069083264,0.005537190069083264,0.0,0.0,1.0,1.6157304874093534,0,0,0,1322.37,1095.107,1.2075258399407547,0
2017-03-17,8603.865,2346.96,0.9732762591935823,23.752688390971148,1530.91,331.31,4.620778123207872,1.0,1.6455777433256775,1.0,1.0,0,,0.00235349482839875,0.00235349482839875,0.0,0.0,1.0,1.6195331007555576,0,0,0,1530.91,1107.1815,1.3827091583448605,0
2017-03-20,8634.844,2350.067,0.9754892371905576,20.84626720523964,1304.12,285.9,4.56145505421476,1.0,1.6493193606762429,1.0,1.0,0,,0.0022737408583344276,0.0022737408583344276,0.0,0.0,1.0,1.6232154993381704,0,0,0,1304.12,1106.79525,1.1782847821220772,0
2017-03-21,8639.566,2357.136,0.9730956165185414,18.20341067109935,1167.22,361.25,3.231058823529412,1.0,1.6452723196982806,1.0,1.0,0,,-0.002453764306933781,-0.002453764306933781,0.0,0.0,1.0,1.6192325110834327,0,0,0,1167.22,1110.9735,1.0506281202926981,0
2017-03-22,8592.508,2338.547,0.9754883177078802,16.193374424388082,1302.89,373.46,3.488700262410968,1.0,1.6493178060506009,1.0,1.0,0,,0.002458855171806551,0.002458855171806551,0.0,0.0,1.0,1.6232139693176675,0,0,0,1302.89,1122.7350000000001,1.1604608389334972,0
2017-03-23,8590.96,2347.434,0.9716202033076797,13.790098566665627,1424.88,332.83,4.281104467746298,1.0,1.6427777482761705,1.0,1.0,0,,-0.003965310839692537,-0.003965310839692537,0.0,0.0,1.0,1.6167774213699917,0,0,0,1424.88,1139.04475,1.250942950222105,0
2017-03-24,8602.29,2365.604,0.9654288302126998,10.470449763198216,1273.6,453.96,2.8055335271830115,1.0,1.6323096148253802,1.0,1.0,0,,-0.00637221526878784,-0.00637221526878784,0.0,0.0,1.0,1.6064749675993064,0,0,0,1273.6,1149.3494999999998,1.1081050629073228,0
2017-03-27,8586.91,2364.428,0.9641820625012992,7.091571977163959,1266.57,403.83,3.136394027189659,1.0,1.630201628344052,1.0,1.0,0,0.06303994492905036,-0.0012914133827200969,-0.0012914133827200969,0.0,0.0,1.0,1.6044003443271437,0,0,0,1266.57,1158.7099999999998,1.0930862769804353,0
2017-03-28,8558.072,2356.314,0.9642530087027085,4.332765978933546,1165.56,280.82,4.150559076988818,1.0,1.6303215814292216,1.0,1.0,0,0.0634410011080658,7.358174785498939e-05,7.358174785498939e-05,0.0,0.0,1.0,1.6045183989087384,0,0,0,1165.56,1167.5155,0.998325075769872,1
2017-03-29,8488.217,2352.694,0.9578538719083607,0.7105640189263788,1327.9,312.11,4.25458972798052,1.0,1.6195021691751919,1.0,1.0,0,0.06265903726501999,-0.006636366945805161,-0.006636366945805161,0.0,0.0,1.0,1.5938702260422841,0,0,0,1327.9,1182.9457499999999,1.1225366843745794,0
2017-03-30,8315.045,2346.667,0.9407221460842071,-5.653793952077969,1494.02,319.92,4.66997999499875,1.0,1.5905365117324188,1.0,1.0,0,0.06712786575567961,-0.01788553173567231,-0.01788553173567231,0.0,0.0,1.0,1.5653630095318616,0,0,0,1494.02,1204.0515,1.2408273234159835,0
2017-03-31,8339.146,2359.752,0.9382173176675237,-10.708782480908832,1168.54,285.51,4.092816363700045,0.0,1.5897412434765528,0.8809172279455761,0.8809172279455761,0,0.09081443461671347,-0.0005,0.0,0.0005,1.0,0.0,1.5645803280270958,0,0,0,1168.54,1218.78175,0.9587770739100744,1
2017-04-05,8522.01,2384.264,0.9489338270356684,-11.832248491408567,1357.04,434.36,3.124228750345336,0.0,1.5897412434765528,1.0,1.0,0,,0.0,0.0,0.0,0.0,0.0,1.5645803280270958,0,0,0,1357.04,1231.865,1.1016142190905658,0
2017-04-06,8543.663,2390.389,0.9489072355942666,-12.581526690627806,1362.93,426.17,3.1980899640988336,0.0,1.5897412434765528,1.0,1.0,0,,0.0,0.0,0.0,0.0,0.0,1.5645803280270958,0,0,0,1362.93,1241.47125,1.0978345249638282,0
2017-04-07,8544.747,2388.271,0.949869260727352,-13.088846482016823,1418.71,381.51,3.7186705459883096,0.0,1.5897412434765528,1.0,1.0,0,,0.0,0.0,0.0,0.0,0.0,1.5645803280270958,0,0,0,1418.71,1251.4345,1.1336670037465004,0
2017-04-10,8449.157,2379.157,0.9428411056586384,-14.554418149555127,1602.44,347.91,4.6059038257020495,0.0,1.5897412434765528,1.0,1.0,0,,0.0,0.0,0.0,0.0,0.0,1.5645803280270958,0,0,0,1602.44,1261.8442499999999,1.2699190094181594,0
2017-04-11,8514.436,2382.109,0.9489481550308972,-13.950466396917228,1777.72,442.31,4.019172073884832,0.0,1.5897412434765528,1.0,1.0,0,,0.0,0.0,0.0,0.0,0.0,1.5645803280270958,0,0,0,1777.72,1276.34375,1.3928222706461328,0
2017-04-12,8444.394,2378.863,0.9424260612580755,-14.233621892339821,1613.22,383.23,4.209534744148423,0.0,1.5897412434765528,1.0,1.0,0,,0.0,0.0,0.0,0.0,0.0,1.5645803280270958,0,0,0,1613.22,1288.712,1.2518080067540305,0
2017-04-13,8470.313,2368.106,0.949612780706596,-12.922027891378992,1302.37,260.84,4.992984204876553,0.0,1.5897412434765528,1.0,1.0,0,,0.0,0.0,0.0,0.0,0.0,1.5645803280270958,0,0,0,1302.37,1294.10825,1.006384125902914,0
2017-04-14,8345.652,2355.52,0.9406362374297114,-13.253343433125188,1323.45,269.13,4.917511983056516,0.0,1.5897412434765528,1.0,1.0,0,,0.0,0.0,0.0,0.0,0.0,1.5645803280270958,0,0,0,1323.45,1296.4305,1.020841456599486,0
2017-04-17,8220.657,2357.523,0.9257608696246294,-15.481549632439142,1181.8,279.08,4.2346280636376665,0.0,1.5897412434765528,1.0,1.0,0,,0.0,0.0,0.0,0.0,0.0,1.5645803280270958,0,0,0,1181.8,1298.33975,0.9102394038232288,1
2017-04-18,8136.409,2337.351,0.9241810656099853,-16.97233530343063,1142.96,284.7,4.014611872146119,0.0,1.5897412434765528,1.0,1.0,0,,0.0,0.0,0.0,0.0,0.0,1.5645803280270958,0,0,0,1142.96,1295.6365,0.8821610073504412,2
2017-04-19,8033.503,2325.042,0.9173232225450179,-18.975740291636566,1202.97,303.82,3.959482588374696,0.0,1.5897412434765528,1.0,1.0,0,,0.0,0.0,0.0,0.0,0.0,1.5645803280270958,0,0,0,1202.97,1296.3325,0.9279795114293594,3
2017-04-20,7987.651,2335.647,0.9079461796887933,-22.046912095245773,1023.52,322.44,3.1742959930529717,0.0,1.5897412434765528,1.0,1.0,0,,0.0,0.0,0.0,0.0,0.0,1.5645803280270958,0,0,0,1023.52,1288.98775,0.7940494391820248,4
2017-04-21,7945.39,2347.675,0.8985152954470186,-25.73152333230259,869.97,296.54,2.933735752343697,0.0,1.5897412434765528,1.0,1.0,0,,0.0,0.0,0.0,0.0,0.0,1.5645803280270958,0,0,0,869.97,1277.684,0.6808960588064029,5
2017-04-24,7698.285,2341.93,0.8727066907630203,-33.53313159461937,952.31,344.39,2.765208049014199,0.0,1.5897412434765528,1.0,1.0,0,,0.0,0.0,0.0,0.0,0.0,1.5645803280270958,0,0,0,952.31,1266.4015,0.7519811055182736,6
2017-04-25,7723.999,2344.741,0.8745719851984389,-39.45618855308637,885.21,240.53,3.6802477861389433,0.0,1.5897412434765528,1.0,1.0,0,,0.0,0.0,0.0,0.0,0.0,1.5645803280270958,0,0,0,885.21,1257.22975,0.7040956515704468,7
2017-04-26,7751.944,2344.505,0.8778244918519628,-42.96897728625897,931.86,323.76,2.87824314306894,0.0,1.5897412434765528,1.0,1.0,0,,0.0,0.0,0.0,0.0,0.0,1.5645803280270958,0,0,0,931.86,1250.714,0.7450624203454987,8
2017-04-27,7799.122,2351.64,0.8804873191905364,-44.656378099452496,1215.23,323.32,3.758598292713102,0.0,1.5897412434765528,1.0,1.0,0,,0.0,0.0,0.0,0.0,0.0,1.5645803280270958,0,0,0,1215.23,1253.2782499999998,0.9696410194623581,9
2017-04-28,7842.082,2347.039,0.8870728826197984,-44.85100385300513,915.08,250.27,3.656371119191273,0.0,1.5897412434765528,1.0,1.0,0,,0.0,0.0,0.0,0.0,0.0,1.5645803280270958,0,0,0,915.08,1245.00475,0.735001211842766,10
2017-05-02,7845.468,2336.792,0.8913474543823869,-44.23207235202947,915.55,192.99,4.744028187989015,0.0,1.5897412434765528,1.0,1.0,0,,0.0,0.0,0.0,0.0,0.0,1.5645803280270958,0,0,0,915.55,1237.9609999999998,0.7395628779905022,11
2017-05-03,7830.638,2329.766,0.8923455760585348,-42.173200737654,1038.12,213.06,4.87243030132357,0.0,1.5897412434765528,1.0,1.0,0,,0.0,0.0,0.0,0.0,0.0,1.5645803280270958,0,0,0,1038.12,1234.05125,0.8412292439232162,12
2017-05-04,7804.58,2325.433,0.8910333017252462,-38.90926310700788,1070.23,236.62,4.522990448820894,0.0,1.5897412434765528,1.0,1.0,0,,0.0,0.0,0.0,0.0,0.0,1.5645803280270958,0,0,0,1070.23,1228.4154999999998,0.8712280169047038,13
2017-05-05,7700.265,2320.602,0.8809540156281349,-36.78427634829009,968.51,339.79,2.8503193148709496,0.0,1.5897412434765528,1.0,1.0,0,,0.0,0.0,0.0,0.0,0.0,1.5645803280270958,0,0,0,968.51,1219.087,0.7944551947482009,14
2017-05-08,7555.283,2326.097,0.8623253345955575,-37.45008493706112,920.56,385.07,2.3906302750149324,0.0,1.5897412434765528,1.0,1.0,0,,0.0,0.0,0.0,0.0,0.0,1.5645803280270958,0,0,0,920.56,1212.6105000000002,0.759155557369823,15
2017-05-09,7602.962,2316.294,0.8714397539206206,-35.05732981225763,827.55,203.1,4.074593796159527,0.0,1.5897412434765528,1.0,1.0,0,,0.0,0.0,0.0,0.0,0.0,1.5645803280270958,0,0,0,827.55,1203.9365,0.6873701395380902,16
2017-05-10,7451.776,2324.922,0.8509413633754551,-35.4172836288473,921.09,290.82,3.1672168351557666,0.0,1.5897412434765528,1.0,1.0,0,,0.0,0.0,0.0,0.0,0.0,1.5645803280270958,0,0,0,921.09,1199.76075,0.7677280657831156,17
2017-05-11,7387.153,2339.29,0.8383806769018707,-36.80876628969302,1012.01,314.84,3.214362850971922,0.0,1.5897412434765528,1.0,1.0,0,,0.0,0.0,0.0,0.0,0.0,1.5645803280270958,0,0,0,1012.01,1196.4205,0.8458648109088737,18
2017-05-12,7371.302,2375.45,0.8238469557646037,-39.06327500861955,834.57,321.45,2.596266915538964,0.0,1.5897412434765528,1.0,1.0,0,,0.0,0.0,0.0,0.0,0.0,1.5645803280270958,0,0,0,834.57,1187.53125,0.7027772953343333,19
2017-05-15,7391.605,2381.752,0.823930239303149,-40.45340853542015,766.38,280.55,2.731705578328284,0.0,1.5897412434765528,1.0,1.0,0,,0.0,0.0,0.0,0.0,0.0,1.5645803280270958,0,0,0,766.38,1177.5485,0.6508266963101732,20
2017-05-16,7549.765,2381.317,0.8417138078612829,-37.43704363650745,1108.3,272.93,4.06074817718829,0.0,1.5897412434765528,1.0,1.0,0,,0.0,0.0,0.0,0.0,0.0,1.5645803280270958,0,0,0,1108.3,1172.1967499999998,0.9454897396704095,21
2017-05-17,7570.439,2363.559,0.8503600463744636,-31.952269625011002,1113.26,249.01,4.470744146821413,0.0,1.5897412434765528,1.0,1.0,0,,0.0,0.0,0.0,0.0,0.0,1.5645803280270958,0,0,0,1113.26,1161.7555,0.9582567071987178,22
2017-05-18,7519.192,2354.753,0.8477621953770379,-27.15745033667586,975.72,212.59,4.589679665083024,0.0,1.5897412434765528,1.0,1.0,0,,0.0,0.0,0.0,0.0,0.0,1.5645803280270958,0,0,0,975.72,1153.5455,0.8458443988555285,23
2017-05-19,7510.106,2361.662,0.8442606648884232,-23.42445853750678,856.76,189.67,4.5171086624136665,0.0,1.5897412434765528,1.0,1.0,0,,0.0,0.0,0.0,0.0,0.0,1.5645803280270958,0,0,0,856.76,1145.784,0.7477500122187078,24
2017-05-22,7372.79,2381.553,0.8219016331982424,-25.18047746300804,893.26,287.51,3.1068832388438663,0.0,1.5897412434765528,1.0,1.0,0,,0.0,0.0,0.0,0.0,0.0,1.5645803280270958,0,0,0,893.26,1135.54325,0.7866367045024485,25
2017-05-23,7138.238,2411.8,0.7857745587363486,-35.49580164602705,930.39,412.44,2.255819028222287,0.0,1.5897412434765528,1.0,1.0,0,,0.0,0.0,0.0,0.0,0.0,1.5645803280270958,0,0,0,930.39,1123.181,0.8283526875899788,26
2017-05-24,7172.143,2407.571,0.7908936104116678,-41.81539789265924,775.79,286.42,2.70857482019412,0.0,1.5897412434765528,1.0,1.0,0,,0.0,0.0,0.0,0.0,0.0,1.5645803280270958,0,0,0,775.79,1110.73575,0.6984469528418438,27
2017-05-25,7232.631,2473.495,0.7763069995918488,-48.65468963184201,879.81,531.43,1.655552001204298,0.0,1.5897412434765528,1.0,1.0,0,,0.0,0.0,0.0,0.0,0.0,1.5645803280270958,0,0,0,879.81,1101.0667500000002,0.7990523735277628,28
2017-05-26,7233.338,2471.214,0.7770995079392524,-52.22931104439973,838.7,365.28,2.296046868155936,0.0,1.5897412434765528,1.0,1.0,0,,0.0,0.0,0.0,0.0,0.0,1.5645803280270958,0,0,0,838.7,1092.89525,0.7674111494216852,29
2017-05-31,7212.696,2479.078,0.7724238358130913,-53.87896909466355,778.88,370.45,2.10252395734917,0.0,1.5897412434765528,1.0,1.0,0,,0.0,0.0,0.0,0.0,0.0,1.5645803280270958,0,0,0,778.88,1079.16975,0.721740022827734,30
2017-06-01,7016.304,2496.448,0.7461636767188877,-58.58813983162296,807.35,377.98,2.135959574580665,0.0,1.5897412434765528,1.0,1.0,0,,0.0,0.0,0.0,0.0,0.0,1.5645803280270958,0,0,0,807.35,1062.0030000000002,0.7602144250063323,31
2017-06-02,7094.427,2475.464,0.760867335048212,-57.26975110619879,773.47,283.42,2.7290593465528192,0.0,1.5897412434765528,1.0,1.0,0,,0.0,0.0,0.0,0.0,0.0,1.5645803280270958,0,0,0,773.47,1052.1262499999998,0.7351494176673191,32
2017-06-05,7160.527,2450.346,0.7758286332731472,-51.21451247022688,706.93,290.95,2.4297301941914418,0.0,1.5897412434765528,1.0,1.0,0,,0.0,0.0,0.0,0.0,0.0,1.5645803280270958,0,0,0,706.93,1035.8735,0.6824481946878649,33
2017-06-06,7197.618,2466.006,0.7748950648298439,-45.389409866059,688.89,225.99,3.0483207221558475,0.0,1.5897412434765528,1.0,1.0,0,,0.0,0.0,0.0,0.0,0.0,1.5645803280270958,0,0,0,688.89,1019.0224999999998,0.6760302152307728,34
2017-06-07,7347.597,2484.033,0.7853010848529989,-36.675771108683755,1019.42,340.88,2.990553860596104,0.0,1.5897412434765528,1.0,1.0,0,,0.0,0.0,0.0,0.0,0.0,1.5645803280270958,0,0,0,1019.42,1009.04025,1.01028675516165,0
2017-06-08,7342.482,2507.034,0.7775546036329026,-29.048660803548955,970.53,292.27,3.3206624012043657,0.0,1.5897412434765528,1.0,1.0,0,,0.0,0.0,0.0,0.0,0.0,1.5645803280270958,0,0,0,970.53,993.2425000000001,0.9771329760859003,1
2017-06-09,7348.521,2519.273,0.7744135401388159,-23.158153144870642,866.09,396.37,2.185054368393168,0.0,1.5897412434765528,1.0,1.0,0,,0.0,0.0,0.0,0.0,0.0,1.5645803280270958,0,0,0,866.09,970.45175,0.8924606504135832,2
2017-06-12,7246.713,2521.168,0.763110634704332,-20.423419299852018,876.45,338.95,2.585779613512318,0.0,1.5897412434765528,1.0,1.0,0,,0.0,0.0,0.0,0.0,0.0,1.5645803280270958,0,0,0,876.45,952.0325,0.9206093279378593,3
2017-06-13,7352.976,2515.143,0.7761554236189462,-14.826588060599,864.31,244.7,3.532120964446261,0.0,1.5897412434765528,1.0,1.0,0,,0.0,0.0,0.0,0.0,0.0,1.5645803280270958,0,0,0,864.31,941.0809999999999,0.9184225374861463,4
2017-06-14,7362.856,2477.317,0.7890653163106148,-5.556136529253533,960.77,298.33,3.22049408373278,0.0,1.5897412434765528,1.0,1.0,0,,0.0,0.0,0.0,0.0,0.0,1.5645803280270958,0,0,0,960.77,932.0139999999999,1.0308536137869175,0
2017-06-15,7455.388,2461.974,0.8039610680049044,8.795300369911201,1076.04,286.08,3.761325503355705,0.0,1.5897412434765528,1.0,1.0,0,,0.0,0.0,0.0,0.0,0.0,1.5645803280270958,0,0,0,1076.04,929.3699999999999,1.157816585428839,0
2017-06-16,7442.953,2452.79,0.8056253808164365,23.832622116086306,942.81,232.52,4.054747978668501,0.0,1.5897412434765528,1.0,1.0,0,,0.0,0.0,0.0,0.0,0.0,1.5645803280270958,0,0,0,942.81,924.36625,1.0199528595943437,0
2017-06-19,7489.76,2484.116,0.8004685248355334,36.62106671054304,874.91,268.99,3.25257444514666,0.0,1.5897412434765528,1.0,1.0,0,,0.0,0.0,0.0,0.0,0.0,1.5645803280270958,0,0,0,874.91,916.1647499999999,0.9549701622988661,1
2017-06-20,7503.801,2474.425,0.8051100419974673,50.52596217440141,1077.45,245.84,4.382728603970062,0.0,1.5897412434765528,1.0,1.0,0,,0.0,0.0,0.0,0.0,0.0,1.5645803280270958,0,0,0,1077.45,917.5130000000001,1.174315786261339,0
2017-06-21,7504.192,2497.254,0.7977915831848098,60.58835392758036,997.23,306.04,3.2584956214873877,0.0,1.5897412434765528,1.0,1.0,0,,0.0,0.0,0.0,0.0,0.0,1.5645803280270958,0,0,0,997.23,920.6945,1.083128008258983,0
2017-06-22,7371.962,2516.673,0.7776864433704239,57.634939177275385,1080.96,538.26,2.0082488016943487,0.0,1.5897412434765528,1.0,1.0,0,,0.0,0.0,0.0,0.0,0.0,1.5645803280270958,0,0,0,1080.96,923.91075,1.1699831396052054,0
2017-06-23,7376.665,2529.098,0.7743595045138586,56.08237078884058,928.98,376.96,2.464399405772496,0.0,1.5897412434765528,1.0,1.0,0,,0.0,0.0,0.0,0.0,0.0,1.5645803280270958,0,0,0,928.98,925.0050000000001,1.0042972740687888,0
2017-06-26,7462.096,2543.321,0.7789469569975336,52.91974949308991,871.22,497.18,1.7523231022969548,0.0,1.5897412434765528,1.0,1.0,0,,0.0,0.0,0.0,0.0,0.0,1.5645803280270958,0,0,0,871.22,923.4890000000001,0.943400516952557,1
2017-06-27,7474.033,2554.7,0.7767179348676395,49.7431792497594,862.03,335.11,2.572379218763988,0.0,1.5897412434765528,1.0,1.0,0,,0.0,0.0,0.0,0.0,0.0,1.5645803280270958,0,0,0,862.03,914.659,0.9424605235393737,2
2017-06-28,7423.468,2537.636,0.7766507112976154,47.37848165838647,803.54,356.55,2.253653064086383,0.0,1.5897412434765528,1.0,1.0,0,,0.0,0.0,0.0,0.0,0.0,1.5645803280270958,0,0,0,803.54,911.8705,0.8811996878942788,3
2017-06-29,7456.672,2552.975,0.7754373370869743,38.79774524116618,784.75,269.14,2.915768744891135,0.0,1.5897412434765528,1.0,1.0,0,,0.0,0.0,0.0,0.0,0.0,1.5645803280270958,0,0,0,784.75,908.6005000000001,0.8636909180657505,4
2017-06-30,7465.762,2549.968,0.7772981622117278,33.188041388748175,744.82,237.82,3.1318644352871923,0.0,1.5897412434765528,1.0,1.0,0,,0.0,0.0,0.0,0.0,0.0,1.5645803280270958,0,0,0,744.82,901.268,0.8264134530461528,5
2017-07-03,7537.106,2534.368,0.789556434345227,33.64263175405789,860.08,252.54,3.405717906074285,0.0,1.5897412434765528,1.0,1.0,0,,0.0,0.0,0.0,0.0,0.0,1.5645803280270958,0,0,0,860.08,896.0142500000002,0.9598954480913667,6
2017-07-04,7523.695,2511.151,0.7954384561078174,34.68636033115828,847.97,306.6,2.7657208088714937,0.0,1.5897412434765528,1.0,1.0,0,,0.0,0.0,0.0,0.0,0.0,1.5645803280270958,0,0,0,847.97,893.0007499999999,0.9495736705708255,7
2017-07-05,7588.087,2548.099,0.7906135158196534,36.19284404627721,958.4,314.36,3.048733935615218,0.0,1.5897412434765528,1.0,1.0,0,,0.0,0.0,0.0,0.0,0.0,1.5645803280270958,0,0,0,958.4,893.9467499999998,1.0720996524681141,0
2017-07-06,7601.785,2553.879,0.7902481642993296,36.126312091531744,1163.36,331.32,3.5112881806108898,0.0,1.5897412434765528,1.0,1.0,0,,0.0,0.0,0.0,0.0,0.0,1.5645803280270958,0,0,0,1163.36,902.342,1.2892672623018766,0
2017-07-07,7623.38,2543.658,0.7956775041974796,37.21709057275472,1087.53,297.86,3.651144833143087,0.0,1.5897412434765528,1.0,1.0,0,,0.0,0.0,0.0,0.0,0.0,1.5645803280270958,0,0,0,1087.53,906.5029999999999,1.1996981808113156,0
2017-07-10,7577.818,2550.115,0.7889193984750364,33.61630437232548,1131.39,334.57,3.381624174313298,0.0,1.5897412434765528,1.0,1.0,0,,0.0,0.0,0.0,0.0,0.0,1.5645803280270958,0,0,0,1131.39,909.4875,1.2439863109718388,0
2017-07-11,7484.058,2570.592,0.7729514624807683,27.913536965166397,1041.01,415.38,2.50616303144109,0.0,1.5897412434765528,1.0,1.0,0,,0.0,0.0,0.0,0.0,0.0,1.5645803280270958,0,0,0,1041.01,914.6485,1.1381530719177912,0
2017-07-12,7474.333,2565.143,0.7735868741890334,24.75109183182286,1002.02,434.17,2.307897828039708,0.0,1.5897412434765528,1.0,1.0,0,,0.0,0.0,0.0,0.0,0.0,1.5645803280270958,0,0,0,1002.02,920.5394999999999,1.0885138551903533,0
2017-07-13,7474.3,2600.954,0.7629324448054877,21.86991496740497,902.55,509.8,1.770400156924284,0.0,1.5897412434765528,1.0,1.0,0,,0.0,0.0,0.0,0.0,0.0,1.5645803280270958,0,0,0,902.55,915.39575,0.9859669984266367,1
2017-07-14,7433.18,2622.984,0.7523626692604379,17.698882406279093,849.93,397.72,2.1370059338227896,0.0,1.5897412434765528,1.0,1.0,0,,0.0,0.0,0.0,0.0,0.0,1.5645803280270958,0,0,0,849.93,908.8125,0.9352094078811636,2
2017-07-17,7048.535,2631.414,0.711144589124071,3.968346511547422,1218.89,682.39,1.7862073008103871,0.0,1.5897412434765528,1.0,1.0,0,,0.0,0.0,0.0,0.0,0.0,1.5645803280270958,0,0,0,1218.89,914.89175,1.3322778350553495,0
2017-07-18,7109.6,2624.308,0.7192478844100991,-4.398769842819946,857.83,467.31,1.835676531638527,0.0,1.5897412434765528,1.0,1.0,0,,0.0,0.0,0.0,0.0,0.0,1.5645803280270958,0,0,0,857.83,914.9185,0.9376026389235763,1
2017-07-19,7202.805,2657.888,0.7194708641108986,-11.738255579732426,1017.8,608.09,1.673765396569587,0.0,1.5897412434765528,1.0,1.0,0,,0.0,0.0,0.0,0.0,0.0,1.5645803280270958,0,0,0,1017.8,918.0319999999999,1.1086759502936718,0
2017-07-20,7244.9,2665.448,0.7216230739585332,-19.087657303115662,1118.74,488.81,2.288701131318917,0.0,1.5897412434765528,1.0,1.0,0,,0.0,0.0,0.0,0.0,0.0,1.5645803280270958,0,0,0,1118.74,922.7407500000002,1.2124098778557246,0
2017-07-21,7252.707,2639.213,0.7295816821023722,-22.859749531505784,1045.6,413.43,2.5290859395786467,0.0,1.5897412434765528,1.0,1.0,0,,0.0,0.0,0.0,0.0,0.0,1.5645803280270958,0,0,0,1045.6,929.4860000000001,1.124922806798596,0
2017-07-24,7292.649,2654.379,0.7294081452122702,-24.87760861823227,1115.42,419.4,2.659561278016214,0.0,1.5897412434765528,1.0,1.0,0,,0.0,0.0,0.0,0.0,0.0,1.5645803280270958,0,0,0,1115.42,935.3762499999999,1.1924827041524735,0
2017-07-25,7278.843,2643.073,0.73114148099965,-25.381655100199875,977.86,377.72,2.588848882770306,0.0,1.5897412434765528,1.0,1.0,0,,0.0,0.0,0.0,0.0,0.0,1.5645803280270958,0,0,0,977.86,938.85525,1.0415450092013652,0
2017-07-26,7289.877,2636.201,0.7341586338423902,-24.02834012471127,1039.59,419.55,2.4778691455130493,0.0,1.5897412434765528,1.0,1.0,0,,0.0,0.0,0.0,0.0,0.0,1.5645803280270958,0,0,0,1039.59,945.3730000000002,1.09966119193165,0
2017-07-27,7383.115,2636.626,0.7434287171918579,-19.513883966092646,1358.34,380.25,3.5722287968441813,0.0,1.5897412434765528,1.0,1.0,0,,0.0,0.0,0.0,0.0,0.0,1.5645803280270958,0,0,0,1358.34,959.1477499999999,1.4161947416339142,0
2017-07-28,7386.208,2636.394,0.7438056093222352,-14.058076204342557,1154.23,285.89,4.037322046941132,0.0,1.5897412434765528,1.0,1.0,0,,0.0,0.0,0.0,0.0,0.0,1.5645803280270958,0,0,0,1154.23,968.6667500000001,1.1915656235748775,0
2017-07-31,7444.957,2638.124,0.7492301043657197,-5.608951441653672,1280.73,379.05,3.378789077958053,0.0,1.5897412434765528,1.0,1.0,0,,0.0,0.0,0.0,0.0,0.0,1.5645803280270958,0,0,0,1280.73,983.01175,1.3028633686219926,0
2017-08-01,7452.933,2681.805,0.7378163096854633,0.7164016403982522,1278.58,477.89,2.675469250245873,0.0,1.5897412434765528,1.0,1.0,0,,0.0,0.0,0.0,0.0,0.0,1.5645803280270958,0,0,0,1278.58,997.7540000000001,1.2814581550161661,0
2017-08-02,7389.51,2680.631,0.7318580191344114,5.348987979223211,1310.44,537.08,2.4399344604155804,0.0,1.5897412434765528,1.0,1.0,0,,0.0,0.0,0.0,0.0,0.0,1.5645803280270958,0,0,0,1310.44,1005.0295,1.3038821248530517,0
2017-08-03,7424.107,2646.216,0.7448471525185307,13.551278478952783,1227.39,405.54,3.026557183015239,0.0,1.5897412434765528,1.0,1.0,0,,0.0,0.0,0.0,0.0,0.0,1.5645803280270958,0,0,0,1227.39,1011.451,1.2134942770336874,0
2017-08-04,7389.146,2627.803,0.7465341409977526,22.897947564915743,1321.79,383.0,3.451148825065274,0.0,1.5897412434765528,1.0,1.0,0,,0.0,0.0,0.0,0.0,0.0,1.5645803280270958,0,0,0,1321.79,1022.8435000000002,1.2922700295793048,0
2017-08-07,7445.18,2634.176,0.7503754965986609,32.46596151367823,1045.76,346.3,3.0198094138030607,0.0,1.5897412434765528,1.0,1.0,0,,0.0,0.0,0.0,0.0,0.0,1.5645803280270958,0,0,0,1045.76,1027.0762499999998,1.0181912005072653,0
2017-08-08,7470.693,2635.184,0.7526588547433832,39.400929147052445,1261.85,339.64,3.715257331291956,1.0,1.5937838823853727,1.0,1.0,0,,0.0025429540344434347,0.0030429540344434347,0.0005,1.0,1.0,1.5685589838844631,0,0,0,1261.85,1037.0147499999998,1.2168100791237542,0
2017-08-09,7495.388,2620.381,0.7594127907264197,48.071981670577784,1202.19,332.04,3.6206179978315856,1.0,1.6080855998827324,1.0,1.0,0,,0.008973435893927295,0.008973435893927295,0.0,0.0,1.0,1.582634347372194,0,0,0,1202.19,1043.05025,1.1525715084196568,0
2017-08-10,7441.237,2611.341,0.756536314830903,53.84894200560177,1241.56,395.81,3.136757535181021,1.0,1.601994552270056,1.0,1.0,0,,-0.003787763296382085,-0.003787763296382085,0.0,0.0,1.0,1.576639703079624,0,0,0,1241.56,1047.18825,1.18561299747204,0
2017-08-11,7328.402,2570.257,0.7569740023754339,60.154272073703375,1226.06,442.76,2.769130002710272,1.0,1.6029213723686941,1.0,1.0,0,,0.0005785413547909624,0.0005785413547909624,0.0,0.0,1.0,1.5775518543494609,0,0,0,1226.06,1054.2694999999999,1.1629474247334293,0
2017-08-14,7474.644,2591.454,0.7657645177648623,58.47189735675899,1142.07,362.8,3.1479327453142223,1.0,1.621535624572381,1.0,1.0,0,,0.011612704481056335,0.011612704481056335,0.0,0.0,1.0,1.5958714978375637,0,0,0,1142.07,1060.9485,1.076461298545594,0
2017-08-15,7507.291,2605.242,0.7650387088430228,57.386559697673704,1126.38,330.92,3.403783391756316,1.0,1.6199986964487976,1.0,1.0,0,,-0.000947822607344051,-0.000947822607344051,0.0,0.0,1.0,1.5943588947534972,0,0,0,1126.38,1062.17175,1.0604499696023737,0
2017-08-16,7544.387,2595.002,0.7718528133574722,57.03448296152372,1276.28,251.67,5.071244089482259,1.0,1.6344278231103335,1.0,1.0,0,,0.008906875476607512,0.008906875476607512,0.0,0.0,1.0,1.6085596508940883,0,0,0,1276.28,1069.148,1.1937355726241832,0
2017-08-17,7614.212,2604.084,0.7762796577606023,56.3383727634145,1428.63,277.78,5.143026855785155,1.0,1.6438018352741073,1.0,1.0,0,,0.005735347888250475,0.005735347888250475,0.0,0.0,1.0,1.6177853000909685,0,0,0,1428.63,1077.83975,1.3254567759261058,0
2017-08-18,7576.055,2613.265,0.769675916106656,54.31094802350257,1265.66,311.23,4.066638820165151,1.0,1.6298181600071964,1.0,1.0,0,,-0.008506910606155271,-0.008506910606155271,0.0,0.0,1.0,1.6040229451631427,0,0,0,1265.66,1086.25675,1.1651573166288727,0
2017-08-21,7631.75,2616.825,0.7742793654881004,52.35518584479528,1129.07,270.75,4.170156971375808,1.0,1.6395661399602448,1.0,1.0,0,,0.005981023032045174,0.005981023032045174,0.0,0.0,1.0,1.6136166433420924,0,0,0,1129.07,1092.703,1.0332816877047102,0
2017-08-22,7585.112,2643.503,0.7617814983309229,46.36560029365228,1174.95,374.45,3.137802109760983,1.0,1.61310142873846,1.0,1.0,0,,-0.016141289196437425,-0.016141289196437425,0.0,0.0,1.0,1.5875707904497232,0,0,0,1174.95,1100.526,1.0676258443689655,0
2017-08-23,7534.461,2659.78,0.7520638324399253,37.763347269070486,982.25,411.79,2.385317759051944,1.0,1.5925238999232856,1.0,1.0,0,,-0.012756500272439353,-0.012756500272439353,0.0,0.0,1.0,1.5673189432288346,0,0,0,982.25,1104.99375,0.8889190549720303,1
2017-08-24,7486.058,2646.402,0.7510097959108905,30.84464287026503,946.8,338.87,2.793991796264054,1.0,1.5902919373005995,1.0,1.0,0,,-0.0014015253540582417,-0.0014015253540582417,0.0,0.0,1.0,1.5651223059920036,0,0,0,946.8,1109.0449999999998,0.8537074690386774,2
2017-08-25,7559.306,2706.242,0.7415894218814221,21.78560687369372,953.25,530.52,1.7968219859760235,0.0,1.5894967913319493,1.0,1.0,0,,-0.0005,0.0,0.0005,1.0,0.0,1.5643397448390077,0,0,0,953.25,1114.2557499999998,0.8555037746047083,3
2017-08-28,7642.646,2736.462,0.7414853120751734,14.684875220610776,1233.06,772.49,1.5962148377325271,0.0,1.5894967913319493,1.0,1.0,0,,0.0,0.0,0.0,0.0,0.0,1.5643397448390077,0,0,0,1233.06,1123.58025,1.0974383004685246,0
2017-08-29,7623.255,2739.129,0.7388838797724211,5.890102563542304,1218.08,467.6,2.604961505560308,0.0,1.5894967913319493,1.0,1.0,0,,0.0,0.0,0.0,0.0,0.0,1.5643397448390077,0,0,0,1218.08,1132.833,1.0752511623513792,0
2017-08-30,7654.372,2728.231,0.744863435772918,-1.3510821203224521,1227.93,537.37,2.285073599196085,0.0,1.5894967913319493,1.0,1.0,0,,0.0,0.0,0.0,0.0,0.0,1.5643397448390077,0,0,0,1227.93,1139.57125,1.077536836770847,0
2017-08-31,7679.871,2714.631,0.7510889129061962,-4.507288714935528,1182.33,468.56,2.523326788458255,0.0,1.5894967913319493,1.0,1.0,0,,0.0,0.0,0.0,0.0,0.0,1.5643397448390077,0,0,0,1182.33,1140.0455,1.0370901863127393,0
2017-09-01,7739.905,2710.119,0.7582204603181759,-5.3137973640634995,1453.44,524.73,2.76988165342176,0.0,1.5894967913319493,1.0,1.0,0,,0.0,0.0,0.0,0.0,0.0,1.5643397448390077,0,0,0,1453.44,1149.19325,1.2647481178644235,0
2017-09-04,7798.179,2711.348,0.7635828533242569,-4.3260145825626655,1577.47,435.69,3.6206247561339486,0.0,1.5894967913319493,1.0,1.0,0,,0.0,0.0,0.0,0.0,0.0,1.5643397448390077,0,0,0,1577.47,1160.34525,1.359483308954813,0
2017-09-05,7800.537,2729.848,0.7586374287892862,-4.412659541725079,1443.59,390.44,3.6973414609158897,0.0,1.5894967913319493,1.0,1.0,0,,0.0,0.0,0.0,0.0,0.0,1.5643397448390077,0,0,0,1443.59,1170.40975,1.2334056513114315,0
2017-09-06,7858.285,2714.331,0.7686226869321969,-1.136454258162779,1561.82,409.07,3.817977363287457,0.0,1.5894967913319493,1.0,1.0,0,,0.0,0.0,0.0,0.0,0.0,1.5643397448390077,0,0,0,1561.82,1184.4047500000001,1.3186539483229864,0
2017-09-07,7823.399,2691.829,0.7716071492518946,2.269920358543118,1652.23,371.82,4.443628637512775,0.0,1.5894967913319493,1.0,1.0,0,,0.0,0.0,0.0,0.0,0.0,1.5643397448390077,0,0,0,1652.23,1203.14675,1.3732572522844781,0
2017-09-08,7838.796,2686.69,0.7746045323743684,6.089179462735595,1420.67,326.0,4.357883435582822,1.0,1.5948765980323372,1.0,1.0,0,,0.0033845973956824764,0.0038845973956824764,0.0005,1.0,1.0,1.5696344050653526,0,0,0,1420.67,1217.41525,1.1669559749641711,0
2017-09-11,7920.69,2674.75,0.7861909682362794,13.442221070757855,1473.34,400.85,3.675539478607958,1.0,1.6187325588980988,1.0,1.0,0,,0.014957872537093797,0.014957872537093797,0.0,0.0,1.0,1.593112796426157,0,0,0,1473.34,1223.7765,1.2039289853988862,0
2017-09-12,7899.424,2692.54,0.778899619368061,17.924279600497275,1944.14,448.48,4.334953621120229,1.0,1.603719992882811,1.0,1.0,0,,-0.009274271980732274,-0.009274271980732274,0.0,0.0,1.0,1.578337835056116,0,0,0,1944.14,1250.9342499999998,1.5541504279701355,0
2017-09-13,7928.751,2687.671,0.783207620088012,23.709522170511967,1363.63,289.86,4.704443524460085,1.0,1.6125899765265885,1.0,1.0,0,,0.005530880504790003,0.005530880504790003,0.0,0.0,1.0,1.5870674330180004,0,0,0,1363.63,1259.5800000000002,1.082606900712936,0
2017-09-14,7916.666,2672.836,0.7863542545728393,30.23582284314142,1470.63,365.3,4.025814399124008,1.0,1.6190687582696146,1.0,1.0,0,,0.004017624961914379,0.004017624961914379,0.0,0.0,1.0,1.5934436747531349,0,0,0,1470.63,1268.37725,1.1594578821088128,0
2017-09-15,7880.566,2668.376,0.7840768205039497,33.93149322962309,1360.89,432.43,3.1470758273015287,1.0,1.614379621880366,1.0,1.0,0,,-0.0028961934848648063,-0.0028961934848648063,0.0,0.0,1.0,1.5888287535638157,0,0,0,1360.89,1276.2595,1.0663113575256444,0
2017-09-18,7941.683,2674.176,0.7884438887590847,39.16296230884653,1230.19,444.7,2.7663368563076234,1.0,1.6233712229761863,1.0,1.0,0,,0.005569694372967282,0.005569694372967282,0.0,0.0,1.0,1.5976780441321488,0,0,0,1230.19,1279.12875,0.9617405597364612,1
2017-09-19,7905.705,2670.691,0.785896205912439,41.03837242051633,1288.94,374.89,3.438181866680893,1.0,1.6181256562624613,1.0,1.0,0,,-0.00323127984498095,-0.00323127984498095,0.0,0.0,1.0,1.592515499269376,0,0,0,1288.94,1286.9057500000001,1.001580729591114,0
2017-09-20,7975.39,2662.627,0.7952246399479589,42.56291799298055,1367.77,328.84,4.159378421116653,1.0,1.6373324908699673,1.0,1.0,0,,0.01186980413614469,0.01186980413614469,0.0,0.0,1.0,1.6114183463294782,0,0,0,1367.77,1295.11025,1.0561031387096196,0
2017-09-21,7886.515,2675.551,0.782564477458107,40.05268858864858,1395.95,395.42,3.5302968994992665,1.0,1.611265774192672,1.0,1.0,0,,-0.015920234175189063,-0.015920234175189063,0.0,0.0,1.0,1.585764188901717,0,0,0,1395.95,1296.0505,1.0770799440299588,0
2017-09-22,7849.727,2679.053,0.7778958918299457,33.99938342349884,1193.31,334.72,3.5650991873804965,1.0,1.601653362112612,1.0,1.0,0,,-0.00596575204042693,-0.00596575204042693,0.0,0.0,1.0,1.5763039129561407,0,0,0,1193.31,1297.0275,0.9200344634173139,1
2017-09-25,7731.798,2680.652,0.7657522677153504,24.848596228310825,1055.85,399.3,2.644252441773103,1.0,1.576650175187921,1.0,1.0,0,,-0.015610860324802855,-0.015610860324802855,0.0,0.0,1.0,1.5516964527415422,0,0,0,1055.85,1291.4055,0.8175975710185529,2
2017-09-26,7746.239,2678.991,0.7676581554773004,15.986355831116123,926.0,240.99,3.842483090584672,1.0,1.580574314103934,1.0,1.0,0,,0.002488909066683309,0.002488909066683309,0.0,0.0,1.0,1.5555584841115109,0,0,0,926.0,1282.591,0.7219760625172016,3
2017-09-27,7810.234,2661.553,0.7790712131631358,11.211551554420096,985.41,251.99,3.910512321917536,1.0,1.6040732969453286,1.0,1.0,0,,0.011025527358175899,0.011150527358175899,0.000125,0.25,0.75,1.5727093367353249,0,0,1,985.41,1274.46525,0.7731948752623895,4
2017-09-28,7768.375,2661.283,0.7749743928362411,6.265224301089482,1042.57,261.89,3.9809461987857495,1.0,1.5956381244248694,1.0,1.0,0,,-0.00394394657799732,-0.00394394657799732,0.0,0.0,0.75,1.5665066551285232,0,0,1,1042.57,1269.84475,0.8210216248876092,5
2017-09-29,7842.586,2672.327,0.7791443406179127,3.483608708047849,1027.48,275.95,3.723428157274869,1.0,1.6042238631522416,1.0,1.0,0,,0.004035566678284419,0.004035566678284419,0.0,0.0,0.75,1.5728283971872705,0,0,1,1027.48,1262.4869999999999,0.8138539248324934,6
2017-10-09,7941.18,2692.077,0.7831515157913004,2.3469303894936977,1228.44,486.36,2.525783370342956,1.0,1.61247446025198,1.0,1.0,0,,0.003857284489363455,0.003857284489363455,0.0,0.0,0.75,1.5788952437681714,0,0,1,1228.44,1267.054,0.969524582219858,7
2017-10-10,7994.459,2695.537,0.7873938391248382,1.283299465616533,1238.65,432.82,2.8618132248971864,1.0,1.6212092170513064,1.0,1.0,0,,0.004062741929240277,0.004062741929240277,0.0,0.0,0.75,1.5853098876769063,0,0,1,1238.65,1266.4740000000002,0.9780303425099922,8
2017-10-11,7961.11,2707.522,0.7806383104707174,-0.3644891508283069,1382.5,332.12,4.162652053474647,1.0,1.6072998812451136,1.0,1.0,0,,-0.0064347042595887805,-0.0064347042595887805,0.0,0.0,0.75,1.5751088873899035,0,0,1,1382.5,1270.9817500000001,1.0877418184800842,0
2017-10-12,7940.138,2718.351,0.7754802608481681,-2.8458218660390275,1217.57,318.86,3.81850969077338,0.0,1.606496231304491,1.0,1.0,0,,-0.000375,0.0,0.000375,0.75,0.0,1.5745182215571323,0,0,0,1217.57,1270.382,0.9584282522894687,1
2017-10-13,7972.419,2713.377,0.780060355227679,-3.6457573232659506,1134.77,262.61,4.321122577205742,0.0,1.606496231304491,1.0,1.0,0,,0.0,0.0,0.0,0.0,0.0,1.5745182215571323,0,0,0,1134.77,1268.0997499999999,0.8948586260662855,2
2017-10-16,7819.586,2726.642,0.7613842181874784,-7.5570202692960144,1304.12,350.91,3.716394517112649,0.0,1.606496231304491,1.0,1.0,0,,0.0,0.0,0.0,0.0,0.0,1.5745182215571323,0,0,0,1304.12,1272.151,1.0251298784499638,0
2017-10-17,7805.068,2723.535,0.760837589041296,-11.811431701383222,855.12,245.99,3.476238871498841,0.0,1.606496231304491,1.0,1.0,0,,0.0,0.0,0.0,0.0,0.0,1.5745182215571323,0,0,0,855.12,1265.3695,0.675786795872668,1
2017-10-18,7730.272,2753.011,0.7454783908081313,-18.407283634017094,965.59,354.36,2.72488429845355,0.0,1.606496231304491,1.0,1.0,0,,0.0,0.0,0.0,0.0,0.0,1.5745182215571323,0,0,0,965.59,1257.6022500000001,0.7678023794884272,2
2017-10-19,7656.056,2756.035,0.7375111714716458,-25.397882580469396,943.7,372.33,2.534579539655682,0.0,1.606496231304491,1.0,1.0,0,,0.0,0.0,0.0,0.0,0.0,1.5745182215571323,0,0,0,943.7,1245.4789999999998,0.7577004509911449,3
2017-10-20,7751.428,2737.641,0.7517154065889462,-27.772877674608353,796.98,217.18,3.6696749240261535,0.0,1.606496231304491,1.0,1.0,0,,0.0,0.0,0.0,0.0,0.0,1.5745182215571323,0,0,0,796.98,1233.7620000000002,0.6459754798737519,4
2017-10-23,7793.537,2734.368,0.7567037199955323,-27.887568948581908,863.94,247.07,3.4967418140607927,0.0,1.606496231304491,1.0,1.0,0,,0.0,0.0,0.0,0.0,0.0,1.5745182215571323,0,0,0,863.94,1227.1337500000002,0.7040308360844936,5
2017-10-24,7752.924,2753.649,0.7474896366628508,-29.47301359539852,884.55,331.23,2.670500860429309,0.0,1.606496231304491,1.0,1.0,0,,0.0,0.0,0.0,0.0,0.0,1.5745182215571323,0,0,0,884.55,1219.87375,0.7251160212276065,6
2017-10-25,7799.749,2752.139,0.752416815268165,-28.6840714732,838.03,237.86,3.523206928445304,0.0,1.606496231304491,1.0,1.0,0,,0.0,0.0,0.0,0.0,0.0,1.5745182215571323,0,0,0,838.03,1216.2682499999999,0.6890174104273462,7
2017-10-26,7830.106,2771.044,0.7501920368825458,-29.109984287217916,1007.53,547.85,1.8390617869854888,0.0,1.606496231304491,1.0,1.0,0,,0.0,0.0,0.0,0.0,0.0,1.5745182215571323,0,0,0,1007.53,1217.7865,0.8273453515866698,8
2017-10-27,7770.713,2814.272,0.7330659199964324,-33.779038851764994,917.89,511.99,1.792788921658626,0.0,1.606496231304491,1.0,1.0,0,,0.0,0.0,0.0,0.0,0.0,1.5745182215571323,0,0,0,917.89,1216.9025,0.7542839298957805,9
2017-10-30,7574.655,2809.107,0.7158842460791611,-42.147919257377396,1093.79,626.21,1.7466824228294022,0.0,1.606496231304491,1.0,1.0,0,,0.0,0.0,0.0,0.0,0.0,1.5745182215571323,0,0,0,1093.79,1213.4207499999998,0.9014103310826028,10
2017-10-31,7631.533,2793.712,0.7252343796551198,-45.52831643801823,822.84,405.44,2.029498816101026,0.0,1.606496231304491,1.0,1.0,0,,0.0,0.0,0.0,0.0,0.0,1.5745182215571323,0,0,0,822.84,1203.5397500000001,0.6836832767675517,11
2017-11-01,7635.435,2789.402,0.7267263490113359,-46.542429136057244,889.97,579.94,1.534589785150188,0.0,1.606496231304491,1.0,1.0,0,,0.0,0.0,0.0,0.0,0.0,1.5745182215571323,0,0,0,889.97,1195.09075,0.7446882171918743,12
2017-11-02,7542.355,2794.102,0.7166596346912995,-48.64984394917961,905.32,454.19,1.9932627314559987,0.0,1.606496231304491,1.0,1.0,0,,0.0,0.0,0.0,0.0,0.0,1.5745182215571323,0,0,0,905.32,1188.1655,0.7619477252958448,13
2017-11-03,7476.981,2800.469,0.7088326893958029,-50.45556704132431,918.96,469.15,1.9587765107108603,0.0,1.606496231304491,1.0,1.0,0,,0.0,0.0,0.0,0.0,0.0,1.5745182215571323,0,0,0,918.96,1174.8035,0.7822244315751529,14
2017-11-06,7551.353,2792.224,0.7179971943425001,-47.910422211360626,877.37,434.7,2.018334483551875,0.0,1.606496231304491,1.0,1.0,0,,0.0,0.0,0.0,0.0,0.0,1.5745182215571323,0,0,0,877.37,1157.301,0.7581173782792895,15
2017-11-07,7596.168,2821.956,0.7146486104130927,-45.07437082152723,965.89,622.61,1.551356386823212,0.0,1.606496231304491,1.0,1.0,0,,0.0,0.0,0.0,0.0,0.0,1.5745182215571323,0,0,0,965.89,1145.3585,0.8433080122948404,16
2017-11-08,7617.525,2819.957,0.7171659017485352,-41.20199513121938,1036.15,582.78,1.7779436494045784,0.0,1.606496231304491,1.0,1.0,0,,0.0,0.0,0.0,0.0,0.0,1.5745182215571323,0,0,0,1036.15,1132.21675,0.9151516262235124,17
2017-11-09,7656.668,2832.961,0.7175422045592441,-36.48776609457836,930.46,419.51,2.217968582393745,0.0,1.606496231304491,1.0,1.0,0,,0.0,0.0,0.0,0.0,0.0,1.5745182215571323,0,0,0,930.46,1114.1725000000001,0.8351130547558838,18
2017-11-10,7669.971,2862.343,0.7114105106729891,-32.90510681416255,1070.73,618.42,1.731396138546619,0.0,1.606496231304491,1.0,1.0,0,,0.0,0.0,0.0,0.0,0.0,1.5745182215571323,0,0,0,1070.73,1105.424,0.9686147577762018,19
2017-11-13,7681.635,2873.515,0.7097222639029919,-30.490726004447094,1164.83,579.13,2.011344603111564,0.0,1.606496231304491,1.0,1.0,0,,0.0,0.0,0.0,0.0,0.0,1.5745182215571323,0,0,0,1164.83,1097.71125,1.0611442672196352,0
2017-11-14,7627.494,2861.423,0.7076981190791953,-28.368403469795204,1186.13,503.8,2.3543668122270742,0.0,1.606496231304491,1.0,1.0,0,,0.0,0.0,0.0,0.0,0.0,1.5745182215571323,0,0,0,1186.13,1078.761,1.0995299236809637,0
2017-11-15,7556.421,2850.05,0.7039015110227633,-28.102420750610744,985.47,467.04,2.1100334018499485,0.0,1.606496231304491,1.0,1.0,0,,0.0,0.0,0.0,0.0,0.0,1.5745182215571323,0,0,0,985.47,1069.307,0.9215968847113131,1
2017-11-16,7535.589,2879.398,0.6948062799968551,-29.396715384518796,916.35,493.88,1.8554102211063417,0.0,1.606496231304491,1.0,1.0,0,,0.0,0.0,0.0,0.0,0.0,1.5745182215571323,0,0,0,916.35,1055.45,0.8682078734189208,2
2017-11-17,7272.656,2938.798,0.6570093353617973,-37.16355519906448,1207.25,944.07,1.2787717012509665,0.0,1.606496231304491,1.0,1.0,0,,0.0,0.0,0.0,0.0,0.0,1.5745182215571323,0,0,0,1207.25,1051.609,1.1480027272493865,0
2017-11-20,7292.456,2941.153,0.6582705569900607,-42.11016120639913,880.52,633.99,1.3888547137967475,0.0,1.606496231304491,1.0,1.0,0,,0.0,0.0,0.0,0.0,0.0,1.5745182215571323,0,0,0,880.52,1042.86725,0.8443260635521923,1
2017-11-21,7289.307,2987.173,0.6478494534370967,-47.85981394222624,897.07,915.43,0.979943851523328,0.0,1.606496231304491,1.0,1.0,0,,0.0,0.0,0.0,0.0,0.0,1.5745182215571323,0,0,0,897.07,1033.0705,0.8683531278843022,2
2017-11-22,7297.391,3012.355,0.6431461819216241,-52.09836139115312,982.85,990.82,0.9919561575260896,0.0,1.606496231304491,1.0,1.0,0,,0.0,0.0,0.0,0.0,0.0,1.5745182215571323,0,0,0,982.85,1023.4475,0.9603326013303076,3
2017-11-23,7129.055,2940.726,0.6436142251055207,-55.203334134511074,956.07,897.74,1.0649742687192283,0.0,1.606496231304491,1.0,1.0,0,,0.0,0.0,0.0,0.0,0.0,1.5745182215571323,0,0,0,956.07,1012.4504999999999,0.9443128330718392,4
2017-11-24,7139.553,2936.834,0.6454161863288248,-58.13015100938954,771.99,654.21,1.1800339340578714,0.0,1.606496231304491,1.0,1.0,0,,0.0,0.0,0.0,0.0,0.0,1.5745182215571323,0,0,0,771.99,1001.9174999999999,0.7705125422003309,5
2017-11-27,7065.84,2917.306,0.643028236653926,-60.016342606764816,735.13,673.45,1.0915880911723217,0.0,1.606496231304491,1.0,1.0,0,,0.0,0.0,0.0,0.0,0.0,1.5745182215571323,0,0,0,735.13,993.8995000000001,0.7396421871627865,6
2017-11-28,7176.92,2897.107,0.6576908503641349,-55.57705601349352,724.0,426.68,1.6968219743133026,0.0,1.606496231304491,1.0,1.0,0,,0.0,0.0,0.0,0.0,0.0,1.5745182215571323,0,0,0,724.0,988.8495,0.732163994622033,7
2017-11-29,7193.12,2893.283,0.6600466338923777,-50.03972691899017,873.74,502.47,1.7388898839731723,0.0,1.606496231304491,1.0,1.0,0,,0.0,0.0,0.0,0.0,0.0,1.5745182215571323,0,0,0,873.74,986.0577499999999,0.8860941461085824,8
2017-11-30,7153.573,2863.447,0.6632573854166878,-43.875891503904754,810.46,516.12,1.5702937301402775,0.0,1.606496231304491,1.0,1.0,0,,0.0,0.0,0.0,0.0,0.0,1.5745182215571323,0,0,0,810.46,980.2549999999999,0.8267848672029219,9
2017-12-01,7215.776,2842.184,0.6740297768751539,-34.30368682518782,787.45,456.82,1.7237642835252398,0.0,1.606496231304491,1.0,1.0,0,,0.0,0.0,0.0,0.0,0.0,1.5745182215571323,0,0,0,787.45,974.25425,0.8082592403369039,10
2017-12-04,7139.749,2861.361,0.6624582624172045,-27.037390234751932,792.11,421.69,1.878417795062724,0.0,1.606496231304491,1.0,1.0,0,,0.0,0.0,0.0,0.0,0.0,1.5745182215571323,0,0,0,792.11,963.3459999999999,0.8222487039962797,11
2017-12-05,6946.557,2910.476,0.6336563794750124,-27.066605324618898,910.56,787.6,1.1561198577958354,0.0,1.606496231304491,1.0,1.0,0,,0.0,0.0,0.0,0.0,0.0,1.5745182215571323,0,0,0,910.56,955.14375,0.9533224710940107,12
2017-12-06,7016.764,2875.732,0.6477936552624445,-21.39167227101957,808.67,461.37,1.7527580900361963,0.0,1.606496231304491,1.0,1.0,0,,0.0,0.0,0.0,0.0,0.0,1.5745182215571323,0,0,0,808.67,940.798,0.8595575245695675,13
2017-12-07,7012.707,2848.888,0.6535194962909644,-13.385817209684186,741.14,397.88,1.862722428873027,0.0,1.606496231304491,1.0,1.0,0,,0.0,0.0,0.0,0.0,0.0,1.5745182215571323,0,0,0,741.14,928.88725,0.7978793981723832,14
2017-12-08,7078.001,2865.341,0.6558167971340777,-4.9624795372350325,789.99,379.59,2.0811665217734925,0.0,1.606496231304491,1.0,1.0,0,,0.0,0.0,0.0,0.0,0.0,1.5745182215571323,0,0,0,789.99,920.26775,0.8584349500457883,15
2017-12-11,7160.425,2899.104,0.6557272551251718,3.5725323971468086,886.31,441.55,2.007269844864681,0.0,1.606496231304491,1.0,1.0,0,,0.0,0.0,0.0,0.0,0.0,1.5745182215571323,0,0,0,886.31,909.8225,0.9741570471163331,16
2017-12-12,7095.595,2850.197,0.6609402048534342,13.480445940818903,920.36,365.59,2.517464919718811,0.0,1.606496231304491,1.0,1.0,0,,0.0,0.0,0.0,0.0,0.0,1.5745182215571323,0,0,0,920.36,911.4535,1.009771754675362,0
2017-12-13,7139.719,2872.94,0.6597855407725893,22.656109016100423,789.07,338.48,2.3312160245804776,0.0,1.606496231304491,1.0,1.0,0,,0.0,0.0,0.0,0.0,0.0,1.5745182215571323,0,0,0,789.07,907.0405000000001,0.8699391041524607,1
2017-12-14,7146.449,2850.046,0.6657124198927543,33.60334481759607,833.61,323.17,2.5794782931584,0.0,1.606496231304491,1.0,1.0,0,,0.0,0.0,0.0,0.0,0.0,1.5745182215571323,0,0,0,833.61,904.28825,0.9218410169544944,2
2017-12-15,7122.748,2820.167,0.6705342768940422,38.229918187870915,896.37,355.71,2.5199460234460656,0.0,1.606496231304491,1.0,1.0,0,,0.0,0.0,0.0,0.0,0.0,1.5745182215571323,0,0,0,896.37,906.7729999999999,0.9885274484352755,3
2017-12-18,7075.865,2829.059,0.6640270388828663,41.19214867736643,806.47,297.32,2.712464684515001,0.0,1.606496231304491,1.0,1.0,0,,0.0,0.0,0.0,0.0,0.0,1.5745182215571323,0,0,0,806.47,905.33625,0.8907960992393711,4
2017-12-19,7115.851,2873.03,0.6575592859352545,39.92697863432375,738.1,385.85,1.912919528314112,0.0,1.606496231304491,1.0,1.0,0,,0.0,0.0,0.0,0.0,0.0,1.5745182215571323,0,0,0,738.1,901.675,0.8185876285801426,5
2017-12-20,7041.5,2879.643,0.6491943985504984,35.12411340150426,829.56,419.57,1.977167099649641,0.0,1.606496231304491,1.0,1.0,0,,0.0,0.0,0.0,0.0,0.0,1.5745182215571323,0,0,0,829.56,901.46325,0.9202371810498098,6
2017-12-21,7051.339,2895.366,0.6465711975318542,29.949663724995585,848.72,389.62,2.1783276012525024,0.0,1.606496231304491,1.0,1.0,0,,0.0,0.0,0.0,0.0,0.0,1.5745182215571323,0,0,0,848.72,897.493,0.9456564006627349,7
2017-12-22,7037.397,2880.773,0.6485616186341581,26.297941093131822,794.76,278.35,2.8552541763966226,0.0,1.606496231304491,1.0,1.0,0,,0.0,0.0,0.0,0.0,0.0,1.5745182215571323,0,0,0,794.76,894.4147500000001,0.8885810525821493,8
2017-12-25,6940.511,2880.097,0.6397828031266735,19.409910702349915,821.12,398.61,2.059958355284614,0.0,1.606496231304491,1.0,1.0,0,,0.0,0.0,0.0,0.0,0.0,1.5745182215571323,0,0,0,821.12,887.5980000000002,0.9251034815310533,9
2017-12-26,6970.746,2894.336,0.6394087014250877,15.902339767234405,729.55,374.79,1.946556738440193,0.0,1.606496231304491,1.0,1.0,0,,0.0,0.0,0.0,0.0,0.0,1.5745182215571323,0,0,0,729.55,885.2657499999999,0.8241028188428164,10
2017-12-27,6942.539,2839.635,0.6490886841916679,16.28280484375034,810.33,459.81,1.7623148691850985,0.0,1.606496231304491,1.0,1.0,0,,0.0,0.0,0.0,0.0,0.0,1.5745182215571323,0,0,0,810.33,883.2747499999999,0.9174155606735052,11
2017-12-28,6956.483,2859.054,0.6459748360227261,16.247497397999403,828.54,517.39,1.601383869034964,0.0,1.606496231304491,1.0,1.0,0,,0.0,0.0,0.0,0.0,0.0,1.5745182215571323,0,0,0,828.54,881.35525,0.9400749584234053,12
2017-12-29,7017.351,2860.436,0.6513121728602642,20.259461904504544,742.43,404.51,1.8353810783416973,0.0,1.606496231304491,1.0,1.0,0,,0.0,0.0,0.0,0.0,0.0,1.5745182215571323,0,0,0,742.43,876.942,0.8466124327492581,13
2018-01-02,7092.095,2908.732,0.6473200603968423,22.037514811720587,837.07,634.12,1.3200498328392103,0.0,1.606496231304491,1.0,1.0,0,,0.0,0.0,0.0,0.0,0.0,1.5745182215571323,0,0,0,837.07,875.9345,0.955630814861157,14
2018-01-03,7159.876,2913.26,0.6524909394325676,19.691846272604412,1025.37,693.4,1.4787568503028554,0.0,1.606496231304491,1.0,1.0,0,,0.0,0.0,0.0,0.0,0.0,1.5745182215571323,0,0,0,1025.37,877.4215,1.168617363490637,0
2018-01-04,7174.865,2919.479,0.6524640815696796,19.8474729533159,1007.85,590.72,1.7061382719393283,0.0,1.606496231304491,1.0,1.0,0,,0.0,0.0,0.0,0.0,0.0,1.5745182215571323,0,0,0,1007.85,876.7140000000002,1.1495767148693872,0
2018-01-05,7176.868,2932.356,0.6497802316444152,20.175671955895627,1030.63,624.92,1.649219100044806,0.0,1.606496231304491,1.0,1.0,0,,0.0,0.0,0.0,0.0,0.0,1.5745182215571323,0,0,0,1030.63,879.2182499999999,1.1722117915546,0
2018-01-08,7188.291,2947.761,0.647413292208081,20.363206487690857,1089.27,820.71,1.3272288628139048,0.0,1.606496231304491,1.0,1.0,0,,0.0,0.0,0.0,0.0,0.0,1.5745182215571323,0,0,0,1089.27,879.6817500000001,1.2382546301545985,0
2018-01-09,7176.742,2969.318,0.6416805169399342,18.881779788751736,944.07,604.96,1.560549457815393,0.0,1.606496231304491,1.0,1.0,0,,0.0,0.0,0.0,0.0,0.0,1.5745182215571323,0,0,0,944.07,874.1627500000001,1.0799705203636278,0
2018-01-10,7138.781,2995.564,0.6326939574154248,16.18787334350744,1031.33,722.08,1.428276645247064,0.0,1.606496231304491,1.0,1.0,0,,0.0,0.0,0.0,0.0,0.0,1.5745182215571323,0,0,0,1031.33,870.29275,1.185038023124977,0
2018-01-11,7175.398,2997.045,0.6356249874751417,14.772340297027613,1009.24,562.8,1.7932480454868516,0.0,1.606496231304491,1.0,1.0,0,,0.0,0.0,0.0,0.0,0.0,1.5745182215571323,0,0,0,1009.24,870.8870000000001,1.1588644680653173,0
2018-01-12,7127.828,3018.596,0.6269031461846948,12.314932561673867,968.16,553.28,1.7498554077501447,0.0,1.606496231304491,1.0,1.0,0,,0.0,0.0,0.0,0.0,0.0,1.5745182215571323,0,0,0,968.16,872.1822500000001,1.1100432277772219,0
2018-01-15,6929.307,3048.808,0.60340368483238,4.929450164807634,1123.58,897.65,1.251690525260402,0.0,1.606496231304491,1.0,1.0,0,,0.0,0.0,0.0,0.0,0.0,1.5745182215571323,0,0,0,1123.58,870.0905,1.2913369356406028,0
2018-01-16,6960.677,3063.861,0.6031573899896855,-1.6050173315490728,930.53,871.95,1.067182751304547,0.0,1.606496231304491,1.0,1.0,0,,0.0,0.0,0.0,0.0,0.0,1.5745182215571323,0,0,0,930.53,871.34075,1.0679289359530126,0
2018-01-17,6942.863,3076.182,0.5992041317799306,-8.5641815588793,962.9,1191.56,0.8081003054818893,0.0,1.606496231304491,1.0,1.0,0,,0.0,0.0,0.0,0.0,0.0,1.5745182215571323,0,0,0,962.9,872.9865,1.1029952925961628,0
2018-01-18,6955.232,3106.552,0.5944033162142707,-16.27432007772821,765.05,1119.74,0.6832389661885795,0.0,1.606496231304491,1.0,1.0,0,,0.0,0.0,0.0,0.0,0.0,1.5745182215571323,0,0,0,765.05,867.5414999999999,0.8818598303366467,1
2018-01-19,6938.312,3117.821,0.5908141356871582,-23.264912668277713,825.43,1179.95,0.6995465909572439,0.0,1.606496231304491,1.0,1.0,0,,0.0,0.0,0.0,0.0,0.0,1.5745182215571323,0,0,0,825.43,864.2755,0.9550542622115286,2
2018-01-22,7014.548,3130.33,0.5949189439803713,-27.10980811956861,914.42,968.54,0.9441220806574844,0.0,1.606496231304491,1.0,1.0,0,,0.0,0.0,0.0,0.0,0.0,1.5745182215571323,0,0,0,914.42,867.8362500000001,1.0536780412203337,0
2018-01-23,7019.975,3176.504,0.5867247238940976,-32.91692360883126,869.36,1205.07,0.7214186727741957,0.0,1.606496231304491,1.0,1.0,0,,0.0,0.0,0.0,0.0,0.0,1.5745182215571323,0,0,0,869.36,871.192,0.9978971340416349,1
2018-01-24,7072.406,3180.332,0.5903953865672144,-35.15701337306789,1041.24,1251.82,0.8317809269703312,0.0,1.606496231304491,1.0,1.0,0,,0.0,0.0,0.0,0.0,0.0,1.5745182215571323,0,0,0,1041.24,879.1229999999999,1.1844076426165624,0
2018-01-25,7062.635,3157.459,0.593850700004919,-33.88259488172932,1104.2,975.74,1.1316539242011192,0.0,1.606496231304491,1.0,1.0,0,,0.0,0.0,0.0,0.0,0.0,1.5745182215571323,0,0,0,1104.2,884.8844999999999,1.2478464703585612,0
2018-01-26,7056.013,3172.778,0.5904293216709513,-32.42305174241712,924.59,944.65,0.9787646218176044,0.0,1.606496231304491,1.0,1.0,0,,0.0,0.0,0.0,0.0,0.0,1.5745182215571323,0,0,0,924.59,887.73775,1.0415125412882351,0
2018-01-29,6972.479,3120.695,0.5931767498856625,-28.49606469578397,967.07,966.42,1.0006725854183482,0.0,1.606496231304491,1.0,1.0,0,,0.0,0.0,0.0,0.0,0.0,1.5745182215571323,0,0,0,967.07,892.2282500000001,1.083881843014946,0
2018-01-30,6955.243,3079.118,0.5997002164848823,-21.815801014661876,801.9,694.74,1.154244753432939,0.0,1.606496231304491,1.0,1.0,0,,0.0,0.0,0.0,0.0,0.0,1.5745182215571323,0,0,0,801.9,892.4730000000002,0.8985145769115702,1
2018-01-31,6791.009,3116.833,0.5784542322977125,-20.27888184940835,981.72,729.9,1.3450061652281136,0.0,1.606496231304491,1.0,1.0,0,,0.0,0.0,0.0,0.0,0.0,1.5745182215571323,0,0,0,981.72,894.2519999999998,1.0978113551884705,0
2018-02-01,6506.453,3141.23,0.5499114858978651,-25.78673403044486,1070.38,926.05,1.1558555153609418,0.0,1.606496231304491,1.0,1.0,0,,0.0,0.0,0.0,0.0,0.0,1.5745182215571323,0,0,0,1070.38,900.79475,1.1882618099184084,0
2018-02-02,6487.867,3149.641,0.5468763135205457,-29.843152713392257,857.79,720.98,1.1897556104191516,0.0,1.606496231304491,1.0,1.0,0,,0.0,0.0,0.0,0.0,0.0,1.5745182215571323,0,0,0,857.79,903.711,0.9491861889475728,1
2018-02-05,6461.813,3181.339,0.5392531200015386,-34.09319705396315,721.24,915.29,0.7879906914748331,0.0,1.606496231304491,1.0,1.0,0,,0.0,0.0,0.0,0.0,0.0,1.5745182215571323,0,0,0,721.24,901.99225,0.7996077571619934,2
2018-02-06,6142.668,3117.491,0.5231184831731596,-41.66856459840182,891.22,1274.06,0.6995117969326405,0.0,1.606496231304491,1.0,1.0,0,,0.0,0.0,0.0,0.0,0.0,1.5745182215571323,0,0,0,891.22,902.115,0.9879228258038055,3
2018-02-07,6158.257,3029.601,0.5396604659935957,-41.53506368215211,846.7,1191.71,0.7104916464576113,0.0,1.606496231304491,1.0,1.0,0,,0.0,0.0,0.0,0.0,0.0,1.5745182215571323,0,0,0,846.7,900.2735,0.9404919727171799,4
2018-02-08,6238.221,2945.844,0.5622108750041209,-32.487283698807325,641.35,894.55,0.7169526577608855,0.0,1.606496231304491,1.0,1.0,0,,0.0,0.0,0.0,0.0,0.0,1.5745182215571323,0,0,0,641.35,896.5804999999998,0.7153289637684516,5
2018-02-09,6053.02,2810.027,0.5718865022517904,-21.330935107714875,775.7,1112.23,0.697427690315852,0.0,1.606496231304491,1.0,1.0,0,,0.0,0.0,0.0,0.0,0.0,1.5745182215571323,0,0,0,775.7,895.1327500000001,0.8665753766689912,6
2018-02-12,6203.752,2805.211,0.5871338579279335,-8.007994425967526,636.09,561.21,1.1334259902710215,0.0,1.606496231304491,1.0,1.0,0,,0.0,0.0,0.0,0.0,0.0,1.5745182215571323,0,0,0,636.09,888.6257499999999,0.7158131530624676,7
2018-02-13,6216.51,2852.717,0.5785437106596415,1.5952049459288937,633.59,568.9,1.1137106697134822,0.0,1.606496231304491,1.0,1.0,0,,0.0,0.0,0.0,0.0,0.0,1.5745182215571323,0,0,0,633.59,884.30375,0.7164845789696132,8
2018-02-14,6230.663,2871.787,0.5760103235913314,9.337996001283203,438.31,316.9,1.3831177027453456,0.0,1.606496231304491,1.0,1.0,0,,0.0,0.0,0.0,0.0,0.0,1.5745182215571323,0,0,0,438.31,876.809,0.49989222282161794,9
2018-02-22,6347.083,2931.882,0.5747459513808634,15.574990616916086,596.97,492.15,1.2129838463882965,0.0,1.606496231304491,1.0,1.0,0,,0.0,0.0,0.0,0.0,0.0,1.5745182215571323,0,0,0,596.97,870.9942500000001,0.6853891400545985,10
2018-02-23,6365.916,2957.171,0.571521661520318,19.68697116821668,653.56,458.51,1.4253996641294628,0.0,1.606496231304491,1.0,1.0,0,,0.0,0.0,0.0,0.0,0.0,1.5745182215571323,0,0,0,653.56,866.1152500000001,0.7545877987946753,11
2018-02-26,6507.128,2973.786,0.5809354347027236,27.927316605199067,929.03,585.94,1.585537768372188,0.0,1.606496231304491,1.0,1.0,0,,0.0,0.0,0.0,0.0,0.0,1.5745182215571323,0,0,0,929.03,869.472,1.06849904309742,0
2018-02-27,6529.38,2927.097,0.5922199868871616,37.229006450645514,975.06,545.02,1.7890352647609262,0.0,1.606496231304491,1.0,1.0,0,,0.0,0.0,0.0,0.0,0.0,1.5745182215571323,0,0,0,975.06,873.3205,1.1164973225751598,0
2018-02-28,6563.808,2878.667,0.6053585350440464,50.0997171456165,967.05,477.25,2.026296490309062,0.0,1.606496231304491,1.0,1.0,0,,0.0,0.0,0.0,0.0,0.0,1.5745182215571323,0,0,0,967.05,879.258,1.0998478262353029,0
2018-03-01,6658.578,2891.298,0.6114160937195794,64.22999842550189,998.25,400.76,2.49089230462122,0.0,1.606496231304491,1.0,1.0,0,,0.0,0.0,0.0,0.0,0.0,1.5745182215571323,0,0,0,998.25,883.9559999999999,1.1292982908651563,0
2018-03-02,6632.371,2864.183,0.6147751144053177,76.09823243846657,972.03,365.84,2.6569811939645747,0.0,1.606496231304491,1.0,1.0,0,,0.0,0.0,0.0,0.0,0.0,1.5745182215571323,0,0,0,972.03,887.54325,1.0951916991087478,0
2018-03-05,6674.277,2863.991,0.6187009865087371,86.8727361848481,879.91,360.66,2.439721621471746,0.0,1.606496231304491,1.0,1.0,0,,0.0,0.0,0.0,0.0,0.0,1.5745182215571323,0,0,0,879.91,890.98025,0.9875752015827511,1
2018-03-06,6735.859,2892.475,0.6182606468844741,100.65476465574137,1060.46,537.2,1.9740506329113925,0.0,1.606496231304491,1.0,1.0,0,,0.0,0.0,0.0,0.0,0.0,1.5745182215571323,0,0,0,1060.46,896.5649999999999,1.182803254644114,0
2018-03-07,6688.545,2878.151,0.6169732126355079,110.0748998261646,908.15,453.94,2.0005947922632945,0.0,1.606496231304491,1.0,1.0,0,,0.0,0.0,0.0,0.0,0.0,1.5745182215571323,0,0,0,908.15,893.6344999999999,1.0162432180046765,0
2018-03-08,6725.183,2898.254,0.6160499020952487,107.22157387736753,856.63,375.38,2.28203420533859,0.0,1.606496231304491,1.0,1.0,0,,0.0,0.0,0.0,0.0,0.0,1.5745182215571323,0,0,0,856.63,889.8539999999999,0.9626635380635475,1
2018-03-09,6837.126,2908.197,0.624162958807906,105.7520095667921,1175.53,393.04,2.9908660696112355,0.0,1.606496231304491,1.0,1.0,0,,0.0,0.0,0.0,0.0,0.0,1.5745182215571323,0,0,0,1175.53,893.4765,1.3156809384466184,0
2018-03-12,6947.46,2909.579,0.6339341266257406,105.8979484064986,1410.2,542.36,2.6001180028025668,1.0,1.6308424158062045,1.0,1.0,0,,0.015154834494659208,0.01565483449465921,0.0005,1.0,1.0,1.5983797846136558,0,0,0,1410.2,901.49975,1.5642821864343281,0
2018-03-13,6911.666,2883.377,0.6363990805846567,95.27398686921248,1245.25,443.83,2.805691368316698,1.0,1.6371836921318803,1.0,1.0,0,,0.0038883440019807924,0.0038883440019807924,0.0,0.0,1.0,1.6045948350620456,0,0,0,1245.25,909.0292499999999,1.3698679112910834,0
2018-03-14,6834.835,2871.334,0.6319643087980329,83.99962766806728,1055.72,369.29,2.85878307021582,1.0,1.6257749137899682,1.0,1.0,0,,-0.006968538959153725,-0.006968538959153725,0.0,0.0,1.0,1.593413153440259,0,0,0,1055.72,909.6390000000001,1.160592278915042,0
2018-03-15,6824.052,2894.983,0.6258129417527409,75.85633533624028,1013.7,352.13,2.878766364694857,1.0,1.6099500672147384,1.0,1.0,0,,-0.00973372540134676,-0.00973372540134676,0.0,0.0,1.0,1.5779033073537774,0,0,0,1013.7,909.7504999999999,1.1142615475341868,0
2018-03-16,6805.926,2870.732,0.6294232812808914,69.38186756571596,969.45,364.37,2.6606196997557428,1.0,1.619237932610642,1.0,1.0,0,,0.005769039416217314,0.005769039416217314,0.0,0.0,1.0,1.587006293728881,0,0,0,969.45,909.78275,1.0655840638877798,0
2018-03-19,6820.502,2897.256,0.624996665092018,66.02679883497406,953.64,374.19,2.548544856890884,1.0,1.6078501351469932,1.0,1.0,0,,-0.007032812926565324,-0.007032812926565324,0.0,0.0,1.0,1.575845175351804,0,0,0,953.64,905.53425,1.0531241639949014,0
2018-03-20,6822.255,2904.397,0.6236202357856597,59.268316173538395,914.23,339.3,2.6944591806660774,1.0,1.6043091689789215,1.0,1.0,0,,-0.002202298641314604,-0.002202298641314604,0.0,0.0,1.0,1.5723746936632044,0,0,0,914.23,905.12675,1.0100574311829806,0
2018-03-21,6771.055,2894.184,0.621124175929676,50.52609652042332,1081.71,472.99,2.2869616693799024,1.0,1.5978878704329722,1.0,1.0,0,,-0.004002531849915281,-0.004002531849915281,0.0,0.0,1.0,1.5660812138718165,0,0,0,1081.71,908.097,1.1911833207245481,0
2018-03-22,6764.69,2866.67,0.6264961812466759,43.04454364510605,950.36,428.76,2.216531392853811,1.0,1.6117077513337401,1.0,1.0,0,,0.008648842735769158,0.008648842735769158,0.0,0.0,1.0,1.5796260040020362,0,0,0,950.36,912.7297500000001,1.041228249654402,0
2018-03-23,6402.893,2791.467,0.6089645009128829,28.06047688529391,1340.74,748.72,1.7907094775082808,1.0,1.5666062073280729,1.0,1.0,0,,-0.027983698637885412,-0.027983698637885412,0.0,0.0,1.0,1.5354222259454762,0,0,0,1340.74,925.6125,1.4484895137003877,0
2018-03-26,6515.251,2738.868,0.6315507860199299,22.746939406647392,1008.12,560.21,1.7995394584173792,0.0,1.565822904224409,1.0,1.0,0,,-0.0005,0.0,0.0005,1.0,0.0,1.5346545148325035,0,0,0,1008.12,927.9549999999999,1.086388887392169,0
2018-03-27,6680.844,2747.587,0.6455473585128866,23.087545313333138,1257.65,495.89,2.5361471294036986,1.0,1.5997421169327712,1.0,1.0,0,,0.021662227967704506,0.022162227967704506,0.0005,1.0,1.0,1.5678985507844723,0,0,0,1257.65,937.66225,1.341261205727329,0
2018-03-28,6635.873,2694.826,0.653755818601,27.099812764318763,1145.84,509.97,2.2468772672902326,1.0,1.620083644389977,1.0,1.0,0,,0.012715504106503905,0.012715504106503905,0.0,0.0,1.0,1.5878351712455538,0,0,0,1145.84,940.2772499999999,1.2186192955322488,0
2018-03-29,6684.275,2738.791,0.6479532123685641,28.962352058947587,1036.28,576.31,1.7981294789262725,1.0,1.6057041051422474,1.0,1.0,0,,-0.008875800516549348,-0.008875800516549348,0.0,0.0,1.0,1.5737418630124174,0,0,0,1036.28,938.57925,1.104094299975202,0
2018-03-30,6798.668,2722.153,0.6630702346338785,34.747633197492405,1220.28,393.58,3.10046242187103,1.0,1.643165860475185,1.0,1.0,0,,0.02333042259340745,0.02333042259340745,0.0,0.0,1.0,1.6104579257294334,0,0,0,1220.28,945.9715,1.2899754379492405,0
2018-04-02,6835.875,2711.374,0.6693494576101385,41.58432257952187,1447.08,433.02,3.34183178606069,1.0,1.658726511950664,1.0,1.0,0,,0.0094699213571654,0.0094699213571654,0.0,0.0,1.0,1.6257088356351148,0,0,0,1447.08,957.9717499999999,1.5105664650340682,0
2018-04-03,6769.558,2697.272,0.6663214586446461,45.653261630158255,1191.5,360.26,3.307333592405485,1.0,1.6512227751430564,1.0,1.0,0,,-0.004523793858448255,-0.004523793858448255,0.0,0.0,1.0,1.6183544639888436,0,0,0,1191.5,967.7117499999998,1.2312550715644408,0
2018-04-04,6708.922,2702.369,0.659107605006077,45.7025920814325,1100.84,375.49,2.931742523103145,1.0,1.6333459991965287,1.0,1.0,0,,-0.010826386491052942,-0.010826386491052942,0.0,0.0,1.0,1.6008335330821797,0,0,0,1100.84,970.6897500000001,1.1340801734024695,0
2018-04-09,6718.649,2715.732,0.6568153194189368,43.201975536122106,1007.09,350.14,2.87624950019992,1.0,1.6276654464850533,1.0,1.0,0,,-0.00347786244572168,-0.00347786244572168,0.0,0.0,1.0,1.5952660542556212,0,0,0,1007.09,969.1074999999998,1.039193278351473,0
2018-04-10,6720.774,2780.804,0.6416484395764094,36.76790833649297,1080.46,469.05,2.303507088796504,1.0,1.5900801382244119,1.0,1.0,0,,-0.023091543991307972,-0.023091543991307972,0.0,0.0,1.0,1.5584288979859373,0,0,0,1080.46,974.67425,1.108534466771847,0
2018-04-11,6759.812,2785.339,0.6443247114577693,33.183299015520696,1068.01,451.63,2.3647897615304565,1.0,1.5967122540382492,1.0,1.0,0,,0.004170931800483446,0.004170931800483446,0.0,0.0,1.0,1.5649289986353392,0,0,0,1068.01,983.3435,1.0861006352307205,0
2018-04-12,6727.645,2749.699,0.649570272754114,31.681968222041398,1002.32,326.75,3.0675439938791125,1.0,1.6097113705586026,1.0,1.0,0,,0.00814117665063141,0.00814117665063141,0.0,0.0,1.0,1.5776693620589253,0,0,0,1002.32,986.1209999999999,1.0164269901969436,0
2018-04-13,6721.663,2726.396,0.6545397543174134,30.541357705923247,968.32,264.41,3.662191293823985,1.0,1.6220263290992811,1.0,1.0,0,,0.007650414084113155,0.007650414084113155,0.0,0.0,1.0,1.5897391859664947,0,0,0,968.32,989.1614999999999,0.978930134260179,1
2018-04-16,6717.931,2664.705,0.6693212791617285,31.61140145595741,1065.12,425.49,2.503278572939434,1.0,1.6586566824484332,1.0,1.0,0,,0.02258308184768687,0.02258308184768687,0.0,0.0,1.0,1.625640396119651,0,0,0,1065.12,999.75575,1.0653802191185195,0
2018-04-17,6564.692,2635.703,0.661250653504431,30.05734927407642,1137.27,346.87,3.278663476230288,1.0,1.6386567248872728,1.0,1.0,0,,-0.012057924809151799,-0.012057924809151799,0.0,0.0,1.0,1.6060385464565206,0,0,0,1137.27,1008.7949999999998,1.127354913535456,0
2018-04-18,6661.291,2653.769,0.6664130914987039,28.285532753279963,1154.08,401.17,2.8767854026971107,1.0,1.6514498521095995,1.0,1.0,0,,0.007807081878730138,0.007807081878730138,0.0,0.0,1.0,1.6185770208891033,0,0,0,1154.08,1021.7447500000001,1.1295188940290615,0
2018-04-19,6677.09,2682.552,0.6608262880011929,23.73268702553442,1167.77,346.09,3.374180126556676,1.0,1.6376050973659904,1.0,1.0,0,,-0.00838339397707022,-0.00838339397707022,0.0,0.0,1.0,1.6050078520407574,0,0,0,1167.77,1035.09925,1.128172008626226,0
2018-04-20,6535.963,2647.376,0.6554539543609471,16.389669699642337,1066.82,342.89,3.1112601709002887,1.0,1.6242918240992323,1.0,1.0,0,,-0.008129721437831305,-0.008129721437831305,0.0,0.0,1.0,1.591959585298134,0,0,0,1066.82,1050.8120000000001,1.0152339333772358,0
2018-04-23,6466.519,2664.918,0.6442210895994946,6.858042300663364,970.61,295.2,3.287974254742548,1.0,1.5964554669122069,1.0,1.0,0,,-0.017137534508284813,-0.017137534508284813,0.0,0.0,1.0,1.5646773229692925,0,0,0,970.61,1060.153,0.915537662959969,1
2018-04-24,6606.584,2722.847,0.6441721624029663,-5.422264264167903,1021.04,478.57,2.133522786635184,1.0,1.5963342195770303,1.0,1.0,0,,-7.594783424247353e-05,-7.594783424247353e-05,0.0,0.0,1.0,1.5645584891153246,0,0,0,1021.04,1069.34,0.9548319524192493,2
2018-04-25,6632.019,2702.98,0.6514051080693338,-11.030218291471027,1056.7,277.73,3.804774421200446,0.0,1.5955360524672417,1.0,1.0,0,,-0.0005,0.0,0.0005,1.0,0.0,1.563776209870767,0,0,0,1056.7,1072.53175,0.9852388985221183,3
2018-04-26,6510.534,2666.024,0.6483369698448623,-15.105541009380827,1024.41,306.51,3.3421748066947248,0.0,1.5955360524672417,1.0,1.0,0,,0.0,0.0,0.0,0.0,0.0,1.563776209870767,0,0,0,1024.41,1073.7655,0.9540351221938125,4
2018-04-27,6517.054,2653.544,0.6520385253623368,-16.884858531983923,873.67,505.47,1.7284309652402712,0.0,1.5955360524672417,1.0,1.0,0,,0.0,0.0,0.0,0.0,0.0,1.563776209870767,0,0,0,873.67,1071.431,0.8154234850401005,5
2018-05-02,6486.814,2652.731,0.6492118869130437,-19.574087121426285,842.44,368.33,2.2871881193494965,0.0,1.5955360524672417,1.0,1.0,0,,0.0,0.0,0.0,0.0,0.0,1.563776209870767,0,0,0,842.44,1067.53575,0.7891445321620377,6
2018-05-03,6545.274,2663.975,0.6522978052075756,-19.03985790323579,899.69,347.59,2.5883656031531403,0.0,1.5955360524672417,1.0,1.0,0,,0.0,0.0,0.0,0.0,0.0,1.563776209870767,0,0,0,899.69,1065.72725,0.8442028671031918,7
2018-05-04,6531.293,2646.355,0.655238329476173,-16.88394629843834,811.39,270.84,2.995827795008123,0.0,1.5955360524672417,1.0,1.0,0,,0.0,0.0,0.0,0.0,0.0,1.563776209870767,0,0,0,811.39,1064.01425,0.7625743734165215,8
2018-05-07,6646.584,2683.849,0.6574892407950704,-14.632881930693664,922.15,393.88,2.3411952879049456,0.0,1.5955360524672417,1.0,1.0,0,,0.0,0.0,0.0,0.0,0.0,1.563776209870767,0,0,0,922.15,1060.5565000000001,0.86949634460776,9
2018-05-08,6678.145,2722.88,0.6511417956431033,-15.228265212037478,954.91,453.67,2.1048559525646398,0.0,1.5955360524672417,1.0,1.0,0,,0.0,0.0,0.0,0.0,0.0,1.563776209870767,0,0,0,954.91,1061.7255,0.8993944291627167,10
2018-05-09,6674.909,2717.239,0.6521773928448752,-16.194165267024243,908.06,268.36,3.3837382620360708,0.0,1.5955360524672417,1.0,1.0,0,,0.0,0.0,0.0,0.0,0.0,1.563776209870767,0,0,0,908.06,1063.01125,0.8542336687405706,11
2018-05-10,6703.211,2729.4,0.6520245276703083,-19.14575941458444,1008.37,269.16,3.746359042948432,0.0,1.5955360524672417,1.0,1.0,0,,0.0,0.0,0.0,0.0,0.0,1.563776209870767,0,0,0,1008.37,1058.83225,0.9523416008532042,12
2018-05-11,6636.767,2724.716,0.6466712588437078,-22.981358082271676,980.29,289.17,3.390012795241553,0.0,1.5955360524672417,1.0,1.0,0,,0.0,0.0,0.0,0.0,0.0,1.563776209870767,0,0,0,980.29,1048.0845,0.9353158070747158,13
2018-05-14,6591.73,2753.535,0.6355607068194047,-28.69228750063706,891.53,365.1,2.441878937277458,0.0,1.5955360524672417,1.0,1.0,0,,0.0,0.0,0.0,0.0,0.0,1.563776209870767,0,0,0,891.53,1039.2414999999999,0.8578660494216215,14
2018-05-15,6661.129,2750.831,0.6428833301744825,-30.342855859766697,842.81,292.86,2.8778597281977736,0.0,1.5955360524672417,1.0,1.0,0,,0.0,0.0,0.0,0.0,0.0,1.563776209870767,0,0,0,842.81,1033.91875,0.8151607657758406,15
2018-05-16,6622.641,2716.782,0.6471793516848574,-29.068164996533852,908.8,295.66,3.073800987620916,0.0,1.5955360524672417,1.0,1.0,0,,0.0,0.0,0.0,0.0,0.0,1.563776209870767,0,0,0,908.8,1031.2962499999999,0.8812210846301439,16
2018-05-17,6591.255,2700.877,0.6479053074552183,-27.923181970824107,801.62,228.19,3.5129497348700647,0.0,1.5955360524672417,1.0,1.0,0,,0.0,0.0,0.0,0.0,0.0,1.563776209870767,0,0,0,801.62,1027.1005,0.7804689025075929,17
2018-05-18,6620.775,2740.535,0.6413892940675554,-27.87129221301118,816.81,288.72,2.82907315045719,0.0,1.5955360524672417,1.0,1.0,0,,0.0,0.0,0.0,0.0,0.0,1.563776209870767,0,0,0,816.81,1023.6797499999999,0.7979155590408036,18
2018-05-21,6697.144,2745.804,0.6475425841612655,-26.532716016327075,1020.1,341.39,2.988078151088198,0.0,1.5955360524672417,1.0,1.0,0,,0.0,0.0,0.0,0.0,0.0,1.563776209870767,0,0,0,1020.1,1026.3265,0.9939332171584775,19
2018-05-22,6724.398,2728.0,0.654421071578818,-24.213763836915227,981.88,273.44,3.5908425980105325,0.0,1.5955360524672417,1.0,1.0,0,,0.0,0.0,0.0,0.0,0.0,1.563776209870767,0,0,0,981.88,1023.8307500000001,0.9590256983393006,20
2018-05-23,6652.292,2683.693,0.6580921359327694,-22.378515885840816,1007.48,310.24,3.247421351211965,0.0,1.5955360524672417,1.0,1.0,0,,0.0,0.0,0.0,0.0,0.0,1.563776209870767,0,0,0,1007.48,1025.25875,0.9826592555293969,21
2018-05-24,6628.502,2665.676,0.6601707223774305,-20.098824723607365,814.89,236.95,3.439079974678202,0.0,1.5955360524672417,1.0,1.0,0,,0.0,0.0,0.0,0.0,0.0,1.563776209870767,0,0,0,814.89,1012.1125,0.8051377687757043,22
2018-05-25,6541.45,2661.291,0.6525741873853675,-19.412398248315764,903.78,228.17,3.960993995704957,0.0,1.5955360524672417,1.0,1.0,0,,0.0,0.0,0.0,0.0,0.0,1.563776209870767,0,0,0,903.78,1009.5040000000001,0.8952713411734871,23
2018-05-28,6490.405,2673.199,0.6445976796754134,-21.083337777015732,874.79,255.03,3.430145473081598,0.0,1.5955360524672417,1.0,1.0,0,,0.0,0.0,0.0,0.0,0.0,1.563776209870767,0,0,0,874.79,999.9324999999999,0.874849052311031,24
2018-05-29,6436.773,2663.403,0.64162243226839,-22.71260682845265,865.79,348.69,2.482979150534859,0.0,1.5955360524672417,1.0,1.0,0,,0.0,0.0,0.0,0.0,0.0,1.563776209870767,0,0,0,865.79,992.93125,0.8719536221666908,25
2018-05-30,6232.416,2605.901,0.634960561891147,-25.762526355075142,931.66,316.39,2.9446569107746767,0.0,1.5955360524672417,1.0,1.0,0,,0.0,0.0,0.0,0.0,0.0,1.563776209870767,0,0,0,931.66,990.3157500000001,0.9407706582471297,26
2018-05-31,6315.172,2658.292,0.6307114706777521,-28.60198472957601,831.83,401.6,2.07128984063745,0.0,1.5955360524672417,1.0,1.0,0,,0.0,0.0,0.0,0.0,0.0,1.563776209870767,0,0,0,831.83,980.6045,0.8482828704130972,27
2018-06-01,6243.732,2647.187,0.6261925011218653,-31.219245471573757,811.34,272.62,2.976083926344362,0.0,1.5955360524672417,1.0,1.0,0,,0.0,0.0,0.0,0.0,0.0,1.563776209870767,0,0,0,811.34,964.711,0.8410187092300181,28
2018-06-04,6215.609,2694.577,0.6124086534239838,-36.53425057246929,712.61,349.65,2.0380666380666383,0.0,1.5955360524672417,1.0,1.0,0,,0.0,0.0,0.0,0.0,0.0,1.563776209870767,0,0,0,712.61,952.7387500000001,0.7479595009649812,29
2018-06-05,6316.419,2707.017,0.6194812677160112,-39.034036697205586,743.1,392.75,1.892043284532145,0.0,1.5955360524672417,1.0,1.0,0,,0.0,0.0,0.0,0.0,0.0,1.563776209870767,0,0,0,743.1,943.7952499999999,0.7873529772479784,30
2018-06-06,6320.474,2692.181,0.6232949734785751,-39.38211620073636,713.03,324.75,2.1956274056966896,0.0,1.5955360524672417,1.0,1.0,0,,0.0,0.0,0.0,0.0,0.0,1.563776209870767,0,0,0,713.03,936.44375,0.7614232034759162,31
2018-06-07,6274.884,2695.237,0.6180974786794866,-40.7068116475207,718.42,370.61,1.938479803567092,0.0,1.5955360524672417,1.0,1.0,0,,0.0,0.0,0.0,0.0,0.0,1.563776209870767,0,0,0,718.42,927.39275,0.7746663967342854,32
2018-06-08,6205.956,2652.082,0.6212551108059703,-41.43858457241352,725.64,343.96,2.109663914408652,0.0,1.5955360524672417,1.0,1.0,0,,0.0,0.0,0.0,0.0,0.0,1.563776209870767,0,0,0,725.64,918.8335000000001,0.7897404698457337,33
2018-06-11,6151.938,2660.408,0.6139202167043499,-44.05768927958457,697.93,342.48,2.0378708245736976,0.0,1.5955360524672417,1.0,1.0,0,,0.0,0.0,0.0,0.0,0.0,1.563776209870767,0,0,0,697.93,911.2237500000001,0.7659260417652634,34
2018-06-12,6199.154,2687.702,0.6123497447020883,-45.12607162831718,728.29,375.86,1.9376629596126216,0.0,1.5955360524672417,1.0,1.0,0,,0.0,0.0,0.0,0.0,0.0,1.563776209870767,0,0,0,728.29,905.223,0.8045420852099427,35
2018-06-13,6092.345,2671.627,0.6054201832903126,-46.69127577184247,718.56,312.76,2.297480496227139,0.0,1.5955360524672417,1.0,1.0,0,,0.0,0.0,0.0,0.0,0.0,1.563776209870767,0,0,0,718.56,896.559,0.8014642650400029,36
2018-06-14,6060.129,2671.298,0.6022929231205613,-48.29023776939853,671.48,362.0,1.8549171270718232,0.0,1.5955360524672417,1.0,1.0,0,,0.0,0.0,0.0,0.0,0.0,1.563776209870767,0,0,0,671.48,884.91425,0.7588079861975326,37
2018-06-15,5928.073,2667.975,0.5899022023949126,-52.146717242965394,797.69,366.42,2.1769826974510127,0.0,1.5955360524672417,1.0,1.0,0,,0.0,0.0,0.0,0.0,0.0,1.563776209870767,0,0,0,797.69,876.0045,0.9106003450895516,38
2018-06-19,5522.529,2599.78,0.5639617338004985,-60.41181904656049,931.1,780.41,1.1930908112402456,0.0,1.5955360524672417,1.0,1.0,0,,0.0,0.0,0.0,0.0,0.0,1.563776209870767,0,0,0,931.1,870.0877499999999,1.0701219503435144,0
2018-06-20,5588.27,2598.328,0.5709941227260796,-63.1998074784722,747.57,374.07,1.99847622102815,0.0,1.5955360524672417,1.0,1.0,0,,0.0,0.0,0.0,0.0,0.0,1.563776209870767,0,0,0,747.57,862.1064999999999,0.8671434445744234,1
2018-06-21,5456.911,2579.052,0.5617395504083806,-65.99855612278384,767.93,376.56,2.0393297216910984,0.0,1.5955360524672417,1.0,1.0,0,,0.0,0.0,0.0,0.0,0.0,1.563776209870767,0,0,0,767.93,857.0394999999999,0.8960263791808897,2
2018-06-22,5541.374,2583.708,0.5694062936189355,-65.04551239281624,654.8,275.87,2.3735817595244133,0.0,1.5955360524672417,1.0,1.0,0,,0.0,0.0,0.0,0.0,0.0,1.563776209870767,0,0,0,654.8,847.8835000000001,0.7722759081878582,3
2018-06-25,5512.433,2536.46,0.5769836894223163,-61.28949690625091,635.45,347.7,1.8275812482024736,0.0,1.5955360524672417,1.0,1.0,0,,0.0,0.0,0.0,0.0,0.0,1.563776209870767,0,0,0,635.45,837.3522499999999,0.7588801487068317,4
2018-06-26,5558.714,2506.717,0.5887314736125084,-53.49585371067741,692.17,367.54,1.883250802633727,0.0,1.5955360524672417,1.0,1.0,0,,0.0,0.0,0.0,0.0,0.0,1.563776209870767,0,0,0,692.17,829.04625,0.8348991386186235,5
2018-06-27,5508.915,2452.639,0.5963217803015534,-43.441426648176574,677.85,381.91,1.774894608677437,0.0,1.5955360524672417,1.0,1.0,0,,0.0,0.0,0.0,0.0,0.0,1.563776209870767,0,0,0,677.85,824.15075,0.8224830226751598,6
2018-06-28,5443.849,2425.176,0.5959516670452765,-34.020416752543284,617.25,333.78,1.8492719755527596,0.0,1.5955360524672417,1.0,1.0,0,,0.0,0.0,0.0,0.0,0.0,1.563776209870767,0,0,0,617.25,818.521,0.7541040486438345,7
2018-06-29,5608.536,2479.912,0.6004287402266348,-23.6514623567232,771.45,288.83,2.670948308693696,0.0,1.5955360524672417,1.0,1.0,0,,0.0,0.0,0.0,0.0,0.0,1.563776209870767,0,0,0,771.45,815.3149999999999,0.9461987084746387,8
2018-07-02,5538.092,2386.377,0.6161257243794879,-9.430027940048907,799.2,348.16,2.295496323529412,0.0,1.5955360524672417,1.0,1.0,0,,0.0,0.0,0.0,0.0,0.0,1.563776209870767,0,0,0,799.2,815.01025,0.9806011642184869,9
2018-07-03,5601.591,2388.976,0.622512159902902,3.9565320722800763,824.08,417.35,1.9745537318797173,0.0,1.5955360524672417,1.0,1.0,0,,0.0,0.0,0.0,0.0,0.0,1.563776209870767,0,0,0,824.08,812.5585,1.0141792867836594,0
2018-07-04,5500.665,2368.425,0.6166003829972173,15.209608099474067,729.13,259.16,2.813435715388177,0.0,1.5955360524672417,1.0,1.0,0,,0.0,0.0,0.0,0.0,0.0,1.563776209870767,0,0,0,729.13,806.914,0.9036031101207812,1
2018-07-05,5352.66,2374.355,0.5985111362732738,20.860465571020704,701.13,319.88,2.1918531949481057,0.0,1.5955360524672417,1.0,1.0,0,,0.0,0.0,0.0,0.0,0.0,1.563776209870767,0,0,0,701.13,801.74075,0.8745096217199886,2
2018-07-06,5374.58,2402.617,0.5938930135797571,23.822172732531016,781.04,349.49,2.234799278949326,0.0,1.5955360524672417,1.0,1.0,0,,0.0,0.0,0.0,0.0,0.0,1.563776209870767,0,0,0,781.04,796.0575,0.981135156694083,3
2018-07-09,5487.549,2471.285,0.5895271467096962,26.42660674192731,741.85,322.63,2.299383194371261,0.0,1.5955360524672417,1.0,1.0,0,,0.0,0.0,0.0,0.0,0.0,1.563776209870767,0,0,0,741.85,790.0965,0.938935940103519,4
2018-07-10,5524.802,2471.23,0.5935424445143322,29.047733481362858,724.34,275.29,2.631188928039522,0.0,1.5955360524672417,1.0,1.0,0,,0.0,0.0,0.0,0.0,0.0,1.563776209870767,0,0,0,724.34,785.91675,0.9216497803361489,5
2018-07-11,5396.312,2432.279,0.5890225093924512,30.27252387349843,779.36,254.13,3.066776846495888,0.0,1.5955360524672417,1.0,1.0,0,,0.0,0.0,0.0,0.0,0.0,1.563776209870767,0,0,0,779.36,784.3305,0.9936627480379763,6
2018-07-12,5541.36,2474.625,0.5945045731022094,32.06484819001601,897.85,352.0,2.550710227272728,0.0,1.5955360524672417,1.0,1.0,0,,0.0,0.0,0.0,0.0,0.0,1.563776209870767,0,0,0,897.85,784.05675,1.1451339459803134,0
2018-07-13,5561.685,2476.864,0.5961457569909475,34.22146969036758,824.98,272.56,3.02678309363076,0.0,1.5955360524672417,1.0,1.0,0,,0.0,0.0,0.0,0.0,0.0,1.563776209870767,0,0,0,824.98,784.6407499999999,1.0514111075673804,0
2018-07-16,5566.96,2448.765,0.6035582933422398,37.3001540631213,726.21,260.39,2.788931986635432,0.0,1.5955360524672417,1.0,1.0,0,,0.0,0.0,0.0,0.0,0.0,1.563776209870767,0,0,0,726.21,782.37575,0.9282112846672459,1
2018-07-17,5575.474,2430.445,0.6090377714299996,34.88986094034788,717.49,233.95,3.066851891429793,0.0,1.5955360524672417,1.0,1.0,0,,0.0,0.0,0.0,0.0,0.0,1.563776209870767,0,0,0,717.49,774.8104999999999,0.926019975206841,2
2018-07-18,5544.519,2420.759,0.6080797643401821,33.522382435956764,807.25,256.93,3.1419063558167597,0.0,1.5955360524672417,1.0,1.0,0,,0.0,0.0,0.0,0.0,0.0,1.563776209870767,0,0,0,807.25,770.44475,1.047771433318223,0
2018-07-19,5480.767,2426.163,0.5997490858264725,26.048906646522134,709.4,277.82,2.553451875314952,0.0,1.5955360524672417,1.0,1.0,0,,0.0,0.0,0.0,0.0,0.0,1.563776209870767,0,0,0,709.4,762.99275,0.9297598175080956,1
2018-07-20,5541.212,2493.765,0.5899259098942247,16.72797159787243,725.29,435.33,1.66606941860198,0.0,1.5955360524672417,1.0,1.0,0,,0.0,0.0,0.0,0.0,0.0,1.563776209870767,0,0,0,725.29,760.75275,0.9533846574987734,2
2018-07-23,5582.307,2526.813,0.5865281284430637,8.310562191039391,908.79,487.71,1.8633819277849544,0.0,1.5955360524672417,1.0,1.0,0,,0.0,0.0,0.0,0.0,0.0,1.563776209870767,0,0,0,908.79,760.8779999999999,1.1943964735476646,0
2018-07-24,5672.222,2563.584,0.5874269915160737,3.188112348039022,1051.67,598.95,1.755856081475916,0.0,1.5955360524672417,1.0,1.0,0,,0.0,0.0,0.0,0.0,0.0,1.563776209870767,0,0,0,1051.67,765.3,1.3741931268783485,0
2018-07-25,5685.586,2563.687,0.5887873385058237,0.5377520518962291,998.54,326.66,3.056817486071144,0.0,1.5955360524672417,1.0,1.0,0,,0.0,0.0,0.0,0.0,0.0,1.563776209870767,0,0,0,998.54,768.61875,1.2991356247814667,0
2018-07-26,5663.178,2530.991,0.5940429439343766,-0.013973871062297418,960.81,316.11,3.0394799278732085,0.0,1.5955360524672417,1.0,1.0,0,,0.0,0.0,0.0,0.0,0.0,1.563776209870767,0,0,0,960.81,769.3475,1.2488634849661564,0
2018-07-27,5630.227,2525.092,0.5919662263616319,-0.18653350395600785,821.02,245.18,3.348641814177339,0.0,1.5955360524672417,1.0,1.0,0,,0.0,0.0,0.0,0.0,0.0,1.563776209870767,0,0,0,821.02,769.07725,1.0675390541067233,0
2018-07-30,5549.037,2541.308,0.5797070037311047,-1.139706919022256,798.38,310.93,2.5677162062200494,0.0,1.5955360524672417,1.0,1.0,0,,0.0,0.0,0.0,0.0,0.0,1.563776209870767,0,0,0,798.38,768.75325,1.0385386988607854,0
2018-07-31,5542.543,2545.124,0.5781604173032384,-0.6368618602182713,631.64,240.4,2.6274542429284526,0.0,1.5955360524672417,1.0,1.0,0,,0.0,0.0,0.0,0.0,0.0,1.563776209870767,0,0,0,631.64,766.729,0.8238112814305967,1
2018-08-01,5456.205,2490.245,0.5816970117368859,0.8228870806135308,733.07,345.3,2.1229944975383725,0.0,1.5955360524672417,1.0,1.0,0,,0.0,0.0,0.0,0.0,0.0,1.563776209870767,0,0,0,733.07,766.47825,0.9564133098362544,2
2018-08-02,5325.801,2440.313,0.5794121950850663,-0.8941594162882994,866.21,385.65,2.246103980293012,0.0,1.5955360524672417,1.0,1.0,0,,0.0,0.0,0.0,0.0,0.0,1.563776209870767,0,0,0,866.21,770.3077499999999,1.1244986175979668,0
2018-08-03,5255.631,2413.503,0.5781296629959776,-3.200730159827423,677.25,277.48,2.4407164480322905,0.0,1.5955360524672417,1.0,1.0,0,,0.0,0.0,0.0,0.0,0.0,1.563776209870767,0,0,0,677.25,769.2785,0.8803703730183542,1
2018-08-06,5144.642,2406.537,0.5675587793403161,-8.902484064556056,661.66,321.53,2.057848412278792,0.0,1.5955360524672417,1.0,1.0,0,,0.0,0.0,0.0,0.0,0.0,1.563776209870767,0,0,0,661.66,767.679,0.8618967042214258,2
2018-08-07,5279.642,2479.78,0.5652486742138055,-13.64444459788446,711.2,363.02,1.959120709602777,0.0,1.5955360524672417,1.0,1.0,0,,0.0,0.0,0.0,0.0,0.0,1.563776209870767,0,0,0,711.2,768.01075,0.9260287046763344,3
2018-08-08,5191.786,2446.998,0.5632891667781693,-18.29569863538656,748.84,296.61,2.5246620140925797,0.0,1.5955360524672417,1.0,1.0,0,,0.0,0.0,0.0,0.0,0.0,1.563776209870767,0,0,0,748.84,768.5245,0.974386633087169,4
2018-08-09,5307.967,2504.617,0.5626458507147869,-20.968421220813457,813.66,346.57,2.347750815131142,0.0,1.5955360524672417,1.0,1.0,0,,0.0,0.0,0.0,0.0,0.0,1.563776209870767,0,0,0,813.66,770.9019999999999,1.0554648969648541,0
2018-08-10,5342.047,2503.206,0.5665775262557466,-20.686458254376483,667.6,241.87,2.760160416752801,0.0,1.5955360524672417,1.0,1.0,0,,0.0,0.0,0.0,0.0,0.0,1.563776209870767,0,0,0,667.6,770.8050000000001,0.8661075109787819,1
2018-08-13,5369.176,2478.509,0.5751291370902498,-15.743560586896846,693.66,266.65,2.6013875867241705,0.0,1.5955360524672417,1.0,1.0,0,,0.0,0.0,0.0,0.0,0.0,1.563776209870767,0,0,0,693.66,768.20425,0.9029629815247702,2
2018-08-14,5351.019,2469.2,0.5753451481504567,-9.697848484001604,655.24,200.46,3.2686820313279457,0.0,1.5955360524672417,1.0,1.0,0,,0.0,0.0,0.0,0.0,0.0,1.563776209870767,0,0,0,655.24,761.3077499999999,0.8606769075974862,3
2018-08-15,5242.087,2408.722,0.5777843515979141,-2.8182854218080764,648.69,256.86,2.5254613408082225,0.0,1.5955360524672417,1.0,1.0,0,,0.0,0.0,0.0,0.0,0.0,1.563776209870767,0,0,0,648.69,758.83575,0.8548490236523517,4
2018-08-16,5178.237,2405.164,0.5715911014789447,0.9028022568821934,599.25,294.72,2.033285830618892,0.0,1.5955360524672417,1.0,1.0,0,,0.0,0.0,0.0,0.0,0.0,1.563776209870767,0,0,0,599.25,754.61875,0.794109608328709,5
2018-08-17,5084.207,2374.173,0.5685374703891972,2.3677900467139237,626.09,271.34,2.3074003095747035,0.0,1.5955360524672417,1.0,1.0,0,,0.0,0.0,0.0,0.0,0.0,1.563776209870767,0,0,0,626.09,753.9010000000001,0.8304671302996016,6
2018-08-20,5103.634,2409.129,0.5624289885109577,1.7164124702971577,587.24,291.38,2.015375111538197,0.0,1.5955360524672417,1.0,1.0,0,,0.0,0.0,0.0,0.0,0.0,1.563776209870767,0,0,0,587.24,752.6957500000001,0.7801824309490255,7
2018-08-21,5162.026,2452.383,0.5588305256499208,0.7342753895484352,619.82,328.6,1.8862446743761407,0.0,1.5955360524672417,1.0,1.0,0,,0.0,0.0,0.0,0.0,0.0,1.563776209870767,0,0,0,619.82,750.887,0.8254504339534445,8
2018-08-22,5102.359,2450.154,0.5528736099296001,-1.1274212870141498,548.77,233.41,2.351098924639047,0.0,1.5955360524672417,1.0,1.0,0,,0.0,0.0,0.0,0.0,0.0,1.563776209870767,0,0,0,548.77,747.6600000000001,0.7339833614209667,9
2018-08-23,5133.329,2461.067,0.5537629464589285,-0.8421716013217976,555.1,262.29,2.116359754470243,0.0,1.5955360524672417,1.0,1.0,0,,0.0,0.0,0.0,0.0,0.0,1.563776209870767,0,0,0,555.1,746.10625,0.743995912110373,10
2018-08-24,5116.139,2471.999,0.5494678353804606,-1.5118179238420653,512.4,250.33,2.04689809451524,0.0,1.5955360524672417,1.0,1.0,0,,0.0,0.0,0.0,0.0,0.0,1.563776209870767,0,0,0,512.4,739.63,0.692778821843354,11
2018-08-27,5229.361,2522.34,0.550418759057421,-3.0347037976241515,682.28,363.75,1.8756838487972507,0.0,1.5955360524672417,1.0,1.0,0,,0.0,0.0,0.0,0.0,0.0,1.563776209870767,0,0,0,682.28,736.707,0.9261212395158455,12
2018-08-28,5233.503,2511.145,0.5533105067449177,-3.0823756553796353,642.36,273.57,2.3480644807544686,0.0,1.5955360524672417,1.0,1.0,0,,0.0,0.0,0.0,0.0,0.0,1.563776209870767,0,0,0,642.36,732.164,0.8773444201026,13
2018-08-29,5203.712,2503.48,0.5518453108176853,-2.454359160093862,548.24,223.04,2.4580344332855093,0.0,1.5955360524672417,1.0,1.0,0,,0.0,0.0,0.0,0.0,0.0,1.563776209870767,0,0,0,548.24,727.64175,0.753447695930037,14
2018-08-30,5114.266,2479.21,0.5476690868263403,-2.973787690869588,557.78,240.6,2.318287614297589,0.0,1.5955360524672417,1.0,1.0,0,,0.0,0.0,0.0,0.0,0.0,1.563776209870767,0,0,0,557.78,724.058,0.7703526513069394,15
2018-08-31,5057.985,2474.477,0.5426781626579229,-4.678966383274953,479.81,346.76,1.3836947744837929,0.0,1.5955360524672417,1.0,1.0,0,,0.0,0.0,0.0,0.0,0.0,1.563776209870767,0,0,0,479.81,716.52725,0.6696325924799091,16
2018-09-03,5054.105,2465.88,0.5441524042330849,-6.755034072057421,513.3,231.75,2.214886731391585,0.0,1.5955360524672417,1.0,1.0,0,,0.0,0.0,0.0,0.0,0.0,1.563776209870767,0,0,0,513.3,710.8135,0.7221303478338551,17
2018-09-04,5113.147,2500.438,0.5429007211527568,-8.889990839695354,592.77,267.79,2.213562866425184,0.0,1.5955360524672417,1.0,1.0,0,,0.0,0.0,0.0,0.0,0.0,1.563776209870767,0,0,0,592.77,707.52425,0.8378087394177655,18
2018-09-05,5032.502,2441.23,0.5472975300363454,-9.063268350661222,593.81,259.94,2.284411787335539,0.0,1.5955360524672417,1.0,1.0,0,,0.0,0.0,0.0,0.0,0.0,1.563776209870767,0,0,0,593.81,702.8855,0.8448175414061038,19
2018-09-06,5012.509,2416.033,0.550808373442253,-7.61340600062549,551.43,267.83,2.0588806332375014,0.0,1.5955360524672417,1.0,1.0,0,,0.0,0.0,0.0,0.0,0.0,1.563776209870767,0,0,0,551.43,694.225,0.7943102020238394,20
2018-09-07,5022.284,2437.677,0.5469823820129616,-6.461278726270127,621.31,249.91,2.486135008603097,0.0,1.5955360524672417,1.0,1.0,0,,0.0,0.0,0.0,0.0,0.0,1.563776209870767,0,0,0,621.31,689.1332500000001,0.9015818058408877,21
2018-09-10,4923.644,2413.426,0.5416277253373389,-5.340454174009743,551.62,222.53,2.478856783355053,0.0,1.5955360524672417,1.0,1.0,0,,0.0,0.0,0.0,0.0,0.0,1.563776209870767,0,0,0,551.62,684.7684999999999,0.8055569144900796,22
2018-09-11,4925.301,2398.768,0.5451208085332258,-2.565841716810427,482.54,234.34,2.059144832294956,0.0,1.5955360524672417,1.0,1.0,0,,0.0,0.0,0.0,0.0,0.0,1.563776209870767,0,0,0,482.54,678.89475,0.7107729143582271,23
2018-09-12,4919.806,2381.388,0.5484866321164783,1.9978956284458205,473.98,223.03,2.125184952696946,0.0,1.5955360524672417,1.0,1.0,0,,0.0,0.0,0.0,0.0,0.0,1.563776209870767,0,0,0,473.98,670.563,0.7068388801648764,24
2018-09-13,4958.165,2415.312,0.5449993277331266,4.3713103061417335,549.34,283.06,1.940719282130997,0.0,1.5955360524672417,1.0,1.0,0,,0.0,0.0,0.0,0.0,0.0,1.563776209870767,0,0,0,549.34,666.5615,0.8241400080862756,25
2018-09-14,4907.934,2425.421,0.5372294484737529,3.909825113629727,548.55,226.97,2.416839229854165,0.0,1.5955360524672417,1.0,1.0,0,,0.0,0.0,0.0,0.0,0.0,1.563776209870767,0,0,0,548.55,662.1429999999999,0.8284464232046552,26
2018-09-17,4831.563,2399.881,0.534498104874229,2.096347077642407,464.79,184.14,2.524112088628218,0.0,1.5955360524672417,1.0,1.0,0,,0.0,0.0,0.0,0.0,0.0,1.563776209870767,0,0,0,464.79,651.043,0.7139159779000773,27
2018-09-18,4917.35,2458.768,0.5309599931137361,-0.7391676681486955,550.61,298.6,1.8439718687206963,0.0,1.5955360524672417,1.0,1.0,0,,0.0,0.0,0.0,0.0,0.0,1.563776209870767,0,0,0,550.61,638.5165,0.8623269719733163,28
2018-09-19,4970.012,2487.077,0.5305379273543727,-3.7828378614716454,691.6,385.81,1.7925922086000885,0.0,1.5955360524672417,1.0,1.0,0,,0.0,0.0,0.0,0.0,0.0,1.563776209870767,0,0,0,691.6,630.843,1.096310809504108,0
2018-09-20,4951.585,2487.422,0.5284975737181113,-6.431369354010145,570.65,273.28,2.0881513466042154,0.0,1.5955360524672417,1.0,1.0,0,,0.0,0.0,0.0,0.0,0.0,1.563776209870767,0,0,0,570.65,621.089,0.9187894166536518,1
2018-09-21,5011.691,2573.603,0.5170004993238629,-12.690485852954508,648.21,467.6,1.3862489307100083,0.0,1.5955360524672417,1.0,1.0,0,,0.0,0.0,0.0,0.0,0.0,1.563776209870767,0,0,0,648.21,616.76875,1.0509773719890965,0
2018-09-25,4995.695,2547.791,0.5205714508792415,-15.794174298321819,505.02,292.75,1.7250896669513236,0.0,1.5955360524672417,1.0,1.0,0,,0.0,0.0,0.0,0.0,0.0,1.563776209870767,0,0,0,505.02,609.43475,0.8286695171222186,1
2018-09-26,5017.058,2582.767,0.5157178023017596,-18.782056255185203,613.25,458.64,1.3371053549624978,0.0,1.5955360524672417,1.0,1.0,0,,0.0,0.0,0.0,0.0,0.0,1.563776209870767,0,0,0,613.25,608.975,1.007019992610534,0
2018-09-27,4945.691,2575.449,0.5098263229156144,-22.676902514587265,642.94,298.32,2.15520246714937,0.0,1.5955360524672417,1.0,1.0,0,,0.0,0.0,0.0,0.0,0.0,1.563776209870767,0,0,0,642.94,606.7217499999999,1.0596949919794372,0
2018-09-28,4987.273,2606.668,0.5079554819806861,-26.448834336047447,529.68,370.86,1.4282478563339265,0.0,1.5955360524672417,1.0,1.0,0,,0.0,0.0,0.0,0.0,0.0,1.563776209870767,0,0,0,529.68,598.3085,0.8852957963993491,1
2018-10-08,4817.434,2486.822,0.5143032905736931,-27.07051296241908,541.06,458.96,1.1788826913020742,0.0,1.5955360524672417,1.0,1.0,0,,0.0,0.0,0.0,0.0,0.0,1.563776209870767,0,0,0,541.06,594.9037500000001,0.9094916614662454,2
2018-10-09,4818.733,2491.663,0.5134424716468238,-26.765921074189226,471.24,278.22,1.693767522104809,0.0,1.5955360524672417,1.0,1.0,0,,0.0,0.0,0.0,0.0,0.0,1.563776209870767,0,0,0,471.24,590.1432500000001,0.7985179869463896,3
2018-10-10,4812.427,2494.056,0.5122785651359718,-25.784173554512527,486.11,290.56,1.6730107378854626,0.0,1.5955360524672417,1.0,1.0,0,,0.0,0.0,0.0,0.0,0.0,1.563776209870767,0,0,0,486.11,584.516,0.8316453270740237,4
2018-10-11,4456.608,2390.503,0.49495232972881326,-29.012918623714395,743.48,471.44,1.5770405565925676,0.0,1.5955360524672417,1.0,1.0,0,,0.0,0.0,0.0,0.0,0.0,1.563776209870767,0,0,0,743.48,584.382,1.2722500008556048,0
2018-10-12,4427.68,2444.131,0.48095005269470115,-34.94294115249345,646.58,374.7,1.7255938083800375,0.0,1.5955360524672417,1.0,1.0,0,,0.0,0.0,0.0,0.0,0.0,1.563776209870767,0,0,0,646.58,580.205,1.1143992209650038,0
2018-10-15,4358.869,2412.479,0.47968761519171843,-39.709997947577925,480.53,266.73,1.8015596295879728,0.0,1.5955360524672417,1.0,1.0,0,,0.0,0.0,0.0,0.0,0.0,1.563776209870767,0,0,0,480.53,575.52825,0.8349372945637334,1
2018-10-16,4261.173,2415.492,0.46835136834157903,-46.452784718210054,471.87,261.12,1.8071001838235292,0.0,1.5955360524672417,1.0,1.0,0,,0.0,0.0,0.0,0.0,0.0,1.563776209870767,0,0,0,471.87,569.9835,0.8278660698072838,2
2018-10-17,4292.197,2429.215,0.46909620859808543,-49.47491352175891,513.08,315.33,1.627120794088733,0.0,1.5955360524672417,1.0,1.0,0,,0.0,0.0,0.0,0.0,0.0,1.563776209870767,0,0,0,513.08,566.4295,0.9058144040873579,3
2018-10-18,4149.444,2369.068,0.4650082002362293,-51.47045838366991,469.23,295.8,1.5863083164300202,0.0,1.5955360524672417,1.0,1.0,0,,0.0,0.0,0.0,0.0,0.0,1.563776209870767,0,0,0,469.23,561.943,0.8350135156056754,4
2018-10-19,4241.234,2446.32,0.46028539910657257,-53.82263689778722,524.67,421.86,1.2437064428957472,0.0,1.5955360524672417,1.0,1.0,0,,0.0,0.0,0.0,0.0,0.0,1.563776209870767,0,0,0,524.67,560.0785,0.9367793978879746,5
2018-10-22,4452.737,2540.152,0.4653884165731238,-52.89142796458101,787.34,643.94,1.2226915551138304,0.0,1.5955360524672417,1.0,1.0,0,,0.0,0.0,0.0,0.0,0.0,1.563776209870767,0,0,0,787.34,564.10975,1.395721311322841,0
2018-10-23,4379.056,2464.812,0.4716772498735696,-48.32619163215142,649.73,556.22,1.1681169321491496,0.0,1.5955360524672417,1.0,1.0,0,,0.0,0.0,0.0,0.0,0.0,1.563776209870767,0,0,0,649.73,565.672,1.1485984810985872,0
2018-10-24,4377.551,2477.488,0.4691026487747163,-43.67473364367034,516.84,488.5,1.058014329580348,0.0,1.5955360524672417,1.0,1.0,0,,0.0,0.0,0.0,0.0,0.0,1.563776209870767,0,0,0,516.84,563.0975000000001,0.9178517041897717,1
2018-10-25,4345.327,2485.099,0.46422336981747137,-39.618429852830474,540.96,430.12,1.257695526829722,0.0,1.5955360524672417,1.0,1.0,0,,0.0,0.0,0.0,0.0,0.0,1.563776209870767,0,0,0,540.96,562.90225,0.9610194309935696,2
2018-10-26,4359.474,2468.91,0.4687886231913421,-33.29563348970572,548.87,377.46,1.454114343241668,0.0,1.5955360524672417,1.0,1.0,0,,0.0,0.0,0.0,0.0,0.0,1.563776209870767,0,0,0,548.87,562.7465,0.9753414725813488,3
2018-10-29,4296.699,2389.577,0.477377704306032,-23.861939746635567,453.34,402.16,1.1272627809826934,0.0,1.5955360524672417,1.0,1.0,0,,0.0,0.0,0.0,0.0,0.0,1.563776209870767,0,0,0,453.34,561.27,0.8077039570972971,4
2018-10-30,4336.65,2415.649,0.47661617024939984,-14.018772692885786,524.01,520.82,1.006124956798894,0.0,1.5955360524672417,1.0,1.0,0,,0.0,0.0,0.0,0.0,0.0,1.563776209870767,0,0,0,524.01,557.31325,0.9402432115152474,5
2018-10-31,4400.613,2451.121,0.4766467727922279,-4.6428396449726925,585.89,445.12,1.3162517972681524,0.0,1.5955360524672417,1.0,1.0,0,,0.0,0.0,0.0,0.0,0.0,1.563776209870767,0,0,0,585.89,555.9015,1.0539457080076235,0
2018-11-01,4428.736,2460.162,0.4779300268532347,4.44843795957209,725.45,507.95,1.42819175115661,0.0,1.5955360524672417,1.0,1.0,0,,0.0,0.0,0.0,0.0,0.0,1.563776209870767,0,0,0,725.45,560.33175,1.2946794465956997,0
2018-11-02,4564.177,2542.768,0.47654505916971146,12.492968895234418,845.01,620.91,1.360921872735179,0.0,1.5955360524672417,1.0,1.0,0,,0.0,0.0,0.0,0.0,0.0,1.563776209870767,0,0,0,845.01,567.5125,1.4889716085548774,0
2018-11-05,4598.201,2511.59,0.4860572625633654,25.451143517531722,855.99,373.06,2.294510266445076,0.0,1.5955360524672417,1.0,1.0,0,,0.0,0.0,0.0,0.0,0.0,1.563776209870767,0,0,0,855.99,576.917,1.4837316286398217,0
2018-11-06,4603.109,2499.679,0.4888946081436905,38.56480763424596,702.64,278.3,2.524757455982752,0.0,1.5955360524672417,1.0,1.0,0,,0.0,0.0,0.0,0.0,0.0,1.563776209870767,0,0,0,702.64,581.6505,1.208010652445068,0
2018-11-07,4592.836,2482.334,0.4912119827652053,53.000121066515305,781.31,308.91,2.5292480010359,0.0,1.5955360524672417,1.0,1.0,0,,0.0,0.0,0.0,0.0,0.0,1.563776209870767,0,0,0,781.31,586.3639999999999,1.332465840331262,0
2018-11-08,4572.378,2485.998,0.48830321296308526,61.86215725684318,670.42,261.56,2.563159504511393,0.0,1.5955360524672417,1.0,1.0,0,,0.0,0.0,0.0,0.0,0.0,1.563776209870767,0,0,0,670.42,588.27925,1.1396288412348385,0
2018-11-09,4561.213,2434.212,0.4974737675030022,69.09197472013814,578.47,303.6,1.905368906455863,0.0,1.5955360524672417,1.0,1.0,0,,0.0,0.0,0.0,0.0,0.0,1.563776209870767,0,0,0,578.47,588.9552500000001,0.982196864702369,1
2018-11-12,4697.346,2444.967,0.5100676491499211,81.29299798332372,790.59,296.83,2.663443721995755,0.0,1.5955360524672417,1.0,1.0,0,,0.0,0.0,0.0,0.0,0.0,1.563776209870767,0,0,0,790.59,593.1872500000001,1.332783197885659,0
2018-11-13,4790.448,2462.973,0.5163744074720549,89.53519034403003,1106.76,349.14,3.1699604743083003,0.0,1.5955360524672417,1.0,1.0,0,,0.0,0.0,0.0,0.0,0.0,1.563776209870767,0,0,0,1106.76,607.06575,1.8231303610852696,0
2018-11-14,4791.226,2429.986,0.5234691783181252,99.31745044151417,1022.49,317.1,3.224503311258278,0.0,1.5955360524672417,1.0,1.0,0,,0.0,0.0,0.0,0.0,0.0,1.563776209870767,0,0,0,1022.49,620.5645000000001,1.6476772358070755,0
2018-11-15,4871.089,2459.141,0.5258850979596716,106.71189738944719,982.51,302.55,3.247430176830276,0.0,1.5955360524672417,1.0,1.0,0,,0.0,0.0,0.0,0.0,0.0,1.563776209870767,0,0,0,982.51,633.27775,1.5514677406556603,0
2018-11-16,4923.986,2461.445,0.5310982907369967,110.24109660641348,1128.93,391.45,2.8839698556648363,1.0,1.6105551179222295,1.0,1.0,0,,0.009413178368337716,0.009913178368337716,0.0005,1.0,1.0,1.5784963142624437,0,0,0,1128.93,647.7675,1.7428012365547825,0
2018-11-19,4942.492,2492.084,0.5265401932253649,109.81644775492028,1045.91,380.41,2.7494282484687576,1.0,1.5967326910694526,1.0,1.0,0,,-0.008582399136149554,-0.008582399136149554,0.0,0.0,1.0,1.5649490288585024,0,0,0,1045.91,660.2015,1.5842284514651968,0
2018-11-20,4811.882,2446.791,0.5221151855543978,108.66883788813502,1070.41,329.13,3.2522407559323065,1.0,1.5833138590460403,1.0,1.0,0,,-0.008403931414734611,-0.008403931414734611,0.0,0.0,1.0,1.55179730455242,0,0,0,1070.41,675.342,1.5849895312301028,0
2018-11-21,4847.036,2451.272,0.524968169092578,106.79277873497072,888.96,268.27,3.3136765199239577,1.0,1.5919655292150174,1.0,1.0,0,,0.005464279946485018,0.005464279946485018,0.0,0.0,1.0,1.5602767594446953,0,0,0,888.96,683.80075,1.3000278224321924,0
2018-11-22,4850.131,2437.639,0.5282412471480658,101.21621126754846,829.18,210.69,3.935545113674118,1.0,1.6018911356527816,1.0,1.0,0,,0.006234812409951163,0.006234812409951163,0.0,0.0,1.0,1.5700047923474396,0,0,0,829.18,687.2402500000001,1.2065358511815918,0
2018-11-23,4642.117,2399.203,0.5136855116503665,88.4525597452907,906.17,242.31,3.739713590029301,1.0,1.5577508800544995,1.0,1.0,0,,-0.027555090739855292,-0.027555090739855292,0.0,0.0,1.0,1.5267431678322982,0,0,0,906.17,695.62825,1.302664174435124,0
2018-11-26,4633.731,2401.898,0.5121822080479829,78.34380485876929,650.15,188.32,3.452368309260833,0.0,1.5569720046144724,1.0,1.0,0,,-0.0005,0.0,0.0005,1.0,0.0,1.525979796248382,0,0,0,650.15,695.67675,0.9345576088319755,1
2018-11-27,4671.644,2394.294,0.5180128025096599,69.88912777113073,651.51,179.41,3.631402931832117,0.0,1.5569720046144724,1.0,1.0,0,,0.0,0.0,0.0,0.0,0.0,1.525979796248382,0,0,0,651.51,699.339,0.9316082758147335,2
2018-11-28,4728.576,2421.134,0.5185131528608112,60.88508038171546,756.37,213.51,3.542550700201396,1.0,1.5576974032371542,1.0,1.0,0,,0.0004659034462610183,0.0009659034462610183,0.0005,1.0,1.0,1.526690755494379,0,0,0,756.37,702.917,1.0760445401092873,0
2018-11-29,4617.348,2401.852,0.5103811133437255,48.835335953643586,782.76,252.9,3.0951364175563465,1.0,1.533267440816921,1.0,1.0,0,,-0.015683381361144888,-0.015683381361144888,0.0,0.0,1.0,1.5027470821554263,0,0,0,782.76,706.4125,1.108077787411746,0
2018-11-30,4648.184,2428.045,0.5082469841667243,34.99971908975734,665.52,231.5,2.874816414686825,0.0,1.5325008070965125,1.0,1.0,0,,-0.0005,0.0,0.0005,1.0,0.0,1.5019957086143487,0,0,0,665.52,709.8085,0.9376050019124876,1
2018-12-03,4802.293,2488.057,0.5124323731327579,25.958373799493895,962.16,486.29,1.978572456764482,0.0,1.5325008070965125,1.0,1.0,0,,0.0,0.0,0.0,0.0,0.0,1.5019957086143487,0,0,0,962.16,720.336,1.335710001999067,0
2018-12-04,4846.17,2496.143,0.5154391633070076,18.914807807334117,858.93,307.22,2.7958140746045177,1.0,1.5407267839807075,1.0,1.0,0,,0.005367681926236656,0.005867681926236656,0.0005,1.0,1.0,1.510057943832763,0,0,0,858.93,730.02825,1.176570906673817,0
2018-12-05,4816.992,2481.792,0.5152983775731721,12.501871153598552,844.82,278.83,3.0298748341283224,1.0,1.5403059538103128,1.0,1.0,0,,-0.00027313744057044786,-0.00027313744057044786,0.0,0.0,1.0,1.5096454904708714,0,0,0,844.82,738.996,1.143199692555846,0
2018-12-06,4730.913,2434.491,0.5159231535701954,5.643955406014586,797.54,295.61,2.6979466188559247,1.0,1.5421735051745242,1.0,1.0,0,,0.0012124548110663547,0.0012124548110663547,0.0,0.0,1.0,1.5114758674087974,0,0,0,797.54,740.3475000000001,1.0772508855638736,0
2018-12-07,4731.902,2430.722,0.5168311488134968,1.3648481879324181,643.88,208.21,3.092454733202056,1.0,1.5448876423427322,1.0,1.0,0,,0.0017599428074086543,0.0017599428074086543,0.0,0.0,1.0,1.5141359784902153,0,0,0,643.88,740.28,0.8697790025395796,1
2018-12-10,4676.615,2408.606,0.5154826883072499,-0.6303438700006675,586.91,231.63,2.533825497560765,1.0,1.5408568868879369,1.0,1.0,0,,-0.0026090929491046078,-0.0026090929491046078,0.0,0.0,1.0,1.5101854569847508,0,0,0,586.91,742.9395000000001,0.7899835720136026,2
2018-12-11,4720.469,2415.578,0.5188147499675697,0.0329995567966793,566.54,170.57,3.3214516034472648,0.0,1.5400864584444929,1.0,1.0,0,,-0.0005,0.0,0.0005,1.0,0.0,1.5094303642562585,0,0,0,566.54,745.30625,0.7601439005777826,3
2018-12-12,4718.822,2423.318,0.5169772328699369,1.419360779086599,570.94,186.83,3.0559332013060003,1.0,1.5338617992865573,1.0,1.0,0,,-0.003031319665758827,-0.0026563196657588273,0.000375,0.75,0.75,1.504854798308995,0,0,1,570.94,746.75275,0.7645636390358121,4
2018-12-13,4763.717,2457.905,0.5145517866956123,2.5369765564631095,687.05,368.15,1.8662230069265244,1.0,1.5266655457641933,1.0,1.0,0,,-0.0035186938903383203,-0.0035186938903383203,0.0,0.0,0.75,1.499559674924339,0,0,1,687.05,752.19825,0.9133895219777498,5
2018-12-14,4641.888,2423.381,0.5085353988453734,2.802220600242712,704.42,309.35,2.2770971391627604,1.0,1.5088150353230596,1.0,1.0,0,,-0.008769362004661524,-0.008769362004661524,0.0,0.0,0.75,1.4864094932873348,0,0,1,704.42,756.692,0.930920374472044,6
2018-12-17,4627.228,2425.945,0.5063935659820358,1.9171323105128533,581.83,273.37,2.128360829644804,1.0,1.5024602572000614,1.0,1.0,0,,-0.003158825621874972,-0.003158825621874972,0.0,0.0,0.75,1.4817141848953406,0,0,1,581.83,751.5542499999999,0.7741689971149789,7
2018-12-18,4596.61,2397.868,0.5089330044149308,1.5863788286361071,548.7,254.9,2.152608866222048,1.0,1.5099947236256608,1.0,1.0,0,,0.003761064422249827,0.003761064422249827,0.0,0.0,0.75,1.4872870074000935,0,0,1,548.7,749.0285,0.7325488950019926,8
2018-12-19,4533.396,2369.548,0.5079329383252504,1.7628711088831863,521.05,253.14,2.058347159674488,1.0,1.507027546206247,1.0,1.0,0,,-0.0014737687686861012,-0.0014737687686861012,0.0,0.0,0.75,1.4850950902585145,0,0,1,521.05,749.13375,0.6955366781966504,9
2018-12-20,4550.597,2334.922,0.5174212124830363,6.369872010168575,532.15,321.98,1.6527424063606433,1.0,1.5351790785106627,1.0,1.0,0,,0.014010128269694055,0.014010128269694055,0.0,0.0,0.75,1.5059014629657292,0,0,1,532.15,748.9135,0.7105627018340569,10
2018-12-21,4517.78,2306.145,0.5200998140632944,8.7439582147931,526.69,312.79,1.6838453914767098,1.0,1.5431264393966695,1.0,1.0,0,,0.003882622391055246,0.003882622391055246,0.0,0.0,0.75,1.511748309704563,0,0,1,526.69,748.359,0.7037932329269776,11
2018-12-24,4558.317,2309.233,0.5240648108656851,11.580065314095744,520.82,213.44,2.4401236881559223,1.0,1.554890510893045,1.0,1.0,0,,0.005717647884856014,0.005717647884856014,0.0,0.0,0.75,1.5203919542299797,0,0,1,520.82,750.046,0.6943840777765631,12
2018-12-25,4514.618,2297.333,0.5217293732347732,14.12198765764938,678.47,272.88,2.486330987980065,1.0,1.547961311038758,1.0,1.0,0,,-0.00334229314174056,-0.00334229314174056,0.0,0.0,0.75,1.5153103586285992,0,0,1,678.47,753.9075,0.8999379897401206,13
2018-12-26,4494.498,2281.558,0.5229954472465145,16.96406722483199,590.87,186.88,3.1617615582191783,1.0,1.551717728997241,1.0,1.0,0,,0.0018200154285327175,0.0018200154285327175,0.0,0.0,0.75,1.5180682468603186,0,0,1,590.87,754.0319999999999,0.7836139580283066,14
2018-12-27,4424.653,2276.057,0.5161124237646518,14.968623437336824,611.35,299.48,2.0413717109656737,1.0,1.5312959268149435,1.0,1.0,0,,-0.009870578488924642,-0.009870578488924642,0.0,0.0,0.75,1.5030840350781396,0,0,1,611.35,751.1795,0.8138534131988427,15
2018-12-28,4430.024,2293.099,0.5128985891550136,11.122923486120245,549.11,309.81,1.77240889577483,1.0,1.5217605395221936,1.0,1.0,0,,-0.004670253701018812,-0.004670253701018812,0.0,0.0,0.75,1.4960642513003737,0,0,1,549.11,743.7819999999999,0.7382673955540737,16
2019-01-02,4408.525,2262.791,0.5172459460715172,9.875955268384288,511.72,281.2,1.8197724039829304,1.0,1.5346590663394601,1.0,1.0,0,,0.006357041638093253,0.006357041638093253,0.0,0.0,0.75,1.505574794039153,0,0,1,511.72,735.17525,0.6960517237216569,17
2019-01-03,4376.858,2269.243,0.5120704122524383,7.345898877803552,599.64,245.35,2.444018748726309,1.0,1.5193033541121908,1.0,1.0,0,,-0.007504457780269341,-0.007504457780269341,0.0,0.0,0.75,1.4942762715622486,0,0,1,599.64,732.60025,0.8185091391928955,18
2019-01-04,4497.893,2314.647,0.5159083805475506,6.362471392077087,746.04,343.18,2.173902908094877,1.0,1.5306905343987678,1.0,1.0,0,,0.00562125081328696,0.00562125081328696,0.0,0.0,0.75,1.5026759732690433,0,0,1,746.04,731.7185,1.0195724175348853,0
2019-01-07,4594.148,2314.319,0.5270235127291741,9.323637228133217,841.42,319.56,2.6330579546876955,1.0,1.5636689240906447,1.0,1.0,0,,0.021419779268417136,0.021544779268417136,0.000125,0.25,1.0,1.5348629609284203,0,0,0,841.42,735.9935,1.143243792234578,0
2019-01-08,4585.033,2305.171,0.5280652009138641,12.051401309088007,772.12,223.29,3.4579246719512744,1.0,1.566759593488974,1.0,1.0,0,,0.0019765497355053174,0.0019765497355053174,0.0,0.0,1.0,1.5378966939078804,0,0,0,772.12,740.83475,1.0422297280196426,0
2019-01-09,4594.739,2332.719,0.5229337239369879,11.79371285151406,903.23,374.85,2.4095771641990127,1.0,1.5515345970900918,1.0,1.0,0,,-0.00971750641397262,-0.00971750641397262,0.0,0.0,1.0,1.5229521729208033,0,0,0,903.23,743.65075,1.2145889720409748,0
2019-01-10,4582.483,2331.851,0.5217329870810277,11.377356647435121,766.31,288.81,2.653336103320522,1.0,1.5479720332531341,1.0,1.0,0,,-0.002296154944684603,-0.002296154944684603,0.0,0.0,1.0,1.519455238758433,0,0,0,766.31,735.1395,1.042400796039391,0
2019-01-11,4621.611,2354.499,0.5211264400114725,10.045821785392882,758.18,245.14,3.092844904952272,0.5605263829784821,1.5466231557864858,0.5605263829784821,0.5605263829784821,0,0.14272298758695734,-0.0008713836152540492,-0.0006516468067432903,0.00021973680851075894,0.4394736170215179,0.5605263829784821,1.518131210359267,0,0,0,758.18,728.5317499999999,1.0406958928008285,0
2019-01-14,4594.19,2331.136,0.5232263066322524,8.764758205144982,719.94,206.44,3.487405541561713,0.5605263829784821,1.5501164017738842,0.5627048691186798,0.5605263829784821,1,0.1421704420743643,0.002258627755784504,0.002258627755784504,0.0,0.0,0.5605263829784821,1.5215601036479072,0,0,0,719.94,721.9675,0.9971917018425346,1
2019-01-15,4644.166,2378.37,0.5184137916710962,4.1446859642060465,738.76,322.21,2.2927904161882005,0.5605263829784821,1.542124633332304,0.5656373208166995,0.5605263829784821,1,0.14143338329318764,-0.00515559246546575,-0.00515559246546575,0.0,0.0,0.5605263829784821,1.5137155598417869,0,0,0,738.76,712.21325,1.0372735974794065,0
2019-01-16,4637.197,2381.218,0.5170167576505571,-1.371565981373641,775.49,252.36,3.0729513393564747,0.5605263829784821,1.5397952231543095,0.5756129844805141,0.5605263829784821,1,0.1389822713471263,-0.0015105200498360112,-0.0015105200498360112,0.0,0.0,0.5605263829784821,1.511429062138897,0,0,0,775.49,705.45275,1.0992798596362408,0
2019-01-17,4595.49,2371.348,0.5144992707048516,-7.026710618582166,746.97,269.65,2.770146486185797,0.0,1.5393636752308284,0.5780865919752624,0.5780865919752624,0,0.13838757222624423,-0.00028026319148924107,0.0,0.00028026319148924107,0.5605263829784821,0.0,1.5110054642062325,0,0,0,746.97,697.36675,1.0711293591212945,0
2019-01-18,4626.413,2417.363,0.5081018304015533,-14.451307708828322,761.04,374.95,2.0297106280837443,0.0,1.5393636752308284,1.0,1.0,0,,0.0,0.0,0.0,0.0,0.0,1.5110054642062325,0,0,0,761.04,694.16875,1.0963328441391231,0
2019-01-21,4655.111,2432.487,0.5080749036550337,-19.29806736790828,732.22,339.13,2.1591130245038777,0.0,1.5393636752308284,1.0,1.0,0,,0.0,0.0,0.0,0.0,0.0,1.5110054642062325,0,0,0,732.22,691.7447500000001,1.0585118282430044,0
2019-01-22,4603.203,2401.233,0.5089487531004372,-22.48036394599945,694.21,257.03,2.700890946582112,0.0,1.5393636752308284,1.0,1.0,0,,0.0,0.0,0.0,0.0,0.0,1.5110054642062325,0,0,0,694.21,686.44575,1.0113107991418113,0
2019-01-23,4609.672,2397.049,0.510553599994018,-23.923844039548563,614.99,201.85,3.046767401535794,0.0,1.5393636752308284,1.0,1.0,0,,0.0,0.0,0.0,0.0,0.0,1.5110054642062325,0,0,0,614.99,685.5667500000001,0.8970534233172772,1
2019-01-24,4635.747,2411.562,0.5103516513626677,-25.17457881179468,750.11,273.29,2.74474001975923,0.0,1.5393636752308284,1.0,1.0,0,,0.0,0.0,0.0,0.0,0.0,1.5110054642062325,0,0,0,750.11,688.03175,1.0902258507692415,0
2019-01-25,4607.945,2441.64,0.501041715820406,-29.259596704770242,749.05,325.44,2.301653146509341,0.0,1.5393636752308284,1.0,1.0,0,,0.0,0.0,0.0,0.0,0.0,1.5110054642062325,0,0,0,749.05,687.84875,1.0889748654773306,0
2019-01-28,4570.399,2437.026,0.4979000659138646,-34.615673972054694,681.47,326.97,2.084197326971893,0.0,1.5393636752308284,1.0,1.0,0,,0.0,0.0,0.0,0.0,0.0,1.5110054642062325,0,0,0,681.47,685.3165000000001,0.9943872648622935,1
2019-01-29,4490.051,2455.897,0.48538835807368086,-43.20979787611554,682.49,271.42,2.514516247881512,0.0,1.5393636752308284,1.0,1.0,0,,0.0,0.0,0.0,0.0,0.0,1.5110054642062325,0,0,0,682.49,685.74075,0.9952595058701119,2
2019-01-30,4423.136,2440.015,0.4812669375017131,-51.266423799505894,530.23,224.14,2.365619701971982,0.0,1.5393636752308284,1.0,1.0,0,,0.0,0.0,0.0,0.0,0.0,1.5110054642062325,0,0,0,530.23,674.9425,0.7855928467980606,3
2019-01-31,4355.736,2483.471,0.4656404354710727,-62.80823749419782,632.04,341.42,1.85120965379884,0.0,1.5393636752308284,1.0,1.0,0,,0.0,0.0,0.0,0.0,0.0,1.5110054642062325,0,0,0,632.04,669.27025,0.9443718736937731,4
2019-02-01,4482.985,2499.644,0.47614294668229246,-66.1743103887528,555.42,293.64,1.891499795668165,0.0,1.5393636752308284,1.0,1.0,0,,0.0,0.0,0.0,0.0,0.0,1.5110054642062325,0,0,0,555.42,662.03525,0.8389583485169406,5
2019-02-11,4611.83,2527.474,0.4844342310998798,-63.94838928950886,702.16,347.15,2.0226415094339623,0.0,1.5393636752308284,1.0,1.0,0,,0.0,0.0,0.0,0.0,0.0,1.5110054642062325,0,0,0,702.16,659.65075,1.0644420551329623,0
2019-02-12,4675.792,2533.182,0.4900461939376504,-59.07681600518514,826.3,337.72,2.446701409451616,0.0,1.5393636752308284,1.0,1.0,0,,0.0,0.0,0.0,0.0,0.0,1.5110054642062325,0,0,0,826.3,664.2112500000001,1.244031925084075,0
2019-02-13,4759.826,2580.612,0.48968476762048974,-53.97326527219242,1040.15,480.09,2.166572934241497,0.0,1.5393636752308284,1.0,1.0,0,,0.0,0.0,0.0,0.0,0.0,1.5110054642062325,0,0,0,1040.15,675.54225,1.5397260497030352,0
2019-02-14,4780.044,2576.306,0.4925866978282506,-47.25980665364231,948.15,351.68,2.696058917197452,0.0,1.5393636752308284,1.0,1.0,0,,0.0,0.0,0.0,0.0,0.0,1.5110054642062325,0,0,0,948.15,685.0825,1.3839938985450657,0
2019-02-15,4773.514,2517.462,0.5034119343943733,-36.21583018905745,950.46,390.94,2.431217066557528,0.0,1.5393636752308284,1.0,1.0,0,,0.0,0.0,0.0,0.0,0.0,1.5110054642062325,0,0,0,950.46,694.5705,1.3684140054897236,0
2019-02-18,4942.876,2582.851,0.5080758971650271,-23.78886948051505,1266.06,478.76,2.644456512657699,0.0,1.5393636752308284,1.0,1.0,0,,0.0,0.0,0.0,0.0,0.0,1.5110054642062325,0,0,0,1266.06,709.04575,1.7855829472216707,0
2019-02-19,4963.751,2579.046,0.5109743849548558,-11.542509438555925,1447.39,496.08,2.917654410578939,0.0,1.5393636752308284,1.0,1.0,0,,0.0,0.0,0.0,0.0,0.0,1.5110054642062325,0,0,0,1447.39,727.62,1.9892114015557572,0
2019-02-20,4967.039,2588.166,0.509511126746335,-0.8216230294593861,1209.95,381.67,3.170146985615846,0.0,1.5393636752308284,1.0,1.0,0,,0.0,0.0,0.0,0.0,0.0,1.5110054642062325,0,0,0,1209.95,743.3230000000001,1.6277580540357286,0
2019-02-21,4947.658,2577.226,0.5096774254303804,8.86118392783716,1469.13,444.05,3.308478774912736,0.0,1.5393636752308284,1.0,1.0,0,,0.0,0.0,0.0,0.0,0.0,1.5110054642062325,0,0,0,1469.13,766.33375,1.9170889967980662,0
2019-02-22,5059.509,2623.074,0.5120897232475399,17.344701960123494,1391.77,534.92,2.6018283107754434,1.0,1.5458797852456543,1.0,1.0,0,,0.00423298933167876,0.004732989331678761,0.0005,1.0,1.0,1.5174015342163258,0,0,0,1391.77,788.10175,1.7659775530253548,0
2019-02-25,5324.247,2787.699,0.5070613938251378,23.030360212944228,2211.86,1250.03,1.7694455333072008,1.0,1.5307004280846634,1.0,1.0,0,,-0.009819235173308516,-0.009819235173308516,0.0,0.0,1.0,1.5025018116995166,0,0,0,2211.86,830.0944999999999,2.664588188453243,0
2019-02-26,5323.757,2733.901,0.516991818791582,31.634785487465756,2378.11,1142.83,2.080895671272193,1.0,1.560678071684248,1.0,1.0,0,,0.01958426550980663,0.01958426550980663,0.0,0.0,1.0,1.5319272061088054,0,0,0,2378.11,876.3800000000001,2.713560327711723,0
2019-02-27,5310.275,2750.339,0.5126004880446938,37.760617367113845,1993.81,910.99,2.188618974961306,1.0,1.547421665387142,1.0,1.0,0,,-0.008494004329028693,-0.008494004329028693,0.0,0.0,1.0,1.5189150097883604,0,0,0,1993.81,913.2047500000001,2.1833110263607365,0
2019-02-28,5330.339,2743.972,0.5157311757623265,44.75845852137465,1571.72,621.86,2.5274499083394977,1.0,1.55687248354829,1.0,1.0,0,,0.006107461445412632,0.006107461445412632,0.0,0.0,1.0,1.5281917246495014,0,0,0,1571.72,935.5360000000001,1.6800208650442099,0
2019-03-01,5364.366,2819.468,0.505125695824777,44.39800142282917,1441.36,763.34,1.88822805041004,1.0,1.5248570059786277,1.0,1.0,0,,-0.02056396905204172,-0.02056396905204172,0.0,0.0,1.0,1.4967660373182228,0,0,0,1441.36,956.79825,1.5064408823908277,0
2019-03-04,5482.299,2832.588,0.5138395601671856,46.94944126503393,2296.83,1188.54,1.9324801857741432,1.0,1.5511621359720111,1.0,1.0,0,,0.017250883125595973,0.017250883125595973,0.0,0.0,1.0,1.5225865732943609,0,0,0,2296.83,998.9352499999999,2.2992781564170452,0
2019-03-05,5654.306,2828.869,0.5306579827806404,51.4253338391142,2240.48,752.89,2.975839764108967,1.0,1.6019330426267624,1.0,1.0,0,,0.03273088317291628,0.03273088317291628,0.0,0.0,1.0,1.5724221765455095,0,0,0,2240.48,1041.2195,2.1517845180579123,0
2019-03-06,5776.973,2840.272,0.5399936286495272,58.03616074628453,2687.39,910.61,2.951197548895795,1.0,1.6301151864499221,1.0,1.0,0,,0.01759258537856745,0.01759258537856745,0.0,0.0,1.0,1.6000851479375393,0,0,0,2687.39,1095.61125,2.4528682048491195,0
2019-03-07,5877.297,2789.7,0.559330324495301,63.232365038591304,2814.68,1022.32,2.7532279521089285,1.0,1.688488174354965,1.0,1.0,0,,0.03580911851521851,0.03580911851521851,0.0,0.0,1.0,1.6573827866344757,0,0,0,2814.68,1150.98725,2.445448461744472,0
2019-03-08,5633.319,2685.592,0.5568940023855793,66.49253605739119,2847.91,963.88,2.9546312819023117,1.0,1.6811334844856172,1.0,1.0,0,,-0.00435578405644288,-0.00435578405644288,0.0,0.0,1.0,1.6501635851170304,0,0,0,2847.91,1203.5339999999999,2.3662896104306155,0
2019-03-11,5876.342,2708.598,0.5759844256171881,75.91855082983992,2382.7,701.99,3.3942078946993544,1.0,1.7387630326405261,1.0,1.0,0,,0.034280173874796205,0.034280173874796205,0.0,0.0,1.0,1.7067314797366993,0,0,0,2382.7,1242.066,1.9183360626568957,0
2019-03-12,6006.178,2719.773,0.5862917338631382,87.29238133859273,2886.02,850.52,3.3932417814983773,1.0,1.7698783992146911,1.0,1.0,0,,0.017895116234966535,0.017895116234966535,0.0,0.0,1.0,1.737273637948464,0,0,0,2886.02,1294.9135,2.2287357418082365,0
2019-03-13,5866.633,2723.962,0.5717894083966647,88.56744583241932,2701.34,741.18,3.644647723899728,1.0,1.726099251225741,1.0,1.0,0,,-0.024735681280914745,-0.024735681280914745,0.0,0.0,1.0,1.6943009909424354,0,0,0,2701.34,1339.86625,2.0161266096522694,0
2019-03-14,5688.95,2729.132,0.5534212174351303,79.76078885670152,2036.59,625.68,3.2550025572177472,1.0,1.6706499543351605,1.0,1.0,0,,-0.03212404897992083,-0.03212404897992083,0.0,0.0,1.0,1.6398731829226723,0,0,0,2036.59,1371.62325,1.4848027692735595,0
2019-03-15,5777.109,2755.805,0.5565578443601319,74.17747310703108,1816.4,672.58,2.7006452763983466,1.0,1.6801187015821606,1.0,1.0,0,,0.005667702694050147,0.005667702694050147,0.0,0.0,1.0,1.6491674965794236,0,0,0,1816.4,1398.0787500000001,1.2992115072201762,0
2019-03-18,5916.344,2825.184,0.5559745474185471,68.3300581660735,1948.35,876.55,2.222748274485198,1.0,1.678357863764379,1.0,1.0,0,,-0.0010480436984144914,-0.0010480436984144914,0.0,0.0,1.0,1.6474390969770036,0,0,0,1948.35,1428.789,1.363637318036463,0
2019-03-19,5941.909,2806.896,0.5620149975652575,64.63588863883183,1948.23,623.63,3.124015842727258,1.0,1.6965925780179003,1.0,1.0,0,,0.010864616329572696,0.010864616329572696,0.0,0.0,1.0,1.6653378906919964,0,0,0,1948.23,1459.02575,1.3352951447224286,0
2019-03-20,5926.17,2812.918,0.5593263297726714,58.12274019583256,1934.13,584.29,3.3102226634034477,1.0,1.6884761152163401,1.0,1.0,0,,-0.004783978726962568,-0.004783978726962568,0.0,0.0,1.0,1.6573709496497213,0,0,0,1934.13,1487.99175,1.2998257550823116,0
2019-03-21,5990.639,2802.965,0.5674187791061899,53.199247508225284,2219.12,637.31,3.4820103246457768,1.0,1.7129053378113106,1.0,1.0,0,,0.014468207382276388,0.014468207382276388,0.0,0.0,1.0,1.6813501362586138,0,0,0,2219.12,1524.7955,1.4553558165668774,0
2019-03-22,6014.546,2795.391,0.5712267258947022,49.46590093733744,2030.33,505.09,4.019739056405789,0.27646163026088605,1.7154636724241652,0.27646163026088605,0.27646163026088605,0,0.2893710780932136,0.0014935645049267933,0.0018553336897963503,0.000361769184869557,0.723538369739114,0.27646163026088605,1.6838613411424834,0,0,0,2030.33,1556.52775,1.3043969180761474,0
2019-03-25,5961.435,2718.181,0.5822649805497933,45.86786242197664,2063.04,662.08,3.115998066698888,0.27646163026088605,1.7246281619863741,0.27645218142694694,0.27646163026088605,1,0.28938096848094563,0.005342281337417356,0.005342281337417356,0.0,0.0,0.27646163026088605,1.6928570021600675,0,0,0,2063.04,1589.7982499999998,1.2976740916654048,0
2019-03-26,5788.36,2706.154,0.5678730473945539,38.772418270208384,1929.0,526.13,3.66639423716572,0.27646163026088605,1.7128431833239768,0.278367294269072,0.27646163026088605,1,0.2873900837024029,-0.006833344672293758,-0.006833344672293758,0.0,0.0,0.27646163026088605,1.6812891267834018,0,0,0,1929.0,1620.668,1.1902499463184317,0
2019-03-27,5826.527,2741.591,0.5642289010267197,28.2628995412828,1626.9,519.01,3.134621683589912,0.27646163026088605,1.7098044189654025,0.2640700088578301,0.27646163026088605,1,0.3029499652233146,-0.0017741054103255337,-0.0017741054103255337,0.0,0.0,0.27646163026088605,1.678306342647254,0,0,0,1626.9,1645.96575,0.9884166787796161,1
2019-03-28,5747.863,2733.974,0.558161990060511,16.519984603142372,1603.51,466.32,3.438647280837193,0.27646163026088605,1.704721729302152,0.2649712749870772,0.27646163026088605,1,0.30191951940413786,-0.0029726731355193066,-0.0029726731355193066,0.0,0.0,0.27646163026088605,1.673317286469295,0,0,0,1603.51,1667.3007499999999,0.9617401059766812,2
2019-03-29,5911.212,2838.505,0.5528853748353549,0.40743992702951837,1800.58,905.5,1.988492545554942,0.27646163026088605,1.700266361833703,0.2609725856350348,0.27646163026088605,1,0.3065456082497435,-0.0026135453029467776,-0.0026135453029467776,0.0,0.0,0.27646163026088605,1.6689439959349035,0,0,0,1800.58,1693.589,1.0631741231196,0
2019-04-01,6137.733,2892.619,0.5633327340677947,-9.294200553145263,2348.52,1045.14,2.2470865147253,0.27646163026088605,1.7091486171724082,0.2685486448431973,0.27646163026088605,1,0.2978976119827793,0.005224037561459347,0.005224037561459347,0.0,0.0,0.27646163026088605,1.6776626220576396,0,0,0,2348.52,1735.26525,1.3534069215066689,0
2019-04-02,6174.942,2888.53,0.5675501340562302,-14.174931899337501,2572.49,775.41,3.317586825034497,0.0,1.7089123601658773,0.26774969745017446,0.26774969745017446,0,0.2987865187593245,-0.00013823081513044303,0.0,0.00013823081513044303,0.27646163026088605,0.0,1.6774307173858787,0,0,0,2572.49,1782.51525,1.443179798882506,0
2019-04-03,6237.016,2920.001,0.5670770720179077,-17.18564750393523,2245.66,815.62,2.753316495426792,0.0,1.7089123601658773,1.0,1.0,0,,0.0,0.0,0.0,0.0,0.0,1.6774307173858787,0,0,0,2245.66,1825.4009999999998,1.23022831695611,0
2019-04-04,6260.07,2951.985,0.5630063244612488,-18.674026014129296,2366.89,899.99,2.629906998966655,0.0,1.7089123601658773,1.0,1.0,0,,0.0,0.0,0.0,0.0,0.0,1.6774307173858787,0,0,0,2366.89,1868.77225,1.2665481307312862,0
2019-04-08,6230.214,2962.275,0.558374814670527,-21.145166221303448,2514.92,975.33,2.5785323941640264,0.0,1.7089123601658773,1.0,1.0,0,,0.0,0.0,0.0,0.0,0.0,1.6774307173858787,0,0,0,2514.92,1917.75975,1.3113842857532076,0
2019-04-09,6245.432,2967.514,0.5587505169419839,-20.004730837861395,2020.89,723.1,2.7947586779145346,0.0,1.7089123601658773,1.0,1.0,0,,0.0,0.0,0.0,0.0,0.0,1.6774307173858787,0,0,0,2020.89,1950.7279999999998,1.035967085108739,0
2019-04-10,6235.707,2979.099,0.5557110021886118,-18.507982647446738,2129.1,750.73,2.836039588134216,0.0,1.7089123601658773,1.0,1.0,0,,0.0,0.0,0.0,0.0,0.0,1.6774307173858787,0,0,0,2129.1,1983.298,1.0735149231230001,0
2019-04-11,6106.95,2928.427,0.5536536816639941,-19.948157158424326,1992.34,640.02,3.112933970813412,0.0,1.7089123601658773,1.0,1.0,0,,0.0,0.0,0.0,0.0,0.0,1.6774307173858787,0,0,0,1992.34,2007.10275,0.9926447462642358,1
2019-04-12,6101.205,2920.515,0.5546313406243801,-23.192189395644778,1628.1,473.18,3.44076250052834,0.0,1.7089123601658773,1.0,1.0,0,,0.0,0.0,0.0,0.0,0.0,1.6774307173858787,0,0,0,1628.1,2024.1015000000002,0.8043568961339141,2
2019-04-15,6052.053,2924.926,0.5493334817345651,-27.260124409582367,1855.36,777.06,2.3876663320721696,0.0,1.7089123601658773,1.0,1.0,0,,0.0,0.0,0.0,0.0,0.0,1.6774307173858787,0,0,0,1855.36,2046.7240000000002,0.9065022934210962,3
2019-04-16,6179.801,3023.025,0.5427264428253323,-32.46669747715127,1884.69,852.99,2.209510076319769,0.0,1.7089123601658773,1.0,1.0,0,,0.0,0.0,0.0,0.0,0.0,1.6774307173858787,0,0,0,1884.69,2062.18975,0.9139265676206566,4
2019-04-17,6234.111,3017.416,0.5485138173880556,-34.26960694240067,2113.05,643.17,3.2853677876766647,0.0,1.7089123601658773,1.0,1.0,0,,0.0,0.0,0.0,0.0,0.0,1.6774307173858787,0,0,0,2113.05,2078.83125,1.0164605712945676,0
2019-04-18,6202.845,3004.925,0.5480315007086842,-35.47119945277806,1973.22,500.09,3.9457297686416446,0.0,1.7089123601658773,1.0,1.0,0,,0.0,0.0,0.0,0.0,0.0,1.6774307173858787,0,0,0,1973.22,2097.913,0.9405633122059875,1
2019-04-19,6255.252,3042.432,0.545848549354499,-35.62353807309067,1881.08,560.35,3.3569733202462744,0.0,1.7089123601658773,1.0,1.0,0,,0.0,0.0,0.0,0.0,0.0,1.6774307173858787,0,0,0,1881.08,2108.21175,0.8922633127341217,2
2019-04-22,6192.144,2970.488,0.5534284428572264,-31.820095068704006,2001.2,748.66,2.673042502604654,0.0,1.7089123601658773,1.0,1.0,0,,0.0,0.0,0.0,0.0,0.0,1.6774307173858787,0,0,0,2001.2,2123.4474999999998,0.9424297045253063,3
2019-04-23,6078.267,2978.845,0.5417265212734096,-30.98047150730112,1948.65,573.99,3.3949197721214657,0.0,1.7089123601658773,1.0,1.0,0,,0.0,0.0,0.0,0.0,0.0,1.6774307173858787,0,0,0,1948.65,2116.8672500000002,0.9205348138859439,4
2019-04-24,6153.391,2974.847,0.54915900310429,-29.068945642351576,1682.78,510.81,3.294336446036686,0.0,1.7089123601658773,1.0,1.0,0,,0.0,0.0,0.0,0.0,0.0,1.6774307173858787,0,0,0,1682.78,2099.484,0.801520754623517,5
2019-04-25,5899.907,2927.995,0.5349621621665565,-32.15102857039515,1949.13,523.03,3.7266122402156663,0.0,1.7089123601658773,1.0,1.0,0,,0.0,0.0,0.0,0.0,0.0,1.6774307173858787,0,0,0,1949.13,2098.3669999999997,0.9288794572160163,6
2019-04-26,5834.377,2892.857,0.5354460914577599,-35.194152733562156,1569.53,522.62,3.0031954383682216,0.0,1.7089123601658773,1.0,1.0,0,,0.0,0.0,0.0,0.0,0.0,1.6774307173858787,0,0,0,1569.53,2098.31225,0.7479963956746666,7
2019-04-29,5622.484,2939.405,0.5078284527271948,-46.04547996875359,1591.61,607.73,2.6189426225461965,0.0,1.7089123601658773,1.0,1.0,0,,0.0,0.0,0.0,0.0,0.0,1.6774307173858787,0,0,0,1591.61,2102.0685,0.7571637175477393,8
2019-04-30,5682.236,2945.244,0.5122078353655333,-51.6986767222057,1215.0,495.35,2.452811143635813,0.0,1.7089123601658773,1.0,1.0,0,,0.0,0.0,0.0,0.0,0.0,1.6774307173858787,0,0,0,1215.0,2075.0227499999996,0.5855357489454033,9
2019-05-06,5246.83,2805.035,0.49660025568371985,-60.15307903366147,1427.68,938.17,1.5217711075817817,0.0,1.7089123601658773,1.0,1.0,0,,0.0,0.0,0.0,0.0,0.0,1.6774307173858787,0,0,0,1427.68,2054.70275,0.6948352991691864,10
2019-05-07,5312.496,2806.258,0.5025962570311253,-64.82248489707194,1227.06,593.34,2.068055415107695,0.0,1.7089123601658773,1.0,1.0,0,,0.0,0.0,0.0,0.0,0.0,1.6774307173858787,0,0,0,1227.06,2018.1945,0.6079988821691863,11
2019-05-08,5292.746,2758.244,0.5094441749189568,-66.30713524188046,1221.7,478.68,2.552226957466366,0.0,1.7089123601658773,1.0,1.0,0,,0.0,0.0,0.0,0.0,0.0,1.6774307173858787,0,0,0,1221.7,1978.3700000000001,0.6175285715007809,12
2019-05-09,5237.825,2698.78,0.5152662908447337,-64.74520808233045,1013.39,528.18,1.9186451588473628,0.0,1.7089123601658773,1.0,1.0,0,,0.0,0.0,0.0,0.0,0.0,1.6774307173858787,0,0,0,1013.39,1932.507,0.5243913734853224,13
2019-05-10,5445.526,2793.759,0.5174866217424623,-61.70916159184655,1475.77,640.04,2.30574651584276,0.0,1.7089123601658773,1.0,1.0,0,,0.0,0.0,0.0,0.0,0.0,1.6774307173858787,0,0,0,1475.77,1909.8337500000002,0.7727217094158064,14
2019-05-13,5405.615,2741.112,0.5235601222970234,-56.253330502561994,1165.14,400.76,2.9073260804471506,0.0,1.7089123601658773,1.0,1.0,0,,0.0,0.0,0.0,0.0,0.0,1.6774307173858787,0,0,0,1165.14,1866.81175,0.6241336331850279,15
2019-05-14,5368.229,2724.734,0.5230643884408712,-50.571594552907825,1117.78,416.91,2.681106233959368,0.0,1.7089123601658773,1.0,1.0,0,,0.0,0.0,0.0,0.0,0.0,1.6774307173858787,0,0,0,1117.78,1827.2227500000001,0.6117371294769617,16
2019-05-15,5486.387,2783.544,0.5232829426557817,-44.75120052887463,1254.59,470.09,2.6688293730987684,0.0,1.7089123601658773,1.0,1.0,0,,0.0,0.0,0.0,0.0,0.0,1.6774307173858787,0,0,0,1254.59,1807.6727499999997,0.6940360195173602,17
2019-05-16,5527.275,2791.415,0.525696269462666,-38.7065498499994,1401.14,395.74,3.5405569313185428,0.0,1.7089123601658773,1.0,1.0,0,,0.0,0.0,0.0,0.0,0.0,1.6774307173858787,0,0,0,1401.14,1797.2912499999998,0.7795842771726621,18
2019-05-17,5330.986,2735.212,0.5174456963020602,-35.47199969732716,1469.44,428.81,3.4267857559291994,0.0,1.7089123601658773,1.0,1.0,0,,0.0,0.0,0.0,0.0,0.0,1.6774307173858787,0,0,0,1469.44,1785.3184999999999,0.8230688249743674,19
2019-05-20,5313.149,2715.432,0.5194709836441237,-30.335659371919817,1160.35,413.21,2.8081362987343,0.0,1.7089123601658773,1.0,1.0,0,,0.0,0.0,0.0,0.0,0.0,1.6774307173858787,0,0,0,1160.35,1765.6215,0.6571906832806464,20
2019-05-21,5418.045,2739.785,0.5250181949047851,-23.152107788199306,1233.13,383.23,3.217728257182371,0.0,1.7089123601658773,1.0,1.0,0,,0.0,0.0,0.0,0.0,0.0,1.6774307173858787,0,0,0,1233.13,1748.0965,0.7054130020854112,21
2019-05-22,5395.43,2725.734,0.5255219026906841,-15.878829697387918,1258.81,315.94,3.9843324681901615,0.0,1.7089123601658773,1.0,1.0,0,,0.0,0.0,0.0,0.0,0.0,1.6774307173858787,0,0,0,1258.81,1724.0887500000001,0.7301306269761344,22
2019-05-23,5267.827,2685.934,0.5206961870761389,-9.402027404583086,1267.73,372.42,3.4040330809301325,0.0,1.7089123601658773,1.0,1.0,0,,0.0,0.0,0.0,0.0,0.0,1.6774307173858787,0,0,0,1267.73,1705.0237499999998,0.7435262998535945,23
2019-05-24,5200.774,2702.025,0.5110069999326529,-7.81049025353182,1001.1,292.72,3.419991801038535,0.0,1.7089123601658773,1.0,1.0,0,,0.0,0.0,0.0,0.0,0.0,1.6774307173858787,0,0,0,1001.1,1678.4752500000002,0.5964341744091847,24
2019-05-27,5354.634,2722.335,0.5221995038457573,-0.7736906385169252,1123.54,386.03,2.910499184001244,0.0,1.7089123601658773,1.0,1.0,0,,0.0,0.0,0.0,0.0,0.0,1.6774307173858787,0,0,0,1123.54,1658.3387500000001,0.6775093448187229,25
2019-05-28,5354.525,2748.799,0.5171615123141974,1.924313129398205,1233.86,505.84,2.4392297959829192,0.0,1.7089123601658773,1.0,1.0,0,,0.0,0.0,0.0,0.0,0.0,1.6774307173858787,0,0,0,1233.86,1648.5127499999999,0.7484685817564953,26
2019-05-29,5376.513,2755.808,0.5179644746122339,5.3449619755561315,1079.09,423.13,2.5502564223761017,0.0,1.7089123601658773,1.0,1.0,0,,0.0,0.0,0.0,0.0,0.0,1.6774307173858787,0,0,0,1079.09,1635.4022499999999,0.6598315490883053,27
2019-05-30,5341.98,2742.964,0.5170474258342324,2.748901434446601,1168.72,335.64,3.4820641163151,0.0,1.7089123601658773,1.0,1.0,0,,0.0,0.0,0.0,0.0,0.0,1.6774307173858787,0,0,0,1168.72,1619.60575,0.7216077122472553,28
2019-05-31,5334.248,2728.946,0.5189511651674404,1.8443475708363128,1088.45,307.49,3.539789911867053,0.0,1.7089123601658773,1.0,1.0,0,,0.0,0.0,0.0,0.0,0.0,1.6774307173858787,0,0,0,1088.45,1588.104,0.6853770282047019,29
2019-06-03,5255.074,2743.064,0.5086172973282393,-5.965918255328051,1201.8,363.83,3.303191050765468,0.0,1.7089123601658773,1.0,1.0,0,,0.0,0.0,0.0,0.0,0.0,1.6774307173858787,0,0,0,1201.8,1553.83675,0.7734403244098841,30
2019-06-04,5160.977,2721.314,0.5035023455340484,-13.487670877311778,1032.14,314.97,3.276947010826428,0.0,1.7089123601658773,1.0,1.0,0,,0.0,0.0,0.0,0.0,0.0,1.6774307173858787,0,0,0,1032.14,1523.49875,0.6774800438792615,31
2019-06-05,5158.465,2719.595,0.5035753746267997,-18.465531214406255,937.64,351.27,2.669285734620093,0.0,1.7089123601658773,1.0,1.0,0,,0.0,0.0,0.0,0.0,0.0,1.6774307173858787,0,0,0,937.64,1487.7675,0.6302328824900396,32
2019-06-06,5030.801,2706.762,0.4934410748692724,-24.957877853915857,915.61,292.26,3.132861151029905,0.0,1.7089123601658773,1.0,1.0,0,,0.0,0.0,0.0,0.0,0.0,1.6774307173858787,0,0,0,915.61,1447.78475,0.632421359597827,33
2019-06-10,5098.938,2743.375,0.4934495814250941,-29.175643102601896,814.4,395.36,2.059894779441521,0.0,1.7089123601658773,1.0,1.0,0,,0.0,0.0,0.0,0.0,0.0,1.6774307173858787,0,0,0,814.4,1417.6225,0.5744829811885745,34
2019-06-11,5289.624,2812.899,0.4992509432102839,-29.02335367165687,1288.57,610.99,2.1089870537979345,0.0,1.7089123601658773,1.0,1.0,0,,0.0,0.0,0.0,0.0,0.0,1.6774307173858787,0,0,0,1288.57,1396.60925,0.9226417482198402,35
2019-06-12,5264.886,2796.732,0.4997886055350368,-27.811043421533544,1267.28,366.55,3.457318237621061,0.0,1.7089123601658773,1.0,1.0,0,,0.0,0.0,0.0,0.0,0.0,1.6774307173858787,0,0,0,1267.28,1378.48275,0.9193296035079148,36
2019-06-13,5294.113,2794.536,0.5029580093753175,-24.649335380570133,1116.87,323.59,3.4514972650576348,0.0,1.7089123601658773,1.0,1.0,0,,0.0,0.0,0.0,0.0,0.0,1.6774307173858787,0,0,0,1116.87,1365.702,0.81779919777521,37
2019-06-14,5173.069,2785.606,0.49303393497825254,-24.54976700219576,1077.8,354.33,3.0417971947055005,0.0,1.7089123601658773,1.0,1.0,0,,0.0,0.0,0.0,0.0,0.0,1.6774307173858787,0,0,0,1077.8,1346.2630000000001,0.8005865124422196,38
2019-06-17,5160.673,2793.704,0.4904267857163709,-25.524133549446656,823.81,291.72,2.823975044563279,0.0,1.7089123601658773,1.0,1.0,0,,0.0,0.0,0.0,0.0,0.0,1.6774307173858787,0,0,0,823.81,1319.741,0.6242209645680478,39
2019-06-18,5160.878,2806.454,0.48821812095293243,-25.650716645664954,799.11,288.34,2.7714156898106403,0.0,1.7089123601658773,1.0,1.0,0,,0.0,0.0,0.0,0.0,0.0,1.6774307173858787,0,0,0,799.11,1286.8925000000002,0.6209609582774007,40
2019-06-19,5234.275,2842.736,0.4888416901075635,-23.695476490687206,1153.49,617.01,1.8694834767669888,0.0,1.7089123601658773,1.0,1.0,0,,0.0,0.0,0.0,0.0,0.0,1.6774307173858787,0,0,0,1153.49,1266.39925,0.9108422955872724,41
2019-06-20,5317.31,2942.629,0.4797386405518776,-24.19606136570318,1270.96,872.65,1.456437288718272,0.0,1.7089123601658773,1.0,1.0,0,,0.0,0.0,0.0,0.0,0.0,1.6774307173858787,0,0,0,1270.96,1251.14625,1.0158364779497202,0
2019-06-21,5406.04,2938.773,0.48838401850573704,-21.352968401491946,1461.73,687.52,2.126090877356295,0.0,1.7089123601658773,1.0,1.0,0,,0.0,0.0,0.0,0.0,0.0,1.6774307173858787,0,0,0,1461.73,1237.6595000000002,1.181043736181074,0
2019-06-24,5403.798,2949.518,0.486403045701046,-19.497763049171482,1173.98,485.18,2.4196792942825343,0.0,1.7089123601658773,1.0,1.0,0,,0.0,0.0,0.0,0.0,0.0,1.6774307173858787,0,0,0,1173.98,1218.29275,0.96362717417468,1
2019-06-25,5351.69,2910.121,0.4882341262197953,-14.71176962636217,1189.82,645.11,1.8443676272263645,0.0,1.7089123601658773,1.0,1.0,0,,0.0,0.0,0.0,0.0,0.0,1.6774307173858787,0,0,0,1189.82,1205.96875,0.9866093130522661,2
2019-06-26,5351.391,2903.487,0.48932232247204616,-9.865760992115499,986.29,367.5,2.68378231292517,0.0,1.7089123601658773,1.0,1.0,0,,0.0,0.0,0.0,0.0,0.0,1.6774307173858787,0,0,0,986.29,1181.8977499999999,0.8344968928149665,3
2019-06-27,5397.571,2937.128,0.4878920265241804,-5.16362991368014,1137.04,540.16,2.1050059241706163,0.0,1.7089123601658773,1.0,1.0,0,,0.0,0.0,0.0,0.0,0.0,1.6774307173858787,0,0,0,1137.04,1171.0855,0.9709282541710235,4
2019-06-28,5321.433,2930.598,0.4820816268682612,-2.5467031170705807,1078.59,373.48,2.88794580700439,0.0,1.7089123601658773,1.0,1.0,0,,0.0,0.0,0.0,0.0,0.0,1.6774307173858787,0,0,0,1078.59,1158.2599999999998,0.9312157892010431,5
2019-07-01,5481.409,3002.94,0.48461157596244603,1.9241913332291982,1390.46,676.59,2.0550998388980037,0.0,1.7089123601658773,1.0,1.0,0,,0.0,0.0,0.0,0.0,0.0,1.6774307173858787,0,0,0,1390.46,1162.6465,1.1959439090041555,0
2019-07-02,5483.515,2999.076,0.4854223794067065,5.110934505281921,1265.89,502.03,2.521542537298568,0.0,1.7089123601658773,1.0,1.0,0,,0.0,0.0,0.0,0.0,0.0,1.6774307173858787,0,0,0,1265.89,1158.60175,1.0926014914097963,0
2019-07-03,5428.514,2964.731,0.48612045758595396,7.785673295343107,1122.48,529.49,2.11992672193998,0.0,1.7089123601658773,1.0,1.0,0,,0.0,0.0,0.0,0.0,0.0,1.6774307173858787,0,0,0,1122.48,1155.98725,0.971014169922722,1
2019-07-04,5404.384,2953.272,0.48583744257642464,10.790941132907527,1048.0,492.41,2.1283077110537967,0.0,1.7089123601658773,1.0,1.0,0,,0.0,0.0,0.0,0.0,0.0,1.6774307173858787,0,0,0,1048.0,1151.64475,0.9100028459297019,2
2019-07-05,5424.25,2961.922,0.4861992789869234,11.850487873335002,912.52,379.72,2.403139155166965,0.0,1.7089123601658773,1.0,1.0,0,,0.0,0.0,0.0,0.0,0.0,1.6774307173858787,0,0,0,912.52,1149.123,0.7941012406852878,3
2019-07-08,5244.266,2897.512,0.4805158293540506,10.777785908722091,1103.52,489.32,2.255211313659773,0.0,1.7089123601658773,1.0,1.0,0,,0.0,0.0,0.0,0.0,0.0,1.6774307173858787,0,0,0,1103.52,1139.81675,0.9681556267707068,4
2019-07-09,5260.344,2881.552,0.4846585904334821,13.1147753177184,856.81,330.52,2.592309088708701,0.0,1.7089123601658773,1.0,1.0,0,,0.0,0.0,0.0,0.0,0.0,1.6774307173858787,0,0,0,856.81,1132.1084999999998,0.7568267529128172,5
2019-07-10,5214.644,2878.781,0.4809105089361423,14.209564367953785,804.76,305.67,2.632773906500474,0.0,1.7089123601658773,1.0,1.0,0,,0.0,0.0,0.0,0.0,0.0,1.6774307173858787,0,0,0,804.76,1124.283,0.7157984244180514,6
2019-07-11,5206.399,2887.831,0.4786454160437545,15.758680070041377,815.22,370.58,2.19984888553079,0.0,1.7089123601658773,1.0,1.0,0,,0.0,0.0,0.0,0.0,0.0,1.6774307173858787,0,0,0,815.22,1113.29875,0.7322562789188437,7
2019-07-12,5219.189,2902.13,0.47745713942871093,14.976822210657648,778.46,361.03,2.156219704733679,0.0,1.7089123601658773,1.0,1.0,0,,0.0,0.0,0.0,0.0,0.0,1.6774307173858787,0,0,0,778.46,1097.73175,0.7091532152550021,8
2019-07-15,5273.815,2902.61,0.4823746031634039,15.927157856676839,964.27,455.18,2.1184366624192625,0.0,1.7089123601658773,1.0,1.0,0,,0.0,0.0,0.0,0.0,0.0,1.6774307173858787,0,0,0,964.27,1085.1025000000002,0.888644160344299,9
2019-07-16,5285.229,2884.561,0.4864433964774802,17.999965850102114,838.12,296.23,2.829288053201904,0.0,1.7089123601658773,1.0,1.0,0,,0.0,0.0,0.0,0.0,0.0,1.6774307173858787,0,0,0,838.12,1077.04675,0.7781649218104971,10
2019-07-17,5289.424,2875.03,0.4884433835116793,21.176699544981716,919.37,292.35,3.144757995553275,1.0,1.7150840093613922,1.0,1.0,0,,0.0027085864696927563,0.003083586469692756,0.000375,0.75,0.75,1.681974183530837,0,0,1,919.37,1069.20275,0.8598649788358663,11
2019-07-18,5194.602,2859.165,0.4823488971346508,19.035152613174937,871.64,307.66,2.8331274783852303,1.0,1.6936842801740224,1.0,1.0,0,,-0.009358023748646221,-0.009358023748646221,0.0,0.0,0.75,1.6662342291767456,0,0,1,871.64,1059.5235,0.822671701005216,12
2019-07-19,5220.027,2895.625,0.47860657671571,17.86484386558871,806.05,369.55,2.181166283317548,0.0,1.6928374380339355,1.0,1.0,0,,-0.000375,0.0,0.000375,0.75,0.0,1.6656093913408043,0,0,0,806.05,1047.9815,0.7691452568580647,13
2019-07-22,5073.333,2881.904,0.4673713534554658,12.178632495421535,853.64,334.59,2.5513015929944114,0.0,1.6928374380339355,1.0,1.0,0,,0.0,0.0,0.0,0.0,0.0,1.6656093913408043,0,0,0,853.64,1044.295,0.8174318559410894,14
2019-07-23,5131.097,2881.098,0.4728249922727784,10.152610376776817,667.87,295.23,2.2622023507096163,0.0,1.6928374380339355,1.0,1.0,0,,0.0,0.0,0.0,0.0,0.0,1.6656093913408043,0,0,0,667.87,1032.9032499999998,0.6465949255169834,15
2019-07-24,5194.829,2906.55,0.4745059781234493,9.63002400037408,830.94,404.37,2.054900215149492,0.0,1.6928374380339355,1.0,1.0,0,,0.0,0.0,0.0,0.0,0.0,1.6656093913408043,0,0,0,830.94,1022.83025,0.8123928677314736,16
2019-07-25,5211.086,2931.176,0.4719919316578238,8.30505387592089,808.73,349.95,2.3109872838977,0.0,1.6928374380339355,1.0,1.0,0,,0.0,0.0,0.0,0.0,0.0,1.6656093913408043,0,0,0,808.73,1016.0712500000002,0.7959382769663051,17
2019-07-26,5216.602,2939.355,0.47117679399762613,5.658470556595492,738.88,330.15,2.238013024382856,0.0,1.6928374380339355,1.0,1.0,0,,0.0,0.0,0.0,0.0,0.0,1.6656093913408043,0,0,0,738.88,1005.3252500000001,0.7349661216606267,18
2019-07-29,5218.983,2930.489,0.4728180167549967,4.692830421936842,729.1,312.39,2.333941547424694,0.0,1.6928374380339355,1.0,1.0,0,,0.0,0.0,0.0,0.0,0.0,1.6656093913408043,0,0,0,729.1,996.3414999999999,0.7317772069114857,19
2019-07-30,5239.718,2944.025,0.47251396745905705,4.043235073143841,802.01,344.01,2.3313566466091102,0.0,1.6928374380339355,1.0,1.0,0,,0.0,0.0,0.0,0.0,0.0,1.6656093913408043,0,0,0,802.01,986.34675,0.8131116161735211,20
2019-07-31,5200.095,2912.661,0.4739904236218872,4.43750764428745,762.2,360.69,2.1131719759350136,0.0,1.6928374380339355,1.0,1.0,0,,0.0,0.0,0.0,0.0,0.0,1.6656093913408043,0,0,0,762.2,979.59825,0.7780740727129719,21
2019-08-01,5173.229,2887.867,0.47559003440434583,5.623441003902408,746.33,346.59,2.1533512219048445,0.0,1.6928374380339355,1.0,1.0,0,,0.0,0.0,0.0,0.0,0.0,1.6656093913408043,0,0,0,746.33,974.8155,0.7656115439280562,22
2019-08-02,5091.063,2843.77,0.47529389204810246,6.9918386262217425,904.04,427.69,2.113773995183428,0.0,1.6928374380339355,1.0,1.0,0,,0.0,0.0,0.0,0.0,0.0,1.6656093913408043,0,0,0,904.04,974.5262500000001,0.9276712659099741,23
2019-08-05,5032.642,2786.72,0.4794584019406342,8.824635531004906,843.45,408.69,2.0637891800631287,0.0,1.6928374380339355,1.0,1.0,0,,0.0,0.0,0.0,0.0,0.0,1.6656093913408043,0,0,0,843.45,975.2524999999999,0.86485294833902,24
2019-08-06,4899.816,2760.68,0.4712072163433975,8.365218717457056,1064.06,552.46,1.926039894290989,0.0,1.6928374380339355,1.0,1.0,0,,0.0,0.0,0.0,0.0,0.0,1.6656093913408043,0,0,0,1064.06,969.63975,1.0973766287943536,0
2019-08-07,4885.44,2747.249,0.4721216217469868,7.901907978494575,808.2,351.32,2.3004668108846635,0.0,1.6928374380339355,1.0,1.0,0,,0.0,0.0,0.0,0.0,0.0,1.6656093913408043,0,0,0,808.2,958.1627500000001,0.8434892715251141,1
2019-08-08,4923.327,2786.872,0.4690184099979541,6.1042136116891355,774.91,387.53,1.999612933192269,0.0,1.6928374380339355,1.0,1.0,0,,0.0,0.0,0.0,0.0,0.0,1.6656093913408043,0,0,0,774.91,949.6137499999999,0.8160265160440232,2
2019-08-09,4869.792,2772.149,0.46638231390225937,3.5400817483253495,828.81,341.05,2.4301715291013046,0.0,1.6928374380339355,1.0,1.0,0,,0.0,0.0,0.0,0.0,0.0,1.6656093913408043,0,0,0,828.81,943.3890000000001,0.878545329657225,3
2019-08-12,4952.217,2824.804,0.46543557766036997,2.3083369099824846,729.32,386.3,1.8879627232720684,0.0,1.6928374380339355,1.0,1.0,0,,0.0,0.0,0.0,0.0,0.0,1.6656093913408043,0,0,0,729.32,941.02675,0.7750257896494441,4
2019-08-13,4928.465,2792.914,0.46849217774881013,3.768701138382971,755.48,312.04,2.4210998589924366,0.0,1.6928374380339355,1.0,1.0,0,,0.0,0.0,0.0,0.0,0.0,1.6656093913408043,0,0,0,755.48,939.9359999999999,0.8037568515303171,5
2019-08-14,4961.751,2804.355,0.4697320644296004,6.619912706281509,877.42,390.01,2.2497371862259943,0.0,1.6928374380339355,1.0,1.0,0,,0.0,0.0,0.0,0.0,0.0,1.6656093913408043,0,0,0,877.42,933.03425,0.9403942031066919,6
2019-08-15,4985.421,2814.388,0.4702903838250114,8.70078578466786,894.97,359.67,2.488308727444602,0.0,1.6928374380339355,1.0,1.0,0,,0.0,0.0,0.0,0.0,0.0,1.6656093913408043,0,0,0,894.97,923.6344999999999,0.9689655377749533,7
2019-08-16,5013.582,2824.226,0.47129942069934017,10.78687229547506,953.65,404.54,2.357368863400405,0.0,1.6928374380339355,1.0,1.0,0,,0.0,0.0,0.0,0.0,0.0,1.6656093913408043,0,0,0,953.65,910.9324999999999,1.0468942539650303,0
2019-08-19,5173.177,2877.231,0.47734330695143273,12.535079843449333,1244.95,600.87,2.071912393695808,1.0,1.7136997600207298,1.0,1.0,0,,0.012323877956659401,0.012823877956659402,0.0005,1.0,1.0,1.6861361582031542,0,0,0,1244.95,912.70675,1.3640197138894832,0
2019-08-20,5185.265,2875.653,0.47872125182955366,15.803984915424435,1251.68,416.11,3.008050755809762,1.0,1.7186466897724817,1.0,1.0,0,,0.002886695713659959,0.002886695713659959,0.0,0.0,1.0,1.6910035202236864,0,0,0,1251.68,914.2532500000001,1.3690736128091423,0
2019-08-21,5186.622,2869.22,0.4799201434430006,19.62368034774498,1102.45,316.98,3.4779796832607737,1.0,1.7229508043171609,1.0,1.0,0,,0.0025043626303722366,0.0025043626303722366,0.0,0.0,1.0,1.6952384062475625,0,0,0,1102.45,917.15725,1.2020294229806285,0
2019-08-22,5208.552,2878.005,0.4804782029606398,22.625329681363585,1088.47,312.1,3.487568087151554,1.0,1.724954281578764,1.0,1.0,0,,0.0011628174504942912,0.0011628174504942912,0.0,0.0,1.0,1.6972096590490953,0,0,0,1088.47,915.943,1.1883599743652171,0
2019-08-23,5197.548,2917.377,0.47299242371799516,21.80351559190324,1131.01,454.64,2.48770455745205,1.0,1.6980797493398663,1.0,1.0,0,,-0.015579851898625874,-0.015579851898625874,0.0,0.0,1.0,1.670767383920193,0,0,0,1131.01,917.2535000000001,1.2330397212984194,0
2019-08-26,5168.68,2863.479,0.47921882846023073,23.890288264263223,1095.19,464.12,2.359713005257261,1.0,1.7204330287452205,1.0,1.0,0,,0.013163857241713206,0.013163857241713206,0.0,0.0,1.0,1.692761127246229,0,0,0,1095.19,909.8717499999999,1.2036751333360995,0
2019-08-27,5266.658,2887.239,0.4842845482079132,27.262797398981704,1314.92,571.83,2.299494605039959,1.0,1.738619358352266,1.0,1.0,0,,0.01057078613534257,0.01057078613534257,0.0,0.0,1.0,1.7106549431005704,0,0,0,1314.92,911.0975000000001,1.443226438443745,0
2019-08-28,5256.177,2867.027,0.48672811019594503,31.010458921761526,1266.65,415.88,3.04571030104838,1.0,1.747391936770155,1.0,1.0,0,,0.005045715369350834,0.005045715369350834,0.0,0.0,1.0,1.719286421038629,0,0,0,1266.65,914.70175,1.3847683138246978,0
2019-08-29,5260.95,2855.45,0.4891452547038311,35.202590169051525,1191.9,374.76,3.1804354787063724,1.0,1.7560696743706974,1.0,1.0,0,,0.004966108299997218,0.004966108299997218,0.0,0.0,1.0,1.7278245836042214,0,0,0,1191.9,918.29925,1.297942909133379,0
2019-08-30,5182.956,2872.401,0.4790498219046489,33.96538794057227,1396.79,438.25,3.1871990872789504,1.0,1.7198262820085957,1.0,1.0,0,,-0.02063892617192986,-0.02063892617192986,0.0,0.0,1.0,1.6921641395851685,0,0,0,1396.79,930.406,1.501269338331868,0
2019-09-02,5317.533,2894.958,0.4876589022663179,37.54851157407697,1340.21,458.89,2.920547407875526,1.0,1.7507335530123818,1.0,1.0,0,,0.017971158672891896,0.017971158672891896,0.0,0.0,1.0,1.7225742898382312,0,0,0,1340.21,936.32325,1.431353968835015,0
2019-09-03,5357.06,2892.182,0.49175538231518945,39.48527306590368,1407.8,399.72,3.521965375763034,1.0,1.7654402363877393,1.0,1.0,0,,0.008400297892305009,0.008400297892305009,0.0,0.0,1.0,1.7370444270144982,0,0,0,1407.8,950.0980000000002,1.481741883468863,0
2019-09-04,5394.706,2919.678,0.49054748609979737,40.46921313895793,1450.64,536.44,2.704198046379837,1.0,1.7611037946186752,1.0,1.0,0,,-0.0024562948547818264,-0.0024562948547818264,0.0,0.0,1.0,1.7327777337258952,0,0,0,1450.64,966.2450000000001,1.5013169537746638,0
2019-09-05,5445.574,2955.84,0.4891149894427449,39.36393839288051,1866.32,792.79,2.3541164747284906,1.0,1.7559610197192022,1.0,1.0,0,,-0.0029201997719768835,-0.0029201997719768835,0.0,0.0,1.0,1.7277176765829823,0,0,0,1866.32,992.5225,1.8803805455291944,0
2019-09-06,5468.459,2981.073,0.4870130285046122,36.03700141867749,1530.27,492.54,3.106894871482519,1.0,1.748414815754898,1.0,1.0,0,,-0.004297478064468008,-0.004297478064468008,0.0,0.0,1.0,1.7202928477662733,0,0,0,1530.27,1011.3177499999999,1.513144607617141,0
2019-09-09,5602.242,2981.586,0.49884170496212304,36.40365095041507,1777.05,600.12,2.96115776844631,1.0,1.7908806882441537,1.0,1.0,0,,0.024288213590160312,0.024288213590160312,0.0,0.0,1.0,1.7620756878904458,0,0,0,1777.05,1031.63725,1.7225531551909354,0
2019-09-10,5614.576,2969.805,0.5019231895241868,37.57962181776229,1822.14,513.48,3.5486094881981773,1.0,1.801943458534664,1.0,1.0,0,,0.0061772793481607025,0.0061772793481607025,0.0,0.0,1.0,1.7729605216471476,0,0,0,1822.14,1056.23775,1.725122965923155,0
2019-09-11,5566.408,2957.144,0.49974768685427917,36.98692008973988,1579.94,574.21,2.7515020637049163,1.0,1.7941332340085152,1.0,1.0,0,,-0.004334333848910132,-0.004334333848910132,0.0,0.0,1.0,1.765275918845391,0,0,0,1579.94,1072.752,1.4727914746371948,0
2019-09-12,5592.922,2999.562,0.49502729951015073,33.649855337011374,1284.6,522.68,2.4577179153593023,1.0,1.7771866747061538,1.0,1.0,0,,-0.009445541156661408,-0.009445541156661408,0.0,0.0,1.0,1.7486019325010735,0,0,0,1284.6,1083.076,1.1860663517610952,0
2019-09-16,5627.235,2982.448,0.5009223417343872,31.991018182057022,1481.05,480.02,3.085392275321861,1.0,1.7983503367872355,1.0,1.0,0,,0.011908519449472577,0.011908519449472577,0.0,0.0,1.0,1.769425192623648,0,0,0,1481.05,1099.9509999999998,1.346469069985845,0
2019-09-17,5492.222,2937.008,0.49646791214253944,29.38267613969916,1474.44,456.52,3.2297380180495927,0.4800419670062102,1.7902060922153216,0.4800419670062102,0.4800419670062102,0,0.1666520960634366,-0.004528730806959296,-0.004268751790462402,0.0002599790164968949,0.5199580329937898,0.4800419670062102,1.7614119422432035,0,0,0,1474.44,1115.471,1.3218093522825785,0
2019-09-18,5485.879,2954.358,0.4929823083026281,25.36102723862132,1169.07,416.84,2.80460128586508,0.4800419670062102,1.7841725955305006,0.4773343561285842,0.4800419670062102,1,0.1675974062475604,-0.0033702805006963214,-0.0033702805006963214,0.0,0.0,0.4800419670062102,1.7554754899205676,0,0,0,1169.07,1128.001,1.0364086556660854,0
2019-09-19,5550.407,2956.829,0.4983642163921215,23.55483605912538,1211.51,348.47,3.4766550922604527,0.4800419670062102,1.7935227979701158,0.46969203830873657,0.4800419670062102,1,0.1703243688951241,0.005240637852547593,0.005240637852547593,0.0,0.0,0.4800419670062102,1.764675301222265,0,0,0,1211.51,1137.51525,1.0650494575787006,0
2019-09-20,5556.478,2963.435,0.49779717038290155,21.582670543952528,1321.47,477.29,2.768694085356911,0.4800419670062102,1.7925431781691332,0.4617065850121814,0.4800419670062102,1,0.17327021662012754,-0.0005461986890221957,-0.0005461986890221957,0.0,0.0,0.4800419670062102,1.7637114378861876,0,0,0,1321.47,1150.33375,1.148770954516461,0
2019-09-23,5501.215,2930.913,0.4983149556541962,17.262033628120573,1233.5,392.32,3.14411704730832,0.4800419670062102,1.7934382257047163,0.4609041525767091,0.4800419670062102,1,0.17357187943036695,0.0004993171414131583,0.0004993171414131583,0.0,0.0,0.4800419670062102,1.7645920892396305,0,0,0,1233.5,1162.6992500000001,1.060893433964114,0
2019-09-24,5528.893,2940.081,0.499260399595884,14.47804653072591,1388.86,402.67,3.449127076762609,0.4800419670062102,1.7950716442813799,0.49331642405395104,0.4800419670062102,1,0.16216772055262219,0.0009107749312200607,0.0009107749312200607,0.0,0.0,0.4800419670062102,1.7661992354783391,0,0,0,1388.86,1179.19325,1.1778052494788278,0
2019-09-25,5421.625,2928.835,0.4914539157940595,9.670782031600963,1354.25,358.94,3.772914693263498,0.4800419670062102,1.7815978678708835,0.507029877001165,0.4800419670062102,1,0.15778162910864557,-0.007505982534691753,-0.007505982534691753,0.0,0.0,0.4800419670062102,1.7529421748640528,0,0,0,1354.25,1192.99925,1.1351641671191326,0
2019-09-26,5244.077,2927.877,0.475515263833165,-0.24300652268013187,1300.93,448.15,2.9028896574807543,0.4800419670062102,1.7538609833402699,0.48313181790820975,0.4800419670062102,1,0.1655862790125721,-0.015568543850897653,-0.015568543850897653,0.0,0.0,0.4800419670062102,1.7256514177465938,0,0,0,1300.93,1206.4675000000002,1.0782967630707,0
2019-09-27,5291.436,2929.466,0.47954936048237234,-7.019932302495559,932.43,324.22,2.8759175868237614,0.0,1.753440019902121,0.4014789138367339,0.4014789138367339,0,0.1992632669932273,-0.00024002098350310512,0.0,0.00024002098350310512,0.4800419670062102,0.0,1.7252372251961228,0,0,0,932.43,1211.1200000000001,0.7698906797014333,1
2019-09-30,5232.387,2897.703,0.4793957923145012,-14.779484049159441,793.81,302.66,2.6227780347584746,0.0,1.753440019902121,1.0,1.0,0,,0.0,0.0,0.0,0.0,0.0,1.7252372251961228,0,0,0,793.81,1208.36425,0.6569293985650435,2
2019-10-08,5237.182,2922.348,0.47578852700337426,-21.16390851762192,813.73,390.74,2.0825357014894816,0.0,1.753440019902121,1.0,1.0,0,,0.0,0.0,0.0,0.0,0.0,1.7252372251961228,0,0,0,813.73,1207.62125,0.6738288184312756,3
2019-10-09,5285.149,2922.98,0.4800424262168761,-24.22865737375144,830.89,404.13,2.0559968327023483,0.0,1.753440019902121,1.0,1.0,0,,0.0,0.0,0.0,0.0,0.0,1.7252372251961228,0,0,0,830.89,1201.792,0.6913758786878262,4
2019-10-10,5366.925,2940.8,0.4845161603522746,-25.161668386455034,986.23,358.43,2.75152749490835,0.0,1.753440019902121,1.0,1.0,0,,0.0,0.0,0.0,0.0,0.0,1.7252372251961228,0,0,0,986.23,1206.24275,0.8176049141020745,5
2019-10-11,5370.654,2983.12,0.4779744484691128,-28.42930903675478,1058.5,481.69,2.197471402769416,0.0,1.753440019902121,1.0,1.0,0,,0.0,0.0,0.0,0.0,0.0,1.7252372251961228,0,0,0,1058.5,1213.3325,0.872390709059553,6
2019-10-14,5455.606,3013.533,0.48063487158087104,-29.53728627649867,1220.07,567.35,2.150471490261743,0.0,1.753440019902121,1.0,1.0,0,,0.0,0.0,0.0,0.0,0.0,1.7252372251961228,0,0,0,1220.07,1223.114,0.9975112704130603,7
2019-10-15,5375.529,3015.42,0.4732837882133837,-30.81727877970101,1125.86,372.22,3.024716565472032,0.0,1.753440019902121,1.0,1.0,0,,0.0,0.0,0.0,0.0,0.0,1.7252372251961228,0,0,0,1125.86,1233.0275,0.9130858800797225,8
2019-10-16,5353.015,3004.723,0.47297942536791676,-30.926314625807876,982.13,422.82,2.322808760228939,0.0,1.753440019902121,1.0,1.0,0,,0.0,0.0,0.0,0.0,0.0,1.7252372251961228,0,0,0,982.13,1238.69375,0.7928755594350905,9
2019-10-17,5347.267,3011.754,0.47136855174393855,-31.311841980565706,873.63,315.85,2.765964856735792,0.0,1.753440019902121,1.0,1.0,0,,0.0,0.0,0.0,0.0,0.0,1.7252372251961228,0,0,0,873.63,1238.599,0.7053372398976586,10
2019-10-18,5280.532,2963.175,0.47311705973359347,-30.491675394759696,1001.33,373.56,2.6805064782096584,0.0,1.753440019902121,1.0,1.0,0,,0.0,0.0,0.0,0.0,0.0,1.7252372251961228,0,0,0,1001.33,1241.2580000000003,0.8067057775257036,11
2019-10-21,5247.298,2968.905,0.46923203926692036,-29.848459572212196,869.43,367.34,2.366826373387053,0.0,1.753440019902121,1.0,1.0,0,,0.0,0.0,0.0,0.0,0.0,1.7252372251961228,0,0,0,869.43,1239.1525000000001,0.7016327691708646,12
2019-10-22,5312.458,2973.217,0.47436990924045985,-27.386311259455233,874.13,299.12,2.9223388606579297,0.0,1.753440019902121,1.0,1.0,0,,0.0,0.0,0.0,0.0,0.0,1.7252372251961228,0,0,0,874.13,1229.882,0.710742981847039,13
2019-10-23,5269.723,2954.305,0.4735661895609888,-25.035352951820556,906.66,306.08,2.962166753789859,0.0,1.753440019902121,1.0,1.0,0,,0.0,0.0,0.0,0.0,0.0,1.7252372251961228,0,0,0,906.66,1221.2565,0.7423993239749389,14
2019-10-24,5259.455,2959.032,0.47188841145909866,-22.10674433484497,867.21,342.06,2.535256972460972,0.0,1.753440019902121,1.0,1.0,0,,0.0,0.0,0.0,0.0,0.0,1.7252372251961228,0,0,0,867.21,1215.3755,0.7135325666841236,15
2019-10-25,5300.094,2967.052,0.4742492412021628,-17.959984082333758,952.0,438.3,2.1720282911248003,0.0,1.753440019902121,1.0,1.0,0,,0.0,0.0,0.0,0.0,0.0,1.7252372251961228,0,0,0,952.0,1211.9637500000001,0.7855020416245947,16
2019-10-28,5425.754,2981.362,0.48316294292114353,-10.275725075493051,1295.15,424.81,3.048774746357195,0.0,1.753440019902121,1.0,1.0,0,,0.0,0.0,0.0,0.0,0.0,1.7252372251961228,0,0,0,1295.15,1216.0672499999998,1.0650315597266518,0
2019-10-29,5366.754,2968.283,0.48001478483264637,-4.052337454701328,1451.39,340.0,4.268794117647059,0.0,1.753440019902121,1.0,1.0,0,,0.0,0.0,0.0,0.0,0.0,1.7252372251961228,0,0,0,1451.39,1224.97225,1.1848350034051793,0
2019-10-30,5313.417,2952.118,0.4778465099935105,-0.32738092827643317,1303.46,336.53,3.873235669925416,0.0,1.753440019902121,1.0,1.0,0,,0.0,0.0,0.0,0.0,0.0,1.7252372251961228,0,0,0,1303.46,1224.68575,1.0643220107688849,0
2019-10-31,5253.881,2954.734,0.47207398989640803,-2.131705131108499,1145.32,421.59,2.7166678526530514,0.0,1.753440019902121,1.0,1.0,0,,0.0,0.0,0.0,0.0,0.0,1.7252372251961228,0,0,0,1145.32,1221.6525000000001,0.9375170107702475,1
2019-11-01,5303.991,3002.649,0.4689714896036872,-3.959258078538903,1020.87,467.28,2.184707241910632,0.0,1.753440019902121,1.0,1.0,0,,0.0,0.0,0.0,0.0,0.0,1.7252372251961228,0,0,0,1020.87,1217.37675,0.8385818112593328,2
2019-11-04,5337.083,3022.275,0.4688330382370574,-5.435028804161433,1158.54,477.84,2.424535409342039,0.0,1.753440019902121,1.0,1.0,0,,0.0,0.0,0.0,0.0,0.0,1.7252372251961228,0,0,0,1158.54,1211.4205,0.9563483530285314,3
2019-11-05,5352.061,3039.977,0.46741106279196354,-7.655057229266401,1148.47,557.61,2.059629490145442,0.0,1.753440019902121,1.0,1.0,0,,0.0,0.0,0.0,0.0,0.0,1.7252372251961228,0,0,0,1148.47,1206.627,0.9518020067510508,4
2019-11-06,5304.838,3032.792,0.46438451576947914,-9.604806244622722,1103.15,408.09,2.703202724889118,0.0,1.753440019902121,1.0,1.0,0,,0.0,0.0,0.0,0.0,0.0,1.7252372251961228,0,0,0,1103.15,1199.01075,0.9200501329950546,5
2019-11-07,5340.171,3033.299,0.46739942349122054,-9.071691217609791,992.48,347.6,2.855235903337169,0.0,1.753440019902121,1.0,1.0,0,,0.0,0.0,0.0,0.0,0.0,1.7252372251961228,0,0,0,992.48,1187.55675,0.8357326923534392,6
2019-11-08,5321.778,3012.459,0.46901187554755847,-8.788121012634203,1077.87,413.16,2.6088440313679926,0.0,1.753440019902121,1.0,1.0,0,,0.0,0.0,0.0,0.0,0.0,1.7252372251961228,0,0,0,1077.87,1167.8455,0.9229559903257751,7
2019-11-11,5183.571,2965.708,0.4640330281546106,-9.839916261943163,1017.89,401.34,2.536228634075846,0.0,1.753440019902121,1.0,1.0,0,,0.0,0.0,0.0,0.0,0.0,1.7252372251961228,0,0,0,1017.89,1155.036,0.8812625753656163,8
2019-11-12,5196.715,2971.361,0.4643246192324469,-11.713530472110302,879.82,312.98,2.811106140967474,0.0,1.753440019902121,1.0,1.0,0,,0.0,0.0,0.0,0.0,0.0,1.7252372251961228,0,0,0,879.82,1132.60525,0.7768108085319223,9
2019-11-13,5181.492,2967.67,0.46354025551106126,-13.492390009388487,835.2,372.12,2.2444372782973234,0.0,1.753440019902121,1.0,1.0,0,,0.0,0.0,0.0,0.0,0.0,1.7252372251961228,0,0,0,835.2,1107.93175,0.7538370481755758,10
2019-11-14,5216.644,2968.569,0.466543649786313,-13.831093725256032,898.62,357.69,2.5122871760462973,0.0,1.753440019902121,1.0,1.0,0,,0.0,0.0,0.0,0.0,0.0,1.7252372251961228,0,0,0,898.62,1090.8987499999998,0.8237428083953714,11
2019-11-15,5152.564,2954.701,0.46297558170574493,-15.043801236122274,949.89,325.2,2.9209409594095943,0.0,1.753440019902121,1.0,1.0,0,,0.0,0.0,0.0,0.0,0.0,1.7252372251961228,0,0,0,949.89,1082.531,0.8774714072853341,12
2019-11-18,5189.352,2980.946,0.46217585349562534,-16.608240369666078,842.79,346.86,2.429769935997232,0.0,1.753440019902121,1.0,1.0,0,,0.0,0.0,0.0,0.0,0.0,1.7252372251961228,0,0,0,842.79,1066.5745000000002,0.7901839018277671,13
2019-11-19,5286.149,3000.745,0.46769049053545336,-14.631335633371798,1031.79,362.74,2.8444340298836632,0.0,1.753440019902121,1.0,1.0,0,,0.0,0.0,0.0,0.0,0.0,1.7252372251961228,0,0,0,1031.79,1055.50825,0.9775290718949851,14
2019-11-20,5259.47,2968.124,0.47044425781645777,-11.641938601429253,1058.98,335.91,3.15257062903754,0.0,1.753440019902121,1.0,1.0,0,,0.0,0.0,0.0,0.0,0.0,1.7252372251961228,0,0,0,1058.98,1052.7559999999999,1.0059121011896395,0
2019-11-21,5250.665,2949.337,0.4726483452040456,-8.12095315462636,870.03,352.64,2.467190335753176,0.0,1.753440019902121,1.0,1.0,0,,0.0,0.0,0.0,0.0,0.0,1.7252372251961228,0,0,0,870.03,1044.219,0.8331872911716794,1
2019-11-22,5181.109,2922.267,0.47070744301865725,-5.015962169081294,1109.43,460.05,2.41154222367134,0.0,1.753440019902121,1.0,1.0,0,,0.0,0.0,0.0,0.0,0.0,1.7252372251961228,0,0,0,1109.43,1038.9180000000001,1.067870611540083,0
2019-11-25,5151.368,2951.247,0.4634098359627692,-3.121376977994706,949.18,475.6,1.9957527333894027,0.0,1.753440019902121,1.0,1.0,0,,0.0,0.0,0.0,0.0,0.0,1.7252372251961228,0,0,0,949.18,1031.81,0.9199174266580088,1
2019-11-26,5147.728,2946.567,0.46381789533915985,-1.3921800249736913,817.67,437.76,1.8678499634502923,0.0,1.753440019902121,1.0,1.0,0,,0.0,0.0,0.0,0.0,0.0,1.7252372251961228,0,0,0,817.67,1017.53025,0.8035829893017922,2
2019-11-27,5145.967,2944.322,0.4640127596296165,0.23710894128641405,842.66,301.83,2.791836464234834,0.0,1.753440019902121,1.0,1.0,0,,0.0,0.0,0.0,0.0,0.0,1.7252372251961228,0,0,0,842.66,1004.7404999999999,0.8386842174670973,3
2019-11-28,5131.128,2930.482,0.4648598318564345,1.2163523341781557,789.14,263.21,2.998138368603017,0.0,1.753440019902121,1.0,1.0,0,,0.0,0.0,0.0,0.0,0.0,1.7252372251961228,0,0,0,789.14,991.9457499999999,0.7955475387640908,4
2019-11-29,5126.615,2894.715,0.47018971236718926,3.770573590392031,752.44,417.0,1.804412470023981,0.0,1.753440019902121,1.0,1.0,0,,0.0,0.0,0.0,0.0,0.0,1.7252372251961228,0,0,0,752.44,987.4459999999999,0.7620062261632536,5
2019-12-02,5137.784,2899.439,0.47044634202476,6.1399373041822045,784.67,349.2,2.2470504009163803,0.0,1.753440019902121,1.0,1.0,0,,0.0,0.0,0.0,0.0,0.0,1.7252372251961228,0,0,0,784.67,987.2175,0.7948299133676217,6
2019-12-03,5171.356,2909.623,0.47186302247516027,8.587983708261,827.72,321.62,2.573596169392451,0.0,1.753440019902121,1.0,1.0,0,,0.0,0.0,0.0,0.0,0.0,1.7252372251961228,0,0,0,827.72,987.5672500000001,0.8381403899329387,7
2019-12-04,5179.694,2901.066,0.47401788135239253,10.813313400954083,850.35,291.15,2.920659453889748,1.0,1.7605707419094754,1.0,1.0,0,,0.0030500281987486254,0.0034250281987486253,0.000375,0.75,0.75,1.7304992473825018,0,0,1,850.35,988.0537499999998,0.8606313168691483,8
2019-12-05,5238.13,2921.947,0.4759399588246002,14.013919610013,1000.36,357.23,2.8003247207681325,1.0,1.7677096147123275,1.0,1.0,0,,0.0030411470977485533,0.0030411470977485533,0.0,0.0,0.75,1.735761950146335,0,0,1,1000.36,988.4069999999999,1.0120931964261686,0
2019-12-06,5275.51,2939.818,0.47642246986147563,17.398341042332945,992.35,335.93,2.954038043640044,1.0,1.7695017302581537,1.0,1.0,0,,0.0008888065273339603,0.0010138065273339603,0.000125,0.25,1.0,1.7373047066975231,0,0,0,992.35,986.75325,1.0056718840297714,0
2019-12-09,5294.282,2933.042,0.47922229940933425,20.031620277036712,1097.04,380.61,2.8823204855363755,1.0,1.7799007007995815,1.0,1.0,0,,0.005876778961900531,0.005876778961900531,0.0,0.0,1.0,1.747514462448254,0,0,0,1097.04,983.6775,1.1152435630580144,0
2019-12-10,5326.361,2936.993,0.48147741123187215,22.988180276077703,1113.9,310.74,3.5846688549913117,1.0,1.7882765111870862,1.0,1.0,0,,0.004705773970279381,0.004705773970279381,0.0,0.0,1.0,1.7557378705183297,0,0,0,1113.9,983.3785,1.1327276323409552,0
2019-12-11,5304.882,2949.647,0.4774786019856749,23.25815823057646,1138.02,336.42,3.382735865881933,1.0,1.7734243572108563,1.0,1.0,0,,-0.008305289413196415,-0.008305289413196415,0.0,0.0,1.0,1.741155959369966,0,0,0,1138.02,987.2757500000001,1.1526870785593588,0
2019-12-12,5304.423,2938.044,0.4793227963854906,24.784059452434224,1155.09,329.59,3.504626960769441,1.0,1.7802739610558536,1.0,1.0,0,,0.0038623603071348267,0.0038623603071348267,0.0,0.0,1.0,1.7478809310359678,0,0,0,1155.09,994.31225,1.1616974446407555,0
2019-12-13,5375.977,3006.313,0.47475706627739905,23.006299253549535,1231.38,666.47,1.8476150464387,1.0,1.7633161812758429,1.0,1.0,0,,-0.009525376515619688,-0.009525376515619688,0.0,0.0,1.0,1.7312317070633783,0,0,0,1231.38,1000.0634999999999,1.231301812334917,0
2019-12-16,5476.988,2999.202,0.4848242147280782,24.52989278371139,1504.23,619.67,2.427469459551052,1.0,1.8007070218199968,1.0,1.0,0,,0.0212048417301427,0.0212048417301427,0.0,0.0,1.0,1.767942201409862,0,0,0,1504.23,1015.9335000000001,1.4806382504366673,0
2019-12-17,5545.618,3033.142,0.485406333035704,26.7548405898895,1750.06,769.17,2.275257745361884,1.0,1.802869093127965,1.0,1.0,0,,0.0012006791120207083,0.0012006791120207083,0.0,0.0,1.0,1.7700649326823548,0,0,0,1750.06,1037.8317499999998,1.6862656206075795,0
2019-12-18,5543.787,3025.785,0.48642591047819417,29.13910729094865,1644.07,539.07,3.049826553137811,1.0,1.8066559507233741,1.0,1.0,0,,0.002100461763887118,0.002100461763887118,0.0,0.0,1.0,1.7737828863930514,0,0,0,1644.07,1056.267,1.5564909251164714,0
2019-12-19,5568.113,3017.713,0.4898671723290087,32.772387052419155,1489.46,420.49,3.5422007657732646,1.0,1.8194372933016498,1.0,1.0,0,,0.007074585824245139,0.007074585824245139,0.0,0.0,1.0,1.7863316656564163,0,0,0,1489.46,1071.82325,1.3896507656462949,0
2019-12-20,5501.158,3012.626,0.4847938803851251,33.418365252304326,1419.5,425.59,3.335369722032943,1.0,1.8005943556975166,1.0,1.0,0,,-0.01035646442639404,-0.01035646442639404,0.0,0.0,1.0,1.7678315853073043,0,0,0,1419.5,1083.51075,1.310093139362023,0
2019-12-23,5377.087,2984.243,0.47836688705786884,28.775950895132812,1271.5,461.45,2.755444793585437,1.0,1.7767235760169438,1.0,1.0,0,,-0.013257166782201568,-0.013257166782201568,0.0,0.0,1.0,1.7443951471380417,0,0,0,1271.5,1082.9195,1.1741408294891726,0
2019-12-24,5471.735,2996.765,0.48475310386004333,26.682851628704107,1123.84,330.21,3.403409951243148,1.0,1.8004429058053502,1.0,1.0,0,,0.01335003942570534,0.01335003942570534,0.0,0.0,1.0,1.7676828911263436,0,0,0,1123.84,1074.7307500000002,1.0456944681260862,0
2019-12-25,5504.417,2986.004,0.4894058684195595,25.93124871419247,1309.34,354.52,3.693275414645154,1.0,1.8177239440841313,1.0,1.0,0,,0.009598215096441098,0.009598215096441098,0.0,0.0,1.0,1.7846494917376732,0,0,0,1309.34,1074.8777499999999,1.218129224462968,0
2019-12-26,5543.664,3011.636,0.4887003503283726,24.023424789840462,1289.83,381.27,3.382983187767199,1.0,1.815103548191707,1.0,1.0,0,,-0.001441580775206508,-0.001441580775206508,0.0,0.0,1.0,1.782076775339902,0,0,0,1289.83,1078.4904999999999,1.1959586106692641,0
2019-12-27,5498.925,3017.779,0.4837696231014136,20.986484471225076,1552.4,572.2,2.7130373995106605,1.0,1.7967901164972033,1.0,1.0,0,,-0.01008946939294375,-0.01008946939294375,0.0,0.0,1.0,1.7640965662592343,0,0,0,1552.4,1091.77875,1.4218998125764952,0
2019-12-30,5529.996,3062.75,0.4793596768971109,15.969636467678386,1403.13,769.74,1.8228622651804507,1.0,1.7804109405924062,1.0,1.0,0,,-0.009115798085937765,-0.009115798085937765,0.0,0.0,1.0,1.748015418157119,0,0,0,1403.13,1097.8935,1.2780201358328473,0
2019-12-31,5567.033,3063.219,0.4824962906566632,12.544715945639858,1324.64,532.67,2.486792948729984,1.0,1.79206077624414,1.0,1.0,0,,0.006543340858070401,0.006543340858070401,0.0,0.0,1.0,1.7594532788632835,0,0,0,1324.64,1102.29775,1.2017079777219903,0
2020-01-02,5676.558,3090.833,0.48759334503846175,11.505773441941495,1768.75,947.74,1.8662818916580497,0.5876314865805325,1.8028158476233913,0.5876314865805325,0.5876314865805325,0,0.13613974374573667,0.006001510396199837,0.006207694652909571,0.00020618425670973373,0.41236851341946745,0.5876314865805325,1.7700126560080094,0,0,0,1768.75,1118.9377499999998,1.5807403048114164,0
2020-01-03,5706.044,3078.279,0.4921249310727385,12.311937090368335,1782.95,723.47,2.464442202164568,0.5876314865805325,1.812661599467865,0.5737325593288861,0.5876314865805325,1,0.1394377897841089,0.005461318668489187,0.005461318668489187,0.0,0.0,0.5876314865805325,1.779679259169728,0,0,0,1782.95,1138.6995000000002,1.5657774505038422,0
2020-01-06,5764.733,3056.836,0.5006742872570132,15.770091060451376,2032.11,777.7,2.6129741545583127,0.5876314865805325,1.8311662052232136,0.5644412103590605,0.5876314865805325,1,0.141733095549684,0.01020852748289091,0.01020852748289091,0.0,0.0,0.5876314865805325,1.797847163797693,0,0,0,2032.11,1162.5555,1.7479681615200306,0
2020-01-07,5852.361,3074.015,0.5054443607617032,20.482896555097156,2015.37,568.87,3.542760208835059,0.5288071761399308,1.8403379523544736,0.5288071761399308,0.5288071761399308,0,0.15128387739358273,0.005008691786195303,0.005038103941415604,2.9412155220300886e-05,0.05882431044060177,0.5288071761399308,1.806852026119841,0,0,0,2015.37,1187.4924999999998,1.6971644031435988,0
2020-01-08,5772.474,3037.853,0.5044794280529269,24.235041560489137,2138.88,598.55,3.5734358031910456,0.5288071761399308,1.8384800683521167,0.5236995966840858,0.5288071761399308,1,0.15275933093425473,-0.0010095341456061939,-0.0010095341456061939,0.0,0.0,0.5288071761399308,1.8050279473034152,0,0,0,2138.88,1218.969,1.7546631620656472,0
2020-01-09,5864.182,3067.546,0.5075333521945119,26.86593931759369,1873.37,576.77,3.2480364790124314,0.5288071761399308,1.8443654014771609,0.5216431763179494,0.5288071761399308,1,0.15336153836935995,0.003201194957919445,0.003201194957919445,0.0,0.0,0.5288071761399308,1.8108061936672264,0,0,0,1873.37,1244.92325,1.5048076256909813,0
2020-01-10,5851.893,3067.881,0.5064144591360987,28.574985474305436,1738.51,516.35,3.3669216616636,0.5288071761399308,1.8422152537500731,0.5372249507617755,0.5288071761399308,1,0.14891341120058071,-0.0011657927032060077,-0.0011657927032060077,0.0,0.0,0.5288071761399308,1.8086951690197288,0,0,0,1738.51,1265.9205,1.3733168868029233,0
2020-01-13,5926.722,3090.128,0.5091975644350921,28.44611052378941,1723.63,570.52,3.0211561382598333,0.5288071761399308,1.847569042800167,0.5334904464200892,0.5288071761399308,1,0.14995582495774473,0.002906169102223936,0.002906169102223936,0.0,0.0,0.5288071761399308,1.8139515430352755,0,0,0,1723.63,1285.264,1.3410707839012064,0
2020-01-14,5914.113,3080.602,0.5096854730011993,30.042534199200695,1843.4,569.61,3.236249363599656,0.5288071761399308,1.8485052029324518,0.5573823829462854,0.5288071761399308,1,0.14352803828697533,0.0005066983211983915,0.0005066983211983915,0.0,0.0,0.5288071761399308,1.8148706692368666,0,0,0,1843.4,1310.27925,1.4068756717318083,0
2020-01-15,5913.518,3058.008,0.5133996120760932,32.07845518728813,1658.78,469.72,3.5314229753895936,0.6197604299086552,1.8567694849101097,0.6197604299086552,0.6197604299086552,0,0.12908213583721534,0.004470791840102844,0.004516268466987206,4.547662688436221e-05,0.09095325376872443,0.6197604299086552,1.8229845782157326,0,0,0,1658.78,1325.954,1.2510087076927254,0
2020-01-16,5902.132,3043.093,0.5149225644264951,33.52934733619994,1627.79,454.98,3.577717701877005,0.6197604299086552,1.8601830847825196,0.6155473517344023,0.6197604299086552,1,0.1299656310348624,0.0018384618554709768,0.0018384618554709768,0.0,0.0,0.6197604299086552,1.826336065825894,0,0,0,1627.79,1340.17425,1.2146107120025622,0
2020-01-17,5879.412,3053.173,0.5112469282532521,33.75803612017185,1571.12,462.25,3.3988534342888044,0.6197604299086552,1.851953647712625,0.6156735647445928,0.6197604299086552,1,0.1299389880953998,-0.004423993066712911,-0.004423993066712911,0.0,0.0,0.6197604299086552,1.8182563677331924,0,0,0,1571.12,1357.7015,1.1571910320493863,0
2020-01-20,5954.867,3065.991,0.5156433494173912,33.82775727096897,1676.25,556.23,3.013591499919098,0.6197604299086552,1.8618237700358897,0.6002098453386615,0.6197604299086552,1,0.1332867173394347,0.00532957308918366,0.00532957308918366,0.0,0.0,0.6197604299086552,1.8279468979398998,0,0,0,1676.25,1371.8719999999998,1.2218705535210284,0
2020-01-21,5901.859,3012.112,0.5201947246874724,32.43111576507307,1726.04,597.4,2.889253431536659,0.6197604299086552,1.8720086435432042,0.6295649733464245,0.6197604299086552,1,0.12707187246260473,0.005470374624725058,0.005470374624725058,0.0,0.0,0.6197604299086552,1.8379464522657352,0,0,0,1726.04,1391.2935,1.24060092281032,0
2020-01-22,5919.587,3017.879,0.5207602359036485,31.627456526030336,1801.81,605.09,2.977755375233436,0.701661077767365,1.873359926010283,0.701661077767365,0.701661077767365,0,0.11401515993241958,0.0007218355918064707,0.0007627859157358256,4.095032392935488e-05,0.08190064785870976,0.701661077767365,1.8392731474308148,0,0,0,1801.81,1415.897,1.2725572552240736,0
2020-01-23,5699.008,2932.493,0.5159534405665911,29.34695974898725,1995.58,755.07,2.6429072801197235,0.701661077767365,1.8612269754443895,0.7296692659865591,0.701661077767365,1,0.10963871404373175,-0.00647657206574984,-0.00647657206574984,0.0,0.0,0.701661077767365,1.8273609623428806,0,0,0,1995.58,1444.72,1.3812918766266127,0
2020-02-03,5200.162,2727.093,0.5062501385502889,22.822300083980185,829.67,961.31,0.8630618634987673,0.701661077767365,1.8366665570586889,0.6918968461709377,0.701661077767365,1,0.1156241720752626,-0.013195821202750811,-0.013195821202750811,0.0,0.0,0.701661077767365,1.8032474338109175,0,0,0,829.67,1445.73325,0.5738748832123768,1
2020-02-04,5212.1,2794.661,0.4951443588929017,10.951112797592497,2173.91,918.56,2.366649973872148,0.5871576701841265,1.8129038990173798,0.5871576701841265,0.5871576701841265,0,0.13624960391799504,-0.01293792711038606,-0.01288067540659444,5.725170379161926e-05,0.11450340758323851,0.5871576701841265,1.779917149950281,0,0,0,2173.91,1481.27,1.4675987497215226,0
2020-02-05,5348.341,2812.899,0.5047928338309554,2.247647600006246,2112.16,734.22,2.876739941706845,0.5208923082110516,1.8312451775305252,0.5208923082110516,0.5208923082110516,0,0.15358260957001144,0.010117071579517568,0.010150204260504106,3.313268098653743e-05,0.06626536197307487,0.5208923082110516,1.7979246991619389,0,0,0,2112.16,1514.45725,1.3946646562654708,0
2020-02-06,5515.641,2854.888,0.5129265109227857,-2.5603633002185684,2218.47,704.17,3.1504750273371487,0.5208923082110516,1.8466149764023705,0.4976432733507328,0.5208923082110516,1,0.1607577240245685,0.008393086332968142,0.008393086332968142,0.0,0.0,0.5208923082110516,1.813014836382181,0,0,0,2218.47,1549.226,1.4319860368984252,0
2020-02-07,5583.596,2851.711,0.5198244550289656,-4.0471228763454725,2342.11,590.65,3.965309404892915,0.0,1.8461340326336528,0.47981448334076116,0.47981448334076116,0,0.16673110707911773,-0.0002604461541055258,0.0,0.0002604461541055258,0.5208923082110516,0.0,1.812542643640709,0,0,0,2342.11,1586.52,1.4762562085570936,0
2020-02-10,5661.562,2850.064,0.5273875649141038,-2.4807935094411664,2259.35,566.48,3.9884020618556697,0.0,1.8461340326336528,1.0,1.0,0,,0.0,0.0,0.0,0.0,0.0,1.812542643640709,0,0,0,2259.35,1617.99475,1.396388956144635,0
2020-02-11,5623.259,2879.858,0.5184002988579102,-3.379449161802244,1904.85,585.19,3.2550966352808484,0.0,1.8461340326336528,1.0,1.0,0,,0.0,0.0,0.0,0.0,0.0,1.812542643640709,0,0,0,1904.85,1640.8072500000003,1.160922466669988,0
2020-02-12,5754.258,2895.586,0.5275955117234619,-0.5288717351496743,2122.21,521.27,4.071229880867881,0.0,1.8461340326336528,1.0,1.0,0,,0.0,0.0,0.0,0.0,0.0,1.812542643640709,0,0,0,2122.21,1666.4365000000003,1.2735018706083308,0
2020-02-13,5707.533,2875.479,0.5269706909230925,1.0024321082218348,2346.5,578.45,4.056530382919871,0.0,1.8461340326336528,1.0,1.0,0,,0.0,0.0,0.0,0.0,0.0,1.812542643640709,0,0,0,2346.5,1697.2514999999999,1.3825293422925242,0
2020-02-14,5727.829,2895.064,0.5252669858712278,1.761059824637747,2138.76,532.71,4.014867376245988,1.0,1.8392423834324185,1.0,1.0,0,,-0.003733016714611403,-0.003233016714611403,0.0005,1.0,1.0,1.8057763916560525,0,0,0,2138.76,1722.27,1.2418261944991205,0
2020-02-17,5936.483,2950.07,0.5342507464763713,4.778740072766201,2428.95,725.67,3.347182603662822,1.0,1.870699363810091,1.0,1.0,0,,0.017103227209763983,0.017103227209763983,0.0,0.0,1.0,1.8366609955725737,0,0,0,2428.95,1754.1164999999996,1.3847141851752722,0
2020-02-18,6072.193,2924.398,0.5512610639076558,13.118857667919869,2758.01,608.75,4.530611909650925,1.0,1.9302616390278367,1.0,1.0,0,,0.03183957634776435,0.03183957634776435,0.0,0.0,1.0,1.8951395035660674,0,0,0,2758.01,1792.2822500000002,1.5388257067211373,0
2020-02-19,6018.051,2923.763,0.5464644675748771,17.768197445660693,2890.45,628.08,4.60204114125589,1.0,1.913466174038103,1.0,1.0,0,,-0.008701133903377234,-0.008701133903377234,0.0,0.0,1.0,1.8786496409799591,0,0,0,2890.45,1826.9377499999998,1.582128345642866,0
2020-02-20,6134.388,2978.183,0.5468498429102534,21.790257424799044,2717.86,846.94,3.20903487850379,1.0,1.9148155804722005,1.0,1.0,0,,0.0007052157244304968,0.0007052157244304968,0.0,0.0,1.0,1.8799744942474739,0,0,0,2717.86,1851.13275,1.4682145297251104,0
2020-02-21,6243.478,2968.138,0.5584582704704203,28.88943042575697,3106.74,832.42,3.73217846760049,1.0,1.9554629322912964,1.0,1.0,0,,0.02122781547927044,0.02122781547927044,0.0,0.0,1.0,1.919882245917094,0,0,0,3106.74,1887.6995,1.645781015463531,0
2020-02-24,6380.415,2930.033,0.5781288549946456,39.48586985252165,3437.73,841.88,4.083396683612866,1.0,2.024340234191086,1.0,1.0,0,,0.03522301587127674,0.03522301587127674,0.0,0.0,1.0,1.9875062887360144,0,0,0,3437.73,1936.40625,1.7753144517066086,0
2020-02-25,6407.143,2909.324,0.5846831226542666,49.98624196847116,3953.94,886.53,4.460018273493283,1.0,2.0472902523650642,1.0,1.0,0,,0.011337036030975689,0.011337036030975689,0.0,0.0,1.0,2.010038719143205,0,0,0,3953.94,1999.76725,1.9772000966612489,0
2020-02-26,6221.835,2901.673,0.5692699394784817,53.40405292778569,3481.2,934.91,3.723566974361169,1.0,1.9933204036537637,1.0,1.0,0,,-0.026361600974240784,-0.026361600974240784,0.0,0.0,1.0,1.957050880486378,0,0,0,3481.2,2055.00975,1.6940065612827382,0
2020-02-27,6232.089,2912.036,0.5681789469464469,55.10825247036772,2823.71,700.16,4.032949611517368,1.0,1.9895002516950442,1.0,1.0,0,,-0.0019164766244890163,-0.0019164766244890163,0.0,0.0,1.0,1.9533002382209903,0,0,0,2823.71,2097.5065,1.3462222882265205,0
2020-02-28,5870.966,2821.042,0.5525203059051947,49.24897114900433,2875.63,905.36,3.176228240699832,1.0,1.9346709229066443,1.0,1.0,0,,-0.027559347500300868,-0.027559347500300868,0.0,0.0,1.0,1.8994685581834376,0,0,0,2875.63,2136.66375,1.3458505111063919,0
2020-03-02,6113.411,2907.886,0.558154522279201,42.50240140411648,2534.6,851.52,2.9765595640736566,1.0,1.9543993464155258,1.0,1.0,0,,0.010197301915946255,0.010197301915946255,0.0,0.0,1.0,1.9188380125510813,0,0,0,2534.6,2167.7830000000004,1.169212970117396,0
2020-03-03,6195.892,2921.444,0.5630597762716029,32.580143858155765,3075.24,840.17,3.6602592332504136,1.0,1.9715752803443682,1.0,1.0,0,,0.008788344081440691,0.008788344081440691,0.0,0.0,1.0,1.9357014212419281,0,0,0,3075.24,2205.8540000000003,1.3941267191754303,0
2020-03-04,6226.533,2947.567,0.5608294859105046,23.297196521136847,2553.94,755.56,3.380194822383398,1.0,1.963765833587137,1.0,1.0,0,,-0.003961018803130378,-0.003961018803130378,0.0,0.0,1.0,1.9280340715151427,0,0,0,2553.94,2234.62425,1.1428946052115923,0
2020-03-05,6315.835,3018.07,0.5555839581939336,13.520910527896596,2915.49,1058.86,2.75342349319079,1.0,1.9453984182359043,1.0,1.0,0,,-0.009353159647187526,-0.009353159647187526,0.0,0.0,1.0,1.9100008610390447,0,0,0,2915.49,2274.3955,1.2818746783485984,0
2020-03-06,6296.739,2964.835,0.5638497518185643,7.753654546272326,2549.72,696.96,3.6583448117539024,1.0,1.9743414098497982,1.0,1.0,0,,0.01487766790729661,0.01487766790729661,0.0,0.0,1.0,1.9384172195522342,0,0,0,2549.72,2293.91975,1.1115122924417908,0
2020-03-09,6049.621,2868.83,0.5598498731617262,1.7477600054449391,2825.61,898.83,3.143653416107606,1.0,1.9603356821872433,1.0,1.0,0,,-0.0070938732240947155,-0.0070938732240947155,0.0,0.0,1.0,1.9246663335413285,0,0,0,2825.61,2319.9862500000004,1.2179425632371743,0
2020-03-10,6206.408,2924.217,0.5634805824170636,-5.129038406528102,2816.97,769.22,3.662112269571774,1.0,1.9730487491112207,1.0,1.0,0,,0.006485147946597047,0.006485147946597047,0.0,0.0,1.0,1.9371480794621785,0,0,0,2816.97,2339.60775,1.2040351635867164,0
2020-03-11,6122.909,2888.361,0.56280061445129,-10.820564093096422,2635.23,588.22,4.480007480194485,0.0,1.9720622247366653,1.0,1.0,0,,-0.0005,0.0,0.0005,1.0,0.0,1.9361795054224475,0,0,0,2635.23,2355.10425,1.118944097697586,0
2020-03-12,5999.64,2841.982,0.5604696490030762,-17.672372729708176,2130.4,607.45,3.5071199275660545,0.0,1.9720622247366653,1.0,1.0,0,,0.0,0.0,0.0,0.0,0.0,1.9361795054224475,0,0,0,2130.4,2354.89225,0.9046698421127337,1
2020-03-13,5945.465,2798.77,0.5639840827157993,-23.316854231074206,2428.86,828.15,2.932874479261004,0.0,1.9720622247366653,1.0,1.0,0,,0.0,0.0,0.0,0.0,0.0,1.9361795054224475,0,0,0,2428.86,2368.7794999999996,1.025363483599888,0
2020-03-16,5657.775,2694.023,0.5575612762155009,-28.849391283066904,2426.36,764.6,3.1733716976196704,0.0,1.9720622247366653,1.0,1.0,0,,0.0,0.0,0.0,0.0,0.0,1.9361795054224475,0,0,0,2426.36,2385.97575,1.0169256749570905,0
2020-03-17,5642.919,2685.591,0.5578432389829187,-31.962760626774646,1968.94,700.84,2.8094001483933564,0.0,1.9720622247366653,1.0,1.0,0,,0.0,0.0,0.0,0.0,0.0,1.9361795054224475,0,0,0,1968.94,2392.1085,0.823098116159865,1
2020-03-18,5556.108,2625.747,0.5617796864280695,-34.189442635049986,2084.58,661.87,3.1495308746430566,0.0,1.9720622247366653,1.0,1.0,0,,0.0,0.0,0.0,0.0,0.0,1.9361795054224475,0,0,0,2084.58,2398.138,0.8692493926538005,2
2020-03-19,5617.195,2569.789,0.5803236437993387,-29.847555120768455,1883.77,836.42,2.25218191817508,0.0,1.9720622247366653,1.0,1.0,0,,0.0,0.0,0.0,0.0,0.0,1.9361795054224475,0,0,0,1883.77,2403.7627500000003,0.7836755104055089,3
2020-03-20,5670.471,2628.416,0.5727607667741695,-26.361959592066583,1741.69,618.82,2.8145341133124333,0.0,1.9720622247366653,1.0,1.0,0,,0.0,0.0,0.0,0.0,0.0,1.9361795054224475,0,0,0,1741.69,2406.6102499999997,0.7237108709231169,4
2020-03-23,5416.571,2559.619,0.5618201938689305,-23.8234310023945,1644.88,567.62,2.897854198231211,0.0,1.9720622247366653,1.0,1.0,0,,0.0,0.0,0.0,0.0,0.0,1.9361795054224475,0,0,0,1644.88,2408.45425,0.6829608658748657,5
2020-03-24,5517.255,2639.383,0.5549691885707058,-22.98494150329453,1703.52,620.53,2.745266143458012,0.0,1.9720622247366653,1.0,1.0,0,,0.0,0.0,0.0,0.0,0.0,1.9361795054224475,0,0,0,1703.52,2409.136,0.7071082745017301,6
2020-03-25,5646.625,2700.187,0.555192173025684,-23.902501208874547,1738.26,664.39,2.616324749017896,0.0,1.9720622247366653,1.0,1.0,0,,0.0,0.0,0.0,0.0,0.0,1.9361795054224475,0,0,0,1738.26,2409.4415,0.7214368973058695,7
2020-03-26,5595.433,2689.28,0.5523901274912617,-26.22208967658538,1561.97,475.26,3.286558936161259,0.0,1.9720622247366653,1.0,1.0,0,,0.0,0.0,0.0,0.0,0.0,1.9361795054224475,0,0,0,1561.97,2403.4455,0.6498878381057528,8
2020-03-27,5553.612,2701.445,0.5457925899522613,-31.99731113751281,1487.38,563.16,2.641132182683429,0.0,1.9720622247366653,1.0,1.0,0,,0.0,0.0,0.0,0.0,0.0,1.9361795054224475,0,0,0,1487.38,2390.7405000000003,0.6221419681475258,9
2020-03-30,5415.411,2690.042,0.5344666270511943,-39.38721385625104,1520.32,524.11,2.9007651065616,0.0,1.9720622247366653,1.0,1.0,0,,0.0,0.0,0.0,0.0,0.0,1.9361795054224475,0,0,0,1520.32,2408.0067499999996,0.6313603564441836,10
2020-03-31,5427.132,2689.379,0.5357554599430528,-44.657120051203435,1345.77,460.62,2.921649081672528,0.0,1.9720622247366653,1.0,1.0,0,,0.0,0.0,0.0,0.0,0.0,1.9361795054224475,0,0,0,1345.77,2387.30325,0.5637197536592806,11
2020-04-01,5403.303,2682.08,0.5348547101432647,-49.777648612128935,1417.79,442.4,3.204769439421338,0.0,1.9720622247366653,1.0,1.0,0,,0.0,0.0,0.0,0.0,0.0,1.9361795054224475,0,0,0,1417.79,2369.944,0.5982377642678477,12
2020-04-02,5538.604,2719.886,0.540627139765127,-51.7260224990815,1457.62,438.55,3.323725914946984,0.0,1.9720622247366653,1.0,1.0,0,,0.0,0.0,0.0,0.0,0.0,1.9361795054224475,0,0,0,1457.62,2350.92275,0.6200203728514685,13
2020-04-03,5507.119,2708.825,0.539748870749512,-52.763215874868514,1427.65,394.28,3.620903926143858,0.0,1.9720622247366653,1.0,1.0,0,,0.0,0.0,0.0,0.0,0.0,1.9361795054224475,0,0,0,1427.65,2328.0612499999997,0.6132355839005525,14
2020-04-07,5695.169,2757.406,0.5483453058889441,-50.357784734390265,1766.86,596.56,2.9617473514818293,0.0,1.9720622247366653,1.0,1.0,0,,0.0,0.0,0.0,0.0,0.0,1.9361795054224475,0,0,0,1766.86,2315.749,0.7629756074600486,15
2020-04-08,5718.128,2743.887,0.553268418969782,-45.832921389806685,1762.21,385.6,4.570046680497925,0.0,1.9720622247366653,1.0,1.0,0,,0.0,0.0,0.0,0.0,0.0,1.9361795054224475,0,0,0,1762.21,2312.183,0.7621412319007622,16
2020-04-09,5789.265,2752.588,0.5583807628252822,-39.88410601037231,1716.23,383.83,4.471328452700415,0.0,1.9720622247366653,1.0,1.0,0,,0.0,0.0,0.0,0.0,0.0,1.9361795054224475,0,0,0,1716.23,2302.0335,0.7455278126925607,17
2020-04-10,5637.532,2749.847,0.5442879502701389,-38.55415622760358,1824.71,435.27,4.192133618213982,0.0,1.9720622247366653,1.0,1.0,0,,0.0,0.0,0.0,0.0,0.0,1.9361795054224475,0,0,0,1824.71,2288.9887499999995,0.79716861867495,18
2020-04-13,5578.856,2739.167,0.540723035029653,-37.89927738713631,1317.15,306.36,4.299353701527615,0.0,1.9720622247366653,1.0,1.0,0,,0.0,0.0,0.0,0.0,0.0,1.9361795054224475,0,0,0,1317.15,2268.4485,0.5806391460947868,19
2020-04-14,5692.001,2785.72,0.5424700128111742,-36.80834461166061,1418.5,483.84,2.931754298941799,0.0,1.9720622247366653,1.0,1.0,0,,0.0,0.0,0.0,0.0,0.0,1.9361795054224475,0,0,0,1418.5,2243.18725,0.6323591577118673,20
2020-04-15,5657.948,2764.488,0.5433660163511496,-34.707644905624136,1631.66,423.09,3.856531707201778,0.0,1.9720622247366653,1.0,1.0,0,,0.0,0.0,0.0,0.0,0.0,1.9361795054224475,0,0,0,1631.66,2215.0285,0.7366316054172667,21
2020-04-16,5700.96,2768.262,0.5467503037437966,-29.769319979032755,1565.1,417.77,3.7463197453144073,0.0,1.9720622247366653,1.0,1.0,0,,0.0,0.0,0.0,0.0,0.0,1.9361795054224475,0,0,0,1565.1,2181.89475,0.7173123268205306,22
2020-04-17,5710.053,2809.076,0.5396657798726777,-25.05613781314897,1883.55,624.23,3.017397433638242,0.0,1.9720622247366653,1.0,1.0,0,,0.0,0.0,0.0,0.0,0.0,1.9361795054224475,0,0,0,1883.55,2161.037,0.871595442373268,23
2020-04-20,5803.402,2819.794,0.5464035386473771,-19.18142685984856,1663.95,481.86,3.4531814219897896,0.0,1.9720622247366653,1.0,1.0,0,,0.0,0.0,0.0,0.0,0.0,1.9361795054224475,0,0,0,1663.95,2124.96725,0.7830473622593477,24
2020-04-21,5773.008,2784.533,0.5504248344800999,-13.744519000074062,1742.78,426.55,4.085757824405111,0.0,1.9720622247366653,1.0,1.0,0,,0.0,0.0,0.0,0.0,0.0,1.9361795054224475,0,0,0,1742.78,2082.5935,0.8368315756291375,25
2020-04-22,5826.56,2804.237,0.5516272833451712,-9.230456479585804,1630.31,370.39,4.401603715003104,0.0,1.9720622247366653,1.0,1.0,0,,0.0,0.0,0.0,0.0,0.0,1.9361795054224475,0,0,0,1630.31,2024.5027499999997,0.8052891012373287,26
2020-04-23,5789.482,2797.661,0.5494053062619279,-5.791063362941294,1833.78,400.03,4.584106192035597,0.0,1.9720622247366653,1.0,1.0,0,,0.0,0.0,0.0,0.0,0.0,1.9361795054224475,0,0,0,1833.78,1983.31725,0.9246024558098307,27
2020-04-24,5675.51,2776.025,0.5427873912753005,-5.255667769360848,1692.34,358.54,4.720087019579405,0.0,1.9720622247366653,1.0,1.0,0,,0.0,0.0,0.0,0.0,0.0,1.9361795054224475,0,0,0,1692.34,1955.0330000000001,0.8656324471249334,28
2020-04-27,5645.657,2805.22,0.5343130641263527,-8.72686881224471,1385.99,400.9,3.457196308306311,0.0,1.9720622247366653,1.0,1.0,0,,0.0,0.0,0.0,0.0,0.0,1.9361795054224475,0,0,0,1385.99,1917.792,0.7227008976990206,29
2020-04-28,5561.198,2825.139,0.5226088594560916,-17.581914994294216,1699.68,478.28,3.553734214267793,0.0,1.9720622247366653,1.0,1.0,0,,0.0,0.0,0.0,0.0,0.0,1.9361795054224475,0,0,0,1699.68,1896.9189999999999,0.8960213904758191,30
2020-04-29,5547.628,2844.814,0.5177280380277143,-26.82645278009721,1320.54,451.97,2.921742593534969,0.0,1.9720622247366653,1.0,1.0,0,,0.0,0.0,0.0,0.0,0.0,1.9361795054224475,0,0,0,1320.54,1853.0515,0.7126299511913187,31
2020-04-30,5678.166,2861.908,0.526745272526936,-31.55442238006688,1616.86,524.38,3.083374651969945,0.0,1.9720622247366653,1.0,1.0,0,,0.0,0.0,0.0,0.0,0.0,1.9361795054224475,0,0,0,1616.86,1829.6245,0.8837113844944686,32
2020-05-06,5802.419,2863.845,0.5379077579788328,-31.058264813379264,1685.45,595.45,2.8305483247963723,0.0,1.9720622247366653,1.0,1.0,0,,0.0,0.0,0.0,0.0,0.0,1.9361795054224475,0,0,0,1685.45,1798.8735000000001,0.93694748407823,33
2020-05-07,5795.872,2854.423,0.5390743697999407,-29.629989296536166,1673.9,414.59,4.0374828143467045,0.0,1.9720622247366653,1.0,1.0,0,,0.0,0.0,0.0,0.0,0.0,1.9361795054224475,0,0,0,1673.9,1776.9779999999998,0.941992528888934,34
2020-05-08,5862.767,2873.013,0.5417679056748174,-25.839716065356065,1659.5,487.57,3.403613840063991,0.0,1.9720622247366653,1.0,1.0,0,,0.0,0.0,0.0,0.0,0.0,1.9361795054224475,0,0,0,1659.5,1747.8252499999999,0.949465628786402,35
2020-05-11,5851.804,2871.848,0.5409741980409463,-21.53719447941686,1633.33,465.08,3.511933430807603,0.0,1.9720622247366653,1.0,1.0,0,,0.0,0.0,0.0,0.0,0.0,1.9361795054224475,0,0,0,1633.33,1718.2342500000002,0.9505863359434255,36
2020-05-12,5869.507,2869.597,0.5430364050580517,-16.295563320249222,1471.47,392.57,3.748299666301552,0.0,1.9720622247366653,1.0,1.0,0,,0.0,0.0,0.0,0.0,0.0,1.9361795054224475,0,0,0,1471.47,1689.14025,0.8711354785370843,37
2020-05-13,5917.027,2867.712,0.5477927091250275,-11.795853507175616,1475.15,334.84,4.405536972882572,0.0,1.9720622247366653,1.0,1.0,0,,0.0,0.0,0.0,0.0,0.0,1.9361795054224475,0,0,0,1475.15,1672.759,0.881866425468343,38
2020-05-14,5863.236,2834.533,0.5491665649383993,-7.8112094994873855,1608.66,369.48,4.353848652159792,0.0,1.9720622247366653,1.0,1.0,0,,0.0,0.0,0.0,0.0,0.0,1.9361795054224475,0,0,0,1608.66,1652.2540000000001,0.9736154368517189,39
2020-05-15,5889.977,2819.691,0.5545750296509475,-2.2010036894486884,1664.75,389.1,4.27846312002056,0.0,1.9720622247366653,1.0,1.0,0,,0.0,0.0,0.0,0.0,0.0,1.9361795054224475,0,0,0,1664.75,1633.2137500000001,1.0193093218814744,0
2020-05-18,5860.043,2837.172,0.5483569699411632,0.87306163465717,1897.59,438.87,4.3238088727869295,0.0,1.9720622247366653,1.0,1.0,0,,0.0,0.0,0.0,0.0,0.0,1.9361795054224475,0,0,0,1897.59,1631.4299999999998,1.163145216160056,0
2020-05-19,5936.599,2860.668,0.5509579918054117,5.164366465971848,1670.1,425.81,3.92217186068904,1.0,1.9804302772693885,1.0,1.0,0,,0.004243300453585064,0.004743300453585064,0.0005,1.0,1.0,1.9443952967960287,0,0,0,1670.1,1621.0679999999998,1.0302467262323358,0
2020-05-20,5865.841,2856.14,0.5452542075544544,5.697975977357378,1802.95,375.61,4.800058571390538,1.0,1.95992790287131,1.0,1.0,0,,-0.010352484827866437,-0.010352484827866437,0.0,0.0,1.0,1.924265973986573,0,0,0,1802.95,1619.0475000000001,1.113586846587268,0
2020-05-21,5791.64,2846.824,0.5401186466128318,5.755612545711033,1583.37,363.58,4.354942516089994,1.0,1.9414680193033744,1.0,1.0,0,,-0.009418654400956128,-0.009418654400956128,0.0,0.0,1.0,1.9061419778020743,0,0,0,1583.37,1615.0894999999998,0.9803605311036943,1
2020-05-22,5683.996,2775.81,0.5436410692125601,8.0056400262001,1456.12,468.42,3.108577772084881,1.0,1.954129442623473,1.0,1.0,0,,0.006521571920943492,0.006521571920943492,0.0,0.0,1.0,1.91857301980184,0,0,0,1456.12,1610.3705,0.9042142786396049,2
2020-05-25,5671.972,2789.71,0.5397880296192582,9.325171213400646,1205.64,336.3,3.585013380909902,1.0,1.9402796094536372,1.0,1.0,0,,-0.00708746967715812,-0.00708746967715812,0.0,0.0,1.0,1.9049751917005808,0,0,0,1205.64,1597.9235,0.7545042049885367,3
2020-05-26,5808.549,2808.842,0.5490205205861738,13.537518365794105,1327.65,322.26,4.119810091230684,1.0,1.9734659955619147,1.0,1.0,0,,0.012702939571151248,0.012827939571151248,0.000125,0.25,0.75,1.9291739764452958,0,0,1,1327.65,1587.65825,0.8362316008498681,4
2020-05-27,5772.084,2795.481,0.548181440987755,15.945287250289091,1505.78,337.62,4.459984598068835,1.0,1.9704499060115983,1.0,1.0,0,,-0.001146240760076106,-0.001146240760076106,0.0,0.0,0.75,1.926962678600216,0,0,1,1505.78,1586.2535,0.9492681970441672,5
2020-05-28,5758.927,2809.665,0.5441708354549751,15.025333018825517,1491.03,388.43,3.838606698761682,1.0,1.9560336987046234,1.0,1.0,0,,-0.00548715064881608,-0.00548715064881608,0.0,0.0,0.75,1.9163891440880905,0,0,1,1491.03,1586.34475,0.9399154881055962,6
2020-05-29,5816.4,2806.664,0.5501892137341068,13.496854046687398,1501.37,362.68,4.139654792103231,1.0,1.97766688806085,1.0,1.0,0,,0.008294791663310652,0.008294791663310652,0.0,0.0,0.75,1.9322851927841316,0,0,1,1501.37,1585.871,0.9467163470420985,7
2020-06-01,5993.785,2870.356,0.5543877518461828,11.635561793004817,1884.52,527.39,3.573294905098693,1.0,1.9927586230408219,1.0,1.0,0,,0.005723310282085614,0.005723310282085614,0.0,0.0,0.75,1.9433442604959146,0,0,1,1884.52,1599.3397499999999,1.1783112374965983,0
2020-06-02,6002.836,2885.921,0.5522303487087142,10.121666491437555,1977.88,481.37,4.10885597357542,1.0,1.9850037913526235,1.0,1.0,0,,-0.004016505774224147,-0.0038915057742241466,0.000125,0.25,1.0,1.9355388070523274,0,0,0,1977.88,1613.342,1.2259520919928943,0
2020-06-03,5994.638,2889.109,0.5508676456447165,9.982840446081347,1952.44,515.26,3.78923262042464,1.0,1.9801055260637845,1.0,1.0,0,,-0.002467635230812948,-0.002467635230812948,0.0,0.0,1.0,1.9307626033014393,0,0,0,1952.44,1625.7125,1.2009749571341797,0
2020-06-04,6006.765,2883.363,0.5530820332149273,10.471916173092714,1684.85,360.52,4.673388438921558,0.0,1.9791154733007528,1.0,1.0,0,,-0.0005,0.0,0.0005,1.0,0.0,1.9297972219997888,0,0,0,1684.85,1632.1425000000002,1.0322934425149763,0
2020-06-05,6015.327,2896.35,0.5513868821950081,10.551265611538126,1615.09,382.25,4.225219097449313,1.0,1.9720600891375912,1.0,1.0,0,,-0.0035649178930397536,-0.0030649178930397536,0.0005,1.0,1.0,1.9229176533531434,0,0,0,1615.09,1628.34825,0.9918578535027749,1
2020-06-08,6001.432,2909.587,0.5476105069763789,8.864815608515181,1638.15,538.47,3.0422307649451223,1.0,1.9585537125973655,1.0,1.0,0,,-0.006848866631712136,-0.006848866631712136,0.0,0.0,1.0,1.9097478468015627,0,0,0,1638.15,1625.24675,1.0079392559929747,0
2020-06-09,6042.335,2928.304,0.5478187207348484,7.569792013083674,1520.26,444.47,3.420388327671158,1.0,1.959298398509102,1.0,1.0,0,,0.00038022235844059615,0.00038022235844059615,0.0,0.0,1.0,1.9104739756319005,0,0,0,1520.26,1620.3475,0.9382308424581763,1
2020-06-10,6049.322,2908.475,0.5521913477341466,8.597730714581816,1519.82,412.99,3.680040678951064,1.0,1.974937296474309,1.0,1.0,0,,0.007981886769829138,0.007981886769829138,0.0,0.0,1.0,1.9257231625820996,0,0,0,1519.82,1612.72525,0.9423923882880856,2
2020-06-11,6027.409,2876.513,0.5563044724252991,10.852891503997334,1721.61,505.69,3.404477051157824,1.0,1.9896480727132684,1.0,1.0,0,,0.0074487307851349716,0.0074487307851349716,0.0,0.0,1.0,1.9400673559868724,0,0,0,1721.61,1622.83675,1.0608645632408804,0
2020-06-12,6031.171,2884.116,0.5551842645767342,13.40885396252507,1672.91,511.42,3.271107895663056,1.0,1.9856415987454812,1.0,1.0,0,,-0.0020136596128397244,-0.0020136596128397244,0.0,0.0,1.0,1.9361607207059328,0,0,0,1672.91,1629.197,1.026831009386833,0
2020-06-15,6028.956,2838.607,0.5638779020762388,17.10009893469096,1896.72,553.44,3.42714657415438,1.0,2.0167347859354865,1.0,1.0,0,,0.015659012789442928,0.015659012789442928,0.0,0.0,1.0,1.9664790861938841,0,0,0,1896.72,1635.8235,1.159489394791064,0
2020-06-16,6151.686,2878.992,0.5672858251750293,21.81808453532202,1804.26,433.86,4.158622597151155,1.0,2.0289233768269144,1.0,1.0,0,,0.006043725221794194,0.006043725221794194,0.0,0.0,1.0,1.9783639454452449,0,0,0,1804.26,1641.8025000000002,1.098950695957644,0
2020-06-17,6178.141,2881.132,0.5693022365369926,25.29695447579455,1937.44,421.34,4.598281672758342,1.0,2.0361351631399685,1.0,1.0,0,,0.0035544892406595974,0.0035544892406595974,0.0,0.0,1.0,1.9853960188034387,0,0,0,1937.44,1643.14975,1.1791012961539262,0
2020-06-18,6149.289,2888.958,0.5651085868227411,25.047796984548256,1830.29,477.07,3.836522942125893,1.0,2.0211363855187523,1.0,1.0,0,,-0.007366297627357077,-0.007366297627357077,0.0,0.0,1.0,1.9707710008207628,0,0,0,1830.29,1647.30825,1.1110792409374506,0
2020-06-19,6187.108,2925.936,0.5613983151144357,23.89590901223366,1734.62,741.1,2.34060180812306,1.0,2.007866431168954,1.0,1.0,0,,-0.006565590746313021,-0.006565590746313021,0.0,0.0,1.0,1.957831724974672,0,0,0,1734.62,1647.1042499999999,1.0531330970702066,0
2020-06-22,6228.016,2921.892,0.5658923078004671,22.616240659279622,1928.1,724.55,2.661099993099165,1.0,2.0239393989945906,1.0,1.0,0,,0.008004998527854967,0.008004998527854967,0.0,0.0,1.0,1.973504165050882,0,0,0,1928.1,1654.5489999999998,1.1653326676937341,0
2020-06-23,6238.897,2925.416,0.5661981079380167,22.963860149555018,1816.44,595.78,3.0488435328476955,1.0,2.0250331069988756,1.0,1.0,0,,0.0005403857471366624,0.0005403857471366624,0.0,0.0,1.0,1.9745706185735903,0,0,0,1816.44,1654.1154999999999,1.0981337155718571,0
2020-06-24,6227.569,2943.473,0.5617029722971998,21.20542488968057,1787.39,614.09,2.910631992053282,1.0,2.0089560513438234,1.0,1.0,0,,-0.007939156944885117,-0.007939156944885117,0.0,0.0,1.0,1.9588941925339756,0,0,0,1787.39,1656.49175,1.0790213715220738,0
2020-06-29,6211.381,2925.483,0.5636880406534113,18.635600432492552,1739.6,641.58,2.7114311543377285,1.0,2.0160557379811093,1.0,1.0,0,,0.0035340178957805612,0.0035340178957805612,0.0,0.0,1.0,1.9658169596663313,0,0,0,1739.6,1665.3319999999999,1.0445965128875203,0
2020-06-30,6319.556,2942.074,0.5702708922818625,18.97335171432929,1816.32,560.8,3.2388017118402286,1.0,2.0395996041636053,1.0,1.0,0,,0.011678182174701623,0.011678182174701623,0.0,0.0,1.0,1.9887741282434328,0,0,0,1816.32,1668.248,1.0887589854745816,0
2020-07-01,6339.369,3009.861,0.5591750978766715,15.914656514359512,2132.63,830.84,2.56683597323191,1.0,1.9999149943001187,1.0,1.0,0,,-0.01945705901416883,-0.01945705901416883,0.0,0.0,1.0,1.950078432664348,0,0,0,2132.63,1688.5502499999998,1.2629946902675833,0
2020-07-02,6413.952,3084.238,0.5521105578766936,10.039295446966586,2413.64,1187.52,2.032504715710051,1.0,1.974648347900023,1.0,1.0,0,,-0.012633860175111034,-0.012633860175111034,0.0,0.0,1.0,1.9254414144155672,0,0,0,2413.64,1708.4697499999997,1.4127496257981742,0
2020-07-03,6478.354,3159.158,0.5444293866460062,1.738178877804637,2499.4,1375.79,1.8167016768547528,1.0,1.9471762920513798,1.0,1.0,0,,-0.013912378818162208,-0.013912378818162208,0.0,0.0,1.0,1.8986539440660397,0,0,0,2499.4,1728.8185,1.4457272408873458,0
2020-07-06,6725.996,3374.136,0.5292273151848016,-10.272820362992165,3319.02,2029.18,1.6356459259405276,1.0,1.892805396825301,1.0,1.0,0,,-0.027922944341520428,-0.027922944341520428,0.0,0.0,1.0,1.8456379356620753,0,0,0,3319.02,1769.9465,1.8752092224256496,0
2020-07-07,6817.865,3381.761,0.5352463526211837,-19.0383005296594,3746.58,1991.5,1.8812854632186795,0.0,1.8918589941268884,0.48301428266194274,0.48301428266194274,0,0.16562657228086827,-0.0005,0.0,0.0005,1.0,0.0,1.8447151166942444,0,0,0,3746.58,1822.1235000000001,2.0561613963049155,0
2020-07-08,6973.997,3429.945,0.5398123676510076,-25.5545362279159,3514.7,1675.56,2.097627061997183,0.0,1.8918589941268884,1.0,1.0,0,,0.0,0.0,0.0,0.0,0.0,1.8447151166942444,0,0,0,3514.7,1869.1577499999999,1.8803656352707523,0
2020-07-09,7182.177,3442.021,0.5539758320933487,-26.083757882828053,4061.43,1535.34,2.645296807221853,0.0,1.8918589941268884,1.0,1.0,0,,0.0,0.0,0.0,0.0,0.0,1.8447151166942444,0,0,0,4061.43,1933.90675,2.100116771400689,0
2020-07-10,7150.424,3351.78,0.5663755802493966,-21.652324614146746,3790.11,1390.47,2.7257761764007853,0.0,1.8918589941268884,1.0,1.0,0,,0.0,0.0,0.0,0.0,0.0,1.8447151166942444,0,0,0,3790.11,1991.78075,1.9028751030955593,0
2020-07-13,7403.086,3390.115,0.579757791830565,-12.909301194161818,3814.4,1444.66,2.6403444409065107,0.0,1.8918589941268884,1.0,1.0,0,,0.0,0.0,0.0,0.0,0.0,1.8447151166942444,0,0,0,3814.4,2046.92425,1.8634788268300597,0
2020-07-14,7344.988,3348.031,0.5824381991088052,-4.649253472882952,4110.64,1299.74,3.162663301891148,0.0,1.8918589941268884,1.0,1.0,0,,0.0,0.0,0.0,0.0,0.0,1.8447151166942444,0,0,0,4110.64,2108.0715,1.9499528360399543,0
2020-07-15,7131.464,3313.765,0.5713539286099569,0.12600744003328287,3666.99,1336.24,2.7442600131712864,0.0,1.8918589941268884,1.0,1.0,0,,0.0,0.0,0.0,0.0,0.0,1.8447151166942444,0,0,0,3666.99,2152.3064999999997,1.7037489781311352,0
2020-07-16,6758.14,3162.025,0.5674271544794426,3.618297213727854,3241.55,1510.42,2.14612491889673,1.0,1.8779107860338031,1.0,1.0,0,,-0.007372752481229539,-0.006872752481229538,0.0005,1.0,1.0,1.8311144887404753,0,0,0,3241.55,2191.5927500000003,1.4790841044715082,0
2020-07-17,6772.532,3185.891,0.5643757996665851,6.19621466097869,2405.58,1042.85,2.3067363475092297,1.0,1.8678122701805426,1.0,1.0,0,,-0.005377526945563149,-0.005377526945563149,0.0,0.0,1.0,1.8212676212368624,0,0,0,2405.58,2206.6585000000005,1.090146028486057,0
2020-07-20,7003.667,3287.915,0.5655267307099473,8.256523552707733,2526.86,1248.32,2.024208536272751,1.0,1.8716212980059623,1.0,1.0,0,,0.002039299069949596,0.002039299069949596,0.0,0.0,1.0,1.82498173060298,0,0,0,2526.86,2230.24575,1.132996218017678,0
2020-07-21,7058.791,3286.815,0.5701685959444645,10.782950729073299,2523.81,981.08,2.5724813470868835,1.0,1.8869836378629825,1.0,1.0,0,,0.008208038599147871,0.008208038599147871,0.0,0.0,1.0,1.839961251090509,0,0,0,2523.81,2256.938,1.1182451622508016,0
2020-07-22,7125.569,3291.361,0.5747675771402102,15.144892217406161,2723.97,1095.22,2.487144135424846,1.0,1.9022040521911985,1.0,1.0,0,,0.008066002281531759,0.008066002281531759,0.0,0.0,1.0,1.854802382739735,0,0,0,2723.97,2294.8962500000002,1.186968691939777,0
2020-07-23,7119.671,3284.11,0.5755598098776441,19.23740048855791,2885.64,1062.53,2.715819788617733,1.0,1.9048259612608147,1.0,1.0,0,,0.0013783532143125665,0.0013783532143125665,0.0,0.0,1.0,1.857358955565899,0,0,0,2885.64,2333.8460000000005,1.2364311955458926,0
2020-07-24,6784.635,3158.285,0.5703263026327219,19.873425116919055,3119.32,1275.18,2.4461801471164857,1.0,1.8875055710989415,1.0,1.0,0,,-0.009092899043862679,-0.009092899043862679,0.0,0.0,1.0,1.840470178094724,0,0,0,3119.32,2374.1845,1.3138490290034328,0
2020-07-27,6786.529,3163.231,0.5695935089290425,19.954934962990055,2200.49,787.7,2.79356353941856,1.0,1.8850803766238204,1.0,1.0,0,,-0.0012848674527138337,-0.0012848674527138337,0.0,0.0,1.0,1.8381054178651997,0,0,0,2200.49,2391.921,0.9199676745176785,1
2020-07-28,6857.943,3185.89,0.5714935388371041,21.892356124757136,2125.46,810.4,2.6227295162882527,1.0,1.891368561159876,1.0,1.0,0,,0.003335764678277453,0.003335764678277453,0.0,0.0,1.0,1.8442369049930647,0,0,0,2125.46,2407.5232499999997,0.8828409029902412,2
2020-07-29,7060.535,3243.385,0.577946099000329,23.124967750341487,2380.09,974.14,2.4432730408360195,1.0,1.912723429767052,1.0,1.0,0,,0.011290696612869633,0.011290696612869633,0.0,0.0,1.0,1.8650596243695992,0,0,0,2380.09,2419.9125,0.9835438264813294,3
2020-07-30,7048.981,3231.519,0.5791190571376672,22.575066549406056,2682.39,905.08,2.9637048658682104,1.0,1.9166053566721792,1.0,1.0,0,,0.0013971464502058745,0.0015221464502058746,0.000125,0.25,0.75,1.8676653858032093,0,0,1,2682.39,2437.52525,1.1004562927091728,0
2020-07-31,7141.592,3249.338,0.5835100978565892,21.528313085236352,2700.42,971.22,2.780441094705628,1.0,1.9311375881011497,1.0,1.0,0,,0.007457276329542781,0.007582276329542781,0.000125,0.25,1.0,1.8815930826762661,0,0,0,2700.42,2456.2247500000003,1.099418935502543,0
2020-08-03,7373.341,3281.101,0.5966133274347039,20.203416790354872,3232.1,1048.38,3.082947023026001,1.0,1.974502971591111,1.0,1.0,0,,0.022455874587683722,0.022455874587683722,0.0,0.0,1.0,1.9238459009658975,0,0,0,3232.1,2494.906,1.2954796693743171,0
2020-08-04,7326.189,3312.134,0.587243812891775,15.576503233267054,3314.13,1238.74,2.6754040395886145,1.0,1.9434943878792363,1.0,1.0,0,,-0.015704500908847563,-0.015704500908847563,0.0,0.0,1.0,1.8936328612656959,0,0,0,3314.13,2537.382,1.3061218216255968,0
2020-08-05,7427.189,3292.309,0.5989245519929444,14.727251947293226,3016.02,959.22,3.144242196784888,1.0,1.9821520125166336,1.0,1.0,0,,0.01989078274601086,0.01989078274601086,0.0,0.0,1.0,1.9312987011098388,0,0,0,3016.02,2571.82875,1.1727141630250457,0
2020-08-06,7432.766,3292.2,0.5993941227117188,15.484205962333654,3152.15,1099.38,2.86720697120195,1.0,1.983706065597511,1.0,1.0,0,,0.0007840231581957013,0.0007840231581957013,0.0,0.0,1.0,1.932812884016902,0,0,0,3152.15,2612.6259999999997,1.2065064039016684,0
2020-08-07,7339.811,3263.746,0.5970583201853428,16.563666963375045,3040.12,1102.37,2.75780364124568,1.0,1.9759756834265156,1.0,1.0,0,,-0.00389693932234203,-0.00389693932234203,0.0,0.0,1.0,1.9252808294864474,0,0,0,3040.12,2650.6335000000004,1.1469409105408195,0
2020-08-10,7358.862,3285.76,0.5945974614680548,18.607443404073848,2843.9,1125.83,2.5260474494373044,1.0,1.9678314254515163,1.0,1.0,0,,-0.004121638764742475,-0.004121638764742475,0.0,0.0,1.0,1.9173455173866205,0,0,0,2843.9,2678.69075,1.0616753725677366,0
2020-08-11,7213.445,3262.824,0.5869448643502105,18.524931267445503,2798.26,1079.68,2.5917494072317724,1.0,1.9425050120866947,1.0,1.0,0,,-0.012870214916407607,-0.012870214916407607,0.0,0.0,1.0,1.892668868508844,0,0,0,2798.26,2706.8244999999997,1.0337796188855246,0
2020-08-12,7092.355,3249.738,0.5794158179300032,13.594142301526354,2507.61,1000.12,2.5073091229052515,1.0,1.9175874920677107,1.0,1.0,0,,-0.012827519035442214,-0.012827519035442214,0.0,0.0,1.0,1.868390622570258,0,0,0,2507.61,2722.0967499999997,0.9212053171879363,1
2020-08-13,7113.93,3241.845,0.5825934148322297,9.068497375878863,2106.6,731.78,2.878734045751455,0.514588689183608,1.9225336602153138,0.514588689183608,0.514588689183608,0,0.15546396895532147,0.0025793702597994997,0.002822075915207696,0.000242705655408196,0.485411310816392,0.514588689183608,1.8732098937758042,0,0,0,2106.6,2729.6552500000003,0.7717458092922173,2
2020-08-14,7183.958,3288.514,0.5799790681493764,3.093372652509718,1965.19,750.3,2.6192056510729045,0.514588689183608,1.9180941833737273,0.5202643853289225,0.514588689183608,1,0.15376797308434298,-0.0023091802934099943,-0.0023091802934099943,0.0,0.0,0.514588689183608,1.8688843144036764,0,0,0,1965.19,2730.349,0.7197578038558441,3
2020-08-17,7339.693,3368.849,0.5784217032129076,-2.945385847094851,2439.07,1368.89,1.7817867030952086,0.514588689183608,1.9154438028162026,0.5217693667116722,0.514588689183608,1,0.15332444774245957,-0.001100657169438022,-0.0010363335832900712,6.4323586147951e-05,0.128647172295902,0.385941516887706,1.8668273134841777,0,0,1,2439.07,2745.5685,0.8883661070557883,4
2020-08-18,7410.241,3367.331,0.5842446637044174,-5.967387920772055,2600.25,934.29,2.783129435186077,0.0,1.9149509699583547,0.5197287390705161,0.5197287390705161,0,0.1539264504461927,-0.00019297075844385301,0.0,0.00019297075844385301,0.385941516887706,0.0,1.866467070401611,0,0,0,2600.25,2767.20925,0.9396651156756577,5
2020-08-19,7256.131,3307.659,0.5824150850670959,-8.758885267240174,2537.68,862.77,2.941316921079778,0.0,1.9149509699583547,1.0,1.0,0,,0.0,0.0,0.0,0.0,0.0,1.866467070401611,0,0,0,2537.68,2782.44875,0.9120311739793949,6
2020-08-20,7151.261,3264.533,0.5815804458188867,-11.626235635930906,2064.35,729.86,2.8284191488778667,0.0,1.9149509699583547,1.0,1.0,0,,0.0,0.0,0.0,0.0,0.0,1.866467070401611,0,0,0,2064.35,2788.6465,0.7402695178467403,7
2020-08-21,7194.274,3284.727,0.5814815296833982,-15.20191547253611,1984.08,606.39,3.271953693167763,0.0,1.9149509699583547,1.0,1.0,0,,0.0,0.0,0.0,0.0,0.0,1.866467070401611,0,0,0,1984.08,2793.5637500000003,0.7102325837382446,8
2020-08-24,7253.64,3298.721,0.5837926766684056,-17.950159603646185,1984.58,649.57,3.0552211462967804,0.0,1.9149509699583547,1.0,1.0,0,,0.0,0.0,0.0,0.0,0.0,1.866467070401611,0,0,0,1984.58,2799.68825,0.7088574951157508,9
2020-08-25,7213.682,3310.839,0.5784517795089744,-21.759044819124636,2247.1,639.28,3.5150481792016017,0.0,1.9149509699583547,1.0,1.0,0,,0.0,0.0,0.0,0.0,0.0,1.866467070401611,0,0,0,2247.1,2810.45775,0.79954946840955,10
2020-08-26,7037.978,3277.89,0.5700353122008037,-26.79874684128155,2283.42,702.22,3.251715986442995,0.0,1.9149509699583547,1.0,1.0,0,,0.0,0.0,0.0,0.0,0.0,1.866467070401611,0,0,0,2283.42,2814.2275,0.811384296401055,11
2020-08-27,7113.804,3290.786,0.573918844057909,-29.466188117369857,1952.56,599.19,3.2586658655852063,0.0,1.9149509699583547,1.0,1.0,0,,0.0,0.0,0.0,0.0,0.0,1.866467070401611,0,0,0,1952.56,2802.7005,0.6966709428995357,12
2020-08-28,7204.782,3368.438,0.5678590046412947,-32.135070188176044,2054.52,922.69,2.226663343051296,0.0,1.9149509699583547,1.0,1.0,0,,0.0,0.0,0.0,0.0,0.0,1.866467070401611,0,0,0,2054.52,2791.5785,0.7359707061793175,13
2020-08-31,7224.046,3343.888,0.5735575623273679,-31.189833757267024,2265.98,1030.41,2.1991052105472577,0.0,1.9149509699583547,1.0,1.0,0,,0.0,0.0,0.0,0.0,0.0,1.866467070401611,0,0,0,2265.98,2765.2525,0.8194477719484929,14
2020-09-01,7258.887,3355.096,0.5743985234412928,-30.035841022829196,1931.43,643.87,2.999720440461584,0.0,1.9149509699583547,1.0,1.0,0,,0.0,0.0,0.0,0.0,0.0,1.866467070401611,0,0,0,1931.43,2719.8737499999997,0.7101175192414723,15
2020-09-02,7272.624,3347.304,0.5768251778330712,-26.432248920667718,2229.38,694.45,3.210281517747858,0.0,1.9149509699583547,1.0,1.0,0,,0.0,0.0,0.0,0.0,0.0,1.866467070401611,0,0,0,2229.38,2687.74075,0.8294624397833014,16
2020-09-03,7189.861,3334.412,0.572465692005931,-23.99802824182158,2137.57,675.41,3.164848018240773,0.0,1.9149509699583547,1.0,1.0,0,,0.0,0.0,0.0,0.0,0.0,1.866467070401611,0,0,0,2137.57,2639.6442500000003,0.8097947289677387,17
2020-09-04,7182.105,3309.21,0.5762031821114451,-20.461984667345465,1955.15,622.66,3.13999614556901,0.0,1.9149509699583547,1.0,1.0,0,,0.0,0.0,0.0,0.0,0.0,1.866467070401611,0,0,0,1955.15,2593.77025,0.753786886097564,18
2020-09-07,7057.194,3253.426,0.5758897562409205,-17.42109510271499,2403.37,730.55,3.2898090479775512,0.0,1.9149509699583547,1.0,1.0,0,,0.0,0.0,0.0,0.0,0.0,1.866467070401611,0,0,0,2403.37,2558.4945,0.9393688358524906,19
2020-09-08,7103.086,3289.914,0.5732060397111691,-16.33460649240795,2223.98,729.01,3.05068517578634,0.0,1.9149509699583547,1.0,1.0,0,,0.0,0.0,0.0,0.0,0.0,1.866467070401611,0,0,0,2223.98,2511.3280000000004,0.8855792632423959,20
2020-09-09,6877.602,3235.703,0.564308534841033,-18.70549586058661,2631.83,628.66,4.186412369166163,0.0,1.9149509699583547,1.0,1.0,0,,0.0,0.0,0.0,0.0,0.0,1.866467070401611,0,0,0,2631.83,2485.449,1.0588951935847406,0
2020-09-10,6633.89,3245.502,0.5426685027065467,-26.66187107846225,2098.89,596.87,3.5164943790105045,0.0,1.9149509699583547,1.0,1.0,0,,0.0,0.0,0.0,0.0,0.0,1.866467070401611,0,0,0,2098.89,2456.8825,0.8542899385705257,1
2020-09-11,6742.059,3265.497,0.5481399930348357,-31.62052004493191,1530.52,523.8,2.921954944635357,0.0,1.9149509699583547,1.0,1.0,0,,0.0,0.0,0.0,0.0,0.0,1.866467070401611,0,0,0,1530.52,2435.006,0.6285487592227699,2
2020-09-14,6848.359,3294.151,0.5519392079833843,-33.93296284808343,1813.53,562.33,3.22502800846478,0.0,1.9149509699583547,1.0,1.0,0,,0.0,0.0,0.0,0.0,0.0,1.866467070401611,0,0,0,1813.53,2417.1727499999997,0.7502690902005247,3
2020-09-15,6881.586,3317.64,0.5506904098768217,-35.04508925912391,1690.21,540.56,3.126775936066302,0.0,1.9149509699583547,1.0,1.0,0,,0.0,0.0,0.0,0.0,0.0,1.866467070401611,0,0,0,1690.21,2396.33275,0.705331928547903,4
2020-09-16,6812.912,3295.584,0.5488436248404986,-35.99630768972535,1472.7,508.7,2.895026538234716,0.0,1.9149509699583547,1.0,1.0,0,,0.0,0.0,0.0,0.0,0.0,1.866467070401611,0,0,0,1472.7,2365.051,0.6226927030326196,5
2020-09-17,6825.152,3264.686,0.5550334294313206,-34.115745500935056,1546.03,645.66,2.3944955549360345,0.0,1.9149509699583547,1.0,1.0,0,,0.0,0.0,0.0,0.0,0.0,1.866467070401611,0,0,0,1546.03,2331.5607499999996,0.6630880194736509,6
2020-09-18,6929.767,3347.778,0.5495537956710705,-33.25621038393799,1689.02,944.27,1.7887045018903491,0.0,1.9149509699583547,1.0,1.0,0,,0.0,0.0,0.0,0.0,0.0,1.866467070401611,0,0,0,1689.02,2295.80325,0.7356989323889145,7
2020-09-21,6927.19,3311.594,0.5553518756028476,-29.832758783559136,1678.31,644.82,2.6027573586427217,0.0,1.9149509699583547,1.0,1.0,0,,0.0,0.0,0.0,0.0,0.0,1.866467070401611,0,0,0,1678.31,2282.7487499999997,0.7352145083859974,8
2020-09-22,6815.777,3270.519,0.5532824904812901,-27.64966679413699,1496.69,577.72,2.5906840684068406,0.0,1.9149509699583547,1.0,1.0,0,,0.0,0.0,0.0,0.0,0.0,1.866467070401611,0,0,0,1496.69,2267.0295,0.6601987314236537,9
2020-09-23,6862.966,3275.739,0.5562253607227705,-24.98137398294185,1406.15,521.84,2.694599877357044,0.0,1.9149509699583547,1.0,1.0,0,,0.0,0.0,0.0,0.0,0.0,1.866467070401611,0,0,0,1406.15,2242.6809999999996,0.626995100952833,10
2020-09-24,6675.152,3218.716,0.550587986276437,-23.658879618943356,1446.66,567.04,2.551248589164786,0.0,1.9149509699583547,1.0,1.0,0,,0.0,0.0,0.0,0.0,0.0,1.866467070401611,0,0,0,1446.66,2211.78775,0.6540681853401169,11
2020-09-25,6634.389,3229.777,0.5453516420484344,-24.173214557246975,1201.8,458.56,2.6208129797627358,0.0,1.9149509699583547,1.0,1.0,0,,0.0,0.0,0.0,0.0,0.0,1.866467070401611,0,0,0,1201.8,2174.32225,0.5527239580057647,12
2020-09-28,6550.369,3250.502,0.5350120434854437,-26.587043399193437,1110.86,443.27,2.506057256299772,0.0,1.9149509699583547,1.0,1.0,0,,0.0,0.0,0.0,0.0,0.0,1.866467070401611,0,0,0,1110.86,2121.29125,0.5236716080359073,13
2020-09-29,6621.032,3241.323,0.5423149867993093,-25.40044691451104,1147.2,429.46,2.671261584315187,0.0,1.9149509699583547,1.0,1.0,0,,0.0,0.0,0.0,0.0,0.0,1.866467070401611,0,0,0,1147.2,2067.118,0.5549755746890115,14
2020-09-30,6617.159,3232.418,0.5434909089847157,-23.103660556655388,1113.91,466.36,2.3885195985933616,0.0,1.9149509699583547,1.0,1.0,0,,0.0,0.0,0.0,0.0,0.0,1.866467070401611,0,0,0,1113.91,2019.56525,0.5515593021814967,15
2020-10-09,6822.365,3286.857,0.5510644198574465,-18.322626448267822,1504.56,640.79,2.34797671624089,0.0,1.9149509699583547,1.0,1.0,0,,0.0,0.0,0.0,0.0,0.0,1.866467070401611,0,0,0,1504.56,1978.3755,0.7605027458134211,16
2020-10-12,7036.275,3387.885,0.5513944304409653,-12.810327476742362,2110.55,849.96,2.483116852557768,0.0,1.9149509699583547,1.0,1.0,0,,0.0,0.0,0.0,0.0,0.0,1.866467070401611,0,0,0,2110.55,1955.13625,1.079489984393671,0
2020-10-13,7053.871,3386.893,0.5529352367170309,-6.770912012463986,1824.26,607.71,3.0018594395353047,0.0,1.9149509699583547,1.0,1.0,0,,0.0,0.0,0.0,0.0,0.0,1.866467070401611,0,0,0,1824.26,1929.64525,0.9453862050550483,1
2020-10-14,6988.609,3369.498,0.5506476251963651,-1.9329587836786377,1776.25,598.52,2.967737084809196,0.0,1.9149509699583547,1.0,1.0,0,,0.0,0.0,0.0,0.0,0.0,1.866467070401611,0,0,0,1776.25,1904.095,0.9328578668606345,2
2020-10-15,6926.846,3371.401,0.5454731165358039,-0.26474895178516467,1605.94,600.17,2.675808520919073,0.0,1.9149509699583547,1.0,1.0,0,,0.0,0.0,0.0,0.0,0.0,1.866467070401611,0,0,0,1605.94,1881.5532500000002,0.8535182302175077,3
2020-10-16,6906.388,3380.169,0.542451343514554,-3.255586980536646,1436.01,618.39,2.322175326250425,0.0,1.9149509699583547,1.0,1.0,0,,0.0,0.0,0.0,0.0,0.0,1.866467070401611,0,0,0,1436.01,1864.7884999999999,0.7700658814659143,4
2020-10-19,6858.356,3354.308,0.5428318442527051,-4.646620118426913,1484.09,752.14,1.9731565931874384,0.0,1.9149509699583547,1.0,1.0,0,,0.0,0.0,0.0,0.0,0.0,1.866467070401611,0,0,0,1484.09,1852.761,0.8010153495243045,5
2020-10-20,6923.384,3363.503,0.5464807030197295,-3.7952144844609452,1369.14,520.91,2.6283619051275657,0.0,1.9149509699583547,1.0,1.0,0,,0.0,0.0,0.0,0.0,0.0,1.866467070401611,0,0,0,1369.14,1826.0127500000003,0.7497976123113049,6
2020-10-21,6815.093,3377.425,0.5357156124266593,-6.606563843177143,1433.22,566.56,2.529687941259532,0.0,1.9149509699583547,1.0,1.0,0,,0.0,0.0,0.0,0.0,0.0,1.866467070401611,0,0,0,1433.22,1796.8370000000002,0.7976349552018351,7
2020-10-22,6771.807,3369.53,0.5335602592936501,-9.583317576358548,1301.3,582.54,2.233838019706801,0.0,1.9149509699583547,1.0,1.0,0,,0.0,0.0,0.0,0.0,0.0,1.866467070401611,0,0,0,1301.3,1765.9274999999998,0.736893219002479,8
2020-10-23,6641.329,3346.608,0.5268638248838207,-13.019739285177494,1370.54,642.96,2.1316100535025506,0.0,1.9149509699583547,1.0,1.0,0,,0.0,0.0,0.0,0.0,0.0,1.866467070401611,0,0,0,1370.54,1748.5822500000002,0.7838007048281542,9
2020-10-26,6648.521,3304.704,0.5341222982823872,-13.714274588836906,1192.9,673.97,1.7699600872442394,0.0,1.9149509699583547,1.0,1.0,0,,0.0,0.0,0.0,0.0,0.0,1.866467070401611,0,0,0,1192.9,1728.80275,0.6900150985993052,10
2020-10-27,6682.538,3294.088,0.5385852685961648,-11.464959723500229,1229.05,546.27,2.249894740695993,0.0,1.9149509699583547,1.0,1.0,0,,0.0,0.0,0.0,0.0,0.0,1.866467070401611,0,0,0,1229.05,1709.9145,0.718778628989929,11
2020-10-28,6685.429,3313.231,0.5357051174398739,-10.144514007368626,1398.77,639.36,2.187765890890891,0.0,1.9149509699583547,1.0,1.0,0,,0.0,0.0,0.0,0.0,0.0,1.866467070401611,0,0,0,1398.77,1688.70625,0.8283086534440196,12
2020-10-29,6674.742,3324.44,0.5330454181516292,-8.908918904150758,1428.06,697.27,2.048073199764797,0.0,1.9149509699583547,1.0,1.0,0,,0.0,0.0,0.0,0.0,0.0,1.866467070401611,0,0,0,1428.06,1667.32225,0.8564990960805567,13
2020-10-30,6511.158,3280.384,0.5269650100346922,-10.251303907908088,1651.47,746.26,2.212995470747461,0.0,1.9149509699583547,1.0,1.0,0,,0.0,0.0,0.0,0.0,0.0,1.866467070401611,0,0,0,1651.47,1659.795,0.9949843203528146,14
2020-11-02,6513.788,3265.896,0.5295165021417239,-11.051455685671916,1500.19,773.08,1.940536555078388,0.0,1.9149509699583547,1.0,1.0,0,,0.0,0.0,0.0,0.0,0.0,1.866467070401611,0,0,0,1500.19,1645.93675,0.9114505767004716,15
2020-11-03,6647.575,3307.485,0.533597262586729,-11.429285070937919,1531.24,689.65,2.220314652359893,0.0,1.9149509699583547,1.0,1.0,0,,0.0,0.0,0.0,0.0,0.0,1.866467070401611,0,0,0,1531.24,1627.56825,0.9408146171443195,16
2020-11-04,6632.682,3332.19,0.5284545595853507,-12.033401238089082,1386.84,600.73,2.3085912140229388,0.0,1.9149509699583547,1.0,1.0,0,,0.0,0.0,0.0,0.0,0.0,1.866467070401611,0,0,0,1386.84,1613.9535,0.85928126182074,17
2020-11-05,6754.95,3369.503,0.5322363372047298,-10.3963016955246,1647.88,681.84,2.41681332864015,0.0,1.9149509699583547,1.0,1.0,0,,0.0,0.0,0.0,0.0,0.0,1.866467070401611,0,0,0,1647.88,1599.416,1.0303010598868587,0
2020-11-06,6688.662,3359.119,0.5286425194387554,-8.385791885229205,1689.34,725.03,2.330027722990773,0.0,1.9149509699583547,1.0,1.0,0,,0.0,0.0,0.0,0.0,0.0,1.866467070401611,0,0,0,1689.34,1588.21025,1.063675291102044,0
2020-11-09,6851.983,3418.275,0.5321787245955492,-4.614623825516076,2082.55,939.0,2.217838125665602,0.0,1.9149509699583547,1.0,1.0,0,,0.0,0.0,0.0,0.0,0.0,1.866467070401611,0,0,0,2082.55,1591.39525,1.3086315294707584,0
2020-11-10,6779.491,3416.141,0.5268773525310674,-2.1412586012317054,1836.39,922.7,1.9902351793649076,0.0,1.9149509699583547,1.0,1.0,0,,0.0,0.0,0.0,0.0,0.0,1.866467070401611,0,0,0,1836.39,1577.22075,1.1643202132612065,0
2020-11-11,6663.731,3411.23,0.5186264775776276,-2.4467152404820878,1611.58,821.31,1.9622067185350236,0.0,1.9149509699583547,1.0,1.0,0,,0.0,0.0,0.0,0.0,0.0,1.866467070401611,0,0,0,1611.58,1561.91075,1.0318003125338626,0
2020-11-12,6676.422,3397.354,0.5217364846832335,-1.8620527247202832,1370.48,635.49,2.156572093974728,0.0,1.9149509699583547,1.0,1.0,0,,0.0,0.0,0.0,0.0,0.0,1.866467070401611,0,0,0,1370.48,1530.377,0.8955179017980537,1
2020-11-13,6686.391,3338.31,0.5317571475918581,2.149475495276212,1380.24,737.16,1.872375061045092,0.0,1.9149509699583547,1.0,1.0,0,,0.0,0.0,0.0,0.0,0.0,1.866467070401611,0,0,0,1380.24,1512.41075,0.9126092233872313,2
2020-11-16,6747.811,3377.11,0.5304762360527727,5.611363994178579,1598.52,656.95,2.433244539158231,0.0,1.9149509699583547,1.0,1.0,0,,0.0,0.0,0.0,0.0,0.0,1.866467070401611,0,0,0,1598.52,1514.11075,1.0557483988539147,0
2020-11-17,6681.723,3379.274,0.5249443803249172,7.91666615903041,1672.87,696.99,2.4001348656365225,0.0,1.9149509699583547,1.0,1.0,0,,0.0,0.0,0.0,0.0,0.0,1.866467070401611,0,0,0,1672.87,1510.5942499999999,1.10742510770182,0
2020-11-18,6682.125,3387.045,0.5237714948793247,7.938504408088667,1511.52,882.52,1.7127317227938177,0.0,1.9149509699583547,1.0,1.0,0,,0.0,0.0,0.0,0.0,0.0,1.866467070401611,0,0,0,1511.52,1506.127,1.003580707337429,0
2020-11-19,6718.458,3410.094,0.5230599720825563,7.652822523195094,1541.47,657.43,2.3446906895030653,0.0,1.9149509699583547,1.0,1.0,0,,0.0,0.0,0.0,0.0,0.0,1.866467070401611,0,0,0,1541.47,1507.84625,1.0222991899870428,0
2020-11-20,6766.061,3411.932,0.5264822964634293,7.411840854756922,1525.2,542.01,2.8139702219516245,0.0,1.9149509699583547,1.0,1.0,0,,0.0,0.0,0.0,0.0,0.0,1.866467070401611,0,0,0,1525.2,1507.3255000000001,1.0118584207591526,0
2020-11-23,6807.718,3469.805,0.5208884399171932,6.697259679942933,1834.06,926.2,1.9801986611962856,0.0,1.9149509699583547,1.0,1.0,0,,0.0,0.0,0.0,0.0,0.0,1.866467070401611,0,0,0,1834.06,1510.9515,1.2138443887841537,0
2020-11-24,6807.997,3442.723,0.5250074969689956,8.735630502598125,1678.96,654.69,2.564511448166308,0.0,1.9149509699583547,1.0,1.0,0,,0.0,0.0,0.0,0.0,0.0,1.866467070401611,0,0,0,1678.96,1510.96775,1.1111818898848105,0
2020-11-25,6691.874,3420.292,0.5194369034158335,8.336925215753363,1708.42,750.7,2.275769282003463,0.0,1.9149509699583547,1.0,1.0,0,,0.0,0.0,0.0,0.0,0.0,1.866467070401611,0,0,0,1708.42,1516.261,1.1267321391238052,0
2020-11-26,6643.185,3445.739,0.5118494003109557,5.114501857524133,1427.39,650.78,2.193352592273887,0.0,1.9149509699583547,1.0,1.0,0,,0.0,0.0,0.0,0.0,0.0,1.866467070401611,0,0,0,1427.39,1516.792,0.9410584971439724,1
2020-11-27,6641.773,3498.659,0.5040001237170713,-1.3524847752374358,1336.06,782.49,1.7074467405334253,0.0,1.9149509699583547,1.0,1.0,0,,0.0,0.0,0.0,0.0,0.0,1.866467070401611,0,0,0,1336.06,1514.027,0.8824545401105792,2
2020-11-30,6622.359,3469.418,0.50676232879355,-5.077687438327687,1495.82,1239.68,1.2066178368611251,0.0,1.9149509699583547,1.0,1.0,0,,0.0,0.0,0.0,0.0,0.0,1.866467070401611,0,0,0,1495.82,1521.3775,0.9832010792850557,3
2020-12-01,6713.23,3554.014,0.5014880893879747,-8.964738364802486,1476.95,912.0,1.6194627192982456,0.0,1.9149509699583547,1.0,1.0,0,,0.0,0.0,0.0,0.0,0.0,1.866467070401611,0,0,0,1476.95,1530.52975,0.9649926765552909,4
2020-12-02,6735.712,3545.34,0.5043985732148465,-11.417950639289426,1617.56,713.52,2.2670142392644914,0.0,1.9149509699583547,1.0,1.0,0,,0.0,0.0,0.0,0.0,0.0,1.866467070401611,0,0,0,1617.56,1542.2887500000002,1.0488049011574516,0
2020-12-03,6711.843,3536.814,0.5038227783069302,-12.482260902652907,1479.26,646.5,2.288105181747873,0.0,1.9149509699583547,1.0,1.0,0,,0.0,0.0,0.0,0.0,0.0,1.866467070401611,0,0,0,1479.26,1551.4225,0.9534862360188795,1
2020-12-04,6746.63,3541.521,0.5057609591474465,-12.432766528425816,1350.66,688.48,1.961799907041599,0.0,1.9149509699583547,1.0,1.0,0,,0.0,0.0,0.0,0.0,0.0,1.866467070401611,0,0,0,1350.66,1547.575,0.8727589939098267,2
2020-12-07,6733.002,3509.942,0.5092804837109695,-9.887829672658029,1471.4,742.34,1.982110623164588,0.0,1.9149509699583547,1.0,1.0,0,,0.0,0.0,0.0,0.0,0.0,1.866467070401611,0,0,0,1471.4,1531.59625,0.9606970505444892,3
2020-12-08,6734.372,3499.057,0.5109687212612032,-7.277389839691862,1388.09,643.3,2.157764651018188,0.0,1.9149509699583547,1.0,1.0,0,,0.0,0.0,0.0,0.0,0.0,1.866467070401611,0,0,0,1388.09,1520.692,0.9128015403513663,4
2020-12-09,6602.517,3468.527,0.5053737485382812,-7.805971894151639,1587.67,613.82,2.586540028021244,0.0,1.9149509699583547,1.0,1.0,0,,0.0,0.0,0.0,0.0,0.0,1.866467070401611,0,0,0,1587.67,1515.9775000000002,1.0472912691646148,0
2020-12-10,6605.192,3459.035,0.50696586699729,-6.538405639506962,1377.79,572.84,2.4051916765588994,0.0,1.9149509699583547,1.0,1.0,0,,0.0,0.0,0.0,0.0,0.0,1.866467070401611,0,0,0,1377.79,1510.2737499999998,0.9122783204038342,1
2020-12-11,6498.239,3427.857,0.5032933759113919,-4.569019631197644,1605.82,745.33,2.1545087410945487,0.0,1.9149509699583547,1.0,1.0,0,,0.0,0.0,0.0,0.0,0.0,1.866467070401611,0,0,0,1605.82,1514.5189999999998,1.0602838260860379,0
2020-12-14,6576.816,3467.767,0.5035168546269704,-2.3229234836884567,1406.96,696.27,2.020710356614532,0.0,1.9149509699583547,1.0,1.0,0,,0.0,0.0,0.0,0.0,0.0,1.866467070401611,0,0,0,1406.96,1512.59075,0.930165677662646,1
2020-12-15,6596.503,3468.829,0.5048694630969915,-0.2044961246134176,1408.04,706.67,1.992500035377192,0.0,1.9149509699583547,1.0,1.0,0,,0.0,0.0,0.0,0.0,0.0,1.866467070401611,0,0,0,1408.04,1513.56325,0.9302815723095814,2
2020-12-16,6543.362,3485.405,0.49842053611400156,-0.3336186699227836,1441.89,621.62,2.319568224960587,0.0,1.9149509699583547,1.0,1.0,0,,0.0,0.0,0.0,0.0,0.0,1.866467070401611,0,0,0,1441.89,1513.7800000000002,0.9525096117005113,3
2020-12-17,6597.86,3539.54,0.49488524067742956,-1.2343614842558626,1630.45,797.78,2.043733861465567,0.0,1.9149509699583547,1.0,1.0,0,,0.0,0.0,0.0,0.0,0.0,1.866467070401611,0,0,0,1630.45,1522.00875,1.0712487691020174,0
2020-12-18,6573.404,3507.974,0.49748751855292234,0.2540773439042212,1643.04,716.34,2.2936594354636064,0.0,1.9149509699583547,1.0,1.0,0,,0.0,0.0,0.0,0.0,0.0,1.866467070401611,0,0,0,1643.04,1528.82125,1.0747103364765502,0
2020-12-21,6691.588,3522.262,0.5043775718861812,3.662531615472959,1833.9,787.27,2.329442249799942,0.0,1.9149509699583547,1.0,1.0,0,,0.0,0.0,0.0,0.0,0.0,1.866467070401611,0,0,0,1833.9,1544.84625,1.1871084258384936,0
2020-12-22,6549.969,3470.902,0.5010085336198372,6.819164013496002,2012.78,955.55,2.106409920987913,0.0,1.9149509699583547,1.0,1.0,0,,0.0,0.0,0.0,0.0,0.0,1.866467070401611,0,0,0,2012.78,1564.4395,1.2865821912576358,0
2020-12-23,6601.243,3494.587,0.5015082633762764,9.394344018084624,2063.45,807.17,2.556400758204591,0.0,1.9149509699583547,1.0,1.0,0,,0.0,0.0,0.0,0.0,0.0,1.866467070401611,0,0,0,2063.45,1581.0565000000001,1.305108324718313,0
2020-12-24,6496.326,3489.274,0.4942890237992283,7.997794346776694,1913.48,643.45,2.9737819566399875,0.0,1.9149509699583547,1.0,1.0,0,,0.0,0.0,0.0,0.0,0.0,1.866467070401611,0,0,0,1913.48,1593.192,1.2010354056510453,0
2020-12-25,6561.275,3512.486,0.49593169958040006,6.051985812272292,1796.95,656.61,2.7367082438586072,0.0,1.9149509699583547,1.0,1.0,0,,0.0,0.0,0.0,0.0,0.0,1.866467070401611,0,0,0,1796.95,1596.829,1.1253240015054837,0
2020-12-28,6519.471,3523.837,0.49118463940497253,3.378739802890073,1996.62,756.7,2.638588608431346,0.0,1.9149509699583547,1.0,1.0,0,,0.0,0.0,0.0,0.0,0.0,1.866467070401611,0,0,0,1996.62,1609.2397500000002,1.2407225213023725,0
2020-12-29,6477.262,3517.35,0.488904583602964,-0.6194885317864485,1904.83,732.96,2.598818489412792,0.0,1.9149509699583547,1.0,1.0,0,,0.0,0.0,0.0,0.0,0.0,1.866467070401611,0,0,0,1904.83,1618.5795,1.1768529133107146,0
2020-12-30,6526.879,3574.131,0.484823123822658,-4.72393956900849,1752.74,772.52,2.268860353130016,0.0,1.9149509699583547,1.0,1.0,0,,0.0,0.0,0.0,0.0,0.0,1.866467070401611,0,0,0,1752.74,1627.727,1.0768021910308054,0
2020-12-31,6646.474,3640.639,0.48468761596917037,-7.923419882938495,1877.75,1007.46,1.86384571099597,0.0,1.9149509699583547,1.0,1.0,0,,0.0,0.0,0.0,0.0,0.0,1.866467070401611,0,0,0,1877.75,1633.47375,1.1495440315462675,0
2021-01-04,6798.764,3643.359,0.4954230739992965,-5.726612447515494,2276.26,1169.96,1.9455878833464395,0.0,1.9149509699583547,1.0,1.0,0,,0.0,0.0,0.0,0.0,0.0,1.866467070401611,0,0,0,2276.26,1648.1467499999999,1.3811027446433397,0
2021-01-05,6807.447,3683.363,0.49066827392968576,-4.363596402061549,2507.32,1302.34,1.9252422562464488,0.0,1.9149509699583547,1.0,1.0,0,,0.0,0.0,0.0,0.0,0.0,1.866467070401611,0,0,0,2507.32,1658.766,1.5115573866356076,0
2021-01-06,6724.95,3736.648,0.47780985358219835,-6.963450600818184,2340.02,1253.68,1.866520962287027,0.0,1.9149509699583547,1.0,1.0,0,,0.0,0.0,0.0,0.0,0.0,1.866467070401611,0,0,0,2340.02,1671.3567500000001,1.4000721270309284,0
2021-01-07,6616.552,3808.07,0.4612910594041721,-15.471401849844844,2380.49,1271.01,1.8729120935319157,0.0,1.9149509699583547,1.0,1.0,0,,0.0,0.0,0.0,0.0,0.0,1.866467070401611,0,0,0,2380.49,1690.5795000000003,1.4080911308814519,0
2021-01-08,6585.359,3788.319,0.46151002959816606,-21.649875088163242,2088.04,1294.77,1.6126725209882835,0.0,1.9149509699583547,1.0,1.0,0,,0.0,0.0,0.0,0.0,0.0,1.866467070401611,0,0,0,2088.04,1708.5185000000001,1.2221348495787432,0
2021-01-11,6475.955,3776.529,0.45525972173275797,-28.902864988571302,2140.25,1334.64,1.6036159563627643,0.0,1.9149509699583547,1.0,1.0,0,,0.0,0.0,0.0,0.0,0.0,1.866467070401611,0,0,0,2140.25,1727.51875,1.2389156412918818,0
2021-01-12,6564.735,3906.123,0.44618967381857677,-37.277546426041454,1875.62,1404.5,1.3354360982556068,0.0,1.9149509699583547,1.0,1.0,0,,0.0,0.0,0.0,0.0,0.0,1.866467070401611,0,0,0,1875.62,1734.4462499999997,1.0813941337184707,0
2021-01-13,6513.64,3873.229,0.4464767081298224,-43.33655122980185,2136.68,1477.48,1.4461650919132576,0.0,1.9149509699583547,1.0,1.0,0,,0.0,0.0,0.0,0.0,0.0,1.866467070401611,0,0,0,2136.68,1746.0415,1.2237280729009017,0
2021-01-14,6506.827,3811.224,0.4532658668504695,-45.65269515108741,1990.66,1418.11,1.4037415997348586,0.0,1.9149509699583547,1.0,1.0,0,,0.0,0.0,0.0,0.0,0.0,1.866467070401611,0,0,0,1990.66,1758.02,1.1323306902083026,0
2021-01-15,6528.461,3817.935,0.45397351228141825,-46.16069871545279,1776.12,1444.82,1.2293019199623485,0.0,1.9149509699583547,1.0,1.0,0,,0.0,0.0,0.0,0.0,0.0,1.866467070401611,0,0,0,1776.12,1763.88625,1.0069356796675522,0
2021-01-18,6652.096,3849.398,0.45878997768230106,-42.489337327403746,1855.4,1212.27,1.5305171290224129,0.0,1.9149509699583547,1.0,1.0,0,,0.0,0.0,0.0,0.0,0.0,1.866467070401611,0,0,0,1855.4,1772.14125,1.0469820055258012,0
2021-01-19,6614.071,3808.694,0.4610425420892212,-36.419580424480515,1980.89,1234.17,1.605038203813089,0.0,1.9149509699583547,1.0,1.0,0,,0.0,0.0,0.0,0.0,0.0,1.866467070401611,0,0,0,1980.89,1775.812,1.1154840715120746,0
2021-01-20,6671.449,3814.654,0.46431557127423256,-28.679514610673184,1717.34,1052.86,1.631119047166765,0.0,1.9149509699583547,1.0,1.0,0,,0.0,0.0,0.0,0.0,0.0,1.866467070401611,0,0,0,1717.34,1776.7715,0.9665508479846733,1
2021-01-21,6745.109,3850.056,0.46512550660364693,-20.414742832510864,2039.18,1197.77,1.7024804428229126,0.0,1.9149509699583547,1.0,1.0,0,,0.0,0.0,0.0,0.0,0.0,1.866467070401611,0,0,0,2039.18,1785.0404999999998,1.1423718397425717,0
2021-01-22,6721.917,3846.395,0.46396742988739686,-13.325337527441702,2100.19,1191.99,1.7619191436169768,0.0,1.9149509699583547,1.0,1.0,0,,0.0,0.0,0.0,0.0,0.0,1.866467070401611,0,0,0,2100.19,1801.8605,1.165567478725462,0
2021-01-25,6657.272,3898.147,0.45340501498508806,-9.884072962690738,2267.15,1363.41,1.6628527002149025,0.0,1.9149509699583547,1.0,1.0,0,,0.0,0.0,0.0,0.0,0.0,1.866467070401611,0,0,0,2267.15,1825.1377499999999,1.24218021352087,0
2021-01-26,6534.097,3813.29,0.45491889247044,-5.895481134753136,1952.48,1005.32,1.9421477738431543,0.0,1.9149509699583547,1.0,1.0,0,,0.0,0.0,0.0,0.0,0.0,1.866467070401611,0,0,0,1952.48,1836.55425,1.063121331700384,0
2021-01-27,6537.754,3818.268,0.4545800767623041,-1.8548120363728025,1742.69,921.27,1.891617006957787,0.0,1.9149509699583547,1.0,1.0,0,,0.0,0.0,0.0,0.0,0.0,1.866467070401611,0,0,0,1742.69,1843.19775,0.9454709892088355,1
2021-01-28,6399.127,3735.034,0.45485649474279255,2.035888179072813,1661.12,947.81,1.7525875439170298,0.0,1.9149509699583547,1.0,1.0,0,,0.0,0.0,0.0,0.0,0.0,1.866467070401611,0,0,0,1661.12,1844.28675,0.9006842347048255,2
2021-01-29,6304.118,3713.247,0.45073234555266056,4.636093355564157,1785.22,1040.88,1.7151064483898235,0.0,1.9149509699583547,1.0,1.0,0,,0.0,0.0,0.0,0.0,0.0,1.866467070401611,0,0,0,1785.22,1851.93575,0.9639751271068664,3
2021-02-01,6345.814,3746.372,0.4497018455635728,9.77740505134716,1550.05,869.72,1.7822402612335004,0.0,1.9149509699583547,1.0,1.0,0,,0.0,0.0,0.0,0.0,0.0,1.866467070401611,0,0,0,1550.05,1856.9205000000002,0.8347422520242519,4
2021-02-02,6417.461,3771.47,0.4517527561797547,15.669236263523715,1631.05,937.16,1.7404178582099108,0.0,1.9149509699583547,1.0,1.0,0,,0.0,0.0,0.0,0.0,0.0,1.866467070401611,0,0,0,1631.05,1860.91175,0.8764789625300609,5
2021-02-03,6307.39,3775.722,0.44350437170216434,16.15039838418575,1689.85,1066.38,1.5846602524428437,0.0,1.9149509699583547,1.0,1.0,0,,0.0,0.0,0.0,0.0,0.0,1.866467070401611,0,0,0,1689.85,1868.4557499999999,0.9044099652881799,6
2021-02-04,6167.747,3801.618,0.43073117496264024,7.977298844429197,1664.62,1147.88,1.4501690072132971,0.0,1.9149509699583547,1.0,1.0,0,,0.0,0.0,0.0,0.0,0.0,1.866467070401611,0,0,0,1664.62,1870.3794999999998,0.8899905072740586,7
2021-02-05,6045.297,3840.766,0.41787657271921635,-3.8493067428402132,1460.99,1062.77,1.3747000762159265,0.0,1.9149509699583547,1.0,1.0,0,,0.0,0.0,0.0,0.0,0.0,1.866467070401611,0,0,0,1460.99,1872.4595000000002,0.7802518559146405,8
2021-02-08,6088.819,3890.465,0.4155083750009147,-15.931880966749473,1250.73,981.96,1.2737076866674812,0.0,1.9149509699583547,1.0,1.0,0,,0.0,0.0,0.0,0.0,0.0,1.866467070401611,0,0,0,1250.73,1863.58225,0.6711429023323227,9
2021-02-09,6254.011,3952.828,0.4200480315794279,-25.397124956758685,1365.25,977.38,1.3968466717141743,0.0,1.9149509699583547,1.0,1.0,0,,0.0,0.0,0.0,0.0,0.0,1.866467070401611,0,0,0,1365.25,1862.5395,0.7330045886275163,10
2021-02-10,6303.306,4028.529,0.4154034765581172,-34.172971282193075,1355.98,1085.72,1.248922374092768,0.0,1.9149509699583547,1.0,1.0,0,,0.0,0.0,0.0,0.0,0.0,1.866467070401611,0,0,0,1355.98,1861.2379999999998,0.7285365976839072,11
2021-02-18,6404.595,4014.324,0.4235722309696843,-36.06503984503889,1726.38,1413.66,1.2212130215186112,0.0,1.9149509699583547,1.0,1.0,0,,0.0,0.0,0.0,0.0,0.0,1.866467070401611,0,0,0,1726.38,1868.35025,0.9240130430576388,12
2021-02-19,6527.647,4014.456,0.4316961632462518,-32.60964874045667,1742.47,1231.5,1.4149167681688997,0.0,1.9149509699583547,1.0,1.0,0,,0.0,0.0,0.0,0.0,0.0,1.866467070401611,0,0,0,1742.47,1871.15075,0.9312290845620002,13
2021-02-22,6534.574,3881.868,0.446914810657375,-21.23890654730822,2292.74,1469.68,1.560026672472919,0.0,1.9149509699583547,1.0,1.0,0,,0.0,0.0,0.0,0.0,0.0,1.866467070401611,0,0,0,2292.74,1887.3932500000003,1.214765391367167,0
2021-02-23,6489.962,3897.716,0.4420589546861861,-11.914567613029662,1779.0,1089.62,1.632679282685707,0.0,1.9149509699583547,1.0,1.0,0,,0.0,0.0,0.0,0.0,0.0,1.866467070401611,0,0,0,1779.0,1886.0207500000001,0.9432557939778764,1
2021-02-24,6437.837,3805.472,0.44913787103722974,0.8004726382325025,1748.99,1235.96,1.4150862487459142,0.0,1.9149509699583547,1.0,1.0,0,,0.0,0.0,0.0,0.0,0.0,1.866467070401611,0,0,0,1748.99,1879.426,0.9305979591641278,2
2021-02-25,6399.347,3851.029,0.44117114693075543,9.697379496153486,1505.33,1189.07,1.2659725667958994,0.0,1.9149509699583547,1.0,1.0,0,,0.0,0.0,0.0,0.0,0.0,1.866467070401611,0,0,0,1505.33,1865.473,0.8069427968134623,3
2021-02-26,6325.405,3756.86,0.44700415143867384,20.993874454144027,1389.8,1137.11,1.2222212450862275,0.0,1.9149509699583547,1.0,1.0,0,,0.0,0.0,0.0,0.0,0.0,1.866467070401611,0,0,0,1389.8,1852.381,0.7502776156740972,4
2021-03-01,6495.157,3787.87,0.45524251924515197,32.31476011283107,1480.69,984.39,1.5041700951858512,0.0,1.9149509699583547,1.0,1.0,0,,0.0,0.0,0.0,0.0,0.0,1.866467070401611,0,0,0,1480.69,1844.4744999999998,0.8027706536468789,5
2021-03-02,6466.632,3718.774,0.46166461797023584,45.45217891093553,1603.95,1054.7,1.5207641983502418,0.0,1.9149509699583547,1.0,1.0,0,,0.0,0.0,0.0,0.0,0.0,1.866467070401611,0,0,0,1603.95,1834.6577499999999,0.8742502518521508,6
2021-03-03,6553.596,3817.413,0.45578365603288223,54.21977922690679,1517.19,951.88,1.5938878850275249,0.0,1.9149509699583547,1.0,1.0,0,,0.0,0.0,0.0,0.0,0.0,1.866467070401611,0,0,0,1517.19,1824.96675,0.8313521328539274,7
2021-03-04,6434.894,3708.661,0.46065150068684213,64.43124635309695,1678.52,1058.14,1.586292929102009,0.0,1.9149509699583547,1.0,1.0,0,,0.0,0.0,0.0,0.0,0.0,1.866467070401611,0,0,0,1678.52,1823.1112500000004,0.9206898372219466,8
2021-03-05,6456.279,3688.682,0.464685695232076,73.53796200965743,1477.9,938.7,1.574411420049004,0.0,1.9149509699583547,1.0,1.0,0,,0.0,0.0,0.0,0.0,0.0,1.866467070401611,0,0,0,1477.9,1813.1150000000002,0.8151165259787713,9
2021-03-08,6327.649,3573.431,0.47011619253878856,82.4104072363112,1647.79,1090.85,1.5105559884493744,0.0,1.9149509699583547,1.0,1.0,0,,0.0,0.0,0.0,0.0,0.0,1.866467070401611,0,0,0,1647.79,1797.4032499999998,0.9167614446007039,10
2021-03-09,6126.283,3509.614,0.4634319070264477,88.83978058062912,1616.55,1157.82,1.3962014820956623,0.0,1.9149509699583547,1.0,1.0,0,,0.0,0.0,0.0,0.0,0.0,1.866467070401611,0,0,0,1616.55,1775.134,0.910663645674073,11
2021-03-10,6078.244,3532.052,0.45687697491197926,90.1820595989842,1206.72,816.99,1.4770315426137406,0.0,1.9149509699583547,1.0,1.0,0,,0.0,0.0,0.0,0.0,0.0,1.866467070401611,0,0,0,1206.72,1746.8015,0.6908169016342155,12
2021-03-11,6219.664,3625.305,0.4554813551474891,86.90945007801953,1285.75,875.12,1.4692270774293812,0.0,1.9149509699583547,1.0,1.0,0,,0.0,0.0,0.0,0.0,0.0,1.866467070401611,0,0,0,1285.75,1719.4329999999998,0.7477755748551994,13
2021-03-12,6220.478,3632.578,0.4546289007735633,77.13580680540511,1363.79,843.58,1.616669432656061,0.0,1.9149509699583547,1.0,1.0,0,,0.0,0.0,0.0,0.0,0.0,1.866467070401611,0,0,0,1363.79,1701.3267500000002,0.8016038071463931,14
2021-03-15,6177.738,3566.877,0.4598218270136093,67.54824379082315,1318.14,922.78,1.4284444829753573,0.0,1.9149509699583547,1.0,1.0,0,,0.0,0.0,0.0,0.0,0.0,1.866467070401611,0,0,0,1318.14,1680.7740000000001,0.7842458295999343,15
2021-03-16,6233.463,3599.165,0.4598072973211596,59.904024167430784,1342.11,720.24,1.8634205264911692,0.0,1.9149509699583547,1.0,1.0,0,,0.0,0.0,0.0,0.0,0.0,1.866467070401611,0,0,0,1342.11,1667.43625,0.8048943400384871,16
2021-03-17,6277.581,3590.834,0.4641359697433076,50.873317824150085,1247.91,717.72,1.7387142618291256,0.0,1.9149509699583547,1.0,1.0,0,,0.0,0.0,0.0,0.0,0.0,1.866467070401611,0,0,0,1247.91,1645.2169999999999,0.75850784425398,17
2021-03-18,6298.886,3605.605,0.46380329682409693,43.27798968731116,1302.72,651.14,2.0006757379365423,0.0,1.9149509699583547,1.0,1.0,0,,0.0,0.0,0.0,0.0,0.0,1.866467070401611,0,0,0,1302.72,1628.0185000000001,0.8001874671571606,18
2021-03-19,6250.815,3512.02,0.472528378087057,40.366659444498914,1285.56,772.49,1.6641768825486414,1.0,1.9500176084498826,1.0,1.0,0,,0.013734022061785603,0.014109022061785603,0.000375,0.75,0.75,1.8921011703241033,0,0,1,1285.56,1615.7545,0.7956406743722514,19
2021-03-22,6359.6,3538.427,0.47716413203865377,43.732028425147064,1381.3,664.82,2.0777052435245627,1.0,1.9691483152037306,1.0,1.0,0,,0.007357897694468263,0.007357897694468263,0.0,0.0,0.75,1.906023057162932,0,0,1,1381.3,1603.902,0.8612122187016413,20
2021-03-23,6289.001,3516.363,0.4748278596424259,42.62431660076847,1517.62,623.8,2.4328630971465213,1.0,1.9595070480924877,1.0,1.0,0,,-0.0036721207222443764,-0.0036721207222443764,0.0,0.0,0.75,1.8990239103976485,0,0,1,1517.62,1592.32025,0.9530871694936994,21
2021-03-24,6196.267,3466.042,0.47461835828718124,43.53645301485462,1384.22,647.5,2.137791505791506,1.0,1.958642483442688,1.0,1.0,0,,-0.0003309115361339876,-0.0003309115361339876,0.0,0.0,0.75,1.8983955014783036,0,0,1,1384.22,1583.99225,0.8738805382412698,22
2021-03-25,6190.712,3463.873,0.4744897883470559,40.449677500788766,1235.33,569.78,2.168082417775281,1.0,1.958111904415505,1.0,1.0,0,,-0.00020316840554165938,-0.00020316840554165938,0.0,0.0,0.75,1.8980098074911806,0,0,1,1235.33,1563.8960000000002,0.7899054668596888,23
2021-03-26,6301.341,3529.728,0.4739581248441044,37.58571560549211,1311.09,726.81,1.8038964791348493,1.0,1.9559178495383722,1.0,1.0,0,,-0.0008403713567845805,-0.0008403713567845805,0.0,0.0,0.75,1.8964147744140687,0,0,1,1311.09,1544.1685,0.8490588948032549,24
2021-03-29,6326.609,3537.711,0.47478487258573,36.463371081716225,1380.44,733.85,1.8810928663895887,1.0,1.9593296502442743,1.0,1.0,0,,0.00130826073806245,0.00130826073806245,0.0,0.0,0.75,1.8988957794065164,0,0,1,1380.44,1522.00075,0.9069903546368161,25
2021-03-30,6301.585,3577.243,0.4676808490949878,34.188687432331726,1357.41,697.55,1.9459680309655225,1.0,1.930012954062195,1.0,1.0,0,,-0.011221961620301174,-0.011221961620301174,0.0,0.0,0.75,1.8775864438490646,0,0,1,1357.41,1507.124,0.9006624537861517,26
2021-03-31,6293.392,3539.37,0.4720707029144886,31.462287716739613,1183.74,727.21,1.6277828962748035,1.0,1.9481288866569786,1.0,1.0,0,,0.0070398229283852864,0.0070398229283852864,0.0,0.0,0.75,1.8908043199464986,0,0,1,1183.74,1493.1502500000001,0.7927802309245168,27
2021-04-01,6335.791,3582.65,0.4695098309666769,28.485736906724135,1163.01,559.32,2.0793284702853465,1.0,1.9375607480587544,1.0,1.0,0,,-0.004068572671426018,-0.004068572671426018,0.0,0.0,0.75,1.88311144516335,0,0,1,1163.01,1480.6974999999998,0.7854473989454296,28
2021-04-02,6361.252,3616.764,0.46695030081602823,25.167712020212697,1274.65,666.6,1.9121662166216624,1.0,1.9269981467535608,1.0,1.0,0,,-0.004088620698386974,-0.004088620698386974,0.0,0.0,0.75,1.8754121167312856,0,0,1,1274.65,1467.93325,0.8683296737096187,29
2021-04-06,6421.487,3594.709,0.47426393353227636,26.688913789646897,1237.53,564.51,2.1922198012435565,1.0,1.9571798527415796,1.0,1.0,0,,0.011746912953263466,0.011746912953263466,0.0,0.0,0.75,1.8974424196180235,0,0,1,1237.53,1460.12025,0.8475534806122988,30
2021-04-07,6422.762,3558.469,0.4791890360834508,28.32268591290938,1288.79,622.39,2.070711290348495,1.0,1.9775046356405277,1.0,1.0,0,,0.007788546950786457,0.007788546950786457,0.0,0.0,0.75,1.9122207389896326,0,0,1,1288.79,1451.5637499999998,0.8878631751447362,31
2021-04-08,6404.128,3573.037,0.47585070870164853,26.073074191278796,1389.81,538.75,2.57969373549884,1.0,1.963728114527365,1.0,1.0,0,,-0.00522496415363663,-0.00522496415363663,0.0,0.0,0.75,1.9022294541745712,0,0,1,1389.81,1444.06275,0.9624304760994631,32
2021-04-09,6399.522,3514.111,0.48348197924036007,25.976816798925377,1303.24,558.07,2.335262601465766,1.0,1.9952206398770078,1.0,1.0,0,,0.012027833098431195,0.012027833098431195,0.0,0.0,0.75,1.9251091525643027,0,0,1,1303.24,1435.02825,0.9081633061927527,33
2021-04-12,6263.399,3477.065,0.47823956154187164,22.28686272576749,1397.62,673.6,2.0748515439429926,1.0,1.9735863692237048,1.0,1.0,0,,-0.008132285054437638,-0.008132285054437638,0.0,0.0,0.75,1.9094536161747429,0,0,1,1397.62,1433.444,0.9750084412087252,34
2021-04-13,6231.139,3461.459,0.47792140031520225,19.36283161320922,1204.03,589.8,2.0414208206171587,1.0,1.9722733898914517,1.0,1.0,0,,-0.0004989568810090106,-0.0004989568810090106,0.0,0.0,0.75,1.908500881153985,0,0,1,1204.03,1432.2765000000002,0.8406407561668434,35
2021-04-14,6320.067,3469.173,0.48366421350243793,18.065545611416805,1186.11,602.35,1.9691375446169168,1.0,1.9959726794081643,1.0,1.0,0,,0.009012172059225887,0.009012172059225887,0.0,0.0,0.75,1.9257006194701287,0,0,1,1186.11,1427.7980000000002,0.8307267554654088,36
2021-04-15,6296.608,3431.493,0.4871601660670625,18.516069481450543,1170.2,643.08,1.8196802886110592,1.0,2.0103996839553226,1.0,1.0,0,,0.005421042843921753,0.005421042843921753,0.0,0.0,0.75,1.9361399250328433,0,0,1,1170.2,1423.1535,0.8222584563084728,37
2021-04-16,6368.846,3448.104,0.4903753393552588,18.9280851943138,1347.21,548.63,2.4555893771758743,1.0,2.023667976013425,1.0,1.0,0,,0.00494987097490901,0.00494987097490901,0.0,0.0,0.75,1.9457235678511258,0,0,1,1347.21,1413.67425,0.9529847487849482,38
2021-04-19,6477.388,3513.395,0.4894644606942073,20.03445990644724,1550.02,775.92,1.9976543973605527,0.556729972226487,2.0211267179584094,0.556729972226487,0.556729972226487,0,0.14369623334641424,-0.0009418262105506858,-0.0007755999501356184,0.0001662262604150674,0.33245252083013477,0.41754747916986523,1.9438910343964373,0,0,1,1550.02,1408.863,1.100192140754637,0
2021-04-20,6457.629,3510.124,0.48842609868252246,21.23699037838179,1587.02,666.34,2.3816970315454573,0.6036001526957643,2.0184913154892206,0.6036001526957643,0.6036001526957643,0,0.13253807117627225,-0.0013735186281083017,-0.0012804922913453522,9.302633676294953e-05,0.18605267352589905,0.6036001526957643,1.941221063849681,0,0,0,1587.02,1391.22,1.1407397823493048,0
2021-04-21,6457.715,3516.098,0.4876027355765377,20.950519899854072,1365.68,599.67,2.2773858955759003,0.6036001526957643,2.016437465278436,0.6155777510659782,0.6036001526957643,1,0.1299592128881629,-0.0010175174869586252,-0.0010175174869586252,0.0,0.0,0.6036001526957643,1.9392458374711614,0,0,0,1365.68,1380.8870000000002,0.9889875130984649,1
2021-04-22,6485.211,3487.427,0.4937046474237777,22.476204781526654,1394.71,581.21,2.399666213588892,0.6036001526957643,2.0316686573478115,0.622156526589202,0.6036001526957643,1,0.12858500486779023,0.007553515708592712,0.007553515708592712,0.0,0.0,0.6036001526957643,1.9538939613673227,0,0,0,1394.71,1372.03,1.0165302507962655,0
2021-04-23,6453.303,3524.022,0.48617394026080213,20.3559302359255,1420.38,648.88,2.1889717667365307,0.6036001526957643,2.0129630951113864,0.5979821844585024,0.6036001526957643,1,0.1337832498679594,-0.009206994540558597,-0.009206994540558597,0.0,0.0,0.6036001526957643,1.9359044703321833,0,0,0,1420.38,1369.90625,1.0368446745899584,0
2021-04-26,6431.089,3467.661,0.4923751386287862,20.166427361281958,1618.06,804.9,2.01026214436576,0.5480815922657034,2.0269795131983086,0.5480815922657034,0.5480815922657034,0,0.14596366878385683,0.0069630775253467425,0.006990836805561773,2.7759280215030436e-05,0.05551856043006087,0.5480815922657034,1.9493843232407715,0,0,0,1618.06,1375.61275,1.1762467307750673,0
2021-04-27,6400.905,3476.302,0.48884605372992174,18.46689148580088,1387.38,613.54,2.2612706587997526,0.5480815922657034,2.019016809312138,0.5307582808946563,0.5480815922657034,1,0.15072774722450016,-0.00392835933186452,-0.00392835933186452,0.0,0.0,0.5480815922657034,1.9417264411431783,0,0,0,1387.38,1373.28,1.0102673890248166,0
2021-04-28,6437.247,3473.039,0.49208343276569316,15.672984397787896,1456.04,775.16,1.878373497084473,0.5480815922657034,2.026345165797572,0.5199061394515375,0.5480815922657034,1,0.15387392825249974,0.0036296659104739807,0.0036296659104739807,0.0,0.0,0.5480815922657034,1.9487742594140616,0,0,0,1456.04,1369.58225,1.0631270958717522,0
2021-04-29,6405.103,3517.21,0.48347725653420087,10.3064865011843,1461.38,837.14,1.7456817258761976,0.5480815922657034,2.0069215476218996,0.5597188488951952,0.5480815922657034,1,0.14292890110438222,-0.009585542731574736,-0.009585542731574736,0.0,0.0,0.5480815922657034,1.9300942004762551,0,0,0,1461.38,1368.187,1.068114227075685,0
2021-04-30,6382.136,3491.188,0.4853343709197616,5.184129294853513,1521.75,864.74,1.7597775053773388,0.5480815922657034,2.0111466595377228,0.5130923740086236,0.5480815922657034,1,0.15591734364513363,0.0021052700943041945,0.0021052700943041945,0.0,0.0,0.5480815922657034,1.9341575700757079,0,0,0,1521.75,1364.26775,1.11543353568242,0
2021-05-06,6398.437,3449.939,0.4923916871743681,2.163491260569277,1516.93,900.47,1.6845980432440837,0.5480815922657034,2.027174960518123,0.5185453592234013,0.5480815922657034,1,0.1542777282199804,0.007969732542570758,0.007969732542570758,0.0,0.0,0.5480815922657034,1.9495722886043998,0,0,0,1516.93,1365.2435,1.111105821049505,0
2021-05-07,6320.253,3406.31,0.49260466947988774,0.543200498152685,1641.29,821.22,1.9985996444314555,0.5066507752829233,2.027577222202605,0.5066507752829233,0.5066507752829233,0,0.15789968929846498,0.0001984346158161395,0.00021915002430752953,2.071540849139003e-05,0.04143081698278006,0.5066507752829233,1.9499591512324947,0,0,0,1641.29,1365.081,1.2023389088266558,0
2021-05-10,6338.574,3399.985,0.494951670283735,0.5855303536369687,1612.6,687.5,2.3456,0.5066507752829233,2.032471637638827,0.5295358352302231,0.5066507752829233,1,0.1510757056984045,0.002413923071647667,0.002413923071647667,0.0,0.0,0.5066507752829233,1.9546662026164252,0,0,0,1612.6,1364.98225,1.1814073040143929,0
2021-05-11,6343.863,3437.714,0.4899280252815581,-2.384805108911737,1575.34,712.72,2.210321023683915,0.5066507752829233,2.0220198794468853,0.5388796504735348,0.5066507752829233,1,0.148456153298238,-0.005142388212651211,-0.005142388212651211,0.0,0.0,0.5066507752829233,1.9446145501764227,0,0,0,1575.34,1374.19775,1.146370673361967,0
2021-05-12,6420.337,3447.862,0.4943746346865711,-2.377719706652318,1468.28,595.67,2.4649218527036783,0.0,2.0215076504771057,0.5295734807102875,0.5295734807102875,0,0.15106496626813798,-0.00025332538764146167,0.0,0.00025332538764146167,0.5066507752829233,0.0,1.944121929941686,0,0,0,1468.28,1378.761,1.0649271338542359,0
2021-05-13,6375.015,3413.889,0.49576977376216463,-3.484472084847217,1601.67,606.7,2.639970331300478,0.0,2.0215076504771057,1.0,1.0,0,,0.0,0.0,0.0,0.0,0.0,1.944121929941686,0,0,0,1601.67,1384.708,1.1566842973392224,0
2021-05-14,6462.476,3503.037,0.4897815813615548,-7.354785588600752,1648.58,953.24,1.7294490369686542,0.0,2.0215076504771057,1.0,1.0,0,,0.0,0.0,0.0,0.0,0.0,1.944121929941686,0,0,0,1648.58,1392.969,1.1835008532135316,0
2021-05-17,6457.277,3539.913,0.484289506187969,-12.097152658048012,1667.76,924.31,1.8043297162207488,0.0,2.0215076504771057,1.0,1.0,0,,0.0,0.0,0.0,0.0,0.0,1.944121929941686,0,0,0,1667.76,1401.1102500000002,1.1903131819926374,0
2021-05-18,6486.822,3537.696,0.4868102352217467,-14.927256976368616,1486.91,572.13,2.5989023473686053,0.0,2.0215076504771057,1.0,1.0,0,,0.0,0.0,0.0,0.0,0.0,1.944121929941686,0,0,0,1486.91,1407.0852499999999,1.0567305712287156,0
2021-05-19,6488.949,3511.467,0.49060729296750294,-15.679173576807548,1530.01,605.52,2.526770379178227,0.0,2.0215076504771057,1.0,1.0,0,,0.0,0.0,0.0,0.0,0.0,1.944121929941686,0,0,0,1530.01,1412.7675,1.0829878235449217,0
2021-05-20,6482.836,3522.451,0.4886166986027491,-17.34407512635252,1629.41,632.08,2.577854069105177,0.0,2.0215076504771057,1.0,1.0,0,,0.0,0.0,0.0,0.0,0.0,1.944121929941686,0,0,0,1629.41,1421.36375,1.1463708709329332,0
2021-05-21,6480.374,3481.862,0.49412490849304197,-16.989713136349625,1479.33,611.77,2.4181146509309053,0.0,2.0215076504771057,1.0,1.0,0,,0.0,0.0,0.0,0.0,0.0,1.944121929941686,0,0,0,1479.33,1423.8145,1.0389906831262077,0
2021-05-24,6537.857,3497.747,0.4962439839167913,-15.928127790287878,1538.23,645.32,2.3836701171511807,0.0,2.0215076504771057,1.0,1.0,0,,0.0,0.0,0.0,0.0,0.0,1.944121929941686,0,0,0,1538.23,1424.32975,1.0799676128368447,0
2021-05-25,6615.714,3641.292,0.4823579553447136,-19.210991594830148,1715.76,1257.36,1.364573391868677,0.0,2.0215076504771057,1.0,1.0,0,,0.0,0.0,0.0,0.0,0.0,1.944121929941686,0,0,0,1715.76,1432.61825,1.1976393571699928,0
2021-05-26,6644.751,3657.19,0.48236903146355903,-22.875162927790445,1766.75,965.86,1.829198848694428,0.0,2.0215076504771057,1.0,1.0,0,,0.0,0.0,0.0,0.0,0.0,1.944121929941686,0,0,0,1766.75,1445.90375,1.2219001437682142,0
2021-05-27,6705.045,3664.942,0.4857164600568777,-23.85063626082744,1837.91,851.47,2.158514099146182,0.0,2.0215076504771057,1.0,1.0,0,,0.0,0.0,0.0,0.0,0.0,1.944121929941686,0,0,0,1837.91,1459.0742500000001,1.259641173161681,0
2021-05-28,6694.346,3659.296,0.48568964539432824,-24.82016217209311,2010.76,804.69,2.49880078042476,0.0,2.0215076504771057,1.0,1.0,0,,0.0,0.0,0.0,0.0,0.0,1.944121929941686,0,0,0,2010.76,1474.83225,1.3633821744811996,0
2021-05-31,6814.363,3650.225,0.49562574761064715,-21.68620217367706,2028.49,779.18,2.603365076105649,0.0,2.0215076504771057,1.0,1.0,0,,0.0,0.0,0.0,0.0,0.0,1.944121929941686,0,0,0,2028.49,1491.60925,1.3599339103052626,0
2021-06-01,6854.734,3650.903,0.498469445206433,-19.04682209673946,2120.99,828.51,2.5600053107385543,0.0,2.0215076504771057,1.0,1.0,0,,0.0,0.0,0.0,0.0,0.0,1.944121929941686,0,0,0,2120.99,1515.0404999999998,1.3999559747742718,0
2021-06-02,6759.459,3622.398,0.49540912663476366,-17.3151748088775,2087.54,743.1,2.8092315973624005,0.0,2.0215076504771057,1.0,1.0,0,,0.0,0.0,0.0,0.0,0.0,1.944121929941686,0,0,0,2087.54,1538.15375,1.357172519327148,0
2021-06-03,6754.07,3591.156,0.4993206376126665,-13.151989763116607,1929.81,678.57,2.8439365135505548,0.0,2.0215076504771057,1.0,1.0,0,,0.0,0.0,0.0,0.0,0.0,1.944121929941686,0,0,0,1929.81,1554.5327499999999,1.2414083910422602,0
2021-06-04,6785.804,3612.701,0.4986749151300594,-9.497950678314956,1929.7,778.39,2.4790914580094814,0.0,2.0215076504771057,1.0,1.0,0,,0.0,0.0,0.0,0.0,0.0,1.944121929941686,0,0,0,1929.7,1571.837,1.2276718260226729,0
2021-06-07,6861.85,3601.109,0.5058866088268331,-3.2682553642884904,2039.18,697.85,2.9220892741993265,0.0,2.0215076504771057,1.0,1.0,0,,0.0,0.0,0.0,0.0,0.0,1.944121929941686,0,0,0,2039.18,1590.5967500000002,1.282021983258799,0
2021-06-08,6809.864,3580.284,0.5049742017363127,0.8200753397775212,2109.28,717.11,2.941361855224443,0.0,2.0215076504771057,1.0,1.0,0,,0.0,0.0,0.0,0.0,0.0,1.944121929941686,0,0,0,2109.28,1608.5835,1.311265470521114,0
2021-06-09,6823.407,3587.532,0.5049562168307918,4.951648905130996,1890.42,643.6,2.9372591671845867,1.0,2.020424899658796,1.0,1.0,0,,-0.0005356154937400932,-3.561549374009321e-05,0.0005,1.0,1.0,1.9430806281142896,0,0,0,1890.42,1623.263,1.1645802312995492,0
2021-06-10,6898.206,3607.679,0.5076407784234743,9.594339932818256,2194.25,822.88,2.66654919307797,1.0,2.031166336056124,1.0,1.0,0,,0.005316424480386273,0.005316424480386273,0.0,0.0,1.0,1.9534108695329608,0,0,0,2194.25,1643.1787500000003,1.335369021781714,0
2021-06-11,6852.973,3576.777,0.5086691356366,12.48819562270876,2388.09,990.02,2.412163390638573,1.0,2.0352809868909687,1.0,1.0,0,,0.0020257576948787825,0.0020257576948787825,0.0,0.0,1.0,1.9573680066331771,0,0,0,2388.09,1672.7802499999998,1.42761728565363,0
2021-06-15,6815.119,3528.668,0.5127561462401983,14.584374715360541,2149.28,1028.93,2.0888495816041908,1.0,2.051633885842298,1.0,1.0,0,,0.008034713170641528,0.008034713170641528,0.0,0.0,1.0,1.973094897135865,0,0,0,2149.28,1696.8595,1.2666222512824428,0
2021-06-16,6673.245,3486.288,0.5081852306328424,14.385603038803902,2080.8,865.04,2.4054378988254883,1.0,2.0333447918584615,1.0,1.0,0,,-0.008914404324301684,-0.008914404324301684,0.0,0.0,1.0,1.9555059314525796,0,0,0,2080.8,1719.6245,1.2100316086447944,0
2021-06-17,6787.668,3481.6,0.517594852365828,17.788636005041955,2067.86,782.88,2.641349887594523,1.0,2.070994460110918,1.0,1.0,0,,0.01851612594342389,0.01851612594342389,0.0,0.0,1.0,1.9917143255624679,0,0,0,2067.86,1737.6407499999998,1.1900388500902734,0
2021-06-18,6863.716,3454.589,0.5274862579709051,22.844210385466667,2138.5,1112.81,1.921711702806409,1.0,2.110571836348706,1.0,1.0,0,,0.019110324532528367,0.019110324532528367,0.0,0.0,1.0,2.0297766327000524,0,0,0,2138.5,1752.35275,1.2203593140707543,0
2021-06-21,6968.296,3431.252,0.5391656376896221,31.651522271563802,2205.49,929.9,2.3717496505000537,1.0,2.1573032336654228,1.0,1.0,0,,0.022141581021739576,0.022141581021739576,0.0,0.0,1.0,2.0747190964690145,0,0,0,2205.49,1767.8145,1.2475799921315274,0
2021-06-22,7000.252,3464.706,0.536408333729051,38.8322567290881,2228.5,929.81,2.396726212882202,1.0,2.1462707413578124,1.0,1.0,0,,-0.005114020196810953,-0.005114020196810953,0.0,0.0,1.0,2.0641089411069626,0,0,0,2228.5,1789.3850000000002,1.2453999558507531,0
2021-06-23,7046.175,3471.341,0.5388952774604091,41.1572531967238,2226.85,996.64,2.234357441001766,1.0,2.1562214714833314,1.0,1.0,0,,0.004636288392593002,0.004636288392593002,0.0,0.0,1.0,2.073678745431664,0,0,0,2226.85,1810.1885000000002,1.2301757524147345,0
2021-06-24,6974.642,3483.909,0.5315000972865555,38.57303933791112,2121.92,875.39,2.423971030055176,1.0,2.1266319631998365,1.0,1.0,0,,-0.013722852070079505,-0.013722852070079505,0.0,0.0,1.0,2.0452219587672373,0,0,0,2121.92,1827.727,1.1609611282210088,0
2021-06-25,7000.43,3535.019,0.5257523169034964,33.59599168260812,2162.01,1050.68,2.0577245212624207,1.0,2.103634011661408,1.0,1.0,0,,-0.010814260265243458,-0.010814260265243458,0.0,0.0,1.0,2.0231043962049373,0,0,0,2162.01,1841.32575,1.174159433766676,0
2021-06-28,7063.471,3520.743,0.5326379082650843,29.735189858601554,2121.54,914.89,2.318901725890544,1.0,2.1311845591586565,1.0,1.0,0,,0.013096644827248038,0.013096644827248038,0.0,0.0,1.0,2.0496002759304774,0,0,0,2121.54,1859.6797499999998,1.140809324831332,0
2021-06-29,7004.304,3482.733,0.5339407120662594,27.80406040267974,2219.64,917.9,2.4181719141518685,1.0,2.1363973224667006,1.0,1.0,0,,0.0024459464505983686,0.0024459464505983686,0.0,0.0,1.0,2.054613488450535,0,0,0,2219.64,1878.76975,1.1814326901952727,0
2021-06-30,7083.7,3498.649,0.5375365705578988,27.003975482343666,2186.87,799.88,2.7339975996399457,1.0,2.150785029341082,1.0,1.0,0,,0.0067345651125274575,0.0067345651125274575,0.0,0.0,1.0,2.0684504167695823,0,0,0,2186.87,1896.907,1.1528609467939124,0
2021-07-01,6969.532,3535.249,0.5233977347398329,19.123775148683198,2238.12,975.09,2.295295818847491,1.0,2.0942128850900477,1.0,1.0,0,,-0.026303021212848,-0.026303021212848,0.0,0.0,1.0,2.014043921579568,0,0,0,2238.12,1914.8162499999999,1.168843224513057,0
2021-07-02,6908.932,3408.237,0.5381822396781526,17.278825248573284,2165.83,1094.13,1.9794996938206608,1.0,2.153368473061587,1.0,1.0,0,,0.028247170281829215,0.028247170281829215,0.0,0.0,1.0,2.070934963187509,0,0,0,2165.83,1931.0387500000002,1.1215880572049628,0
2021-07-05,7006.7,3404.791,0.5463504373950345,16.99128130344241,2234.89,986.06,2.266484798085309,1.0,2.186050970083016,1.0,1.0,0,,0.015177382519658611,0.015177382519658611,0.0,0.0,1.0,2.102366335297141,0,0,0,2234.89,1945.8787499999999,1.1485247988858505,0
2021-07-06,6979.062,3405.279,0.5441173655395797,16.39389204544473,2489.79,1019.32,2.4425989875603342,1.0,2.177116029133472,1.0,1.0,0,,-0.004087251885624865,-0.004087251885624865,0.0,0.0,1.0,2.0937734345289236,0,0,0,2489.79,1967.8084999999999,1.2652603136941425,0
2021-07-07,7089.665,3424.39,0.5496556855746293,16.43767035359614,2339.56,913.86,2.5600857899459437,1.0,2.199275890381092,1.0,1.0,0,,0.010178539384710694,0.010178539384710694,0.0,0.0,1.0,2.115084989894937,0,0,0,2339.56,1986.9140000000002,1.1774842796416956,0
2021-07-08,7099.411,3373.256,0.5587547755163542,18.29820991762299,2651.35,1057.95,2.506120327047592,0.3935349017297577,2.2129364912360674,0.3935349017297577,0.3935349017297577,0,0.20328565433044204,0.006211408452537464,0.0065146410016725855,0.0003032325491351212,0.6064650982702423,0.3935349017297577,2.128222646679006,0,0,0,2651.35,2016.4907499999997,1.3148337030556676,0
2021-07-09,7142.899,3361.595,0.564127603066202,20.917600531714275,2534.01,915.31,2.7684718838426328,0.3935349017297577,2.2213105086325284,0.3869902010893929,0.3935349017297577,1,0.2067235805320052,0.003784120072864465,0.003784120072864465,0.0,0.0,0.3935349017297577,2.1362760967158287,0,0,0,2534.01,2039.79925,1.2422840139783364,0
2021-07-12,7284.235,3384.507,0.5713954292005495,24.27008900327775,2912.39,1111.04,2.6213187644009217,0.3935349017297577,2.2325726170785662,0.3859600093158609,0.3935349017297577,1,0.20727536031985588,0.005070028887123528,0.005070028887123528,0.0,0.0,0.3935349017297577,2.1471070782370494,0,0,0,2912.39,2071.3945000000003,1.406004505660317,0
2021-07-13,7331.726,3391.742,0.5738939510467281,27.67786693959878,2893.54,929.01,3.114648927352773,0.3935349017297577,2.2364144213747927,0.38384702662268083,0.3935349017297577,1,0.2084163597771971,0.0017207970154420713,0.0017207970154420713,0.0,0.0,0.3935349017297577,2.1508018136891143,0,0,0,2893.54,2102.0389999999998,1.3765396360391031,0
2021-07-14,7243.816,3339.381,0.5759034348087247,28.190139380328006,2842.33,947.23,3.000675654276153,0.3935349017297577,2.239496107429172,0.38399371590115905,0.3935349017297577,1,0.20833674273094668,0.001377958407407033,0.001377958407407033,0.0,0.0,0.3935349017297577,2.153765529130953,0,0,0,2842.33,2135.9245,1.3307258753762128,0
2021-07-15,7241.623,3411.289,0.5635930489562077,24.641683739929945,2691.36,984.85,2.732761334213332,0.3935349017297577,2.2206572064373638,0.3961864622327266,0.3935349017297577,1,0.20192512270398238,-0.008412115979712365,-0.008412115979712365,0.0,0.0,0.3935349017297577,2.135647803706797,0,0,0,2691.36,2164.95825,1.243146374762654,0
2021-07-16,7228.363,3369.899,0.5694705896145641,23.9976772038148,2756.58,896.8,3.073795718108832,0.3935349017297577,2.229770907777389,0.36772483680262613,0.3935349017297577,1,0.21755397512879845,0.004104055913540339,0.004104055913540339,0.0,0.0,0.3935349017297577,2.1444126217048396,0,0,0,2756.58,2193.1375,1.2569116163487242,0
2021-07-19,7205.268,3385.366,0.5650576268665125,23.641171726663863,2638.45,839.49,3.142920106254988,0.3935349017297577,2.222971008788045,0.37671377350531743,0.3935349017297577,1,0.21236282192604986,-0.0030495953488431757,-0.0030495953488431757,0.0,0.0,0.3935349017297577,2.137873030947688,0,0,0,2638.45,2222.1155,1.1873595229410892,0
2021-07-20,7253.276,3378.629,0.569956785370131,23.27972217643981,2351.72,769.37,3.056682740423983,0.3935349017297577,2.2305558379468104,0.38945834763272835,0.3935349017297577,1,0.20541349411630164,0.003412023426657394,0.003412023426657394,0.0,0.0,0.3935349017297577,2.1451675038125004,0,0,0,2351.72,2242.45275,1.0487266677079372,0
2021-07-21,7398.808,3388.52,0.5796955072029621,25.979166224425644,2838.91,1105.51,2.567964107063708,0.3935349017297577,2.245554633571889,0.39100984864610655,0.3935349017297577,1,0.20459842706521197,0.006724241272025217,0.006724241272025217,0.0,0.0,0.3935349017297577,2.1595921276770436,0,0,0,2838.91,2270.5315,1.2503283922729105,0
2021-07-22,7446.481,3392.717,0.5827089399641168,26.71726702677655,3018.36,1164.17,2.592714122507881,0.3935349017297577,2.2501483951578747,0.38096141864303806,0.3935349017297577,1,0.20999501809121576,0.0020457135699604844,0.0020457135699604844,0.0,0.0,0.3935349017297577,2.1640100345982125,0,0,0,3018.36,2301.82175,1.3112918061531047,0
2021-07-23,7379.791,3357.447,0.5835567906230666,24.54471742032341,3171.2,1123.35,2.8229848221836478,0.3935349017297577,2.2514368289192324,0.39893472158481486,0.3935349017297577,1,0.20053406151811165,0.0005725994623866389,0.0005725994623866389,0.0,0.0,0.3935349017297577,2.165249145580623,0,0,0,3171.2,2335.154,1.3580260659468282,0
2021-07-26,7286.148,3228.37,0.5991877363315644,27.635863910405863,3112.65,1421.9,2.1890779942330685,0.3935349017297577,2.2751694195742806,0.41400281403373,0.3935349017297577,1,0.19323540151947413,0.010541086629750342,0.010541086629750342,0.0,0.0,0.3935349017297577,2.188073224399181,0,0,0,3112.65,2362.70125,1.3174115855739272,0
2021-07-27,7093.87,3126.376,0.6024073300001009,29.77012434252347,3409.51,1491.68,2.2856845972326503,0.3935349017297577,2.27998041723156,0.3900137940335813,0.3935349017297577,1,0.20512095014032192,0.002114566772868962,0.002114566772868962,0.0,0.0,0.3935349017297577,2.1927000513361,0,0,0,3409.51,2397.2267500000003,1.422272632323997,0
2021-07-28,6945.509,3154.635,0.5845251356016364,25.60753894020936,2822.62,1207.08,2.338386850912947,0.3935349017297577,2.2533458934555513,0.39072314904807237,0.3935349017297577,1,0.20474855455814636,-0.011681909008827913,-0.011681909008827913,0.0,0.0,0.3935349017297577,2.1670851288527393,0,0,0,2822.62,2414.7675,1.1688992832643308,0
2021-07-29,7207.483,3182.796,0.601205650148374,21.829748939679597,2845.66,1171.0,2.430111016225448,0.3361401906316431,2.2748961943487718,0.3361401906316431,0.3361401906316431,0,0.23799593809259023,0.00956368969176439,0.009592387047313447,2.8697355549057308e-05,0.057394711098114615,0.3361401906316431,2.187810458560724,0,0,0,2845.66,2433.7205000000004,1.1692632740694748,0
2021-07-30,7262.383,3132.821,0.6154486137503707,24.06402951775904,3150.96,1159.0,2.718688524590164,0.3361401906316431,2.2930120702595587,0.35572619802566474,0.3361401906316431,1,0.22489206711232498,0.007963385738562472,0.007963385738562472,0.0,0.0,0.3361401906316431,2.205232837165104,0,0,0,3150.96,2464.24925,1.2786693553827804,0
2021-08-02,7402.354,3211.144,0.6120096911703629,24.971073967594617,3389.13,1458.05,2.3244264599979427,0.36334119317967817,2.2883255422715183,0.36334119317967817,0.36334119317967817,0,0.22017872319926768,-0.002043830492139514,-0.0020302299908654966,1.3600501274017546e-05,0.02720100254803509,0.36334119317967817,2.2007257150502384,0,0,0,3389.13,2500.735,1.3552535554546963,0
2021-08-03,7308.955,3223.826,0.6019105074674078,20.222405617215163,3180.57,1254.4,2.535530931122449,0.36334119317967817,2.274605343001554,0.36051844595466964,0.36334119317967817,1,0.221902654074069,-0.005995737501730175,-0.005995737501730175,0.0,0.0,0.36334119317967817,2.1875307413494895,0,0,0,3180.57,2529.26975,1.2575052542339544,0
2021-08-04,7478.207,3233.103,0.6140817238506348,19.120985952852646,2971.92,1219.79,2.436419383664401,0.36334119317967817,2.291317124613591,0.34432739916176475,0.36334119317967817,1,0.23233701469808407,0.0073471126160215726,0.0073471126160215726,0.0,0.0,0.36334119317967817,2.2036027760571937,0,0,0,2971.92,2550.8357499999997,1.1650769752619314,0
2021-08-05,7447.939,3227.359,0.6126847404159972,17.886173423614977,3031.03,1106.15,2.7401618225376305,0.36334119317967817,2.28942319025406,0.336990507851663,0.36334119317967817,1,0.23739541066009645,-0.0008265701587903438,-0.0008265701587903438,0.0,0.0,0.36334119317967817,2.2017813437606772,0,0,0,3031.03,2579.351,1.1751134296960748,0
2021-08-06,7482.174,3195.696,0.6215993832357675,18.942807289771753,2917.06,1016.11,2.8708112310675022,0.36334119317967817,2.3015265961773705,0.33966023506960874,0.36334119317967817,1,0.2355294842906915,0.005286661712362463,0.005286661712362463,0.0,0.0,0.36334119317967817,2.2134214168897306,0,0,0,2917.06,2597.4212500000003,1.1230600350251234,0
2021-08-09,7507.082,3235.206,0.616052111823973,18.12540568408309,2875.58,1211.4,2.373765890704969,0.36334119317967817,2.2940638361573096,0.33704856593961763,0.36334119317967817,1,0.23735451826349568,-0.003242526083537673,-0.003242526083537673,0.0,0.0,0.36334119317967817,2.2062443402116045,0,0,0,2875.58,2609.6085000000003,1.101920077283623,0
2021-08-10,7549.552,3288.651,0.6094690042867505,14.584587459594434,3031.07,1150.8,2.633880778588808,0.33323966827961293,2.2858601809347325,0.33323966827961293,0.33323966827961293,0,0.24006745779399238,-0.00357603615613353,-0.0035609853936834973,1.5050762450032617e-05,0.030101524900065235,0.33323966827961293,2.198354730681743,0,0,0,3031.07,2631.65325,1.151774079658861,0
2021-08-11,7605.918,3262.575,0.6189269095488482,13.76657434402492,2934.68,1004.06,2.9228133776865923,0.33323966827961293,2.2976810577532403,0.32642832229220337,0.33323966827961293,1,0.24507677348042042,0.005171303528142285,0.005171303528142285,0.0,0.0,0.33323966827961293,2.2097230902566256,0,0,0,2934.68,2653.00025,1.106174038242175,0
2021-08-12,7657.527,3226.114,0.6301690322516037,12.551982411735315,3079.92,981.75,3.1371734148204737,0.33323966827961293,2.311588760289874,0.3217319474514555,0.33323966827961293,1,0.24865419997518523,0.006052929970286377,0.006052929970286377,0.0,0.0,0.33323966827961293,2.2230983893756737,0,0,0,3079.92,2678.30175,1.149952577225475,0
2021-08-13,7641.917,3217.837,0.6305020539616694,11.163586143504885,3107.7,873.14,3.559223034106787,0.33323966827961293,2.3119958430935146,0.3387548860113486,0.33323966827961293,1,0.23615895534956188,0.00017610520116431296,0.00017610520116431296,0.0,0.0,0.33323966827961293,2.223489888564743,0,0,0,3107.7,2702.53175,1.1499217354245699,0
2021-08-16,7568.137,3222.622,0.623487639189571,5.382462646854999,2924.91,879.87,3.3242524463841248,0.33323966827961293,2.3034245039462706,0.33876402630917357,0.33323966827961293,1,0.2361525834711501,-0.0037073332864539657,-0.0037073332864539657,0.0,0.0,0.33323966827961293,2.215246670488773,0,0,0,2924.91,2720.51725,1.0751301062325556,0
2021-08-17,7360.033,3149.878,0.6203463892342013,-1.161760679884606,2838.28,1121.31,2.531217950432976,0.33323966827961293,2.299557226560196,0.33520527312133325,0.33323966827961293,1,0.2386597300664857,-0.0016789251739960764,-0.0016789251739960764,0.0,0.0,0.33323966827961293,2.2115274370870783,0,0,0,2838.28,2735.76175,1.0374733837842423,0
2021-08-18,7405.486,3190.552,0.6162202535936873,-7.66499679007014,2486.78,1195.33,2.080412940359566,0.0,2.2991740747165115,0.33241831223194956,0.33241831223194956,0,0.2406606286604899,-0.00016661983413980647,0.0,0.00016661983413980647,0.33323966827961293,0.0,2.2111589527523154,0,0,0,2486.78,2742.2599999999998,0.9068359674137392,1
2021-08-19,7468.773,3144.375,0.6306133430663807,-9.783751262531618,2614.39,1123.26,2.3275020921247083,0.0,2.2991740747165115,1.0,1.0,0,,0.0,0.0,0.0,0.0,0.0,2.2111589527523154,0,0,0,2614.39,2754.57175,0.9491094214554403,2
2021-08-20,7467.361,3072.755,0.645189726701323,-8.23760721544559,2609.35,1152.73,2.2636263478871896,0.0,2.2991740747165115,1.0,1.0,0,,0.0,0.0,0.0,0.0,0.0,2.2111589527523154,0,0,0,2609.35,2765.7552499999997,0.9434493525773837,3
2021-08-23,7652.559,3099.887,0.655403949499629,-2.896690006573149,3057.26,1026.87,2.9772609970103328,0.0,2.2991740747165115,1.0,1.0,0,,0.0,0.0,0.0,0.0,0.0,2.2111589527523154,0,0,0,3057.26,2789.14825,1.0961267476549517,0
2021-08-24,7715.073,3147.769,0.650706906085985,-0.12770205931242717,3226.86,1197.76,2.694078947368421,0.0,2.2991740747165115,1.0,1.0,0,,0.0,0.0,0.0,0.0,0.0,2.2111589527523154,0,0,0,3226.86,2814.32875,1.146582466600606,0
2021-08-25,7769.627,3159.803,0.6528123970445286,-1.1594726260376074,3032.14,1053.33,2.878623033617195,0.0,2.2991740747165115,1.0,1.0,0,,0.0,0.0,0.0,0.0,0.0,2.2111589527523154,0,0,0,3032.14,2835.4605,1.0693642179109883,0
2021-08-26,7669.528,3088.831,0.659208381185064,1.0126459771297118,3190.66,928.97,3.4346211395416426,0.0,2.2991740747165115,1.0,1.0,0,,0.0,0.0,0.0,0.0,0.0,2.2111589527523154,0,0,0,3190.66,2859.2740000000003,1.1158986511960727,0
2021-08-27,7680.078,3123.049,0.6528825526494813,2.3235767098553612,3028.69,976.66,3.1010689492761045,1.0,2.2759613868672863,1.0,1.0,0,,-0.010096098466179593,-0.009596098466179592,0.0005,1.0,1.0,2.188834874240954,0,0,0,3028.69,2880.8455,1.0513198295430977,0
2021-08-30,7727.745,3112.702,0.6591184497680909,3.738817403693823,3504.88,1300.55,2.694921379416401,1.0,2.2976998465593654,1.0,1.0,0,,0.00955133062340785,0.00955133062340785,0.0,0.0,1.0,2.2097411598048744,0,0,0,3504.88,2912.59525,1.2033529203894706,0
2021-08-31,7728.422,3097.058,0.6625058534861265,3.0648369426673323,3257.13,1386.34,2.349445302018264,1.0,2.3095084023749455,1.0,1.0,0,,0.005139294339625122,0.005139294339625122,0.0,0.0,1.0,2.221097670039496,0,0,0,3257.13,2931.7787500000004,1.1109740119372922,0
2021-09-01,7606.874,3165.037,0.6380807776964529,-3.4326508828560054,3723.76,1770.69,2.1029993957157944,1.0,2.224362108997966,1.0,1.0,0,,-0.03686771318494475,-0.03686771318494475,0.0,0.0,1.0,2.139210878184731,0,0,0,3723.76,2966.38375,1.255319713776075,0
2021-09-02,7690.859,3167.097,0.6447060040388559,-8.265432641598105,3076.31,1253.61,2.453960960745368,0.0,2.223249927943467,1.0,1.0,0,,-0.0005,0.0,0.0005,1.0,0.0,2.1381412727456386,0,0,0,3076.31,2977.0077499999998,1.033356396200178,0
2021-09-03,7630.841,3175.879,0.6379060002438658,-13.909925098009337,3579.58,1287.15,2.781012314027114,0.0,2.223249927943467,1.0,1.0,0,,0.0,0.0,0.0,0.0,0.0,2.1381412727456386,0,0,0,3579.58,3003.147,1.1919429851419194,0
2021-09-06,7735.1,3211.198,0.6395096148112017,-20.092501052154,3140.79,1241.24,2.5303647964938287,0.0,2.223249927943467,1.0,1.0,0,,0.0,0.0,0.0,0.0,0.0,2.1381412727456386,0,0,0,3140.79,3008.857,1.043848212128393,0
2021-09-07,7878.349,3248.052,0.6439623437598611,-25.54692723468586,3143.05,1062.66,2.957719308151243,0.0,2.223249927943467,1.0,1.0,0,,0.0,0.0,0.0,0.0,0.0,2.1381412727456386,0,0,0,3143.05,3015.09475,1.042438218566763,0
2021-09-08,7894.252,3213.257,0.6522494984542634,-27.152758547964723,3338.05,1001.52,3.3329838645259207,0.0,2.223249927943467,1.0,1.0,0,,0.0,0.0,0.0,0.0,0.0,2.1381412727456386,0,0,0,3338.05,3027.48775,1.1025808444641934,0
2021-09-09,7900.238,3204.278,0.6545731955918122,-27.170877581154418,3185.85,1007.06,3.163515580005164,0.0,2.223249927943467,1.0,1.0,0,,0.0,0.0,0.0,0.0,0.0,2.1381412727456386,0,0,0,3185.85,3039.85,1.0480286856259355,0
2021-09-10,7932.651,3252.325,0.6475490052929349,-29.749071901933256,3350.09,1278.73,2.6198572020676765,0.0,2.223249927943467,1.0,1.0,0,,0.0,0.0,0.0,0.0,0.0,2.1381412727456386,0,0,0,3350.09,3054.68775,1.0967045649755855,0
2021-09-13,7947.481,3242.036,0.6508185090816027,-32.426650646971815,3311.65,1158.47,2.8586411387433426,0.0,2.223249927943467,1.0,1.0,0,,0.0,0.0,0.0,0.0,0.0,2.1381412727456386,0,0,0,3311.65,3071.51775,1.0781803230666664,0
2021-09-14,7916.896,3188.261,0.6592487324859169,-33.53033863156462,3537.88,1145.06,3.0896896232511835,0.0,2.223249927943467,1.0,1.0,0,,0.0,0.0,0.0,0.0,0.0,2.1381412727456386,0,0,0,3537.88,3101.17175,1.1408204011919043,0
2021-09-15,7972.233,3146.634,0.6726389040922683,-31.209388249386073,3150.48,951.15,3.3122851285286234,0.0,2.223249927943467,1.0,1.0,0,,0.0,0.0,0.0,0.0,0.0,2.1381412727456386,0,0,0,3150.48,3108.9610000000002,1.0133546223320267,0
2021-09-16,7754.947,3128.589,0.6580797851218919,-31.523536563181445,3350.38,981.94,3.412000733242357,0.0,2.223249927943467,1.0,1.0,0,,0.0,0.0,0.0,0.0,0.0,2.1381412727456386,0,0,0,3350.38,3117.2614999999996,1.074783106903287,0
2021-09-17,7730.224,3161.922,0.6490664433326441,-32.43288788157557,3028.7,938.05,3.2287191514311604,0.0,2.223249927943467,1.0,1.0,0,,0.0,0.0,0.0,0.0,0.0,2.1381412727456386,0,0,0,3028.7,3113.6989999999996,0.9727016002510198,1
2021-09-22,7769.06,3122.337,0.6605975068567926,-29.40713076647202,2528.92,809.78,3.122971671318136,0.0,2.223249927943467,1.0,1.0,0,,0.0,0.0,0.0,0.0,0.0,2.1381412727456386,0,0,0,2528.92,3099.10575,0.8160160394655781,2
2021-09-23,7806.802,3127.821,0.6626428311582341,-26.65809688858985,2940.21,849.87,3.4595997034840624,0.0,2.223249927943467,1.0,1.0,0,,0.0,0.0,0.0,0.0,0.0,2.1381412727456386,0,0,0,2940.21,3087.3732499999996,0.9523338326520774,3
2021-09-24,7695.618,3145.112,0.6496143597958405,-27.23220097850697,2864.17,935.1,3.062955833600685,0.0,2.223249927943467,1.0,1.0,0,,0.0,0.0,0.0,0.0,0.0,2.1381412727456386,0,0,0,2864.17,3088.412,0.9273924592962339,4
2021-09-27,7467.818,3199.975,0.6195771178267564,-35.08070687119877,2919.98,1206.62,2.4199665180421346,0.0,2.223249927943467,1.0,1.0,0,,0.0,0.0,0.0,0.0,0.0,2.1381412727456386,0,0,0,2919.98,3090.2699999999995,0.9448947826565318,5
2021-09-28,7468.733,3211.154,0.6174958320288639,-42.41769052006017,2207.15,845.85,2.6093870071525687,0.0,2.223249927943467,1.0,1.0,0,,0.0,0.0,0.0,0.0,0.0,2.1381412727456386,0,0,0,2207.15,3066.67475,0.7197209289964643,6
2021-09-29,7199.179,3199.226,0.597428974755373,-52.64966357686879,2279.89,853.3,2.6718504629087074,0.0,2.223249927943467,1.0,1.0,0,,0.0,0.0,0.0,0.0,0.0,2.1381412727456386,0,0,0,2279.89,3038.94375,0.7502244817792366,7
2021-09-30,7405.462,3196.991,0.6149771428142666,-58.052317541965756,1997.25,738.45,2.7046516351818,0.0,2.223249927943467,1.0,1.0,0,,0.0,0.0,0.0,0.0,0.0,2.1381412727456386,0,0,0,1997.25,3009.3607500000003,0.6636791551162484,8
2021-10-08,7425.669,3256.261,0.605430936890183,-65.87748228370555,2205.28,1050.47,2.0993269679286417,0.0,2.223249927943467,1.0,1.0,0,,0.0,0.0,0.0,0.0,0.0,2.1381412727456386,0,0,0,2205.28,2990.19475,0.7375038030549683,9
2021-10-11,7384.844,3276.407,0.5984001734739002,-74.2073498948054,2063.34,950.35,2.1711369495449047,0.0,2.223249927943467,1.0,1.0,0,,0.0,0.0,0.0,0.0,0.0,2.1381412727456386,0,0,0,2063.34,2966.0024999999996,0.6956636078357994,10
2021-10-12,7208.473,3259.38,0.587160065290842,-83.79847901386236,2101.15,810.95,2.5909735495406623,0.0,2.223249927943467,1.0,1.0,0,,0.0,0.0,0.0,0.0,0.0,2.1381412727456386,0,0,0,2101.15,2945.60475,0.713317019196143,11
2021-10-13,7289.363,3292.762,0.5877294693069839,-90.20341802239022,1813.27,786.83,2.304525755245733,0.0,2.223249927943467,1.0,1.0,0,,0.0,0.0,0.0,0.0,0.0,2.1381412727456386,0,0,0,1813.27,2919.0469999999996,0.6211856129757418,12
2021-10-14,7342.254,3270.692,0.5959886459609937,-90.96787457813907,1807.75,637.78,2.8344413434099534,0.0,2.223249927943467,1.0,1.0,0,,0.0,0.0,0.0,0.0,0.0,2.1381412727456386,0,0,0,1807.75,2888.464,0.6258516637216182,13
2021-10-15,7350.413,3294.833,0.5922793142046339,-90.63303039964543,2056.28,805.7,2.552165818542882,0.0,2.223249927943467,1.0,1.0,0,,0.0,0.0,0.0,0.0,0.0,2.1381412727456386,0,0,0,2056.28,2866.504,0.7173476820545167,14
2021-10-18,7429.626,3229.631,0.6107483152319663,-84.63989326480262,2107.14,885.84,2.378691411541588,0.0,2.223249927943467,1.0,1.0,0,,0.0,0.0,0.0,0.0,0.0,2.1381412727456386,0,0,0,2107.14,2842.1845000000003,0.7413804416989818,15
2021-10-19,7504.055,3256.668,0.611745455827655,-77.40378178167599,2184.54,801.7,2.7248846201821126,0.0,2.223249927943467,1.0,1.0,0,,0.0,0.0,0.0,0.0,0.0,2.1381412727456386,0,0,0,2184.54,2819.1055,0.7749053733533562,16
2021-10-20,7523.561,3254.998,0.6136502998860385,-68.1738880739238,2332.43,769.62,3.030625503495231,0.0,2.223249927943467,1.0,1.0,0,,0.0,0.0,0.0,0.0,0.0,2.1381412727456386,0,0,0,2332.43,2804.2934999999998,0.8317353372605257,17
2021-10-21,7503.534,3278.542,0.6076217812153478,-58.71338642870285,2314.95,806.53,2.870259010824148,0.0,2.223249927943467,1.0,1.0,0,,0.0,0.0,0.0,0.0,0.0,2.1381412727456386,0,0,0,2314.95,2791.21025,0.8293714169328519,18
2021-10-22,7438.481,3318.128,0.5951676988835277,-52.451345229202545,2349.23,823.55,2.852565114443568,0.0,2.223249927943467,1.0,1.0,0,,0.0,0.0,0.0,0.0,0.0,2.1381412727456386,0,0,0,2349.23,2787.7715,0.842691016821142,19
2021-10-25,7532.373,3312.303,0.6037400554982065,-44.52209229435002,2293.53,789.67,2.9044157686122056,0.0,2.223249927943467,1.0,1.0,0,,0.0,0.0,0.0,0.0,0.0,2.1381412727456386,0,0,0,2293.53,2779.75,0.8250849896573433,20
2021-10-26,7508.689,3290.036,0.6059149902850012,-35.66273879414365,2471.27,700.15,3.529629365136042,0.0,2.223249927943467,1.0,1.0,0,,0.0,0.0,0.0,0.0,0.0,2.1381412727456386,0,0,0,2471.27,2776.298,0.8901313907945041,21
2021-10-27,7433.546,3247.097,0.607783633510633,-24.993448432135843,2374.5,744.66,3.1887035694142294,0.0,2.223249927943467,1.0,1.0,0,,0.0,0.0,0.0,0.0,0.0,2.1381412727456386,0,0,0,2374.5,2759.2290000000003,0.8605664843331234,22
2021-10-28,7267.851,3239.61,0.5956093607280029,-17.708109895449507,2450.17,826.82,2.963365666045814,0.0,2.223249927943467,1.0,1.0,0,,0.0,0.0,0.0,0.0,0.0,2.1381412727456386,0,0,0,2450.17,2739.81175,0.8942840689693371,23
2021-10-29,7385.305,3267.249,0.6001149309644921,-10.853024651487647,2429.92,1128.66,2.15292470717488,0.0,2.223249927943467,1.0,1.0,0,,0.0,0.0,0.0,0.0,0.0,2.1381412727456386,0,0,0,2429.92,2724.75625,0.8917935319902469,24
2021-11-01,7455.611,3250.915,0.6088717947774307,-5.438281412500834,2615.19,1032.94,2.531792746916568,0.0,2.223249927943467,1.0,1.0,0,,0.0,0.0,0.0,0.0,0.0,2.1381412727456386,0,0,0,2615.19,2710.3695,0.964883201349484,25
2021-11-02,7368.6,3212.026,0.6090517003870015,-0.5679632507425809,2759.6,1137.71,2.425574179711877,0.0,2.223249927943467,1.0,1.0,0,,0.0,0.0,0.0,0.0,0.0,2.1381412727456386,0,0,0,2759.6,2703.64225,1.0206971724901843,0
2021-11-03,7385.199,3181.451,0.6162901035202915,2.861510846265832,2175.72,861.24,2.526264455900794,0.0,2.223249927943467,1.0,1.0,0,,0.0,0.0,0.0,0.0,0.0,2.1381412727456386,0,0,0,2175.72,2670.41325,0.8147503012876377,1
2021-11-04,7483.692,3207.264,0.6194830473847202,9.519429331924123,2508.15,853.89,2.937322137511857,1.0,2.2336567618610683,1.0,1.0,0,,0.004680910493597812,0.005180910493597812,0.0005,1.0,1.0,2.1481497206660283,0,0,0,2508.15,2651.6887500000003,0.9458689297527848,2
2021-11-05,7389.587,3201.546,0.6127857405213775,11.866059528539054,2639.98,796.46,3.3146422921427314,1.0,2.2095084258820314,1.0,1.0,0,,-0.01081112209868662,-0.01081112209868662,0.0,0.0,1.0,2.124925811749648,0,0,0,2639.98,2624.59425,1.005862144215244,0
2021-11-08,7422.907,3196.27,0.6165648911083517,13.860120824499187,2323.99,724.09,3.209531964258586,1.0,2.2231348282482024,1.0,1.0,0,,0.006167164698967609,0.006167164698967609,0.0,0.0,1.0,2.1380305792037957,0,0,0,2323.99,2605.78625,0.8918574959860962,1
2021-11-09,7531.958,3186.958,0.6274509481081765,16.45931867203179,2383.68,709.03,3.3618887776257704,1.0,2.2623864509202316,1.0,1.0,0,,0.017655979373486286,0.017655979373486286,0.0,0.0,1.0,2.175779603010101,0,0,0,2383.68,2575.88875,0.9253815794645633,2
2021-11-10,7535.228,3170.405,0.6310007620813494,18.934841149881663,2479.67,875.01,2.83387618427218,1.0,2.275185939167732,1.0,1.0,0,,0.005657516310838107,0.005657516310838107,0.0,0.0,1.0,2.1880891116029195,0,0,0,2479.67,2559.36075,0.9688630256598255,3
2021-11-11,7593.732,3233.37,0.623516702484818,19.73176594017097,2519.93,940.25,2.68006381281574,1.0,2.2482008257016948,1.0,1.0,0,,-0.009020464212886034,-0.008895464212886034,0.000125,0.25,0.75,2.1683515320770996,0,0,1,2519.93,2543.7827500000003,0.9906231182674697,4
2021-11-12,7697.808,3220.548,0.6345787554013544,21.822021786800722,2620.31,675.66,3.878148773051535,1.0,2.288087033082833,1.0,1.0,0,,0.01330604241127653,0.01330604241127653,0.0,0.0,0.75,2.197203709525474,0,0,1,2620.31,2525.83925,1.0374017269705504,0
2021-11-15,7676.485,3221.687,0.63259723786371,25.82610319210228,2826.14,657.45,4.2986386797475085,1.0,2.280942317718319,1.0,1.0,0,,-0.003247571502399474,-0.003122571502399474,0.000125,0.25,1.0,2.1900681333734524,0,0,0,2826.14,2516.8465,1.1228892981753158,0
2021-11-16,7589.181,3222.173,0.6253084347577109,26.84388328760094,2596.12,715.48,3.628501146083748,1.0,2.254661236400079,1.0,1.0,0,,-0.011522028029419595,-0.011522028029419595,0.0,0.0,1.0,2.164834106954385,0,0,0,2596.12,2497.99725,1.0392805676627546,0
2021-11-17,7725.092,3208.776,0.6391642706621307,32.02821837318492,2522.38,597.76,4.21972028907923,1.0,2.304620927290416,1.0,1.0,0,,0.02215840237272415,0.02215840237272415,0.0,0.0,1.0,2.212803372166477,0,0,0,2522.38,2478.2655,1.0178005544603677,0
2021-11-18,7714.797,3173.376,0.6454330504209947,37.2639169579971,2860.35,574.47,4.979111180740508,1.0,2.3272241322628817,1.0,1.0,0,,0.009807775632342697,0.009807775632342697,0.0,0.0,1.0,2.234506051159177,0,0,0,2860.35,2461.32725,1.162116902577664,0
2021-11-19,7803.763,3212.908,0.6448430327197255,37.47357604558224,2762.56,660.31,4.183731883509261,1.0,2.3250967180687057,1.0,1.0,0,,-0.0009141423744637445,-0.0009141423744637445,0.0,0.0,1.0,2.2324633944918166,0,0,0,2762.56,2451.62925,1.1268261708004994,0
2021-11-22,7947.372,3212.151,0.6568645426366,41.82516093980442,3053.24,777.59,3.926542265204028,1.0,2.368442419015596,1.0,1.0,0,,0.01864253672117977,0.01864253672117977,0.0,0.0,1.0,2.27408217530232,0,0,0,3053.24,2444.20075,1.2491772617286039,0
2021-11-23,7941.559,3224.155,0.6539402739326898,43.95935460476018,3035.24,759.22,3.99783988830642,1.0,2.3578984459536003,1.0,1.0,0,,-0.00445185957544969,-0.00445185957544969,0.0,0.0,1.0,2.263958280794841,0,0,0,3035.24,2444.36425,1.2417298281137927,0
2021-11-24,7938.774,3231.835,0.6521574938524075,45.569736561295464,2896.2,751.2,3.855431309904153,1.0,2.3514703139844606,1.0,1.0,0,,-0.0027262123948429418,-0.0027262123948429418,0.0,0.0,1.0,2.2577862496683307,0,0,0,2896.2,2453.54625,1.180413860142233,0
2021-11-25,7925.76,3218.051,0.6538772464403763,43.27401939143276,2737.18,690.84,3.962104105147356,1.0,2.3576711890738786,1.0,1.0,0,,0.0026370203580885487,0.0026370203580885487,0.0,0.0,1.0,2.2637400779729187,0,0,0,2737.18,2448.4705000000004,1.1179142244107083,0
2021-11-26,7940.789,3187.358,0.6614256624363752,42.5680602634388,2776.51,654.74,4.240629868344687,1.0,2.3848883510317145,1.0,1.0,0,,0.011544087268813286,0.011544087268813286,0.0,0.0,1.0,2.289872890986948,0,0,0,2776.51,2446.279,1.1349931876126969,0
2021-11-29,7999.833,3187.049,0.6664083201731239,44.05717870334965,2894.65,773.85,3.740582800284293,1.0,2.4028542133627564,1.0,1.0,0,,0.007533208975283756,0.007533208975283756,0.0,0.0,1.0,2.30712298200159,0,0,0,2894.65,2445.6457499999997,1.183593331127372,0
2021-11-30,8054.29,3165.35,0.6755441772381655,46.29428634766784,3094.04,650.5,4.756402767102229,1.0,2.435795177598785,1.0,1.0,0,,0.013709098143714904,0.013709098143714904,0.0,0.0,1.0,2.33875155739147,0,0,0,3094.04,2467.818,1.2537553417634524,0
2021-12-01,8055.821,3180.418,0.6724714256646844,47.365161702393536,2887.48,705.78,4.091189889200601,1.0,2.424715823032747,1.0,1.0,0,,-0.004548557558505584,-0.004548557558505584,0.0,0.0,1.0,2.3281136113176304,0,0,0,2887.48,2483.0077499999998,1.1628960884234052,0
2021-12-02,7968.235,3190.872,0.6629808454133947,45.446895766226035,2737.91,725.72,3.7726809237722536,0.5018139434766566,2.406939779095203,0.5018139434766566,0.5018139434766566,0,0.15942163632549888,-0.00733118651212086,-0.007082093483859189,0.0002490930282616717,0.49818605652334336,0.5018139434766566,2.3110457762116536,0,0,0,2737.91,2501.52425,1.0944966853709293,0
2021-12-03,8023.963,3221.422,0.661286303075516,40.206471869327935,2650.04,865.37,3.06232016362943,0.5018139434766566,2.403852617293277,0.467039410016797,0.5018139434766566,1,0.17129175458045995,-0.0012826086588201594,-0.0012826086588201594,0.0,0.0,0.5018139434766566,2.308081608888155,0,0,0,2650.04,2512.64325,1.054682155932801,0
2021-12-06,7906.756,3228.142,0.6502703270472181,31.383282493067494,2744.05,928.18,2.956376995841324,0.5018139434766566,2.3837578021046655,0.4844183723965109,0.5018139434766566,1,0.16514650260729088,-0.008359420641702276,-0.008359420641702276,0.0,0.0,0.5018139434766566,2.288787383844082,0,0,0,2744.05,2529.661,1.0847500910201011,0
2021-12-07,7781.442,3254.499,0.6347813704727645,20.37237761920693,2728.4,925.37,2.9484422447237324,0.447251903813423,2.358298102099179,0.447251903813423,0.447251903813423,0,0.17887011618708068,-0.010680489428501302,-0.010653208408669686,2.7281019831616823e-05,0.05456203966323364,0.447251903813423,2.2643420143868482,0,0,0,2728.4,2545.3422499999997,1.0719187174141318,0
2021-12-08,7922.552,3304.708,0.6364733691271658,11.424904948236094,2426.58,947.46,2.5611424228991195,0.447251903813423,2.361109528637955,0.4170989146861253,0.447251903813423,1,0.1918010265267688,0.0011921421368542872,0.0011921421368542872,0.0,0.0,0.447251903813423,2.2670414319144485,0,0,0,2426.58,2560.675,0.9476329483436984,1
2021-12-09,7931.757,3360.184,0.6266926068765909,-1.1544614572657543,2613.71,1193.08,2.190724846615483,0.447251903813423,2.3448816856475876,0.4185759768959204,0.447251903813423,1,0.19112420304974198,-0.006872973402351556,-0.006872973402351556,0.0,0.0,0.447251903813423,2.2514601164508714,0,0,0,2613.71,2580.824,1.012742441948773,0
2021-12-10,7949.125,3353.63,0.6292922897075766,-9.8957192619511,2570.42,964.7,2.664476002902457,0.0,2.344357309248526,0.4119154925168448,0.4119154925168448,0,0.19421459365655808,-0.0002236259519067115,0.0,0.0002236259519067115,0.447251903813423,0.0,2.2509566315391503,0,0,0,2570.42,2593.6775,0.9910330023682591,1
2021-12-13,7984.899,3366.068,0.6297885670063416,-17.965524579860936,2745.66,1172.73,2.341255020337162,0.0,2.344357309248526,1.0,1.0,0,,0.0,0.0,0.0,0.0,0.0,2.2509566315391503,0,0,0,2745.66,2609.6405,1.0521219302045626,0
2021-12-14,7981.828,3350.497,0.6324720846662337,-24.803140001691432,2774.61,837.56,3.3127298342805296,0.0,2.344357309248526,1.0,1.0,0,,0.0,0.0,0.0,0.0,0.0,2.2509566315391503,0,0,0,2774.61,2624.39225,1.0572390617294347,0
2021-12-15,7955.581,3318.98,0.6363784973756875,-27.66708923049731,2770.26,691.07,4.008653247862011,0.0,2.344357309248526,1.0,1.0,0,,0.0,0.0,0.0,0.0,0.0,2.2509566315391503,0,0,0,2770.26,2635.338,1.0511972278318757,0
2021-12-16,8005.975,3330.856,0.6381262384850365,-28.73420177895708,2596.54,767.76,3.3819683234344065,0.0,2.344357309248526,1.0,1.0,0,,0.0,0.0,0.0,0.0,0.0,2.2509566315391503,0,0,0,2596.54,2642.37775,0.9826528398522882,1
2021-12-17,7894.103,3278.899,0.6391797089934544,-28.512733750956965,2649.34,805.61,3.2886135971499857,0.0,2.344357309248526,1.0,1.0,0,,0.0,0.0,0.0,0.0,0.0,2.2509566315391503,0,0,0,2649.34,2649.8805,0.9997960285378906,2
2021-12-20,7751.951,3255.352,0.6322099019398378,-28.628626177480786,2632.21,740.89,3.552767617325109,0.0,2.344357309248526,1.0,1.0,0,,0.0,0.0,0.0,0.0,0.0,2.2509566315391503,0,0,0,2632.21,2658.3475,0.9901677639962421,3
2021-12-21,7849.033,3273.031,0.6366698245779032,-27.241303635428007,2269.89,607.74,3.734968901174845,0.0,2.344357309248526,1.0,1.0,0,,0.0,0.0,0.0,0.0,0.0,2.2509566315391503,0,0,0,2269.89,2653.3129999999996,0.8554927368161993,4
2021-12-22,7930.812,3260.571,0.6457616112204637,-22.98670431841113,2552.76,573.44,4.45166015625,0.0,2.344357309248526,1.0,1.0,0,,0.0,0.0,0.0,0.0,0.0,2.2509566315391503,0,0,0,2552.76,2657.7695,0.9604896135650591,5
2021-12-23,7932.662,3287.188,0.6406821693890848,-19.73260248730444,2677.58,589.6,4.541350067842605,0.0,2.344357309248526,1.0,1.0,0,,0.0,0.0,0.0,0.0,0.0,2.2509566315391503,0,0,0,2677.58,2663.45475,1.0053033564771467,0
2021-12-24,7776.606,3290.236,0.6274964548429103,-18.936681619383386,2785.01,690.09,4.035719978553522,0.0,2.344357309248526,1.0,1.0,0,,0.0,0.0,0.0,0.0,0.0,2.2509566315391503,0,0,0,2785.01,2672.332,1.042164671156129,0
2021-12-27,7776.431,3278.437,0.6297406248281716,-16.13834042313193,2326.53,602.57,3.861011998605971,0.0,2.344357309248526,1.0,1.0,0,,0.0,0.0,0.0,0.0,0.0,2.2509566315391503,0,0,0,2326.53,2665.1155,0.8729565379061434,1
2021-12-28,7863.53,3303.4,0.6319818616258366,-11.327573701547133,2376.38,717.81,3.310597511876402,0.0,2.344357309248526,1.0,1.0,0,,0.0,0.0,0.0,0.0,0.0,2.2509566315391503,0,0,0,2376.38,2655.5350000000003,0.8948780565874672,2
2021-12-29,7855.429,3240.845,0.643516782472989,-3.7503790462929634,2442.5,724.27,3.372361136040427,0.0,2.344357309248526,1.0,1.0,0,,0.0,0.0,0.0,0.0,0.0,2.2509566315391503,0,0,0,2442.5,2662.2045000000003,0.9174727185683894,3
2021-12-30,7924.528,3261.794,0.6450080057346923,2.5519802446836493,2506.73,700.58,3.578078163807131,0.0,2.344357309248526,1.0,1.0,0,,0.0,0.0,0.0,0.0,0.0,2.2509566315391503,0,0,0,2506.73,2662.169,0.9416118961643682,4
2021-12-31,8010.324,3274.321,0.649496865576813,9.399214559535055,2647.77,656.32,4.034266821062896,1.0,2.359500418601965,1.0,1.0,0,,0.004844539682698615,0.005219539682698615,0.000375,0.75,0.75,2.2618614802646753,0,0,1,2647.77,2662.36375,0.9945184988339779,5
2022-01-04,7983.068,3264.066,0.6493205192252802,13.948628641113434,3095.13,824.22,3.7552231200407657,1.0,2.358859785348268,1.0,1.0,0,,-0.00020363418310276327,-0.00020363418310276327,0.0,0.0,0.75,2.26140088794985,0,0,1,3095.13,2681.64225,1.15419198813712,0
2022-01-05,7781.678,3254.279,0.6348435371003239,10.802169333182748,2995.32,928.54,3.22583841299244,1.0,2.3062676217916485,1.0,1.0,0,,-0.02242058699643297,-0.02229558699643297,0.000125,0.25,1.0,2.2106989526077596,0,0,0,2995.32,2696.93325,1.1106392788920527,0
2022-01-06,7844.517,3210.385,0.6487200505841524,12.052508828747255,2593.63,855.38,3.032137763333256,1.0,2.3566783952828363,1.0,1.0,0,,0.021858162953363403,0.021858162953363403,0.0,0.0,1.0,2.25902077055469,0,0,0,2593.63,2699.78225,0.9606811808619009,1
2022-01-07,7682.697,3223.267,0.6327988098969124,6.320220234129335,2760.05,844.95,3.266524646428783,1.0,2.298839510975299,1.0,1.0,0,,-0.024542544465680383,-0.024542544465680383,0.0,0.0,1.0,2.2035786528444556,0,0,0,2760.05,2705.78525,1.0200550838245572,0
2022-01-10,7734.187,3236.116,0.6345105069340647,1.805848242399749,2438.26,755.73,3.226363913037725,1.0,2.305057785596369,1.0,1.0,0,,0.002704962478407902,0.002704962478407902,0.0,0.0,1.0,2.2095392504186204,0,0,0,2438.26,2701.234,0.9026467162785602,1
2022-01-11,7646.693,3214.529,0.6315453424863413,-3.154363469908989,2460.1,728.87,3.37522466283425,1.0,2.2942858987306582,1.0,1.0,0,,-0.00467315263548751,-0.00467315263548751,0.0,0.0,1.0,2.1992137362473136,0,0,0,2460.1,2692.0829999999996,0.9138276940198353,2
2022-01-12,7779.524,3236.308,0.6381920773698244,-5.306363128552527,2490.94,724.53,3.4380080880018773,0.0,2.293138755781293,1.0,1.0,0,,-0.0005,0.0,0.0005,1.0,0.0,2.19811412937919,0,0,0,2490.94,2689.4535,0.9261881642497258,3
2022-01-13,7644.787,3184.107,0.637420411507552,-6.917138888925784,2584.77,775.52,3.332950794305756,0.0,2.293138755781293,1.0,1.0,0,,0.0,0.0,0.0,0.0,0.0,2.19811412937919,0,0,0,2584.77,2691.01325,0.9605192393608616,4
2022-01-14,7675.371,3139.045,0.6491574799210078,-4.7802159975594005,2582.56,731.62,3.529919903775184,0.0,2.293138755781293,1.0,1.0,0,,0.0,0.0,0.0,0.0,0.0,2.19811412937919,0,0,0,2582.56,2684.0685000000003,0.9621811067787576,5
2022-01-17,7808.086,3147.699,0.6585664804689046,-0.26823881305438824,2836.38,677.87,4.184253617950344,0.0,2.293138755781293,1.0,1.0,0,,0.0,0.0,0.0,0.0,0.0,2.19811412937919,0,0,0,2836.38,2685.9139999999998,1.0560204086951408,0
2022-01-18,7758.605,3187.524,0.6462170447705488,-1.1078969969201518,2983.02,736.85,4.0483409106331,0.0,2.293138755781293,1.0,1.0,0,,0.0,0.0,0.0,0.0,0.0,2.19811412937919,0,0,0,2983.02,2684.1585000000005,1.1113427169073657,0
2022-01-19,7665.185,3187.192,0.6385025627660499,-3.4935773586929693,2525.21,684.67,3.6882147603955193,0.0,2.293138755781293,1.0,1.0,0,,0.0,0.0,0.0,0.0,0.0,2.19811412937919,0,0,0,2525.21,2671.40775,0.9452731429711545,1
2022-01-20,7492.61,3233.701,0.6151506637904366,-10.72226681615509,2624.94,847.0,3.099102715466352,0.0,2.293138755781293,1.0,1.0,0,,0.0,0.0,0.0,0.0,0.0,2.19811412937919,0,0,0,2624.94,2664.6262500000003,0.9851062602119152,2
2022-01-21,7388.744,3218.735,0.6094437498958064,-19.379781551729906,2291.81,804.02,2.8504390438048803,0.0,2.293138755781293,1.0,1.0,0,,0.0,0.0,0.0,0.0,0.0,2.19811412937919,0,0,0,2291.81,2653.4919999999997,0.8636958392940323,3
2022-01-24,7425.402,3209.745,0.6141828282772339,-26.94389105367466,2084.67,639.85,3.2580604829256856,0.0,2.293138755781293,1.0,1.0,0,,0.0,0.0,0.0,0.0,0.0,2.19811412937919,0,0,0,2084.67,2636.196,0.7907871797089443,4
2022-01-25,7133.066,3144.949,0.6021585616433518,-36.26712066937724,2205.74,662.17,3.331078121932434,0.0,2.293138755781293,1.0,1.0,0,,0.0,0.0,0.0,0.0,0.0,2.19811412937919,0,0,0,2205.74,2618.97325,0.8422155514570452,5
2022-01-26,7171.029,3163.674,0.6017803239555173,-42.95688360517277,1772.02,598.73,2.959631219414427,0.0,2.293138755781293,1.0,1.0,0,,0.0,0.0,0.0,0.0,0.0,2.19811412937919,0,0,0,1772.02,2585.92275,0.6852563557824765,6
2022-01-27,6960.11,3119.239,0.592400861620226,-49.38076436597473,1766.46,740.73,2.384755578955895,0.0,2.293138755781293,1.0,1.0,0,,0.0,0.0,0.0,0.0,0.0,2.19811412937919,0,0,0,1766.46,2557.89725,0.690590679512244,7
2022-01-28,6973.01,3054.021,0.6061728759215572,-49.5749228596929,1706.43,787.75,2.166207553157728,0.0,2.293138755781293,1.0,1.0,0,,0.0,0.0,0.0,0.0,0.0,2.19811412937919,0,0,0,1706.43,2532.11025,0.6739161535324143,8
2022-02-07,7061.62,3114.26,0.602001684187528,-49.500592720131586,1724.08,750.16,2.29828303295297,0.0,2.293138755781293,1.0,1.0,0,,0.0,0.0,0.0,0.0,0.0,2.19811412937919,0,0,0,1724.08,2508.9612500000003,0.6871688432812583,9
2022-02-08,7080.618,3116.505,0.6031864363277003,-49.04249118859208,1810.7,755.51,2.396659210334741,0.0,2.293138755781293,1.0,1.0,0,,0.0,0.0,0.0,0.0,0.0,2.19811412937919,0,0,0,1810.7,2485.6275,0.7284679623153509,10
2022-02-09,7211.43,3139.564,0.6098180599762345,-45.855922049539345,2085.92,750.35,2.7799293662957285,0.0,2.293138755781293,1.0,1.0,0,,0.0,0.0,0.0,0.0,0.0,2.19811412937919,0,0,0,2085.92,2469.5655,0.8446506075663918,11
2022-02-10,7175.617,3145.113,0.6057190418614042,-43.10403911763241,1974.55,765.77,2.578515742324719,0.0,2.293138755781293,1.0,1.0,0,,0.0,0.0,0.0,0.0,0.0,2.19811412937919,0,0,0,1974.55,2458.2647500000003,0.8032291883939676,12
2022-02-11,7033.851,3142.912,0.594167883835563,-44.20915327322055,2076.62,941.13,2.20651769681128,0.0,2.293138755781293,1.0,1.0,0,,0.0,0.0,0.0,0.0,0.0,2.19811412937919,0,0,0,2076.62,2444.8375,0.8493897856196986,13
2022-02-14,7006.075,3103.997,0.5992412753023518,-42.656591204774514,1771.09,772.45,2.2928215418473683,0.0,2.293138755781293,1.0,1.0,0,,0.0,0.0,0.0,0.0,0.0,2.19811412937919,0,0,0,1771.09,2424.85425,0.7303902904679735,14
2022-02-15,7124.849,3119.928,0.6062884895536461,-38.04195219758268,1782.96,679.52,2.6238521309159406,0.0,2.293138755781293,1.0,1.0,0,,0.0,0.0,0.0,0.0,0.0,2.19811412937919,0,0,0,1782.96,2400.78675,0.7426565479003914,15
2022-02-16,7183.106,3136.082,0.6080973290250248,-31.90787743042736,1814.53,542.15,3.3469150604076363,0.0,2.293138755781293,1.0,1.0,0,,0.0,0.0,0.0,0.0,0.0,2.19811412937919,0,0,0,1814.53,2376.78475,0.7634389273155678,16
2022-02-17,7220.607,3139.177,0.6106693664402053,-24.353112208514418,2118.17,557.72,3.797909345191136,0.0,2.293138755781293,1.0,1.0,0,,0.0,0.0,0.0,0.0,0.0,2.19811412937919,0,0,0,2118.17,2360.4825,0.8973461993469556,17
2022-02-18,7251.792,3162.822,0.6087217480406132,-15.755156317673134,1878.19,497.97,3.771693073879952,0.0,2.293138755781293,1.0,1.0,0,,0.0,0.0,0.0,0.0,0.0,2.19811412937919,0,0,0,1878.19,2342.52375,0.8017805582547456,18
2022-02-21,7334.591,3144.865,0.6191874202139555,-3.156597775804736,2090.89,489.4,4.272353902738047,0.0,2.293138755781293,1.0,1.0,0,,0.0,0.0,0.0,0.0,0.0,2.19811412937919,0,0,0,2090.89,2328.5625,0.8979316638484043,19
2022-02-22,7279.236,3102.325,0.6229407445046153,8.490939561016015,2283.2,693.48,3.2923804579800424,0.0,2.293138755781293,1.0,1.0,0,,0.0,0.0,0.0,0.0,0.0,2.19811412937919,0,0,0,2283.2,2319.83725,0.9842069740021632,20
2022-02-23,7450.4,3118.038,0.6343755214428898,22.28919930939195,2544.07,645.15,3.94337750910641,1.0,2.334085323499008,1.0,1.0,0,,0.013392092262564784,0.013767092262564784,0.000375,0.75,0.75,2.2275514766034834,0,0,1,2544.07,2326.6917500000004,1.0934280400487084,0
2022-02-24,7285.117,3059.641,0.6321414806871583,30.17284385652151,3305.51,974.26,3.392841746556361,1.0,2.3258655206160226,1.0,1.0,0,,-0.0036466377054558824,-0.0035216377054558823,0.000125,0.25,1.0,2.219428403398057,0,0,0,3305.51,2345.5105,1.4092923480837116,0
2022-02-25,7361.957,3075.587,0.635496978840832,36.39448665180763,2390.33,726.06,3.2921934826322894,1.0,2.338211550260584,1.0,1.0,0,,0.005308144230665279,0.005308144230665279,0.0,0.0,1.0,2.231209449472929,0,0,0,2390.33,2338.32925,1.0222384208725097,0
2022-02-28,7419.831,3080.777,0.6394137638474835,44.34874250310875,2279.96,656.96,3.470470043838285,1.0,2.352622746926137,1.0,1.0,0,,0.006163341663395272,0.006163341663395272,0.0,0.0,1.0,2.2449611556326268,0,0,0,2279.96,2325.703,0.9803315384638538,1
2022-03-01,7429.443,3125.691,0.6310422583018932,45.619917517461175,2286.66,694.62,3.291958192968817,1.0,2.321821104099331,1.0,1.0,0,,-0.013092470038832515,-0.013092470038832515,0.0,0.0,1.0,2.2155690689641636,0,0,0,2286.66,2324.70625,0.9836339537522213,2
2022-03-02,7414.309,3107.241,0.6334961405158753,47.42296914620027,2099.0,562.43,3.7320199847092086,1.0,2.330849779178444,1.0,1.0,0,,0.0038886178884207645,0.0038886178884207645,0.0,0.0,1.0,2.2241845704787693,0,0,0,2099.0,2317.77175,0.905611175906342,3
2022-03-03,7342.614,3097.089,0.6294268175209946,43.725105470319306,2246.85,668.64,3.360328427853553,1.0,2.3158773428881463,1.0,1.0,0,,-0.00494269666927287,-0.0048176966692728695,0.000125,0.25,0.75,2.2131911008104157,0,0,1,2246.85,2312.8805,0.9714509677434695,4
2022-03-04,7241.563,3062.382,0.6277998104019905,42.55333597049641,2196.27,678.01,3.239288506069232,1.0,2.309891025148366,1.0,1.0,0,,-0.0019386770714013846,-0.0019386770714013846,0.0,0.0,0.75,2.2089004379686448,0,0,1,2196.27,2305.1189999999997,0.9527794443584042,5
2022-03-07,7085.732,2974.676,0.6324020702771865,41.152562616244765,2128.11,888.3,2.3957109084768664,1.0,2.3268243191777294,1.0,1.0,0,,0.0054980821102618704,0.0054980821102618704,0.0,0.0,0.75,2.22104515394999,0,0,1,2128.11,2292.1274999999996,0.9284431167114398,6
2022-03-08,6871.22,2933.164,0.6219360600653894,35.67369034548319,2423.0,883.23,2.7433397869184697,1.0,2.288316274643817,1.0,1.0,0,,-0.01241221056630537,-0.01241221056630537,0.0,0.0,0.75,2.1934770738218905,0,0,1,2423.0,2275.32425,1.064903167098052,0
2022-03-09,6796.039,2907.178,0.6206295779303334,31.342490790689258,2514.57,976.16,2.5759813964923786,1.0,2.2835092783557007,1.0,1.0,0,,-0.002225669536541533,-0.002100669536541533,0.000125,0.25,1.0,2.188595118719583,0,0,0,2514.57,2263.3055,1.1110166082307493,0
2022-03-10,6952.52,2933.461,0.6292310693095707,29.170129287383922,2392.13,835.98,2.861467977702816,1.0,2.3151571180182664,1.0,1.0,0,,0.013859299790257351,0.013859299790257351,0.0,0.0,1.0,2.2189275145894114,0,0,0,2392.13,2258.268,1.0592764012065885,0
2022-03-11,6990.778,2935.684,0.6322144752967965,24.592085581008728,2292.54,818.36,2.801383254313505,1.0,2.326134092843815,1.0,1.0,0,,0.004741351997286758,0.004741351997286758,0.0,0.0,1.0,2.2294482309925443,0,0,0,2292.54,2246.58025,1.0204576489088248,0
2022-03-14,6800.595,2851.877,0.6330883932663721,20.608173137959152,2094.27,793.24,2.6401467399525997,1.0,2.329349537068537,1.0,1.0,0,,0.0013823124963492361,0.0013823124963492361,0.0,0.0,1.0,2.232530025142209,0,0,0,2094.27,2237.9805,0.9357856335209355,1
2022-03-15,6473.481,2702.853,0.6358631857894892,18.380663372938173,2325.09,1067.05,2.1789888008996767,1.0,2.339558951342958,1.0,1.0,0,,0.00438294644575743,0.00438294644575743,0.0,0.0,1.0,2.2423150846809525,0,0,0,2325.09,2234.60525,1.0404924986191633,0
2022-03-16,6692.966,2827.75,0.6283850412447656,13.63948165473655,2468.43,1086.9,2.271073695832183,1.0,2.3120442903277554,1.0,1.0,0,,-0.011760618812109325,-0.011760618812109325,0.0,0.0,1.0,2.2159440717133774,0,0,0,2468.43,2234.0425000000005,1.1049163120218166,0
2022-03-17,6818.545,2877.219,0.629168573512368,9.630610206136925,2730.64,1086.77,2.5126199655860946,1.0,2.31492717452565,1.0,1.0,0,,0.0012468983444455795,0.0012468983444455795,0.0,0.0,1.0,2.2187071287077806,0,0,0,2730.64,2237.6892500000004,1.22029455162284,0
2022-03-18,6879.366,2913.185,0.6269437552158482,4.516984835565091,2096.09,845.18,2.4800515866442656,1.0,2.30674130423616,1.0,1.0,0,,-0.003536124323723966,-0.003536124323723966,0.0,0.0,1.0,2.2108615044627373,0,0,0,2096.09,2225.5275,0.9418396312784273,1
2022-03-21,6954.406,2892.107,0.6384015238787338,4.790269395728981,2244.93,703.16,3.192630411286194,1.0,2.34889836858073,1.0,1.0,0,,0.018275592615067726,0.018275592615067726,0.0,0.0,1.0,2.2512663086466342,0,0,0,2244.93,2210.74125,1.0154648356066092,0
2022-03-22,6923.443,2900.768,0.6336615503071032,3.8369597619849145,2142.66,639.2,3.3520963704630784,1.0,2.33145837858529,1.0,1.0,0,,-0.007424752909159671,-0.007424752909159671,0.0,0.0,1.0,2.234551212572217,0,0,0,2142.66,2189.73225,0.9785031937123819,1
2022-03-23,6966.953,2916.508,0.6342024844547707,4.850587666436271,2070.33,704.12,2.940308470147134,0.5508509342819502,2.332031141345697,0.5508509342819502,0.5508509342819502,0,0.14522985261753665,0.0002456671608072139,0.0004702416936662388,0.0002245745328590249,0.4491490657180498,0.5508509342819502,2.235100168424288,0,0,0,2070.33,2178.36025,0.9504075370453532,2
2022-03-24,6900.807,2903.617,0.6309701022730998,4.441754166687902,2089.7,657.35,3.1789761922872133,0.609673803730631,2.3247160805138103,0.609673803730631,0.609673803730631,0,0.13121770938898006,-0.003136776650274732,-0.0031073652155503917,2.941143472434038e-05,0.05882286944868076,0.609673803730631,2.2280891584049494,0,0,0,2089.7,2164.97925,0.9652286505748265,3
2022-03-25,6819.813,2856.428,0.633865938606322,5.43700888978354,2073.38,620.89,3.3393676818760167,0.609673803730631,2.3312208616119054,0.6067979458541728,0.609673803730631,1,0.13183960253422777,0.0020223635269072775,0.0020985727523736065,7.620922546632886e-05,0.1524184509326577,0.45725535279797325,2.232595164653605,0,0,1,2073.38,2159.5185,0.9601121731534136,4
2022-03-28,6767.251,2853.182,0.6296961525352265,5.810478828695589,1910.47,668.34,2.8585300894754164,0.609673803730631,2.321871169390415,0.6083287159408985,0.609673803730631,1,0.1315078474904221,-0.0030079814751097405,-0.0030079814751097405,0.0,0.0,0.45725535279797325,2.2258795597569074,0,0,1,1910.47,2155.1635,0.8864617464057831,5
2022-03-29,6725.677,2842.153,0.6282562005022723,4.427350168059402,1948.73,555.81,3.506108202443281,0.609673803730631,2.318634095302897,0.6094369816489028,0.609673803730631,1,0.1312686994864517,-0.0010456245797115502,-0.0010456245797115502,0.0,0.0,0.45725535279797325,2.223552125377748,0,0,1,1948.73,2148.73825,0.9069182809958356,6
2022-03-30,6864.749,2915.491,0.6251168244549966,2.776860438109298,1962.84,763.94,2.569364086184778,0.609673803730631,2.3115703292136076,0.6458997459068488,0.609673803730631,1,0.12385823110625212,-0.002284890305762034,-0.002284890305762034,0.0,0.0,0.45725535279797325,2.2184715526821157,0,0,1,1962.84,2153.50875,0.9114613534772031,7
2022-03-31,6772.065,2898.826,0.6202220474521898,-0.5661175223352491,2221.12,675.1,3.290060731743445,0.609673803730631,2.3005352267680417,0.6452557524120142,0.609673803730631,1,0.12398184704429838,-0.003580391532794143,-0.003580391532794143,0.0,0.0,0.45725535279797325,2.210528555919148,0,0,1,2221.12,2164.87525,1.0259805963415212,0
2022-04-01,6772.604,2943.244,0.6109105789592509,-6.216426929229646,1893.79,752.59,2.516363491409665,0.0,2.2998339387368816,0.640690873067647,0.640690873067647,0,0.1248652093590121,-0.00022862767639898662,0.0,0.00022862767639898662,0.45725535279797325,0.0,2.2100231679117948,0,0,0,1893.79,2169.55925,0.8728915792458769,1
2022-04-06,6764.288,2931.198,0.6126679538192131,-9.745517662313048,1948.67,807.99,2.411750145422592,0.0,2.2998339387368816,1.0,1.0,0,,0.0,0.0,0.0,0.0,0.0,2.2100231679117948,0,0,0,1948.67,2175.174,0.8958685604002254,2
2022-04-07,6623.586,2902.482,0.6058594339311606,-16.020366324495324,2008.82,601.85,3.3377419622829607,0.0,2.2998339387368816,1.0,1.0,0,,0.0,0.0,0.0,0.0,0.0,2.2100231679117948,0,0,0,2008.82,2180.127,0.92142338496794,3
2022-04-08,6575.283,2925.491,0.5967108209153033,-23.778681672761856,2066.09,661.2,3.1247580157289776,0.0,2.2998339387368816,1.0,1.0,0,,0.0,0.0,0.0,0.0,0.0,2.2100231679117948,0,0,0,2066.09,2179.63125,0.947908046372523,4
2022-04-11,6328.065,2846.38,0.5902367989783697,-30.608081867886895,2140.0,747.15,2.864217359298668,0.0,2.2998339387368816,1.0,1.0,0,,0.0,0.0,0.0,0.0,0.0,2.2100231679117948,0,0,0,2140.0,2183.7675,0.9799578022843549,5
2022-04-12,6414.419,2894.258,0.5883941053812178,-35.95394274071941,1968.91,701.12,2.8082353947968963,0.0,2.2998339387368816,1.0,1.0,0,,0.0,0.0,0.0,0.0,0.0,2.2100231679117948,0,0,0,1968.91,2181.07475,0.9027246773637629,6
2022-04-13,6286.251,2882.279,0.5790338199078602,-42.14553794007044,1891.88,629.29,3.0063722608018564,0.0,2.2998339387368816,1.0,1.0,0,,0.0,0.0,0.0,0.0,0.0,2.2100231679117948,0,0,0,1891.88,2184.0945,0.8662079410941239,7
2022-04-14,6359.708,2928.596,0.5765353504414009,-47.43029041484136,1836.61,653.69,2.809603940705838,0.0,2.2998339387368816,1.0,1.0,0,,0.0,0.0,0.0,0.0,0.0,2.2100231679117948,0,0,0,1836.61,2185.4357499999996,0.840386179277977,8
2022-04-15,6275.073,2930.578,0.568478085811373,-53.773312664409865,2009.02,585.19,3.4331071959534505,0.0,2.2998339387368816,1.0,1.0,0,,0.0,0.0,0.0,0.0,0.0,2.2100231679117948,0,0,0,2009.02,2190.298,0.917235919495886,9
2022-04-18,6326.025,2887.721,0.5815993374005685,-54.210868632875105,1667.23,622.53,2.678152056928984,0.0,2.2998339387368816,1.0,1.0,0,,0.0,0.0,0.0,0.0,0.0,2.2100231679117948,0,0,0,1667.23,2179.0245,0.7651267803551544,10
2022-04-19,6345.786,2861.567,0.588748391649267,-50.36954645407484,1668.52,632.57,2.637684366947531,0.0,2.2998339387368816,1.0,1.0,0,,0.0,0.0,0.0,0.0,0.0,2.2100231679117948,0,0,0,1668.52,2173.78275,0.767565204020503,11
2022-04-20,6234.251,2835.352,0.5837481686270962,-46.513032909128526,1745.79,604.04,2.890189391431031,0.0,2.2998339387368816,1.0,1.0,0,,0.0,0.0,0.0,0.0,0.0,2.2100231679117948,0,0,0,1745.79,2165.15525,0.8063116952006099,12
2022-04-21,5981.384,2797.529,0.5676430406519283,-46.69341736214155,1778.65,641.05,2.7745885656345064,0.0,2.2998339387368816,1.0,1.0,0,,0.0,0.0,0.0,0.0,0.0,2.2100231679117948,0,0,0,1778.65,2152.5415000000003,0.8263023035792805,13
2022-04-22,5891.808,2814.127,0.5558442572747528,-48.883204596711614,1511.56,590.24,2.560924369747899,0.0,2.2998339387368816,1.0,1.0,0,,0.0,0.0,0.0,0.0,0.0,2.2100231679117948,0,0,0,1511.56,2126.7287499999998,0.7107441416776823,14
2022-04-25,5431.608,2683.413,0.5373894426680077,-54.58674670276148,1745.25,871.02,2.003685334435489,0.0,2.2998339387368816,1.0,1.0,0,,0.0,0.0,0.0,0.0,0.0,2.2100231679117948,0,0,0,1745.25,2087.72225,0.8359589021001238,15
2022-04-26,5266.552,2681.028,0.5215227490123924,-62.5167263812926,1658.08,808.52,2.050759412259437,0.0,2.2998339387368816,1.0,1.0,0,,0.0,0.0,0.0,0.0,0.0,2.2100231679117948,0,0,0,1658.08,2069.416,0.8012308786633523,16
2022-04-27,5540.717,2734.54,0.537935144162587,-62.848301038056455,1842.38,854.64,2.155738088551905,0.0,2.2998339387368816,1.0,1.0,0,,0.0,0.0,0.0,0.0,0.0,2.2100231679117948,0,0,0,1842.38,2058.4765,0.8950211479217761,17
2022-04-28,5493.908,2769.712,0.5266171522204062,-64.90583408343056,1760.2,770.01,2.285944338385216,0.0,2.2998339387368816,1.0,1.0,0,,0.0,0.0,0.0,0.0,0.0,2.2100231679117948,0,0,0,1760.2,2045.315,0.8606009343304087,18
2022-04-29,5734.493,2805.336,0.5426981890227152,-60.36116871835124,1943.08,831.34,2.337286790001684,0.0,2.2998339387368816,1.0,1.0,0,,0.0,0.0,0.0,0.0,0.0,2.2100231679117948,0,0,0,1943.08,2041.4170000000001,0.951829048156256,19
2022-05-05,5836.928,2800.929,0.5532615210468349,-52.303879191956746,1794.85,715.07,2.510033982687009,0.0,2.2998339387368816,1.0,1.0,0,,0.0,0.0,0.0,0.0,0.0,2.2100231679117948,0,0,0,1794.85,2030.1169999999997,0.8841116053902313,20
2022-05-06,5764.692,2719.761,0.5627216143146417,-41.09016990512037,1536.09,549.15,2.797213875990167,0.0,2.2998339387368816,1.0,1.0,0,,0.0,0.0,0.0,0.0,0.0,2.2100231679117948,0,0,0,1536.09,2013.6125,0.7628528329060333,21
2022-05-09,5840.89,2695.133,0.5753697908104533,-26.032205558215164,1366.37,462.85,2.952079507399805,0.0,2.2998339387368816,1.0,1.0,0,,0.0,0.0,0.0,0.0,0.0,2.2100231679117948,0,0,0,1366.37,1994.5690000000002,0.6850452403501708,22
2022-05-10,5950.667,2718.371,0.5811726252090968,-10.65192434302524,1755.38,661.97,2.6517515899512065,0.0,2.2998339387368816,1.0,1.0,0,,0.0,0.0,0.0,0.0,0.0,2.2100231679117948,0,0,0,1755.38,1977.8785,0.8875064873802916,23
2022-05-11,6003.028,2741.232,0.5813970266884287,2.69168733328208,2254.87,778.72,2.895610745839326,0.0,2.2998339387368816,1.0,1.0,0,,0.0,0.0,0.0,0.0,0.0,2.2100231679117948,0,0,0,2254.87,1971.386,1.1437993371161204,0
2022-05-12,6034.573,2721.77,0.5886313015150597,16.38976699820891,1716.88,525.54,3.266887392015832,0.0,2.2998339387368816,1.0,1.0,0,,0.0,0.0,0.0,0.0,0.0,2.2100231679117948,0,0,0,1716.88,1954.5047499999996,0.8784220145793968,1
2022-05-13,6071.667,2748.237,0.5865458856020133,28.06384748814757,1563.79,523.74,2.985813571619506,0.0,2.2998339387368816,1.0,1.0,0,,0.0,0.0,0.0,0.0,0.0,2.2100231679117948,0,0,0,1563.79,1936.286,0.8076234605838186,2
2022-05-16,6082.882,2720.406,0.5936410138008541,38.99444461956776,1624.66,546.78,2.971323018398625,0.0,2.2998339387368816,1.0,1.0,0,,0.0,0.0,0.0,0.0,0.0,2.2100231679117948,0,0,0,1624.66,1924.54575,0.8441784249607992,3
2022-05-17,6118.457,2756.74,0.5892428679912382,46.98578360060166,1743.63,556.06,3.1356867963888795,0.0,2.2998339387368816,1.0,1.0,0,,0.0,0.0,0.0,0.0,0.0,2.2100231679117948,0,0,0,1743.63,1910.0092499999998,0.9128908668897809,4
2022-05-18,6127.804,2745.528,0.5925530241524154,51.64833117452684,1647.56,570.59,2.887467358348376,0.0,2.2998339387368816,1.0,1.0,0,,0.0,0.0,0.0,0.0,0.0,2.2100231679117948,0,0,0,1647.56,1889.4875,0.8719613122605998,5
2022-05-19,6180.186,2744.545,0.5978323614613117,59.27461945395912,1752.97,580.87,3.01783531599153,0.0,2.2998339387368816,1.0,1.0,0,,0.0,0.0,0.0,0.0,0.0,2.2100231679117948,0,0,0,1752.97,1865.0457499999998,0.9399072382004572,6
2022-05-20,6263.443,2807.942,0.5922065778475046,65.98157174462929,1875.76,764.04,2.45505470917753,0.0,2.2998339387368816,1.0,1.0,0,,0.0,0.0,0.0,0.0,0.0,2.2100231679117948,0,0,0,1875.76,1859.5375,1.0087239434536814,0
2022-05-23,6343.467,2782.548,0.6052464494583949,76.44432702476892,1864.73,599.78,3.109023308546467,0.0,2.2998339387368816,1.0,1.0,0,,0.0,0.0,0.0,0.0,0.0,2.2100231679117948,0,0,0,1864.73,1850.0325,1.007944455029844,0
2022-05-24,6081.642,2734.192,0.5905274275333644,77.16346451227297,2210.27,638.34,3.4625278064981044,1.0,2.242754232838575,1.0,1.0,0,,-0.02481905538347534,-0.02431905538347534,0.0005,1.0,1.0,2.1551724805086283,0,0,0,2210.27,1851.7227500000001,1.1936290138467003,0
2022-05-25,6188.269,2743.417,0.5988603899688816,78.69789959697889,1699.86,487.96,3.4836052135420936,0.0,2.2416328557221554,1.0,1.0,0,,-0.0005,0.0,0.0005,1.0,0.0,2.154094894268374,0,0,0,1699.86,1842.461,0.9226029750426196,1
2022-05-26,6227.099,2744.898,0.6022929641314559,76.24552177685818,1759.41,606.06,2.9030294030294037,1.0,2.2533607284903345,1.0,1.0,0,,0.005231843715281792,0.0057318437152817925,0.0005,1.0,1.0,2.165364782103073,0,0,0,1759.41,1834.2037500000001,0.9592227690080777,2
2022-05-27,6210.094,2763.072,0.5966974782254812,63.09214639379913,1772.13,610.32,2.903607943373968,1.0,2.232426317915695,1.0,1.0,0,,-0.009290305946116684,-0.009290305946116684,0.0,0.0,1.0,2.145247880792389,0,0,0,1772.13,1826.6725,0.9701410625057312,3
2022-05-30,6282.355,2778.451,0.6002994726992066,57.09473318581114,1699.66,585.9,2.9009387267451787,0.0,2.231310104756737,1.0,1.0,0,,-0.0005,0.0,0.0005,1.0,0.0,2.144175256851993,0,0,0,1699.66,1821.4022499999999,0.9331601517457224,4
2022-05-31,6353.347,2813.219,0.5995801745356455,45.12407388476233,1949.84,730.84,2.667943735975042,0.0,2.231310104756737,1.0,1.0,0,,0.0,0.0,0.0,0.0,0.0,2.144175256851993,0,0,0,1949.84,1821.4299999999998,1.0704995525493706,0
2022-06-01,6373.318,2798.068,0.6047217010394208,38.26879230561831,1895.85,540.14,3.5099233532047247,0.0,2.231310104756737,1.0,1.0,0,,0.0,0.0,0.0,0.0,0.0,2.144175256851993,0,0,0,1895.85,1819.7552500000002,1.0418159255207533,0
2022-06-02,6442.934,2790.316,0.6130254763609343,35.54212820282119,1901.73,557.7,3.4099515868746635,1.0,2.260833829357306,1.0,1.0,0,,0.013231564961602327,0.013731564961602327,0.0005,1.0,1.0,2.1725460510520906,0,0,0,1901.73,1811.7704999999999,1.0496528119869488,0
2022-06-06,6604.976,2825.651,0.6205845420756758,35.722939884230726,2367.45,867.63,2.7286400885169946,1.0,2.2887116128185605,1.0,1.0,0,,0.012330752972313563,0.012330752972313563,0.0,0.0,1.0,2.1993351797285894,0,0,0,2367.45,1823.6119999999999,1.2982202354448205,0
2022-06-07,6597.835,2846.81,0.6153060680327908,35.50128260600043,2262.33,859.56,2.6319628647214857,1.0,2.269244636088033,1.0,1.0,0,,-0.00850564860225178,-0.00850564860225178,0.0,0.0,1.0,2.180628407531248,0,0,0,2262.33,1831.4535,1.2352647774022107,0
2022-06-08,6608.892,2879.311,0.609380157576263,33.73989883112045,2355.52,834.64,2.8221987922936838,1.0,2.2473899182231394,1.0,1.0,0,,-0.009630833766151037,-0.009630833766151037,0.0,0.0,1.0,2.1596271378325675,0,0,0,2355.52,1840.1209999999999,1.2800897332294996,0
2022-06-09,6490.375,2868.424,0.6007235708561508,28.369571881972934,2071.33,772.78,2.6803618106058646,1.0,2.2154644846836176,1.0,1.0,0,,-0.01420556053965183,-0.01420556053965183,0.0,0.0,1.0,2.128948423783012,0,0,0,2071.33,1840.252,1.125568672116645,0
2022-06-10,6627.748,2899.579,0.6068470874755342,26.63939469904203,2164.73,858.45,2.5216727823402643,0.0,2.214356752441276,1.0,1.0,0,,-0.0005,0.0,0.0005,1.0,0.0,2.1278839495711206,0,0,0,2164.73,1840.87025,1.175927526668433,0
2022-06-13,6674.804,2844.724,0.6229405630572187,28.787393656597875,2392.5,929.32,2.574463048250333,1.0,2.271973916753754,1.0,1.0,0,,0.026019820089493828,0.02651982008949383,0.0005,1.0,1.0,2.1832511071102827,0,0,0,2392.5,1851.4599999999998,1.2922234344787358,0
2022-06-14,6665.253,2882.703,0.6138538291823966,28.731043687453152,2371.01,918.76,2.58066306761287,1.0,2.2388329983798414,1.0,1.0,0,,-0.014586839280824604,-0.014586839280824604,0.0,0.0,1.0,2.151404374101183,0,0,0,2371.01,1863.43825,1.272384528974867,0
2022-06-15,6653.762,2923.989,0.6041430145305868,24.014351293646296,2599.61,1352.35,1.922290827078789,1.0,2.203415947528209,1.0,1.0,0,,-0.015819425065318526,-0.015819425065318526,0.0,0.0,1.0,2.1173703938198907,0,0,0,2599.61,1882.51325,1.3809252072993379,0
2022-06-16,6696.763,2891.335,0.614914517361602,23.15428679094049,2332.02,906.68,2.572043058190321,1.0,2.242701514928413,1.0,1.0,0,,0.01782939233251657,0.01782939233251657,0.0,0.0,1.0,2.1551218212845606,0,0,0,2332.02,1890.58825,1.233489100548467,0
2022-06-17,6774.738,2936.2,0.6125691205640955,22.355219691542157,2410.14,931.16,2.58831994501482,1.0,2.234147439845839,1.0,1.0,0,,-0.003814183486136824,-0.003814183486136824,0.0,0.0,1.0,2.146901791223204,0,0,0,2410.14,1909.161,1.2624079373085872,0
2022-06-20,6848.755,2924.915,0.621650963523002,22.32214077124103,2616.23,927.29,2.821371954836136,1.0,2.2672705201882475,1.0,1.0,0,,0.014825825615472299,0.014825825615472299,0.0,0.0,1.0,2.1787313827934245,0,0,0,2616.23,1932.8537499999998,1.353558177901458,0
2022-06-21,6779.145,2926.475,0.6150045588633238,22.769885753340795,2424.37,909.88,2.664494219017892,1.0,2.2430299121391095,1.0,1.0,0,,-0.010691537614631597,-0.010691537614631597,0.0,0.0,1.0,2.15543739426211,0,0,0,2424.37,1949.8182500000003,1.243382556297234,0
2022-06-22,6691.812,2892.286,0.6142578655345864,19.312116658660855,2195.75,840.85,2.6113456621276088,1.0,2.2403065900963455,1.0,1.0,0,,-0.001214126493822243,-0.001214126493822243,0.0,0.0,1.0,2.1528204206159613,0,0,0,2195.75,1960.24575,1.120140166099072,0
2022-06-23,6845.455,2935.883,0.6190301557814623,18.744325627078812,2388.13,925.05,2.581622614993784,1.0,2.2577119729002333,1.0,1.0,0,,0.007769196805843981,0.007769196805843981,0.0,0.0,1.0,2.169546106151367,0,0,0,2388.13,1982.1599999999999,1.2048119223473384,0
2022-06-24,6931.654,2974.754,0.6186343767136961,18.47898786904254,2606.1,1080.34,2.4122961289964278,1.0,2.256268496953911,1.0,1.0,0,,-0.0006393534532521672,-0.0006393534532521672,0.0,0.0,1.0,2.168158999356409,0,0,0,2606.1,2003.68125,1.3006559800866528,0
2022-06-27,7002.934,3013.948,0.6168683788187607,16.120069130792697,2740.19,1140.55,2.4025163298408665,1.0,2.2498275916857673,1.0,1.0,0,,-0.002854671452816482,-0.002854671452816482,0.0,0.0,1.0,2.1619696177557794,0,0,0,2740.19,2030.734,1.3493593941894901,0
2022-06-28,7079.725,3039.413,0.6184077195639962,14.77408161533934,2729.54,1003.25,2.720697732369798,1.0,2.2554418384206523,1.0,1.0,0,,0.002495411984292595,0.002495411984292595,0.0,0.0,1.0,2.1673646226496035,0,0,0,2729.54,2052.9129999999996,1.3295936067431988,0
2022-06-29,6900.993,3009.236,0.608840548431248,10.024957928223602,2914.84,1012.8,2.8780015797788314,1.0,2.2205486807748454,1.0,1.0,0,,-0.015470652823502018,-0.015470652823502018,0.0,0.0,1.0,2.133834077030651,0,0,0,2914.84,2081.779,1.4001678372199933,0
2022-06-30,6995.53,3058.398,0.607260248129805,5.972283563896291,2506.05,1001.37,2.502621408670122,1.0,2.2147850473265818,1.0,1.0,0,,-0.002595589773898732,-0.002595589773898732,0.0,0.0,1.0,2.1282955191211137,0,0,0,2506.05,2095.8532499999997,1.1957182593771776,0
2022-07-01,6994.501,3045.269,0.6097886062315614,4.424945802348888,2338.32,876.37,2.668188094069857,1.0,2.2240064145003804,1.0,1.0,0,,0.004163549498823693,0.004163549498823693,0.0,0.0,1.0,2.1371567828630993,0,0,0,2338.32,2109.44,1.1085027305825244,0
2022-07-04,7076.322,3050.152,0.6159342221444944,6.130511508805088,2523.18,974.66,2.5887796770155744,1.0,2.246420557814545,1.0,1.0,0,,0.010078272781960385,0.010078272781960385,0.0,0.0,1.0,2.1586956318986106,0,0,0,2523.18,2134.1172500000002,1.182306173665013,0
2022-07-05,7036.002,3052.111,0.6120316204731759,5.61965995608708,2645.7,991.85,2.6674396330090238,1.0,2.2321870823747685,1.0,1.0,0,,-0.006336068903154746,-0.006336068903154746,0.0,0.0,1.0,2.145017987633962,0,0,0,2645.7,2166.1005,1.2214114719053892,0
2022-07-06,6953.98,2996.728,0.6160760727246493,5.304375412015357,2386.28,945.09,2.524923552254283,1.0,2.246937911856488,1.0,1.0,0,,0.006608240679372823,0.006608240679372823,0.0,0.0,1.0,2.159192782757831,0,0,0,2386.28,2181.8730000000005,1.0936841878514467,0
2022-07-07,7041.867,2989.208,0.6254317331779011,5.957713293215123,2281.72,798.3,2.85822372541651,1.0,2.2810596528127607,1.0,1.0,0,,0.015185885099993746,0.015185885099993746,0.0,0.0,1.0,2.1919820362655273,0,0,0,2281.72,2182.54425,1.0454404303601175,0
2022-07-08,7000.785,2993.306,0.6209317318414872,5.490108522005094,2298.23,777.37,2.956417150134428,1.0,2.264647355608171,1.0,1.0,0,,-0.007195032003810886,-0.007195032003810886,0.0,0.0,1.0,2.1762106553628184,0,0,0,2298.23,2197.0780000000004,1.0460393304197664,0
2022-07-11,6893.635,2942.296,0.6220283142472663,7.813481773922341,2229.47,828.1,2.692271464798937,0.4500622310394927,2.2658246400404973,0.4500622310394927,0.4500622310394927,0,0.17775319607518908,0.0005198533137668565,0.0007948221982471101,0.00027496888448025363,0.5499377689605073,0.4500622310394927,2.1773419656834636,0,0,0,2229.47,2213.7200000000003,1.0071147209222484,0
2022-07-12,6779.555,2922.005,0.6159826274476913,6.392799707392329,2108.13,749.96,2.8109899194623718,0.5220861840937363,2.2542455281698195,0.5220861840937363,0.5220861840937363,0,0.1532314059198254,-0.0051103301050123605,-0.0050743181284852385,3.601197652712179e-05,0.07202395305424358,0.5220861840937363,2.1662150294873244,0,0,0,2108.13,2225.8067499999997,0.9471307425947919,1
2022-07-13,6834.902,2914.295,0.6226543278806244,5.036947406493866,2031.84,742.14,2.737812272617026,0.5220861840937363,2.2669926310603437,0.5389082843739528,0.5220861840937363,1,0.14844826535360395,0.005654709183729993,0.005654709183729993,0.0,0.0,0.5220861840937363,2.1784643455085004,0,0,0,2031.84,2233.012,0.9099100228749329,2
2022-07-14,6920.874,2895.299,0.6346229194472053,8.662445456275163,2360.0,849.93,2.776699257585919,0.5677102372864897,2.2916793882737645,0.5677102372864897,0.5677102372864897,0,0.14091695859207967,0.010889650400793016,0.010912462427389392,2.281202659637671e-05,0.04562405319275342,0.5677102372864897,2.20218706064168,0,0,0,2360.0,2250.823,1.0485053689250554,0
2022-07-15,6852.816,2839.394,0.6407544648678,12.574337938878411,2490.01,876.98,2.839300782229925,0.5677102372864897,2.3042493739127665,0.5597221433741437,0.5677102372864897,1,0.14292805983651136,0.005485054193584433,0.005485054193584433,0.0,0.0,0.5677102372864897,2.21426617601371,0,0,0,2490.01,2269.2490000000003,1.0972837269070075,0
2022-07-18,6953.932,2878.639,0.6413446332597277,17.326573124220317,2349.53,738.09,3.183256784402986,0.5677102372864897,2.3054542447942974,0.5554550935623883,0.5677102372864897,1,0.1440260444582897,0.0005228908360230714,0.0005228908360230714,0.0,0.0,0.5677102372864897,2.2154239955056636,0,0,0,2349.53,2281.09325,1.0300017327217992,0
2022-07-19,7009.324,2865.603,0.6493941058651356,22.16696715090829,2354.16,606.86,3.879247272847114,0.5677102372864897,2.3218812802656035,0.5842490448495723,0.5677102372864897,1,0.1369279089204121,0.007125292340283164,0.007125292340283164,0.0,0.0,0.5677102372864897,2.2312095391313194,0,0,0,2354.16,2293.329,1.0265251954691192,0
2022-07-20,7110.104,2874.078,0.6567886410945889,27.344428504805066,2415.32,543.09,4.447365998269164,0.5677102372864897,2.336890885696493,0.5955276823010499,0.5677102372864897,1,0.13433464535332645,0.006464415540303828,0.006464415540303828,0.0,0.0,0.5677102372864897,2.2456330047497537,0,0,0,2415.32,2298.45525,1.05084490985848,0
2022-07-21,7075.294,2836.662,0.6621938305596488,33.30009987327011,2605.84,595.45,4.376253253841632,0.5677102372864897,2.347809070699219,0.5856649743696878,0.5677102372864897,1,0.136596865957536,0.004672098757179323,0.004672098757179323,0.0,0.0,0.5677102372864897,2.256124823920326,0,0,0,2605.84,2321.10475,1.1226722964571074,0
2022-07-22,7034.598,2848.436,0.6556635617511101,35.42001400137333,2214.89,582.85,3.80010294243802,0.5677102372864897,2.33466483220892,0.5848626661932266,0.5677102372864897,1,0.13678424803673422,-0.005598512525716018,-0.005598512525716018,0.0,0.0,0.5677102372864897,2.2434938808340292,0,0,0,2214.89,2332.49175,0.9495810649705405,1
2022-07-25,6948.909,2837.26,0.6502280782442369,33.9804413140218,2105.51,467.82,4.500684023769827,0.5677102372864897,2.3236770915355462,0.5574906319396136,0.5677102372864897,1,0.14350016918071812,-0.0047063460766562015,-0.0047063460766562015,0.0,0.0,0.5677102372864897,2.2329352222099637,0,0,0,2105.51,2340.82625,0.8994729959133021,2
2022-07-26,7027.419,2854.639,0.6535711661594966,33.32868284111373,1947.99,547.99,3.554791145823829,0.5677102372864897,2.330459509983588,0.5431270981523958,0.5677102372864897,1,0.14729517321478378,0.002918830018485939,0.002918830018485939,0.0,0.0,0.5677102372864897,2.239452780565885,0,0,0,1947.99,2347.0345,0.8299792781060524,3
2022-07-27,7099.434,2829.922,0.6660356735309589,33.125890428364045,2065.41,540.4,3.82200222057735,0.5677102372864897,2.3556914429556617,0.5422710107737424,0.5677102372864897,1,0.1475277092276269,0.008049301622070336,0.008120265401731148,7.096377966081122e-05,0.14192755932162243,0.4257826779648673,2.257478811465044,0,0,1,2065.41,2349.92375,0.8789263906967194,4
2022-07-28,7150.198,2827.107,0.6714660398844625,32.52171821126581,2410.95,643.58,3.746154324248733,0.5677102372864897,2.3665952151340277,0.5629431465430942,0.5677102372864897,1,0.14211026547043304,0.0034715196500921175,0.0034715196500921175,0.0,0.0,0.4257826779648673,2.265315693518711,0,0,1,2410.95,2362.80125,1.0203778248382085,0
2022-07-29,7117.434,2792.329,0.6767138922388296,32.14639286172579,2312.74,672.91,3.436923214099954,0.5677102372864897,2.3770956736400137,0.5704537244624658,0.5677102372864897,1,0.1402392456555234,0.004365983628513112,0.004436947408173923,7.096377966081122e-05,0.14192755932162243,0.5677102372864897,2.2752060247500276,0,0,0,2312.74,2373.0765,0.9745745659695335,1
2022-08-01,7180.454,2781.682,0.6853188136608029,34.183252997274074,2281.6,598.76,3.810541786358474,0.5677102372864897,2.3942555914732324,0.5694058946492891,0.5677102372864897,1,0.14049731615313527,0.0072188587205418465,0.0072188587205418465,0.0,0.0,0.5677102372864897,2.2916304156028238,0,0,0,2281.6,2370.9302500000003,0.9623227001300437,2
2022-08-02,6957.982,2730.755,0.6764703931321878,30.93469731491505,2796.68,724.48,3.860258392226148,0.5677102372864897,2.3767058656342077,0.5638989212494832,0.5677102372864897,1,0.14186939713013919,-0.00732992997970872,-0.00732992997970872,0.0,0.0,0.5677102372864897,2.2748329251170842,0,0,0,2796.68,2384.2889999999998,1.1729618347440265,0
2022-08-03,6916.67,2710.724,0.6774230736626531,27.350281848207985,2677.08,698.9,3.830419230218916,0.5677102372864897,2.3786060715238686,0.5334487814133906,0.5677102372864897,1,0.14996753725453696,0.0007995124332114684,0.0007995124332114684,0.0,0.0,0.5677102372864897,2.2766516823241942,0,0,0,2677.08,2392.328,1.1190271568112733,0
2022-08-04,6960.312,2741.087,0.6741462420518466,23.995462894924813,2103.64,610.32,3.4467820159916105,0.5677102372864897,2.3720741134524923,0.5320723451278583,0.5677102372864897,1,0.15035549344474164,-0.00274612856225978,-0.00274612856225978,0.0,0.0,0.5677102372864897,2.2703997041130473,0,0,0,2103.64,2393.13575,0.8790307862811376,1
2022-08-05,7090.003,2774.335,0.6784779663443259,20.15949294093287,2398.99,623.42,3.8481120272047735,0.5677102372864897,2.380727013130956,0.5371082283684618,0.5677102372864897,1,0.14894577251778607,0.003647820120539905,0.003647820120539905,0.0,0.0,0.5677102372864897,2.2786817138353785,0,0,0,2398.99,2398.9922500000002,0.9999990621061821,2
2022-08-08,7176.105,2761.157,0.6899949521322358,19.095882771769325,2324.19,545.67,4.259332563637364,0.5677102372864897,2.4036694427424723,0.5561426631840455,0.5677102372864897,1,0.14384798235399077,0.009636732596797875,0.009636732596797875,0.0,0.0,0.5677102372864897,2.300640760184823,0,0,0,2324.19,2397.2845,0.9695094595572615,3
2022-08-09,7207.396,2764.068,0.6922737938561216,16.072084821660912,2352.99,510.85,4.606029167074484,0.5677102372864897,2.4081762575971384,0.5351113610414439,0.5677102372864897,1,0.1495015913029813,0.0013352658294918116,0.0014062296091526228,7.096377966081122e-05,0.14192755932162243,0.4257826779648673,2.303712727177834,0,0,1,2352.99,2396.834,0.981707535857719,4
2022-08-10,7212.075,2730.961,0.7011209858822581,15.288106252497721,2339.02,533.49,4.384374589964198,0.5677102372864897,2.425648255065028,0.5716562887610391,0.5677102372864897,1,0.13994423147759893,0.005441461379571954,0.005441461379571954,0.0,0.0,0.4257826779648673,2.3162482910124003,0,0,1,2339.02,2390.31925,0.9785387453998038,5
2022-08-11,7294.486,2787.063,0.6948581242264524,13.432380570342277,2484.29,666.53,3.727199075810541,0.5677102372864897,2.41334742549421,0.5676640363104423,0.5677102372864897,1,0.1409284275254842,-0.0038033635581124358,-0.0038033635581124358,0.0,0.0,0.4257826779648673,2.3074387566708237,0,0,1,2484.29,2394.1259999999997,1.0376605074252567,0
2022-08-12,7228.835,2796.889,0.6861851441975911,9.402702048455023,2355.86,548.31,4.296584049169266,0.5677102372864897,2.3962465328761304,0.5662619287884602,0.5677102372864897,1,0.14127737701025245,-0.007156927631126424,-0.007085963851465613,7.096377966081122e-05,0.14192755932162243,0.5677102372864897,2.290924584476074,0,0,0,2355.86,2392.769,0.9845747750827599,1
2022-08-15,7283.5,2782.666,0.6949079389042871,7.257944727047295,2243.65,555.91,4.035995035167564,0.5677102372864897,2.4135396213424185,0.5289398973125482,0.5677102372864897,1,0.15124591736502788,0.007216740109596079,0.007216740109596079,0.0,0.0,0.5677102372864897,2.3074575918129225,0,0,0,2243.65,2383.4545000000003,0.9413437512652328,2
2022-08-16,7324.62,2769.261,0.7022139282278664,7.60391183639464,2413.5,551.03,4.379979311471245,0.519176295909336,2.426655154856167,0.519176295909336,0.519176295909336,0,0.15409023992491838,0.005434148831769991,0.005458415802458568,2.4266970688576862e-05,0.04853394137715372,0.519176295909336,2.3199966597898314,0,0,0,2413.5,2383.18275,1.0127213282321719,0
2022-08-17,7328.674,2785.853,0.6984180219537504,7.040533846804822,2450.95,547.67,4.475231434988223,0.519176295909336,2.4198448122372067,0.5232754057535537,0.519176295909336,1,0.15288316462111254,-0.0028064731840167986,-0.0028064731840167986,0.0,0.0,0.519176295909336,2.3134856513771225,0,0,0,2450.95,2389.56275,1.0256897417738873,0
2022-08-18,7351.437,2759.294,0.7073306764187225,8.93911028320595,2425.04,518.0,4.681544401544402,0.519176295909336,2.435877044757327,0.5207670882959954,0.519176295909336,1,0.15361953894161862,0.006625314333813801,0.006625314333813801,0.0,0.0,0.519176295909336,2.3288132210242636,0,0,0,2425.04,2390.4855,1.0144550134271888,0
2022-08-19,7234.405,2750.631,0.6982624936909274,6.259450863393212,2566.14,652.4,3.9333844267320655,0.519176295909336,2.419663872848193,0.5122034874390607,0.519176295909336,1,0.15618792523258243,-0.00665598944906874,-0.00665598944906874,0.0,0.0,0.519176295909336,2.3133126647962743,0,0,0,2566.14,2389.4865,1.0739294823385694,0
2022-08-22,7288.577,2756.369,0.7020266835260507,2.880476745988267,2323.84,690.88,3.3635942566002783,0.519176295909336,2.426435962492379,0.5015555207128343,0.519176295909336,1,0.15950377714176137,0.0027987728874979034,0.0027987728874979034,0.0,0.0,0.519176295909336,2.3197871015628113,0,0,0,2323.84,2379.07775,0.9767818643169607,1
2022-08-23,7306.021,2735.666,0.7090323876796161,1.1122616924943516,2288.28,625.59,3.657795041480842,0.519176295909336,2.439007310918617,0.5187020291563806,0.519176295909336,1,0.1542311298263328,0.005180993284210004,0.005180993284210004,0.0,0.0,0.519176295909336,2.331805902956805,0,0,0,2288.28,2368.0462500000003,0.9663155861081683,2
2022-08-24,7039.41,2708.09,0.6901148895512659,-4.556144700154378,2617.15,647.35,4.042867073453309,0.519176295909336,2.4052221817440533,0.5142284324047656,0.519176295909336,1,0.1555728834865931,-0.013851999960524542,-0.013851999960524542,0.0,0.0,0.519176295909336,2.2995057276810966,0,0,0,2617.15,2360.604,1.1086781179731968,0
2022-08-25,7016.306,2752.556,0.6767380388982424,-12.766997118099354,2149.27,669.07,3.2123245699254186,0.0,2.4045978145724747,0.44916457720105973,0.44916457720105973,0,0.1781084352165856,-0.000259588147954668,0.0,0.000259588147954668,0.519176295909336,0.0,2.298908803248037,0,0,0,2149.27,2351.6845000000003,0.9139278674499065,1
2022-08-26,6980.18,2751.589,0.6734902110272247,-20.185197010019973,2088.25,591.53,3.5302520582218992,0.0,2.4045978145724747,1.0,1.0,0,,0.0,0.0,0.0,0.0,0.0,2.298908803248037,0,0,0,2088.25,2345.43275,0.8903474209610146,2
2022-08-29,7021.315,2732.206,0.6822652424451006,-23.802148569134477,1902.5,493.38,3.856054157039199,0.0,2.4045978145724747,1.0,1.0,0,,0.0,0.0,0.0,0.0,0.0,2.298908803248037,0,0,0,1902.5,2329.91575,0.8165531307301562,3
2022-08-30,6976.722,2726.66,0.6793110221726902,-28.80457505229516,1905.2,499.74,3.812382438868212,0.0,2.4045978145724747,1.0,1.0,0,,0.0,0.0,0.0,0.0,0.0,2.298908803248037,0,0,0,1905.2,2311.40325,0.8242611928489761,4
2022-08-31,6750.743,2761.783,0.64894853010855,-41.15936597167776,2081.65,844.96,2.463607744745313,0.0,2.4045978145724747,1.0,1.0,0,,0.0,0.0,0.0,0.0,0.0,2.298908803248037,0,0,0,2081.65,2303.7875,0.9035772613576557,5
2022-09-01,6717.1,2732.399,0.6526583917527197,-50.820317401033776,1675.16,538.92,3.1083648779039565,0.0,2.4045978145724747,1.0,1.0,0,,0.0,0.0,0.0,0.0,0.0,2.298908803248037,0,0,0,1675.16,2288.6234999999997,0.7319508866355695,6
2022-09-02,6776.827,2711.264,0.6635945671430461,-54.82397588736839,1623.29,462.94,3.5064803214239424,0.0,2.4045978145724747,1.0,1.0,0,,0.0,0.0,0.0,0.0,0.0,2.298908803248037,0,0,0,1623.29,2271.75,0.7145548585891933,7
2022-09-05,6791.092,2697.767,0.6683183817907046,-55.55228125246486,1617.21,535.54,3.019774433282295,0.0,2.4045978145724747,1.0,1.0,0,,0.0,0.0,0.0,0.0,0.0,2.298908803248037,0,0,0,1617.21,2256.4435,0.7167075089626663,8
2022-09-06,6919.646,2724.498,0.6742882844052054,-53.217026075261806,1837.61,593.5,3.096225779275484,0.0,2.4045978145724747,1.0,1.0,0,,0.0,0.0,0.0,0.0,0.0,2.298908803248037,0,0,0,1837.61,2249.6805,0.8168315456350357,9
2022-09-07,6963.52,2710.686,0.682021153401896,-48.439609334000195,1868.86,522.04,3.579917247720481,0.0,2.4045978145724747,1.0,1.0,0,,0.0,0.0,0.0,0.0,0.0,2.298908803248037,0,0,0,1868.86,2245.6059999999998,0.8322296965718831,10
2022-09-08,6897.1,2708.278,0.676116463627274,-46.091396811875185,1658.24,455.69,3.638965085913669,0.0,2.4045978145724747,1.0,1.0,0,,0.0,0.0,0.0,0.0,0.0,2.298908803248037,0,0,0,1658.24,2228.062,0.7442521796969743,11
2022-09-09,6913.579,2757.566,0.6656182859167881,-46.235712629403814,1583.16,668.48,2.368298228817616,0.0,2.4045978145724747,1.0,1.0,0,,0.0,0.0,0.0,0.0,0.0,2.298908803248037,0,0,0,1583.16,2205.39075,0.7178591820973222,12
2022-09-13,6904.078,2769.235,0.6619026313648111,-45.44020950225969,1564.96,624.68,2.505218671960044,0.0,2.4045978145724747,1.0,1.0,0,,0.0,0.0,0.0,0.0,0.0,2.298908803248037,0,0,0,1564.96,2185.7765,0.7159743917093079,13
2022-09-14,6829.558,2745.428,0.6604360470227705,-43.92532136117351,1502.15,461.51,3.2548590496413947,0.0,2.4045978145724747,1.0,1.0,0,,0.0,0.0,0.0,0.0,0.0,2.298908803248037,0,0,0,1502.15,2164.47625,0.694001608934263,14
2022-09-15,6619.189,2743.789,0.6404751756846165,-46.44707149398486,1960.11,652.25,3.005151399003449,0.0,2.4045978145724747,1.0,1.0,0,,0.0,0.0,0.0,0.0,0.0,2.298908803248037,0,0,0,1960.11,2153.0960000000005,0.9103681396463509,15
2022-09-16,6481.244,2678.033,0.6425259578462297,-46.873554332998744,1602.58,655.0,2.446687022900764,0.0,2.4045978145724747,1.0,1.0,0,,0.0,0.0,0.0,0.0,0.0,2.298908803248037,0,0,0,1602.58,2128.0144999999998,0.7530869737964662,16
2022-09-19,6399.801,2679.586,0.6340843000639039,-48.65001184447067,1303.49,469.75,2.7748589675359234,0.0,2.4045978145724747,1.0,1.0,0,,0.0,0.0,0.0,0.0,0.0,2.298908803248037,0,0,0,1303.49,2105.2295,0.6191676489427875,17
2022-09-20,6482.131,2673.88,0.6436119826367963,-45.848059326548984,1269.17,434.37,2.9218638487925044,0.0,2.4045978145724747,1.0,1.0,0,,0.0,0.0,0.0,0.0,0.0,2.298908803248037,0,0,0,1269.17,2084.321,0.6089129265597766,18
2022-09-21,6480.602,2652.214,0.6487166095436327,-41.4566159132263,1223.47,456.06,2.6826952593956936,0.0,2.4045978145724747,1.0,1.0,0,,0.0,0.0,0.0,0.0,0.0,2.298908803248037,0,0,0,1223.47,2066.2079999999996,0.5921330282333629,19
2022-09-22,6487.275,2629.37,0.6550264469779565,-37.14626283846819,1291.39,434.56,2.97171851988218,0.0,2.4045978145724747,1.0,1.0,0,,0.0,0.0,0.0,0.0,0.0,2.298908803248037,0,0,0,1291.39,2046.8575,0.6309134856725492,20
2022-09-23,6363.684,2629.809,0.6424400819808516,-37.297134815280785,1360.14,463.56,2.9341185607041163,0.0,2.4045978145724747,1.0,1.0,0,,0.0,0.0,0.0,0.0,0.0,2.298908803248037,0,0,0,1360.14,2020.5872499999998,0.6731409395956548,21
2022-09-26,6283.593,2614.9,0.637971374388362,-37.70822709705485,1290.55,557.93,2.313103794382808,0.0,2.4045978145724747,1.0,1.0,0,,0.0,0.0,0.0,0.0,0.0,2.298908803248037,0,0,0,1290.55,1995.0325,0.6468816924035071,22
2022-09-27,6409.776,2642.921,0.6438829145495157,-35.02658042644228,1330.35,502.15,2.649307975704471,0.0,2.4045978145724747,1.0,1.0,0,,0.0,0.0,0.0,0.0,0.0,2.298908803248037,0,0,0,1330.35,1971.25125,0.6748759195460243,23
2022-09-28,6211.109,2611.982,0.6313165890670065,-37.05019152397648,1289.04,477.25,2.700974332111053,0.0,2.4045978145724747,1.0,1.0,0,,0.0,0.0,0.0,0.0,0.0,2.298908803248037,0,0,0,1289.04,1933.56025,0.666666580469887,24
2022-09-29,6228.779,2608.977,0.6338418375949749,-40.202144499939045,1274.46,528.47,2.4116033076617405,0.0,2.4045978145724747,1.0,1.0,0,,0.0,0.0,0.0,0.0,0.0,2.298908803248037,0,0,0,1274.46,1898.4947500000003,0.6713002498426713,25
2022-09-30,6124.864,2610.117,0.6229952061850955,-44.31147247652288,1130.65,436.47,2.590441496551882,0.0,2.4045978145724747,1.0,1.0,0,,0.0,0.0,0.0,0.0,0.0,2.298908803248037,0,0,0,1130.65,1874.17,0.6032803854506261,26
2022-10-10,5984.501,2545.049,0.6242808685890351,-45.437264560388094,1228.29,597.96,2.0541340557896848,0.0,2.4045978145724747,1.0,1.0,0,,0.0,0.0,0.0,0.0,0.0,2.298908803248037,0,0,0,1228.29,1844.9024999999997,0.6657750206311717,27
2022-10-11,6017.719,2539.946,0.6290072499247524,-43.3654599647688,1115.36,429.93,2.594282790221664,0.0,2.4045978145724747,1.0,1.0,0,,0.0,0.0,0.0,0.0,0.0,2.298908803248037,0,0,0,1115.36,1814.6817499999997,0.6146311880857346,28
2022-10-12,6192.653,2555.024,0.6434725007654036,-35.79336044363517,1460.42,590.95,2.4713089093831964,0.0,2.4045978145724747,1.0,1.0,0,,0.0,0.0,0.0,0.0,0.0,2.298908803248037,0,0,0,1460.42,1792.3675000000003,0.8147994203197725,29
2022-10-13,6252.223,2523.632,0.6577436505732134,-23.988029985224802,1570.55,612.41,2.564540095687529,0.0,2.4045978145724747,1.0,1.0,0,,0.0,0.0,0.0,0.0,0.0,2.298908803248037,0,0,0,1570.55,1773.15575,0.8857371948290499,30
2022-10-14,6406.457,2584.685,0.6580494392804758,-13.491772452093642,1814.12,732.66,2.4760734856550104,0.0,2.4045978145724747,1.0,1.0,0,,0.0,0.0,0.0,0.0,0.0,2.298908803248037,0,0,0,1814.12,1756.4015000000004,1.0328617915664495,0
2022-10-17,6472.451,2585.497,0.6646193225368746,-3.1078471432768597,1711.29,578.3,2.95917343939132,0.0,2.4045978145724747,1.0,1.0,0,,0.0,0.0,0.0,0.0,0.0,2.298908803248037,0,0,0,1711.29,1740.28725,0.9833376645148667,1
2022-10-18,6508.504,2569.968,0.6723597246797307,7.95239118172039,1729.18,462.32,3.7402232220107288,0.0,2.4045978145724747,1.0,1.0,0,,0.0,0.0,0.0,0.0,0.0,2.298908803248037,0,0,0,1729.18,1727.4255,1.0010156733242621,0
2022-10-19,6461.146,2519.903,0.6807285437879788,20.399921538138415,1658.9,525.42,3.157283696852043,1.0,2.433325393079888,1.0,1.0,0,,0.01194693696106558,0.01244693696106558,0.0005,1.0,1.0,2.3263737217996803,0,0,0,1658.9,1708.5605,0.9709343040530318,1
2022-10-20,6429.704,2501.496,0.6824005962389885,28.189636912732272,1760.48,568.52,3.096601702666573,1.0,2.4393022949223804,1.0,1.0,0,,0.0024562690462566206,0.0024562690462566206,0.0,0.0,1.0,2.332087921562562,0,0,0,1760.48,1691.29875,1.0409042163603563,0
2022-10-21,6432.326,2487.221,0.6865969999329138,36.43198937880537,1511.3,528.15,2.861497680583168,1.0,2.454302717280493,1.0,1.0,0,,0.006149472490284413,0.006149472490284413,0.0,0.0,1.0,2.346429032081135,0,0,0,1511.3,1668.4552500000002,0.9058079322175406,1
2022-10-24,6378.432,2392.598,0.7077704472879984,46.50482291775041,1800.64,893.57,2.0151079378224424,1.0,2.5299891088360305,1.0,1.0,0,,0.030838246245109557,0.030838246245109557,0.0,0.0,1.0,2.4187887883691275,0,0,0,1800.64,1649.3177500000002,1.0917483911150534,0
2022-10-25,6355.778,2394.92,0.7045729065314731,54.66765467678456,1652.0,638.65,2.586706333672591,1.0,2.518559211868636,1.0,1.0,0,,-0.004517765285026454,-0.004517765285026454,0.0,0.0,1.0,2.4078612683492224,0,0,0,1652.0,1632.52175,1.011931387744145,0
2022-10-26,6491.692,2400.516,0.7179621208065524,64.79149215104064,2002.0,691.81,2.893858140240818,1.0,2.5664201622963088,1.0,1.0,0,,0.019003305620979294,0.019003305620979294,0.0,0.0,1.0,2.4536185919245814,0,0,0,2002.0,1625.36475,1.2317235254425198,0
2022-10-27,6461.61,2381.263,0.7204131114684849,75.80696163064023,1963.63,754.11,2.603903939743539,1.0,2.5751814488183844,1.0,1.0,0,,0.0034138161205203854,0.0034138161205203854,0.0,0.0,1.0,2.461994794627302,0,0,0,1963.63,1609.0267500000002,1.2203836884626063,0
2022-10-28,6239.932,2326.942,0.7119385813317864,79.05576318930912,1975.15,707.3,2.7925208539516477,1.0,2.544888478787629,1.0,1.0,0,,-0.011763431289338988,-0.011763431289338988,0.0,0.0,1.0,2.4330332880259933,0,0,0,1975.15,1604.67375,1.2308732538311917,0
2022-10-31,6292.619,2295.924,0.7276493734003247,82.61249595184773,1871.34,758.91,2.465825987271218,1.0,2.6010481178017955,1.0,1.0,0,,0.02206762279851282,0.02206762279851282,0.0,0.0,1.0,2.486724548882376,0,0,0,1871.34,1599.251,1.170135269573069,0
2022-11-01,6439.822,2396.629,0.7133805816828644,82.8860483780758,1995.51,969.15,2.059031109735335,1.0,2.550043038711887,1.0,1.0,0,,-0.019609433113068953,-0.019609433113068953,0.0,0.0,1.0,2.4379612901704406,0,0,0,1995.51,1601.57625,1.2459662785334136,0
2022-11-02,6524.514,2418.322,0.7162790862550867,78.2147480335205,2163.04,877.15,2.465986433335233,1.0,2.560404003948191,1.0,1.0,0,,0.004063055046136466,0.004063055046136466,0.0,0.0,1.0,2.447866861092753,0,0,0,2163.04,1608.02225,1.345155516349354,0
2022-11-03,6566.841,2387.452,0.7302475062477153,77.78073502403234,1994.23,610.43,3.2669265927297158,1.0,2.610335377297292,1.0,1.0,0,,0.019501365125232706,0.019501365125232706,0.0,0.0,1.0,2.49560360652888,0,0,0,1994.23,1605.83675,1.2418634708665124,0
2022-11-04,6709.645,2468.276,0.7216955918748285,69.44409293560982,2301.18,870.29,2.64415309839249,1.0,2.5797657903556406,1.0,1.0,0,,-0.01171098059181297,-0.01171098059181297,0.0,0.0,1.0,2.466377641127962,0,0,0,2301.18,1621.48725,1.4191785966864678,0
2022-11-07,6713.638,2477.767,0.7193590077088698,58.86664664137982,2202.11,717.57,3.0688434577811226,1.0,2.571413460141225,1.0,1.0,0,,-0.003237631201111535,-0.003237631201111535,0.0,0.0,1.0,2.4583924199233222,0,0,0,2202.11,1635.95775,1.3460677697819519,0
2022-11-08,6694.956,2459.091,0.7228053478119804,48.36038211522415,1807.64,515.57,3.506100044610819,1.0,2.583732712745829,1.0,1.0,0,,0.0047908486113033,0.0047908486113033,0.0,0.0,1.0,2.4701702058343504,0,0,0,1807.64,1640.7184999999997,1.1017368305410102,0
2022-11-09,6676.008,2440.352,0.7262942478415502,40.451957311070615,1644.05,452.43,3.633821806688328,1.0,2.596204099634688,1.0,1.0,0,,0.004826887404930202,0.004826887404930202,0.0,0.0,1.0,2.482093439288926,0,0,0,1644.05,1635.8795,1.004994561029709,0
2022-11-10,6603.309,2440.317,0.7183955035377187,32.617912821479585,1833.04,502.16,3.650310657957623,1.0,2.5679693278400375,1.0,1.0,0,,-0.010875405288291118,-0.010875405288291118,0.0,0.0,1.0,2.4550996671732506,0,0,0,1833.04,1634.984,1.1211363536279255,0
2022-11-11,6643.482,2518.049,0.7004543165440698,19.298698365270102,2371.41,1046.49,2.2660608319238595,1.0,2.5038369416017456,1.0,1.0,0,,-0.024973968942313962,-0.024973968942313962,0.0,0.0,1.0,2.3937860843349803,0,0,0,2371.41,1652.81325,1.434771895735952,0
2022-11-14,6599.666,2538.297,0.6902839107467517,4.916240369860954,2128.97,942.28,2.259381500191026,1.0,2.467481911523487,1.0,1.0,0,,-0.014519727492718237,-0.014519727492718237,0.0,0.0,1.0,2.3590289627145755,0,0,0,2128.97,1666.4585,1.2775415649414612,0
2022-11-15,6752.513,2583.723,0.6938533796760555,-6.126339442909965,2217.16,789.09,2.8097682140186797,1.0,2.480241299189461,1.0,1.0,0,,0.005171015684607871,0.005171015684607871,0.0,0.0,1.0,2.3712275384812167,0,0,0,2217.16,1682.7635000000002,1.3175707697486898,0
2022-11-16,6702.041,2572.887,0.6915675357986598,-15.610367750401965,1952.41,644.19,3.03079836694143,0.0,2.4790011785398667,0.36063319088489104,0.36063319088489104,0,0.22183204991116542,-0.0005,0.0,0.0005,1.0,0.0,2.3700419247119764,0,0,0,1952.41,1694.0199999999998,1.15253066669815,0
2022-11-17,6714.504,2560.017,0.6963367527743142,-22.564484818936343,1988.47,615.56,3.2303431022158686,0.0,2.4790011785398667,1.0,1.0,0,,0.0,0.0,0.0,0.0,0.0,2.3700419247119764,0,0,0,1988.47,1694.7289999999998,1.1733262368201642,0
2022-11-18,6658.401,2546.715,0.6941252308179103,-27.991095957374522,2151.57,555.94,3.870147857682484,0.0,2.4790011785398667,1.0,1.0,0,,0.0,0.0,0.0,0.0,0.0,2.3700419247119764,0,0,0,2151.57,1708.4537500000001,1.2593668397520272,0
2022-11-21,6689.325,2514.854,0.7061837988010655,-27.433023452574922,1795.68,542.96,3.307204950640931,0.0,2.4790011785398667,1.0,1.0,0,,0.0,0.0,0.0,0.0,0.0,2.3700419247119764,0,0,0,1795.68,1720.7585,1.0435398110774987,0
2022-11-22,6583.233,2531.344,0.6904564460601352,-30.484160180712042,1917.82,565.44,3.391730333899264,0.0,2.4790011785398667,1.0,1.0,0,,0.0,0.0,0.0,0.0,0.0,2.3700419247119764,0,0,0,1917.82,1736.97475,1.1041150713330747,0
2022-11-23,6567.993,2535.523,0.6877226961894498,-31.910767281321707,1795.21,524.66,3.4216635535394357,0.0,2.4790011785398667,1.0,1.0,0,,0.0,0.0,0.0,0.0,0.0,2.3700419247119764,0,0,0,1795.21,1751.2682499999999,1.0250913873417167,0
2022-11-24,6586.858,2520.563,0.6937914995121577,-31.14501896940268,1599.09,389.23,4.108342111348046,0.0,2.4790011785398667,1.0,1.0,0,,0.0,0.0,0.0,0.0,0.0,2.3700419247119764,0,0,0,1599.09,1758.9607500000002,0.9091106779955151,1
2022-11-25,6512.162,2544.615,0.6794403630711138,-33.66536402370571,1490.34,537.25,2.774015821312238,0.0,2.4790011785398667,1.0,1.0,0,,0.0,0.0,0.0,0.0,0.0,2.3700419247119764,0,0,0,1490.34,1762.21575,0.8457193734649119,2
2022-11-28,6492.712,2503.623,0.6885023656633746,-32.074518416055646,1520.32,577.21,2.633911401396372,0.0,2.4790011785398667,1.0,1.0,0,,0.0,0.0,0.0,0.0,0.0,2.3700419247119764,0,0,0,1520.32,1767.9599999999998,0.8599289576687256,3
2022-11-29,6594.323,2607.75,0.6713554085021771,-35.45923459223766,1800.32,916.05,1.9653075705474592,0.0,2.4790011785398667,1.0,1.0,0,,0.0,0.0,0.0,0.0,0.0,2.3700419247119764,0,0,0,1800.32,1779.7092499999999,1.0115809646997116,0
2022-11-30,6590.307,2606.543,0.6712572393884619,-36.67697706414141,1785.1,677.18,2.636079033639505,0.0,2.4790011785398667,1.0,1.0,0,,0.0,0.0,0.0,0.0,0.0,2.3700419247119764,0,0,0,1785.1,1792.1107499999998,0.9960879928877164,1
2022-12-01,6658.427,2631.205,0.6718389634952173,-35.96219693733141,1997.86,837.23,2.386273783787012,0.0,2.4790011785398667,1.0,1.0,0,,0.0,0.0,0.0,0.0,0.0,2.3700419247119764,0,0,0,1997.86,1810.1957499999996,1.103670694177688,0
2022-12-02,6680.542,2614.614,0.6783476842634318,-33.63975217233534,1796.14,550.64,3.261913409850356,0.0,2.4790011785398667,1.0,1.0,0,,0.0,0.0,0.0,0.0,0.0,2.3700419247119764,0,0,0,1796.14,1826.833,0.9831987926646826,1
2022-12-05,6714.367,2676.143,0.6661069878148439,-33.895634486989,2062.26,848.09,2.4316523010529543,0.0,2.4790011785398667,1.0,1.0,0,,0.0,0.0,0.0,0.0,0.0,2.3700419247119764,0,0,0,2062.26,1847.6822500000003,1.1161334693776486,0
2022-12-06,6703.552,2684.846,0.662878346812605,-33.45306394416285,1914.98,707.4,2.7070681368391294,0.0,2.4790011785398667,1.0,1.0,0,,0.0,0.0,0.0,0.0,0.0,2.3700419247119764,0,0,0,1914.98,1867.6727500000002,1.02532951771128,0
2022-12-07,6705.287,2670.647,0.6665751419573861,-31.023699794860512,1886.75,641.78,2.9398703605596936,0.0,2.4790011785398667,1.0,1.0,0,,0.0,0.0,0.0,0.0,0.0,2.3700419247119764,0,0,0,1886.75,1878.3309999999997,1.004482170607843,0
2022-12-08,6662.344,2672.896,0.6617488912489912,-30.46144115581263,1767.72,512.41,3.4498155773696846,0.0,2.4790011785398667,1.0,1.0,0,,0.0,0.0,0.0,0.0,0.0,2.3700419247119764,0,0,0,1767.72,1883.26025,0.9386488139384878,1
2022-12-09,6680.375,2706.739,0.6552434554297015,-32.90746664566774,2018.14,738.27,2.733606945968277,0.0,2.4790011785398667,1.0,1.0,0,,0.0,0.0,0.0,0.0,0.0,2.3700419247119764,0,0,0,2018.14,1888.3607499999998,1.0687258777222521,0
2022-12-12,6655.674,2673.939,0.6608285177289781,-33.630054499423025,1866.69,648.83,2.8770093861257955,0.0,2.4790011785398667,1.0,1.0,0,,0.0,0.0,0.0,0.0,0.0,2.3700419247119764,0,0,0,1866.69,1892.24575,0.9864944867758324,1
2022-12-13,6593.668,2676.9,0.6539479138355551,-35.119639772444785,1768.34,499.21,3.542276797339797,0.0,2.4790011785398667,1.0,1.0,0,,0.0,0.0,0.0,0.0,0.0,2.3700419247119764,0,0,0,1768.34,1893.2247499999999,0.9340359616574841,2
2022-12-14,6570.018,2686.368,0.6493058029049377,-36.76114347744399,1677.87,560.48,2.9936304596060515,0.0,2.4790011785398667,1.0,1.0,0,,0.0,0.0,0.0,0.0,0.0,2.3700419247119764,0,0,0,1677.87,1893.699,0.8860278217393577,3
2022-12-15,6597.551,2675.188,0.654751766367643,-35.573432198962266,1602.26,483.83,3.311617716966704,0.0,2.4790011785398667,1.0,1.0,0,,0.0,0.0,0.0,0.0,0.0,2.3700419247119764,0,0,0,1602.26,1889.7435,0.8478716820563214,4
2022-12-16,6519.436,2688.29,0.6438462048423184,-36.07103150250895,1611.73,507.02,3.178829237505424,0.0,2.4790011785398667,1.0,1.0,0,,0.0,0.0,0.0,0.0,0.0,2.3700419247119764,0,0,0,1611.73,1892.25425,0.8517512908215162,5
2022-12-19,6390.77,2646.179,0.6411832958897358,-35.83573888805261,1561.8,478.77,3.262109154708942,0.0,2.4790011785398667,1.0,1.0,0,,0.0,0.0,0.0,0.0,0.0,2.3700419247119764,0,0,0,1561.8,1886.28325,0.827977452484933,6
2022-12-20,6341.583,2599.488,0.6476764325187129,-34.33719846519866,1310.77,472.85,2.772063022100032,0.0,2.4790011785398667,1.0,1.0,0,,0.0,0.0,0.0,0.0,0.0,2.3700419247119764,0,0,0,1310.77,1877.7525,0.6980525921280892,7
2022-12-21,6289.136,2607.424,0.6403649572033564,-33.92421520798765,1229.09,337.38,3.64304345248681,0.0,2.4790011785398667,1.0,1.0,0,,0.0,0.0,0.0,0.0,0.0,2.3700419247119764,0,0,0,1229.09,1858.42975,0.6613594083930264,8
2022-12-22,6186.928,2619.757,0.6269924089622658,-36.14636174302852,1318.75,457.68,2.881380003495892,0.0,2.4790011785398667,1.0,1.0,0,,0.0,0.0,0.0,0.0,0.0,2.3700419247119764,0,0,0,1318.75,1842.30775,0.7158141738262785,9
2022-12-23,6160.745,2615.879,0.6252645579746672,-38.293472280136925,1162.83,344.43,3.3760996428882497,0.0,2.4790011785398667,1.0,1.0,0,,0.0,0.0,0.0,0.0,0.0,2.3700419247119764,0,0,0,1162.83,1821.9997500000002,0.6382163334544914,10
2022-12-26,6275.524,2607.523,0.6389547121034953,-35.46812737105967,1252.37,415.66,3.0129673290670254,0.0,2.4790011785398667,1.0,1.0,0,,0.0,0.0,0.0,0.0,0.0,2.3700419247119764,0,0,0,1252.37,1806.5255000000002,0.6932478949231549,11
2022-12-27,6325.628,2632.453,0.6379567728853888,-33.82669398361469,1367.53,398.53,3.43143552555642,0.0,2.4790011785398667,1.0,1.0,0,,0.0,0.0,0.0,0.0,0.0,2.3700419247119764,0,0,0,1367.53,1790.8259999999998,0.7636308608429854,12
2022-12-28,6268.466,2638.306,0.6307893318959906,-33.513574370616986,1250.62,416.57,3.0021845068055786,0.0,2.4790011785398667,1.0,1.0,0,,0.0,0.0,0.0,0.0,0.0,2.3700419247119764,0,0,0,1250.62,1768.0155,0.7073580520080281,13
2022-12-29,6261.829,2622.072,0.6340227200825503,-31.152731270630312,1210.84,412.51,2.935298538217255,0.0,2.4790011785398667,1.0,1.0,0,,0.0,0.0,0.0,0.0,0.0,2.3700419247119764,0,0,0,1210.84,1748.43075,0.6925295725895921,14
2022-12-30,6281.621,2635.248,0.6328466241250897,-28.426021930183687,1165.28,418.38,2.7852191787370333,0.0,2.4790011785398667,1.0,1.0,0,,0.0,0.0,0.0,0.0,0.0,2.3700419247119764,0,0,0,1165.28,1720.03325,0.6774752755506325,15
2023-01-03,6423.701,2641.422,0.6456479219105856,-23.045930013498467,1607.08,547.47,2.935466783568049,0.0,2.4790011785398667,1.0,1.0,0,,0.0,0.0,0.0,0.0,0.0,2.3700419247119764,0,0,0,1607.08,1705.1575,0.9424818528493701,16
2023-01-04,6421.277,2651.005,0.6430712417878542,-18.682666144472208,1566.33,517.94,3.024153376839016,0.0,2.4790011785398667,1.0,1.0,0,,0.0,0.0,0.0,0.0,0.0,2.3700419247119764,0,0,0,1566.33,1699.1247500000002,0.9218452029493419,17
2023-01-05,6485.469,2700.308,0.6376411186727852,-15.365167603332273,1558.22,657.54,2.369772181160082,0.0,2.4790011785398667,1.0,1.0,0,,0.0,0.0,0.0,0.0,0.0,2.3700419247119764,0,0,0,1558.22,1696.9789999999998,0.9182317518366463,18
2023-01-06,6500.32,2713.631,0.635963477142403,-12.84018329513062,1657.96,611.9,2.7095277006046743,0.0,2.4790011785398667,1.0,1.0,0,,0.0,0.0,0.0,0.0,0.0,2.3700419247119764,0,0,0,1657.96,1692.602,0.979533286620245,19
2023-01-09,6535.749,2742.201,0.6327677121451156,-11.54911821411413,1629.44,613.58,2.655627628019166,0.0,2.4790011785398667,1.0,1.0,0,,0.0,0.0,0.0,0.0,0.0,2.3700419247119764,0,0,0,1629.44,1674.05275,0.9733504514717353,20
2023-01-10,6540.201,2733.619,0.6351866206164887,-8.436413135258016,1466.34,552.51,2.6539610142802843,0.0,2.4790011785398667,1.0,1.0,0,,0.0,0.0,0.0,0.0,0.0,2.3700419247119764,0,0,0,1466.34,1657.4869999999999,0.8846766218980904,21
2023-01-11,6486.905,2740.193,0.6284990354972149,-7.842479878840073,1474.73,547.47,2.693718377262681,0.0,2.4790011785398667,1.0,1.0,0,,0.0,0.0,0.0,0.0,0.0,2.3700419247119764,0,0,0,1474.73,1638.92625,0.8998147415114012,22
2023-01-12,6489.57,2741.945,0.6283554879943134,-7.260314079084347,1348.47,478.88,2.815882893417976,0.0,2.4790011785398667,1.0,1.0,0,,0.0,0.0,0.0,0.0,0.0,2.3700419247119764,0,0,0,1348.47,1623.82775,0.8304267493889054,23
2023-01-13,6517.513,2787.356,0.6207799709372266,-7.626740033386302,1389.07,564.44,2.4609701651194102,0.0,2.4790011785398667,1.0,1.0,0,,0.0,0.0,0.0,0.0,0.0,2.3700419247119764,0,0,0,1389.07,1608.84275,0.8633969976245347,24
2023-01-16,6591.806,2834.291,0.6174591204978206,-9.741819331227097,1754.17,934.52,1.8770812823695588,0.0,2.4790011785398667,1.0,1.0,0,,0.0,0.0,0.0,0.0,0.0,2.3700419247119764,0,0,0,1754.17,1598.9077499999999,1.097105195718765,0
2023-01-17,6597.495,2827.027,0.6195799335922053,-10.550445767063525,1396.61,583.94,2.391701202178305,0.0,2.4790011785398667,1.0,1.0,0,,0.0,0.0,0.0,0.0,0.0,2.3700419247119764,0,0,0,1396.61,1588.931,0.8789620191185142,1
2023-01-18,6613.005,2810.086,0.6247805054432587,-8.286437359627604,1259.76,469.77,2.681652723673287,0.0,2.4790011785398667,1.0,1.0,0,,0.0,0.0,0.0,0.0,0.0,2.3700419247119764,0,0,0,1259.76,1572.4795,0.8011296808638841,2
2023-01-19,6676.08,2820.807,0.6283424337756492,-5.641135221230703,1356.75,560.71,2.41970002318489,0.0,2.4790011785398667,1.0,1.0,0,,0.0,0.0,0.0,0.0,0.0,2.3700419247119764,0,0,0,1356.75,1561.518,0.8688660649444963,3
2023-01-20,6736.852,2836.807,0.6304859992961469,-4.050236007717725,1548.72,643.27,2.407573802602329,0.0,2.4790011785398667,1.0,1.0,0,,0.0,0.0,0.0,0.0,0.0,2.3700419247119764,0,0,0,1548.72,1560.25875,0.9926045920268033,4
2023-01-30,6786.453,2839.122,0.6346101603242853,-1.3777239940466766,2111.4,916.28,2.3043174575457286,0.0,2.4790011785398667,1.0,1.0,0,,0.0,0.0,0.0,0.0,0.0,2.3700419247119764,0,0,0,2111.4,1575.78525,1.3399033910236184,0
2023-01-31,6805.276,2807.952,0.64343442715299,5.860446295887042,1807.9,671.83,2.691008141940669,0.0,2.4790011785398667,1.0,1.0,0,,0.0,0.0,0.0,0.0,0.0,2.3700419247119764,0,0,0,1807.9,1582.9747499999999,1.1420902323299853,0
2023-02-01,6916.72,2820.874,0.6509756403274454,14.685561270518198,2088.71,719.88,2.901469689392677,0.0,2.4790011785398667,1.0,1.0,0,,0.0,0.0,0.0,0.0,0.0,2.3700419247119764,0,0,0,2088.71,1590.1844999999998,1.3135016722902282,0
2023-02-02,6933.226,2811.847,0.6546239667403475,22.248888746897215,2123.28,707.94,2.9992372234935165,0.0,2.4790011785398667,1.0,1.0,0,,0.0,0.0,0.0,0.0,0.0,2.3700419247119764,0,0,0,2123.28,1598.639,1.3281797829278532,0
2023-02-03,6925.076,2774.801,0.6625839810472715,31.726067668526166,1941.53,654.13,2.9681103144634857,0.0,2.4790011785398667,1.0,1.0,0,,0.0,0.0,0.0,0.0,0.0,2.3700419247119764,0,0,0,1941.53,1597.23075,1.2155601186616274,0
2023-02-06,6891.413,2735.005,0.6689572787000899,40.53032595584805,1828.65,596.55,3.065375911491074,1.0,2.501606824897177,1.0,1.0,0,,0.009118852606042338,0.009618852606042338,0.0005,1.0,1.0,2.391653987693566,0,0,0,1828.65,1598.0435,1.1443055210950142,0
2023-02-07,6924.321,2740.445,0.670817421336664,50.952542951949795,1870.7,427.91,4.371713678109883,1.0,2.5085629425194833,1.0,1.0,0,,0.0027806598355408774,0.0027806598355408774,0.0,0.0,1.0,2.3983043638776564,0,0,0,1870.7,1593.2545,1.1741375906987868,0
2023-02-08,6877.725,2731.252,0.6685459541578219,58.84843725732352,1738.15,380.28,4.570711055012097,0.0,2.507308661048224,1.0,1.0,0,,-0.0005,0.0,0.0005,1.0,0.0,2.3971052116957177,0,0,0,1738.15,1588.8337500000002,1.0939785235554065,0
2023-02-09,6999.182,2761.872,0.6728092750062103,65.29488019382758,1949.95,487.91,3.996536246438892,1.0,2.5220441264207087,1.0,1.0,0,,0.0058770049341769215,0.006377004934176922,0.0005,1.0,1.0,2.4111930108525947,0,0,0,1949.95,1590.4137500000002,1.2260646011140182,0
2023-02-10,6975.395,2746.723,0.6742208393188629,70.38588839921773,1899.23,407.48,4.660915873171689,1.0,2.5273354141838826,1.0,1.0,0,,0.0020980155373742093,0.0020980155373742093,0.0,0.0,1.0,2.4162517312529714,0,0,0,1899.23,1593.7015,1.1917099908608983,0
2023-02-13,7052.177,2767.793,0.6764533122835404,73.24521309937413,2077.07,639.89,3.245979777774305,1.0,2.5357039006734694,1.0,1.0,0,,0.0033111895012514214,0.0033111895012514214,0.0,0.0,1.0,2.424252398617877,0,0,0,2077.07,1595.1747500000001,1.3020955854523149,0
2023-02-14,7061.449,2776.982,0.6751013748743362,75.34660259314434,1990.3,495.32,4.018210449810224,1.0,2.5306361260026455,1.0,1.0,0,,-0.001998567210263813,-0.001998567210263813,0.0,0.0,1.0,2.4194073672645957,0,0,0,1990.3,1598.2649999999999,1.2452878590221272,0
2023-02-15,7063.605,2752.339,0.6813538458467813,75.90225093533964,2070.38,486.14,4.25881433331962,1.0,2.5540736859137,1.0,1.0,0,,0.00926152901645172,0.00926152901645172,0.0,0.0,1.0,2.441814778799134,0,0,0,2070.38,1605.816,1.289300891260269,0
2023-02-16,6925.203,2742.804,0.6703258455321004,72.29675844940307,2631.55,642.26,4.0973281848472585,1.0,2.512734922533023,1.0,1.0,0,,-0.016185423157002,-0.016185423157002,0.0,0.0,1.0,2.4022929733332488,0,0,0,2631.55,1629.658,1.614786660759497,0
2023-02-17,6868.548,2714.289,0.6718264239007051,66.3777287893495,2038.46,528.74,3.855316412603548,1.0,2.5183598819403357,1.0,1.0,0,,0.002238580503208132,0.002238580503208132,0.0,0.0,1.0,2.4076706995463466,0,0,0,2038.46,1640.563,1.2425368608215595,0
2023-02-20,6959.361,2788.396,0.662617870331419,55.663443112659955,1964.39,705.67,2.78372327008375,1.0,2.4838413648731708,1.0,1.0,0,,-0.013706745137858967,-0.013706745137858967,0.0,0.0,1.0,2.374669370891774,0,0,0,1964.39,1649.3795000000002,1.1909872773367196,0
2023-02-21,6990.475,2802.136,0.6623167027637361,44.95167043292596,2033.86,638.01,3.187818372752778,1.0,2.482712429938176,1.0,1.0,0,,-0.00045451168941790243,-0.00045451168941790243,0.0,0.0,1.0,2.373590055904201,0,0,0,2033.86,1661.181,1.2243458118049748,0
2023-02-22,6998.43,2769.344,0.6709218679481754,37.783392557944815,1759.67,453.44,3.88071189131969,1.0,2.514969129000618,1.0,1.0,0,,0.012992523287622681,0.012992523287622681,0.0,0.0,1.0,2.404428979980806,0,0,0,1759.67,1672.4035,1.0521802902230235,0
2023-02-23,6966.787,2767.535,0.6683248985779183,30.16693719034296,1724.39,494.64,3.4861515445576585,1.0,2.505234317680291,1.0,1.0,0,,-0.003870747838640609,-0.003870747838640609,0.0,0.0,1.0,2.3951220417033805,0,0,0,1724.39,1684.786,1.0235068430055805,0
2023-02-24,6944.824,2727.59,0.6759746114600659,24.989413726821436,1519.78,496.08,3.0635784550878893,1.0,2.533909477431986,1.0,1.0,0,,0.011446098893554302,0.011446098893554302,0.0,0.0,1.0,2.4225368454548493,0,0,0,1519.78,1689.81175,0.8993782887354168,1
2023-02-27,6894.296,2723.584,0.6720434948258839,18.75136613224427,1623.46,449.26,3.6136313048123583,1.0,2.5191735782911455,1.0,1.0,0,,-0.005815479705208126,-0.005815479705208126,0.0,0.0,1.0,2.408448631594988,0,0,0,1623.46,1701.3275,0.9542313281834331,2
2023-02-28,6955.574,2737.155,0.6746551102824683,14.715079571924427,1644.61,456.02,3.606442699881584,1.0,2.5289632908700743,1.0,1.0,0,,0.003886081000249897,0.003886081000249897,0.0,0.0,1.0,2.417808058062307,0,0,0,1644.61,1711.1335,0.9611231385511416,3
2023-03-01,7002.771,2773.649,0.6702960402443805,10.479847966940834,1941.63,598.6,3.2436184430337454,1.0,2.5126231965898427,1.0,1.0,0,,-0.00497088714846762,-0.00484588714846762,0.000125,0.25,0.75,2.4057894070590238,0,0,1,1941.63,1725.486,1.1252655773503812,0
2023-03-02,6972.306,2769.108,0.6684743923703205,6.296602093364748,2024.22,528.17,3.832516045970048,1.0,2.5057946992848117,1.0,1.0,0,,-0.002842676615538234,-0.0027176766155382337,0.000125,0.25,1.0,2.3989505257696675,0,0,0,2024.22,1744.8260000000002,1.1601271416175594,0
2023-03-03,6967.94,2774.508,0.6667555682665609,3.1130423188565395,1848.8,533.09,3.468082312555103,1.0,2.499351639719087,1.0,1.0,0,,-0.0025712639457509123,-0.0025712639457509123,0.0,0.0,1.0,2.3927821907751157,0,0,0,1848.8,1760.775,1.0499921909386492,0
2023-03-06,6997.044,2744.141,0.6769497195216438,3.998363800168117,1941.54,672.39,2.8875206353455583,1.0,2.5375646968986105,1.0,1.0,0,,0.015289188032708623,0.015289188032708623,0.0,0.0,1.0,2.4293658876111928,0,0,0,1941.54,1780.1815000000001,1.0906416003087325,0
2023-03-07,6855.344,2713.168,0.6708119592431905,3.2300814264441513,1894.78,734.44,2.579897609062687,1.0,2.5145571331882133,1.0,1.0,0,,-0.009066789011731191,-0.009066789011731191,0.0,0.0,1.0,2.407339339675925,0,0,0,1894.78,1787.3740000000003,1.0600915085482947,0
2023-03-08,6891.456,2691.933,0.679665102401431,4.53613948425108,1527.06,476.89,3.2021220826605714,1.0,2.54774338452578,1.0,1.0,0,,0.013197652540704041,0.013197652540704041,0.0,0.0,1.0,2.4391105678285356,0,0,0,1527.06,1786.39225,0.8548290556007505,1
2023-03-09,6892.857,2671.843,0.6849148208358784,7.5834822493475285,1559.09,470.63,3.31277224146357,0.5946892634450488,2.558929790801404,0.5946892634450488,0.5946892634450488,0,0.1345240361942271,0.004390711538519406,0.004593366906796882,0.00020265536827747562,0.4053107365549512,0.5946892634450488,2.449819998742425,0,0,0,1559.09,1786.414,0.8727484222582222,2
2023-03-10,6798.299,2636.389,0.6846033201455266,10.158821142510831,1705.06,475.2,3.5880892255892256,0.5946892634450488,2.5582376875051716,0.5914201964262947,0.5946892634450488,1,0.13526761595800516,-0.00027046591849456063,-0.00027046591849456063,0.0,0.0,0.5946892634450488,2.449157405926319,0,0,0,1705.06,1787.5914999999998,0.9538308948101398,3
2023-03-13,6832.621,2664.038,0.6809185198158823,11.536228806204967,1761.71,537.57,3.277173205350001,0.5946892634450488,2.5500491574228232,0.5913758762144483,0.5946892634450488,1,0.1352777534858218,-0.002474972186301556,-0.002400636028370925,7.433615793063108e-05,0.14867231586126217,0.4460169475837866,2.4430958094667767,0,0,1,1761.71,1790.8982500000002,0.9837018937284683,4
2023-03-14,6769.849,2645.114,0.6794896064980704,11.82368054077511,1971.25,548.32,3.5950722206011085,0.5946892634450488,2.546866796831083,0.5859432320744572,0.5946892634450488,1,0.13653199767624283,-0.0009359703662408588,-0.0009359703662408588,0.0,0.0,0.4460169475837866,2.4408091441872286,0,0,1,1971.25,1803.521,1.0930008577665578,0
2023-03-15,6803.474,2648.385,0.6820211463000614,13.733413397997719,1717.49,498.42,3.4458689458689458,0.5946892634450488,2.552509643782158,0.5858515108241342,0.5946892634450488,1,0.13655337320452018,0.002141267327142045,0.002215603485072676,7.433615793063108e-05,0.14867231586126217,0.5946892634450488,2.4460355690594664,0,0,0,1717.49,1809.5900000000001,0.9491044932830088,1
2023-03-16,6689.783,2622.823,0.677159970607107,12.021496211019793,1755.08,573.71,3.0591762388663257,0.5946892634450488,2.5416902988512398,0.5995089611404475,0.5946892634450488,1,0.13344254245643933,-0.004238708737995878,-0.004238708737995878,0.0,0.0,0.5946892634450488,2.4356675367194454,0,0,0,1755.08,1819.7552499999997,0.9644593689178806,2
2023-03-17,6736.367,2628.591,0.6803790827620876,11.485525534364971,2041.56,686.53,2.9737374914424715,0.6492405456473047,2.5494656140233873,0.6492405456473047,0.6492405456473047,0,0.12322089329808959,0.0030591119522554956,0.0030863875933566237,2.7275641101127957e-05,0.05455128220225591,0.6492405456473047,2.4431185163927442,0,0,0,2041.56,1836.0675000000003,1.1119199049054567,0
2023-03-20,6721.455,2616.751,0.681944650478395,9.535033042633263,2301.74,624.06,3.688331250200301,0.6492405456473047,2.5532743046453836,0.6455058662979062,0.6492405456473047,1,0.12393380785029048,0.0014939172354578088,0.0014939172354578088,0.0,0.0,0.6492405456473047,2.4467683332526495,0,0,0,2301.74,1849.75675,1.2443473986512008,0
2023-03-21,6809.391,2643.358,0.683912462141385,7.718280662800444,1952.53,538.34,3.626945796336887,0.7088263567470637,2.5584206544624934,0.7088263567470637,0.7088263567470637,0,0.11286262035618273,0.0020155883007738763,0.002045381206323756,2.9792905549879513e-05,0.05958581109975902,0.7088263567470637,2.4517000108798577,0,0,0,1952.53,1863.6547500000001,1.0476886880469678,0
2023-03-22,6840.326,2651.534,0.6849010468804737,7.314888204370903,2116.99,481.76,4.394283460644304,0.7088263567470637,2.5610420055697913,0.7095758185767641,0.7088263567470637,1,0.11274341360795027,0.0010245973830479366,0.0010245973830479366,0.0,0.0,0.7088263567470637,2.4542120162950236,0,0,0,2116.99,1885.0855,1.1230206799638531,0
2023-03-23,6868.835,2668.669,0.6833396228397165,5.664734987244864,2249.78,535.63,4.2002501726938375,0.7088263567470637,2.5569034423736863,0.7603848282284638,0.7088263567470637,1,0.105209884561194,-0.0016159684952859596,-0.0016159684952859596,0.0,0.0,0.7088263567470637,2.4502460869959384,0,0,0,2249.78,1907.4112499999999,1.1794939345146467,0
2023-03-24,6867.952,2653.285,0.6872133375193891,6.0434334367638805,2402.07,535.08,4.48917918815878,0.7659592619317253,2.567932651302767,0.7659592619317253,0.7659592619317253,0,0.10444419693841485,0.004313502319368812,0.004342068771961143,2.856645259233076e-05,0.05713290518466152,0.7659592619317253,2.4608152291752194,0,0,0,2402.07,1928.7450000000001,1.2454056912655638,0
2023-03-27,6886.689,2639.623,0.6926547189086157,6.780168211416233,2706.12,564.55,4.793410681073421,0.7659592619317253,2.5835068922214384,0.8060473430596283,0.7659592619317253,1,0.09924975336601526,0.006064894618934094,0.006064894618934094,0.0,0.0,0.7659592619317253,2.475739814216835,0,0,0,2706.12,1943.613,1.392314210699352,0
2023-03-28,6825.383,2638.738,0.686718876521766,5.8622226923228435,2367.25,476.13,4.971856425766072,0.7659592619317253,2.5665486489973333,0.8079187710228903,0.7659592619317253,1,0.0990198555465094,-0.006564040248997919,-0.006564040248997919,0.0,0.0,0.7659592619317253,2.4594889584302693,0,0,0,2367.25,1957.59675,1.209263348031202,0
2023-03-29,6806.281,2636.223,0.6854502840168262,3.6631953839378983,2201.66,474.31,4.641816533490755,0.7659592619317253,2.5629170463126765,0.7670115342520296,0.7659592619317253,1,0.1043009086923497,-0.0014149751987268028,-0.0014149751987268028,0.0,0.0,0.7659592619317253,2.456008842552548,0,0,0,2201.66,1960.4205000000002,1.123054977235751,0
2023-03-30,6807.645,2664.212,0.6783851782418491,-0.8855185584394981,1950.37,591.77,3.29582439123308,0.7659592619317253,2.542682991171541,0.7882456862255504,0.7659592619317253,1,0.1014911992516869,-0.007894931742034546,-0.007894931742034546,0.0,0.0,0.7659592619317253,2.4366188203827623,0,0,0,1950.37,1956.0977500000001,0.9970718487866977,1
2023-03-31,6875.808,2661.92,0.6857676150980636,-3.4512998854417907,2026.03,564.14,3.5913603006345944,0.0,2.5417091953779187,0.7405165527076972,0.7405165527076972,0,0.1080326965109425,-0.00038297963096586265,0.0,0.00038297963096586265,0.7659592619317253,0.0,2.4356856450061275,0,0,0,2026.03,1958.21025,1.034633538456864,0
2023-04-03,6962.205,2665.723,0.6933939020782991,-2.606182091133439,2749.17,681.74,4.032578402323466,0.0,2.5417091953779187,1.0,1.0,0,,0.0,0.0,0.0,0.0,0.0,2.4356856450061275,0,0,0,2749.17,1981.2232499999998,1.3876124258081468,0
2023-04-04,6953.363,2675.917,0.6898751380966963,-3.896482060623761,3061.42,703.01,4.354731796133768,0.0,2.5417091953779187,1.0,1.0,0,,0.0,0.0,0.0,0.0,0.0,2.4356856450061275,0,0,0,3061.42,2010.9912499999998,1.5223437695216229,0
2023-04-06,6983.027,2666.448,0.695278552744898,-2.645464111866365,2812.27,584.7,4.8097656918077645,0.0,2.5417091953779187,1.0,1.0,0,,0.0,0.0,0.0,0.0,0.0,2.4356856450061275,0,0,0,2812.27,2037.84425,1.3800220502621827,0
2023-04-07,7042.89,2684.862,0.6964295135386978,-0.7626937672487037,2426.08,557.8,4.349372534958767,0.0,2.5417091953779187,1.0,1.0,0,,0.0,0.0,0.0,0.0,0.0,2.4356856450061275,0,0,0,2426.08,2049.7475000000004,1.1835994433460704,0
2023-04-10,6968.573,2684.909,0.68906868478389,-1.2881056614798982,2651.99,695.41,3.813563221696553,0.0,2.5417091953779187,1.0,1.0,0,,0.0,0.0,0.0,0.0,0.0,2.4356856450061275,0,0,0,2651.99,2068.5665,1.2820424192309021,0
2023-04-11,6984.142,2680.044,0.691861823090348,-1.7487082942133134,2283.57,701.97,3.253087738792256,0.0,2.5417091953779187,1.0,1.0,0,,0.0,0.0,0.0,0.0,0.0,2.4356856450061275,0,0,0,2283.57,2073.7290000000003,1.1011901748010466,0
2023-04-12,7021.016,2665.77,0.699238796849869,-0.6809650343404048,2526.39,710.06,3.557995099005718,0.0,2.5417091953779187,1.0,1.0,0,,0.0,0.0,0.0,0.0,0.0,2.4356856450061275,0,0,0,2526.39,2087.13125,1.2104605304529843,0
2023-04-13,6966.818,2670.014,0.6927382322253851,-1.468829847606729,2533.31,698.59,3.626318727722985,0.0,2.5417091953779187,1.0,1.0,0,,0.0,0.0,0.0,0.0,0.0,2.4356856450061275,0,0,0,2533.31,2098.7045,1.2070827503347898,0
2023-04-14,7020.094,2679.007,0.6956924807076155,-2.3939314064324098,2491.6,673.04,3.70200879591109,0.0,2.5417091953779187,1.0,1.0,0,,0.0,0.0,0.0,0.0,0.0,2.4356856450061275,0,0,0,2491.6,2095.20575,1.1891910854101082,0
2023-04-17,7012.773,2732.974,0.6812437195128485,-6.8898755784527514,2353.38,848.45,2.7737403500500912,0.0,2.5417091953779187,1.0,1.0,0,,0.0,0.0,0.0,0.0,0.0,2.4356856450061275,0,0,0,2353.38,2103.0787499999997,1.1190165846143425,0
2023-04-18,6997.072,2744.454,0.6768752232680594,-11.928223238636397,2212.82,759.79,2.9124100080285347,0.0,2.5417091953779187,1.0,1.0,0,,0.0,0.0,0.0,0.0,0.0,2.4356856450061275,0,0,0,2212.82,2109.2895,1.0490831154282048,0
2023-04-19,6965.576,2720.718,0.6797069890188293,-15.417135473241757,2376.9,621.64,3.8235956502155592,0.0,2.5417091953779187,1.0,1.0,0,,0.0,0.0,0.0,0.0,0.0,2.4356856450061275,0,0,0,2376.9,2117.8655,1.1223092306853293,0
2023-04-20,6963.899,2704.858,0.6835278646623693,-17.409961222419433,2493.9,657.82,3.791158675625551,0.0,2.5417091953779187,1.0,1.0,0,,0.0,0.0,0.0,0.0,0.0,2.4356856450061275,0,0,0,2493.9,2136.22125,1.1674352551263125,0
2023-04-21,6773.512,2654.211,0.6775271299128868,-20.791683833043837,2666.72,691.58,3.8559819543653657,0.0,2.5417091953779187,1.0,1.0,0,,0.0,0.0,0.0,0.0,0.0,2.4356856450061275,0,0,0,2666.72,2159.7795,1.2347186367867644,0
2023-04-24,6725.271,2618.478,0.6818817863165328,-21.939694279426938,2336.05,670.28,3.485185295697321,0.0,2.5417091953779187,1.0,1.0,0,,0.0,0.0,0.0,0.0,0.0,2.4356856450061275,0,0,0,2336.05,2180.18625,1.0714910251360406,0
2023-04-25,6603.239,2619.233,0.6693158553301545,-25.604924551534626,2474.86,671.36,3.686338179218304,0.0,2.5417091953779187,1.0,1.0,0,,0.0,0.0,0.0,0.0,0.0,2.4356856450061275,0,0,0,2474.86,2201.47125,1.1241845652083806,0
2023-04-26,6624.4,2617.978,0.6717826545550206,-28.5104410612947,2541.24,643.3,3.9503186693611063,0.0,2.5417091953779187,1.0,1.0,0,,0.0,0.0,0.0,0.0,0.0,2.4356856450061275,0,0,0,2541.24,2223.8869999999997,1.1427019448380247,0
2023-04-27,6633.493,2650.57,0.6644330507497844,-33.055961912200985,2320.48,746.38,3.10897934028243,0.0,2.5417091953779187,1.0,1.0,0,,0.0,0.0,0.0,0.0,0.0,2.4356856450061275,0,0,0,2320.48,2233.3582499999998,1.0390093035902324,0
2023-04-28,6723.305,2677.757,0.666591667076228,-36.378830113135336,2419.29,823.33,2.93842080332309,0.0,2.5417091953779187,1.0,1.0,0,,0.0,0.0,0.0,0.0,0.0,2.4356856450061275,0,0,0,2419.29,2243.2349999999997,1.078482637797645,0
2023-05-04,6733.969,2692.691,0.6639461001743552,-38.33506806115197,2527.55,885.83,2.8533127123714483,0.0,2.5417091953779187,1.0,1.0,0,,0.0,0.0,0.0,0.0,0.0,2.4356856450061275,0,0,0,2527.55,2260.20375,1.1182841369942864,0
2023-05-05,6653.653,2685.173,0.6578639776655324,-40.37902262801097,2327.57,754.25,3.0859396751740142,0.0,2.5417091953779187,1.0,1.0,0,,0.0,0.0,0.0,0.0,0.0,2.4356856450061275,0,0,0,2327.57,2269.8545,1.0254269601862147,0
2023-05-08,6702.5,2720.323,0.6541307713848812,-42.22062968310354,2397.8,946.57,2.5331459902595688,0.0,2.5417091953779187,1.0,1.0,0,,0.0,0.0,0.0,0.0,0.0,2.4356856450061275,0,0,0,2397.8,2282.43,1.050547004727418,0
2023-05-09,6611.637,2703.937,0.6491733206234048,-43.605187264398246,2563.39,1048.59,2.444606566913665,0.0,2.5417091953779187,1.0,1.0,0,,0.0,0.0,0.0,0.0,0.0,2.4356856450061275,0,0,0,2563.39,2308.33825,1.1104914975090847,0
2023-05-10,6627.311,2673.906,0.6580205332230974,-41.77527418778846,2122.27,768.87,2.7602455551653726,0.0,2.5417091953779187,1.0,1.0,0,,0.0,0.0,0.0,0.0,0.0,2.4356856450061275,0,0,0,2122.27,2322.41775,0.9138192299813416,1
2023-05-11,6622.521,2666.062,0.6594795449710029,-39.234209347140194,1922.73,542.15,3.546490823572812,0.0,2.5417091953779187,1.0,1.0,0,,0.0,0.0,0.0,0.0,0.0,2.4356856450061275,0,0,0,1922.73,2327.8595,0.8259647972740622,2
2023-05-12,6535.944,2630.948,0.6595447814132158,-35.428254332708285,1836.08,567.25,3.236809167033936,0.0,2.5417091953779187,1.0,1.0,0,,0.0,0.0,0.0,0.0,0.0,2.4356856450061275,0,0,0,1836.08,2329.71875,0.7881122989631258,3
2023-05-15,6585.91,2677.037,0.6531450625555253,-32.392467310292595,1918.63,671.51,2.857187532575837,0.0,2.5417091953779187,1.0,1.0,0,,0.0,0.0,0.0,0.0,0.0,2.4356856450061275,0,0,0,1918.63,2328.4032500000003,0.8240110470555304,4
2023-05-16,6516.289,2670.451,0.6478343234400096,-30.516583452256757,1781.99,577.85,3.0838279830405813,0.0,2.5417091953779187,1.0,1.0,0,,0.0,0.0,0.0,0.0,0.0,2.4356856450061275,0,0,0,1781.99,2330.0157499999996,0.7647974053394275,5
2023-05-17,6554.98,2649.356,0.65686977965234,-25.760107057597462,1560.79,478.2,3.263885403596821,0.0,2.5417091953779187,1.0,1.0,0,,0.0,0.0,0.0,0.0,0.0,2.4356856450061275,0,0,0,1560.79,2325.1585000000005,0.6712617655957646,6
2023-05-18,6583.738,2644.218,0.6610335662434191,-21.25773106870584,1863.34,487.97,3.8185544193290566,0.0,2.5417091953779187,1.0,1.0,0,,0.0,0.0,0.0,0.0,0.0,2.4356856450061275,0,0,0,1863.34,2320.703,0.8029204943502033,7
2023-05-19,6602.317,2633.386,0.6656256978234706,-15.963340559806781,1790.72,512.03,3.497295080366385,0.0,2.5417091953779187,1.0,1.0,0,,0.0,0.0,0.0,0.0,0.0,2.4356856450061275,0,0,0,1790.72,2307.9275000000002,0.7758995895668299,8
2023-05-22,6595.984,2658.789,0.658633703342139,-12.387794944596786,1632.05,551.99,2.95666588162829,0.0,2.5417091953779187,1.0,1.0,0,,0.0,0.0,0.0,0.0,0.0,2.4356856450061275,0,0,0,1632.05,2299.9155,0.7096130270872995,9
2023-05-23,6528.453,2617.54,0.6621634197345024,-7.3961605696504025,1583.77,500.37,3.16519775366229,0.0,2.5417091953779187,1.0,1.0,0,,0.0,0.0,0.0,0.0,0.0,2.4356856450061275,0,0,0,1583.77,2286.585,0.6926355241550172,10
2023-05-24,6513.182,2577.342,0.6709179221521142,-0.9885514875980371,1634.77,561.22,2.9128862121806063,0.0,2.5417091953779187,1.0,1.0,0,,0.0,0.0,0.0,0.0,0.0,2.4356856450061275,0,0,0,1634.77,2271.20975,0.7197794039057819,11
2023-05-25,6501.0,2564.505,0.6730151587411727,6.147610427281384,1754.38,518.86,3.3812203677292527,0.0,2.5417091953779187,1.0,1.0,0,,0.0,0.0,0.0,0.0,0.0,2.4356856450061275,0,0,0,1754.38,2255.0175,0.7779895277974562,12
2023-05-26,6546.408,2559.614,0.6790110193690931,12.316173039849593,1701.65,429.82,3.9589828300218697,1.0,2.5630823093361457,1.0,1.0,0,,0.006306714984475895,0.006681714984475895,0.000375,0.75,0.75,2.4510468201609608,0,0,1,1701.65,2229.90575,0.7631040011444431,13
2023-05-29,6534.117,2548.286,0.68074893213296,18.65124769235325,2043.22,506.38,4.034953987124294,1.0,2.5696424583369315,1.0,1.0,0,,0.0019196073932809532,0.0019196073932809532,0.0,0.0,0.75,2.4557518677582197,0,0,1,2043.22,2221.805,0.9196216589664711,14
2023-05-30,6564.469,2535.144,0.6874564627946282,24.527948419494095,1931.52,544.86,3.544984032595529,1.0,2.5949615661096237,1.0,1.0,0,,0.0073898727692292,0.0073898727692292,0.0,0.0,0.75,2.47389956161375,0,0,1,1931.52,2215.0515,0.871997784250163,15
2023-05-31,6561.649,2493.35,0.6986794653806022,32.756221083677175,1971.41,588.45,3.350174186421956,1.0,2.637325354862966,1.0,1.0,0,,0.012244050925440342,0.012244050925440342,0.0,0.0,0.75,2.504190113830573,0,0,1,1971.41,2215.5775000000003,0.8897950985691089,16
2023-06-01,6574.758,2500.34,0.6981181574986476,39.004830589833226,2087.76,536.69,3.890066891501612,1.0,2.635206569951838,1.0,1.0,0,,-0.0006025379767482797,-0.0006025379767482797,0.0,0.0,0.75,2.5026812441859922,0,0,1,2087.76,2217.12075,0.9416537191309946,17
2023-06-02,6626.279,2543.576,0.6916290553884791,40.97057767182419,1983.01,544.66,3.64082179708442,1.0,2.6107119706778783,1.0,1.0,0,,-0.006971350809817367,-0.006971350809817367,0.0,0.0,0.75,2.4852341752676215,0,0,1,1983.01,2197.96675,0.902202001008432,18
2023-06-05,6632.956,2528.399,0.6964817432593641,42.711030759386844,1866.51,446.21,4.183030411689564,1.0,2.6290295503338785,1.0,1.0,0,,0.005262236851977631,0.005262236851977631,0.0,0.0,0.75,2.498312066130509,0,0,1,1866.51,2168.094,0.8608990200609383,19
2023-06-06,6489.811,2519.189,0.6839424003629039,38.17017657225052,1984.53,505.65,3.924710768318007,1.0,2.5816969341732756,1.0,1.0,0,,-0.013502876799518615,-0.013502876799518615,0.0,0.0,0.75,2.464577666094798,0,0,1,1984.53,2147.4005,0.9241545766614099,20
2023-06-07,6488.557,2511.393,0.6859329651391336,35.59848886139535,1692.39,400.36,4.227170546508143,1.0,2.5892107759490433,1.0,1.0,0,,0.0021828206313574405,0.0021828206313574405,0.0,0.0,0.75,2.469957397071932,0,0,1,1692.39,2129.05825,0.79490075013213,21
2023-06-08,6442.482,2540.065,0.6733744190011585,29.409577875971447,1723.27,453.11,3.8032045198737614,1.0,2.541805672763628,1.0,1.0,0,,-0.013731530750342086,-0.013731530750342086,0.0,0.0,0.75,2.436041101122004,0,0,1,1723.27,2105.84025,0.8183289306964285,22
2023-06-09,6495.564,2543.932,0.6778905787649845,24.873603928914303,2020.23,520.27,3.883041497683895,1.0,2.558852950151782,1.0,1.0,0,,0.005030069048203134,0.005030069048203134,0.0,0.0,0.75,2.4482945560649085,0,0,1,2020.23,2099.25675,0.9623548906059252,23
2023-06-12,6530.161,2542.196,0.6819665732608517,20.321589769848217,1974.2,574.2,3.438174851967956,1.0,2.574238723117611,1.0,1.0,0,,0.004509571260703837,0.004509571260703837,0.0,0.0,0.75,2.459335314832676,0,0,1,1974.2,2085.452,0.9466532914687079,24
2023-06-13,6554.957,2544.95,0.683815314905881,14.92559914733809,2060.66,472.45,4.361646735104244,1.0,2.581217221064979,1.0,1.0,0,,0.002033173308102265,0.002033173308102265,0.0,0.0,0.75,2.4643355697504674,0,0,1,2060.66,2073.6357500000004,0.993742512396403,25
2023-06-14,6578.123,2541.813,0.6870789188266011,11.819220321594084,2124.83,578.39,3.6736976780373114,1.0,2.593536440098641,1.0,1.0,0,,0.0035794795571038596,0.0035794795571038596,0.0,0.0,0.75,2.473156608544233,0,0,1,2124.83,2064.4665,1.0292392731972158,0
2023-06-15,6613.955,2576.742,0.6814571140438231,7.572205237746181,2200.51,643.84,3.417790134194832,1.0,2.5723156528444546,1.0,1.0,0,,-0.008307182029946361,-0.008182182029946361,0.000125,0.25,1.0,2.4526116464084913,0,0,0,2200.51,2060.6447500000004,1.0678745086944268,0
2023-06-16,6669.005,2600.919,0.6807418430061358,3.958087927421708,2231.31,677.29,3.2944676578718126,1.0,2.569615698807213,1.0,1.0,0,,-0.0010496200317623439,-0.0010496200317623439,0.0,0.0,1.0,2.450037336094287,0,0,0,2231.31,2061.107,1.082578439644327,0
2023-06-19,6693.299,2560.529,0.6939988606114886,2.897614446232851,2468.2,603.84,4.08750662427133,1.0,2.619657342211483,1.0,1.0,0,,0.01947436864878216,0.01947436864878216,0.0,0.0,1.0,2.497750266380667,0,0,0,2468.2,2063.3895,1.1961871474096382,0
2023-06-20,6693.915,2547.254,0.6976798350012725,2.9013552724072786,2406.61,481.02,5.003139162612782,1.0,2.633552021488324,1.0,1.0,0,,0.005304006387763405,0.005304006387763405,0.0,0.0,1.0,2.510998349748588,0,0,0,2406.61,2061.20725,1.1675730327457368,0
2023-06-21,6548.407,2519.079,0.6901477984287798,1.6499240172851095,2262.97,512.35,4.416843954328096,1.0,2.6051206276794776,1.0,1.0,0,,-0.010795835273752719,-0.010795835273752719,0.0,0.0,1.0,2.4838900251920375,0,0,0,2262.97,2051.1135,1.1032885308394684,0
2023-06-26,6420.973,2488.738,0.6849673884370857,-0.8020538763296761,2096.07,502.61,4.170370665128032,1.0,2.585565985963712,1.0,1.0,0,,-0.007506232727957807,-0.007506232727957807,0.0,0.0,1.0,2.465245368592293,0,0,0,2096.07,2045.114,1.0249159704544588,0
2023-06-27,6507.273,2506.599,0.68922717940861,-1.0806222834253398,1788.13,466.24,3.835213623884695,0.0,2.58427320297073,0.5147892280236873,0.5147892280236873,0,0.15540340715194398,-0.0005,0.0,0.0005,1.0,0.0,2.464012745907997,0,0,0,1788.13,2027.94575,0.8817444943978408,1
2023-06-28,6475.505,2510.715,0.6847380412107343,-2.356324261566461,1924.07,456.96,4.210587359943978,0.0,2.58427320297073,1.0,1.0,0,,0.0,0.0,0.0,0.0,0.0,2.464012745907997,0,0,0,1924.07,2012.5165000000002,0.9560517888921655,2
2023-06-29,6520.039,2490.897,0.6949325502052931,0.12484055444141513,1865.19,430.22,4.33543303426154,0.0,2.58427320297073,1.0,1.0,0,,0.0,0.0,0.0,0.0,0.0,2.464012745907997,0,0,0,1865.19,2001.1342500000003,0.9320664018418553,3
2023-06-30,6602.037,2492.102,0.7033319890910584,5.96299999532381,2034.04,421.35,4.827435623590839,1.0,2.614216392482637,1.0,1.0,0,,0.008690022443491832,0.009065022443491833,0.000375,0.75,0.75,2.4854250719709876,0,0,1,2034.04,1991.503,1.021359244751326,0
2023-07-03,6612.884,2534.474,0.6927097406106268,8.291606248167112,2256.25,571.32,3.949187845690681,1.0,2.5747345310953076,1.0,1.0,0,,-0.015227751823017568,-0.015102751823017568,0.000125,0.25,1.0,2.447577635800308,0,0,0,2256.25,1984.7205,1.136809943767901,0
2023-07-04,6638.447,2537.596,0.6945319700126071,9.82254093229174,2035.84,521.26,3.905613321566973,1.0,2.581507580021572,1.0,1.0,0,,0.0026305814616869316,0.0026305814616869316,0.0,0.0,1.0,2.4540161881550837,0,0,0,2035.84,1977.42725,1.0295397719435695,0
2023-07-05,6584.423,2520.175,0.6936417967567124,11.772150157683871,1847.79,455.5,4.056619099890231,1.0,2.5781988928669937,1.0,1.0,0,,-0.0012816879486174937,-0.0012816879486174937,0.0,0.0,1.0,2.450870905181013,0,0,0,1847.79,1963.6770000000001,0.9409846935112036,1
2023-07-06,6567.079,2501.317,0.6970304267372991,12.320607294898451,1737.22,410.17,4.2353658239266645,1.0,2.590794099939483,1.0,1.0,0,,0.00488527363320812,0.00488527363320812,0.0,0.0,1.0,2.4628440801924905,0,0,0,1737.22,1943.02275,0.8940811423849772,2
2023-07-07,6521.427,2489.535,0.6954607606167494,12.67053115085239,1649.96,389.39,4.2372942294357845,1.0,2.584959804092413,1.0,1.0,0,,-0.0022519334312234296,-0.0022519334312234296,0.0,0.0,1.0,2.4572979192724143,0,0,0,1649.96,1931.2149999999997,0.8543637036787723,3
2023-07-10,6526.852,2503.277,0.6922183154882036,9.700693436481105,1585.41,496.65,3.1922077922077925,1.0,2.572907951854433,1.0,1.0,0,,-0.0036217233007550115,-0.0034967233007550114,0.000125,0.25,0.75,2.4483982661412886,0,0,1,1585.41,1922.782,0.8245396514009389,4
2023-07-11,6579.37,2518.528,0.6935627453724121,7.731206354684775,1632.73,426.03,3.832429641105087,1.0,2.577905066583117,1.0,1.0,0,,0.0014566537616753084,0.0014566537616753084,0.0,0.0,0.75,2.4519647346857427,0,0,1,1632.73,1917.69825,0.851400891667915,5
2023-07-12,6482.987,2513.417,0.6847922440270561,4.005858591610672,1870.51,549.35,3.404951306089014,1.0,2.5453059686564727,1.0,1.0,0,,-0.00948418301430684,-0.00948418301430684,0.0,0.0,0.75,2.4287098523973567,0,0,1,1870.51,1916.49525,0.9760055497137288,6
2023-07-13,6548.313,2546.381,0.6827383136516344,0.3326424052495761,1809.15,626.47,2.887847782016697,1.0,2.537671709814664,1.0,1.0,0,,-0.0022495111400610557,-0.0022495111400610557,0.0,0.0,0.75,2.423246442528413,0,0,1,1809.15,1917.17425,0.9436544435123725,7
2023-07-14,6544.459,2547.939,0.6819192575829137,-2.696604485213538,1885.67,530.84,3.5522379624745684,1.0,2.5346273583072354,1.0,1.0,0,,-0.0008997474424058127,-0.0008997474424058127,0.0,0.0,0.75,2.421066132739429,0,0,1,1885.67,1925.2962499999999,0.9794181025387653,8
2023-07-17,6516.56,2520.786,0.6863263143579442,-5.044039897895791,1691.17,423.16,3.996526136685887,0.0,2.5333600446280817,1.0,1.0,0,,-0.000375,0.0,0.000375,0.75,0.0,2.420158232939652,0,0,0,1691.17,1920.9919999999997,0.880362854192001,9
2023-07-18,6510.034,2511.635,0.6881370806962306,-6.742242812296331,1599.66,394.21,4.057887927754243,0.0,2.5333600446280817,1.0,1.0,0,,0.0,0.0,0.0,0.0,0.0,2.420158232939652,0,0,0,1599.66,1916.2154999999998,0.8348017224576256,10
2023-07-19,6492.349,2517.106,0.6847760822727743,-7.3688407019535695,1418.53,374.15,3.7913403715087535,0.0,2.5333600446280817,1.0,1.0,0,,0.0,0.0,0.0,0.0,0.0,2.420158232939652,0,0,0,1418.53,1910.8774999999998,0.742344812788889,11
2023-07-20,6408.76,2506.863,0.6787215490136884,-8.941560237050293,1551.53,426.1,3.641234452006571,0.0,2.5333600446280817,1.0,1.0,0,,0.0,0.0,0.0,0.0,0.0,2.420158232939652,0,0,0,1551.53,1910.0715,0.8122889640518692,12
2023-07-21,6401.417,2509.293,0.6772873654742979,-11.552314704321805,1387.88,450.52,3.0806179525881205,0.0,2.5333600446280817,1.0,1.0,0,,0.0,0.0,0.0,0.0,0.0,2.420158232939652,0,0,0,1387.88,1903.89925,0.7289671446637737,13
2023-07-24,6393.794,2500.0,0.6789954458441362,-13.792507327210492,1298.39,348.56,3.725011475786092,0.0,2.5333600446280817,1.0,1.0,0,,0.0,0.0,0.0,0.0,0.0,2.420158232939652,0,0,0,1298.39,1892.4995,0.6860715154746408,14
2023-07-25,6498.269,2578.351,0.6691197926010262,-17.807388576899292,1733.79,790.08,2.1944486634264884,0.0,2.5333600446280817,1.0,1.0,0,,0.0,0.0,0.0,0.0,0.0,2.420158232939652,0,0,0,1733.79,1893.3030000000003,0.9157488262576036,15
2023-07-26,6457.254,2576.39,0.6654026030404903,-22.239601526768844,1566.87,447.88,3.498414753951951,0.0,2.5333600446280817,1.0,1.0,0,,0.0,0.0,0.0,0.0,0.0,2.420158232939652,0,0,0,1566.87,1881.39425,0.8328238485899486,16
2023-07-27,6407.546,2575.365,0.6605431205357217,-25.537264209555648,1531.83,490.6,3.122360375050958,0.0,2.5333600446280817,1.0,1.0,0,,0.0,0.0,0.0,0.0,0.0,2.420158232939652,0,0,0,1531.83,1871.402,0.818546736617787,17
2023-07-28,6465.376,2647.032,0.6484594529040109,-30.46303782382393,1665.57,867.27,1.9204745926873985,0.0,2.5333600446280817,1.0,1.0,0,,0.0,0.0,0.0,0.0,0.0,2.420158232939652,0,0,0,1665.57,1863.7559999999999,0.893663118991971,18
2023-07-31,6515.849,2653.369,0.6519609602915385,-34.06149556083273,2005.9,994.51,2.0169731827734263,0.0,2.5333600446280817,1.0,1.0,0,,0.0,0.0,0.0,0.0,0.0,2.420158232939652,0,0,0,2005.9,1861.7095000000002,1.077450590438519,0
2023-08-01,6507.412,2645.893,0.6529565110130231,-36.052470727067586,1835.9,680.52,2.697789925351202,0.0,2.5333600446280817,1.0,1.0,0,,0.0,0.0,0.0,0.0,0.0,2.420158232939652,0,0,0,1835.9,1858.03175,0.9880886050520934,1
2023-08-02,6496.022,2620.684,0.6580835881992462,-35.55895695948552,1711.11,565.99,3.0232159578791142,0.0,2.5333600446280817,1.0,1.0,0,,0.0,0.0,0.0,0.0,0.0,2.420158232939652,0,0,0,1711.11,1854.1467499999999,0.9228557556191278,2
2023-08-03,6499.545,2645.153,0.6523495811628487,-35.59508174286085,1648.3,632.79,2.604813603249103,0.0,2.5333600446280817,1.0,1.0,0,,0.0,0.0,0.0,0.0,0.0,2.420158232939652,0,0,0,1648.3,1845.741,0.8930288702477758,3
2023-08-04,6535.322,2648.845,0.6550262052953834,-34.294804236450766,2054.16,841.95,2.4397648316408334,0.0,2.5333600446280817,1.0,1.0,0,,0.0,0.0,0.0,0.0,0.0,2.420158232939652,0,0,0,2054.16,1854.7852500000001,1.1074920937612587,0
2023-08-07,6503.983,2634.581,0.6554145408518818,-32.400008556861394,1853.33,551.09,3.363026003012212,0.0,2.5333600446280817,1.0,1.0,0,,0.0,0.0,0.0,0.0,0.0,2.420158232939652,0,0,0,1853.33,1858.03675,0.9974668154437741,1
2023-08-08,6471.344,2631.377,0.6529195045364491,-30.761733402326513,1546.47,508.37,3.042016641422586,0.0,2.5333600446280817,1.0,1.0,0,,0.0,0.0,0.0,0.0,0.0,2.420158232939652,0,0,0,1546.47,1846.1927499999997,0.8376535981955299,2
2023-08-09,6420.977,2628.704,0.6484965330156188,-30.58700485719871,1483.44,430.25,3.447855897733876,0.0,2.5333600446280817,1.0,1.0,0,,0.0,0.0,0.0,0.0,0.0,2.420158232939652,0,0,0,1483.44,1833.92375,0.8088885920147989,3
2023-08-10,6426.814,2629.443,0.648903625474466,-29.761569768245153,1348.73,425.39,3.1705728860575,0.0,2.5333600446280817,1.0,1.0,0,,0.0,0.0,0.0,0.0,0.0,2.420158232939652,0,0,0,1348.73,1816.1254999999996,0.7426414088673939,4
2023-08-11,6304.635,2568.898,0.6515703575137024,-27.3999977765639,1493.3,561.93,2.657448436638016,0.0,2.5333600446280817,1.0,1.0,0,,0.0,0.0,0.0,0.0,0.0,2.420158232939652,0,0,0,1493.3,1800.3372499999998,0.8294557033689105,5
2023-08-14,6319.407,2549.284,0.6581218911363136,-22.264051266604643,1456.26,519.39,2.8037890602437474,0.0,2.5333600446280817,1.0,1.0,0,,0.0,0.0,0.0,0.0,0.0,2.420158232939652,0,0,0,1456.26,1781.7310000000002,0.8173287662391235,6
2023-08-15,6261.733,2546.442,0.6528433534510529,-18.25217714055274,1328.52,460.65,2.88401172256594,0.0,2.5333600446280817,1.0,1.0,0,,0.0,0.0,0.0,0.0,0.0,2.420158232939652,0,0,0,1328.52,1759.1612499999999,0.7552008094766753,7
2023-08-16,6186.403,2530.81,0.6489733998425786,-15.475923271382824,1323.91,447.57,2.957995397368009,0.0,2.5333600446280817,1.0,1.0,0,,0.0,0.0,0.0,0.0,0.0,2.420158232939652,0,0,0,1323.91,1730.554,0.7650209123783482,8
2023-08-17,6247.601,2536.489,0.6539258910351569,-11.68482247938427,1391.53,441.95,3.148614096617264,0.0,2.5333600446280817,1.0,1.0,0,,0.0,0.0,0.0,0.0,0.0,2.420158232939652,0,0,0,1391.53,1705.1770000000001,0.816061910288492,9
2023-08-18,6117.107,2507.58,0.647648718028665,-9.547331135405972,1399.43,440.99,3.1733826163858594,0.0,2.5333600446280817,1.0,1.0,0,,0.0,0.0,0.0,0.0,0.0,2.420158232939652,0,0,0,1399.43,1683.5885000000003,0.8312185548903428,10
2023-08-21,6057.171,2475.09,0.6497212470708171,-6.289657956677901,1196.34,475.09,2.518133406301964,0.0,2.5333600446280817,1.0,1.0,0,,0.0,0.0,0.0,0.0,0.0,2.420158232939652,0,0,0,1196.34,1661.0952499999999,0.7202115592107076,11
2023-08-22,6099.195,2493.764,0.6493298944031667,-4.242568199620326,1538.71,584.78,2.6312630390916243,0.0,2.5333600446280817,1.0,1.0,0,,0.0,0.0,0.0,0.0,0.0,2.420158232939652,0,0,0,1538.71,1654.85975,0.9298129342985108,12
2023-08-23,5973.671,2461.187,0.6443842516662629,-3.853042171695918,1358.07,433.79,3.130708407293852,0.0,2.5333600446280817,1.0,1.0,0,,0.0,0.0,0.0,0.0,0.0,2.420158232939652,0,0,0,1358.07,1640.70975,0.8277332416656876,13
2023-08-24,5987.966,2480.752,0.640832023235183,-4.7878351505767744,1467.93,518.93,2.8287630316227625,0.0,2.5333600446280817,1.0,1.0,0,,0.0,0.0,0.0,0.0,0.0,2.420158232939652,0,0,0,1467.93,1630.7782499999998,0.9001407763440555,14
2023-08-25,5879.027,2485.334,0.6280134195287156,-10.441678781815336,1505.62,453.0,3.323664459161148,0.0,2.5333600446280817,1.0,1.0,0,,0.0,0.0,0.0,0.0,0.0,2.420158232939652,0,0,0,1505.62,1617.5677500000002,0.9307925433107823,15
2023-08-28,5922.162,2518.186,0.6243681033956817,-15.390953842701034,2131.73,944.06,2.258045039510201,0.0,2.5333600446280817,1.0,1.0,0,,0.0,0.0,0.0,0.0,0.0,2.420158232939652,0,0,0,2131.73,1614.45475,1.3204024454695926,0
2023-08-29,6108.759,2529.223,0.6412303942806621,-14.141129580606446,2006.33,640.06,3.1345967565540733,0.0,2.5333600446280817,1.0,1.0,0,,0.0,0.0,0.0,0.0,0.0,2.420158232939652,0,0,0,2006.33,1613.717,1.2432973067768387,0
2023-08-30,6139.627,2522.542,0.6461774701944264,-10.60136517412264,1941.28,551.91,3.517385080900872,0.0,2.5333600446280817,1.0,1.0,0,,0.0,0.0,0.0,0.0,0.0,2.420158232939652,0,0,0,1941.28,1616.05425,1.2012468022035772,0
2023-08-31,6104.295,2510.458,0.645551335247306,-7.988830716767692,1610.05,462.43,3.4817161516337607,0.0,2.5333600446280817,1.0,1.0,0,,0.0,0.0,0.0,0.0,0.0,2.420158232939652,0,0,0,1610.05,1612.875,0.9982484693482135,1
2023-09-01,6107.2,2532.254,0.6402994180456805,-6.461314600518012,1382.21,463.33,2.983208512291456,0.0,2.5333600446280817,1.0,1.0,0,,0.0,0.0,0.0,0.0,0.0,2.420158232939652,0,0,0,1382.21,1606.18125,0.8605566775231624,2
2023-09-04,6198.762,2577.465,0.6384992857091123,-5.22759207017997,1677.71,676.13,2.4813423454069485,0.0,2.5333600446280817,1.0,1.0,0,,0.0,0.0,0.0,0.0,0.0,2.420158232939652,0,0,0,1677.71,1608.48875,1.0430349606113192,0
2023-09-05,6167.642,2561.79,0.6391810068136303,-3.941899566980503,1626.37,476.28,3.414735029814395,0.0,2.5333600446280817,1.0,1.0,0,,0.0,0.0,0.0,0.0,0.0,2.420158232939652,0,0,0,1626.37,1608.32975,1.0112167607420057,0
2023-09-06,6195.383,2559.357,0.6426662910256242,-2.1308678163434447,1548.54,415.79,3.7243319945164624,0.0,2.5333600446280817,1.0,1.0,0,,0.0,0.0,0.0,0.0,0.0,2.420158232939652,0,0,0,1548.54,1600.2804999999998,0.9676678557290426,1
2023-09-07,6083.489,2534.156,0.6373347687526884,-1.777626893087429,1507.15,404.27,3.728077769807308,0.0,2.5333600446280817,1.0,1.0,0,,0.0,0.0,0.0,0.0,0.0,2.420158232939652,0,0,0,1507.15,1592.7305000000001,0.9462680597878925,2
2023-09-08,6102.488,2519.969,0.6429244857706126,0.8135437442436638,1420.83,286.1,4.966200629150646,0.0,2.5333600446280817,1.0,1.0,0,,0.0,0.0,0.0,0.0,0.0,2.420158232939652,0,0,0,1420.83,1581.1095,0.8986284631140348,3
2023-09-11,6182.643,2536.171,0.6472079869658615,5.563697988955127,1725.89,425.17,4.059293929487029,0.0,2.5333600446280817,1.0,1.0,0,,0.0,0.0,0.0,0.0,0.0,2.420158232939652,0,0,0,1725.89,1581.9775,1.0909700043142208,0
2023-09-12,6184.606,2531.826,0.6485245370165973,9.615661451430205,1447.72,319.97,4.524549176485295,0.0,2.5333600446280817,1.0,1.0,0,,0.0,0.0,0.0,0.0,0.0,2.420158232939652,0,0,0,1447.72,1578.179,0.9173357394820232,1
2023-09-13,6103.137,2524.541,0.6418283864345277,10.715604692892512,1374.94,372.06,3.695479223781111,0.0,2.5333600446280817,1.0,1.0,0,,0.0,0.0,0.0,0.0,0.0,2.420158232939652,0,0,0,1374.94,1577.08925,0.8718212999042382,2
2023-09-14,6068.713,2530.979,0.6365848343410883,11.284396447983235,1230.6,416.58,2.9540544433242117,0.0,2.5333600446280817,1.0,1.0,0,,0.0,0.0,0.0,0.0,0.0,2.420158232939652,0,0,0,1230.6,1569.066,0.7842882326173659,3
2023-09-15,6079.063,2514.979,0.6417272944757232,12.421962181660476,1377.83,531.88,2.5904903361660523,0.0,2.5333600446280817,1.0,1.0,0,,0.0,0.0,0.0,0.0,0.0,2.420158232939652,0,0,0,1377.83,1568.81475,0.8782617578015505,4
2023-09-18,6083.969,2531.897,0.637953741191554,12.767735238946177,1329.7,436.0,3.049770642201835,0.0,2.5333600446280817,1.0,1.0,0,,0.0,0.0,0.0,0.0,0.0,2.420158232939652,0,0,0,1329.7,1569.5975,0.8471598610471793,5
2023-09-19,6031.042,2532.279,0.6323085142668079,11.639930139757322,1210.8,347.56,3.483715042007135,0.0,2.5333600446280817,1.0,1.0,0,,0.0,0.0,0.0,0.0,0.0,2.420158232939652,0,0,0,1210.8,1556.52275,0.7778877629639528,6
2023-09-20,5982.558,2521.562,0.6298911361993221,9.349767946713468,1156.42,309.49,3.736534298361821,0.0,2.5333600446280817,1.0,1.0,0,,0.0,0.0,0.0,0.0,0.0,2.420158232939652,0,0,0,1156.42,1546.2615,0.7478812607052558,7
2023-09-21,5939.664,2495.739,0.6318455669722328,7.670939989137668,1071.67,350.84,3.0545832858282984,0.0,2.5333600446280817,1.0,1.0,0,,0.0,0.0,0.0,0.0,0.0,2.420158232939652,0,0,0,1071.67,1534.7575000000002,0.6982666642775813,8
2023-09-22,6054.928,2550.983,0.630158283005558,3.7488232950901073,1478.01,538.22,2.746107539667794,0.0,2.5333600446280817,1.0,1.0,0,,0.0,0.0,0.0,0.0,0.0,2.420158232939652,0,0,0,1478.01,1530.0684999999999,0.965976359881927,9
2023-09-25,6027.394,2529.15,0.6327078522582442,0.46325419879192614,1462.83,410.22,3.5659646043586366,0.0,2.5333600446280817,1.0,1.0,0,,0.0,0.0,0.0,0.0,0.0,2.420158232939652,0,0,0,1462.83,1516.49175,0.9646145453808107,10
2023-09-26,5996.11,2513.407,0.633366372488615,0.47565156970310085,1270.29,338.02,3.758032069108337,0.0,2.5333600446280817,1.0,1.0,0,,0.0,0.0,0.0,0.0,0.0,2.420158232939652,0,0,0,1270.29,1502.3515,0.8455344837742699,11
2023-09-27,6034.061,2520.14,0.6356722589320359,2.213528440934378,1412.79,466.35,3.0294628497909293,0.0,2.5333600446280817,1.0,1.0,0,,0.0,0.0,0.0,0.0,0.0,2.420158232939652,0,0,0,1412.79,1494.8935,0.9450773583536218,12
2023-09-28,6078.945,2507.086,0.6437351337404172,6.340717915472364,1447.65,414.44,3.4930267348711515,0.0,2.5333600446280817,1.0,1.0,0,,0.0,0.0,0.0,0.0,0.0,2.420158232939652,0,0,0,1447.65,1489.87725,0.971657228808615,13
2023-10-09,6059.965,2499.567,0.6436556173848553,9.320381308130804,1513.74,450.53,3.3599094399928973,0.0,2.5333600446280817,1.0,1.0,0,,0.0,0.0,0.0,0.0,0.0,2.420158232939652,0,0,0,1513.74,1476.36675,1.0253143400852127,0
2023-10-10,6043.482,2482.535,0.6463088207323522,12.418870103697568,1641.83,409.97,4.004756445593579,1.0,2.542536090761303,1.0,1.0,0,,0.0036220852826184817,0.004122085282618482,0.0005,1.0,1.0,2.4289242524567904,0,0,0,1641.83,1471.07925,1.116071754801789,0
2023-10-11,6059.401,2490.855,0.645846749087422,14.983456548551624,1693.49,436.93,3.8758840088801407,1.0,2.5407183315167035,1.0,1.0,0,,-0.0007149394068405313,-0.0007149394068405313,0.0,0.0,1.0,2.4271877187924784,0,0,0,1693.49,1474.7547499999998,1.1483197460459105,0
2023-10-12,6104.456,2514.39,0.6445588225686806,17.50525607033549,1716.68,461.38,3.720750791104946,1.0,2.535651713901245,1.0,1.0,0,,-0.001994167378811307,-0.001994167378811307,0.0,0.0,1.0,2.422347500221411,0,0,0,1716.68,1480.58575,1.1594600312747845,0
2023-10-13,6081.866,2489.125,0.6486917442518585,19.739765251707627,1740.75,397.05,4.384208537967511,1.0,2.5519103540477044,1.0,1.0,0,,0.006412016310175517,0.006412016310175517,0.0,0.0,1.0,2.437879631901744,0,0,0,1740.75,1490.38625,1.1679858157574923,0
2023-10-16,6024.359,2468.436,0.6479435975947445,22.122923097563454,1875.95,404.53,4.637356932736757,1.0,2.54896719465412,1.0,1.0,0,,-0.0011533161378164403,-0.0011533161378164403,0.0,0.0,1.0,2.4350679859802176,0,0,0,1875.95,1499.9524999999999,1.2506729379763695,0
2023-10-17,6011.37,2478.905,0.6438160607863329,23.616380982128497,1585.7,356.68,4.445721655265224,1.0,2.53272973824831,1.0,1.0,0,,-0.00637021003638838,-0.00637021003638838,0.0,0.0,1.0,2.4195560914566383,0,0,0,1585.7,1503.1885,1.054890986725883,0
2023-10-18,5908.008,2467.192,0.6357499824958823,23.033017384321077,1646.66,355.66,4.62987122532756,1.0,2.5009983205320263,1.0,1.0,0,,-0.012528544691163823,-0.012528544691163823,0.0,0.0,1.0,2.3892425748320463,0,0,0,1646.66,1511.142,1.0896791962634882,0
2023-10-19,5842.892,2401.93,0.6458263236119433,24.43782093216679,1699.77,539.33,3.15163258116552,1.0,2.540637979049106,1.0,1.0,0,,0.01584953424064972,0.01584953424064972,0.0,0.0,1.0,2.427110956831065,0,0,0,1699.77,1520.5385,1.1178737006659154,0
2023-10-20,5774.32,2389.22,0.6416422257304738,23.07547848092979,1520.73,444.4,3.421984698469847,1.0,2.524178015128361,1.0,1.0,0,,-0.0064786734892886555,-0.0064786734892886555,0.0,0.0,1.0,2.4113864974194814,0,0,0,1520.73,1523.7685000000001,0.9980059306909153,1
2023-10-23,5638.136,2369.935,0.6316075939507569,19.80015683014069,1564.62,381.9,4.096936370777691,1.0,2.4847024383777288,1.0,1.0,0,,-0.015638982874440654,-0.015638982874440654,0.0,0.0,1.0,2.373674865282681,0,0,0,1564.62,1527.89825,1.0240341593427442,0
2023-10-24,5719.323,2378.439,0.6384116989830859,18.303497430134357,1635.99,433.21,3.7764363703515618,1.0,2.5114693368867482,1.0,1.0,0,,0.010772677683890342,0.010772677683890342,0.0,0.0,1.0,2.399245699532723,0,0,0,1635.99,1538.8895,1.0630977727770579,0
2023-10-25,5778.905,2386.303,0.6429366724954239,17.118692970466352,1789.46,520.63,3.437105045809884,1.0,2.5292702829605176,1.0,1.0,0,,0.00708786120233329,0.00708786120233329,0.0,0.0,1.0,2.416251220041306,0,0,0,1789.46,1545.15825,1.1581079154837377,0
2023-10-26,5811.692,2393.734,0.6445771887248187,15.679178413324879,1771.72,413.63,4.28334501849479,1.0,2.5357239651429606,1.0,1.0,0,,0.0025515984692980886,0.0025515984692980886,0.0,0.0,1.0,2.4224165229558032,0,0,0,1771.72,1555.4995000000001,1.1390039019620384,0
2023-10-27,5916.678,2414.913,0.6504661118006934,16.11020429382643,2015.32,569.35,3.539685606393255,1.0,2.5588905984548225,1.0,1.0,0,,0.009136102206044328,0.009136102206044328,0.0,0.0,1.0,2.444547967895138,0,0,0,2015.32,1569.18425,1.284310621904343,0
2023-10-30,6006.559,2414.156,0.6605544876092436,18.573190395981626,2196.28,622.84,3.526234667009184,1.0,2.598577600655005,1.0,1.0,0,,0.015509456412144962,0.015509456412144962,0.0,0.0,1.0,2.482461578050605,0,0,0,2196.28,1586.45075,1.3843984756539087,0
2023-10-31,5969.341,2411.479,0.6571902850240219,19.529507779770643,1960.0,533.3,3.675229701856366,1.0,2.585343050521732,1.0,1.0,0,,-0.005092997850030256,-0.005092997850030256,0.0,0.0,1.0,2.4698184065708104,0,0,0,1960.0,1582.1575,1.2388147197734738,0
2023-11-01,5958.418,2420.735,0.6534794695206004,18.769568086197125,1696.29,571.25,2.9694354485776806,1.0,2.570744948127099,1.0,1.0,0,,-0.0056464856343483305,-0.0056464856343483305,0.0,0.0,1.0,2.455872612418659,0,0,0,1696.29,1574.4065,1.077415521340899,0
2023-11-02,5885.247,2417.459,0.646329245728617,15.78034176143729,1593.52,407.72,3.908368488178161,1.0,2.542616441343704,1.0,1.0,0,,-0.010941772657722337,-0.010941772657722337,0.0,0.0,1.0,2.4290010126172477,0,0,0,1593.52,1565.7125,1.0177602848543394,0
2023-11-03,5973.167,2436.941,0.6507405539265739,15.538296679231905,1725.71,423.3,4.076801322938814,1.0,2.5599702355996254,1.0,1.0,0,,0.006825171887408388,0.006825171887408388,0.0,0.0,1.0,2.4455793620430493,0,0,0,1725.71,1568.6039999999998,1.1001565723407567,0
2023-11-06,6096.57,2456.775,0.6588224820895714,17.312971483613897,2155.41,634.9,3.394881083635218,1.0,2.5917640056646496,1.0,1.0,0,,0.012419585830683255,0.012419585830683255,0.0,0.0,1.0,2.4759524448356904,0,0,0,2155.41,1587.934,1.3573674976415895,0
2023-11-07,6116.757,2443.966,0.6644683481034016,20.606582649334346,2066.05,436.46,4.733652568391148,0.5669880217302707,2.6037959396730055,0.5669880217302707,0.5669880217302707,0,0.14109645518765093,0.004642372523909734,0.004858878513044599,0.00021650598913486465,0.43301197826972926,0.5669880217302707,2.4874467384361028,0,0,0,2066.05,1597.6425,1.293186679748442,0
2023-11-08,6138.938,2436.698,0.668867001730509,24.305700437716503,2243.19,457.24,4.905935613682092,0.5669880217302707,2.61356890360521,0.5594348657376886,0.5669880217302707,1,0.14300145539643735,0.0037533524740928355,0.0037533524740928355,0.0,0.0,0.5669880217302707,2.4967830028059863,0,0,0,2243.19,1613.063,1.390640043197321,0
2023-11-09,6100.693,2436.235,0.6648263483875523,25.46211982557983,1978.56,489.17,4.0447288263793775,0.5669880217302707,2.6046169121203313,0.5562085976177212,0.5669880217302707,1,0.14383093023488916,-0.0034251981926055356,-0.0034251981926055356,0.0,0.0,0.5669880217302707,2.4882310261774467,0,0,0,1978.56,1623.8135,1.2184650515591846,0
2023-11-10,6088.558,2414.017,0.669610651974659,28.079042341224223,1696.45,390.71,4.341967187939905,0.5669880217302707,2.615244341972993,0.548837798213993,0.5669880217302707,1,0.14576255545870373,0.004080227615511675,0.004080227615511675,0.0,0.0,0.5669880217302707,2.4983835751242287,0,0,0,1696.45,1628.546,1.041696089640698,0
2023-11-13,6144.635,2407.589,0.6775821712640813,32.1109772611482,1859.37,376.84,4.9341099670947886,0.5669880217302707,2.632896788429685,0.5475695429114719,0.5669880217302707,1,0.1461001639620668,0.0067498268415618,0.0067498268415618,0.0,0.0,0.5669880217302707,2.515247231640119,0,0,0,1859.37,1639.5095000000001,1.134101388250571,0
2023-11-14,6181.98,2406.397,0.6820379628198229,35.867586700424795,1957.7,379.08,5.16434525693785,0.5669880217302707,2.6427136036108223,0.5342240779893074,0.5669880217302707,1,0.1497498957761339,0.0037285226007633047,0.0037285226007633047,0.0,0.0,0.5669880217302707,2.5246253877897966,0,0,0,1957.7,1645.30475,1.1898707519078153,0
2023-11-15,6207.268,2427.124,0.6789796564604471,35.23310924454526,2144.64,432.82,4.955039046254794,0.5669880217302707,2.6359947307436133,0.5438287022613526,0.5669880217302707,1,0.14710514481369483,-0.00254241430400505,-0.00254241430400505,0.0,0.0,0.5669880217302707,2.5182067440916254,0,0,0,2144.64,1662.72775,1.2898323252258224,0
2023-11-16,6145.151,2404.319,0.678560696393172,35.83360217350178,1805.48,334.8,5.392712066905615,0.5669880217302707,2.6350725112663747,0.5747531677618938,0.5669880217302707,1,0.13919018543477094,-0.0003498563432174952,-0.0003498563432174952,0.0,0.0,0.5669880217302707,2.517325733488672,0,0,0,1805.48,1673.4912499999998,1.0788702958560437,0
2023-11-17,6199.228,2398.204,0.6862774308599826,37.40395692730034,1788.12,339.45,5.267697746354397,0.5669880217302707,2.6520632127684127,0.6046789958326159,0.5669880217302707,1,0.13230160225731602,0.006447906624729801,0.006447906624729801,0.0,0.0,0.5669880217302707,2.5335572147622365,0,0,0,1788.12,1687.4292500000004,1.0596710943584744,0
2023-11-20,6253.276,2404.767,0.6903714519509871,36.38178204040352,2002.99,348.14,5.753403803067732,0.5669880217302707,2.6610335364516886,0.6085276113907065,0.5669880217302707,1,0.13146486453945935,0.0033823943713285915,0.0033823943713285915,0.0,0.0,0.5669880217302707,2.5421267044248874,0,0,0,2002.99,1703.05825,1.176113617957577,0
2023-11-21,6212.125,2416.241,0.6825715252838754,33.19380025087407,2112.57,426.29,4.955710901029816,0.7101042958524473,2.6394939877776684,0.7101042958524473,0.7101042958524473,0,0.11265950715586605,-0.008094429618779502,-0.008022871481718414,7.155813706108826e-05,0.14311627412217653,0.7101042958524473,2.5215496387339003,0,0,0,2112.57,1722.6300000000003,1.2263631772348094,0
2023-11-22,6132.97,2396.904,0.6793106611001234,29.261805160599,1917.94,303.01,6.329626084947692,0.6546643633480482,2.6311656910033028,0.6546643633480482,0.6546643633480482,0,0.12220002260527582,-0.0031552626423587806,-0.003127542676106581,2.7719966252199526e-05,0.05543993250439905,0.6546643633480482,2.5135934873579497,0,0,0,1917.94,1740.3085000000003,1.102068972254057,0
2023-11-23,6197.526,2405.165,0.6841033424953255,26.268783788641137,1699.83,299.66,5.672528866048188,0.6546643633480482,2.643318509928181,0.6428522762901678,0.6546643633480482,1,0.12444538652281283,0.004618796515336243,0.004618796515336243,0.0,0.0,0.6546643633480482,2.52520326419833,0,0,0,1699.83,1753.89375,0.9691750141649116,1
2023-11-24,6115.407,2391.021,0.6790319446332892,22.05370678089672,1661.55,294.72,5.637723941368077,0.6546643633480482,2.630490060433293,0.6385893731230147,0.6546643633480482,1,0.12527612166290966,-0.004853160694295708,-0.004853160694295708,0.0,0.0,0.6546643633480482,2.5129480469714154,0,0,0,1661.55,1768.6407499999998,0.9394502529696888,2
2023-11-27,6111.364,2370.719,0.6843941703186934,20.891445546786557,1698.12,405.69,4.185757598166087,0.6546643633480482,2.6440891629779117,0.6248873346106689,0.6546643633480482,1,0.12802307803188773,0.00516979811069058,0.00516979811069058,0.0,0.0,0.6546643633480482,2.525939481036912,0,0,0,1698.12,1774.1435000000001,0.9571491821264738,3
2023-11-28,6143.302,2371.212,0.6878277791738254,19.49576637736221,1472.77,321.02,4.587782692667124,0.6546643633480482,2.6527735529197662,0.6620533695505003,0.6546643633480482,1,0.12083617979969775,0.0023815076571526337,0.0024633407025711398,8.183304541850603e-05,0.16366609083701206,0.49099827251103617,2.5319550252525054,0,0,1,1472.77,1774.3919999999998,0.8300138864467379,4
2023-11-29,6113.366,2358.116,0.68827732567891,17.08311330644435,1503.66,386.05,3.894987695894314,0.6546643633480482,2.6539085997859595,0.673990053132514,0.6546643633480482,1,0.11869611373073351,0.00032090381356070073,0.00032090381356070073,0.0,0.0,0.49099827251103617,2.532767539275873,0,0,1,1503.66,1780.2262500000002,0.8446454488579752,5
2023-11-30,6080.547,2365.996,0.6823023608451797,11.104095935082919,1486.7,373.42,3.981307910663596,0.6546643633480482,2.6388259879771487,0.6928559273308927,0.6546643633480482,1,0.11546412009230567,-0.004262376955076908,-0.004262376955076908,0.0,0.0,0.49099827251103617,2.5219719292838967,0,0,1,1486.7,1782.0739999999998,0.8342526741313774,6
2023-12-01,6130.051,2352.0,0.6919504572327497,8.320076879019355,1663.37,453.26,3.66979217226316,0.7113294448481297,2.6652939966666835,0.7113294448481297,0.7113294448481297,0,0.11246546952246603,0.007522665991465583,0.0075439153970281135,2.124940556253055e-05,0.0424988111250611,0.5334970836360973,2.5409438817477517,0,0,1,1663.37,1787.467,0.9305738231810712,7
2023-12-04,6114.393,2333.879,0.6955418136030574,7.2710729554985525,1770.73,384.47,4.605638931516113,0.7113294448481297,2.6751340943349113,0.6764331033747915,0.7113294448481297,1,0.11826742304726383,0.0027689527910993487,0.0027689527910993487,0.0,0.0,0.5334970836360973,2.5479796354011444,0,0,1,1770.73,1793.89175,0.9870885464521479,8
2023-12-05,5992.6,2286.581,0.6957879927029451,6.531957304302982,1625.12,421.97,3.851269047562623,0.7113294448481297,2.675807604692252,0.702778728753571,0.7113294448481297,1,0.11383383805865298,0.0001888252140613264,0.0001888252140613264,0.0,0.0,0.5334970836360973,2.548460758201223,0,0,1,1625.12,1793.4739999999997,0.9061296678959384,9
2023-12-06,6023.804,2284.064,0.7001817616761467,7.135587717616414,1538.28,417.29,3.6863572096144166,0.7113294448481297,2.6878270924074354,0.7133923684884762,0.7113294448481297,1,0.11214025203199561,0.0033689327179501614,0.0033689327179501614,0.0,0.0,0.5334970836360973,2.5570463510299395,0,0,1,1538.28,1789.59375,0.8595693855099795,10
2023-12-07,6020.83,2274.828,0.702677471847037,6.998673191904793,1669.07,381.2,4.378462749213012,0.7113294448481297,2.694641929339146,0.7142614144597756,0.7113294448481297,1,0.1120038103423341,0.0019015835182333604,0.0019015835182333604,0.0,0.0,0.5334970836360973,2.561908788226417,0,0,1,1669.07,1788.4035,0.9332737270979397,11
2023-12-08,6003.144,2281.649,0.6985188918662028,5.716146751107951,1941.32,452.12,4.293815801114748,0.7113294448481297,2.6832980688171735,0.7407799008645441,0.7113294448481297,1,0.10799429075577532,-0.003157338011720788,-0.003157338011720788,0.0,0.0,0.5334970836360973,2.553819976226788,0,0,1,1941.32,1793.4177499999998,1.082469491561573,0
2023-12-11,6075.08,2292.679,0.7034884615379189,6.511749219602487,1812.17,562.58,3.221177432542927,0.7113294448481297,2.6968774610133117,0.7230003059080102,0.7113294448481297,1,0.11065002233924182,0.004971793381982402,0.005060709562588418,8.89161806060162e-05,0.17783236121203239,0.7113294448481297,2.566517041483367,0,0,0,1812.17,1791.82325,1.0113553331780911,0
2023-12-12,6078.99,2305.138,0.7001365161480381,6.578733182984994,1527.93,424.83,3.596568038980298,0.7113294448481297,2.687736918859544,0.7500809287118265,0.7113294448481297,1,0.10665515804726611,-0.0033893057010952114,-0.0033893057010952114,0.0,0.0,0.7113294448481297,2.55781833064271,0,0,0,1527.93,1790.3790000000001,0.8534114843840326,1
2023-12-13,6019.553,2261.018,0.7068193871733037,7.513632547969239,1437.48,455.59,3.1552053381329705,0.7113294448481297,2.7059858693763226,0.7437191526825149,0.7113294448481297,1,0.10756748661298908,0.006789708616467436,0.006789708616467436,0.0,0.0,0.7113294448481297,2.5751851718016328,0,0,0,1437.48,1785.1495,0.8052434824086162,2
2023-12-14,5991.862,2249.939,0.7070323562080353,7.668159632384231,1387.56,397.52,3.4905413564097403,0.7113294448481297,2.7065658377611874,0.7346616678466877,0.7113294448481297,1,0.10889366289448865,0.00021432794288694866,0.00021432794288694866,0.0,0.0,0.7113294448481297,2.575737105942058,0,0,0,1387.56,1777.3442499999996,0.7806928792776077,3
2023-12-15,5951.6,2245.288,0.7037362300818912,7.5174117585686115,1383.27,474.39,2.9158919876051352,0.7113294448481297,2.6975904356499507,0.736192420611938,0.7113294448481297,1,0.10866724209616609,-0.002576035277991711,-0.002487119097385695,8.89161806060162e-05,0.17783236121203239,0.5334970836360973,2.569101916290319,0,0,1,1383.27,1773.9077499999999,0.7797868857611113,4
2023-12-18,5857.005,2251.23,0.6907230635631354,4.297723024816665,1309.66,379.98,3.446655087109848,0.7113294448481297,2.6621074728093306,0.7573208862156569,0.7113294448481297,1,0.10563553898501483,-0.009865182563954786,-0.009865182563954786,0.0,0.0,0.5334970836360973,2.543757256860709,0,0,1,1309.66,1767.53375,0.7409533198446706,5
2023-12-19,5863.542,2257.21,0.6896620122922933,-0.2721258932786697,1162.56,352.57,3.2973877527866806,0.6475802300143843,2.659374414316829,0.6475802300143843,0.6475802300143843,0,0.12353681643156866,-0.0007699891496916562,-0.0007460831941290016,2.3905955562654542e-05,0.04781191112530908,0.4856851725107882,2.541798591373477,0,0,1,1162.56,1755.6979999999999,0.6621639940354207,6
2023-12-20,5761.312,2237.581,0.6835823794267993,-6.667495564612009,1206.02,373.76,3.2267230308219177,0.0,2.65851333516937,0.6841301663455731,0.6841301663455731,0,0.11693681105649387,-0.0002428425862553941,0.0,0.0002428425862553941,0.4856851725107882,0.0,2.5411813344298073,0,0,0,1206.02,1741.1120000000003,0.6926722692164546,7
2023-12-21,5798.912,2261.382,0.6808019916954349,-12.69502118270492,1340.48,490.33,2.7338323170109926,0.0,2.65851333516937,1.0,1.0,0,,0.0,0.0,0.0,0.0,0.0,2.5411813344298073,0,0,0,1340.48,1730.3310000000001,0.77469570850895,8
2023-12-22,5733.909,2270.502,0.6704665843138651,-21.352529805249553,1477.45,458.71,3.220880294739596,0.0,2.65851333516937,1.0,1.0,0,,0.0,0.0,0.0,0.0,0.0,2.5411813344298073,0,0,0,1477.45,1716.8842499999998,0.8605414139013741,9
2023-12-25,5735.726,2272.958,0.6699543572813841,-28.315923228608384,1163.69,314.8,3.6966010165184247,0.0,2.65851333516937,1.0,1.0,0,,0.0,0.0,0.0,0.0,0.0,2.5411813344298073,0,0,0,1163.69,1691.0695,0.688138482776728,10
2023-12-26,5651.588,2262.21,0.6632630547854991,-35.59143058547657,1122.51,305.99,3.668453217425406,0.0,2.65851333516937,1.0,1.0,0,,0.0,0.0,0.0,0.0,0.0,2.5411813344298073,0,0,0,1122.51,1670.1322499999999,0.6721084512918064,11
2023-12-27,5696.161,2266.544,0.6672158152006346,-40.88235035470885,1152.91,376.38,3.0631542589935705,0.0,2.65851333516937,1.0,1.0,0,,0.0,0.0,0.0,0.0,0.0,2.5411813344298073,0,0,0,1152.91,1656.5477500000002,0.6959714864844675,12
2023-12-28,5805.527,2317.703,0.665016003425914,-45.61136405715546,1558.33,692.74,2.2495164130842737,0.0,2.65851333516937,1.0,1.0,0,,0.0,0.0,0.0,0.0,0.0,2.5411813344298073,0,0,0,1558.33,1655.6680000000001,0.9412092279370018,13
2023-12-29,5887.235,2326.173,0.6719200361478724,-46.373802834380506,1528.76,514.8,2.96961926961927,0.0,2.65851333516937,1.0,1.0,0,,0.0,0.0,0.0,0.0,0.0,2.5411813344298073,0,0,0,1528.76,1650.7442500000002,0.9261034833227496,14
2024-01-02,5854.749,2292.229,0.678107439029258,-44.52591440338822,1413.52,506.22,2.7923037414562835,0.0,2.65851333516937,1.0,1.0,0,,0.0,0.0,0.0,0.0,0.0,2.5411813344298073,0,0,0,1413.52,1632.197,0.8660229126753695,15
2024-01-03,5824.043,2294.836,0.6737847060702153,-43.076970581150825,1311.79,442.17,2.9667096365651218,0.0,2.65851333516937,1.0,1.0,0,,0.0,0.0,0.0,0.0,0.0,2.5411813344298073,0,0,0,1311.79,1613.3405,0.8130893633427041,16
2024-01-04,5783.016,2279.036,0.6736765632195928,-40.61100482378527,1126.43,489.06,2.303255224307856,0.0,2.65851333516937,1.0,1.0,0,,0.0,0.0,0.0,0.0,0.0,2.5411813344298073,0,0,0,1126.43,1585.4215,0.7104924463305184,17
2024-01-05,5675.809,2268.538,0.6642475239059248,-40.08068603277224,1266.83,519.73,2.4374771515979448,0.0,2.65851333516937,1.0,1.0,0,,0.0,0.0,0.0,0.0,0.0,2.5411813344298073,0,0,0,1266.83,1567.6282500000002,0.8081188891562778,18
2024-01-08,5543.575,2243.842,0.6559124660506938,-40.91890702216948,1126.34,476.32,2.364670809539805,0.0,2.65851333516937,1.0,1.0,0,,0.0,0.0,0.0,0.0,0.0,2.5411813344298073,0,0,0,1126.34,1553.3754999999999,0.7250919046940035,19
2024-01-09,5553.304,2245.622,0.6565427717718112,-40.26150829401119,1146.78,487.02,2.354687692497228,0.0,2.65851333516937,1.0,1.0,0,,0.0,0.0,0.0,0.0,0.0,2.5411813344298073,0,0,0,1146.78,1535.56075,0.7468151292614115,20
2024-01-10,5512.069,2235.209,0.654703614068371,-39.04549999842855,1081.58,418.68,2.5833094487436705,0.0,2.65851333516937,1.0,1.0,0,,0.0,0.0,0.0,0.0,0.0,2.5411813344298073,0,0,0,1081.58,1513.6577499999999,0.7145472614268318,21
2024-01-11,5611.115,2240.106,0.6650110025337905,-33.77045696621601,1236.35,455.74,2.7128406547592925,0.0,2.65851333516937,1.0,1.0,0,,0.0,0.0,0.0,0.0,0.0,2.5411813344298073,0,0,0,1236.35,1490.9505,0.8292361148140062,22
2024-01-12,5574.493,2237.207,0.6615267879349165,-29.142498389644675,1182.9,391.22,3.02361842441593,0.0,2.65851333516937,1.0,1.0,0,,0.0,0.0,0.0,0.0,0.0,2.5411813344298073,0,0,0,1182.9,1475.386,0.8017562861515564,23
2024-01-15,5559.376,2238.503,0.6593508910843319,-25.4630772853052,1074.28,393.17,2.732354960958364,0.0,2.65851333516937,1.0,1.0,0,,0.0,0.0,0.0,0.0,0.0,2.5411813344298073,0,0,0,1074.28,1457.54,0.737050098110515,24
2024-01-16,5539.474,2248.975,0.6539313087075775,-24.211973656203543,1136.7,463.48,2.4525330111331667,0.0,2.65851333516937,1.0,1.0,0,,0.0,0.0,0.0,0.0,0.0,2.5411813344298073,0,0,0,1136.7,1435.8827500000002,0.791638453766507,25
2024-01-17,5389.122,2199.259,0.6505637611333788,-23.593075273079158,1041.39,519.23,2.0056429713229207,0.0,2.65851333516937,1.0,1.0,0,,0.0,0.0,0.0,0.0,0.0,2.5411813344298073,0,0,0,1041.39,1409.1032500000001,0.7390444951425668,26
2024-01-18,5373.424,2238.459,0.6373092132237222,-26.595514498841073,1429.66,830.93,1.7205540779608393,0.0,2.65851333516937,1.0,1.0,0,,0.0,0.0,0.0,0.0,0.0,2.5411813344298073,0,0,0,1429.66,1396.89625,1.023454676752121,0
2024-01-19,5306.986,2243.54,0.6280039210141308,-31.682772326936043,1091.75,594.78,1.8355526413127543,0.0,2.65851333516937,1.0,1.0,0,,0.0,0.0,0.0,0.0,0.0,2.5411813344298073,0,0,0,1091.75,1381.69425,0.7901531036985933,1
2024-01-22,5000.834,2230.609,0.5952058880397391,-45.240985048900704,1396.01,704.58,1.9813363989894688,0.0,2.65851333516937,1.0,1.0,0,,0.0,0.0,0.0,0.0,0.0,2.5411813344298073,0,0,0,1396.01,1375.05575,1.0152388366798946,0
2024-01-23,5079.632,2226.371,0.6057353849653228,-53.619589419010595,1241.63,540.06,2.299059363774396,0.0,2.65851333516937,1.0,1.0,0,,0.0,0.0,0.0,0.0,0.0,2.5411813344298073,0,0,0,1241.63,1363.6435,0.9105239015915818,1
2024-01-24,5143.408,2260.558,0.6040648315371315,-60.39162785061543,1352.22,619.87,2.181457402358559,0.0,2.65851333516937,1.0,1.0,0,,0.0,0.0,0.0,0.0,0.0,2.5411813344298073,0,0,0,1352.22,1360.62975,0.9938192223123152,2
2024-01-25,5316.195,2312.854,0.610240341463711,-63.247398243649556,1583.19,794.32,1.9931387853761708,0.0,2.65851333516937,1.0,1.0,0,,0.0,0.0,0.0,0.0,0.0,2.5411813344298073,0,0,0,1583.19,1362.618,1.1618736872696531,0
2024-01-26,5269.765,2314.374,0.6045134071816353,-65.42617187787823,1500.31,733.11,2.046500525159935,0.0,2.65851333516937,1.0,1.0,0,,0.0,0.0,0.0,0.0,0.0,2.5411813344298073,0,0,0,1500.31,1362.9582500000001,1.1007747302604463,0
2024-01-29,5131.247,2304.436,0.5911619863137348,-68.38966701666463,1412.95,778.1,1.8158976995244829,0.0,2.65851333516937,1.0,1.0,0,,0.0,0.0,0.0,0.0,0.0,2.5411813344298073,0,0,0,1412.95,1356.69775,1.0414626249656564,0
2024-01-30,4984.66,2270.979,0.5827343955330633,-71.48711412398725,1175.87,612.38,1.9201639504882588,0.0,2.65851333516937,1.0,1.0,0,,0.0,0.0,0.0,0.0,0.0,2.5411813344298073,0,0,0,1175.87,1341.8262499999998,0.8763206115545884,1
2024-01-31,4785.032,2254.299,0.563535861678806,-77.57268636734693,1393.0,630.09,2.210795283213509,0.0,2.65851333516937,1.0,1.0,0,,0.0,0.0,0.0,0.0,0.0,2.5411813344298073,0,0,0,1393.0,1336.02325,1.0426465257996071,0
2024-02-01,4750.444,2248.268,0.560963176987057,-82.40494698553564,1291.0,592.64,2.1783882289416847,0.0,2.65851333516937,1.0,1.0,0,,0.0,0.0,0.0,0.0,0.0,2.5411813344298073,0,0,0,1291.0,1329.84125,0.9707925664059527,1
2024-02-02,4574.669,2229.014,0.5448727771551855,-90.18146800101171,1500.01,726.01,2.066101017892316,0.0,2.65851333516937,1.0,1.0,0,,0.0,0.0,0.0,0.0,0.0,2.5411813344298073,0,0,0,1500.01,1325.6147500000002,1.1315580186475744,0
2024-02-05,4293.07,2255.281,0.5053770768135435,-105.74502242600558,1662.07,874.23,1.901181611246468,0.0,2.65851333516937,1.0,1.0,0,,0.0,0.0,0.0,0.0,0.0,2.5411813344298073,0,0,0,1662.07,1318.6335000000001,1.2604487903575934,0
2024-02-06,4592.444,2318.842,0.5258004357047305,-110.76121426161308,1693.31,883.03,1.91761321812396,0.0,2.65851333516937,1.0,1.0,0,,0.0,0.0,0.0,0.0,0.0,2.5411813344298073,0,0,0,1693.31,1315.6619999999998,1.2870402884631464,0
2024-02-07,4797.846,2344.151,0.5433866328571775,-105.39293533038406,1887.13,954.31,1.9774811120076288,0.0,2.65851333516937,1.0,1.0,0,,0.0,0.0,0.0,0.0,0.0,2.5411813344298073,0,0,0,1887.13,1324.642,1.4246339765763127,0
2024-02-08,4993.105,2352.578,0.5634753186536667,-92.45711913938601,1922.62,793.75,2.4221984251968505,0.0,2.65851333516937,1.0,1.0,0,,0.0,0.0,0.0,0.0,0.0,2.5411813344298073,0,0,0,1922.62,1336.7705,1.4382573523278677,0
2024-02-19,5029.586,2371.548,0.5630520572632897,-78.5853757538094,1858.85,788.57,2.357241589205777,0.0,2.65851333516937,1.0,1.0,0,,0.0,0.0,0.0,0.0,0.0,2.5411813344298073,0,0,0,1858.85,1348.5527499999998,1.3784036256646246,0
2024-02-20,5046.012,2369.083,0.5654786766311994,-63.47430399212601,1510.79,605.46,2.495276318831962,0.0,2.65851333516937,1.0,1.0,0,,0.0,0.0,0.0,0.0,0.0,2.5411813344298073,0,0,0,1510.79,1351.74075,1.1176625399508004,0
2024-02-21,5073.482,2410.228,0.5588512501823243,-49.95994937918838,1780.53,862.49,2.0644065438439867,0.0,2.65851333516937,1.0,1.0,0,,0.0,0.0,0.0,0.0,0.0,2.5411813344298073,0,0,0,1780.53,1363.5125,1.3058406138557586,0
2024-02-22,5151.534,2433.082,0.5621187282228834,-35.56286070617581,1468.39,600.51,2.44523821418461,0.0,2.65851333516937,1.0,1.0,0,,0.0,0.0,0.0,0.0,0.0,2.5411813344298073,0,0,0,1468.39,1371.15825,1.0709121284869927,0
2024-02-23,5225.67,2433.407,0.5701320531210539,-19.655478031410553,1675.41,625.73,2.677528646540841,0.0,2.65851333516937,1.0,1.0,0,,0.0,0.0,0.0,0.0,0.0,2.5411813344298073,0,0,0,1675.41,1382.893,1.2115254036284804,0
2024-02-26,5255.396,2393.549,0.5829232181462572,-0.9706001238339916,1802.23,632.98,2.847214761919808,0.0,2.65851333516937,1.0,1.0,0,,0.0,0.0,0.0,0.0,0.0,2.5411813344298073,0,0,0,1802.23,1394.43675,1.2924429881814288,0
2024-02-27,5394.034,2405.061,0.5954369946604582,16.036695729137875,1834.76,573.25,3.2006279982555603,0.0,2.65851333516937,1.0,1.0,0,,0.0,0.0,0.0,0.0,0.0,2.5411813344298073,0,0,0,1834.76,1403.3695,1.307396234562601,0
2024-02-28,5152.052,2385.61,0.573362151961923,26.361246180373744,2518.6,765.76,3.28902005850397,0.0,2.65851333516937,1.0,1.0,0,,0.0,0.0,0.0,0.0,0.0,2.5411813344298073,0,0,0,2518.6,1437.24225,1.752383775247353,0
2024-02-29,5344.605,2413.136,0.5880063894893538,40.2283465163199,1852.2,636.82,2.908514179831035,0.0,2.65851333516937,1.0,1.0,0,,0.0,0.0,0.0,0.0,0.0,2.5411813344298073,0,0,0,1852.2,1455.4845,1.2725659393830715,0
2024-03-01,5401.939,2414.844,0.5938938467945192,56.540695104257495,1963.39,602.7,3.257657209225153,0.0,2.65851333516937,1.0,1.0,0,,0.0,0.0,0.0,0.0,0.0,2.5411813344298073,0,0,0,1963.39,1475.7465,1.3304385272131767,0
2024-03-04,5428.336,2418.584,0.5958730947994475,72.06480370826209,1997.65,719.25,2.7774070212026416,0.0,2.65851333516937,1.0,1.0,0,,0.0,0.0,0.0,0.0,0.0,2.5411813344298073,0,0,0,1997.65,1486.7295,1.343653973369063,0
2024-03-05,5375.132,2446.417,0.5833200149889224,79.33605917658622,1964.28,768.17,2.5570902274236174,0.0,2.65851333516937,1.0,1.0,0,,0.0,0.0,0.0,0.0,0.0,2.5411813344298073,0,0,0,1964.28,1497.6174999999998,1.3116032631830226,0
2024-03-06,5381.459,2434.116,0.5869579578714161,87.16346059116458,1649.79,624.91,2.640044166359956,0.0,2.65851333516937,1.0,1.0,0,,0.0,0.0,0.0,0.0,0.0,2.5411813344298073,0,0,0,1649.79,1503.52425,1.0972819360911539,0
2024-03-07,5303.277,2426.973,0.5801330358432503,85.74943824385456,1675.25,670.73,2.4976518122046127,0.0,2.65851333516937,1.0,1.0,0,,0.0,0.0,0.0,0.0,0.0,2.5411813344298073,0,0,0,1675.25,1512.61075,1.107522209530773,0
2024-03-08,5370.372,2426.168,0.5876675764111758,87.91889400504328,1475.32,574.96,2.565952414080979,0.0,2.65851333516937,1.0,1.0,0,,0.0,0.0,0.0,0.0,0.0,2.5411813344298073,0,0,0,1475.32,1521.333,0.9697548137061379,1
2024-03-11,5466.646,2443.106,0.5940552953837052,92.40961487980107,1751.53,695.6,2.518013225991949,0.0,2.65851333516937,1.0,1.0,0,,0.0,0.0,0.0,0.0,0.0,2.5411813344298073,0,0,0,1751.53,1533.4505,1.1422148937967023,0
2024-03-12,5496.355,2450.469,0.5954890676171218,78.24475604474668,1989.09,933.42,2.1309699813588736,0.0,2.65851333516937,1.0,1.0,0,,0.0,0.0,0.0,0.0,0.0,2.5411813344298073,0,0,0,1989.09,1555.01925,1.2791417212359266,0
2024-03-13,5521.784,2427.597,0.6038805642869259,71.25455814775054,2003.55,674.25,2.971523915461624,0.0,2.65851333516937,1.0,1.0,0,,0.0,0.0,0.0,0.0,0.0,2.5411813344298073,0,0,0,2003.55,1576.4385,1.2709344512963874,0
2024-03-14,5486.646,2423.856,0.6009638597556093,65.3010517952662,1844.1,697.76,2.642885806007796,0.0,2.65851333516937,1.0,1.0,0,,0.0,0.0,0.0,0.0,0.0,2.5411813344298073,0,0,0,1844.1,1595.5014999999999,1.1558121380644268,0
2024-03-15,5555.644,2427.197,0.6076837351569009,66.83670763314834,1715.73,626.73,2.737590349911445,0.0,2.65851333516937,1.0,1.0,0,,0.0,0.0,0.0,0.0,0.0,2.5411813344298073,0,0,0,1715.73,1607.486,1.0673374449295359,0
2024-03-18,5648.012,2438.191,0.6150014181780549,69.14080370927576,2120.7,705.96,3.0039945605983336,0.0,2.65851333516937,1.0,1.0,0,,0.0,0.0,0.0,0.0,0.0,2.5411813344298073,0,0,0,2120.7,1630.931,1.3003002579508267,0
2024-03-19,5607.475,2416.835,0.6159827845517659,71.74267319307917,2023.58,642.62,3.14895272478292,0.0,2.65851333516937,1.0,1.0,0,,0.0,0.0,0.0,0.0,0.0,2.5411813344298073,0,0,0,2023.58,1654.6635,1.2229556039641896,0
2024-03-20,5659.154,2426.459,0.6191940654249144,71.47352771424657,1998.62,511.01,3.91111719927203,0.0,2.65851333516937,1.0,1.0,0,,0.0,0.0,0.0,0.0,0.0,2.5411813344298073,0,0,0,1998.62,1676.2115,1.1923435676225822,0
2024-03-21,5658.279,2427.101,0.6189345680353922,69.57642996631674,2156.21,541.12,3.9847168835008873,0.0,2.65851333516937,1.0,1.0,0,,0.0,0.0,0.0,0.0,0.0,2.5411813344298073,0,0,0,2156.21,1704.0819999999999,1.2653205655596387,0
2024-03-22,5595.885,2403.202,0.6181967739528592,66.95794877606856,2265.06,631.9,3.584522867542333,0.0,2.65851333516937,1.0,1.0,0,,0.0,0.0,0.0,0.0,0.0,2.5411813344298073,0,0,0,2265.06,1724.9669999999999,1.3131033811081605,0
2024-03-25,5466.062,2401.211,0.6043554732596487,61.07771448425775,2246.13,604.41,3.7162356678413664,0.0,2.65851333516937,1.0,1.0,0,,0.0,0.0,0.0,0.0,0.0,2.5411813344298073,0,0,0,2246.13,1753.8265,1.2807025096268077,0
2024-03-26,5447.748,2413.742,0.5992035709441749,58.82288145721522,1972.61,577.81,3.413942299371766,0.0,2.65851333516937,1.0,1.0,0,,0.0,0.0,0.0,0.0,0.0,2.5411813344298073,0,0,0,1972.61,1768.2415,1.1155772557085668,0
2024-03-27,5266.231,2398.937,0.582813083643659,43.76802967583914,1839.79,525.65,3.5000285360981644,0.0,2.65851333516937,1.0,1.0,0,,0.0,0.0,0.0,0.0,0.0,2.5411813344298073,0,0,0,1839.79,1783.1954999999998,1.031737686641762,0
2024-03-28,5382.236,2401.987,0.5948949941619086,37.15979535347326,1875.97,595.43,3.150613842097308,0.0,2.65851333516937,1.0,1.0,0,,0.0,0.0,0.0,0.0,0.0,2.5411813344298073,0,0,0,1875.97,1796.2892499999998,1.0443585296744387,0
2024-03-29,5441.26,2414.92,0.5981980050555573,33.18594584976271,1773.37,516.92,3.4306469086125517,0.0,2.65851333516937,1.0,1.0,0,,0.0,0.0,0.0,0.0,0.0,2.5411813344298073,0,0,0,1773.37,1801.04375,0.9846346042399025,1
2024-04-01,5559.056,2441.567,0.6044781859079273,32.37861524495025,2024.13,631.62,3.2046641968272063,0.0,2.65851333516937,1.0,1.0,0,,0.0,0.0,0.0,0.0,0.0,2.5411813344298073,0,0,0,2024.13,1814.1392499999997,1.1157522775608324,0
2024-04-02,5531.052,2435.757,0.6028676948879471,27.79226012866932,2018.31,599.17,3.368509771851061,0.0,2.65851333516937,1.0,1.0,0,,0.0,0.0,0.0,0.0,0.0,2.5411813344298073,0,0,0,2018.31,1829.2732499999997,1.1033398099491152,0
2024-04-03,5500.926,2430.169,0.6009627540307724,23.701722235708193,1917.3,600.97,3.190342279980697,0.0,2.65851333516937,1.0,1.0,0,,0.0,0.0,0.0,0.0,0.0,2.5411813344298073,0,0,0,1917.3,1847.809,1.0376072418740248,0
2024-04-08,5399.915,2414.091,0.5938565036408873,15.733712399965158,1867.31,734.03,2.543915098837922,0.0,2.65851333516937,1.0,1.0,0,,0.0,0.0,0.0,0.0,0.0,2.5411813344298073,0,0,0,1867.31,1859.6667499999999,1.0041100105704424,0
2024-04-09,5468.911,2404.609,0.6038160014458437,13.037623650403413,1602.93,573.15,2.796702433917823,0.0,2.65851333516937,1.0,1.0,0,,0.0,0.0,0.0,0.0,0.0,2.5411813344298073,0,0,0,1602.93,1867.4650000000001,0.8583454040637977,1
2024-04-10,5367.052,2396.743,0.5945146565980778,8.631575022975563,1644.78,587.03,2.801867025535322,0.0,2.65851333516937,1.0,1.0,0,,0.0,0.0,0.0,0.0,0.0,2.5411813344298073,0,0,0,1644.78,1871.0842500000003,0.8790518118037708,2
2024-04-11,5379.915,2394.867,0.59640633069095,5.517745844157327,1627.48,563.13,2.890060909559072,0.0,2.65851333516937,1.0,1.0,0,,0.0,0.0,0.0,0.0,0.0,2.5411813344298073,0,0,0,1627.48,1870.2195,0.870208015690137,3
2024-04-12,5338.769,2374.047,0.597035352224557,4.540877162369666,1553.86,596.0,2.607147651006711,1.0,2.659987975860262,1.0,1.0,0,,0.0004160146588462896,0.0007910146588462896,0.000375,0.75,0.75,2.542238503115717,0,0,1,1553.86,1866.73325,0.8323953087566206,4
2024-04-15,5287.512,2424.017,0.5791138279740423,-2.2065182893886566,1883.83,759.85,2.479213002566296,1.0,2.5801417174471974,1.0,1.0,0,,-0.022513144553005487,-0.022513144553005487,0.0,0.0,0.75,2.4850047202068564,0,0,1,1883.83,1866.65075,1.0092032481169817,0
2024-04-16,5066.66,2412.322,0.5576153423889711,-12.946495043139633,1881.23,683.7,2.751543074447857,0.0,2.578851646588474,1.0,1.0,0,,-0.000375,0.0,0.000375,0.75,0.0,2.484072843436779,0,0,0,1881.23,1865.616,1.008369353607602,0
2024-04-17,5287.456,2439.856,0.5753482568241747,-14.711651807336091,1812.06,690.1,2.625793363280684,0.0,2.578851646588474,1.0,1.0,0,,0.0,0.0,0.0,0.0,0.0,2.484072843436779,0,0,0,1812.06,1864.4462499999997,0.9719025152910684,1
2024-04-18,5286.719,2445.205,0.5740096353245226,-15.461085344532549,1876.26,740.77,2.532850952387381,0.0,2.578851646588474,1.0,1.0,0,,0.0,0.0,0.0,0.0,0.0,2.484072843436779,0,0,0,1876.26,1873.583,1.0014288131350466,0
2024-04-19,5264.389,2430.582,0.5750239398572554,-14.364994503340442,1765.33,637.79,2.7678859812791043,0.0,2.578851646588474,1.0,1.0,0,,0.0,0.0,0.0,0.0,0.0,2.484072843436779,0,0,0,1765.33,1873.203,0.9424125415131195,1
2024-04-22,5246.082,2424.747,0.5744032312043511,-12.60545411141714,1659.7,658.48,2.520501761632852,0.0,2.578851646588474,1.0,1.0,0,,0.0,0.0,0.0,0.0,0.0,2.484072843436779,0,0,0,1659.7,1877.9857500000003,0.8837660243162121,2
2024-04-23,5218.428,2413.739,0.5739811347171417,-10.56360902029564,1549.49,605.77,2.55788500586031,0.0,2.578851646588474,1.0,1.0,0,,0.0,0.0,0.0,0.0,0.0,2.484072843436779,0,0,0,1549.49,1874.83775,0.8264661835404158,3
2024-04-24,5305.607,2424.119,0.5810712288419352,-7.748246913999911,1659.41,508.79,3.2614831266337783,0.0,2.578851646588474,1.0,1.0,0,,0.0,0.0,0.0,0.0,0.0,2.484072843436779,0,0,0,1659.41,1871.26725,0.8867840764059757,4
2024-04-25,5313.986,2431.622,0.5801931168663857,-6.120406704439816,1640.9,496.04,3.3079993548907347,0.0,2.578851646588474,1.0,1.0,0,,0.0,0.0,0.0,0.0,0.0,2.484072843436779,0,0,0,1640.9,1866.4207499999998,0.8791693941465236,5
2024-04-26,5415.938,2461.856,0.5840624259161739,-5.586730905319244,2195.84,797.29,2.7541296140676543,0.0,2.578851646588474,1.0,1.0,0,,0.0,0.0,0.0,0.0,0.0,2.484072843436779,0,0,0,2195.84,1858.3517500000003,1.1816062271311123,0
2024-04-29,5545.235,2474.34,0.5949888265605665,0.26215020202830436,2474.12,920.63,2.687420570696154,0.0,2.578851646588474,1.0,1.0,0,,0.0,0.0,0.0,0.0,0.0,2.484072843436779,0,0,0,2474.12,1873.89975,1.3203054218882306,0
2024-04-30,5497.43,2464.244,0.5922761308644542,5.132186696172081,2058.51,751.91,2.7377079703687945,1.0,2.5658046222182422,1.0,1.0,0,,-0.00505923804786973,-0.004559238047869729,0.0005,1.0,1.0,2.4715053275935834,0,0,0,2058.51,1876.2777499999997,1.0971243463287887,0
2024-05-06,5606.842,2495.762,0.5964353563792769,11.904552059985301,2134.62,963.49,2.215508204548049,1.0,2.5838228395575165,1.0,1.0,0,,0.007022443245774834,0.007022443245774834,0.0,0.0,1.0,2.4888613334882397,0,0,0,2134.62,1879.702,1.135616177457916,0
2024-05-07,5625.336,2499.771,0.5974429940494987,18.024573321436,1973.55,628.64,3.1393961567828965,1.0,2.5881880355481144,1.0,1.0,0,,0.0016894331622772096,0.0016894331622772096,0.0,0.0,1.0,2.493066098361344,0,0,0,1973.55,1879.9337500000001,1.0497976324963578,0
2024-05-08,5536.659,2486.019,0.5912777861080367,21.353076222922827,1861.81,515.51,3.611588523985956,1.0,2.5614796841410574,1.0,1.0,0,,-0.010319324191374157,-0.010319324191374157,0.0,0.0,1.0,2.4673393410618294,0,0,0,1861.81,1885.2342500000002,0.987574886250873,1
2024-05-09,5626.825,2501.731,0.5971329392909525,24.189505744065396,1869.69,643.11,2.907263143163689,1.0,2.5868448446086827,1.0,1.0,0,,0.009902542122301128,0.009902542122301128,0.0,0.0,1.0,2.491772272816705,0,0,0,1869.69,1890.0952500000003,0.9892041155068771,2
2024-05-10,5574.232,2508.575,0.5899377406517593,26.47872189189257,1901.62,669.49,2.8404009021792707,1.0,2.555674461464464,1.0,1.0,0,,-0.012049575841079685,-0.012049575841079685,0.0,0.0,1.0,2.4617474738367005,0,0,0,1901.62,1900.75275,1.0004562666027972,0
2024-05-13,5520.804,2506.459,0.5847765576790255,24.697592441527078,1831.09,740.56,2.472574808253214,1.0,2.5333156554321725,1.0,1.0,0,,-0.008748690950051374,-0.008748690950051374,0.0,0.0,1.0,2.4402104059910337,0,0,0,1831.09,1902.74175,0.9623428928282044,1
2024-05-14,5551.675,2496.736,0.590336506927123,24.681461279831723,1712.73,610.78,2.8041684403549563,1.0,2.5574019603441163,1.0,1.0,0,,0.009507818285611425,0.009507818285611425,0.0,0.0,1.0,2.4634114831098546,0,0,0,1712.73,1895.83275,0.9034182999528835,2
2024-05-15,5497.235,2477.39,0.5891123849165683,24.698371937403866,1577.4,504.98,3.123688066854133,1.0,2.5520989306436683,1.0,1.0,0,,-0.002073600389253749,-0.002073600389253749,0.0,0.0,1.0,2.458303352099586,0,0,0,1577.4,1885.179,0.836737519354926,3
2024-05-16,5488.946,2489.414,0.5853829392540261,20.164011849309894,1637.26,682.82,2.397791511672182,1.0,2.535942566372672,1.0,1.0,0,,-0.004872963747702866,-0.004747963747702866,0.000125,0.25,0.75,2.446324128983948,0,0,1,1637.26,1880.0079999999998,0.8708792728541581,4
2024-05-17,5563.231,2524.171,0.5851356393219791,10.645817590646537,1749.24,765.47,2.285184265875867,1.0,2.5348712361676298,1.0,1.0,0,,-0.00031684378993279694,-0.00031684378993279694,0.0,0.0,0.75,2.4455490263755166,0,0,1,1749.24,1880.84575,0.9300284193959021,5
2024-05-20,5596.777,2532.824,0.5866528983740347,5.692684666673184,1946.5,814.81,2.388900479866472,1.0,2.541444167417087,1.0,1.0,0,,0.0019447529983992462,0.0019447529983992462,0.0,0.0,0.75,2.4503050151772925,0,0,1,1946.5,1876.4907500000002,1.037308603839374,0
2024-05-21,5536.745,2525.233,0.5821049553390987,-0.6510030847652925,1643.85,546.45,3.0082349711776004,1.0,2.5217419834989334,1.0,1.0,0,,-0.007877357565335544,-0.007752357565335544,0.000125,0.25,1.0,2.431003086428606,0,0,0,1643.85,1866.9975,0.8804778795900905,1
2024-05-22,5539.66,2529.04,0.5815347112531899,-6.448286035764362,1596.18,657.77,2.426653693540296,0.0,2.520481112507184,1.0,1.0,0,,-0.0005,0.0,0.0005,1.0,0.0,2.429787584885392,0,0,0,1596.18,1856.9365000000003,0.859577050696133,2
2024-05-23,5412.824,2500.821,0.5746316316268524,-13.916300262963372,1650.79,596.69,2.766578960599306,0.0,2.520481112507184,1.0,1.0,0,,0.0,0.0,0.0,0.0,0.0,2.429787584885392,0,0,0,1650.79,1844.301,0.8950762375555834,3
2024-05-24,5350.107,2474.425,0.5740323965762076,-20.387359197216114,1445.9,537.67,2.6891959752264403,0.0,2.520481112507184,1.0,1.0,0,,0.0,0.0,0.0,0.0,0.0,2.429787584885392,0,0,0,1445.9,1823.8220000000001,0.792785699481638,4
2024-05-27,5404.616,2497.601,0.5744999739355775,-24.668029350909546,1450.62,607.97,2.3860058884484427,0.0,2.520481112507184,1.0,1.0,0,,0.0,0.0,0.0,0.0,0.0,2.429787584885392,0,0,0,1450.62,1803.9342499999998,0.8041423904446628,5
2024-05-28,5348.029,2490.161,0.5701833835636645,-29.26861042061352,1422.42,541.84,2.625166100693932,0.0,2.520481112507184,1.0,1.0,0,,0.0,0.0,0.0,0.0,0.0,2.429787584885392,0,0,0,1422.42,1790.1794999999997,0.7945683659096757,6
2024-05-29,5351.252,2493.169,0.5698386667699045,-31.85841704252708,1315.51,515.77,2.550574868643,0.0,2.520481112507184,1.0,1.0,0,,0.0,0.0,0.0,0.0,0.0,2.429787584885392,0,0,0,1315.51,1777.0724999999998,0.7402680532167372,7
2024-05-30,5334.296,2473.758,0.5724902961004551,-31.443647685258014,1335.6,602.66,2.216174957687585,0.0,2.520481112507184,1.0,1.0,0,,0.0,0.0,0.0,0.0,0.0,2.429787584885392,0,0,0,1335.6,1763.56325,0.757330365100316,8
2024-05-31,5355.21,2462.183,0.5774367334044873,-28.80681554771016,1337.2,503.84,2.654017148301048,0.0,2.520481112507184,1.0,1.0,0,,0.0,0.0,0.0,0.0,0.0,2.429787584885392,0,0,0,1337.2,1752.659,0.7629550300429233,9
2024-06-03,5284.624,2469.017,0.5682484279019716,-27.91904027764533,1568.48,582.12,2.694427265855837,0.0,2.520481112507184,1.0,1.0,0,,0.0,0.0,0.0,0.0,0.0,2.429787584885392,0,0,0,1568.48,1741.2677500000002,0.9007689943146308,10
2024-06-04,5313.708,2483.319,0.5680851074671429,-26.446151206075832,1381.33,566.23,2.439521042685834,0.0,2.520481112507184,1.0,1.0,0,,0.0,0.0,0.0,0.0,0.0,2.429787584885392,0,0,0,1381.33,1725.34325,0.8006117043666529,11
2024-06-05,5244.085,2468.192,0.5640778059593268,-26.00644057065765,1290.81,513.41,2.514189439239594,0.0,2.520481112507184,1.0,1.0,0,,0.0,0.0,0.0,0.0,0.0,2.429787584885392,0,0,0,1290.81,1709.681,0.7550004942442479,12
2024-06-06,5130.869,2467.887,0.5519679822691885,-28.097576532451736,1591.89,644.88,2.468505768515073,0.0,2.520481112507184,1.0,1.0,0,,0.0,0.0,0.0,0.0,0.0,2.429787584885392,0,0,0,1591.89,1702.7955000000002,0.9348685734722695,13
2024-06-07,5153.587,2457.257,0.5568103013037847,-28.583293362209055,1271.52,586.48,2.168053471559132,0.0,2.520481112507184,1.0,1.0,0,,0.0,0.0,0.0,0.0,0.0,2.429787584885392,0,0,0,1271.52,1694.5102499999998,0.75037610424605,14
2024-06-11,5198.923,2423.618,0.5695048753276877,-24.646905973398116,1309.22,701.53,1.8662352287143813,0.0,2.520481112507184,1.0,1.0,0,,0.0,0.0,0.0,0.0,0.0,2.429787584885392,0,0,0,1309.22,1686.1212499999997,0.7764684775783475,15
2024-06-12,5216.462,2423.607,0.5714287410110286,-19.387021426585136,1252.94,632.74,1.980181433132092,0.0,2.520481112507184,1.0,1.0,0,,0.0,0.0,0.0,0.0,0.0,2.429787584885392,0,0,0,1252.94,1676.75775,0.7472397249990347,16
2024-06-13,5180.236,2412.074,0.5701736574351679,-14.7569825564945,1380.18,573.68,2.405836006135825,0.0,2.520481112507184,1.0,1.0,0,,0.0,0.0,0.0,0.0,0.0,2.429787584885392,0,0,0,1380.18,1672.4157500000001,0.8252613024004348,17
2024-06-14,5180.651,2426.509,0.5668271714426828,-11.652835480189463,1479.39,782.47,1.8906667348268944,0.0,2.520481112507184,1.0,1.0,0,,0.0,0.0,0.0,0.0,0.0,2.429787584885392,0,0,0,1479.39,1662.30475,0.8899631671027831,18
2024-06-17,5183.968,2416.341,0.5695768367989454,-7.460743682427741,1401.85,618.42,2.2668251350215063,0.0,2.520481112507184,1.0,1.0,0,,0.0,0.0,0.0,0.0,0.0,2.429787584885392,0,0,0,1401.85,1650.32025,0.8494411917929262,19
2024-06-18,5227.254,2415.428,0.5745498790317811,-1.425201289336282,1398.17,594.66,2.3512090942723574,0.0,2.520481112507184,1.0,1.0,0,,0.0,0.0,0.0,0.0,0.0,2.429787584885392,0,0,0,1398.17,1639.973,0.852556718921592,20
2024-06-19,5159.995,2413.972,0.5674992380677695,1.4174165187627925,1376.97,562.41,2.4483384008107967,0.0,2.520481112507184,1.0,1.0,0,,0.0,0.0,0.0,0.0,0.0,2.429787584885392,0,0,0,1376.97,1627.4907500000002,0.8460693248179751,21
2024-06-20,5056.138,2408.338,0.5573778563467235,1.067370523654283,1451.62,562.62,2.580107354875404,0.0,2.520481112507184,1.0,1.0,0,,0.0,0.0,0.0,0.0,0.0,2.429787584885392,0,0,0,1451.62,1619.648,0.8962564705417473,22
2024-06-21,5055.333,2398.957,0.559468365759553,0.7509173381796826,1133.14,588.65,1.9249808884736264,0.0,2.520481112507184,1.0,1.0,0,,0.0,0.0,0.0,0.0,0.0,2.429787584885392,0,0,0,1133.14,1606.484,0.7053540527014276,23
2024-06-24,4887.777,2404.085,0.5397713073549973,-5.568658740380012,1336.43,622.52,2.146806528304312,0.0,2.520481112507184,1.0,1.0,0,,0.0,0.0,0.0,0.0,0.0,2.429787584885392,0,0,0,1336.43,1601.1574999999998,0.8346649220954218,24
2024-06-25,4847.611,2394.215,0.5375425475823953,-11.203148374110071,1163.21,587.4,1.9802689819543755,0.0,2.520481112507184,1.0,1.0,0,,0.0,0.0,0.0,0.0,0.0,2.429787584885392,0,0,0,1163.21,1588.7525,0.7321530571942452,25
2024-06-26,4986.384,2398.256,0.551999152575659,-11.444330279063553,1257.81,467.32,2.69153898827356,0.0,2.520481112507184,1.0,1.0,0,,0.0,0.0,0.0,0.0,0.0,2.429787584885392,0,0,0,1257.81,1579.17525,0.7964980454195948,26
2024-06-27,4864.086,2388.561,0.5406461794120805,-14.962908033762583,1146.45,545.77,2.100610147131576,0.0,2.520481112507184,1.0,1.0,0,,0.0,0.0,0.0,0.0,0.0,2.429787584885392,0,0,0,1146.45,1552.9405,0.7382446397656576,27
2024-06-28,4895.987,2394.875,0.5427572531584486,-16.171463432345988,1299.4,626.6,2.073731248005107,0.0,2.520481112507184,1.0,1.0,0,,0.0,0.0,0.0,0.0,0.0,2.429787584885392,0,0,0,1299.4,1523.5725,0.85286391031605,28
2024-07-01,4940.247,2405.467,0.5452522798099587,-15.198408625165879,1233.13,563.58,2.1880300933319137,0.0,2.520481112507184,1.0,1.0,0,,0.0,0.0,0.0,0.0,0.0,2.429787584885392,0,0,0,1233.13,1502.9379999999999,0.8204796205831513,29
2024-07-02,4905.65,2416.679,0.5389218869775184,-16.974778175389073,1169.69,599.19,1.952118693569652,0.0,2.520481112507184,1.0,1.0,0,,0.0,0.0,0.0,0.0,0.0,2.429787584885392,0,0,0,1169.69,1478.81475,0.7909645207420335,30
2024-07-03,4867.133,2414.866,0.5350919376436278,-19.223348281866492,1038.16,551.18,1.8835226241881056,0.0,2.520481112507184,1.0,1.0,0,,0.0,0.0,0.0,0.0,0.0,2.429787584885392,0,0,0,1038.16,1455.43,0.7133012236933415,31
2024-07-04,4761.868,2407.903,0.5250329926899336,-24.85096337291043,1070.67,499.29,2.144385026737968,0.0,2.520481112507184,1.0,1.0,0,,0.0,0.0,0.0,0.0,0.0,2.429787584885392,0,0,0,1070.67,1435.6515000000002,0.7457729121586959,32
2024-07-05,4810.794,2386.004,0.5352957848419563,-27.025621665688618,1009.19,636.23,1.5862031026515568,0.0,2.520481112507184,1.0,1.0,0,,0.0,0.0,0.0,0.0,0.0,2.429787584885392,0,0,0,1009.19,1414.139,0.7136427182900692,33
2024-07-08,4693.965,2371.689,0.5254487195071907,-30.226088488003192,1092.18,589.88,1.8515291245677088,0.0,2.520481112507184,1.0,1.0,0,,0.0,0.0,0.0,0.0,0.0,2.429787584885392,0,0,0,1092.18,1393.9029999999998,0.7835408920132895,34
2024-07-09,4797.063,2389.384,0.5330128770003962,-27.866473374306924,1396.61,625.67,2.232183099717103,0.0,2.520481112507184,1.0,1.0,0,,0.0,0.0,0.0,0.0,0.0,2.429787584885392,0,0,0,1396.61,1383.041,1.0098109889728504,0
2024-07-10,4777.682,2381.831,0.5325428116706843,-24.68253798934213,1331.74,564.74,2.35814711194532,0.0,2.520481112507184,1.0,1.0,0,,0.0,0.0,0.0,0.0,0.0,2.429787584885392,0,0,0,1331.74,1373.5162500000001,0.9695844515854836,1
2024-07-11,4893.594,2396.407,0.5421451610665208,-17.87301227369517,1528.71,634.13,2.410720199328213,0.0,2.520481112507184,1.0,1.0,0,,0.0,0.0,0.0,0.0,0.0,2.429787584885392,0,0,0,1528.71,1372.299,1.1139773475022572,0
2024-07-12,4878.02,2412.618,0.5367885496741823,-13.21821064151396,1263.58,598.12,2.112586103123119,0.0,2.520481112507184,1.0,1.0,0,,0.0,0.0,0.0,0.0,0.0,2.429787584885392,0,0,0,1263.58,1362.957,0.9270872081804487,1
2024-07-15,4827.602,2420.521,0.5295059371026111,-10.311056436639966,1168.91,503.47,2.3217073509841697,0.0,2.520481112507184,1.0,1.0,0,,0.0,0.0,0.0,0.0,0.0,2.429787584885392,0,0,0,1168.91,1348.44875,0.866855340256721,2
2024-07-16,4836.718,2424.755,0.5295794616658773,-6.08766241772292,1197.09,559.01,2.1414464857515965,0.0,2.520481112507184,1.0,1.0,0,,0.0,0.0,0.0,0.0,0.0,2.429787584885392,0,0,0,1197.09,1329.7135,0.9002615977050694,3
2024-07-17,4795.624,2432.833,0.5233365380745209,-4.630219490227504,1214.46,649.69,1.8692915082577843,0.0,2.520481112507184,1.0,1.0,0,,0.0,0.0,0.0,0.0,0.0,2.429787584885392,0,0,0,1214.46,1318.97875,0.920757821155193,4
2024-07-18,4812.426,2444.509,0.5226616729816593,-4.294369383263679,1262.88,609.96,2.070430847924454,0.0,2.520481112507184,1.0,1.0,0,,0.0,0.0,0.0,0.0,0.0,2.429787584885392,0,0,0,1262.88,1310.64625,0.9635551927150443,5
2024-07-19,4821.423,2456.79,0.5210212421225453,-3.5092998160351527,1204.85,716.95,1.680521654229723,0.0,2.520481112507184,1.0,1.0,0,,0.0,0.0,0.0,0.0,0.0,2.429787584885392,0,0,0,1204.85,1299.49775,0.927165899286859,6
2024-07-22,4826.871,2432.55,0.5268077396820109,-3.449334332018179,1176.56,694.93,1.6930626106226527,0.0,2.520481112507184,1.0,1.0,0,,0.0,0.0,0.0,0.0,0.0,2.429787584885392,0,0,0,1176.56,1292.7642500000002,0.9101118011269261,7
2024-07-23,4694.953,2396.673,0.5200806502502567,-5.551173772282788,1214.82,638.54,1.9024963197293827,0.0,2.520481112507184,1.0,1.0,0,,0.0,0.0,0.0,0.0,0.0,2.429787584885392,0,0,0,1214.82,1286.8692500000002,0.9440119887859624,8
2024-07-24,4631.011,2390.954,0.514224568202305,-6.476933017891037,1188.6,563.53,2.1092044789097297,0.0,2.520481112507184,1.0,1.0,0,,0.0,0.0,0.0,0.0,0.0,2.429787584885392,0,0,0,1188.6,1281.02375,0.9278516499011044,9
2024-07-25,4632.567,2369.715,0.5190077248704301,-6.732319911902826,1058.63,606.79,1.744639825969446,0.0,2.520481112507184,1.0,1.0,0,,0.0,0.0,0.0,0.0,0.0,2.429787584885392,0,0,0,1058.63,1274.60175,0.8305574662830959,10
2024-07-26,4702.08,2355.316,0.5300160996575161,-2.0883910020287355,1084.78,582.4,1.862603021978022,0.0,2.520481112507184,1.0,1.0,0,,0.0,0.0,0.0,0.0,0.0,2.429787584885392,0,0,0,1084.78,1268.33125,0.8552812997393229,11
2024-07-29,4685.646,2348.478,0.5297015073123116,2.895027647366293,1088.23,502.86,2.1640814540826474,0.0,2.520481112507184,1.0,1.0,0,,0.0,0.0,0.0,0.0,0.0,2.429787584885392,0,0,0,1088.23,1262.107,0.8622327583952867,12
2024-07-30,4702.491,2335.312,0.5346028779823536,8.485560768600276,1121.28,541.47,2.0708072469388883,0.0,2.520481112507184,1.0,1.0,0,,0.0,0.0,0.0,0.0,0.0,2.429787584885392,0,0,0,1121.28,1250.9270000000001,0.8963592599728041,13
2024-07-31,4889.081,2375.394,0.5464366342815629,17.489993744725638,1689.66,778.24,2.171129728618421,0.0,2.520481112507184,1.0,1.0,0,,0.0,0.0,0.0,0.0,0.0,2.429787584885392,0,0,0,1689.66,1258.63525,1.3424540588705107,0
2024-08-01,4878.289,2360.422,0.5486888081699617,23.682890022413602,1502.11,583.67,2.573560402282112,0.0,2.520481112507184,1.0,1.0,0,,0.0,0.0,0.0,0.0,0.0,2.429787584885392,0,0,0,1502.11,1263.91775,1.1884554987854232,0
2024-08-02,4809.889,2343.715,0.5448519189966743,30.25114688814644,1417.17,497.76,2.8470949855351977,0.0,2.520481112507184,1.0,1.0,0,,0.0,0.0,0.0,0.0,0.0,2.429787584885392,0,0,0,1417.17,1259.5497500000001,1.125140154249564,0
2024-08-05,4678.775,2328.922,0.5333661472715383,29.15257431781891,1474.9,631.04,2.337252789046653,0.0,2.520481112507184,1.0,1.0,0,,0.0,0.0,0.0,0.0,0.0,2.429787584885392,0,0,0,1474.9,1264.6342499999998,1.1662660567670062,0
2024-08-06,4749.947,2313.336,0.5451277339086279,33.93293868128726,1191.29,548.99,2.169966666059491,0.0,2.520481112507184,1.0,1.0,0,,0.0,0.0,0.0,0.0,0.0,2.429787584885392,0,0,0,1191.29,1261.686,0.944204817997505,1
2024-08-07,4743.41,2314.426,0.5441211354643437,36.7885355673802,1088.24,427.13,2.547795753049423,0.0,2.520481112507184,1.0,1.0,0,,0.0,0.0,0.0,0.0,0.0,2.429787584885392,0,0,0,1088.24,1257.5685,0.8653524639015687,2
2024-08-08,4739.493,2320.425,0.5422662566502985,41.11209596916397,1181.55,400.41,2.9508503783621784,1.0,2.5106286914380362,1.0,1.0,0,,-0.00390894461389063,-0.00340894461389063,0.0005,1.0,1.0,2.4202896797925555,0,0,0,1181.55,1252.60275,0.9432759108983274,3
2024-08-09,4702.745,2317.992,0.5386265140934399,42.73382131946885,1019.04,427.64,2.38293892058741,1.0,2.493777113489696,1.0,1.0,0,,-0.005159071148934449,-0.005034071148934449,0.000125,0.25,0.75,2.4078032331334738,0,0,1,1019.04,1241.094,0.8210820453567578,4
2024-08-12,4674.102,2316.911,0.5355956786801311,40.82966419634719,935.8,323.48,2.8929145542228265,0.0,2.4925302249329513,1.0,1.0,0,,-0.000375,0.0,0.000375,0.75,0.0,2.406900306921049,0,0,0,935.8,1229.44275,0.7611578497656764,5
2024-08-13,4697.586,2317.653,0.5381143283953,40.109624828026554,890.86,360.56,2.470767694697138,0.0,2.4925302249329513,1.0,1.0,0,,0.0,0.0,0.0,0.0,0.0,2.406900306921049,0,0,0,890.86,1216.76,0.7321575331207469,6
2024-08-14,4649.278,2306.115,0.5352452044989555,36.369631108797435,887.73,346.92,2.5588896575579385,0.0,2.4925302249329513,1.0,1.0,0,,0.0,0.0,0.0,0.0,0.0,2.406900306921049,0,0,0,887.73,1204.529,0.7369934638352419,7
2024-08-15,4691.85,2335.938,0.5332502132710989,31.715242454758112,1117.83,466.31,2.397182132058073,0.0,2.4925302249329513,1.0,1.0,0,,0.0,0.0,0.0,0.0,0.0,2.406900306921049,0,0,0,1117.83,1196.18425,0.9344965041965734,8
2024-08-16,4655.651,2345.048,0.5270804532733916,24.158277574110013,1084.14,396.17,2.736552490092637,0.0,2.4925302249329513,1.0,1.0,0,,0.0,0.0,0.0,0.0,0.0,2.406900306921049,0,0,0,1084.14,1194.95925,0.9072610635048852,9
2024-08-19,4663.612,2357.031,0.5252975158084889,18.05782058481026,1049.05,413.05,2.5397651616027117,1.0,2.482852560984053,1.0,1.0,0,,-0.002911999978603682,-0.0025369999786036823,0.000375,0.75,0.75,2.3998914132787936,0,0,1,1049.05,1187.77475,0.8832061802963903,10
2024-08-20,4579.304,2346.638,0.5180857016829156,8.404064110315597,1078.72,404.74,2.6652171764589614,0.0,2.4816111347035608,1.0,1.0,0,,-0.000375,0.0,0.000375,0.75,0.0,2.398991453998814,0,0,0,1078.72,1185.6625,0.9098035908194787,11
2024-08-21,4548.264,2339.072,0.5162383988324081,-2.2344944248968517,922.76,370.37,2.4914544914544914,0.0,2.4816111347035608,1.0,1.0,0,,0.0,0.0,0.0,0.0,0.0,2.398991453998814,0,0,0,922.76,1177.2862499999999,0.7838025798738413,12
2024-08-22,4491.839,2341.151,0.5093812866477837,-12.92271645180521,979.94,441.59,2.219117280735524,0.0,2.4816111347035608,1.0,1.0,0,,0.0,0.0,0.0,0.0,0.0,2.398991453998814,0,0,0,979.94,1173.1235000000001,0.8353255219932086,13
2024-08-23,4495.344,2355.379,0.5066993682126543,-20.984781230883343,948.49,436.52,2.1728443141207734,0.0,2.4816111347035608,1.0,1.0,0,,0.0,0.0,0.0,0.0,0.0,2.398991453998814,0,0,0,948.49,1164.35075,0.8146084845996793,14
2024-08-26,4512.893,2352.273,0.5093491001619768,-26.2887941615967,975.19,393.8,2.476358557643474,0.0,2.4816111347035608,1.0,1.0,0,,0.0,0.0,0.0,0.0,0.0,2.398991453998814,0,0,0,975.19,1157.90225,0.8422040806985218,15
2024-08-27,4459.68,2350.414,0.5037413044985674,-30.82180854463228,1001.27,403.24,2.4830621962106934,0.0,2.4816111347035608,1.0,1.0,0,,0.0,0.0,0.0,0.0,0.0,2.398991453998814,0,0,0,1001.27,1153.69175,0.867883470606425,16
2024-08-28,4470.55,2336.148,0.5080527822677128,-30.62194270268751,923.68,448.98,2.057285402467816,0.0,2.4816111347035608,1.0,1.0,0,,0.0,0.0,0.0,0.0,0.0,2.398991453998814,0,0,0,923.68,1150.8297499999999,0.802620891578446,17
2024-08-29,4542.464,2317.664,0.5203424404102459,-25.027562553482387,1181.36,545.44,2.1658844235846284,0.0,2.4816111347035608,1.0,1.0,0,,0.0,0.0,0.0,0.0,0.0,2.398991453998814,0,0,0,1181.36,1153.597,1.024066463418334,0
2024-08-30,4629.32,2335.215,0.5263062906784308,-18.05087640930178,1630.28,873.2,1.8670178653229497,0.0,2.4816111347035608,1.0,1.0,0,,0.0,0.0,0.0,0.0,0.0,2.398991453998814,0,0,0,1630.28,1169.12425,1.3944454577860308,0
2024-09-02,4532.515,2299.933,0.5232054939943408,-13.665433702505089,1399.34,618.0,2.264304207119741,0.0,2.4816111347035608,1.0,1.0,0,,0.0,0.0,0.0,0.0,0.0,2.398991453998814,0,0,0,1399.34,1176.8032500000002,1.1891027663290357,0
2024-09-03,4572.397,2291.178,0.5298260786069584,-5.160798541403254,1165.8,502.95,2.317924246943036,0.0,2.4816111347035608,1.0,1.0,0,,0.0,0.0,0.0,0.0,0.0,2.398991453998814,0,0,0,1165.8,1171.033,0.9955312958729601,1
2024-09-04,4550.77,2271.807,0.5318163479864091,3.523068583785293,1134.7,428.02,2.651044343722256,0.0,2.4816111347035608,1.0,1.0,0,,0.0,0.0,0.0,0.0,0.0,2.398991453998814,0,0,0,1134.7,1166.107,0.9730667940420562,2
2024-09-05,4586.781,2275.118,0.5352446175727781,12.634316500796062,1082.93,391.46,2.766387370357125,1.0,2.496367641009962,1.0,1.0,0,,0.005946341108823139,0.006446341108823139,0.0005,1.0,1.0,2.413256675501443,0,0,0,1082.93,1154.9625,0.9376321742047902,3
2024-09-06,4508.228,2263.563,0.5287635576549699,18.140232993183663,1155.8,345.25,3.3477190441708906,1.0,2.466140138056953,1.0,1.0,0,,-0.009206445714295727,-0.009081445714295727,0.000125,0.25,0.75,2.391039158923777,0,0,1,1155.8,1152.2679999999998,1.0030652591237457,0
2024-09-09,4475.532,2232.959,0.532123143577864,23.720035065045664,1002.28,477.98,2.0969078204108955,1.0,2.4818091636010826,1.0,1.0,0,,0.0062286638905179464,0.0063536638905179466,0.000125,0.25,1.0,2.40593213819378,0,0,0,1002.28,1148.10225,0.8729884468042808,1
2024-09-10,4487.576,2235.687,0.5329040803041871,29.770568890181874,1145.55,401.91,2.8502649846980663,1.0,2.4854514331527313,1.0,1.0,0,,0.00146758647081624,0.00146758647081624,0.0,0.0,1.0,2.409463051649495,0,0,0,1145.55,1146.8137499999998,0.9988980337914506,2
2024-09-11,4486.007,2220.798,0.5362892846232619,35.83485462004345,1019.75,452.37,2.2542387868337865,1.0,2.5012399422622065,1.0,1.0,0,,0.006352370800280616,0.006352370800280616,0.0,0.0,1.0,2.4247688543831485,0,0,0,1019.75,1141.946,0.8929931888197866,3
2024-09-12,4468.744,2209.56,0.53694265653786,41.233476302422034,1061.36,422.69,2.5109654829780688,1.0,2.5042872526911166,1.0,1.0,0,,0.0007887399347683428,0.0009137399347683428,0.000125,0.25,0.75,2.426681366411183,0,0,1,1061.36,1136.908,0.9335495924032552,4
2024-09-13,4413.187,2205.812,0.5311681984303994,42.240151906486375,1029.75,441.06,2.334716365120392,1.0,2.477355323082554,1.0,1.0,0,,-0.008065746924485723,-0.008065746924485723,0.0,0.0,0.75,2.407108368643345,0,0,1,1029.75,1132.5305,0.9092470357310465,5
2024-09-18,4399.133,2218.656,0.5264114802458875,41.02839401532686,941.68,406.5,2.3165559655596555,1.0,2.4551701072702627,1.0,1.0,0,,-0.006716401036293257,-0.006716401036293257,0.0,0.0,0.75,2.390941263501719,0,0,1,941.68,1126.6585,0.8358167093223012,6
2024-09-19,4482.275,2229.805,0.5336786678159952,40.30591137251508,1223.12,583.18,2.0973284406186767,1.0,2.4890640901251206,1.0,1.0,0,,0.010353859826603529,0.010353859826603529,0.0,0.0,0.75,2.415696734197658,0,0,1,1223.12,1126.866,1.0854174320637946,0
2024-09-20,4463.356,2233.257,0.5306046531379374,37.88628991893232,1100.5,555.67,1.9804920186441597,1.0,2.474726961794728,1.0,1.0,0,,-0.005885047877944485,-0.005760047877944485,0.000125,0.25,1.0,2.40148024325831,0,0,0,1100.5,1124.6635,0.9785149069032647,1
2024-09-23,4469.133,2243.025,0.5289777384579901,32.76096707048122,1136.78,457.0,2.487483588621444,1.0,2.467139072018046,1.0,1.0,0,,-0.003066152304405656,-0.003066152304405656,0.0,0.0,1.0,2.394116939076459,0,0,0,1136.78,1126.61725,1.0090205879592204,0
2024-09-24,4642.558,2352.145,0.5240122958895096,24.80192096989067,1861.54,1010.5,1.8421969322117764,1.0,2.4439803708479912,1.0,1.0,0,,-0.009386864904665337,-0.009386864904665337,0.0,0.0,1.0,2.3716436868033774,0,0,0,1861.54,1146.03625,1.624329073360463,0
2024-09-25,4686.258,2386.323,0.5213689917053586,17.039233876698663,2283.96,1121.78,2.036014191730999,1.0,2.4316520655946205,1.0,1.0,0,,-0.005044355265870326,-0.005044355265870326,0.0,0.0,1.0,2.359680273483083,0,0,0,2283.96,1175.9295,1.9422592936056116,0
2024-09-26,4874.132,2498.18,0.51799049382691,7.0102327370379625,2221.59,1192.32,1.863249798711756,1.0,2.4158948351581406,1.0,1.0,0,,-0.006480051426529521,-0.006480051426529521,0.0,0.0,1.0,2.3443894239607452,0,0,0,2221.59,1203.43725,1.8460372570318895,0
2024-09-27,5136.441,2571.085,0.5303885007117037,3.0684164016242073,2777.56,1141.91,2.4323808356175176,1.0,2.4737188322317953,1.0,1.0,0,,0.023934815469676574,0.023934815469676574,0.0,0.0,1.0,2.400501952212307,0,0,0,2777.56,1230.63475,2.2570141140578066,0
2024-09-30,5708.826,2755.404,0.5500596043209997,8.35856582277134,4845.83,2692.85,1.7995172400987802,1.0,2.5654643723100636,1.0,1.0,0,,0.03708810349941638,0.03708810349941638,0.0,0.0,1.0,2.4895320170665083,0,0,0,4845.83,1314.22775,3.6872071830776667,0
2024-10-08,6201.985,2853.138,0.577106763091731,23.088102350225487,6375.21,3322.53,1.9187817717221516,1.0,2.691611650993033,1.0,1.0,0,,0.049171323540689205,0.049171323540689205,0.0,0.0,1.0,2.6119456013425904,0,0,0,6375.21,1438.1787499999998,4.432835626308622,0
2024-10-09,5727.38,2680.715,0.5672226760983754,30.44599570219567,5611.79,2913.87,1.9258889380789124,1.0,2.6455125140357416,1.0,1.0,0,,-0.01712696441192907,-0.01712696441192907,0.0,0.0,1.0,2.5672109019825013,0,0,0,5611.79,1541.601,3.6402350543363684,0
2024-10-10,5654.53,2739.051,0.5480808451026614,30.700906175871843,4228.33,2190.29,1.9304886567532156,1.0,2.5562354883197673,1.0,1.0,0,,-0.033746589835548346,-0.033746589835548346,0.0,0.0,1.0,2.4805762886519496,0,0,0,4228.33,1617.527,2.6140707388501085,0
2024-10-11,5416.758,2680.388,0.5365250439293787,26.667368953202764,3255.14,1379.37,2.3598744354306675,1.0,2.5023395178273495,1.0,1.0,0,,-0.021084117929934587,-0.021084117929934587,0.0,0.0,1.0,2.4282755256478126,0,0,0,3255.14,1671.6995,1.9472040279966585,0
2024-10-14,5615.756,2723.183,0.5474943388344429,27.68643517595561,3329.14,1433.74,2.321997014800452,0.27308624451468805,2.5154012595339137,0.27308624451468805,0.27308624451468805,0,0.29294774675367136,0.005219811945384932,0.005583268823127588,0.000363456877742656,0.726913755485312,0.27308624451468805,2.4409506672432753,0,0,0,3329.14,1725.3892499999997,1.9295008358258872,0
2024-10-15,5507.176,2655.116,0.5506728774713557,27.529802769301416,3809.74,1137.06,3.3505180025680263,0.27308624451468805,2.519389257802908,0.26659845385763337,0.27308624451468805,1,0.30007675904497527,0.0015854322461986898,0.0015854322461986898,0.0,0.0,0.27308624451468805,2.444820629142503,0,0,0,3809.74,1795.15675,2.122232501423622,0
2024-10-16,5524.255,2650.176,0.5534102912810871,28.394462654452198,3066.02,1022.04,2.999902156471371,0.27308624451468805,2.522809381909762,0.26981016963596577,0.27308624451468805,1,0.2965047615067211,0.0013575211120163664,0.0013575211120163664,0.0,0.0,0.27308624451468805,2.4481395247616566,0,0,0,3066.02,1848.4122499999999,1.6587317033848916,0
2024-10-17,5505.615,2610.467,0.5599327391575095,30.727563292879722,3519.14,943.54,3.729719990673421,0.27308624451468805,2.5309292252176028,0.2699892826723786,0.27308624451468805,1,0.296308057890864,0.0032185718691492278,0.0032185718691492278,0.0,0.0,0.27308624451468805,2.456019037767807,0,0,0,3519.14,1914.1192499999997,1.838516591899904,0
2024-10-18,5749.434,2681.912,0.5691526990684366,35.83996072405144,4680.07,1558.45,3.0030286502614776,0.27308624451468805,2.5423100306110586,0.26838124437246175,0.27308624451468805,1,0.2980834230315116,0.004496690496146869,0.004496690496146869,0.0,0.0,0.27308624451468805,2.467062995233293,0,0,0,4680.07,2008.92775,2.329635797006637,0
2024-10-21,5860.571,2681.057,0.5803394779977403,43.740914736782024,4961.8,1579.54,3.141294300872406,0.27308624451468805,2.55595600626258,0.26529422743527864,0.27308624451468805,1,0.301551981637131,0.005367549782369176,0.005367549782369176,0.0,0.0,0.27308624451468805,2.4803050786764484,0,0,0,4961.8,2105.027,2.357119409869802,0
2024-10-22,5888.815,2692.661,0.5806233018218349,48.58443030549836,4665.95,1151.94,4.050514783756098,0.27308624451468805,2.5562973720021107,0.26096915770106177,0.27308624451468805,1,0.30654963484857245,0.00013355696995348754,0.00013355696995348754,0.0,0.0,0.27308624451468805,2.4806363407073166,0,0,0,4665.95,2194.57225,2.1261318692059463,0
2024-10-23,5903.578,2708.046,0.5787719816959718,48.84888764246757,4351.03,1199.49,3.627399978324121,0.27308624451468805,2.5540715098757825,0.2646340717312648,0.27308624451468805,1,0.3023042326962334,-0.0008707367737052031,-0.0008707367737052031,0.0,0.0,0.27308624451468805,2.4784763594232735,0,0,0,4351.03,2277.12175,1.9107586144658273,0
2024-10-24,5861.632,2680.704,0.5805209768750801,50.28473649745217,3522.83,900.77,3.910909555158365,0.27308624451468805,2.556179235091918,0.26685697163227123,0.27308624451468805,1,0.2997860595909031,0.0008252412698648699,0.0008252412698648699,0.0,0.0,0.27308624451468805,2.4805217004014537,0,0,0,3522.83,2338.2245,1.5066260746134514,0
2024-10-25,5974.909,2683.325,0.5911616445541555,52.95608368623525,3949.49,1026.41,3.8478678111086206,0.27308624451468805,2.568974288119195,0.268320387222506,0.27308624451468805,1,0.29815103066939,0.0050055382860572165,0.0050055382860572165,0.0,0.0,0.27308624451468805,2.492938046742209,0,0,0,3949.49,2413.89275,1.6361497419469029,0
2024-10-28,6082.088,2686.289,0.6011020320968566,56.9280227539588,4087.99,1052.69,3.883374972689016,0.27308624451468805,2.580770882602207,0.26719693879924716,0.27308624451468805,1,0.29940462776074817,0.004591947275442965,0.004591947275442965,0.0,0.0,0.27308624451468805,2.504385486813795,0,0,0,4087.99,2491.594,1.64071273249173,0
2024-10-29,5983.836,2667.939,0.5954592100666904,55.40894814691827,4751.14,1121.74,4.235509119760373,0.27308624451468805,2.574154853113191,0.26664268233048155,0.27308624451468805,1,0.30002698480525564,-0.0025635865367271585,-0.0025635865367271585,0.0,0.0,0.27308624451468805,2.4979652778970243,0,0,0,4751.14,2586.66025,1.8367854842938884,0
2024-10-30,6019.347,2634.738,0.6065410170574447,55.41159283230614,4169.47,985.48,4.230902707310143,0.27308624451468805,2.5872374228717896,0.26664234070420306,0.27308624451468805,1,0.30002736920445494,0.005082277681459904,0.005082277681459904,0.0,0.0,0.27308624451468805,2.510660631077942,0,0,0,4169.47,2666.51725,1.5636388626400224,0
2024-10-31,6116.663,2633.117,0.6167265240311266,54.375364177437774,5075.95,1192.96,4.254920533798283,0.27308624451468805,2.5991021726827572,0.26698580290018314,0.27308624451468805,1,0.2996414008946733,0.00458587592544878,0.00458587592544878,0.0,0.0,0.27308624451468805,2.522174209222974,0,0,0,5075.95,2768.38425,1.8335424354476801,0
2024-11-01,5930.232,2651.535,0.5937758775303673,45.32722642172487,5113.68,1126.56,4.539198977417981,0.27308624451468805,2.5726887017703195,0.2697100810442466,0.27308624451468805,1,0.29661479352295994,-0.010162536582843948,-0.010162536582843948,0.0,0.0,0.27308624451468805,2.4965425215534403,0,0,0,5113.68,2873.13425,1.779826334255004,0
2024-11-04,6053.112,2675.771,0.6005898626401978,41.136200034758915,3782.47,857.43,4.41140384637813,0.24256232274517883,2.579810693708507,0.24256232274517883,0.24256232274517883,0,0.3298121451617328,0.002768306920804957,0.0027835688816897114,1.526196088475461e-05,0.030523921769509216,0.24256232274517883,2.50345371749394,0,0,0,3782.47,2938.162,1.2873592402324991,0
2024-11-05,6266.542,2727.667,0.6099367980927632,46.3160130161399,5112.49,1296.72,3.942632179653279,0.24256232274517883,2.589549425995904,0.25689577560633553,0.24256232274517883,1,0.3114103367841719,0.0037749794243227127,0.0037749794243227127,0.0,0.0,0.24256232274517883,2.512904203767224,0,0,0,5112.49,3025.2172499999997,1.689957969134283,0
2024-11-06,6293.193,2706.615,0.6172950535103112,51.30431734717634,5514.1,1393.95,3.955737293303203,0.294657909399572,2.598687154922116,0.294657909399572,0.294657909399572,0,0.27150128147931607,0.003528694542177861,0.0035547423355050574,2.6047793327196575e-05,0.05209558665439315,0.294657909399572,2.5217714751160734,0,0,0,5514.1,3128.08625,1.7627710872742082,0
2024-11-07,6403.918,2797.86,0.6076703036460535,47.17070906499648,4984.96,1541.19,3.2344876361772394,0.294657909399572,2.5867481327816466,0.3037993743747587,0.294657909399572,1,0.26333168119468925,-0.00459425141570268,-0.00459425141570268,0.0,0.0,0.294657909399572,2.510185822946443,0,0,0,4984.96,3223.56525,1.5464120045344203,0
2024-11-08,6423.122,2765.539,0.6166157506571655,40.69966250901088,5707.02,1678.22,3.4006387720322726,0.33692053345500594,2.599523146492646,0.33692053345500594,0.33692053345500594,0,0.23744471486978574,0.00493863841983803,0.004959769731865747,2.113131202771698e-05,0.04226262405543396,0.33692053345500594,2.522582723092579,0,0,0,5707.02,3337.8732499999996,1.7097773260263855,0
2024-11-11,6579.005,2753.745,0.6342854149942252,41.18900869798236,5511.38,1464.67,3.762881741279605,0.3641528070456833,2.626614080749644,0.3641528070456833,0.3641528070456833,0,0.2196879948531165,0.010421501456353595,0.010435117593148933,1.3616136795338686e-05,0.02723227359067737,0.3641528070456833,2.5488718226150606,0,0,0,5511.38,3448.5845,1.598157156943668,0
2024-11-12,6491.972,2712.265,0.6354666286667473,40.45375127825827,5473.96,1431.27,3.82454742990491,0.3641528070456833,2.628395325798642,0.3518629457704697,0.3641528070456833,1,0.22736125233313512,0.000678152554672251,0.000678152554672251,0.0,0.0,0.3641528070456833,2.550600346553099,0,0,0,5473.96,3556.5384999999997,1.5391257538755734,0
2024-11-13,6474.394,2728.229,0.630037695408172,36.21952200144994,4203.87,1198.99,3.5061760314931734,0.3641528070456833,2.6202182861755485,0.3507125552352485,0.3641528070456833,1,0.2281070318293514,-0.0031110387173621935,-0.0031110387173621935,0.0,0.0,0.3641528070456833,2.5426653301224547,0,0,0,4203.87,3636.5782499999996,1.1559960245596257,0
2024-11-14,6272.191,2704.152,0.6157953508050732,27.2665072136726,3878.68,1098.97,3.529377508030246,0.3641528070456833,2.598648984206014,0.34145591919132867,0.3641528070456833,1,0.2342908571901881,-0.008231872162459027,-0.008231872162459027,0.0,0.0,0.3641528070456833,2.52173443417297,0,0,0,3878.68,3704.9065,1.0469036128172196,0
2024-11-15,6125.513,2671.452,0.6087560927979044,17.44178986361281,3834.24,1184.05,3.238241628309616,0.31576429264444716,2.589206149027981,0.31576429264444716,0.31576429264444716,0,0.25335353573394875,-0.003633747857222833,-0.0036095536000222152,2.4194257200618075e-05,0.04838851440123615,0.31576429264444716,2.5125710870763087,0,0,0,3834.24,3775.26875,1.0156204111296712,0
2024-11-18,5974.558,2678.274,0.5922417321266604,4.988789578685452,3740.08,1279.86,2.922257121872705,0.31576429264444716,2.567026835941169,0.31300347975662296,0.31576429264444716,1,0.2555882128281906,-0.00856606689858923,-0.00856606689858923,0.0,0.0,0.31576429264444716,2.4910482350569523,0,0,0,3740.08,3842.23675,0.97341216675417,1
2024-11-19,6130.285,2671.189,0.609290319809049,-1.6129448606384833,3279.24,1021.08,3.2115407215889054,0.31576429264444716,2.5903604938935616,0.2977306339605885,0.31576429264444716,1,0.2686992565588324,0.009089760039005431,0.009089760039005431,0.0,0.0,0.31576429264444716,2.513691265759208,0,0,0,3279.24,3898.4740000000006,0.841159900001898,2
2024-11-20,6250.803,2676.207,0.6201037246105571,-5.423231281140513,3675.21,812.07,4.525730540470649,0.0,2.5899515222190375,0.2811944376131613,0.2811944376131613,0,0.28450064901374705,-0.00015788214632222357,0.0,0.00015788214632222357,0.31576429264444716,0.0,2.5132943987869787,0,0,0,3675.21,3966.81225,0.9264895256890466,3
2024-11-21,6262.164,2680.798,0.6201668909239556,-9.399044949762077,3807.12,727.55,5.23279499690743,0.0,2.5899515222190375,1.0,1.0,0,,0.0,0.0,0.0,0.0,0.0,2.5132943987869787,0,0,0,3807.12,4031.41225,0.9443638516502498,4
2024-11-22,6030.488,2601.557,0.6154139581480483,-13.394532929507303,4158.75,968.52,4.293922686160327,0.0,2.5899515222190375,1.0,1.0,0,,0.0,0.0,0.0,0.0,0.0,2.5132943987869787,0,0,0,4158.75,4107.8685,1.0123863507315292,0
2024-11-25,6052.129,2582.054,0.622287512437336,-14.306835388455022,3360.16,865.43,3.882647932241776,0.0,2.5899515222190375,1.0,1.0,0,,0.0,0.0,0.0,0.0,0.0,2.5132943987869787,0,0,0,3360.16,4163.4529999999995,0.8070608699077425,1
2024-11-26,5981.57,2592.737,0.6124983941753797,-19.081345439165567,2938.11,648.3,4.5320222119389175,0.0,2.5899515222190375,1.0,1.0,0,,0.0,0.0,0.0,0.0,0.0,2.5132943987869787,0,0,0,2938.11,4190.36725,0.7011581144826864,2
2024-11-27,6118.664,2625.761,0.6186565876879562,-20.15080534484415,3375.54,756.02,4.464881881431708,0.0,2.5899515222190375,1.0,1.0,0,,0.0,0.0,0.0,0.0,0.0,2.5132943987869787,0,0,0,3375.54,4217.65675,0.8003353995082696,3
2024-11-28,6086.085,2610.121,0.6190498219748953,-20.7700835417913,3527.32,636.86,5.538611311748265,0.0,2.5899515222190375,1.0,1.0,0,,0.0,0.0,0.0,0.0,0.0,2.5132943987869787,0,0,0,3527.32,4250.3,0.829899065948286,4
2024-11-29,6189.128,2624.956,0.6259730945624415,-22.425289122616196,3876.96,868.27,4.465154848146314,0.0,2.5899515222190375,1.0,1.0,0,,0.0,0.0,0.0,0.0,0.0,2.5132943987869787,0,0,0,3876.96,4277.785,0.9063008075440911,5
2024-12-02,6313.608,2639.041,0.6351549787937506,-20.58457496255322,4086.49,845.71,4.832022797412824,0.0,2.5899515222190375,1.0,1.0,0,,0.0,0.0,0.0,0.0,0.0,2.5132943987869787,0,0,0,4086.49,4258.8015,0.9595399081173425,6
2024-12-03,6303.276,2652.898,0.6308033657208243,-19.254886821663757,3778.26,828.63,4.559646645668152,0.0,2.5899515222190375,1.0,1.0,0,,0.0,0.0,0.0,0.0,0.0,2.5132943987869787,0,0,0,3778.26,4193.87775,0.9008989353588097,7
2024-12-04,6204.945,2648.755,0.6219341110626284,-20.22930347778334,3514.17,843.81,4.164646069612828,0.0,2.5899515222190375,1.0,1.0,0,,0.0,0.0,0.0,0.0,0.0,2.5132943987869787,0,0,0,3514.17,4141.43725,0.8485387530621163,8
2024-12-05,6285.601,2635.562,0.6331721473011237,-19.01392587690552,3406.83,603.15,5.648395921412584,0.0,2.5899515222190375,1.0,1.0,0,,0.0,0.0,0.0,0.0,0.0,2.5132943987869787,0,0,0,3406.83,4120.89975,0.8267199414399732,9
2024-12-06,6349.621,2665.428,0.6324541961530753,-16.812560802952753,3928.88,854.27,4.599108010348017,0.0,2.5899515222190375,1.0,1.0,0,,0.0,0.0,0.0,0.0,0.0,2.5132943987869787,0,0,0,3928.88,4137.7432499999995,0.9495224238478307,10
2024-12-09,6303.272,2667.592,0.627328289091394,-14.075929998017843,3363.47,794.59,4.232962911690305,0.0,2.5899515222190375,1.0,1.0,0,,0.0,0.0,0.0,0.0,0.0,2.5132943987869787,0,0,0,3363.47,4138.6015,0.812706901111402,11
2024-12-10,6362.02,2689.329,0.6280573831353755,-11.299117292935378,4537.37,1241.62,3.654395064512492,0.0,2.5899515222190375,1.0,1.0,0,,0.0,0.0,0.0,0.0,0.0,2.5132943987869787,0,0,0,4537.37,4156.79225,1.0915556340348738,0
2024-12-11,6447.374,2676.552,0.6395218814609439,-6.55738310065136,3926.0,748.41,5.245787736668404,0.0,2.5899515222190375,1.0,1.0,0,,0.0,0.0,0.0,0.0,0.0,2.5132943987869787,0,0,0,3926.0,4178.291749999999,0.9396184457440054,1
2024-12-12,6490.146,2702.268,0.6376381287091764,-5.25567942284275,4076.3,813.18,5.012789296342754,0.0,2.5899515222190375,1.0,1.0,0,,0.0,0.0,0.0,0.0,0.0,2.5132943987869787,0,0,0,4076.3,4192.22075,0.9723486054497488,2
2024-12-13,6354.988,2638.027,0.6395635860360853,-5.263792299809008,4306.31,1204.59,3.5749176068205784,0.0,2.5899515222190375,1.0,1.0,0,,0.0,0.0,0.0,0.0,0.0,2.5132943987869787,0,0,0,4306.31,4182.87675,1.0295091769079736,0
2024-12-16,6277.516,2641.56,0.6309218658386498,-10.769905024381773,3793.82,936.59,4.050673186773294,0.0,2.5899515222190375,1.0,1.0,0,,0.0,0.0,0.0,0.0,0.0,2.5132943987869787,0,0,0,3793.82,4153.677250000001,0.9133641762850013,1
2024-12-17,6143.944,2652.346,0.6149861023090429,-17.92163142219222,3250.36,830.2,3.915152975186702,0.0,2.5899515222190375,1.0,1.0,0,,0.0,0.0,0.0,0.0,0.0,2.5132943987869787,0,0,0,3250.36,4118.2875,0.7892503862345696,2
2024-12-18,6195.868,2671.346,0.6157724357942007,-22.716318070437122,3104.21,805.06,3.8558740963406457,0.0,2.5899515222190375,1.0,1.0,0,,0.0,0.0,0.0,0.0,0.0,2.5132943987869787,0,0,0,3104.21,4087.1169999999997,0.759510921757317,3
2024-12-19,6207.186,2661.722,0.6191277862690983,-26.25623109073825,3208.81,763.91,4.200507913235852,0.0,2.5899515222190375,1.0,1.0,0,,0.0,0.0,0.0,0.0,0.0,2.5132943987869787,0,0,0,3208.81,4079.2665,0.7866144562999254,4
2024-12-20,6271.753,2648.461,0.6287001941253502,-27.114241359588696,3446.56,932.07,3.69774802321714,0.0,2.5899515222190375,1.0,1.0,0,,0.0,0.0,0.0,0.0,0.0,2.5132943987869787,0,0,0,3446.56,4066.6932499999994,0.8475092140278838,5
2024-12-23,6096.381,2671.203,0.605917418413482,-34.10602403435621,3330.62,1066.26,3.123647140472305,0.0,2.5899515222190375,1.0,1.0,0,,0.0,0.0,0.0,0.0,0.0,2.5132943987869787,0,0,0,3330.62,4047.7590000000005,0.8228306082452042,6
2024-12-24,6164.361,2702.282,0.6056275542778603,-41.05063892647948,2813.11,872.86,3.222865064271476,0.0,2.5899515222190375,1.0,1.0,0,,0.0,0.0,0.0,0.0,0.0,2.5132943987869787,0,0,0,2813.11,3999.3082499999996,0.7033991440894811,7
2024-12-25,6094.687,2710.165,0.5970406546071148,-48.816088033773966,2745.81,884.16,3.1055578175895766,0.0,2.5899515222190375,1.0,1.0,0,,0.0,0.0,0.0,0.0,0.0,2.5132943987869787,0,0,0,2745.81,3963.7167499999996,0.6927361800007531,8
2024-12-26,6160.452,2702.595,0.605173412245994,-52.495589445878885,2808.13,812.11,3.4578197534816715,0.0,2.5899515222190375,1.0,1.0,0,,0.0,0.0,0.0,0.0,0.0,2.5132943987869787,0,0,0,2808.13,3907.0212500000002,0.7187393720983729,9
2024-12-27,6171.565,2701.703,0.606465266117612,-53.621300528442895,3130.73,916.1,3.4174544263726667,0.0,2.5899515222190375,1.0,1.0,0,,0.0,0.0,0.0,0.0,0.0,2.5132943987869787,0,0,0,3130.73,3857.4475000000007,0.8116066388460244,10
2024-12-30,6145.928,2718.749,0.6001593603349097,-55.305064543470756,2735.73,888.12,3.0803607620591813,0.0,2.5899515222190375,1.0,1.0,0,,0.0,0.0,0.0,0.0,0.0,2.5132943987869787,0,0,0,2735.73,3831.279,0.7140513650924404,11
2024-12-31,5957.717,2684.771,0.589143176506685,-60.00927224715772,2969.7,983.45,3.019675631704713,0.0,2.5899515222190375,1.0,1.0,0,,0.0,0.0,0.0,0.0,0.0,2.5132943987869787,0,0,0,2969.7,3777.70925,0.7861113186516405,12
2025-01-02,5797.089,2610.342,0.5896044967457116,-62.58004102090789,2937.18,1139.3,2.578056701483367,0.0,2.5899515222190375,1.0,1.0,0,,0.0,0.0,0.0,0.0,0.0,2.5132943987869787,0,0,0,2937.18,3713.28625,0.790992076088936,13
2025-01-03,5625.209,2587.132,0.5772558004165355,-66.58425860074993,2723.48,872.24,3.122397505273778,0.0,2.5899515222190375,1.0,1.0,0,,0.0,0.0,0.0,0.0,0.0,2.5132943987869787,0,0,0,2723.48,3656.74925,0.7447817210873838,14
2025-01-06,5608.034,2579.963,0.5770924474628647,-69.52855320303856,2348.77,785.11,2.991644482938697,0.0,2.5899515222190375,1.0,1.0,0,,0.0,0.0,0.0,0.0,0.0,2.5132943987869787,0,0,0,2348.77,3572.793,0.6574044452057536,15
2025-01-07,5692.041,2593.965,0.5825753946910928,-69.5183875392365,2342.87,761.05,3.078470534130478,0.0,2.5899515222190375,1.0,1.0,0,,0.0,0.0,0.0,0.0,0.0,2.5132943987869787,0,0,0,2342.87,3493.58025,0.6706214920925317,16
2025-01-08,5661.779,2597.446,0.5787015106946147,-68.07224710431309,2720.84,866.23,3.141013356729737,0.0,2.5899515222190375,1.0,1.0,0,,0.0,0.0,0.0,0.0,0.0,2.5132943987869787,0,0,0,2720.84,3424.75225,0.7944633075283037,17
2025-01-09,5672.78,2579.575,0.5838429121309409,-63.539792462602286,2482.2,664.76,3.733979180456104,0.0,2.5899515222190375,1.0,1.0,0,,0.0,0.0,0.0,0.0,0.0,2.5132943987869787,0,0,0,2482.2,3381.7105,0.7340072427843838,18
2025-01-10,5544.916,2560.25,0.5749907086376804,-60.42672982429626,2429.89,775.79,3.132149164077908,0.0,2.5899515222190375,1.0,1.0,0,,0.0,0.0,0.0,0.0,0.0,2.5132943987869787,0,0,0,2429.89,3345.49075,0.7263179549965876,19
2025-01-13,5559.473,2553.359,0.5780560823130141,-55.858228416186186,2016.44,749.14,2.691673118509224,0.0,2.5899515222190375,1.0,1.0,0,,0.0,0.0,0.0,0.0,0.0,2.5132943987869787,0,0,0,2016.44,3300.0457499999998,0.6110339530898928,20
2025-01-14,5811.055,2598.807,0.5936482451834829,-47.67239960252659,2910.62,933.66,3.117430327956644,0.0,2.5899515222190375,1.0,1.0,0,,0.0,0.0,0.0,0.0,0.0,2.5132943987869787,0,0,0,2910.62,3279.30925,0.8875710639367117,21
2025-01-15,5775.571,2591.503,0.5916862016358101,-41.04396617534259,2581.09,828.4,3.115753259295027,0.0,2.5899515222190375,1.0,1.0,0,,0.0,0.0,0.0,0.0,0.0,2.5132943987869787,0,0,0,2581.09,3261.8555,0.7912950159809348,22
2025-01-16,5801.305,2580.118,0.5969450572594385,-32.516696148112445,2680.25,917.65,2.9207758949490548,0.0,2.5899515222190375,1.0,1.0,0,,0.0,0.0,0.0,0.0,0.0,2.5132943987869787,0,0,0,2680.25,3236.9815,0.8280090572034471,23
2025-01-17,5841.572,2582.486,0.6005373018953601,-22.465553625888266,2528.75,744.23,3.397807129516413,0.0,2.5899515222190375,1.0,1.0,0,,0.0,0.0,0.0,0.0,0.0,2.5132943987869787,0,0,0,2528.75,3205.02225,0.7889960826324997,24
2025-01-20,5879.15,2589.069,0.6028637163728369,-11.494237407334731,2507.32,784.58,3.1957480435392185,0.0,2.5899515222190375,1.0,1.0,0,,0.0,0.0,0.0,0.0,0.0,2.5132943987869787,0,0,0,2507.32,3163.7365,0.7925185931255654,25
2025-01-21,5908.023,2584.889,0.6068041038375563,-2.858156100577723,2730.6,712.2,3.834035383319292,0.0,2.5899515222190375,1.0,1.0,0,,0.0,0.0,0.0,0.0,0.0,2.5132943987869787,0,0,0,2730.6,3147.9975000000004,0.8674085668746558,26
2025-01-22,5855.739,2551.354,0.6093393437353725,5.769518385408397,2459.48,782.24,3.144150132951524,0.0,2.5899515222190375,1.0,1.0,0,,0.0,0.0,0.0,0.0,0.0,2.5132943987869787,0,0,0,2459.48,3136.03175,0.784265019000525,27
2025-01-23,5829.033,2567.477,0.6027513372197637,9.98289512587015,2966.85,910.2,3.259558338826632,1.0,2.5606547151648873,1.0,1.0,0,,-0.00848379017989749,-0.00810879017989749,0.000375,0.75,0.75,2.4919721364473584,0,0,1,2966.85,3125.8144999999995,0.9491446149475602,28
2025-01-24,5938.13,2579.096,0.6112662583133008,17.60149568836245,2791.48,747.93,3.732274410706885,1.0,2.596828459628059,1.0,1.0,0,,0.010595067029812999,0.010595067029812999,0.0,0.0,0.75,2.5183747482694443,0,0,1,2791.48,3107.4185,0.8983276632999384,29
2025-01-27,5846.069,2583.652,0.6007283811152763,21.482984163695996,2535.89,744.84,3.4046103861231938,1.0,2.552060637030742,1.0,1.0,0,,-0.012929566765760458,-0.012929566765760458,0.0,0.0,0.75,2.4858132538204893,0,0,1,2535.89,3073.89175,0.8249770018739274,30
2025-02-05,5881.437,2561.942,0.6094841081505887,26.75914964112566,2863.06,956.34,2.9937679068113847,1.0,2.5892573918668,1.0,1.0,0,,0.010931388432643852,0.010931388432643852,0.0,0.0,0.75,2.5129866440690156,0,0,1,2863.06,3043.306,0.9407729620353654,31
2025-02-06,6041.834,2580.426,0.621620903173933,32.65049021094256,3613.78,868.33,4.161758778344638,1.0,2.6408178604787262,1.0,1.0,0,,0.014934919788358425,0.014934919788358425,0.0,0.0,0.75,2.5505178980274024,0,0,1,3613.78,3039.194,1.1890586780574062,0
2025-02-07,6134.055,2608.089,0.6244152318134845,38.967042189399415,4470.49,1190.25,3.7559252257929,1.0,2.6526889429048426,1.0,1.0,0,,0.004370229528614475,0.004495229528614475,0.000125,0.25,1.0,2.5616642466586215,0,0,0,4470.49,3063.102,1.4594649476249892,0
2025-02-10,6210.547,2621.04,0.6290779085946168,42.35479979061626,4077.67,1007.36,4.047877620711563,1.0,2.672497285993666,1.0,1.0,0,,0.007467269444389579,0.007467269444389579,0.0,0.0,1.0,2.5807928838144805,0,0,0,4077.67,3079.873,1.3239734235794787,0
2025-02-11,6190.174,2614.322,0.6286255224071173,43.4909324729963,3931.73,919.37,4.276548070961637,1.0,2.6705754241037543,1.0,1.0,0,,-0.0007191258528058686,-0.0007191258528058686,0.0,0.0,1.0,2.578936968930992,0,0,0,3931.73,3079.94425,1.2765588208293055,0
2025-02-12,6284.611,2640.046,0.6319971757110383,45.947106398381905,3923.22,922.63,4.2522137801719,1.0,2.6848991416925196,1.0,1.0,0,,0.005363532315726394,0.005363532315726394,0.0,0.0,1.0,2.592769180704075,0,0,0,3923.22,3093.938,1.2680344596433413,0
2025-02-13,6212.497,2641.131,0.6244885494576843,43.273015040284484,4379.0,1004.3,4.360250921039531,1.0,2.6530004165752135,1.0,1.0,0,,-0.01188079083566529,-0.01188079083566529,0.0,0.0,1.0,2.5619650323829704,0,0,0,4379.0,3089.9787499999998,1.417161849414013,0
2025-02-14,6248.835,2660.855,0.6234850993884541,41.24531727159713,4118.6,1009.82,4.078548652235052,1.0,2.6487374826046994,1.0,1.0,0,,-0.0016068350173940038,-0.0016068350173940038,0.0,0.0,1.0,2.557848377255598,0,0,0,4118.6,3094.79375,1.3308156642102564,0
2025-02-17,6281.566,2664.475,0.6258993605045204,36.68601707677382,4583.04,1180.22,3.883208215417465,1.0,2.65899393286661,1.0,1.0,0,,0.00387220339096217,0.00387220339096217,0.0,0.0,1.0,2.5677528864155743,0,0,0,4583.04,3107.46225,1.4748497749248604,0
2025-02-18,6142.138,2651.112,0.6150914987769743,27.880482165978247,4170.69,1106.2,3.770285662628819,1.0,2.6130791411696808,1.0,1.0,0,,-0.017267730899795386,-0.017267730899795386,0.0,0.0,1.0,2.523413620555777,0,0,0,4170.69,3104.07175,1.3436190706609792,0
2025-02-19,6288.529,2663.603,0.6267982900295925,26.084921865311323,4051.4,1027.0,3.944888023369036,1.0,2.662812834600772,1.0,1.0,0,,0.0190326012892319,0.0190326012892319,0.0,0.0,1.0,2.571440745883632,0,0,0,4051.4,3110.51125,1.302486850031486,0
2025-02-20,6334.414,2648.167,0.6350520250912733,25.447727784211125,4247.05,948.74,4.476516221514851,1.0,2.697876988420656,1.0,1.0,0,,0.013168088032421199,0.013168088032421199,0.0,0.0,1.0,2.6053017039955826,0,0,0,4247.05,3135.4285,1.3545357516524457,0
2025-02-21,6449.228,2682.239,0.6383494496199833,25.78476894694671,5035.81,1458.69,3.452282527473281,1.0,2.7118853616020213,1.0,1.0,0,,0.005192369126350016,0.005192369126350016,0.0,0.0,1.0,2.6188293921282364,0,0,0,5035.81,3183.7185,1.5817384608595266,0
2025-02-24,6464.024,2674.117,0.6417572529577004,26.735211889371786,4921.14,1306.33,3.767149188949194,1.0,2.7263626545522617,1.0,1.0,0,,0.005338460524632271,0.005338460524632271,0.0,0.0,1.0,2.6328099094588597,0,0,0,4921.14,3226.52675,1.5252128314138416,0
2025-02-25,6435.428,2643.233,0.6463834353117082,28.238990910965406,4643.48,1095.88,4.237215753549658,1.0,2.7460159592013125,1.0,1.0,0,,0.007208617172126841,0.007208617172126841,0.0,0.0,1.0,2.6517888281831308,0,0,0,4643.48,3256.4497499999998,1.425933257529922,0
2025-02-26,6524.406,2666.656,0.6495643980725022,30.203581199861453,4639.91,1063.26,4.363852679495137,1.0,2.7595295705186467,1.0,1.0,0,,0.0049211699852118596,0.0049211699852118596,0.0,0.0,1.0,2.6648387317715057,0,0,0,4639.91,3289.182,1.410657725841866,0
2025-02-27,6499.53,2679.077,0.6440876724749144,30.08319613589531,4753.56,1132.27,4.198256599574307,1.0,2.7362629224680353,1.0,1.0,0,,-0.008431382036699242,-0.008431382036699242,0.0,0.0,1.0,2.642370458357747,0,0,0,4753.56,3337.6932500000003,1.4242051752359208,0
2025-02-28,6270.419,2638.957,0.6308302034183154,23.38060353079045,4339.09,1193.68,3.6350529455130354,0.4731829060056245,2.7088918425378914,0.4731829060056245,0.4731829060056245,0,0.1690678149710021,-0.010003088411349002,-0.009739679864351813,0.00026340854699718775,0.5268170939943755,0.4731829060056245,2.615938593047258,0,0,0,4339.09,3377.52525,1.2846950589044448,0
2025-03-03,6273.67,2628.524,0.6336624239447844,19.63049179861069,3888.4,957.63,4.060440880089388,0.4731829060056245,2.7146467096526816,0.440995247627522,0.4731829060056245,1,0.18140785060697623,0.0021244359130260116,0.0021244359130260116,0.0,0.0,0.4731829060056245,2.621495986940598,0,0,0,3888.4,3404.532,1.1421246738171356,0
2025-03-04,6357.628,2621.217,0.6439325328202143,16.360259161332955,3476.95,766.09,4.538565964834419,0.4731829060056245,2.735465690132276,0.4526989189033683,0.4731829060056245,1,0.17671789496161036,0.007669130721712951,0.007669130721712951,0.0,0.0,0.4731829060056245,2.6416005823508915,0,0,0,3476.95,3413.1875,1.0186812180696196,0
2025-03-05,6398.237,2641.446,0.6430826853363543,13.747609809360513,3595.67,832.87,4.317204365627289,0.4731829060056245,2.733757402703674,0.47284442558827217,0.4731829060056245,1,0.1691888402839283,-0.000624496017173216,-0.000624496017173216,0.0,0.0,0.4731829060056245,2.639950913308251,0,0,0,3595.67,3434.686,1.0468700777887703,0
2025-03-06,6534.971,2683.949,0.6464242434420958,13.886250292411422,4647.8,1181.92,3.932415053472316,0.4731829060056245,2.7404789803515515,0.4843288236594686,0.4731829060056245,1,0.16517703694679953,0.002458732307859374,0.002458732307859374,0.0,0.0,0.4731829060056245,2.6464418459099646,0,0,0,4647.8,3476.6385,1.336866056105632,0
2025-03-07,6507.765,2682.016,0.6441970442299142,13.2120157989443,4632.27,896.54,5.166830258549536,0.5201172506430618,2.7355036777899495,0.5201172506430618,0.5201172506430618,0,0.1538114721268901,-0.0018154864887756355,-0.0017920193164569168,2.3467172318718645e-05,0.046934344637437286,0.5201172506430618,2.6416372664953847,0,0,0,4632.27,3519.01575,1.3163538696864316,0
2025-03-10,6520.973,2668.806,0.6486995953263683,14.282915394748544,3743.84,928.4,4.032572167169324,0.5201172506430618,2.745448075466454,0.5174265041360683,0.5201172506430618,1,0.1546113300353132,0.003635307734091153,0.003635307734091153,0.0,0.0,0.5201172506430618,2.6512404308809385,0,0,0,3743.84,3544.5247499999996,1.056231868602413,0
2025-03-11,6551.734,2682.223,0.6484994391875486,14.562175935055482,3662.44,823.8,4.445787812575868,0.5201172506430618,2.745007480247632,0.5181326037561229,0.5201172506430618,1,0.15440062914406905,-0.00016048208041486301,-0.00016048208041486301,0.0,0.0,0.5201172506430618,2.6508149543009107,0,0,0,3662.44,3577.3665,1.0237810411653376,0
2025-03-12,6566.968,2669.015,0.6532239745827572,16.49924579027815,4163.0,830.96,5.00986810436122,0.5201172506430618,2.7554089399911272,0.5183606209952312,0.5201172506430618,1,0.15433271116622108,0.0037892281964041603,0.0037892281964041603,0.0,0.0,0.5201172506430618,2.6608594970691977,0,0,0,4163.0,3622.8697500000003,1.1490890612338465,0
2025-03-13,6466.851,2664.617,0.6443269409247394,13.84590012026819,3846.18,822.62,4.675524543531642,0.5201172506430618,2.735889361326477,0.5160135230733786,0.5201172506430618,1,0.1550346966170958,-0.00708409498907746,-0.00708409498907746,0.0,0.0,0.5201172506430618,2.6420097156393707,0,0,0,3846.18,3651.00325,1.0534583884580218,0
2025-03-14,6571.171,2740.507,0.6365903977448012,8.637724996675693,3841.71,1386.77,2.7702575048493983,0.5201172506430618,2.7188033593616012,0.5096232107942792,0.5201172506430618,1,0.15697872134849405,-0.006245136300611082,-0.006245136300611082,0.0,0.0,0.5201172506430618,2.6255100048576643,0,0,0,3841.71,3684.9910000000004,1.0425290048198217,0
2025-03-17,6589.566,2737.923,0.6389749201890857,4.888641062199797,3535.6,901.38,3.9224300516985062,0.5201172506430618,2.7241002424469984,0.4896211388643107,0.5201172506430618,1,0.16339163824822217,0.0019482405989968384,0.0019482405989968384,0.0,0.0,0.5201172506430618,2.6306251300422003,0,0,0,3535.6,3712.6337499999995,0.952315859327627,1
2025-03-18,6611.926,2739.745,0.6407167410352375,-0.1273201147513182,3447.74,792.64,4.349692167945094,0.5201172506430618,2.72796252475324,0.4896973663105299,0.5201172506430618,1,0.16336620432071083,0.0014178194495413402,0.0014178194495413402,0.0,0.0,0.5201172506430618,2.6343548815160265,0,0,0,3447.74,3748.4162500000007,0.9197857895317787,2
2025-03-19,6564.677,2746.963,0.6344666269050632,-4.893089920748137,3195.56,801.69,3.986029512654517,0.0,2.7272530945691242,0.5345048303473758,0.5345048303473758,0,0.14967123860790524,-0.0002600586253215309,0.0,0.0002600586253215309,0.5201172506430618,0.0,2.6336697948069303,0,0,0,3195.56,3755.53975,0.8508923384448267,3
2025-03-20,6535.062,2718.186,0.6382910740308664,-6.951290750729572,3160.02,797.52,3.962308155281373,0.0,2.7272530945691242,1.0,1.0,0,,0.0,0.0,0.0,0.0,0.0,2.6336697948069303,0,0,0,3160.02,3770.013,0.8381987011715875,4
2025-03-21,6405.611,2675.358,0.6356629319867344,-9.085046825049325,3301.25,953.79,3.461191666928779,0.0,2.7272530945691242,1.0,1.0,0,,0.0,0.0,0.0,0.0,0.0,2.6336697948069303,0,0,0,3301.25,3785.5379999999996,0.8720689106805956,5
2025-03-24,6360.341,2693.331,0.6269586531902671,-12.809510230566504,3201.43,785.82,4.073999134661881,0.0,2.7272530945691242,1.0,1.0,0,,0.0,0.0,0.0,0.0,0.0,2.6336697948069303,0,0,0,3201.43,3802.3549999999996,0.8419597854487548,6
2025-03-25,6310.764,2691.898,0.6224028461411302,-16.385525779382938,2819.94,671.92,4.196838909393976,0.0,2.7272530945691242,1.0,1.0,0,,0.0,0.0,0.0,0.0,0.0,2.6336697948069303,0,0,0,2819.94,3810.1705,0.7401086119374448,7
2025-03-26,6334.908,2677.312,0.6281878870332834,-17.336948373256558,2486.4,681.02,3.65099409708966,0.0,2.7272530945691242,1.0,1.0,0,,0.0,0.0,0.0,0.0,0.0,2.6336697948069303,0,0,0,2486.4,3804.0654999999997,0.6536165058146345,8
2025-03-27,6328.767,2690.843,0.6244231246055649,-20.074106078485798,2566.1,724.64,3.541206668138662,0.0,2.7272530945691242,1.0,1.0,0,,0.0,0.0,0.0,0.0,0.0,2.6336697948069303,0,0,0,2566.1,3806.7309999999998,0.674095437791638,9
2025-03-28,6268.321,2679.74,0.6210217345793305,-24.879880876948825,2467.86,615.04,4.012519510926119,0.0,2.7272530945691242,1.0,1.0,0,,0.0,0.0,0.0,0.0,0.0,2.6336697948069303,0,0,0,2467.86,3794.25625,0.6504199604336159,10
2025-03-31,6226.649,2665.634,0.6201576368478281,-28.35980964126647,2677.99,776.61,3.4483073872342613,0.0,2.7272530945691242,1.0,1.0,0,,0.0,0.0,0.0,0.0,0.0,2.6336697948069303,0,0,0,2677.99,3791.4190000000003,0.706329213415874,11
2025-04-01,6259.484,2662.711,0.6241122853934336,-28.784946978055324,2417.67,706.62,3.421457077354165,0.0,2.7272530945691242,1.0,1.0,0,,0.0,0.0,0.0,0.0,0.0,2.6336697948069303,0,0,0,2417.67,3788.4635000000003,0.6381663700864479,12
2025-04-02,6277.253,2658.621,0.6268468277519224,-27.885238412665927,2084.28,541.21,3.851148352765101,0.0,2.7272530945691242,1.0,1.0,0,,0.0,0.0,0.0,0.0,0.0,2.6336697948069303,0,0,0,2084.28,3768.994,0.5530069827651622,13
2025-04-03,6203.257,2662.252,0.6186127155366455,-28.725159317118834,2382.73,755.86,3.1523430264863865,0.0,2.7272530945691242,1.0,1.0,0,,0.0,0.0,0.0,0.0,0.0,2.6336697948069303,0,0,0,2382.73,3738.21775,0.6373973265736058,14
2025-04-07,5496.443,2516.965,0.5797660528287206,-39.7668873645274,3114.71,1771.5,1.7582331357606549,0.0,2.7272530945691242,1.0,1.0,0,,0.0,0.0,0.0,0.0,0.0,2.6336697948069303,0,0,0,3114.71,3704.3232500000004,0.8408310478843875,15
2025-04-08,5530.019,2574.353,0.57030444414092,-50.59048156242839,3422.6,1538.23,2.2250248662423693,0.0,2.7272530945691242,1.0,1.0,0,,0.0,0.0,0.0,0.0,0.0,2.6336697948069303,0,0,0,3422.6,3687.9464999999996,0.9280503391250389,16
2025-04-09,5652.33,2597.102,0.5778122340881491,-56.30800211932508,3420.55,1437.06,2.3802416043867343,0.0,2.7272530945691242,1.0,1.0,0,,0.0,0.0,0.0,0.0,0.0,2.6336697948069303,0,0,0,3420.55,3675.167,0.9307196108367322,17
2025-04-10,5784.585,2612.619,0.5878199974064281,-57.571058641563084,3299.64,1148.06,2.8741006567600995,0.0,2.7272530945691242,1.0,1.0,0,,0.0,0.0,0.0,0.0,0.0,2.6336697948069303,0,0,0,3299.64,3659.5775000000003,0.9016450669510345,18
2025-04-11,5862.188,2619.576,0.5941238266247238,-56.869897543579555,2882.33,911.97,3.160553526980054,0.0,2.7272530945691242,1.0,1.0,0,,0.0,0.0,0.0,0.0,0.0,2.6336697948069303,0,0,0,2882.33,3622.1607500000005,0.7957487806138918,19
2025-04-14,5938.526,2628.206,0.5998842921011552,-53.74250564329187,2726.73,859.31,3.173162188267331,0.0,2.7272530945691242,1.0,1.0,0,,0.0,0.0,0.0,0.0,0.0,2.6336697948069303,0,0,0,2726.73,3587.364,0.7600929261708597,20
2025-04-15,5914.029,2634.593,0.5959614203541931,-50.71118852876482,2257.52,724.35,3.116614896113757,0.0,2.7272530945691242,1.0,1.0,0,,0.0,0.0,0.0,0.0,0.0,2.6336697948069303,0,0,0,2257.52,3529.226,0.639664334332797,21
2025-04-16,5835.348,2658.496,0.582745569157716,-50.940115036063894,2294.3,893.15,2.5687734423109223,0.0,2.7272530945691242,1.0,1.0,0,,0.0,0.0,0.0,0.0,0.0,2.6336697948069303,0,0,0,2294.3,3482.31625,0.6588430904286767,22
2025-04-17,5839.564,2659.896,0.5828596571540483,-49.93223482053449,2129.48,713.71,2.98367684353589,0.0,2.7272530945691242,1.0,1.0,0,,0.0,0.0,0.0,0.0,0.0,2.6336697948069303,0,0,0,2129.48,3434.26825,0.6200680450631659,23
2025-04-18,5831.687,2657.637,0.5825682008464332,-47.672290670597896,1907.24,522.15,3.652666858182515,0.0,2.7272530945691242,1.0,1.0,0,,0.0,0.0,0.0,0.0,0.0,2.6336697948069303,0,0,0,1907.24,3375.7729999999997,0.5649787470899258,24
2025-04-21,5952.637,2652.81,0.5957327610111295,-41.300959395630656,2288.0,614.41,3.723897723018832,0.0,2.7272530945691242,1.0,1.0,0,,0.0,0.0,0.0,0.0,0.0,2.6336697948069303,0,0,0,2288.0,3307.0777500000004,0.6918494734512969,25
2025-04-22,5949.312,2656.539,0.5945642323941939,-35.8435732168063,2467.94,630.34,3.9152520861757143,0.0,2.7272530945691242,1.0,1.0,0,,0.0,0.0,0.0,0.0,0.0,2.6336697948069303,0,0,0,2467.94,3245.74775,0.7603609984787019,26
2025-04-23,5984.583,2648.83,0.5998298005175131,-28.620363248594135,2743.1,626.29,4.379919845439014,0.0,2.7272530945691242,1.0,1.0,0,,0.0,0.0,0.0,0.0,0.0,2.6336697948069303,0,0,0,2743.1,3198.23825,0.8576909490717273,27
2025-04-24,5920.478,2655.364,0.5919444308173513,-23.145637030816953,2378.67,542.74,4.382706268194716,0.0,2.7272530945691242,1.0,1.0,0,,0.0,0.0,0.0,0.0,0.0,2.6336697948069303,0,0,0,2378.67,3141.7072500000004,0.7571265591343687,28
2025-04-25,5939.502,2648.81,0.5953158641365338,-16.849025870708136,2347.99,571.65,4.107390886031663,0.0,2.7272530945691242,1.0,1.0,0,,0.0,0.0,0.0,0.0,0.0,2.6336697948069303,0,0,0,2347.99,3081.568,0.7619465155401405,29
2025-04-28,5877.057,2651.225,0.5885204343785699,-12.902856257943656,2219.38,576.71,3.848346656031628,0.0,2.7272530945691242,1.0,1.0,0,,0.0,0.0,0.0,0.0,0.0,2.6336697948069303,0,0,0,2219.38,3028.57525,0.7328132262851981,30
2025-04-29,5903.381,2645.512,0.5924330898541694,-7.481967008325218,2194.12,538.94,4.071176754369688,0.0,2.7272530945691242,1.0,1.0,0,,0.0,0.0,0.0,0.0,0.0,2.6336697948069303,0,0,0,2194.12,2986.21825,0.7347487076672979,31
2025-04-30,5950.117,2633.16,0.5999243459725787,0.7384606425502,2417.59,724.98,3.334698888245193,0.0,2.7272530945691242,1.0,1.0,0,,0.0,0.0,0.0,0.0,0.0,2.6336697948069303,0,0,0,2417.59,2959.7342500000004,0.8168267134118544,32
2025-05-06,6102.922,2647.717,0.611947952201671,12.66117859390606,2836.58,696.91,4.070224275731444,1.0,2.7805487221699807,1.0,1.0,0,,0.014656403096668727,0.015031403096668727,0.000375,0.75,0.75,2.6722699209431413,0,0,1,2836.58,2940.7570000000005,0.9645747676533625,33
2025-05-07,6111.495,2670.702,0.6075335407165582,22.329106809875512,2965.22,806.55,3.676424276238299,1.0,2.760490666301174,1.0,1.0,0,,-0.005410278115847822,-0.005410278115847822,0.0,0.0,0.75,2.6578121974702245,0,0,1,2965.22,2898.6925,1.0229508649158197,0
2025-05-08,6158.077,2679.509,0.6101521208653344,24.82641407336723,2627.4,634.09,4.143575833083632,1.0,2.7723888835603114,1.0,1.0,0,,0.004185182028284037,0.0043101820282840375,0.000125,0.25,1.0,2.668935625313631,0,0,0,2627.4,2848.57075,0.9223572909326546,1
2025-05-09,6082.082,2684.006,0.601612732519675,21.432415542435244,2428.1,603.26,4.024964360308988,1.0,2.73358789522918,1.0,1.0,0,,-0.01399550710984776,-0.01399550710984776,0.0,0.0,1.0,2.631582517793828,0,0,0,2428.1,2815.6772499999997,0.862350256940848,2
2025-05-12,6167.461,2702.617,0.6058570110926331,20.3578321031349,2643.08,788.8,3.350760649087221,0.0,2.732221101281566,1.0,1.0,0,,-0.0005,0.0,0.0005,1.0,0.0,2.6302667265349315,0,0,0,2643.08,2790.19325,0.9472748885762662,3
2025-05-13,6151.01,2708.059,0.6030266996126549,19.823094358926056,2634.63,693.58,3.7985956919172983,0.0,2.732221101281566,1.0,1.0,0,,0.0,0.0,0.0,0.0,0.0,2.6302667265349315,0,0,0,2634.63,2751.984,0.9573565834685086,4
2025-05-14,6160.37,2753.785,0.5939159621705444,17.26830187683486,2525.14,947.24,2.665786917782188,0.0,2.732221101281566,1.0,1.0,0,,0.0,0.0,0.0,0.0,0.0,2.6302667265349315,0,0,0,2525.14,2718.9579999999996,0.9287160743196475,5
2025-05-15,6057.036,2740.298,0.5868276808789863,13.940400887982483,2249.08,692.36,3.2484256745045927,0.0,2.732221101281566,1.0,1.0,0,,0.0,0.0,0.0,0.0,0.0,2.6302667265349315,0,0,0,2249.08,2679.14225,0.839477635052786,6
2025-05-16,6068.117,2716.662,0.5930162145209394,12.459274930273363,2061.57,610.93,3.3744782544645053,0.0,2.732221101281566,1.0,1.0,0,,0.0,0.0,0.0,0.0,0.0,2.6302667265349315,0,0,0,2061.57,2642.2915,0.7802205017879368,7
2025-05-19,6095.337,2705.088,0.5982249946095114,10.073673396217536,2140.13,516.9,4.140317276068872,0.0,2.732221101281566,1.0,1.0,0,,0.0,0.0,0.0,0.0,0.0,2.6302667265349315,0,0,0,2140.13,2609.60125,0.8200984728988768,8
2025-05-20,6146.017,2716.629,0.6006364098169433,8.403762687993819,2325.87,566.74,4.103945371775417,0.0,2.732221101281566,1.0,1.0,0,,0.0,0.0,0.0,0.0,0.0,2.6302667265349315,0,0,0,2325.87,2587.8589999999995,0.898762258685655,9
2025-05-21,6132.181,2728.426,0.5966931004151217,5.193405308743126,2344.19,597.88,3.9208369572489454,0.0,2.732221101281566,1.0,1.0,0,,0.0,0.0,0.0,0.0,0.0,2.6302667265349315,0,0,0,2344.19,2567.46325,0.9130374115384126,10
2025-05-22,6066.103,2733.632,0.5891392544554415,2.20182208098163,2208.14,517.03,4.270816006808116,0.0,2.732221101281566,1.0,1.0,0,,0.0,0.0,0.0,0.0,0.0,2.6302667265349315,0,0,0,2208.14,2540.1355,0.8693000826137031,11
2025-05-23,5989.675,2711.852,0.5863885808592652,-1.3176591010958163,2248.06,690.84,3.2540964622778064,0.0,2.732221101281566,1.0,1.0,0,,0.0,0.0,0.0,0.0,0.0,2.6302667265349315,0,0,0,2248.06,2516.3012499999995,0.8933985944647924,12
2025-05-26,6028.786,2699.423,0.5929350926743965,-1.2997205007798096,1919.26,599.25,3.2027701293283277,0.0,2.732221101281566,1.0,1.0,0,,0.0,0.0,0.0,0.0,0.0,2.6302667265349315,0,0,0,1919.26,2493.7842499999997,0.7696174999902258,13
2025-05-27,6008.46,2685.281,0.5940481745306312,-1.9696030774953013,1936.06,498.56,3.8833039152759943,0.0,2.732221101281566,1.0,1.0,0,,0.0,0.0,0.0,0.0,0.0,2.6302667265349315,0,0,0,1936.06,2480.02575,0.7806612491825942,14
2025-05-28,5984.456,2683.063,0.5921640502924929,-2.5045592198737006,1917.33,448.3,4.276890475128262,0.0,2.732221101281566,1.0,1.0,0,,0.0,0.0,0.0,0.0,0.0,2.6302667265349315,0,0,0,1917.33,2463.8064999999997,0.7781982878931443,15
2025-05-29,6089.578,2690.893,0.6008125544520287,-1.2831799429504362,2325.76,532.8,4.365165165165166,0.0,2.732221101281566,1.0,1.0,0,,0.0,0.0,0.0,0.0,0.0,2.6302667265349315,0,0,0,2325.76,2460.254,0.9453332867256796,16
2025-05-30,6026.56,2678.696,0.5973024359042269,-0.7280869955752614,2280.39,576.43,3.956057110143469,0.0,2.732221101281566,1.0,1.0,0,,0.0,0.0,0.0,0.0,0.0,2.6302667265349315,0,0,0,2280.39,2450.314,0.9306521531526164,17
2025-06-03,6070.037,2687.296,0.599686211063694,1.7536606369595384,2342.97,590.77,3.96595967974,0.0,2.732221101281566,1.0,1.0,0,,0.0,0.0,0.0,0.0,0.0,2.6302667265349315,0,0,0,2342.97,2448.4465,0.9569210517771165,18
2025-06-04,6123.172,2690.824,0.6041425115270426,7.4468013203409456,2320.4,511.09,4.540100569371344,0.0,2.732221101281566,1.0,1.0,0,,0.0,0.0,0.0,0.0,0.0,2.6302667265349315,0,0,0,2320.4,2454.3495000000003,0.9454236244675014,19
2025-06-05,6167.015,2692.129,0.6081733264605859,13.186631941642933,2732.39,559.62,4.88258103713234,1.0,2.7490842618162374,1.0,1.0,0,,0.004628970325670681,0.005003970325670681,0.000375,0.75,0.75,2.642442153160661,0,0,1,2732.39,2463.091,1.1093337598976245,0
2025-06-06,6152.845,2688.85,0.6075158730858244,18.851492393070536,2403.63,520.03,4.6220987250735535,1.0,2.7461124203250082,1.0,1.0,0,,-0.0012060296113898944,-0.0010810296113898943,0.000125,0.25,1.0,2.639255289677564,0,0,0,2403.63,2445.314,0.9829535184438483,1
2025-06-09,6218.964,2686.828,0.6145063960908866,24.34305046374046,2557.85,652.16,3.922120338567223,1.0,2.777711203005798,1.0,1.0,0,,0.011506733099095001,0.011506733099095001,0.0,0.0,1.0,2.6696244958762585,0,0,0,2557.85,2423.6952499999998,1.055351327688578,0
2025-06-10,6161.692,2676.401,0.6112192626279035,28.92076836950192,2772.18,769.49,3.602619917087941,1.0,2.7628525985974672,1.0,1.0,0,,-0.0053492257914545815,-0.0053492257914545815,0.0,0.0,1.0,2.6553440716694183,0,0,0,2772.18,2407.486,1.151483331574929,0
2025-06-11,6186.512,2692.137,0.6100942516929051,32.40012854579445,2436.71,665.28,3.6626833814333817,1.0,2.757767288668184,1.0,1.0,0,,-0.0018406012437525154,-0.0018406012437525154,0.0,0.0,1.0,2.6504566420685127,0,0,0,2436.71,2385.91275,1.021290489352555,0
2025-06-12,6192.22,2691.275,0.6108527466011445,33.88388589939971,2508.24,700.97,3.578241579525514,1.0,2.7611958612875123,1.0,1.0,0,,0.0012432421812444971,0.0012432421812444971,0.0,0.0,1.0,2.653751801565492,0,0,0,2508.24,2376.5605,1.0554075942943593,0
2025-06-13,6106.008,2676.433,0.6056883540212171,31.13466869409527,2989.69,864.76,3.4572482538507794,1.0,2.737851610979884,1.0,1.0,0,,-0.008454398557856457,-0.008454398557856457,0.0,0.0,1.0,2.631315926161428,0,0,0,2989.69,2383.1344999999997,1.2545200449240277,0
2025-06-16,6147.46,2685.009,0.6078524844758475,29.91796360267666,2530.88,688.11,3.67801659618375,1.0,2.7476339817523177,1.0,1.0,0,,0.003573009849475506,0.003573009849475506,0.0,0.0,1.0,2.6407176438826845,0,0,0,2530.88,2389.9685,1.0589595636929943,0
2025-06-17,6141.468,2683.953,0.6074989298172849,29.209058744584965,2608.74,635.17,4.10715241588866,1.0,2.7460358328278938,1.0,1.0,0,,-0.0005816454939185922,-0.0005816454939185922,0.0,0.0,1.0,2.6391816823644088,0,0,0,2608.74,2397.8295000000003,1.087958922850853,0
2025-06-18,6135.386,2679.922,0.6078101768507871,28.93616169934345,2564.64,621.34,4.127595197476421,1.0,2.747442741490458,1.0,1.0,0,,0.000512341698438501,0.000512341698438501,0.0,0.0,1.0,2.6405338451900393,0,0,0,2564.64,2408.7084999999997,1.064736559031531,0
2025-06-19,6048.224,2665.52,0.6024127457452594,26.143555761576096,2708.27,640.21,4.230283813123818,1.0,2.723045103085635,1.0,1.0,0,,-0.008880126248450027,-0.008880126248450027,0.0,0.0,1.0,2.6170855712814465,0,0,0,2708.27,2428.73425,1.1150952394235805,0
2025-06-20,5999.591,2673.719,0.5957363675843194,19.70139452273974,2265.32,631.62,3.5865235426363955,1.0,2.692866327842418,1.0,1.0,0,,-0.011082730583132805,-0.011082730583132805,0.0,0.0,1.0,2.58808111698193,0,0,0,2265.32,2428.16725,0.9329340884570452,1
2025-06-23,6078.222,2684.776,0.6010584839148447,14.574700179307092,2399.95,720.36,3.3315980898439665,1.0,2.7169235260246385,1.0,1.0,0,,0.008933677076164326,0.008933677076164326,0.0,0.0,1.0,2.6112021979279656,0,0,0,2399.95,2426.4674999999997,0.9890715618486545,2
2025-06-24,6194.666,2715.922,0.6055483604620945,12.269577611258926,3036.58,890.75,3.4090148751052483,1.0,2.737218807676294,1.0,1.0,0,,0.007469949543022825,0.007469949543022825,0.0,0.0,1.0,2.6307077465931177,0,0,0,3036.58,2433.8044999999997,1.2476680029147782,0
2025-06-25,6276.163,2747.728,0.6064132825020463,10.424337032163582,3349.98,1023.26,3.2738306979653267,1.0,2.741128455574809,1.0,1.0,0,,0.0014283285967313653,0.0014283285967313653,0.0,0.0,1.0,2.6344652616972195,0,0,0,3349.98,2458.0872499999996,1.3628401514226156,0
2025-06-26,6247.791,2738.466,0.6057136632454706,7.7915573152598405,3437.46,871.01,3.946521853939679,1.0,2.737966014534014,1.0,1.0,0,,-0.001153700416470227,-0.001153700416470227,0.0,0.0,1.0,2.631425878027623,0,0,0,3437.46,2485.324,1.3831033700233852,0
2025-06-27,6276.937,2707.569,0.6154835740815867,9.730859266503247,3304.55,957.14,3.4525252314186017,1.0,2.7821282737952404,1.0,1.0,0,,0.016129586352350067,0.016129586352350067,0.0,0.0,1.0,2.6738696889570783,0,0,0,3304.55,2512.45325,1.3152682542451288,0
2025-06-30,6356.181,2711.985,0.6222389643732661,12.488272013517763,3362.21,764.64,4.397114982213853,1.0,2.812664202165137,1.0,1.0,0,,0.010975744237788465,0.010975744237788465,0.0,0.0,1.0,2.7032173987882464,0,0,0,3362.21,2541.6555,1.3228425331442442,0
2025-07-01,6373.768,2717.713,0.6226455520142311,14.891885528969977,3343.02,661.44,5.054154571843251,1.0,2.8145020724501277,1.0,1.0,0,,0.0006534268412048405,0.0006534268412048405,0.0,0.0,1.0,2.7049837535942265,0,0,0,3343.02,2564.7912499999998,1.3034277156084342,0
2025-07-02,6309.484,2722.552,0.6152702131942598,15.04985091151717,2966.44,680.66,4.358181764757735,1.0,2.7811638331795185,1.0,1.0,0,,-0.011845164228849625,-0.011845164228849625,0.0,0.0,1.0,2.672942776796533,0,0,0,2966.44,2568.03775,1.1551387825198443,0
2025-07-03,6342.638,2724.549,0.6180498886992749,16.500655392914883,2704.92,599.17,4.514444982225412,0.6809192489114502,2.789275723729322,0.6809192489114502,0.6809192489114502,0,0.11748823392478887,0.0029167251684450797,0.0030762655439893548,0.0001595403755442749,0.31908075108854983,0.6809192489114502,2.6807390162674283,0,0,0,2704.92,2561.5302500000003,1.0559781599299871,0
2025-07-04,6312.197,2740.444,0.6115160258507928,15.031801745173771,3046.77,750.71,4.058517936353585,0.6809192489114502,2.769197118553213,0.6870536928900836,0.6809192489114502,1,0.11643922567897265,-0.0071985013906274865,-0.0071985013906274865,0.0,0.0,0.6809192489114502,2.661441712730918,0,0,0,3046.77,2572.0145,1.1845850791276642,0
2025-07-07,6327.139,2731.532,0.6149634622989918,15.727971566158628,2648.35,566.6,4.674108718672785,0.6809192489114502,2.779827232219869,0.6524740894661277,0.6809192489114502,1,0.12261023279170857,0.003838698803864812,0.003838698803864812,0.0,0.0,0.6809192489114502,2.671658185850134,0,0,0,2648.35,2577.52075,1.0274796041894134,0
2025-07-08,6407.698,2747.188,0.6192441100151559,16.727409443717,3068.17,678.79,4.520057749819532,0.6809192489114502,2.793002928999577,0.6798752565042941,0.6809192489114502,1,0.11766864470305181,0.004739753833257522,0.004739753833257522,0.0,0.0,0.6809192489114502,2.6843211879776705,0,0,0,3068.17,2588.148,1.185469300828237,0
2025-07-09,6390.466,2739.92,0.6192170077091778,17.00915686079501,3031.96,835.36,3.629524995211645,0.6809192489114502,2.7929196929687907,0.6767354717915609,0.6809192489114502,1,0.11821458063696791,-2.9801626744474544e-05,-2.9801626744474544e-05,0.0,0.0,0.6809192489114502,2.6842411908395643,0,0,0,3031.96,2598.08125,1.166999684863589,0
2025-07-10,6406.568,2756.935,0.6169459868879459,16.49201697388156,2967.26,987.29,3.0054593888320555,0.6809192489114502,2.7859448842901666,0.6784989019320447,0.6809192489114502,1,0.11790733893923448,-0.002497318020343771,-0.002497318020343771,0.0,0.0,0.6809192489114502,2.6775377869427315,0,0,0,2967.26,2609.13425,1.1372584603494436,0
2025-07-11,6461.1,2756.773,0.6222339260922797,16.261183611069633,3520.66,1446.02,2.434724277672508,0.6809192489114502,2.8022043938447476,0.6731668639291013,0.6809192489114502,1,0.11884126252599637,0.005836263899644022,0.005836263899644022,0.0,0.0,0.6809192489114502,2.693164604068598,0,0,0,3520.66,2640.92375,1.333116868671426,0
2025-07-14,6462.305,2757.808,0.6221164064472472,15.949932281813055,3026.37,900.39,3.3611768233765367,0.6809192489114502,2.8018440208775224,0.6821087759881497,0.6809192489114502,1,0.11728334661008649,-0.0001286033838277034,-0.0001286033838277034,0.0,0.0,0.6809192489114502,2.69281825398731,0,0,0,3026.37,2665.04375,1.1355798568034765,0
2025-07-15,6442.834,2747.227,0.6226308368743085,15.246581883301307,3473.78,798.06,4.3527804926947855,0.6809192489114502,2.8034216123825604,0.6830344670105247,0.6809192489114502,1,0.11712439688459718,0.0005630547215628314,0.0005630547215628314,0.0,0.0,0.6809192489114502,2.694334458019528,0,0,0,3473.78,2698.3849999999998,1.2873552143226412,0
2025-07-16,6462.063,2740.901,0.6259304345695725,15.266240758130957,3060.83,681.42,4.491840568225177,0.6809192489114502,2.8135377422039936,0.6839709892561893,0.6809192489114502,1,0.11696402516574438,0.003608493912136061,0.003608493912136061,0.0,0.0,0.6809192489114502,2.7040569475085503,0,0,0,3060.83,2716.759,1.1266475973761383,0
2025-07-17,6535.671,2744.26,0.6322854047317137,15.776880611075965,3259.84,746.46,4.367065884307263,0.6809192489114502,2.8329884676582955,0.6795911999118078,0.6809192489114502,1,0.11771782802717545,0.0069132626737274565,0.0069132626737274565,0.0,0.0,0.6809192489114502,2.7227508034713943,0,0,0,3259.84,2739.65025,1.1898745104416157,0
2025-07-18,6552.074,2764.516,0.6292278206705989,13.23820766152704,3302.17,924.68,3.571148938010988,0.6809192489114502,2.8236600997355934,0.6952263464388121,0.6809192489114502,1,0.11507043772116442,-0.0032927659357585306,-0.0032927659357585306,0.0,0.0,0.6809192489114502,2.7137854223741646,0,0,0,3302.17,2767.001,1.1934112058506665,0
2025-07-21,6612.259,2772.239,0.6332386550547681,12.36737250127323,3599.08,968.39,3.716560476667458,0.7413787313680725,2.836918535966282,0.7413787313680725,0.7413787313680725,0,0.10790706101370795,0.004695478833280895,0.004725708574509206,3.022974122831118e-05,0.06045948245662236,0.7413787313680725,2.726527944382989,0,0,0,3599.08,2800.7765000000004,1.2850293481111397,0
2025-07-22,6637.104,2792.182,0.6310781302417016,11.100975568924024,3959.15,1293.95,3.059739557169906,0.7413787313680725,2.829742595477367,0.7513475690179275,0.7413787313680725,1,0.10647535614518128,-0.0025294841561147815,-0.0025294841561147815,0.0,0.0,0.7413787313680725,2.719631235146468,0,0,0,3959.15,2851.77375,1.388311397424147,0
2025-07-23,6607.22,2801.2,0.6262141552002196,8.147472193482068,3783.3,1308.9,2.8904423561769423,0.7413787313680725,2.8135731449208468,0.7484544030989911,0.7413787313680725,1,0.10688693882854897,-0.005714106499426195,-0.005714106499426195,0.0,0.0,0.7413787313680725,2.7040909726296753,0,0,0,3783.3,2897.95475,1.305506926911126,0
2025-07-24,6701.12,2812.443,0.6325748134817437,6.73598046612419,3744.06,1181.38,3.1692258206504254,0.7413787313680725,2.834760537654314,0.7146675878905656,0.7413787313680725,1,0.11194015421369592,0.00753042186648507,0.00753042186648507,0.0,0.0,0.7413787313680725,2.7244539184189307,0,0,0,3744.06,2943.623,1.2719223895179512,0
2025-07-25,6706.61,2795.513,0.6369271566484851,7.815997135232824,3631.4,1140.43,3.1842375244425347,0.7413787313680725,2.849220519101203,0.6953032035764326,0.7413787313680725,1,0.11505771811276552,0.005100953415576339,0.005100953415576339,0.0,0.0,0.7413787313680725,2.7383512309396703,0,0,0,3631.4,2976.264,1.2201202581491426,0
2025-07-28,6729.979,2802.767,0.6374923007054638,9.648625782413047,3595.76,1145.71,3.13845563013328,0.7413787313680725,2.851094803908394,0.759203083607915,0.7413787313680725,1,0.10537364998548324,0.0006578237081424265,0.0006578237081424265,0.0,0.0,0.7413787313680725,2.7401525833006035,0,0,0,3595.76,3009.14825,1.194942788212578,0
2025-07-29,6773.884,2808.592,0.6403203894718419,11.990538929186913,3837.04,1119.54,3.427336227379102,0.7992840335466095,2.8611217853770534,0.7992840335466095,0.7992840335466095,0,0.10008957597341381,0.003516888128347748,0.0035458407794370164,2.8952651089268478e-05,0.057905302178536955,0.7992840335466095,2.749789393390675,0,0,0,3837.04,3046.5,1.2594912194321353,0
2025-07-30,6718.482,2819.351,0.6326598015641949,10.215256430561423,3926.75,1125.97,3.487437498334769,0.7992840335466095,2.833762657374981,0.7948729775141814,0.7992840335466095,1,0.10064501154660616,-0.0095623779951985,-0.0095623779951985,0.0,0.0,0.7992840335466095,2.7234948678038857,0,0,0,3926.75,3086.6587499999996,1.2721684896330054,0
2025-07-31,6661.186,2775.994,0.6370613650315494,10.183370743430846,4018.22,1318.52,3.047522980311258,0.7992840335466095,2.849520666159404,0.793377958708733,0.7992840335466095,1,0.10083466413688184,0.0055608075515472186,0.0055608075515472186,0.0,0.0,0.7992840335466095,2.7386396986313697,0,0,0,4018.22,3118.8044999999997,1.2883846999707742,0
2025-08-01,6670.472,2754.13,0.6430138982023416,10.20758740717548,3490.71,940.74,3.7106001658269023,0.7992840335466095,2.870801738354102,0.78374247410267,0.7992840335466095,1,0.10207434539208096,0.0074682989484616755,0.0074682989484616755,0.0,0.0,0.7992840335466095,2.7590926786128733,0,0,0,3490.71,3145.9815000000003,1.1095774085130505,0
2025-08-04,6739.694,2769.393,0.646106066887022,10.931921548254683,3295.55,802.52,4.10650201864128,0.7992840335466095,2.8818360985312683,0.8366869172890572,0.7992840335466095,1,0.09561521561638299,0.0038436510713180817,0.0038436510713180817,0.0,0.0,0.7992840335466095,2.7696976681428893,0,0,0,3295.55,3164.424,1.0414375570403966,0
2025-08-05,6787.481,2790.729,0.6457124971144405,11.527728552778518,3485.78,778.83,4.475662211265616,0.7992840335466095,2.880432999478217,0.83918540205139,0.7992840335466095,1,0.0953305429341834,-0.0004868767705999913,-0.0004868767705999913,0.0,0.0,0.7992840335466095,2.7683491666866855,0,0,0,3485.78,3182.264,1.0953773791237937,0
2025-08-06,6861.309,2797.423,0.6511740233475636,13.043764631516419,3990.56,884.43,4.512013387153308,0.7992840335466095,2.899906039102222,0.8466700444785434,0.7992840335466095,1,0.09448781201332249,0.006760455677161149,0.006760455677161149,0.0,0.0,0.7992840335466095,2.787064468526977,0,0,0,3990.56,3221.11025,1.2388771852810687,0
2025-08-07,6862.15,2798.311,0.6510471734690351,13.079848816495197,4114.11,942.22,4.366400628303368,0.7992840335466095,2.899454517999893,0.8288927887297408,0.7992840335466095,1,0.09651429121804542,-0.00015570197662975028,-0.00015570197662975028,0.0,0.0,0.7992840335466095,2.786630517080233,0,0,0,4114.11,3261.257,1.2615105157305908,0
2025-08-08,6838.13,2789.174,0.6508935607154067,13.211474194408302,3815.45,828.05,4.607753155002717,0.7992840335466095,2.8989077132798253,0.8464742364070527,0.7992840335466095,1,0.0945096691183045,-0.00018858882478526887,-0.00018858882478526887,0.0,0.0,0.7992840335466095,2.786104989705906,0,0,0,3815.45,3281.9010000000003,1.1625731550098555,0
2025-08-11,6943.937,2789.896,0.6607938435010826,15.409987496476191,4011.63,903.34,4.440886045121438,0.8639218516875332,2.9369071374838263,0.8639218516875332,0.8639218516875332,0,0.09260096829792278,0.013108186931900771,0.013140505840971232,3.231890907046186e-05,0.06463781814092373,0.8639218516875332,2.8226257747228725,0,0,0,4011.63,3318.91975,1.208715576807785,0
2025-08-12,6963.611,2807.012,0.6586253823723826,15.869554795283996,4099.23,1096.88,3.737172708044635,0.7850754433549705,2.9292249906556607,0.7850754433549705,0.7850754433549705,0,0.10190103470581761,-0.002615726840701909,-0.002576303636535628,3.9423204166281366e-05,0.07884640833256273,0.7850754433549705,2.815242556722673,0,0,0,4099.23,3356.182,1.2213968134028488,0
2025-08-13,7064.334,2812.98,0.6667343191071677,18.14032618175572,4714.79,1255.06,3.7566251812662346,0.7850754433549705,2.9575382307775056,0.7698693760909693,0.7850754433549705,1,0.10391373197126241,0.00966577856332832,0.00966577856332832,0.0,0.0,0.7850754433549705,2.8424540678780126,0,0,0,4714.79,3409.9357500000006,1.382662415266915,0
2025-08-14,6976.488,2829.47,0.6546060099765684,17.03008721920097,5136.04,1310.56,3.918965938224881,0.7850754433549705,2.9153016057602246,0.7370430664196005,0.7850754433549705,1,0.10854182563391188,-0.014281007284283722,-0.014281007284283722,0.0,0.0,0.7850754433549705,2.801860960629405,0,0,0,5136.04,3470.6299999999997,1.479858123741223,0
2025-08-15,7117.501,2832.876,0.667034354427773,18.15033054409227,4925.09,1422.05,3.46337329911044,0.6278064741152836,2.9498213836171328,0.6278064741152836,0.6278064741152836,0,0.12742780346879581,0.011840894193829513,0.011919528678449356,7.863448461984346e-05,0.15726896923968692,0.6278064741152836,2.8350374998100394,0,0,0,4925.09,3537.12425,1.3923994895005456,0
2025-08-18,7237.602,2838.873,0.6768570601560367,21.720859098985166,6068.67,1621.58,3.7424425560256047,0.6278064741152836,2.977092595708863,0.5811002139686535,0.6278064741152836,1,0.13766988563579408,0.009245038443070102,0.009245038443070102,0.0,0.0,0.6278064741152836,2.8612475304833285,0,0,0,6068.67,3628.84225,1.6723432935118632,0
2025-08-19,7242.849,2812.423,0.6837180108283346,25.56883224447903,5587.81,1531.4,3.6488246049366593,0.5594997565631279,2.9938750826273792,0.5594997565631279,0.5594997565631279,0,0.14298487007647817,0.005637206898672238,0.0056713602574483156,3.415335877607783e-05,0.06830671755215567,0.5594997565631279,2.877376974800978,0,0,0,5587.81,3692.6229999999996,1.5132359842854255,0
2025-08-20,7305.461,2846.991,0.6812550940457621,25.863049669520173,5175.21,1397.06,3.7043577226461286,0.5594997565631279,2.9878410688802397,0.5610983984496604,0.5594997565631279,1,0.14257748769385822,-0.0020154527428860227,-0.0020154527428860227,0.0,0.0,0.5594997565631279,2.8715777574847983,0,0,0,5175.21,3738.25375,1.384392378393254,0
2025-08-21,7253.343,2862.176,0.6728063933283185,23.567004838936242,5165.07,1364.86,3.7843222015444806,0.5594997565631279,2.9671092427539527,0.5750570201477629,0.5594997565631279,1,0.13911663921508813,-0.006938731227111999,-0.006938731227111999,0.0,0.0,0.5594997565631279,2.8516526512278584,0,0,0,5165.07,3781.4440000000004,1.3658988471070836,0
2025-08-22,7362.94,2928.614,0.6674786173151837,19.842824668791962,5277.66,1806.45,2.921564394253924,0.5594997565631279,2.9539633741567344,0.5395509380216942,0.5594997565631279,1,0.14827145013096682,-0.00443053070234011,-0.00443053070234011,0.0,0.0,0.5594997565631279,2.8390183166041836,0,0,0,5277.66,3830.77175,1.377701503619995,0
2025-08-25,7477.728,2989.855,0.6639995230197662,14.728860118602437,6609.11,2313.07,2.8572892303302533,0.5594997565631279,2.945348799277734,0.5256795738178381,0.5594997565631279,1,0.15218396145580904,-0.002916276807751431,-0.002916276807751431,0.0,0.0,0.5594997565631279,2.8307389533306893,0,0,0,6609.11,3911.9442500000005,1.689469373189559,0
2025-08-26,7476.467,2969.776,0.6683761707818485,11.271630221894622,5733.43,1497.3,3.82917918920724,0.5594997565631279,2.9562108158968257,0.5184550062946186,0.5594997565631279,1,0.1543046147278188,0.0036878540910860796,0.0036878540910860796,0.0,0.0,0.5594997565631279,2.8411783055605264,0,0,0,5733.43,3971.7045,1.4435691275622344,0
2025-08-27,7336.504,2918.379,0.6674145917012932,5.819313734225341,6727.84,1976.54,3.403847126797333,0.5165510609276066,2.9539504209592415,0.5165510609276066,0.5165510609276066,0,0.1548733630637375,-0.0007646257585653503,-0.0007431514107475896,2.147434781776064e-05,0.04294869563552128,0.5165510609276066,2.8390058674434178,0,0,0,6727.84,4065.7395000000006,1.6547641579102643,0
2025-08-28,7447.11,2960.727,0.6677864997017268,1.0798713672640394,6317.12,1952.15,3.2359808416361444,0.5165510609276066,2.9548006898375467,0.5436695729260949,0.5165510609276066,1,0.14714820174583323,0.00028784128273507076,0.00028784128273507076,0.0,0.0,0.5165510609276066,2.839823050533995,0,0,0,6317.12,4156.0445,1.5199837249095864,0
2025-08-29,7438.677,2976.473,0.6635016149679602,-3.932942225637338,5650.59,2265.31,2.494400324900345,0.5165510609276066,2.94500707639375,0.5460082102543217,0.5165510609276066,1,0.1465179433157925,-0.0033144751446281357,-0.0033144751446281357,0.0,0.0,0.5165510609276066,2.8304105276178584,0,0,0,5650.59,4221.14,1.3386407463386667,0
2025-09-01,7501.148,2981.202,0.668012456250095,-7.10361366714024,5645.68,1952.62,2.891335743769909,0.0,2.944246453128875,0.5433857140082736,0.5433857140082736,0,0.14722507040143112,-0.0002582755304638033,0.0,0.0002582755304638033,0.5165510609276066,0.0,2.8296795018374077,0,0,0,5645.68,4296.0732499999995,1.3141489149422676,0
2025-09-02,7313.882,2992.881,0.6487938588489961,-15.466057539142993,5985.14,1960.61,3.0526927843885323,0.0,2.944246453128875,1.0,1.0,0,,0.0,0.0,0.0,0.0,0.0,2.8296795018374077,0,0,0,5985.14,4368.9974999999995,1.3699115186035242,0
2025-09-03,7206.876,2960.993,0.6461865279709653,-22.90905540407746,4866.67,1610.65,3.0215565144506877,0.0,2.944246453128875,1.0,1.0,0,,0.0,0.0,0.0,0.0,0.0,2.8296795018374077,0,0,0,4866.67,4414.86525,1.1023371551374077,0
2025-09-04,7041.154,2910.47,0.6422867254676617,-30.521151252884643,4885.95,2080.35,2.348619222726945,0.0,2.944246453128875,1.0,1.0,0,,0.0,0.0,0.0,0.0,0.0,2.8296795018374077,0,0,0,4885.95,4462.8324999999995,1.0948091822850174,0
2025-09-05,7245.667,2942.216,0.6538107365659356,-33.52418498870688,4588.43,1608.54,2.852543300135527,0.0,2.944246453128875,1.0,1.0,0,,0.0,0.0,0.0,0.0,0.0,2.8296795018374077,0,0,0,4588.43,4489.526749999999,1.02202977184622,0
2025-09-08,7311.034,2939.882,0.6602328588142198,-33.401645403341426,4955.41,1537.26,3.223534080116571,0.0,2.944246453128875,1.0,1.0,0,,0.0,0.0,0.0,0.0,0.0,2.8296795018374077,0,0,0,4955.41,4537.75275,1.0920405480444038,0
2025-09-09,7226.028,2928.632,0.6550629957030638,-34.2986023988143,4319.29,1392.41,3.1020245473675137,0.0,2.944246453128875,1.0,1.0,0,,0.0,0.0,0.0,0.0,0.0,2.8296795018374077,0,0,0,4319.29,4558.8904999999995,0.9474432430434555,1
2025-09-10,7230.168,2939.591,0.6529947805632993,-35.16269477448738,3961.05,1338.02,2.9603817581202074,0.0,2.944246453128875,1.0,1.0,0,,0.0,0.0,0.0,0.0,0.0,2.8296795018374077,0,0,0,3961.05,4581.396,0.8645945471642269,2
2025-09-11,7399.885,2983.083,0.6585789778020735,-34.69596036510418,4862.37,1884.95,2.579575055041248,0.0,2.944246453128875,1.0,1.0,0,,0.0,0.0,0.0,0.0,0.0,2.8296795018374077,0,0,0,4862.37,4621.45925,1.0521287188673145,0
2025-09-12,7422.884,2968.54,0.6638622886105654,-31.057192223620145,5088.28,1774.53,2.867395873837016,0.0,2.944246453128875,1.0,1.0,0,,0.0,0.0,0.0,0.0,0.0,2.8296795018374077,0,0,0,5088.28,4666.112,1.090475325067208,0
2025-09-15,7415.571,2962.615,0.6645346187679316,-26.156725058178424,4751.05,1456.98,3.2608889620996857,0.0,2.944246453128875,1.0,1.0,0,,0.0,0.0,0.0,0.0,0.0,2.8296795018374077,0,0,0,4751.05,4694.91125,1.0119573612813235,0
2025-09-16,7483.628,2947.822,0.6739988659847335,-18.34872755392,4747.34,1554.3,3.0543267065560062,0.0,2.944246453128875,1.0,1.0,0,,0.0,0.0,0.0,0.0,0.0,2.8296795018374077,0,0,0,4747.34,4714.616,1.0069409682570118,0
2025-09-17,7554.813,2952.778,0.6792679955989487,-10.188637260545006,4932.96,1550.34,3.1818568830063083,0.0,2.944246453128875,1.0,1.0,0,,0.0,0.0,0.0,0.0,0.0,2.8296795018374077,0,0,0,4932.96,4743.3575,1.0399722137747365,0
2025-09-18,7476.402,2912.826,0.6814379760779871,-3.3905168936859122,6540.23,2257.74,2.8968038835295475,0.0,2.944246453128875,1.0,1.0,0,,0.0,0.0,0.0,0.0,0.0,2.8296795018374077,0,0,0,6540.23,4813.26175,1.358793753528987,0
2025-09-19,7438.189,2909.744,0.678673135255125,1.0868338519724015,4832.03,1632.61,2.959696436993526,0.0,2.944246453128875,1.0,1.0,0,,0.0,0.0,0.0,0.0,0.0,2.8296795018374077,0,0,0,4832.03,4843.2775,0.9976777089481244,1
2025-09-22,7489.478,2922.18,0.6804446686547425,4.801168317323175,4405.15,1564.01,2.816574062825685,1.0,2.9504596656810174,1.0,1.0,0,,0.0021102895600126352,0.0026102895600126352,0.0005,1.0,1.0,2.835650944948317,0,0,0,4405.15,4863.51225,0.9057548893806117,2
2025-09-23,7408.069,2919.515,0.6736627567637246,6.673836348893414,5039.6,1689.87,2.9822412374916416,1.0,2.921052781605916,1.0,1.0,0,,-0.009966882251316589,-0.009966882251316589,0.0,0.0,1.0,2.8073883458741826,0,0,0,5039.6,4893.57625,1.0298398844812116,0
2025-09-24,7534.222,2939.508,0.6804747216635865,9.757382013898788,4943.98,1571.95,3.145125481090365,1.0,2.95058997780559,1.0,1.0,0,,0.010111832413872257,0.010111832413872257,0.0,0.0,1.0,2.8357761863483204,0,0,0,4943.98,4919.007,1.0050768376625607,0
2025-09-25,7506.512,2952.735,0.6749349871098143,10.811642463128765,4647.45,1586.67,2.9290589725651834,1.0,2.9265692688303866,1.0,1.0,0,,-0.008140985076167118,-0.008140985076167118,0.0,0.0,1.0,2.8126901747359088,0,0,0,4647.45,4934.737749999999,0.9417825699045508,1
2025-09-26,7397.589,2941.018,0.6677912844159969,8.743655282716787,4368.63,1501.88,2.9087743361653398,1.0,2.895593632408111,1.0,1.0,0,,-0.010584282679444335,-0.010584282679444335,0.0,0.0,1.0,2.7829198668368083,0,0,0,4368.63,4956.68575,0.8813610989964414,2
2025-09-29,7497.831,2973.042,0.6695497205018659,8.056640734259805,4195.35,1899.69,2.208439271670641,1.0,2.90321834457801,1.0,1.0,0,,0.0026332120932168745,0.0026332120932168745,0.0,0.0,1.0,2.7902478850846166,0,0,0,4195.35,4979.18075,0.8425783699456983,3
2025-09-30,7574.963,2988.939,0.6728398330586616,4.913296189739288,4426.4,1750.01,2.529356975102999,1.0,2.917484522037476,1.0,1.0,0,,0.0035604386493465062,0.0036854386493465063,0.000125,0.25,0.75,2.800182391495929,0,0,1,4426.4,5002.69625,0.8848028700523242,4
2025-10-09,7648.052,3020.596,0.6722122452653277,0.9471710101851153,5305.0,2319.23,2.287397110247798,1.0,2.914763253790102,1.0,1.0,0,,-0.0006995585306842356,-0.0006995585306842356,0.0,0.0,0.75,2.798223500016486,0,0,1,5305.0,5035.55725,1.0535080303177966,0
2025-10-10,7533.82,2974.854,0.6723537226137642,-3.6925110604917752,4857.04,2001.81,2.426324176620158,1.0,2.9153767102978803,1.0,1.0,0,,8.546529490198473e-05,0.00021046529490198473,0.000125,0.25,1.0,2.798462651013117,0,0,0,4857.04,5054.1305,0.9610040737966699,1
2025-10-13,7519.764,2967.206,0.6728290631498567,-6.42208621046786,4709.91,1857.83,2.53516737268749,0.0,2.9139190219427316,1.0,1.0,0,,-0.0005,0.0,0.0005,1.0,0.0,2.7970634196876105,0,0,0,4709.91,5076.492,0.9277883231176174,2
2025-10-14,7373.152,2961.101,0.6610711379456748,-11.503184899960086,5066.9,2191.94,2.3116052446691056,0.0,2.9139190219427316,1.0,1.0,0,,0.0,0.0,0.0,0.0,0.0,2.7970634196876105,0,0,0,5066.9,5102.873750000001,0.9929502958994427,3
2025-10-15,7483.449,3001.349,0.6619627248973627,-16.65675773249625,4037.98,1571.06,2.570226471299632,0.0,2.9139190219427316,1.0,1.0,0,,0.0,0.0,0.0,0.0,0.0,2.7970634196876105,0,0,0,4037.98,5101.3425,0.7915524197796953,4
2025-10-16,7401.838,3019.197,0.6508731476891858,-24.416219949735833,3742.97,1520.8,2.4611849026827985,0.0,2.9139190219427316,1.0,1.0,0,,0.0,0.0,0.0,0.0,0.0,2.7970634196876105,0,0,0,3742.97,5077.047,0.7372336714629587,5
2025-10-17,7185.478,2967.775,0.6427956398900029,-32.40077823552315,3838.75,1487.49,2.580689618081466,0.0,2.9139190219427316,1.0,1.0,0,,0.0,0.0,0.0,0.0,0.0,2.7970634196876105,0,0,0,3838.75,5044.61475,0.7609599920390353,6
2025-10-20,7239.185,2974.865,0.646056713049884,-37.62010769865179,3284.45,1283.62,2.5587401255823377,0.0,2.9139190219427316,1.0,1.0,0,,0.0,0.0,0.0,0.0,0.0,2.7970634196876105,0,0,0,3284.45,5003.59875,0.6564175434730852,7
2025-10-21,7344.047,3007.263,0.6483541080624852,-40.52531738533036,3481.59,1472.7,2.3640863719698517,0.0,2.9139190219427316,1.0,1.0,0,,0.0,0.0,0.0,0.0,0.0,2.7970634196876105,0,0,0,3481.59,4938.9217499999995,0.7049291679909689,8
2025-10-22,7312.21,3010.095,0.6449360946154956,-42.23901858017929,3321.81,1238.41,2.682318456730808,0.0,2.9139190219427316,1.0,1.0,0,,0.0,0.0,0.0,0.0,0.0,2.7970634196876105,0,0,0,3321.81,4882.27175,0.6803820373169519,9
2025-10-23,7308.099,3026.904,0.640994059994552,-43.46300296406456,3285.75,1212.08,2.7108359184212265,0.0,2.9139190219427316,1.0,1.0,0,,0.0,0.0,0.0,0.0,0.0,2.7970634196876105,0,0,0,3285.75,4835.03525,0.6795710537994527,10
2025-10-24,7419.235,3045.816,0.6467012403513114,-42.14833404499709,3974.73,1554.4,2.557083118888317,0.0,2.9139190219427316,1.0,1.0,0,,0.0,0.0,0.0,0.0,0.0,2.7970634196876105,0,0,0,3974.73,4805.27675,0.8271594346777218,11
2025-10-27,7495.383,3069.529,0.648291487236737,-39.825622167907646,4581.7,1852.95,2.4726517175315035,0.0,2.9139190219427316,1.0,1.0,0,,0.0,0.0,0.0,0.0,0.0,2.7970634196876105,0,0,0,4581.7,4787.87775,0.9569375492095638,12
2025-10-28,7479.221,3050.416,0.650946844799398,-36.43142899520729,4310.16,1487.2,2.898171059709521,0.0,2.9139190219427316,1.0,1.0,0,,0.0,0.0,0.0,0.0,0.0,2.7970634196876105,0,0,0,4310.16,4730.404,0.9111610763055332,13
2025-10-29,7569.117,3063.021,0.6560598712898181,-31.58938332016172,4391.62,1563.03,2.8096837552702123,0.0,2.9139190219427316,1.0,1.0,0,,0.0,0.0,0.0,0.0,0.0,2.7970634196876105,0,0,0,4391.62,4696.858749999999,0.9350121504079723,14
2025-10-30,7485.085,3046.611,0.6522708360571156,-27.255612321457956,4785.07,1847.3,2.590304769122503,0.0,2.9139190219427316,1.0,1.0,0,,0.0,0.0,0.0,0.0,0.0,2.7970634196876105,0,0,0,4785.07,4648.2895,1.0294259856233137,0
2025-10-31,7506.675,3011.555,0.661766905814424,-21.004469296674706,4755.88,1692.86,2.8093758491546854,0.0,2.9139190219427316,1.0,1.0,0,,0.0,0.0,0.0,0.0,0.0,2.7970634196876105,0,0,0,4755.88,4609.2585,1.0318102141591756,0
2025-11-03,7538.118,3016.351,0.6634822132164027,-15.310301917711412,4324.23,1346.37,3.2117694244524166,0.0,2.9139190219427316,1.0,1.0,0,,0.0,0.0,0.0,0.0,0.0,2.7970634196876105,0,0,0,4324.23,4576.0995,0.9449597850746032,1
2025-11-04,7435.731,3012.969,0.6552050514809112,-11.903228693567065,3816.79,1310.58,2.912290741503762,0.0,2.9139190219427316,1.0,1.0,0,,0.0,0.0,0.0,0.0,0.0,2.7970634196876105,0,0,0,3816.79,4530.37725,0.8424883380296863,2
2025-11-05,7464.863,3007.97,0.6588652029621936,-7.095499655537923,3733.52,1174.48,3.178870649138342,0.0,2.9139190219427316,1.0,1.0,0,,0.0,0.0,0.0,0.0,0.0,2.7970634196876105,0,0,0,3733.52,4474.08675,0.8344764437122278,3
2025-11-06,7551.83,3044.742,0.6584911420160104,-2.6467590399268177,4051.69,1439.34,2.814963802854086,0.0,2.9139190219427316,1.0,1.0,0,,0.0,0.0,0.0,0.0,0.0,2.7970634196876105,0,0,0,4051.69,4453.71225,0.909733223110676,4
2025-11-07,7541.878,3038.346,0.6590077232355731,1.7532498265290968,4196.11,1198.48,3.5011931780254986,0.0,2.9139190219427316,1.0,1.0,0,,0.0,0.0,0.0,0.0,0.0,2.7970634196876105,0,0,0,4196.11,4436.4662499999995,0.9458225902203133,5
2025-11-10,7563.254,3053.857,0.6575188670991617,5.6655812039391575,4337.98,1399.07,3.100616838328318,1.0,2.905878822108681,1.0,1.0,0,,-0.0020694294625654,-0.0016944294625654,0.000375,0.75,0.75,2.791275094238245,0,0,1,4337.98,4430.205,0.9791826789053779,6
2025-11-11,7540.791,3034.633,0.6597189486142689,8.163802333088238,4048.67,1180.61,3.429303495650554,1.0,2.9156019960000528,1.0,1.0,0,,0.00250952667504456,0.00250952667504456,0.0,0.0,0.75,2.7982798735446233,0,0,1,4048.67,4407.5365,0.9185788932207368,7
2025-11-12,7486.377,3044.301,0.6528784496803777,8.786928092051443,3904.82,1368.9,2.852523924318796,1.0,2.885370679486889,1.0,1.0,0,,-0.0077766057973546465,-0.0077766057973546465,0.0,0.0,0.75,2.7765187540573955,0,0,1,3904.82,4397.17475,0.8880292965386468,8
2025-11-13,7590.576,3073.666,0.6556412810474955,8.474274688046693,4205.96,1324.81,3.1747646832375964,1.0,2.8975809042583625,1.0,1.0,0,,0.0031738274197177785,0.0031738274197177785,0.0,0.0,0.75,2.7853309454103834,0,0,1,4205.96,4403.2975,0.955184154602318,9
2025-11-14,7502.757,3038.426,0.6555720771443795,6.619062340979809,4062.93,1203.76,3.375199375290756,1.0,2.8972750603251543,1.0,1.0,0,,-7.916360491225238e-05,-7.916360491225238e-05,0.0,0.0,0.75,2.785110448571871,0,0,1,4062.93,4383.3115,0.9269087994316626,10
2025-11-17,7523.076,3012.071,0.6630991554182586,7.35856888855342,3913.18,1118.05,3.500004472071911,1.0,2.9305406872795836,1.0,1.0,0,,0.0086112708308137,0.0086112708308137,0.0,0.0,0.75,2.809093788938253,0,0,1,3913.18,4353.933999999999,0.8987687916261479,11
2025-11-18,7448.101,3003.018,0.6584697862385285,6.896285305824762,4180.65,1062.01,3.936544853626613,1.0,2.9100813719165894,1.0,1.0,0,,-0.00523605988098047,-0.00523605988098047,0.0,0.0,0.75,2.794385205648082,0,0,1,4180.65,4339.674,0.9633557728068974,12
2025-11-19,7387.208,3020.349,0.649338912695814,3.252182310845043,3671.73,995.51,3.688290424003777,1.0,2.8697278347288497,1.0,1.0,0,,-0.010400105365738238,-0.010400105365738238,0.0,0.0,0.75,2.7653233050768815,0,0,1,3671.73,4312.7837500000005,0.8513596351776274,13
2025-11-20,7340.412,3008.29,0.6478119675246446,-1.1219296854536944,3567.12,1009.82,3.5324315224495453,1.0,2.862979560485408,1.0,1.0,0,,-0.0017636535497657646,-0.0017636535497657646,0.0,0.0,0.75,2.7604462328136323,0,0,1,3567.12,4278.63775,0.8337046060980507,14
2025-11-21,7067.703,2955.854,0.6348096830565603,-7.813041555849056,4086.72,1263.25,3.235084108450425,0.0,2.8615480707051653,1.0,1.0,0,,-0.000375,0.0,0.000375,0.75,0.0,2.759411065476327,0,0,0,4086.72,4217.3,0.9690370616271073,15
2025-11-24,7156.409,2950.562,0.6439299700355978,-10.69702582404685,3689.93,1102.71,3.346237904798179,0.0,2.8615480707051653,1.0,1.0,0,,0.0,0.0,0.0,0.0,0.0,2.759411065476327,0,0,0,3689.93,4188.7474999999995,0.880914879686589,16
2025-11-25,7249.947,2968.202,0.6484695810664004,-11.382142466956731,4041.74,980.32,4.122878243838746,0.0,2.8615480707051653,1.0,1.0,0,,0.0,0.0,0.0,0.0,0.0,2.759411065476327,0,0,0,4041.74,4179.662249999999,0.9670015800917886,17
2025-11-26,7248.449,2971.799,0.6475508617449975,-11.444994024020758,3769.64,972.58,3.875917662300273,0.0,2.8615480707051653,1.0,1.0,0,,0.0,0.0,0.0,0.0,0.0,2.759411065476327,0,0,0,3769.64,4147.91325,0.9088039630529882,18
2025-11-27,7257.454,2972.265,0.6482536857173752,-11.433444600414926,3656.26,1051.06,3.4786406104313743,0.0,2.8615480707051653,1.0,1.0,0,,0.0,0.0,0.0,0.0,0.0,2.759411065476327,0,0,0,3656.26,4115.72025,0.8883645578194971,19
2025-11-28,7334.21,2969.617,0.6556938805800642,-7.884399886121412,3421.85,850.31,4.0242382190024815,0.0,2.8615480707051653,1.0,1.0,0,,0.0,0.0,0.0,0.0,0.0,2.759411065476327,0,0,0,3421.85,4085.08025,0.8376457231164552,20
2025-12-01,7386.681,2993.676,0.6550776444650824,-4.539606842462767,3923.2,1128.13,3.4776133956192985,0.0,2.8615480707051653,1.0,1.0,0,,0.0,0.0,0.0,0.0,0.0,2.759411065476327,0,0,0,3923.2,4073.9445,0.9629979004377698,21
2025-12-02,7313.178,2978.467,0.6518708812549562,-3.4096429259305094,3202.19,791.66,4.044905641310664,0.0,2.8615480707051653,1.0,1.0,0,,0.0,0.0,0.0,0.0,0.0,2.759411065476327,0,0,0,3202.19,4049.1155,0.7908369124071665,22
2025-12-03,7248.274,2963.076,0.6494415069428531,-2.5233181526761443,3350.34,854.95,3.9187554827767705,0.0,2.8615480707051653,1.0,1.0,0,,0.0,0.0,0.0,0.0,0.0,2.759411065476327,0,0,0,3350.34,4022.214,0.8329591612977331,23
2025-12-04,7248.657,2974.337,0.6470168731084979,-2.359411016741536,3113.16,886.22,3.5128523391482926,0.0,2.8615480707051653,1.0,1.0,0,,0.0,0.0,0.0,0.0,0.0,2.759411065476327,0,0,0,3113.16,3967.418,0.784681624169674,24
2025-12-05,7342.492,3002.009,0.6493513120928667,-1.3860559761392688,3528.06,1104.47,3.194346609686093,0.0,2.8615480707051653,1.0,1.0,0,,0.0,0.0,0.0,0.0,0.0,2.759411065476327,0,0,0,3528.06,3934.1935,0.8967682957129587,25
2025-12-08,7423.046,3019.362,0.6527023813700473,0.3129658844778835,4184.75,1252.39,3.3414112217440253,0.0,2.8615480707051653,1.0,1.0,0,,0.0,0.0,0.0,0.0,0.0,2.759411065476327,0,0,0,4184.75,3921.0644999999995,1.0672484474560417,0
2025-12-09,7380.584,2997.96,0.6536016256412688,2.5226454983919138,3923.13,1100.95,3.5634043326218268,1.0,2.864059722471914,1.0,1.0,0,,0.0008777248205129044,0.0013777248205129045,0.0005,1.0,1.0,2.761833069058494,0,0,0,3923.13,3892.47025,1.0078766819091296,0
2025-12-10,7408.244,2988.638,0.6580974290194282,4.73188783578815,3602.45,1013.34,3.55502595377662,1.0,2.8837601774132655,1.0,1.0,0,,0.006878507032090919,0.006878507032090919,0.0,0.0,1.0,2.780830357245474,0,0,0,3602.45,3881.582,0.9280880836731003,1
2025-12-11,7311.995,2977.032,0.6520795991992605,5.341170016112979,3819.34,969.81,3.9382353244449946,1.0,2.8573902552336463,1.0,1.0,0,,-0.009144284044893425,-0.009144284044893425,0.0,0.0,1.0,2.7554016545781588,0,0,0,3819.34,3883.4912500000005,0.9834810365544147,2
2025-12-12,7370.942,2994.645,0.6534703361023434,6.186214071112016,4227.79,1372.58,3.0801774759941134,1.0,2.863484416252244,1.0,1.0,0,,0.002132771681234491,0.002132771681234491,0.0,0.0,1.0,2.7612782971974696,0,0,0,4227.79,3893.21725,1.0859373439794555,0
2025-12-15,7309.078,2987.068,0.6496294690717946,7.139586527095582,3726.59,1111.34,3.353240232512103,1.0,2.846653869738881,1.0,1.0,0,,-0.005877645576779833,-0.005877645576779833,0.0,0.0,1.0,2.7450484820276886,0,0,0,3726.59,3904.2707499999997,0.9544906689680782,1
2025-12-16,7181.62,2954.787,0.6452744545059894,6.318241667913728,3616.22,1033.24,3.4998838604777203,1.0,2.8275703465048867,1.0,1.0,0,,-0.006703843918946295,-0.006703843918946295,0.0,0.0,1.0,2.7266461054542344,0,0,0,3616.22,3907.6364999999996,0.9254238463582782,2
2025-12-17,7288.738,2991.678,0.6468233986211753,4.7881777710759055,3662.64,1074.7,3.408058062715176,1.0,2.8343577660562245,1.0,1.0,0,,0.002400442330189101,0.002400442330189101,0.0,0.0,1.0,2.733191262185212,0,0,0,3662.64,3916.15725,0.9352637716475761,3
2025-12-18,7272.402,2998.517,0.6439017308465567,2.529956889150822,3489.84,827.17,4.219011811356795,1.0,2.8215551188970784,1.0,1.0,0,,-0.003512711136664279,-0.0033877111366642787,0.000125,0.25,0.75,2.7235903507999004,0,0,1,3489.84,3921.2595,0.8899793548475943,4
2025-12-19,7329.806,3004.34,0.6477264478845254,-0.3564081877938869,3623.45,949.4,3.816568358963556,1.0,2.8383148967014113,1.0,1.0,0,,0.0044549309949908356,0.0044549309949908356,0.0,0.0,0.75,2.735723757871337,0,0,1,3623.45,3912.4775,0.9261267317192239,5
2025-12-22,7408.349,3020.229,0.6512230895484411,-0.5687154850778972,3811.86,1067.35,3.5713308661638643,0.0,2.8368957392530607,1.0,1.0,0,,-0.000375,0.0,0.000375,0.75,0.0,2.734697861462135,0,0,0,3811.86,3893.2315000000003,0.9790992392823288,6
2025-12-23,7392.42,3027.52,0.6482579370911021,-0.8836125306103026,3971.82,1104.7,3.5953833619987328,0.0,2.8368957392530607,1.0,1.0,0,,0.0,0.0,0.0,0.0,0.0,2.734697861462135,0,0,0,3971.82,3884.773,1.0224072294571651,0
2025-12-24,7506.381,3025.184,0.6587597250179382,1.7571154121081247,4062.86,912.64,4.451766304347826,0.0,2.8368957392530607,1.0,1.0,0,,0.0,0.0,0.0,0.0,0.0,2.734697861462135,0,0,0,4062.86,3876.553999999999,1.048059694254227,0
2025-12-25,7579.379,3032.841,0.6634866851879532,5.436568745013991,4344.19,820.76,5.292887080267069,1.0,2.8558335649330493,1.0,1.0,0,,0.0066755451805834976,0.007175545180583498,0.0005,1.0,1.0,2.752953460591571,0,0,0,4344.19,3865.532,1.1238271989470012,0
2025-12-26,7605.53,3045.404,0.6630294213137017,9.58998860876007,4736.66,1009.17,4.693619509101539,1.0,2.8538653724293086,1.0,1.0,0,,-0.0006891831960756933,-0.0006891831960756933,0.0,0.0,1.0,2.751056171326953,0,0,0,4736.66,3865.0515,1.225510190485172,0
2025-12-29,7594.158,3034.635,0.6643874136657939,13.502002794455016,4668.73,1171.2,3.986279030054644,1.0,2.8597105539930183,1.0,1.0,0,,0.0020481630353621494,0.0020481630353621494,0.0,0.0,1.0,2.7566907828852694,0,0,0,4668.73,3873.6639999999998,1.2052490871691504,0
2025-12-30,7597.299,3036.552,0.6642426025572178,16.294567469140983,4680.24,1131.75,4.1354009277667325,1.0,2.8590872461954704,1.0,1.0,0,,-0.00021796184815892072,-0.00021796184815892072,0.0,0.0,1.0,2.756089929467429,0,0,0,4680.24,3895.25025,1.2015248571000028,0
2025-12-31,7595.285,3031.126,0.6652552570704677,18.421320341541335,4406.72,1076.68,4.092878106772671,1.0,2.8634459964359533,1.0,1.0,0,,0.0015245250897057971,0.0015245250897057971,0.0,0.0,1.0,2.7602916577143874,0,0,0,4406.72,3912.08025,1.1264390601394234,0
2026-01-05,7753.88,3099.746,0.6641118010907142,19.109740723211228,5422.31,1695.62,3.1978332409384183,1.0,2.858524239843237,1.0,1.0,0,,-0.001718822914363538,-0.001718822914363538,0.0,0.0,1.0,2.7555472051627814,0,0,0,5422.31,3946.3457499999995,1.3740078400378377,0
2026-01-06,7864.903,3158.763,0.6610351582304587,18.742873393553808,5808.15,1800.48,3.2258897627299383,1.0,2.8452815024322513,1.0,1.0,0,,-0.004632718248949286,-0.004632718248949286,0.0,0.0,1.0,2.7427815313395825,0,0,0,5808.15,3986.64675,1.456901091123762,0
2026-01-07,7906.42,3145.12,0.6674072052710094,20.436000220491504,6179.17,1693.07,3.649683710655791,1.0,2.872708587590082,1.0,1.0,0,,0.009639497931710928,0.009639497931710928,0.0,0.0,1.0,2.7692205682380653,0,0,0,6179.17,4032.6765,1.5322751527428495,0
2026-01-08,7971.589,3122.063,0.6778778870749047,24.420988874632876,6053.89,1878.96,3.2219366032273173,1.0,2.9177773511551375,1.0,1.0,0,,0.015688595689708817,0.015688595689708817,0.0,0.0,1.0,2.812665750108778,0,0,0,6053.89,4082.807,1.4827764329785857,0
2026-01-09,8129.183,3134.325,0.6885747670924535,31.39113352877204,7053.23,1777.4,3.9682851355913127,1.0,2.9638197355407767,1.0,1.0,0,,0.015779951258930502,0.015779951258930502,0.0,0.0,1.0,2.857049478553158,0,0,0,7053.23,4161.51725,1.6948698218179918,0
2026-01-12,8357.011,3143.737,0.7057534301809185,40.30460606220904,8275.65,1898.02,4.360148997376213,1.0,3.0377615398662354,1.0,1.0,0,,0.024948144935666106,0.024948144935666106,0.0,0.0,1.0,2.928327563032471,0,0,0,8275.65,4263.2595,1.9411555876436795,0
2026-01-13,8203.133,3132.933,0.6951473571911896,44.47705713161931,8246.52,1888.53,4.366634366411971,1.0,2.9921100145042496,1.0,1.0,0,,-0.015028014794076339,-0.015028014794076339,0.0,0.0,1.0,2.8843206130933177,0,0,0,8246.52,4367.84925,1.8880047199431162,0
2026-01-14,8257.172,3112.075,0.7044164781994025,49.1018345089274,8842.81,2160.78,4.092415701737335,1.0,3.0320069219835335,1.0,1.0,0,,0.013334037614219918,0.013334037614219918,0.0,0.0,1.0,2.922780252639774,0,0,0,8842.81,4491.09,1.9689674444288578,0
2026-01-15,8240.775,3105.575,0.7044890789089578,50.71963636592046,6386.6,1587.68,4.022599012395445,1.0,3.0323194158855435,1.0,1.0,0,,0.00010306503581647419,0.00010306503581647419,0.0,0.0,1.0,2.923081489091196,0,0,0,6386.6,4546.2387499999995,1.4048096352176842,0
2026-01-16,8232.729,3079.763,0.709699914695931,52.65374421210788,6334.11,1999.99,3.1670708353541768,1.0,3.0547483207513233,1.0,1.0,0,,0.007396616843291737,0.007396616843291737,0.0,0.0,1.0,2.9447024028677222,0,0,0,6334.11,4612.79825,1.373159990251037,0
2026-01-19,8265.646,3075.936,0.7134240354733794,52.81952782564467,5816.76,1661.8,3.5002768082801783,1.0,3.070777985480901,1.0,1.0,0,,0.005247458398024429,0.005247458398024429,0.0,0.0,1.0,2.9601546062213333,0,0,0,5816.76,4669.03925,1.2458151856401722,0
2026-01-20,8182.752,3070.646,0.7074860282606148,50.23882638298563,5790.37,1757.36,3.294925342559293,1.0,3.045219129989741,1.0,1.0,0,,-0.00832325085434571,-0.00832325085434571,0.0,0.0,1.0,2.9355164968661063,0,0,0,5790.37,4711.6305,1.228952482585381,0
2026-01-21,8247.68,3067.175,0.7139067317475755,49.202018172169986,5647.21,1988.26,2.8402774285053263,1.0,3.0728556461970715,1.0,1.0,0,,0.009075378495807529,0.009075378495807529,0.0,0.0,1.0,2.962157420155853,0,0,0,5647.21,4760.5625,1.1862484737885493,0
2026-01-22,8309.346,3053.128,0.7225535872246825,47.706458210123564,5718.06,1934.11,2.9564295722580414,1.0,3.110074147568583,1.0,1.0,0,,0.012112024011792677,0.012112024011792677,0.0,0.0,1.0,2.9980351419554907,0,0,0,5718.06,4802.4705,1.1906496874889705,0
2026-01-23,8470.744,3032.193,0.7416738149169684,51.79256642830398,6819.48,2004.56,3.4019834776709104,1.0,3.1923729927930715,1.0,1.0,0,,0.026462020299042877,0.026462020299042877,0.0,0.0,1.0,3.0773692087391606,0,0,0,6819.48,4878.7165,1.3978020653587884,0
2026-01-26,8365.435,3049.587,0.728275553188084,51.06159200059519,7031.82,2394.56,2.9365812508352263,0.5068641796191169,3.1623550534981284,0.5068641796191169,0.5068641796191169,0,0.15783320900702827,-0.009403017555501793,-0.009156449645311352,0.00024656791019044157,0.4931358203808831,0.5068641796191169,3.048432652044626,0,0,0,7031.82,4963.1055,1.4168185624907632,0
2026-01-27,8382.153,3052.393,0.7290601576802973,48.887660497689765,6302.08,2023.27,3.114799310027826,0.4506472105262774,3.1638014967470918,0.4506472105262774,0.4506472105262774,0,0.17752245688278853,0.00045739432305780996,0.0004855028076042297,2.810848454641976e-05,0.05621696909283952,0.4506472105262774,3.0498269878338955,0,0,0,6302.08,5035.11125,1.2516267639568044,0
2026-01-28,8399.794,3060.557,0.7286456784336084,45.58443895146212,6273.57,2526.23,2.483372456189658,0.4506472105262774,3.162990936427941,0.45205501347100246,0.4506472105262774,1,0.17696961125536037,-0.00025619822229169033,-0.00025619822229169033,0.0,0.0,0.4506472105262774,3.049045627581315,0,0,0,6273.57,5093.8705,1.2315919692108388,0
2026-01-29,8332.207,3110.914,0.7110829667499923,36.3218714762165,6777.36,2948.88,2.298282737853015,0.4506472105262774,3.128634365352558,0.4502301558565977,0.4506472105262774,1,0.1776868984881606,-0.010862051699137336,-0.010862051699137336,0.0,0.0,0.4506472105262774,3.015926736341498,0,0,0,6777.36,5183.24975,1.3075503452250201,0
2026-01-30,8254.86,3066.496,0.7146864363832902,28.09045069000881,5967.49,2222.33,2.6852402658471064,0.395243640759922,3.1348141280487765,0.395243640759922,0.395243640759922,0,0.20240679861714314,0.0019752268800263587,0.0020029286649095365,2.770178488317768e-05,0.055403569766355354,0.395243640759922,3.02188387589931,0,0,0,5967.49,5248.6785,1.1369509487007063,0
2026-02-02,7975.428,3003.137,0.7050616358867987,16.8826286411131,4989.41,2081.53,2.3969916359600867,0.395243640759922,3.1181281033254136,0.3953636324053432,0.395243640759922,1,0.20234536877681425,-0.005322811510278911,-0.005322811510278911,0.0,0.0,0.395243640759922,3.0057989576219466,0,0,0,4989.41,5295.58475,0.9421830138777403,1
2026-02-03,8209.101,3034.58,0.7181997310192065,8.794834555041275,5257.6,1927.8,2.7272538645087665,0.395243640759922,3.141092982382505,0.38110953953916904,0.395243640759922,1,0.20991340205426134,0.007364956889551721,0.007364956889551721,0.0,0.0,0.395243640759922,3.027936537363492,0,0,0,5257.6,5338.8232499999995,0.9847863009887059,2
2026-02-04,8207.12,3069.243,0.7099172675445329,-0.5619596906372706,5162.15,1698.82,3.038668016623303,0.395243640759922,3.126775720303002,0.37324706169075683,0.395243640759922,1,0.2143352438934448,-0.004558051022304745,-0.004558051022304745,0.0,0.0,0.395243640759922,3.0141350481338884,0,0,0,5162.15,5363.25825,0.9625025981174783,3
2026-02-05,8068.077,3059.012,0.700224148378728,-10.359638228967476,4409.65,1479.97,2.979553639600802,0.0,3.126157801193236,0.36389554332834617,0.36389554332834617,0,0.21984330796768042,-0.00019762182037996102,0.0,0.00019762182037996102,0.395243640759922,0.0,3.0135393892788054,0,0,0,4409.65,5375.42125,0.8203357085735372,4
2026-02-06,8051.574,3037.86,0.7036574070156362,-16.67160490759797,4445.9,1336.06,3.327620017065102,0.0,3.126157801193236,1.0,1.0,0,,0.0,0.0,0.0,0.0,0.0,3.0135393892788054,0,0,0,4445.9,5396.507500000001,0.8238476459080246,5
2026-02-09,8233.778,3081.779,0.7093260215719462,-19.201059786519664,4825.57,1357.22,3.555481056866241,0.0,3.126157801193236,1.0,1.0,0,,0.0,0.0,0.0,0.0,0.0,3.0135393892788054,0,0,0,4825.57,5421.66325,0.890053435170471,6
2026-02-10,8250.3,3087.405,0.7094542063151705,-22.503287179506405,4750.51,1220.16,3.893350052452137,0.0,3.126157801193236,1.0,1.0,0,,0.0,0.0,0.0,0.0,0.0,3.0135393892788054,0,0,0,4750.51,5434.73125,0.8741021002648476,7
2026-02-11,8239.513,3088.457,0.7082852773421229,-24.77904664000905,4380.65,1140.86,3.839778763389022,0.0,3.126157801193236,1.0,1.0,0,,0.0,0.0,0.0,0.0,0.0,3.0135393892788054,0,0,0,4380.65,5451.08275,0.8036293340070833,8
2026-02-12,8314.832,3079.727,0.7167859576536517,-24.477627524047897,4678.6,1304.13,3.5875257834725067,0.0,3.126157801193236,1.0,1.0,0,,0.0,0.0,0.0,0.0,0.0,3.0135393892788054,0,0,0,4678.6,5477.64225,0.854126608943839,9
2026-02-13,8204.829,3034.346,0.7178813379595469,-23.36922071465553,4389.24,1259.66,3.484464061730943,0.0,3.126157801193236,1.0,1.0,0,,0.0,0.0,0.0,0.0,0.0,3.0135393892788054,0,0,0,4389.24,5495.80725,0.7986524636576364,10
2026-02-24,8299.771,3041.324,0.7245221231076985,-20.579544712156324,4695.16,1282.43,3.6611432982696903,0.0,3.126157801193236,1.0,1.0,0,,0.0,0.0,0.0,0.0,0.0,3.0135393892788054,0,0,0,4695.16,5525.94025,0.8496581192675763,11
2026-02-25,8426.331,3054.925,0.7322952088181769,-16.855810145224915,5331.41,1506.23,3.5395723096738214,0.0,3.126157801193236,1.0,1.0,0,,0.0,0.0,0.0,0.0,0.0,3.0135393892788054,0,0,0,5331.41,5568.639249999999,0.9573990629757531,12
2026-02-26,8490.617,3035.071,0.742708896565431,-10.444351974824778,5711.86,1410.05,4.050820892876139,0.0,3.126157801193236,1.0,1.0,0,,0.0,0.0,0.0,0.0,0.0,3.0135393892788054,0,0,0,5711.86,5616.13925,1.0170438704845146,0
2026-02-27,8560.843,3039.431,0.7477776389214733,-2.7984630969081046,5495.74,1373.65,4.000829905725621,0.0,3.126157801193236,1.0,1.0,0,,0.0,0.0,0.0,0.0,0.0,3.0135393892788054,0,0,0,5495.74,5654.23725,0.9719684118313217,1
2026-03-02,8476.965,3046.467,0.7387408967185404,3.902890875953367,6590.07,1938.22,3.4000629443510024,0.0,3.126157801193236,1.0,1.0,0,,0.0,0.0,0.0,0.0,0.0,3.0135393892788054,0,0,0,6590.07,5717.4175000000005,1.1526305364266296,0
2026-03-03,8142.454,3014.27,0.7171688087552608,2.754468798892194,6648.64,2217.06,2.9988543386286346,1.0,3.033307301528486,1.0,1.0,0,,-0.02970115572198856,-0.02920115572198856,0.0005,1.0,1.0,2.924033786603489,0,0,0,6648.64,5775.0287499999995,1.1512739222293917,0
2026-03-04,8094.518,2974.21,0.7225494819416796,3.1558492863724563,5027.02,1744.93,2.880929320946972,1.0,3.0560651725684025,1.0,1.0,0,,0.007502659235498088,0.007502659235498088,0.0,0.0,1.0,2.945971815697458,0,0,0,5027.02,5782.28775,0.8693825380793269,1
2026-03-05,8171.119,2988.451,0.7259114160204013,4.307323374626655,5087.29,1399.33,3.635518426675624,1.0,3.070284668820538,1.0,1.0,0,,0.004652877294558877,0.004652877294558877,0.0,0.0,1.0,2.959679061069127,0,0,0,5087.29,5792.751749999999,0.8782164711270426,2
2026-03-06,8248.857,2992.702,0.7317766225047038,4.039853283976709,4741.28,1145.11,4.140458121927152,1.0,3.0950919017015743,1.0,1.0,0,,0.00807978267714371,0.00807978267714371,0.0,0.0,1.0,2.983592624676658,0,0,0,4741.28,5794.277749999999,0.8182693692928338,3
2026-03-09,8203.869,2962.989,0.7350838953081943,4.6990356411306005,5687.61,1713.57,3.3191582485687774,1.0,3.109080204902304,1.0,1.0,0,,0.0032646335662212395,0.0033896335662212396,0.000125,0.25,0.75,2.993332961307108,0,0,1,5687.61,5826.3,0.9761958704495133,4
2026-03-10,8350.09,2981.835,0.7434568696057537,5.323694978681182,5335.11,1217.62,4.381588672985004,1.0,3.1444941880011767,1.0,1.0,0,,0.0085428762121591,0.0085428762121591,0.0,0.0,0.75,3.0189046342573302,0,0,1,5335.11,5824.12,0.9160371008839103,5
2026-03-11,8363.526,2985.345,0.7437776333847095,7.195800716996792,5492.67,1224.47,4.485753019673818,1.0,3.1458508771110405,1.0,1.0,0,,0.0003235868065142311,0.0003235868065142311,0.0,0.0,0.75,3.019881511967101,0,0,1,5492.67,5816.233,0.9443689755895267,6
2026-03-12,8335.908,2971.561,0.7447602573382206,7.376252778510472,5319.66,1254.65,4.239955366038337,1.0,3.1500069424285146,1.0,1.0,0,,0.0009908444836927988,0.0009908444836927988,0.0,0.0,0.75,3.0228737449046394,0,0,1,5319.66,5794.74525,0.9180144718182391,7
2026-03-13,8214.293,2956.847,0.7375467733148382,3.505319521848538,5233.0,1342.39,3.898270994271411,1.0,3.119497091065121,1.0,1.0,0,,-0.007264234314640516,-0.007264234314640516,0.0,0.0,0.75,3.000914881718077,0,0,1,5233.0,5774.223,0.9062691205379494,8
2026-03-16,8211.352,2954.089,0.7379710488860397,-0.05737760790022171,4891.25,1438.62,3.3999596835856587,1.0,3.1212915893370403,1.0,1.0,0,,0.0004314393200731126,0.0004314393200731126,0.0,0.0,0.75,3.002209594394243,0,0,1,4891.25,5720.1735,0.8550876997000179,9
2026-03-17,8019.857,2963.578,0.718453215312182,-7.8867285617595835,4527.54,1323.84,3.420005438723713,0.0,3.119730943542372,1.0,1.0,0,,-0.000375,0.0,0.000375,0.75,0.0,3.001083765796345,0,0,0,4527.54,5626.47075,0.8046856015380511,10
2026-03-18,8096.595,2961.426,0.7258548136929739,-13.316786488189708,4198.93,1137.22,3.692275900881096,0.0,3.119730943542372,1.0,1.0,0,,0.0,0.0,0.0,0.0,0.0,3.001083765796345,0,0,0,4198.93,5525.281,0.759948679533222,11
2026-03-19,7909.234,2916.235,0.7200458256656364,-19.812169273276833,4438.07,1364.19,3.2532638415469983,0.0,3.119730943542372,1.0,1.0,0,,0.0,0.0,0.0,0.0,0.0,3.001083765796345,0,0,0,4438.07,5415.1625,0.8195635865036367,12
2026-03-20,7783.435,2883.864,0.7165471246455387,-25.57178555751286,4861.14,1357.31,3.58145154754625,0.0,3.119730943542372,1.0,1.0,0,,0.0,0.0,0.0,0.0,0.0,3.001083765796345,0,0,0,4861.14,5377.026,0.9040573729790409,13
2026-03-23,7409.107,2792.329,0.7044456802808369,-33.213030041547455,5059.38,1739.93,2.907806635899145,0.0,3.119730943542372,1.0,1.0,0,,0.0,0.0,0.0,0.0,0.0,3.001083765796345,0,0,0,5059.38,5345.15775,0.9465352074969162,14
2026-03-24,7600.857,2830.854,0.7128420670359433,-36.67605864618639,4324.17,1357.32,3.185814693661038,0.0,3.119730943542372,1.0,1.0,0,,0.0,0.0,0.0,0.0,0.0,3.001083765796345,0,0,0,4324.17,5307.842999999999,0.8146755659502365,15
2026-03-25,7751.181,2859.535,0.7196489434016661,-36.611981663295055,4710.83,1335.01,3.528685178388177,0.0,3.119730943542372,1.0,1.0,0,,0.0,0.0,0.0,0.0,0.0,3.001083765796345,0,0,0,4710.83,5280.8544999999995,0.8920582833706174,16
2026-03-26,7639.376,2824.674,0.7180220540941258,-35.422736744471656,4040.53,1135.51,3.5583394245757414,0.0,3.119730943542372,1.0,1.0,0,,0.0,0.0,0.0,0.0,0.0,3.001083765796345,0,0,0,4040.53,5240.6875,0.7709923554877104,17
2026-03-27,7746.313,2837.306,0.7248315605941448,-32.218495119288065,4038.04,1032.95,3.909230843700082,0.0,3.119730943542372,1.0,1.0,0,,0.0,0.0,0.0,0.0,0.0,3.001083765796345,0,0,0,4038.04,5198.687,0.776742281272175,18
2026-03-30,7767.93,2833.205,0.7279063936507667,-29.85660262607949,4119.74,1033.15,3.987552630305376,0.0,3.119730943542372,1.0,1.0,0,,0.0,0.0,0.0,0.0,0.0,3.001083765796345,0,0,0,4119.74,5131.193499999999,0.8028814348942406,19
2026-03-31,7619.85,2826.125,0.7158191053603025,-32.2956752882066,4046.52,1212.35,3.3377489998762737,0.0,3.119730943542372,1.0,1.0,0,,0.0,0.0,0.0,0.0,0.0,3.001083765796345,0,0,0,4046.52,5056.561,0.8002513961563996,20
2026-04-01,7764.153,2878.794,0.7160308372701438,-33.495783644160056,4200.61,1275.31,3.293795234099944,0.0,3.119730943542372,1.0,1.0,0,,0.0,0.0,0.0,0.0,0.0,3.001083765796345,0,0,0,4200.61,5004.02425,0.8394463715878274,21
2026-04-02,7623.417,2853.453,0.7092954648642797,-35.26181527394133,3886.77,1029.26,3.776276159570954,0.0,3.119730943542372,1.0,1.0,0,,0.0,0.0,0.0,0.0,0.0,3.001083765796345,0,0,0,3886.77,4944.354249999999,0.7861026543557231,22
2026-04-03,7536.6,2830.597,0.7068799350240291,-36.22337779906753,3543.79,793.26,4.467375135516728,0.0,3.119730943542372,1.0,1.0,0,,0.0,0.0,0.0,0.0,0.0,3.001083765796345,0,0,0,3543.79,4863.515,0.7286479017747451,23
2026-04-07,7606.017,2830.523,0.7134094107114252,-34.23483790022617,3437.72,990.1,3.472093727906272,0.0,3.119730943542372,1.0,1.0,0,,0.0,0.0,0.0,0.0,0.0,3.001083765796345,0,0,0,3437.72,4800.27075,0.7161512712590222,24
2026-04-08,7955.768,2907.066,0.7265666317369956,-28.030060620203873,5206.58,1549.38,3.3604280421846155,0.0,3.119730943542372,1.0,1.0,0,,0.0,0.0,0.0,0.0,0.0,3.001083765796345,0,0,0,5206.58,4805.7,1.0834176082568616,0
2026-04-09,7921.447,2884.76,0.7290260778189731,-21.425517032500515,4663.54,1085.91,4.2945916328240825,0.0,3.119730943542372,1.0,1.0,0,,0.0,0.0,0.0,0.0,0.0,3.001083765796345,0,0,0,4663.54,4790.8485,0.9734267322375149,1
2026-04-10,7998.232,2899.58,0.732330517125911,-14.420921570785946,4949.92,1228.2,4.03022309070184,0.0,3.119730943542372,1.0,1.0,0,,0.0,0.0,0.0,0.0,0.0,3.001083765796345,0,0,0,4949.92,4785.5427500000005,1.034348716245404,0
2026-04-13,8025.572,2899.47,0.7348616879974367,-8.046560586788368,4524.32,1217.4,3.716379168720223,0.0,3.119730943542372,1.0,1.0,0,,0.0,0.0,0.0,0.0,0.0,3.001083765796345,0,0,0,4524.32,4788.4095,0.9448481797557206,1
2026-04-14,8144.762,2924.183,0.7394725898397457,-1.0735957773480163,5094.65,1282.96,3.9710123464488367,0.0,3.119730943542372,1.0,1.0,0,,0.0,0.0,0.0,0.0,0.0,3.001083765796345,0,0,0,5094.65,4804.62825,1.0603629947852886,0
2026-04-15,8106.165,2934.216,0.7334518171678771,1.2085989663552323,5208.49,1455.3,3.578980278980279,0.0,3.119730943542372,1.0,1.0,0,,0.0,0.0,0.0,0.0,0.0,3.001083765796345,0,0,0,5208.49,4814.20125,1.0819011772721383,0
2026-04-16,8232.983,2939.765,0.743520306165098,6.572898825427967,5049.35,1154.89,4.372147996778914,1.0,3.160997308702403,1.0,1.0,0,,0.013227539780457487,0.013727539780457487,0.0005,1.0,1.0,3.0407807206929016,0,0,0,5049.35,4821.6722500000005,1.0472196653349883,0
2026-04-17,8307.436,2910.873,0.7576907349385452,13.83050508969721,5304.41,1347.88,3.935372585096596,1.0,3.221241375804021,1.0,1.0,0,,0.019058563237546178,0.019058563237546178,0.0,0.0,1.0,3.0987336323497385,0,0,0,5304.41,4844.766250000001,1.0948742883106073,0
2026-04-20,8357.814,2933.653,0.7563663322954383,19.163795879047886,5596.65,1320.77,4.237414538488912,1.0,3.2156108191725656,1.0,1.0,0,,-0.0017479462028981985,-0.0017479462028981985,0.0,0.0,1.0,3.0933172126632797,0,0,0,5596.65,4867.717500000001,1.1497483163310112,0
2026-04-21,8351.156,2932.072,0.7561713106505611,20.987124530570124,5219.02,1195.09,4.367051853835276,1.0,3.2147817054422694,1.0,1.0,0,,-0.0002578401979967948,-0.0002578401979967948,0.0,0.0,1.0,3.0925196311407,0,0,0,5219.02,4888.4619999999995,1.0676200408226557,0
2026-04-22,8481.24,2930.575,0.7683422991452601,25.88085571827594,5583.9,1263.83,4.4182366299264935,1.0,3.266525365375948,1.0,1.0,0,,0.01609554385794909,0.01609554385794909,0.0,0.0,1.0,3.1422954164952936,0,0,0,5583.9,4910.6805,1.13709291410834,0
2026-04-23,8362.74,2927.931,0.7582911495409863,27.952855686112574,6236.97,1557.16,4.005349482391019,1.0,3.223793974471044,1.0,1.0,0,,-0.013081603883393078,-0.013081603883393078,0.0,0.0,1.0,3.1011891525721005,0,0,0,6236.97,4933.3195,1.2642542207128489,0
2026-04-24,8304.141,2945.043,0.7486025545318779,26.085384731487704,5662.82,1546.14,3.662553196993803,1.0,3.182603945772488,1.0,1.0,0,,-0.012776879982013822,-0.012776879982013822,0.0,0.0,1.0,3.061565630968164,0,0,0,5662.82,4932.0935,1.1481574710617306,0
2026-04-27,8338.726,2939.053,0.7532523863926389,25.930996146323835,5447.36,1590.41,3.4251293691563807,1.0,3.2023722101707985,1.0,1.0,0,,0.0062113491766919715,0.0062113491766919715,0.0,0.0,1.0,3.080582084129466,0,0,0,5447.36,4930.884,1.1047430846071413,0
2026-04-28,8226.692,2950.421,0.740268854858963,22.938684097255383,5492.02,1569.48,3.4992609016999263,1.0,3.1471741101389625,1.0,1.0,0,,-0.017236628477016458,-0.017236628477016458,0.0,0.0,1.0,3.0274832352523737,0,0,0,5492.02,4903.43275,1.12003575454359,0
2026-04-29,8343.065,2967.503,0.7464190085944585,19.26325230129086,5571.43,1778.86,3.132022756147196,1.0,3.1733208330257625,1.0,1.0,0,,0.00830800012066879,0.00830800012066879,0.0,0.0,1.0,3.052635566336173,0,0,0,5571.43,4876.5025000000005,1.1425053099019225,0
2026-04-30,8381.947,2985.505,0.7453758847948083,15.223570572198081,5959.82,2155.38,2.765090146517087,1.0,3.1688861034077584,1.0,1.0,0,,-0.0013975043342137061,-0.0013975043342137061,0.0,0.0,1.0,3.0483694949014435,0,0,0,5959.82,4899.8225,1.2163338569917583,0
2026-05-06,8574.556,3026.443,0.7521896833151567,11.601069763013783,6909.61,2608.26,2.6491262374149813,1.0,3.197854241340603,1.0,1.0,0,,0.00914142603664203,0.00914142603664203,0.0,0.0,1.0,3.0762359391714407,0,0,0,6909.61,4945.3805,1.3971847060099822,0
2026-05-07,8714.51,3029.194,0.7637726717325578,9.91103977229527,6876.08,2059.12,3.339329422277478,1.0,3.247098081637288,1.0,1.0,0,,0.015399025903082064,0.015399025903082064,0.0,0.0,1.0,3.123606976082734,0,0,0,6876.08,4998.7505,1.3755597523821204,0
2026-05-08,8741.151,3003.584,0.7726397912258715,10.397330163257257,6567.47,1812.05,3.624331558179962,1.0,3.284795694764862,1.0,1.0,0,,0.011609631794234465,0.011609631794234465,0.0,0.0,1.0,3.1598709029449563,0,0,0,6567.47,5020.747,1.3080663096547187,0
2026-05-11,8866.779,3041.633,0.7739400174952225,11.985833081700688,7425.41,2420.27,3.0680089411511937,1.0,3.2903234681209406,1.0,1.0,0,,0.0016828362765113347,0.0016828362765113347,0.0,0.0,1.0,3.1651884483295247,0,0,0,7425.41,5073.004500000001,1.463710509225844,0
2026-05-12,8821.887,3043.556,0.7695350827880255,11.73210298889458,6834.58,2302.01,2.9689619072028357,1.0,3.271596357860461,1.0,1.0,0,,-0.005691571191076328,-0.005691571191076328,0.0,0.0,1.0,3.147173552942685,0,0,0,6834.58,5106.55225,1.3383942169592018,0
2026-05-13,8955.447,3047.246,0.7802395894388882,13.701739741262902,6771.87,2133.02,3.174780358365135,1.0,3.317105426589043,1.0,1.0,0,,0.01391035560338616,0.01391035560338616,0.0,0.0,1.0,3.19095185620969,0,0,0,6771.87,5142.8575,1.3167524085588604,0
2026-05-14,8778.709,2996.573,0.7777750749111614,14.16194184823539,7309.7,2151.91,3.39684280476414,1.0,3.3066278058370515,1.0,1.0,0,,-0.003158663775955195,-0.003158663775955195,0.0,0.0,1.0,3.1808727121706633,0,0,0,7309.7,5194.775,1.4071254289165556,0
2026-05-15,8682.654,2957.602,0.7794010633996126,14.882704438685785,7302.38,2312.13,3.1582912725495538,1.0,3.313540522535382,1.0,1.0,0,,0.0020905638929569204,0.0020905638929569204,0.0,0.0,1.0,3.187522529810819,0,0,0,7302.38,5255.05325,1.3895920084158995,0
2026-05-18,8720.213,2934.959,0.7888115930291546,15.852813578848544,6284.97,1805.49,3.4810328498080856,1.0,3.3535483859196016,1.0,1.0,0,,0.012074052848343397,0.012074052848343397,0.0,0.0,1.0,3.22600884529104,0,0,0,6284.97,5298.989,1.186069644605792,0
2026-05-19,8808.645,2954.062,0.791658231730221,17.569307372673215,6289.36,1785.1,3.5232535992381377,0.4988198655126538,3.358744828269712,0.4988198655126538,0.4988198655126538,0,0.16037853648386946,0.0015495355224123188,0.0018001255896559919,0.0002505900672436731,0.5011801344873462,0.4988198655126538,3.2310076605924345,0,0,0,6289.36,5351.24975,1.1753067589491595,0
2026-05-20,8808.91,2953.747,0.7917664763439851,20.373194932180375,6539.46,2053.21,3.18499325446496,0.4988198655126538,3.3589739093987236,0.5117044839401359,0.4988198655126538,1,0.15634023642708428,6.820438607995583e-05,6.820438607995583e-05,0.0,0.0,0.4988198655126538,3.231228029486345,0,0,0,6539.46,5403.7845,1.2101629885499692,0
2026-05-21,8510.496,2920.929,0.7735387987455983,17.654372136647922,7444.9,2373.1,3.137204500442459,0.5482475951561835,3.3164956077062513,0.5482475951561835,0.5482475951561835,0,0.1459194727105183,-0.012646213646856261,-0.012621499782034496,2.4713864821764852e-05,0.049427729643529705,0.5482475951561835,3.1903652294837506,0,0,0,7444.9,5468.378500000001,1.3614456278035616,0
2026-05-22,8692.666,2923.525,0.7893950727896379,18.10143264251268,6134.91,1746.76,3.5121653804758526,0.4734565849182224,3.3485584470161998,0.4734565849182224,0.4734565849182224,0,0.16897008627267898,0.00966768634803765,0.009705081853156631,3.739550511898054e-05,0.07479101023796109,0.4734565849182224,3.2212086798580843,0,0,0,6134.91,5495.26675,1.116398944600824,0
2026-05-25,8799.312,2968.697,0.786920888461507,19.3236076063397,6685.84,2209.45,3.0260200502387478,0.4734565849182224,3.343589370489023,0.4418623307076816,0.4734565849182224,1,0.18105186715480573,-0.0014839449888069188,-0.0014839449888069188,0.0,0.0,0.4734565849182224,3.2164285833797077,0,0,0,6685.84,5554.308500000001,1.2037213993425102,0
2026-05-26,8687.253,2973.385,0.7756745704304834,15.909932096040194,6811.54,2167.48,3.1426080056102017,0.4734565849182224,3.3209652146256206,0.4575286484895889,0.4734565849182224,1,0.1748524387797334,-0.006766427738730842,-0.006766427738730842,0.0,0.0,0.4734565849182224,3.1946648517934806,0,0,0,6811.54,5606.82625,1.2148655400191863,0
2026-05-27,8546.514,2934.712,0.7731642253428732,10.225499917902367,6682.83,2026.7,3.2973947796911234,0.4734565849182224,3.3158766140778955,0.45429550459808077,0.4734565849182224,1,0.17609683386758737,-0.0015322655369332605,-0.0015322655369332605,0.0,0.0,0.4734565849182224,3.189769776939025,0,0,0,6682.83,5672.88375,1.1780304858177288,0
2026-05-28,8637.743,2914.19,0.7869201118657456,8.765088043875199,6366.06,1839.35,3.461037866637671,0.4734565849182224,3.343808184664002,0.4711605990365139,0.4734565849182224,1,0.16979348477693945,0.008423585626654587,0.008423585626654587,0.0,0.0,0.4734565849182224,3.216639075784386,0,0,0,6366.06,5731.08425,1.1107950472024557,0
2026-05-29,8408.736,2921.081,0.7642498251753862,-0.44017508332469824,7056.6,2230.14,3.164195969759746,0.4734565849182224,3.2981994645706822,0.4497321635505276,0.4734565849182224,1,0.1778836527243664,-0.0136397537103052,-0.0136397537103052,0.0,0.0,0.4734565849182224,3.172764911015743,0,0,0,7056.6,5804.50575,1.2157107433307306,0
2026-06-01,8345.129,2893.719,0.7656405541451498,-7.9288555612378895,6076.33,1826.45,3.326852637630376,0.0,3.297418687443245,0.40697668607300935,0.40697668607300935,0,0.19657145664026673,-0.0002367282924591112,0.0,0.0002367282924591112,0.4734565849182224,0.0,3.1720138277959844,0,0,0,6076.33,5855.251,1.0377573907591664,0
2026-06-02,8384.781,2920.269,0.762284512044323,-15.722099553119678,5896.57,1716.94,3.4343483173552944,0.0,3.297418687443245,1.0,1.0,0,,0.0,0.0,0.0,0.0,0.0,3.1720138277959844,0,0,0,5896.57,5897.65,0.9998168762134071,1
2026-06-03,8432.679,2920.917,0.7664689792837868,-20.73056304251041,6882.33,1903.35,3.615903538497912,0.0,3.297418687443245,1.0,1.0,0,,0.0,0.0,0.0,0.0,0.0,3.1720138277959844,0,0,0,6882.33,5972.539,1.1523290178599086,0
2026-06-04,8420.095,2891.349,0.7731516828025182,-22.196064386850594,5995.43,1430.3,4.191729007900441,0.0,3.297418687443245,1.0,1.0,0,,0.0,0.0,0.0,0.0,0.0,3.1720138277959844,0,0,0,5995.43,6033.83,0.9936358830129454,1
2026-06-05,8340.963,2865.866,0.7726957880097517,-22.62871485485181,6647.79,1641.69,4.049357674104124,0.0,3.297418687443245,1.0,1.0,0,,0.0,0.0,0.0,0.0,0.0,3.1720138277959844,0,0,0,6647.79,6114.081749999999,1.0872916444076006,0
