equity_lb,rates_gold_lb,dbc_lb,last_5y_cagr,last_5y_sharpe,last_5y_maxdd,last_5y_calmar,last_10y_cagr,last_10y_sharpe,last_10y_maxdd,last_10y_calmar,full_common_cagr,full_common_sharpe,full_common_maxdd,full_common_calmar,last_5y_cagr_rank,last_5y_sharpe_rank,last_5y_calmar_rank,last_5y_maxdd_rank,last_10y_cagr_rank,last_10y_sharpe_rank,last_10y_calmar_rank,last_10y_maxdd_rank,full_common_cagr_rank,full_common_sharpe_rank,full_common_calmar_rank,full_common_maxdd_rank,robust_score,last_5y_cagr_drop_pp,last_5y_maxdd_worse_pp,last_10y_cagr_drop_pp,last_10y_maxdd_worse_pp,full_common_cagr_drop_pp,full_common_maxdd_worse_pp,robust_score_drop
130,60,100,0.24440693732544583,1.2596315450436508,-0.12601518194270223,1.939503903875448,0.2360668873030618,1.3297691180731108,-0.14555343197460258,1.621857238957119,0.1616443988371994,0.9983505558360618,-0.16829485440830627,0.9604833101137367,0.23333333333333334,0.11666666666666667,0.37083333333333335,0.48333333333333334,0.09166666666666666,0.041666666666666664,0.35,0.575,0.11666666666666667,0.06666666666666667,0.4583333333333333,0.75,0.3045138888888889,11.164261414929744,2.2245489758405346,8.73617462208065,0.3056262224233386,4.483612187095232,0.9087322422710375,0.6395833333333334
130,60,130,0.24819907829408971,1.260345990254753,-0.1085708757366377,2.286055782548449,0.24616744765784793,1.3737238500934994,-0.1313968273511199,1.8734656887874228,0.16918202108339409,1.0372376621968853,-0.1649493606424588,1.0256603628195318,0.26666666666666666,0.125,0.6958333333333333,0.8541666666666666,0.20416666666666666,0.09166666666666666,0.6958333333333333,0.8416666666666667,0.2375,0.125,0.5958333333333333,0.8291666666666667,0.4635416666666667,10.785047318065356,0.48011835523408264,7.726118586602038,-1.1100342399249286,3.729849962475762,0.5741828656862902,0.48055555555555557
130,60,160,0.24302959220167053,1.245937861879964,-0.10318482544452168,2.355284230551301,0.25456702057942904,1.4154009557138665,-0.1368489737025036,1.8602040898957202,0.1651344945751274,1.0154217999123145,-0.16600032080548466,0.9947841894150807,0.2125,0.1,0.725,0.9708333333333333,0.35,0.175,0.6833333333333333,0.7333333333333333,0.15416666666666667,0.0875,0.5416666666666666,0.8041666666666667,0.46145833333333347,11.301995927307274,-0.058486673977520276,6.8861612944439266,-0.5648196047865595,4.134602613302429,0.6792788819888762,0.4826388888888888
130,60,200,0.2603485544602424,1.3151269690330272,-0.12206329598467902,2.1328979556059218,0.25872659796305264,1.4334334909861848,-0.13138844075191491,1.9691732125170367,0.17244904946437845,1.0511824308006232,-0.16494936064245813,1.045466613466763,0.42083333333333334,0.2,0.5458333333333333,0.5791666666666667,0.44583333333333336,0.2,0.7833333333333333,0.8458333333333333,0.32083333333333336,0.17916666666666667,0.675,0.8375,0.5027777777777778,9.570099701450086,1.829360380038214,6.470203556081566,-1.1108728998454276,3.403147124377326,0.5741828656862236,0.4413194444444445
130,60,260,0.23949222958160132,1.2577862768317853,-0.10082332332431088,2.37536535877958,0.23414660700363377,1.333099872735553,-0.1473063246440618,1.5895217504706962,0.1559719202446681,0.9708364657916345,-0.16494936064245824,0.9455745668681341,0.15416666666666667,0.1125,0.7333333333333333,0.9833333333333333,0.07916666666666666,0.05416666666666667,0.2916666666666667,0.55,0.03333333333333333,0.029166666666666667,0.4041666666666667,0.8333333333333334,0.35486111111111107,11.655732189314193,-0.2946368859986004,8.928202652023455,0.4809154893692602,5.05086004634836,0.5741828656862347,0.5892361111111112
130,80,100,0.2434822746757943,1.2399128524825132,-0.11998319534156876,2.029303136848854,0.23867539813127103,1.338373572778266,-0.14555904646042717,1.6397153178394805,0.1696642044121921,1.0416225024065169,-0.16601773293279332,1.0219643493196895,0.22083333333333333,0.09583333333333334,0.45,0.6375,0.12916666666666668,0.058333333333333334,0.3625,0.5708333333333333,0.25,0.13333333333333333,0.5916666666666667,0.8,0.35833333333333334,11.256727679894896,1.621350315727188,8.475323539259726,0.3061876710057976,3.6816316295959606,0.681020094719742,0.585763888888889
130,80,130,0.2536682640422985,1.2841326991828599,-0.10659731796182736,2.3796871149529055,0.25341028464100135,1.4068930083520292,-0.13159129125672753,1.9257375029979114,0.1844822421213519,1.1214699150900287,-0.16273603875967446,1.1336286880731552,0.35,0.1625,0.75,0.9125,0.32916666666666666,0.15416666666666667,0.7416666666666667,0.8333333333333334,0.675,0.45416666666666666,0.825,0.8458333333333333,0.5861111111111111,10.238128743244479,0.28276257775304847,7.001834888286695,-1.0905878493641663,2.1998278586799813,0.3528506774078566,0.3579861111111111
130,80,160,0.24206491023237264,1.214245241927041,-0.10188350197967888,2.3758989976674885,0.2567447561385614,1.4070059215810078,-0.15106691044637777,1.6995433042214412,0.1774737218479634,1.076147571356778,-0.17021853435838086,1.042622782042685,0.19583333333333333,0.0625,0.7416666666666667,0.9770833333333333,0.4,0.15833333333333333,0.4625,0.49583333333333335,0.49583333333333335,0.26666666666666666,0.6583333333333333,0.6875,0.46684027777777776,11.398464124237062,-0.1886190204617999,6.66838773853069,0.8569740696008576,2.900679886018831,1.1011002372784962,0.4772569444444445
130,80,200,0.2575292365818038,1.2863837970132574,-0.11942496105130584,2.156410471602895,0.25996725802854637,1.4285518675341609,-0.13808343402597778,1.8826824511015452,0.18420922417704544,1.110616805747119,-0.17827952430491112,1.0332606893318426,0.375,0.16666666666666666,0.5625,0.65,0.475,0.19583333333333333,0.7041666666666667,0.7083333333333334,0.6625,0.39166666666666666,0.6333333333333333,0.575,0.5083333333333334,9.852031489293944,1.5655268867008965,6.346137549532194,-0.441373572439141,2.2271296531106266,1.9071992319315223,0.43576388888888884
130,80,260,0.22908786994036023,1.175727379488379,-0.10188350197967888,2.2485276368499076,0.22857619665354667,1.2825328014813715,-0.14840960003603376,1.5401712328451025,0.1661957541814456,1.0169069568858156,-0.16794997166376635,0.9895551189146214,0.08333333333333333,0.03333333333333333,0.6416666666666667,0.9770833333333333,0.0625,0.020833333333333332,0.225,0.5458333333333333,0.18333333333333332,0.09166666666666666,0.5208333333333334,0.7541666666666667,0.3449652777777778,12.696168153438304,-0.1886190204617999,9.485243687032163,0.5912430285664572,4.0284766526706095,0.8742439678170455,0.5991319444444445
130,100,100,0.26750859446664066,1.3471231958787109,-0.12027078983913753,2.2242191543302745,0.2491356455755207,1.386779528132708,-0.14719228062279954,1.6925863538589028,0.17158146347255632,1.051555660396292,-0.1662119042446485,1.0323055033411104,0.5375,0.2625,0.625,0.6333333333333333,0.2791666666666667,0.11666666666666667,0.44166666666666665,0.5541666666666667,0.30416666666666664,0.18333333333333332,0.6291666666666667,0.7958333333333333,0.4468750000000001,8.85409570081026,1.6501097654840646,7.42929879483476,0.46951108724303525,3.4899057235595388,0.7004372259052594,0.4972222222222222
130,100,130,0.27894693918760494,1.3833743022123854,-0.11726728357039273,2.37872772946224,0.26418358167536815,1.4508456471943187,-0.13503737503366275,1.956373793622034,0.186849505307791,1.129681964911402,-0.15938868843061949,1.1722883671831263,0.6958333333333333,0.37083333333333335,0.7458333333333333,0.6958333333333333,0.5458333333333333,0.25,0.7708333333333334,0.75,0.7041666666666667,0.49166666666666664,0.9,0.8666666666666667,0.6489583333333333,7.710261228713833,1.3497591386095853,5.924505184850015,-0.7459794716706436,1.9631015400360718,0.01811564450235892,0.29513888888888895
130,100,160,0.26374521576935406,1.318865533478163,-0.11726728357039273,2.2490946130856195,0.2638221180356437,1.4482695992742596,-0.1357746437036057,1.9430882736217228,0.1760633699763865,1.072806781791041,-0.1712324479918158,1.0282126550267014,0.475,0.20833333333333334,0.65,0.6958333333333333,0.5333333333333333,0.2375,0.7583333333333333,0.7416666666666667,0.4375,0.25833333333333336,0.6041666666666666,0.675,0.5229166666666667,9.23043357053892,1.3497591386095853,5.96065154882246,-0.6722526046763488,3.041715073176521,1.202491600621991,0.42118055555555556
130,100,200,0.28216044549937114,1.3803407605912412,-0.11955789816745344,2.3600318324781497,0.26980284286089584,1.4672462978366467,-0.135018135873758,1.9982711293922883,0.18187108181888778,1.0961722260017455,-0.17871290621933278,1.017671782449103,0.7541666666666667,0.35,0.7291666666666666,0.6416666666666667,0.6708333333333333,0.31666666666666665,0.8041666666666667,0.7541666666666667,0.6083333333333333,0.3625,0.5833333333333334,0.5625,0.5947916666666665,7.388910597537213,1.5788205983156556,5.362579066297246,-0.7479033876611196,2.4609438889263924,1.9505374233736883,0.34930555555555576
130,100,260,0.2636664965893798,1.2982633041709648,-0.11726728357039273,2.248423333103876,0.2475799399538572,1.3565693745014247,-0.14950014797133382,1.6560514709412184,0.17698181867008111,1.0659393988663002,-0.1686099530943439,1.0496522620527202,0.4625,0.175,0.6375,0.6958333333333333,0.24166666666666667,0.08333333333333333,0.38333333333333336,0.5291666666666667,0.4708333333333333,0.225,0.6791666666666667,0.7083333333333334,0.44097222222222227,9.238305488536348,1.3497591386095853,7.584869357001112,0.7002978220964629,2.949870203807059,0.9402421108748005,0.503125
130,130,100,0.27994360549926034,1.4264774150009887,-0.12773158212244828,2.1916553513828387,0.2640085181347265,1.4904207269263938,-0.16852355993363344,1.566597087307532,0.19149978205706342,1.1794807220105992,-0.16852355993363333,1.136338338286222,0.7125,0.475,0.5875,0.4083333333333333,0.5375,0.38333333333333336,0.25416666666666665,0.19583333333333333,0.8166666666666667,0.7083333333333334,0.8333333333333334,0.7145833333333333,0.5522569444444444,7.6105945975482925,2.3961889938151404,5.9420115389141825,2.6026390183264247,1.4980738651088288,0.9316027948037431,0.39184027777777786
130,130,130,0.29306402584875957,1.4821411003017146,-0.11330638748742705,2.586474005106545,0.2797600268105216,1.560948214712141,-0.16852355993363333,1.6600647821627703,0.2024405902879245,1.238558822198421,-0.16852355993363322,1.201259873501653,0.8541666666666666,0.5833333333333334,0.8791666666666667,0.7958333333333333,0.8041666666666667,0.5916666666666667,0.3875,0.20208333333333334,0.9541666666666667,0.8875,0.9166666666666666,0.725,0.7151041666666668,6.29855256259837,0.9536695303130172,4.366860671334671,2.6026390183264136,0.4039930420227211,0.931602794803732,0.2289930555555555
130,130,160,0.2742473204268565,1.3803627729970016,-0.10793452511459178,2.5408674391784647,0.28057009011527945,1.549752934663304,-0.1685235599336331,1.6648716074225574,0.1971844362317119,1.2062310336457125,-0.16852355993363322,1.1700704418383145,0.625,0.3541666666666667,0.8625,0.8791666666666667,0.8083333333333333,0.5458333333333333,0.4,0.21041666666666667,0.8958333333333334,0.8041666666666667,0.8958333333333334,0.725,0.6671874999999999,8.180223104788675,0.4164832930294904,4.285854340858886,2.6026390183263914,0.9296084476439814,0.931602794803732,0.2769097222222223
130,130,200,0.2885226871646034,1.4479829708321388,-0.1259889290566606,2.2900638121532646,0.2859554886394271,1.5819686319072614,-0.16852355993363333,1.6968279613369188,0.20423634274789348,1.2435666417503428,-0.16852355993363333,1.2119156682206589,0.825,0.525,0.7041666666666667,0.4875,0.8625,0.6666666666666666,0.45416666666666666,0.20208333333333334,0.9833333333333333,0.8958333333333334,0.9208333333333333,0.7145833333333333,0.6868055555555556,6.752686431013988,2.2219236872363712,3.74731448844412,2.6026390183264136,0.22441779602582201,0.9316027948037431,0.2572916666666667
130,130,260,0.272266489095647,1.376648097548072,-0.12487083568117519,2.1803849362457046,0.2605311061264115,1.4596475240487476,-0.1685235599336331,1.545962512476073,0.19129074881009234,1.1737329139330703,-0.16852355993363322,1.1350979583236025,0.6041666666666666,0.3375,0.5833333333333334,0.5,0.48333333333333334,0.2833333333333333,0.22916666666666666,0.21041666666666667,0.8041666666666667,0.6875,0.8291666666666667,0.725,0.5230902777777777,8.378306237909626,2.1101143496878305,6.28975273974568,2.6026390183263914,1.5189771898059368,0.931602794803732,0.42100694444444453
130,160,100,0.28473371160723215,1.487236989453044,-0.12450309428985729,2.2869609243955002,0.26764718591113823,1.552596058729816,-0.13477976250463586,1.985811378039283,0.19652755248107634,1.2305579246159004,-0.1529040721072269,1.285299663852364,0.7666666666666667,0.6,0.7,0.5041666666666667,0.6333333333333333,0.5583333333333333,0.7958333333333333,0.7583333333333333,0.8875,0.8583333333333333,0.9791666666666666,0.9708333333333333,0.7510416666666666,7.131583986751111,2.0733402105560406,5.578144761273007,-0.7717407245733332,0.9952968227075365,-0.6303459878369,0.19305555555555565
130,160,130,0.2880610703921289,1.4945152642413122,-0.1138645613636059,2.529857112190139,0.2775112368640049,1.6016112620892906,-0.1426728449229404,1.9450879879341623,0.204728326874964,1.2764244296777418,-0.15794203832141462,1.2962244191020158,0.8041666666666667,0.6166666666666667,0.8583333333333333,0.7875,0.7708333333333334,0.7083333333333334,0.7625,0.6208333333333333,0.9875,0.9708333333333333,0.9833333333333333,0.9,0.8142361111111112,6.798848108261435,1.0094869179309018,4.5917396659863385,0.017567517257122134,0.17521938331876985,-0.1265493664181272,0.1298611111111111
130,160,160,0.27478454952514464,1.418558639125962,-0.10873361452405483,2.5271352444956645,0.2838801299177105,1.620116816531448,-0.15230222347450795,1.8639263658893714,0.19958317616350674,1.248266073184648,-0.1523022234745085,1.3104416443198668,0.6333333333333333,0.45416666666666666,0.8541666666666666,0.85,0.825,0.7541666666666667,0.6916666666666667,0.4708333333333333,0.9166666666666666,0.9125,0.9916666666666667,0.975,0.7774305555555555,8.126500194959863,0.49639223397579535,3.9548503606157803,0.9805053724138757,0.6897344544644968,-0.6905308511087394,0.16666666666666674
130,160,200,0.2884477052975203,1.4799396601871535,-0.12653911926938866,2.279514089895355,0.2900697151959528,1.648820775952721,-0.14163228975376552,2.048047911251402,0.20480495808499177,1.2726209093814858,-0.14163228975376485,1.446032952238899,0.8208333333333333,0.5791666666666667,0.6791666666666667,0.4791666666666667,0.875,0.7833333333333333,0.8416666666666667,0.6375,0.9916666666666667,0.9666666666666667,1.0,1.0,0.8045138888888889,6.760184617722298,2.2769427085091776,3.3358918327915488,-0.08648799966036735,0.1675562623159932,-1.7575242231831045,0.1395833333333334
130,160,260,0.27530960117501424,1.422043186371815,-0.1254217297339948,2.195070995743039,0.26171667835944845,1.5087074840910335,-0.14968639773743753,1.7484332732658943,0.196246615162325,1.2234226448454977,-0.14968639773743664,1.3110517597367741,0.6458333333333334,0.4583333333333333,0.5916666666666667,0.49583333333333335,0.5125,0.4375,0.5333333333333333,0.525,0.8833333333333333,0.8458333333333333,0.9958333333333333,0.9833333333333333,0.6590277777777779,8.073995029972902,2.165203754969791,6.171195516441985,0.7189227987068336,1.0233905545826705,-0.9521134248159258,0.2850694444444444
130,200,100,0.26088638465122127,1.2924937659752402,-0.1290756326775947,2.021190051439559,0.25108673416792127,1.4206347941236095,-0.1669029759667866,1.5043874006050502,0.1747220896264512,1.0901998402905626,-0.17903272842681828,0.9759226213092702,0.43333333333333335,0.17083333333333334,0.44166666666666665,0.39166666666666666,0.2916666666666667,0.1875,0.1625,0.25,0.37916666666666665,0.325,0.49166666666666664,0.5583333333333333,0.34027777777777773,9.5163166823522,2.530594049329782,7.234189935594704,2.4405806216417414,3.175843108170051,1.9825196441222381,0.6038194444444445
130,200,130,0.2691037970648995,1.307116466850869,-0.11852979425178567,2.2703472891656133,0.2629125244990589,1.4644891730468481,-0.16905662697027835,1.555174317687536,0.18728943124491537,1.1543723587875863,-0.1798367746340257,1.0414412270574587,0.5708333333333333,0.1875,0.6625,0.6666666666666666,0.5208333333333334,0.30833333333333335,0.2375,0.17916666666666667,0.7166666666666667,0.625,0.65,0.5458333333333333,0.48923611111111115,8.694575440984377,1.476010206748879,6.051610902480942,2.6559457219909155,1.9191089463236333,2.06292426484298,0.4548611111111111
130,200,160,0.26083326218489855,1.2733697003464224,-0.12398856109990619,2.1036881134117453,0.2696092538580477,1.4984658570109182,-0.1659734011887528,1.624412417453778,0.182458495271149,1.1306781626209843,-0.1659734011887526,1.099323710692949,0.42916666666666664,0.1375,0.5125,0.5125,0.6625,0.4041666666666667,0.3541666666666667,0.2625,0.625,0.5083333333333333,0.7583333333333333,0.8083333333333333,0.4979166666666666,9.521628928984471,2.021886891560931,5.381937966582062,2.347623143838362,2.4022025437002714,0.6765869203156694,0.44618055555555564
130,200,200,0.2796611596283052,1.3501068042082391,-0.13113762447485977,2.1325775935640703,0.2762490232938395,1.5285846111357397,-0.15315266864044708,1.803749328993952,0.187135747802601,1.1547636788593914,-0.15315266864044763,1.2218902188504108,0.7041666666666667,0.26666666666666666,0.5416666666666666,0.35833333333333334,0.7416666666666667,0.5,0.6333333333333333,0.4583333333333333,0.7083333333333334,0.6291666666666667,0.9333333333333333,0.9666666666666667,0.6201388888888889,7.638839184643809,2.736793229056289,4.717961023002881,1.0655498890077886,1.93447729055507,-0.6054863345148265,0.32395833333333335
130,200,260,0.2767189650738613,1.3427067531973396,-0.13002611765466066,2.1281798615936958,0.2582684449136188,1.446973470260664,-0.16340227202087831,1.580568260890639,0.17594411650306108,1.0944210582945364,-0.1634022720208782,1.0767544069434993,0.675,0.25833333333333336,0.5333333333333333,0.3875,0.43333333333333335,0.23333333333333334,0.275,0.32916666666666666,0.425,0.35,0.725,0.8416666666666667,0.45555555555555555,7.9330586400881975,2.6256425470363776,6.5160188610249525,2.0905102270509124,3.053640420509063,0.4194740035282307,0.4885416666666667
160,60,100,0.2606408174029984,1.323462069879692,-0.12035153863313774,2.165662527983944,0.2571474738200452,1.4163387474052076,-0.13297238664263955,1.9338411553905817,0.16583277468669322,1.0174079745450115,-0.19084288756623446,0.8689492011020784,0.425,0.21666666666666667,0.5708333333333333,0.6208333333333333,0.4125,0.17916666666666667,0.75,0.8,0.16666666666666666,0.09583333333333334,0.275,0.37916666666666665,0.4076388888888889,9.540873407174487,1.6581846448840865,6.628115970382309,-0.952478310772964,4.064774602145849,3.163535558063857,0.5364583333333334
160,60,130,0.23932420582543257,1.2369039738618486,-0.12293087397374236,1.9468193635111668,0.2467697321523583,1.3901597951462392,-0.13994720430835694,1.763305907909605,0.15458525595862782,0.9686888604727584,-0.21055306063396118,0.7341866961856643,0.15,0.0875,0.37916666666666665,0.5291666666666667,0.225,0.125,0.5583333333333333,0.6833333333333333,0.029166666666666667,0.025,0.041666666666666664,0.1625,0.24965277777777783,11.67253456493107,1.916118178944548,7.665890137150999,-0.25499654420122475,5.189526474952388,5.134552864836528,0.6944444444444444
160,60,160,0.24147532492185064,1.2486498813192797,-0.12293087397374258,1.964317970873847,0.2629538160735727,1.4715888409345348,-0.1389550159827143,1.892366491514661,0.15740688559730454,0.9852855491086498,-0.21055306063396018,0.7475877345281218,0.19166666666666668,0.10416666666666667,0.3958333333333333,0.525,0.525,0.3375,0.7125,0.6958333333333333,0.05416666666666667,0.041666666666666664,0.075,0.16666666666666666,0.31875,11.457422655289262,1.9161181789445703,6.047481745029559,-0.35421537676548764,4.907363511084717,5.134552864836428,0.6253472222222223
160,60,200,0.2518428341602872,1.2787594125734152,-0.13567728380508604,1.856190123337703,0.26692805747572756,1.4746361835663877,-0.1389559720254685,1.9209541956700051,0.16515327638831923,1.017928445022301,-0.2105530606339615,0.7843784169703043,0.31666666666666665,0.15416666666666667,0.2916666666666667,0.325,0.6083333333333333,0.35,0.7375,0.6916666666666667,0.15833333333333333,0.1,0.1375,0.15833333333333333,0.3357638888888889,10.420671731445609,3.1907591620789155,5.650057604814074,-0.3541197724900691,4.132724431983248,5.134552864836561,0.6083333333333334
160,60,260,0.24573413038477998,1.2761181141767424,-0.1194787855058691,2.0567176787439716,0.24827751240022988,1.4045414490515549,-0.13893257924550007,1.78703594037157,0.15633986646344566,0.9772023926982505,-0.21055306063396162,0.742520037432448,0.25,0.14583333333333334,0.48333333333333334,0.6458333333333334,0.26666666666666666,0.15,0.5833333333333334,0.7,0.04583333333333333,0.03333333333333333,0.07083333333333333,0.15416666666666667,0.2940972222222222,11.031542108996328,1.570909332157222,7.515112112363842,-0.3564590504869125,5.014065424470604,5.134552864836572,0.6500000000000001
160,80,100,0.2810917317726398,1.4351350059187074,-0.12762156099629318,2.2025410877148275,0.2597699199307111,1.4438098026556878,-0.16902475889355195,1.5368749621723077,0.1712355186135508,1.056298553638593,-0.19467767045761253,0.8795847937313087,0.7458333333333333,0.4875,0.6041666666666666,0.4125,0.4708333333333333,0.22083333333333333,0.20416666666666666,0.18333333333333332,0.2875,0.2,0.2833333333333333,0.3416666666666667,0.37013888888888885,7.495781970210347,2.38518688119963,6.365871359315722,2.652758914318276,3.524500209460091,3.5470138472016632,0.5739583333333333
160,80,130,0.25889900386990705,1.3299662816220816,-0.11646678829361323,2.222942760447911,0.2524630232386025,1.4187405582461747,-0.14981229305979382,1.6851956410402062,0.15887225806409555,0.9960846232107112,-0.21885321652553058,0.7259306515404224,0.4083333333333333,0.2375,0.6208333333333333,0.7104166666666667,0.3125,0.18333333333333332,0.42916666666666664,0.5208333333333334,0.075,0.058333333333333334,0.03333333333333333,0.10416666666666667,0.3078125,9.715054760483621,1.2697096109316353,7.096561028526582,0.7315123309424632,4.760826264405615,5.9645684539934685,0.6362847222222223
160,80,160,0.268758295762102,1.3872539465139972,-0.11646678829361323,2.3075960082677067,0.2724786626093241,1.526321339329018,-0.16617203120335855,1.6397384122714926,0.16961141021395965,1.0589032618617096,-0.21885321652553025,0.7750007649267229,0.5625,0.37916666666666665,0.7208333333333333,0.7104166666666667,0.7083333333333334,0.4875,0.36666666666666664,0.25416666666666665,0.24583333333333332,0.20833333333333334,0.12916666666666668,0.10833333333333334,0.4067708333333333,8.72912557126413,1.2697096109316353,5.094997091454423,2.367486145298936,3.686911049419206,5.964568453993435,0.537326388888889
160,80,200,0.2735911004981386,1.3816468750243818,-0.12660018994266387,2.161063902210934,0.27495576571502633,1.520014006947438,-0.15349272594156016,1.791327660828118,0.17387833717857815,1.0718648483014535,-0.2188532165255307,0.7944975172813787,0.6125,0.3625,0.5666666666666667,0.4666666666666667,0.7208333333333333,0.4708333333333333,0.5958333333333333,0.44583333333333336,0.35833333333333334,0.25416666666666665,0.14583333333333334,0.1,0.4249999999999999,8.245845097660464,2.2830497758366985,4.847286780884197,1.099555619119097,3.260218352957356,5.964568453993479,0.5190972222222223
160,80,260,0.2696480164584434,1.390997330973332,-0.1273131315909557,2.1179906038663425,0.2557987658099734,1.4430427179203946,-0.1637749933684487,1.5618914740817393,0.16756463265383692,1.0440283516172668,-0.2188532165255308,0.7656484803561903,0.575,0.3958333333333333,0.5291666666666667,0.4166666666666667,0.38333333333333336,0.2125,0.25,0.32083333333333336,0.20416666666666666,0.1375,0.10833333333333334,0.09583333333333334,0.3024305555555556,8.640153501629989,2.3543439406658817,6.76298677138949,2.1277823618079506,3.8915888054314784,5.964568453993491,0.6416666666666666
160,100,100,0.27384940826869086,1.427983155365177,-0.15131752587262715,1.8097666261025573,0.2565666228779033,1.4559806921519747,-0.1560926335306031,1.6436818130024156,0.16111165445866393,1.0105410780678525,-0.19234229657620672,0.8376298782250992,0.6208333333333333,0.4791666666666667,0.26666666666666666,0.17083333333333334,0.3958333333333333,0.2708333333333333,0.375,0.4041666666666667,0.1125,0.07916666666666666,0.225,0.35,0.3125,8.220014320605241,4.754783368833026,6.6862010645964975,1.3595463780233907,4.536886624948777,3.313476459061082,0.6315972222222223
160,100,130,0.25761523961550936,1.3614836181789327,-0.13809162228322913,1.865538512445994,0.2545302265577034,1.4592333782092999,-0.14472757234018907,1.7586851105290287,0.15435236260315865,0.9807164533200402,-0.20871808387761914,0.7395255827169361,0.37916666666666665,0.30833333333333335,0.3,0.2916666666666667,0.3458333333333333,0.2791666666666667,0.5458333333333333,0.5916666666666667,0.025,0.0375,0.0625,0.18333333333333332,0.2791666666666667,9.84343118592339,3.432193009893225,6.889840696616489,0.22304025898198798,5.212815810499305,4.951055189202325,0.6649305555555556
160,100,160,0.2655202161405785,1.3979987014663795,-0.12353453773852585,2.149360178953198,0.27085867006483877,1.541053963298576,-0.1537220764900079,1.7620024153293614,0.16806021523716863,1.0590792676615792,-0.22061033441433475,0.7617966569124083,0.5083333333333333,0.4083333333333333,0.5583333333333333,0.5208333333333334,0.6833333333333333,0.525,0.5541666666666667,0.44166666666666665,0.2125,0.2125,0.10416666666666667,0.07916666666666666,0.4006944444444445,9.052933533416475,1.9764845554228971,5.256996345902953,1.1224906739638718,3.8420305470983074,6.140280242873885,0.5434027777777777
160,100,200,0.2644316710076131,1.367384545453997,-0.13921214223860712,1.8994871191219942,0.271690610274949,1.527613336204526,-0.14107764159494618,1.9258233069632047,0.16931416504051877,1.0567274856434576,-0.22976495792388152,0.7369015996626022,0.49583333333333335,0.3125,0.3375,0.2791666666666667,0.6958333333333333,0.49583333333333335,0.7458333333333333,0.6583333333333333,0.24166666666666667,0.20416666666666666,0.05,0.05,0.38055555555555554,9.161788046713015,3.5442450054310237,5.17380232489193,-0.1419528155423011,3.7166355667632933,7.055742593828562,0.5635416666666667
160,100,260,0.2725073751680498,1.4362713397494606,-0.13630439029897712,1.9992560369502257,0.2585399896850171,1.4826528659310794,-0.15138960877015928,1.7077789670328978,0.1644924134595076,1.0363217932372502,-0.18329165216256504,0.8974353797281285,0.6083333333333333,0.49166666666666664,0.425,0.31666666666666665,0.44166666666666665,0.37083333333333335,0.475,0.4875,0.14166666666666666,0.12083333333333333,0.31666666666666665,0.5041666666666667,0.3916666666666666,8.354217630669346,3.253469811468024,6.488864383885118,0.8892439019790088,4.19881072486441,2.408412017696915,0.5524305555555556
160,130,100,0.2867328350848284,1.4528554324274099,-0.1652137776638788,1.7355261718437038,0.25902790421831634,1.446292167561413,-0.1822221298396468,1.421495316986239,0.17157962656310288,1.062970141940164,-0.18222212983964636,0.9415959889948121,0.7916666666666666,0.5291666666666667,0.21666666666666667,0.08333333333333333,0.4583333333333333,0.22916666666666666,0.1,0.058333333333333334,0.3,0.22083333333333333,0.37083333333333335,0.5166666666666667,0.3229166666666666,6.931671638991488,6.144408547958191,6.440072930555196,3.9724960089277617,3.490089414504882,2.3014597854050467,0.6211805555555556
160,130,130,0.27561826202062667,1.4075102932001786,-0.15037388401491147,1.8328865003799173,0.2595820078653359,1.4543241190226988,-0.1624525158330743,1.5978946619211831,0.16797544518053953,1.049409980438612,-0.17670934635627145,0.9505747638377705,0.65,0.425,0.2791666666666667,0.1875,0.4666666666666667,0.2625,0.3,0.3375,0.20833333333333334,0.15833333333333333,0.42083333333333334,0.5833333333333334,0.35659722222222223,8.04312894541166,4.660419183061459,6.3846625658532385,1.9955346082705105,3.8505075527612176,1.750181437067555,0.5875
160,130,160,0.28330779594681377,1.4416626821337921,-0.1343892805826432,2.1081130482917687,0.28264564646531287,1.5660120385661969,-0.17671390666462272,1.599453329961932,0.1844736581080728,1.1404904765772277,-0.17671390666462206,1.0439113796413186,0.7583333333333333,0.5041666666666667,0.5166666666666667,0.3375,0.8166666666666667,0.6291666666666667,0.30416666666666664,0.10416666666666667,0.6708333333333333,0.55,0.6708333333333333,0.5791666666666667,0.5368055555555555,7.27417555279295,3.061958839834633,4.078298705855543,3.421673691425353,2.200686260007889,1.750637467902616,0.4072916666666667
160,130,200,0.2869440124490459,1.431115384324479,-0.1515619521383299,1.8932456886485165,0.2842750261658096,1.5565611011267964,-0.1637146520135222,1.7364055243041383,0.18596492301515544,1.1373272675795003,-0.17004055886763214,1.0936503870227785,0.8,0.48333333333333334,0.3333333333333333,0.16666666666666666,0.8416666666666667,0.575,0.5083333333333333,0.325,0.6958333333333333,0.5333333333333333,0.7541666666666667,0.6916666666666667,0.5590277777777777,6.910553902569738,4.779225995403302,3.915360735805873,2.121748226315301,2.051559769299627,1.0833026882036245,0.3850694444444446
160,130,260,0.28083119166865345,1.4230434857263687,-0.14584871971109414,1.9254964474487033,0.2607907246055292,1.4553037727247473,-0.17457587599412794,1.4938531633906922,0.17525984262776473,1.0822766682630969,-0.17457587599412794,1.0039178759937015,0.7291666666666666,0.4625,0.35833333333333334,0.22083333333333333,0.49166666666666664,0.26666666666666666,0.1375,0.10833333333333334,0.4,0.2916666666666667,0.5583333333333333,0.6,0.3854166666666667,7.521835980608982,4.207902752679726,6.263790891833909,3.207870624375875,3.1220678080386977,1.5368344008532042,0.5586805555555556
160,160,100,0.2884136312769199,1.5032513214799177,-0.15296664483925737,1.885467459785072,0.27068165133538313,1.5476884503357258,-0.15953132931774805,1.6967303694702522,0.18249295126160003,1.1488477994775266,-0.1814304790323089,1.0058560845727686,0.8166666666666667,0.6375,0.32916666666666666,0.15833333333333333,0.6791666666666667,0.5333333333333333,0.45,0.36666666666666664,0.6291666666666667,0.5958333333333333,0.5625,0.5333333333333333,0.5243055555555555,6.7635920197823385,4.919695265496049,5.274698218848517,1.703415956737886,2.398756944655167,2.2222947046713015,0.4197916666666668
160,160,130,0.2736879916463606,1.443886978154096,-0.1416530808998252,1.9321005226840662,0.27167611679418346,1.5594780908372574,-0.15162192892644033,1.7917996342467564,0.1786870187193641,1.1322551778122472,-0.18899453474348848,0.9454613010999805,0.6166666666666667,0.5125,0.3625,0.25833333333333336,0.6916666666666667,0.5833333333333334,0.6041666666666666,0.48333333333333334,0.5208333333333334,0.5166666666666667,0.4,0.4,0.49583333333333335,8.236155982838266,3.788338871552832,5.175251672968484,0.912475917607114,2.7793501988787606,2.978700275789259,0.4482638888888889
160,160,160,0.2855452379317025,1.5022069521717585,-0.12546243176116756,2.2759421599229905,0.2960548266858971,1.6836656319117163,-0.17158059404893278,1.7254563566872005,0.19342797367730036,1.2167824012287112,-0.17158059404893256,1.1273301316472726,0.7791666666666667,0.6333333333333333,0.675,0.49166666666666664,0.9208333333333333,0.8416666666666667,0.5041666666666667,0.1375,0.8375,0.8291666666666667,0.8166666666666667,0.6625,0.6774305555555555,7.050431354304076,2.169273957687068,2.7373806837971193,2.9083424298563587,1.3052547030851347,1.237306206333666,0.2666666666666667
160,160,200,0.29072250057095017,1.4948157875961732,-0.14282269512693568,2.0355483441379287,0.3024437916784548,1.6907798238982317,-0.1585377333739897,1.9077085640236289,0.20029558167651484,1.242216768648913,-0.1585377333739898,1.2633937512151663,0.8375,0.6208333333333333,0.4583333333333333,0.25,0.9666666666666667,0.8541666666666666,0.725,0.37916666666666665,0.9333333333333333,0.8916666666666667,0.9583333333333334,0.8916666666666667,0.7305555555555556,6.532705090379309,3.9053002942638804,2.0984841845413493,1.6040563623620496,0.618493903163686,-0.06697986116060983,0.21354166666666663
160,160,260,0.28423462187795523,1.5034539736936678,-0.1450598478713191,1.9594300287016464,0.27611340472119017,1.5875100758562681,-0.16943720117666128,1.6295913931752477,0.18773270859393065,1.1821108793322865,-0.16943720117666072,1.1079781021535786,0.7625,0.6416666666666667,0.39166666666666666,0.225,0.7375,0.6833333333333333,0.35833333333333334,0.17083333333333334,0.725,0.725,0.7875,0.7,0.5756944444444444,7.1814929596788035,4.129015568702221,4.731522880267813,2.694003142629209,1.8747812114221052,1.0229669191064827,0.36840277777777786
160,200,100,0.268784717677818,1.454802083977527,-0.17043170692683374,1.5770816506180223,0.2516785611225032,1.4805401975001276,-0.17804974211078173,1.4135294897866797,0.16988373554455172,1.088257377757083,-0.20567094815103826,0.825997726328341,0.5666666666666667,0.5333333333333333,0.1,0.04583333333333333,0.30416666666666664,0.36666666666666664,0.0875,0.1,0.25416666666666665,0.31666666666666665,0.1875,0.225,0.25729166666666664,8.726483379692528,6.666201474253686,7.175007240136511,3.5552572360412538,3.6596785163599987,4.646341616544236,0.6868055555555557
160,200,130,0.23980789701985694,1.3043193999982317,-0.1596297194632923,1.5022760036548335,0.24793752377700895,1.4487299249152679,-0.18580049071187432,1.3344287887887882,0.17171097426471071,1.0950801898453921,-0.19162633640359727,0.896071894330112,0.1625,0.18333333333333332,0.0625,0.10416666666666667,0.25,0.24166666666666667,0.041666666666666664,0.03333333333333333,0.30833333333333335,0.3541666666666667,0.3125,0.36666666666666664,0.20173611111111114,11.624165445488632,5.586002727899542,7.549110974685935,4.330332096150514,3.476954644344099,3.241880441800138,0.7423611111111111
160,200,160,0.25678713590173685,1.4009222838639883,-0.14383776640083834,1.7852553076091162,0.2643655902599087,1.5490662806381337,-0.17373038689498888,1.5217003483662541,0.17674512816260024,1.132742313467893,-0.21622196666938198,0.8174244776565903,0.37083333333333335,0.4125,0.24583333333333332,0.24583333333333332,0.55,0.5375,0.18333333333333332,0.1125,0.4666666666666667,0.5208333333333334,0.175,0.125,0.3288194444444444,9.926241557300642,4.0068074216541465,5.906304326395961,3.1233217144619685,2.9735392545551464,5.701443468378608,0.6152777777777778
160,200,200,0.26642755467253054,1.4156345010837723,-0.16084631371006897,1.656410697436159,0.276103258739713,1.584521214346498,-0.16084631371006974,1.7165656605435005,0.18720267871559937,1.180027426453433,-0.18142244346400915,1.0318606405096562,0.5208333333333334,0.4375,0.15,0.09583333333333334,0.7333333333333333,0.6708333333333333,0.49583333333333335,0.35,0.7125,0.7166666666666667,0.6208333333333333,0.5375,0.5034722222222222,8.962199680221271,5.707662152577209,4.732537478415533,1.8349143959700553,1.9277841992552336,2.2214911478413257,0.44062500000000004
160,200,260,0.2609299086104835,1.4163345138548726,-0.16533397392167515,1.578198977628734,0.25360206433419274,1.4859435676789419,-0.17158854224219633,1.4779661917998859,0.17422500672238894,1.111603125886119,-0.17857268701199325,0.9756531619568881,0.4375,0.44166666666666665,0.10833333333333334,0.07916666666666666,0.3375,0.375,0.13333333333333333,0.13333333333333333,0.3625,0.3958333333333333,0.4875,0.5666666666666667,0.3215277777777778,9.511964286425979,6.156428173737827,6.982656918967556,2.909137249182714,3.2255513985762763,1.9365155026397352,0.6225694444444445
200,60,100,0.21750662531438625,1.2006241486067755,-0.12032683263605648,1.807631935033661,0.2247046995963562,1.3046303629436764,-0.12463847453523291,1.802851811483271,0.15709333466792486,0.9904674292503528,-0.2048591814824845,0.7668357040729286,0.0375,0.041666666666666664,0.2625,0.6291666666666667,0.041666666666666664,0.029166666666666667,0.6291666666666667,0.9541666666666667,0.05,0.05,0.1125,0.23333333333333334,0.25590277777777776,13.854292616035702,1.65571404517596,9.87239339275121,-1.7858695215136278,4.938718604022685,4.56516494968886,0.6881944444444446
200,60,130,0.2107068687513216,1.1571541481810121,-0.12665501714780414,1.6636282833188556,0.2165490587268808,1.252095429856938,-0.12665501714780436,1.709755078033518,0.1482465928472656,0.9376941012066355,-0.21429680331005774,0.6917816344314448,0.020833333333333332,0.008333333333333333,0.1625,0.4625,0.0125,0.008333333333333333,0.4875,0.9375,0.004166666666666667,0.004166666666666667,0.0125,0.13333333333333333,0.18784722222222225,14.534268272342166,2.288532496350726,10.68795747969875,-1.584215260256483,5.82339278608861,5.508927132446184,0.75625
200,60,160,0.21906327305168083,1.1718019692919703,-0.11124610097050036,1.9691770870223204,0.2344502293988091,1.3306750969945265,-0.12662498706284941,1.8515321093967132,0.1583477594398357,0.9915321094006327,-0.18699536418529994,0.8468004548119366,0.05416666666666667,0.025,0.4,0.8208333333333333,0.08333333333333333,0.04583333333333333,0.6791666666666667,0.9416666666666667,0.06666666666666667,0.05416666666666667,0.24166666666666667,0.4125,0.31875000000000003,13.698627842306244,0.7476408786203481,8.89784041250592,-1.5872182687519776,4.8132761268316,2.7787832199704043,0.6253472222222223
200,60,200,0.21618144596637667,1.17944775152149,-0.11129767819691205,1.9423715702667248,0.23622562793734536,1.35332916493238,-0.1179421408309278,2.00289418415746,0.1587933661712515,0.9977483805136693,-0.18699536418530027,0.849183437584568,0.03333333333333333,0.0375,0.375,0.8125,0.09583333333333334,0.07916666666666666,0.8083333333333333,0.9833333333333333,0.07083333333333333,0.0625,0.24583333333333332,0.4041666666666667,0.33402777777777776,13.986810550836658,0.7527986012615173,8.720300558652294,-2.455502891944139,4.76871545369002,2.7787832199704376,0.6100694444444446
200,60,260,0.2256628318660212,1.2154003524548238,-0.11129868400596787,2.027542678347581,0.2303286885544047,1.3174105254051738,-0.1344444706882133,1.7131882581363573,0.15260699220358798,0.9630343630228202,-0.18699536418530005,0.8161004037103536,0.07083333333333333,0.06666666666666667,0.44583333333333336,0.8041666666666667,0.06666666666666667,0.03333333333333333,0.49166666666666664,0.7666666666666667,0.020833333333333332,0.020833333333333332,0.17083333333333334,0.4083333333333333,0.2805555555555556,13.038671960872206,0.7528991821670994,9.309994496946361,-0.8052699062155888,5.387352850456373,2.7787832199704154,0.6635416666666667
200,80,100,0.21327641258847962,1.1613727165291425,-0.1203329174431299,1.772386285650187,0.22365307674331625,1.2823356352618616,-0.13876857257118758,1.6116983305321768,0.15257404264234808,0.9608476596601194,-0.20732490970274386,0.7359175646626548,0.025,0.0125,0.2375,0.625,0.03333333333333333,0.016666666666666666,0.3333333333333333,0.7041666666666667,0.016666666666666666,0.016666666666666666,0.04583333333333333,0.19583333333333333,0.1885416666666667,14.277313888626363,1.6563225258833025,9.977555678055205,-0.3728597179181614,5.390647806580362,4.811737771714797,0.7555555555555555
200,80,130,0.21547525814506407,1.1657580691934035,-0.12672087107608243,1.700392810713036,0.22685107518093206,1.2948859883416426,-0.12672087107608188,1.7901634770544868,0.15070441319775307,0.9513665614156879,-0.20046972538992403,0.7517564704826385,0.029166666666666667,0.016666666666666666,0.19583333333333333,0.4583333333333333,0.05416666666666667,0.025,0.5875,0.9291666666666667,0.008333333333333333,0.008333333333333333,0.08333333333333333,0.25416666666666665,0.22083333333333335,14.057429332967919,2.295117889178555,9.657755834293624,-1.5776298674287315,5.577610751039863,4.126219340432813,0.7232638888888889
200,80,160,0.2341401185739198,1.236560405817511,-0.10653317357631809,2.1978141710589973,0.24439719543308902,1.3786336328468352,-0.15435438323703854,1.5833511838648195,0.16417900170380584,1.0279641083881192,-0.2004697253899237,0.818971549866043,0.09583333333333334,0.08333333333333333,0.5958333333333333,0.9208333333333333,0.19583333333333333,0.10833333333333334,0.2791666666666667,0.42916666666666664,0.12916666666666668,0.11666666666666667,0.17916666666666667,0.26666666666666666,0.2833333333333334,12.190943290082345,0.27634813920212054,7.903143809077928,1.185721348666935,4.230151900434587,4.12621934043278,0.6607638888888889
200,80,200,0.21790408512241322,1.167208999648529,-0.10653313873604553,2.0454112936849507,0.2367963105516453,1.343552939088132,-0.14096528277054055,1.6798200656050604,0.15744849458158483,0.9901604678233307,-0.2004697253899238,0.7853978663129283,0.041666666666666664,0.020833333333333332,0.4708333333333333,0.925,0.10833333333333334,0.0625,0.425,0.6625,0.058333333333333334,0.04583333333333333,0.14166666666666666,0.2604166666666667,0.26857638888888885,13.814546635233004,0.27634465517486495,8.6632322972223,-0.1531886979828645,4.903202612656687,4.12621934043279,0.6755208333333333
200,80,260,0.21866464268879615,1.1728741892277248,-0.10653317484493263,2.0525497621476094,0.21976816703291413,1.2612971769687142,-0.15213378750602602,1.4445717196399197,0.15155190874622915,0.9604295986692987,-0.2004697253899238,0.7559840192899601,0.05,0.029166666666666667,0.4791666666666667,0.9166666666666666,0.016666666666666666,0.0125,0.12083333333333333,0.475,0.0125,0.0125,0.0875,0.2604166666666667,0.2060763888888889,13.73849087859471,0.2763482660635752,10.366046649095416,0.9636617755656829,5.492861196192256,4.12621934043279,0.7380208333333333
200,100,100,0.2389879991559587,1.274698265446649,-0.12040848939630222,1.9848102102616203,0.2385157294662008,1.389595241902058,-0.13350107436205327,1.7866202995441751,0.1619906643552298,1.027260507539724,-0.15730301390632695,1.0298001311767258,0.14583333333333334,0.14166666666666666,0.4166666666666667,0.6166666666666667,0.125,0.12083333333333333,0.5791666666666667,0.7791666666666667,0.125,0.1125,0.6166666666666667,0.9125,0.3909722222222222,11.706155231878457,1.663879721200534,8.49129040576675,-0.8996095388315917,4.448985635292191,-0.19045180792689465,0.5531250000000001
200,100,130,0.2407981233596328,1.2774416697113729,-0.12675024850505145,1.8997842307980652,0.24341535274925064,1.4102360143094532,-0.12675024850505134,1.920432942895176,0.15776227480519456,1.003759142149786,-0.15730299721402052,1.0029197001920387,0.18333333333333332,0.15,0.3416666666666667,0.45416666666666666,0.17916666666666667,0.16666666666666666,0.7333333333333333,0.925,0.0625,0.07083333333333333,0.55,0.9166666666666666,0.39444444444444454,11.525142811511046,2.2980556320754575,8.001328077461768,-1.5746921245317846,4.871824590295715,-0.19045347715753724,0.5496527777777778
200,100,160,0.26517966019359784,1.373524583640022,-0.11124609193399604,2.383721131983071,0.25708370698554206,1.4651582264808272,-0.1531003446594078,1.6791843777847735,0.16993311437082115,1.0690004007426739,-0.15730306734908395,1.0802911680908855,0.5041666666666667,0.32083333333333336,0.7541666666666667,0.825,0.4083333333333333,0.3125,0.42083333333333334,0.4625,0.25833333333333336,0.24166666666666667,0.7291666666666666,0.9041666666666667,0.5118055555555556,9.086989128114542,0.7476399749699159,6.634492653832624,1.0603174909038615,3.6547406337330557,-0.19044646365119489,0.43229166666666663
200,100,200,0.25086938780244705,1.3137363554491999,-0.11129767691696724,2.2540397495412794,0.25555207786969714,1.460683226557114,-0.14320676919482467,1.7844971945567256,0.16645028526121153,1.0491295039509916,-0.1573030301236228,1.0581505335936632,0.3,0.19583333333333333,0.6583333333333333,0.8166666666666667,0.37916666666666665,0.29583333333333334,0.5708333333333333,0.6083333333333333,0.1875,0.15416666666666667,0.6875,0.9083333333333333,0.48020833333333335,10.51801636722962,0.7527984732670356,6.787655565417117,0.07095994444554776,4.003023544694018,-0.1904501861973107,0.4638888888888889
200,100,260,0.2540071573473299,1.32742910237053,-0.11129868247491881,2.2822117180459034,0.24261861435037013,1.3967906020073229,-0.15081873646747546,1.6086768794982684,0.1597174608682317,1.0112014811535737,-0.15081873646747557,1.0590027778324158,0.3541666666666667,0.22916666666666666,0.6875,0.8083333333333333,0.17083333333333334,0.1375,0.32083333333333336,0.5,0.08333333333333333,0.08333333333333333,0.6916666666666667,0.9791666666666666,0.42048611111111117,10.204239412741334,0.7528990290621929,8.081001917349816,0.8321566717106266,4.676305983992002,-0.8388795518120329,0.523611111111111
200,130,100,0.23846305290765124,1.260164136371162,-0.13053528698376848,1.8268091212554896,0.23483492986544197,1.3688216741264978,-0.1305352869837677,1.7990149276237015,0.1724627317002949,1.0856714799095473,-0.16760597510192243,1.0289772282606218,0.13333333333333333,0.12083333333333333,0.275,0.36666666666666664,0.0875,0.0875,0.6208333333333333,0.85,0.325,0.3125,0.6125,0.7666666666666667,0.37986111111111115,11.758649856709201,2.6765594799471604,8.859370365842633,-1.1961882766601484,3.401778900785679,0.8398443116326537,0.5642361111111112
200,130,130,0.23965670902147962,1.2610839664275322,-0.12376697013181259,1.9363543340056215,0.2428770261483566,1.404519283763936,-0.12376697013181259,1.9623735305929446,0.17082906573016232,1.0768104188392102,-0.1684680441410159,1.0140146554272935,0.15833333333333333,0.12916666666666668,0.36666666666666664,0.5166666666666667,0.175,0.14583333333333334,0.775,0.9583333333333334,0.275,0.2708333333333333,0.575,0.7416666666666667,0.4239583333333334,11.639284245326365,1.9997277947515713,8.05516073755117,-1.8730199618556598,3.5651454977989383,0.9260512155420009,0.5201388888888889
200,130,160,0.2678389144326574,1.3717722357766957,-0.10818987030377214,2.475637632993067,0.264730622711846,1.5058124553623793,-0.13453867590196522,1.967691601965432,0.1852518503051166,1.156860589956789,-0.16846804414101602,1.0996260522265677,0.5458333333333333,0.31666666666666665,0.825,0.8625,0.5583333333333333,0.42916666666666664,0.7791666666666667,0.7625,0.6833333333333333,0.6416666666666667,0.7625,0.7333333333333333,0.6583333333333333,8.821063704208587,0.442017811947526,5.8698010812022305,-0.7958493848403969,2.122867040303511,0.926051215542012,0.28576388888888893
200,130,200,0.2527560405052005,1.3088836175055123,-0.11825367186953362,2.1374054311316444,0.2641677560825937,1.5065034813711042,-0.12087526297138962,2.1854575501119733,0.18375451943924914,1.1487181848504722,-0.1684680441410159,1.090738130048199,0.3375,0.19166666666666668,0.5541666666666667,0.6708333333333333,0.5416666666666666,0.43333333333333335,0.9041666666666667,0.9791666666666666,0.6541666666666667,0.5916666666666667,0.75,0.7416666666666667,0.6125000000000002,10.329351096954277,1.4483979685236736,5.926087744127462,-2.162190677897957,2.2726001268902563,0.9260512155420009,0.3315972222222221
200,130,260,0.25078887200063305,1.3001857644632255,-0.11782740155855143,2.128442694002801,0.24447236204368328,1.412894863246522,-0.13338613909269514,1.8328168406897964,0.16901981821324585,1.0710302159909022,-0.1684680441410159,1.0032752447209994,0.29583333333333334,0.17916666666666667,0.5375,0.6875,0.2,0.17083333333333334,0.6666666666666666,0.7875,0.22916666666666666,0.24583333333333332,0.5541666666666667,0.7416666666666667,0.4413194444444444,10.526067947411022,1.4057709374254546,7.8956271480185025,-0.9111030657674046,3.746070249490585,0.9260512155420009,0.5027777777777779
200,160,100,0.24575695314163704,1.35941302755162,-0.141342479926306,1.7387338418695588,0.24798759256464598,1.4923652316465577,-0.14134247992630644,1.7545156466332166,0.1683746895776288,1.0909659363338442,-0.1620550508566393,1.0389968636434548,0.25416666666666665,0.3,0.22083333333333333,0.2625,0.25416666666666665,0.39166666666666666,0.5416666666666666,0.65,0.22083333333333333,0.3333333333333333,0.6375,0.85,0.40972222222222215,11.029259833310622,3.7572787742009117,7.544104095922233,-0.1154689824062749,3.8105831130522905,0.28475188710433974,0.534375
200,160,130,0.23728267149206683,1.2801760686690202,-0.1427953928547585,1.6616969689870469,0.2481017777074137,1.4609905752659136,-0.14279539285475829,1.7374634625625904,0.16608078066026555,1.0675488339382067,-0.14283948541683877,1.162709177897157,0.1125,0.15833333333333333,0.15833333333333333,0.25416666666666665,0.25833333333333336,0.3,0.5125,0.6166666666666667,0.17916666666666667,0.2375,0.8833333333333333,0.9958333333333333,0.3888888888888889,11.876687998267643,3.9025700670461627,7.53268558164546,0.029822310438909483,4.039974004788616,-1.6368046568757122,0.5552083333333333
200,160,160,0.26374290257831023,1.39591938950769,-0.13770208471100953,1.9153152483625653,0.26898510712658186,1.5654834332030738,-0.13770208471100942,1.9533844218196954,0.18141609255608993,1.1550303363982142,-0.14283969129047813,1.270067800602866,0.4708333333333333,0.4,0.3458333333333333,0.30416666666666664,0.6541666666666667,0.6208333333333333,0.7666666666666667,0.725,0.5958333333333333,0.6333333333333333,0.9666666666666667,0.9916666666666667,0.6229166666666667,9.230664889643304,3.393239252671265,5.444352639728645,-0.479508503935977,2.506442815206178,-1.6367840695117764,0.3211805555555556
200,160,200,0.24817539972955194,1.327125722063387,-0.13775522377788918,1.8015679763237122,0.2672649199165953,1.552628284079633,-0.13775522377788973,1.940143630034104,0.17964342901153474,1.1414498706141318,-0.1445369183174341,1.2428895752225686,0.2625,0.22083333333333333,0.25416666666666665,0.3,0.6125,0.5625,0.7541666666666667,0.7166666666666667,0.5416666666666666,0.5708333333333333,0.95,0.9875,0.5611111111111112,10.787415174519133,3.39855315935923,5.616371360727301,-0.47419459724794555,2.6837091696616966,-1.4670613668161803,0.382986111111111
200,160,260,0.24959966449845683,1.3272873353296502,-0.13775625766824018,1.8118934756457328,0.25123146428506127,1.4684984047411975,-0.13775625766824073,1.8237390339835131,0.16727821151304378,1.0715902756346734,-0.15539132937096,1.0764964312372067,0.2791666666666667,0.225,0.2708333333333333,0.29583333333333334,0.29583333333333334,0.325,0.65,0.7125,0.2,0.25,0.7208333333333333,0.9541666666666667,0.43159722222222224,10.644988697628644,3.39865654839433,7.2197169238807035,-0.47409120821284567,3.920230919510792,-0.38162026146358885,0.5125
200,200,100,0.23756571504020285,1.323385411067862,-0.11676031013372024,2.034644433267861,0.22580159247917053,1.3760538946740228,-0.18575311621614643,1.2156005620730628,0.16021814033898485,1.0500952310939125,-0.2370698966298268,0.6758265921428133,0.12083333333333333,0.2125,0.45416666666666666,0.7041666666666667,0.04583333333333333,0.09583333333333334,0.008333333333333333,0.0375,0.09583333333333334,0.16666666666666666,0.004166666666666667,0.025,0.16423611111111114,11.848383643454042,1.2990617949423355,9.762704104469776,4.3255946465777235,4.626238036916686,7.786236464423091,0.7798611111111111
200,200,130,0.22788435534467033,1.239202012425713,-0.16595899492649246,1.3731365114955427,0.23170108511454224,1.3783232592733858,-0.1659589949264927,1.396134540445779,0.1607088733767732,1.0407874212438475,-0.211534431011572,0.759729149568004,0.075,0.09166666666666666,0.025,0.07083333333333333,0.07083333333333333,0.10416666666666667,0.075,0.26666666666666666,0.10833333333333334,0.12916666666666668,0.09583333333333334,0.15,0.10520833333333333,12.816519613007294,6.2189302742195585,9.172754840932607,2.3461825176123496,4.577164733137851,5.23268990259761,0.8388888888888889
200,200,160,0.2582073985353319,1.3891741721115376,-0.1309739372643829,1.971441066279596,0.2577585106461422,1.52342285868915,-0.14429371917510125,1.786346017828751,0.1822529383096052,1.1687398168617165,-0.15998936903878824,1.139156553992155,0.39166666666666666,0.38333333333333336,0.4041666666666667,0.3625,0.425,0.475,0.575,0.5958333333333333,0.6166666666666667,0.6708333333333333,0.8458333333333333,0.8625,0.5506944444444444,9.784215293941134,2.720424508008601,6.567012287772611,0.17965494247320635,2.42275823985465,0.07818370531923469,0.3934027777777779
200,200,200,0.24542782321308154,1.3341727969462385,-0.13595945445451363,1.8051545160854663,0.25342679859733663,1.5005877648498607,-0.16292873017641107,1.5554457358314815,0.17721171012190995,1.139315418476566,-0.1853362099714776,0.9561634510017337,0.24583333333333332,0.24583333333333332,0.25833333333333336,0.32083333333333336,0.3333333333333333,0.4125,0.24166666666666667,0.3333333333333333,0.4791666666666667,0.5416666666666666,0.44583333333333336,0.44166666666666665,0.35833333333333334,11.062172826166172,3.218976227021675,7.000183492653167,2.0431560426041884,2.9268810586241756,2.61286779858817,0.585763888888889
200,200,260,0.24661466863230008,1.32785573020582,-0.14907376124522842,1.654313049944554,0.24241349983182103,1.4365008405852469,-0.15997213756027695,1.5153482570705818,0.16906360763053185,1.0907647204879747,-0.1824587620968925,0.9265853044687035,0.25833333333333336,0.23333333333333334,0.14583333333333334,0.2,0.16666666666666666,0.20416666666666666,0.175,0.35833333333333334,0.23333333333333334,0.32916666666666666,0.3458333333333333,0.5125,0.26354166666666673,10.943488284244317,4.5304069060931536,8.101513369204728,1.747496780990776,3.741691307761985,2.3251230111296595,0.6805555555555556
230,60,100,0.2639112459908739,1.4631060011279131,-0.1096385140095103,2.407103456071847,0.2609512184398586,1.5288981834352684,-0.12565370654441188,2.076749071843943,0.1722401695468374,1.0888391921902643,-0.18389913222997822,0.9366013175714146,0.4791666666666667,0.55,0.7875,0.8375,0.5,0.5041666666666667,0.8541666666666666,0.9458333333333333,0.31666666666666665,0.32083333333333336,0.3625,0.4666666666666667,0.5770833333333334,9.213830548386937,0.5868821825213422,6.247741508400972,-1.684346320595731,3.4240351161314297,2.469160024438233,0.36701388888888886
230,60,130,0.26616876458657646,1.5092114363579996,-0.09942315549330083,2.677130526243567,0.2674287502776702,1.5854748376437142,-0.11712951691651408,2.28318836547652,0.17623817160208688,1.1216693361824461,-0.18389898310140207,0.9583422846058316,0.5166666666666667,0.6541666666666667,0.9041666666666667,0.9916666666666667,0.6208333333333333,0.675,0.9541666666666667,0.9875,0.44166666666666665,0.4583333333333333,0.45416666666666666,0.4708333333333333,0.6774305555555555,8.988078688816682,-0.434653669099605,5.599988324619809,-2.5367652833855114,3.0242349106064825,2.4691451115806173,0.2666666666666667
230,60,160,0.26300027972539297,1.4762860266588502,-0.0994231554933741,2.6452618448920604,0.26577605261917503,1.5671780297040196,-0.13220278694018672,2.0103664890167683,0.171078057558524,1.092778849885527,-0.19834615963253244,0.8625226617720914,0.45,0.575,0.8958333333333334,0.9875,0.5833333333333334,0.6333333333333333,0.8125,0.8291666666666667,0.2791666666666667,0.3416666666666667,0.2708333333333333,0.30416666666666664,0.5802083333333333,9.30492717493503,-0.43465366909227754,5.765258090469327,-1.0294382810182467,3.5402463149627694,3.913862764693654,0.36388888888888893
230,60,200,0.2854362415222176,1.5770875744363684,-0.09942301062752723,2.8709273609864807,0.2796826054689161,1.6419898322720212,-0.12253442612842869,2.2824818649395717,0.17514121098229274,1.1195314424375198,-0.2060503184116872,0.8499924306467789,0.775,0.7708333333333334,0.9541666666666667,1.0,0.8,0.7666666666666667,0.95,0.9708333333333333,0.39166666666666666,0.42916666666666664,0.25416666666666665,0.21666666666666667,0.6899305555555556,7.061330995252568,-0.43466815567696493,4.37460280549522,-1.9962743621940504,3.1339309725858966,4.684278642609129,0.25416666666666665
230,60,260,0.2768193687350442,1.5165030313286187,-0.09942311754314559,2.7842555692836313,0.26480051092789436,1.559000742483506,-0.13256469984749264,1.9975190320841878,0.17070355626575573,1.0926966300650056,-0.2200881071934392,0.7756146319879133,0.6791666666666667,0.675,0.9291666666666667,0.9958333333333333,0.5625,0.5791666666666667,0.8,0.8041666666666667,0.26666666666666666,0.3375,0.13333333333333333,0.08333333333333333,0.5704861111111111,7.923018273969906,-0.43465746411512907,5.862812259597394,-0.9932469902876551,3.5776964442395975,6.088057520784329,0.3736111111111111
230,80,100,0.2765144856974264,1.5250231581214309,-0.12446583592553184,2.221609517513429,0.2578081671927599,1.5095016695751364,-0.13725598791576932,1.878301785645742,0.1711499852406968,1.0848085056995687,-0.19324877794560624,0.8856458864069526,0.6583333333333333,0.6833333333333333,0.6166666666666667,0.5083333333333333,0.42916666666666664,0.44166666666666665,0.7,0.7291666666666666,0.2833333333333333,0.30833333333333335,0.29583333333333334,0.3458333333333333,0.5000000000000001,7.953506577731684,2.0696143741234962,6.562046633110841,-0.5241181834599873,3.5330535467454904,3.4041245960010347,0.44409722222222214
230,80,130,0.28093180910100846,1.5490155304948354,-0.10895273082971535,2.578474233381842,0.27170429021888287,1.575055692826702,-0.13299280234341815,2.042999962639178,0.17563109675358435,1.1087332036059439,-0.1728681988118398,1.015982684847384,0.7375,0.7208333333333333,0.875,0.8416666666666667,0.7,0.65,0.8375,0.7958333333333333,0.4083333333333333,0.38333333333333336,0.5791666666666667,0.625,0.6795138888888891,7.511774237373481,0.518303864541847,5.172434330498543,-0.9504367406951042,3.0849423954567357,1.3660666826243895,0.26458333333333317
230,80,160,0.28576606117560055,1.5642973222069176,-0.10542198316179885,2.7106875872085845,0.27034133238888636,1.570234167058871,-0.15470094903396792,1.7475092045461667,0.17544269570846382,1.112066396959349,-0.17564540231289827,0.998845932761318,0.7833333333333333,0.7416666666666667,0.9125,0.9375,0.675,0.6416666666666667,0.525,0.425,0.4041666666666667,0.4041666666666667,0.5458333333333333,0.5958333333333333,0.6326388888888889,7.0283490299142715,0.1652290977501969,5.308730113498195,1.2203779283598726,3.103782499968788,1.6437870327302373,0.3114583333333334
230,80,200,0.30739457248935076,1.6600404138241167,-0.10876335158030448,2.8262697684742517,0.28396820584593585,1.6449940025350653,-0.15021312865116454,1.8904353327556789,0.17525194836389768,1.1165219214494044,-0.19601651519230057,0.8940672585264973,0.925,0.8833333333333333,0.9458333333333333,0.8458333333333333,0.8291666666666667,0.775,0.7083333333333334,0.5083333333333333,0.3958333333333333,0.4166666666666667,0.30416666666666664,0.32916666666666666,0.6555555555555554,4.8654978985392505,0.4993659396007599,3.9460427677932453,0.771595890079535,3.1228572344254024,3.680898320670467,0.2885416666666668
230,80,260,0.2936416338619736,1.5897860560083508,-0.10632407117932874,2.7617606305416067,0.26971318933433497,1.5717876700801503,-0.15020738426336766,1.795605393549964,0.1814046012266355,1.1511922234354914,-0.18522425845756219,0.9793782020630853,0.8625,0.7958333333333333,0.9208333333333333,0.9291666666666667,0.6666666666666666,0.6458333333333334,0.6166666666666667,0.5125,0.5916666666666667,0.6125,0.5083333333333333,0.44583333333333336,0.6756944444444444,6.240791761276965,0.25543789950318585,5.3715444189533335,0.771021451299847,2.507591948151622,2.601672647196629,0.2684027777777779
230,100,100,0.2944762838197701,1.5717400432684854,-0.11800942041595563,2.4953625124317194,0.257698833331478,1.5165705139052357,-0.1438773344022134,1.7911009708525265,0.17968375175249074,1.1297559758676425,-0.17215437139952172,1.0437362135608828,0.8666666666666667,0.7541666666666667,0.8416666666666667,0.6833333333333333,0.4166666666666667,0.4583333333333333,0.5916666666666667,0.6,0.55,0.49583333333333335,0.6666666666666666,0.6541666666666667,0.6315972222222223,6.157326765497317,1.4239728231658755,6.5729800192390275,0.13801646518442068,2.6796768955660966,1.2946839413925826,0.3125
230,100,130,0.2927383340151255,1.5694843710425943,-0.1043151661338717,2.8062873776133666,0.26592528452448927,1.5633151462810522,-0.12748190848327023,2.0859844952775184,0.17813569822003705,1.1242616421327958,-0.1710688015335292,1.0413102601009496,0.8458333333333333,0.75,0.9333333333333333,0.9416666666666667,0.5916666666666667,0.6041666666666666,0.8666666666666667,0.8958333333333334,0.5125,0.4791666666666667,0.6458333333333334,0.6791666666666667,0.7288194444444445,6.331121745961776,0.05454739495748262,5.750334899937903,-1.5015261267098956,2.834482248811465,1.1861269547933317,0.2152777777777778
230,100,160,0.3008852582264121,1.5964847731564784,-0.11463312364385658,2.624767158585032,0.2674255186200576,1.5650989795415848,-0.1649415108208352,1.6213354496949155,0.17465409461945258,1.1068402346882322,-0.21007555612780227,0.8313870392098328,0.9,0.8041666666666667,0.8916666666666667,0.7708333333333334,0.6166666666666667,0.6125,0.3458333333333333,0.2833333333333333,0.375,0.375,0.20416666666666666,0.17083333333333334,0.5291666666666667,5.516429324833116,1.0863431459559703,5.600311490381071,2.2444341070466,3.1826426088699122,5.086802414220637,0.4149305555555556
230,100,200,0.3233626098193161,1.6942139457861065,-0.11463450965286248,2.8208138264692404,0.27781602771111746,1.5988645544600744,-0.135591241680471,2.0489231034981437,0.17714473070159764,1.1149626972085371,-0.24250383426428201,0.7304821849065872,0.9666666666666667,0.9208333333333333,0.9416666666666667,0.7666666666666667,0.7791666666666667,0.7041666666666667,0.8458333333333333,0.7458333333333333,0.475,0.4083333333333333,0.0375,0.016666666666666666,0.6340277777777777,3.268694165542718,1.0864817468565602,4.561260581275084,-0.6905928069898204,2.9335790006554063,8.329630227868613,0.3100694444444445
230,100,260,0.30869972166782245,1.6078363269197091,-0.12273886316244897,2.515093538541644,0.2651389141474665,1.5270208879785065,-0.1462223000985563,1.8132590854388035,0.17965915135793065,1.1284488725347215,-0.23254160662441448,0.7725892753811751,0.9375,0.8208333333333333,0.85,0.55,0.5708333333333333,0.49166666666666664,0.6416666666666667,0.5666666666666667,0.5458333333333333,0.4875,0.125,0.03333333333333333,0.5517361111111111,4.734982980692082,1.8969170978152095,5.828971937640182,0.3725130348187111,2.682136935022106,7.3334074638818585,0.39236111111111116
230,130,100,0.27920018309322314,1.5520751875739736,-0.13207096712462962,2.114016344180732,0.24357440567111688,1.4678406525774423,-0.13389609823808346,1.8191299737353968,0.17737104468800013,1.1304225547866809,-0.15719266558249967,1.1283671794146797,0.7,0.725,0.5208333333333334,0.3541666666666667,0.18333333333333332,0.32083333333333336,0.6458333333333334,0.775,0.4875,0.5,0.8208333333333333,0.925,0.579861111111111,7.684936838152012,2.8301274940332743,7.9854227852751425,-0.860107151228573,2.910947602015157,-0.2014866403096227,0.3642361111111112
230,130,130,0.2751517647431978,1.5370975347799212,-0.11418997410113796,2.409596524643189,0.2531351603933394,1.518768347628076,-0.11418997410113829,2.216789717187755,0.1816702819138869,1.1576149836663345,-0.15719250207396807,1.1557184949470467,0.6416666666666667,0.7,0.7916666666666666,0.7833333333333333,0.325,0.4666666666666667,0.9125,1.0,0.6041666666666666,0.6458333333333334,0.875,0.9291666666666667,0.7229166666666668,8.089778673154546,1.0420281916841079,7.029347313052892,-2.83071956492309,2.4810238794264805,-0.20150299116278303,0.2211805555555555
230,130,160,0.2800757133641032,1.5524067808622362,-0.11581677313583771,2.418265556713547,0.25903890601474977,1.5500061538212693,-0.14030922356742337,1.8462001244720219,0.182938351117802,1.1690158670892872,-0.1571928073398241,1.1637832176527034,0.7208333333333333,0.7291666666666666,0.8041666666666667,0.7375,0.4625,0.55,0.675,0.675,0.6375,0.675,0.8875,0.9208333333333333,0.7062499999999999,7.597383811064007,1.2047080951540834,6.438972750911853,-0.21879461829458213,2.3542169590349715,-0.20147246457717927,0.23784722222222232
230,130,200,0.3001864298738399,1.6455350335060912,-0.11581922265493116,2.5918532605611393,0.2681595742563132,1.5796919403035543,-0.1267128351237814,2.116277912923007,0.18069063516170347,1.1485908429345195,-0.19163358386280027,0.9428964981997551,0.8958333333333334,0.8666666666666667,0.8833333333333333,0.7333333333333333,0.65,0.6583333333333333,0.8875,0.9333333333333333,0.575,0.5875,0.38333333333333336,0.3625,0.701388888888889,5.586312160090334,1.2049530470634284,5.52690592675551,-1.5784334626587793,2.5789885546448232,3.2426051877204376,0.2427083333333333
230,130,260,0.28818041383055903,1.57246705834139,-0.11920109627189035,2.4175986869553387,0.249408778117705,1.4789147434894523,-0.13978636629258978,1.7842139024893333,0.17639245333470344,1.123420027649329,-0.18606319283849515,0.9480244353745664,0.8083333333333333,0.7583333333333333,0.8,0.6541666666666667,0.2833333333333333,0.35833333333333334,0.5666666666666667,0.6875,0.45,0.4708333333333333,0.4166666666666667,0.43333333333333335,0.5572916666666667,6.786913764418423,1.543140408759347,7.401985540616329,-0.27108034577794093,3.008806737344827,2.6855660852899255,0.3868055555555555
230,160,100,0.26427006003769504,1.482785822901241,-0.12779338027347154,2.0679479599973813,0.23633752001770914,1.4523824959768807,-0.17226215116602983,1.3719642905766465,0.16481872681482002,1.0776886299683623,-0.22301058197181445,0.7390623590931255,0.49166666666666664,0.5916666666666667,0.49166666666666664,0.4041666666666667,0.1,0.25833333333333336,0.058333333333333334,0.12916666666666668,0.15,0.2791666666666667,0.058333333333333334,0.075,0.25729166666666664,9.177949143704822,2.4023688089174655,8.709111350615917,2.976498141566064,4.166179389333169,6.380304998621855,0.6868055555555557
230,160,130,0.26392296025155804,1.4844369193785747,-0.12182456535952191,2.16641823816636,0.24129130352054307,1.4798725160767816,-0.18590270435058864,1.297944020574863,0.1689624443834894,1.102716863461634,-0.22778740845821044,0.7417549790268017,0.48333333333333334,0.5958333333333333,0.575,0.5833333333333334,0.15416666666666667,0.3625,0.03333333333333333,0.029166666666666667,0.225,0.36666666666666664,0.06666666666666667,0.05416666666666667,0.29409722222222223,9.212659122318524,1.8054873175225028,8.213733000332525,4.340553460021946,3.751807632466231,6.857987647261455,0.65
230,160,160,0.26657798830868473,1.4885502683635874,-0.12092133823827811,2.2045570466925124,0.25100179263446454,1.5322640557996474,-0.15585282937847977,1.6105052031164664,0.17574922511554147,1.1457048672728516,-0.21659716261041118,0.8114105604959284,0.525,0.6041666666666666,0.6083333333333333,0.6,0.2875,0.5083333333333333,0.325,0.4083333333333333,0.4166666666666667,0.5833333333333334,0.15833333333333333,0.12083333333333333,0.4288194444444444,8.947156316605852,1.7151646053981229,7.2426840889403765,1.3355659628110583,3.073129559261023,5.7389630624815275,0.5152777777777778
230,160,200,0.2850136034548869,1.5782551272025818,-0.11567355629222942,2.4639477905810114,0.2605315137987867,1.561382988205976,-0.1451126018516139,1.7953748363301718,0.17595677447944325,1.1410529199958335,-0.1956800170429709,0.899206659619227,0.7708333333333334,0.775,0.8166666666666667,0.7416666666666667,0.4875,0.5958333333333333,0.6125,0.5833333333333334,0.42916666666666664,0.5666666666666667,0.325,0.3375,0.5868055555555555,7.103594801985635,1.1903864107932538,6.289711972508161,0.2615432101244708,3.052374622870846,3.6472485057374993,0.3572916666666668
230,160,260,0.2780921547363928,1.5378568991805268,-0.11561299076103537,2.405371168982138,0.24377298697081584,1.4726650783805832,-0.1699825916205352,1.4341056025019812,0.16586987234459172,1.0810170200117912,-0.20814135157707836,0.796909749493806,0.6916666666666667,0.7041666666666667,0.7791666666666667,0.7458333333333333,0.19166666666666668,0.3458333333333333,0.10416666666666667,0.1625,0.17083333333333334,0.2833333333333333,0.15,0.19166666666666668,0.37673611111111116,7.795739673835045,1.1843298576738492,7.965564655305246,2.7485421870166005,4.061064836355999,4.893381959148247,0.5673611111111111
230,200,100,0.240807160261856,1.3510305693840579,-0.11817530560045231,2.0377113394233044,0.22320063917159638,1.3772089277874335,-0.15760591305825744,1.4161945757015633,0.15630388778250248,1.0253366035768894,-0.18667878880201672,0.8372878824935568,0.1875,0.2708333333333333,0.4666666666666667,0.675,0.029166666666666667,0.1,0.09583333333333334,0.3958333333333333,0.0375,0.10416666666666667,0.22083333333333333,0.42083333333333334,0.2503472222222222,11.524239121288726,1.4405613416155427,10.022799435227192,1.510874330788825,5.017663292564922,2.747125681642082,0.6937500000000001
230,200,130,0.24070627177462822,1.3541525849068206,-0.12182456535952169,1.9758434685506132,0.22606342119177913,1.3941011500340919,-0.1816867675456716,1.2442481323520291,0.15633656275333774,1.025945284543904,-0.22007395910209193,0.7103819252000346,0.17916666666666667,0.2833333333333333,0.4125,0.5875,0.05,0.13333333333333333,0.016666666666666666,0.06666666666666667,0.041666666666666664,0.10833333333333334,0.025,0.0875,0.16597222222222222,11.534327970011503,1.8054873175224806,9.736521233208917,3.91895977953024,5.014395795481397,6.086642711649604,0.7781250000000001
230,200,160,0.24237762585088674,1.3540291415982604,-0.12092133823827766,2.0044239452037593,0.23724245504736308,1.4562729403658619,-0.1417447429340737,1.6737301866475989,0.15971952797953426,1.0485812306388085,-0.19121478348216026,0.8352885957399606,0.20416666666666666,0.2791666666666667,0.43333333333333335,0.6041666666666666,0.11666666666666667,0.275,0.4083333333333333,0.6291666666666667,0.0875,0.14583333333333334,0.21666666666666667,0.375,0.3145833333333334,11.367192562385654,1.7151646053980785,8.618617847650523,-0.07524268162955039,4.6760992728617445,3.200725149656436,0.6295138888888889
230,200,200,0.2612638224108612,1.4457902278559107,-0.11446799765325966,2.2824180361944273,0.24624862599181796,1.490535565053508,-0.13340286517557987,1.845902077648143,0.16033548743143444,1.050550545428009,-0.19232489981843381,0.8336699386444538,0.44583333333333336,0.5166666666666667,0.6916666666666667,0.7791666666666667,0.20833333333333334,0.3875,0.6708333333333333,0.7833333333333333,0.1,0.17083333333333334,0.2125,0.3541666666666667,0.44340277777777787,9.478572906388205,1.0698305468962777,7.718000753205034,-0.9094304574789325,4.614503327671726,3.311736783283792,0.5006944444444443
230,200,260,0.25301866259258166,1.4022604363324873,-0.11446799765325999,2.2103877745726934,0.23724775191835867,1.4491661437652126,-0.14136311557773318,1.6782860999402645,0.16045250846661618,1.0528295615314927,-0.17973287948725958,0.8927276351681102,0.3416666666666667,0.4166666666666667,0.6125,0.775,0.12083333333333333,0.24583333333333332,0.4166666666666667,0.6458333333333334,0.10416666666666667,0.1875,0.3,0.55,0.3930555555555555,10.30308888821616,1.069830546896311,8.618088160550963,-0.1134054172636012,4.602801224153552,2.052534750166368,0.5510416666666668
260,60,100,0.27577175092128825,1.548931961718519,-0.10746142716336349,2.566239423770712,0.2754652341001256,1.6139268108962617,-0.14515173289134753,1.8977743400853744,0.18847116338602188,1.177060534124682,-0.16572637775896226,1.1372430021981192,0.6541666666666667,0.7166666666666667,0.8708333333333333,0.8833333333333333,0.7291666666666666,0.7375,0.7208333333333333,0.5791666666666667,0.75,0.6958333333333333,0.8416666666666667,0.8166666666666667,0.7496527777777778,8.027780055345502,0.36917349790666076,4.7963399423742725,0.2654563140978339,1.8009357322129826,0.6518845773366366,0.19444444444444442
260,60,130,0.2933287906263251,1.6797957985934695,-0.1225455415723764,2.3936308645964304,0.28572959851041935,1.6943649783454617,-0.12743585456831064,2.2421444849907375,0.18976335288927193,1.1966065609591632,-0.1618441683831855,1.172506583246079,0.8583333333333333,0.9,0.7625,0.5708333333333333,0.8583333333333333,0.8583333333333333,0.925,0.9,0.7708333333333334,0.7625,0.9041666666666667,0.8541666666666666,0.8270833333333333,6.272076084841816,1.8775849388079524,3.7699035013448956,-1.5061315182058554,1.6717167818879775,0.2636636397589598,0.11701388888888897
260,60,160,0.3017610424153967,1.6939788072376671,-0.10746033582902381,2.808115572014567,0.2968700584497892,1.729266307943459,-0.13041130596146944,2.2764135077176566,0.1949296384948387,1.2204026325513728,-0.17624211854471528,1.106033223524728,0.9083333333333333,0.9166666666666666,0.9375,0.8875,0.9291666666666667,0.9041666666666667,0.9458333333333333,0.8541666666666666,0.8583333333333333,0.8416666666666667,0.7833333333333333,0.5875,0.8628472222222223,5.428850905934657,0.3690643644726932,2.6558575074079105,-1.2085863788899753,1.1550882213313018,1.703458655911938,0.08124999999999993
260,60,200,0.31378083828655257,1.7796825879091094,-0.107460335827545,2.9199688970832534,0.30572419459868483,1.801132368229937,-0.1212579879093375,2.521270556025303,0.19494422851855164,1.2338643540331773,-0.19960573367595402,0.9766464365950028,0.95,0.9625,0.9583333333333334,0.8916666666666667,0.9791666666666666,0.9791666666666666,0.9916666666666667,0.975,0.8625,0.8708333333333333,0.49583333333333335,0.2833333333333333,0.8500000000000001,4.22687131881907,0.3690643643248115,1.7704438925183474,-2.1239181841031685,1.1536292189600061,4.039820169035813,0.09409722222222217
260,60,260,0.30737997378085047,1.7189957501888857,-0.10746033582031567,2.860403994035718,0.28945518379409485,1.704585665540084,-0.13773095686771364,2.1015985830411945,0.18794875256343868,1.1916744339379621,-0.2129324380826777,0.882668485158009,0.9208333333333333,0.9458333333333333,0.95,0.8958333333333334,0.8708333333333333,0.8833333333333333,0.8791666666666667,0.7208333333333333,0.7291666666666666,0.7541666666666667,0.2916666666666667,0.14166666666666666,0.7486111111111112,4.86695776938928,0.36906436360187866,3.3973449729773453,-0.47662128826555517,1.8531768144713023,5.37249060970818,0.19548611111111103
260,80,100,0.27751337141240984,1.5222289357829515,-0.1138289603894651,2.437985644979094,0.2879773445727507,1.6537964429637646,-0.11434848394784525,2.5184185625416617,0.1966282986154093,1.2143639270214701,-0.15557332611392938,1.2638946760797194,0.6833333333333333,0.6791666666666667,0.8083333333333333,0.7916666666666666,0.8666666666666667,0.7958333333333333,0.9875,0.9958333333333333,0.8916666666666667,0.8125,0.9625,0.95,0.8520833333333333,7.853618006233343,1.0059268205168226,3.54512889511176,-2.8148685802523943,0.9852222092742391,-0.3634205871666518,0.09201388888888895
260,80,130,0.29515549444638034,1.6449840543609973,-0.12265690568467391,2.4063504031739185,0.2942423762348363,1.7021491882966382,-0.12265690568467413,2.3989059123281113,0.19518173993764143,1.2145353539976547,-0.15923790661648884,1.2257241010315483,0.8708333333333333,0.8625,0.7833333333333333,0.5666666666666667,0.9041666666666667,0.8708333333333333,0.9791666666666666,0.9625,0.8666666666666667,0.8166666666666667,0.9375,0.875,0.8579861111111112,6.0894057028362925,1.8887213500377031,2.9186257289032014,-1.9840264065695057,1.1298780770510275,0.0030374630892948673,0.08611111111111103
260,80,160,0.31410365403007345,1.7164203171885628,-0.10405640430051244,3.0185903130282066,0.3037931194218111,1.7240827338723552,-0.14988389511123335,2.0268563156592445,0.20295556697712036,1.2495538004508457,-0.1580930756120058,1.283772652226823,0.9541666666666667,0.9416666666666667,0.9666666666666667,0.9541666666666667,0.9708333333333333,0.8958333333333334,0.8291666666666667,0.5166666666666667,0.9708333333333333,0.9166666666666666,0.975,0.8958333333333334,0.8989583333333333,4.194589744466981,0.028671211621555948,1.9635514102057217,0.7386725360864155,0.3524953731031344,-0.11144563735900892,0.04513888888888895
260,80,200,0.31902403307373994,1.7596516135580895,-0.10405640430065777,3.065876004632646,0.3092341322962784,1.7744317248996315,-0.14046914620540374,2.20143811399049,0.20236467608905362,1.2592562631176554,-0.18339606493200544,1.1034297609606882,0.9583333333333334,0.9583333333333334,0.975,0.95,0.9833333333333333,0.95,0.9083333333333333,0.6708333333333333,0.95,0.9333333333333333,0.775,0.49583333333333335,0.8756944444444446,3.702551840100332,0.028671211636088767,1.4194501227589917,-0.20280235449654516,0.4115844619098086,2.4188532946409547,0.0684027777777777
260,80,260,0.30868726488247233,1.6862405148256596,-0.10405640430293206,2.9665378786663905,0.2924039432815704,1.6765132402206016,-0.14047071248434206,2.0816007700834005,0.18865922227876597,1.1822584687089508,-0.24934428193101854,0.7566214104358681,0.9291666666666667,0.9083333333333333,0.9625,0.9458333333333333,0.8875,0.8291666666666667,0.8583333333333333,0.6666666666666666,0.7583333333333333,0.7291666666666666,0.09166666666666666,0.0125,0.7149305555555555,4.736228659227093,0.028671211863517954,3.1024690242297925,-0.20264572660271263,1.7821298429385735,9.013674994542264,0.22916666666666674
260,100,100,0.3204847948613061,1.781156146937767,-0.10543902264844207,3.039527366730969,0.2984023847622601,1.7440357557700041,-0.11463498479373102,2.6030655937992386,0.2002288555403018,1.245253925863337,-0.15920753021662792,1.2576594540965345,0.9625,0.9666666666666667,0.9708333333333333,0.9333333333333333,0.95,0.925,1.0,0.9916666666666667,0.9291666666666667,0.9041666666666667,0.9541666666666667,0.8833333333333333,0.9475694444444445,3.5564756613437165,0.16693304641451912,2.5026248761608194,-2.786218495663817,0.6251665167849918,-1.7689679721044627e-07,-0.00347222222222221
260,100,130,0.33873826813468244,1.8922186375672794,-0.12254153405312063,2.764273115659239,0.31622670940210584,1.8419269704006154,-0.12254153405312052,2.580567575276353,0.20328554064691828,1.2660639431268914,-0.15920734792117497,1.276860291320014,0.975,0.9791666666666666,0.925,0.575,0.9916666666666667,0.9916666666666667,0.9958333333333333,0.9666666666666667,0.975,0.9541666666666667,0.9708333333333333,0.8875,0.9322916666666666,1.7311283340060823,1.8771841868823747,0.720192412176246,-1.9955635697248675,0.3194980061233421,-1.840644209272213e-05,0.011805555555555625
260,100,160,0.35604955147474326,1.9552466258655163,-0.10376969218429688,3.431151658833031,0.3234286335238683,1.8455737494995559,-0.1424971697503692,2.269719701033082,0.2064805207081517,1.276461775886333,-0.1592075319855959,1.2969268358913622,0.9916666666666667,0.9916666666666667,0.9916666666666667,0.9583333333333334,0.9958333333333333,0.9958333333333333,0.9416666666666667,0.625,0.9958333333333333,0.975,0.9875,0.8791666666666667,0.9440972222222223,0.0,0.0,0.0,0.0,0.0,0.0,0.0
260,100,200,0.3644831785714404,2.0175198805961956,-0.10369119467087051,3.515083221177632,0.3304027135181815,1.900700405024487,-0.1343809237842768,2.4587025019159765,0.208536619750868,1.297623798574295,-0.18340653799394036,1.1370184620013815,1.0,1.0,1.0,0.9666666666666667,1.0,1.0,0.9833333333333333,0.7708333333333334,1.0,1.0,0.8375,0.49166666666666664,0.9208333333333334,-0.8433627096697149,-0.007849751342636768,-0.6974079994313209,-0.8116245966092395,-0.20560990427163084,2.419900600834446,0.023263888888888862
260,100,260,0.35730161461331966,1.9776282087477997,-0.10369119691848361,3.4458239969417153,0.3126054253562076,1.816977045169206,-0.14021682012694447,2.2294431229662184,0.20275723895943232,1.2724699952135545,-0.21323515863654852,0.9508621385698621,0.9958333333333333,0.9958333333333333,0.9958333333333333,0.9625,0.9875,0.9875,0.9208333333333333,0.6791666666666667,0.9666666666666667,0.9625,0.425,0.1375,0.8347222222222223,-0.1252063138576398,-0.007849526581327204,1.0823208167660692,-0.22803496234247156,0.3723281748719387,5.402762665095262,0.109375
260,130,100,0.2669934906093523,1.5081822303963552,-0.13028902721039592,2.0492400344520227,0.2657799455598684,1.5864123753538188,-0.1302890272103946,2.0399257807848934,0.18039890277227055,1.1416909042564294,-0.1558984995801297,1.1571561192578892,0.5333333333333333,0.65,0.475,0.37916666666666665,0.5875,0.6791666666666667,0.8333333333333334,0.8625,0.5625,0.575,0.8791666666666667,0.9375,0.6628472222222221,8.905606086539098,2.6519335026099045,5.764868796399991,-1.2208142539974598,2.608161793588115,-0.33090324054662057,0.2812500000000001
260,130,130,0.2917451590460949,1.6494693110406993,-0.12796285366761373,2.2799207010802465,0.2763954975437328,1.6545587385576923,-0.12796285366761495,2.1599666592437323,0.18348190840972167,1.1664376067906561,-0.1551222540230407,1.1828213144870152,0.8416666666666667,0.875,0.6833333333333333,0.4,0.7541666666666667,0.8,0.9,0.8916666666666667,0.6458333333333334,0.6625,0.9125,0.9625,0.7774305555555556,6.430439242864838,2.419316148331685,4.703313598013548,-1.453431608275424,2.2998612298430032,-0.40852779625552005,0.16666666666666663
260,130,160,0.30869951931027884,1.6916731478422455,-0.1148358027726053,2.6881818375194113,0.29251500113913864,1.6881809430615606,-0.14489933967553448,2.0187462675409855,0.19267510602162874,1.2012097470428076,-0.1551225672054326,1.2420830153388602,0.9333333333333333,0.9125,0.9083333333333333,0.7583333333333333,0.8916666666666667,0.8458333333333333,0.8208333333333333,0.5875,0.8291666666666667,0.7833333333333333,0.9458333333333333,0.9583333333333334,0.8479166666666668,4.735003216446443,1.106611058830842,3.091363238472966,0.24021699251652873,1.3805414686522965,-0.40849647801632916,0.09618055555555549
260,130,200,0.3133042051085322,1.736009736410597,-0.11483580277260474,2.7282798355921285,0.29757738534510203,1.7387447737010482,-0.1324816736399015,2.2461777328836234,0.19571019893592223,1.231273573047458,-0.15936457075188948,1.228065924644056,0.9458333333333333,0.9541666666666667,0.9166666666666666,0.7625,0.9458333333333333,0.9166666666666666,0.9291666666666667,0.8083333333333333,0.8791666666666667,0.8625,0.9416666666666667,0.8708333333333333,0.8944444444444445,4.274534636621108,1.1066110588307865,2.5851248178766273,-1.0015496110467703,1.0770321772229474,0.015703876629358238,0.04965277777777777
260,130,260,0.30565529494465316,1.6946054826377612,-0.11483599382248988,2.6616680430103314,0.284049155376914,1.671672688543812,-0.143060515498451,1.9855174880869877,0.183575763586175,1.168675626118485,-0.198844730752473,0.9232116078282949,0.9166666666666666,0.925,0.9,0.7541666666666667,0.8375,0.8208333333333333,0.7916666666666666,0.6125,0.65,0.6666666666666666,0.3416666666666667,0.2875,0.7086805555555555,5.039425653009011,1.1066301638193,3.9379478146954305,0.05633457480818116,2.2904757121976704,3.96371987668771,0.23541666666666672
260,160,100,0.30978934973248795,1.719788569735062,-0.11878915738963836,2.6078924755426374,0.27189894374189616,1.617427265278206,-0.15053890193754527,1.806170632589708,0.18812549454689909,1.185217147462162,-0.18641261776926332,1.0091886311030507,0.9416666666666667,0.95,0.8875,0.6625,0.7041666666666667,0.75,0.6375,0.5041666666666667,0.7333333333333333,0.7375,0.5666666666666667,0.42916666666666664,0.7086805555555556,4.626020174225531,1.5019465205341476,5.152968978197214,0.8041732187176076,1.8355026161252619,2.7205085783667426,0.2354166666666666
260,160,130,0.3311805191210886,1.8508627171564105,-0.13009529087357985,2.545676456828198,0.28351926283520634,1.7077441726393,-0.1573743289747036,1.8015597885775851,0.19149555512820915,1.2171038985562734,-0.20064670359355308,0.9543917328246704,0.9708333333333333,0.9708333333333333,0.8666666666666667,0.38333333333333336,0.8208333333333333,0.8875,0.625,0.4,0.8125,0.8333333333333334,0.4375,0.25,0.6881944444444444,2.4869032353654674,2.632559868928297,3.990937068866196,1.4877159224334413,1.4984965579942555,4.143917160795718,0.2559027777777778
260,160,160,0.35146937111497234,1.9069215671875024,-0.11056329950658272,3.1788972713684847,0.2999304691288478,1.7607866559802972,-0.1674282610768557,1.7913969075457858,0.20137232240058278,1.2628068302880746,-0.1745418671843414,1.1537193090062716,0.9833333333333333,0.9833333333333333,0.9833333333333333,0.8333333333333334,0.9583333333333334,0.9333333333333333,0.6,0.22916666666666666,0.9416666666666667,0.9458333333333333,0.8625,0.6041666666666666,0.8215277777777777,0.45801803597709245,0.6793607322285844,2.3498164395020504,2.493109132648652,0.5108198307568923,1.5334335198745497,0.12256944444444451
260,160,200,0.3559604878242708,1.9544876305395151,-0.10687999385353308,3.3304688276093497,0.3055857803747031,1.806590869009736,-0.16742825876280554,1.8251744516296042,0.203492742316713,1.2847417357968463,-0.16742825876280565,1.215402607781997,0.9875,0.9875,0.9875,0.9083333333333333,0.975,0.9833333333333333,0.6583333333333333,0.23333333333333334,0.9791666666666666,0.9875,0.925,0.7708333333333334,0.8652777777777779,0.008906365047245401,0.3110301669236204,1.7842853149165228,2.4931089012436347,0.2987778391438711,0.8220726777209753,0.07881944444444433
260,160,260,0.34368412964660333,1.8862494955493436,-0.11056329950658328,3.1084829340330904,0.27507879844229666,1.6459856880151509,-0.16742826107685582,1.6429651521974848,0.18292138247481815,1.1729374962833443,-0.20853937830207858,0.8771551155669428,0.9791666666666666,0.975,0.9791666666666666,0.8291666666666667,0.725,0.7791666666666667,0.37083333333333335,0.225,0.6333333333333333,0.6833333333333333,0.2791666666666667,0.1875,0.6371527777777778,1.2365421828139933,0.6793607322286399,4.834983508157165,2.493109132648663,2.3559138233333554,4.933184631648269,0.30694444444444446
260,200,100,0.2632963915328608,1.4923144163636093,-0.1407032016456059,1.8712892702757016,0.23890293280284824,1.4705177258378028,-0.18719163959620155,1.2762478779404633,0.16012117054830521,1.046166016880008,-0.2171979622940854,0.7372130422268954,0.4583333333333333,0.6125,0.3125,0.2708333333333333,0.13333333333333333,0.32916666666666666,0.025,0.020833333333333332,0.09166666666666666,0.14166666666666666,0.05416666666666667,0.11666666666666667,0.2138888888888889,9.275315994188249,3.693350946130902,8.452570072102006,4.469446984583236,4.635935015984649,5.799043030848949,0.7302083333333333
260,200,130,0.27225963306170553,1.514240687352889,-0.17254778809534266,1.5778795895735638,0.24879381204564366,1.515222460295488,-0.19391962942352559,1.2829738422316774,0.16443917159851384,1.0673675154584965,-0.22993467813250235,0.7151560301128392,0.6,0.6666666666666666,0.10416666666666667,0.0375,0.2708333333333333,0.45,0.029166666666666667,0.0125,0.1375,0.23333333333333334,0.029166666666666667,0.04583333333333333,0.21805555555555564,8.378991841303773,6.877809591104578,7.463482147822464,5.14224596731564,4.204134910963786,7.0727146146906446,0.7260416666666666
260,200,160,0.29549887957856646,1.6144220164604621,-0.16773521874849606,1.7616984780139737,0.26615168699232705,1.6020819978509178,-0.1687394105059714,1.5772941614188487,0.17297002773563808,1.1165760506314573,-0.20193603150415063,0.8565585173049358,0.875,0.8333333333333334,0.23333333333333334,0.058333333333333334,0.5958333333333333,0.7166666666666667,0.2708333333333333,0.1875,0.3416666666666667,0.42083333333333334,0.26666666666666666,0.24166666666666667,0.42013888888888884,6.05506718961768,6.396552656419918,5.727694653154125,2.624224075560222,3.351049297251363,4.2728499518554734,0.5239583333333334
260,200,200,0.29972441975518227,1.6556884718053533,-0.16773521874849584,1.7868902070267818,0.2651209085270232,1.6092475971992828,-0.168559050395938,1.5728666476482012,0.17573289527638125,1.1395271645683023,-0.2064722162479824,0.8511212717614178,0.8916666666666667,0.8791666666666667,0.25,0.0625,0.5666666666666667,0.7291666666666666,0.26666666666666666,0.19166666666666668,0.4125,0.5458333333333333,0.2625,0.20833333333333334,0.4388888888888889,5.6325131719560995,6.396552656419896,5.830772499684511,2.6061880645568802,3.0747625431770453,4.72646842623865,0.5052083333333334
260,200,260,0.2882118087574863,1.5964217157104141,-0.1677352187484964,1.718254585458487,0.25305917332967365,1.5560632806361228,-0.16773521874849617,1.5086824056259351,0.16180447074998927,1.0663622499081973,-0.2379618838083677,0.679959614373752,0.8125,0.8,0.20416666666666666,0.05416666666666667,0.32083333333333336,0.5666666666666667,0.17083333333333334,0.21666666666666667,0.12083333333333333,0.22916666666666666,0.008333333333333333,0.020833333333333332,0.29375,6.7837742717256955,6.396552656419951,7.0369460194194655,2.5238048998126983,4.467604995816243,7.8754351822771795,0.6503472222222222
300,60,100,0.2582730892595144,1.488941127739526,-0.15416813889047376,1.675268905224317,0.26957150929412155,1.6143103194747226,-0.15416813889047276,1.7485552542450808,0.18851757614275066,1.1887612761409718,-0.2001879765267185,0.9417027906148489,0.3958333333333333,0.6083333333333333,0.17916666666666667,0.14583333333333334,0.6583333333333333,0.7416666666666667,0.5375,0.43333333333333335,0.7541666666666667,0.7458333333333333,0.375,0.275,0.48750000000000004,9.777646221522884,5.039844670617688,5.385712422974676,1.167096914010357,1.796294456540104,4.09804445411226,0.4565972222222222
300,60,130,0.25319274272009307,1.457663000856057,-0.14932478778900238,1.6955841455998404,0.26302496198978886,1.5805656930926641,-0.15111676513640926,1.7405412414192623,0.17852217129983416,1.1349968387545462,-0.21584960851315516,0.8270673851555953,0.3458333333333333,0.5416666666666666,0.1875,0.19583333333333333,0.5291666666666667,0.6625,0.5166666666666667,0.49166666666666664,0.5166666666666667,0.5291666666666667,0.2,0.12916666666666668,0.40381944444444445,10.285680875465019,4.55550956047055,6.040367153407944,0.8619595386040069,2.795834940831754,5.664207652755926,0.5402777777777779
300,60,160,0.26321663459613487,1.5145604379987312,-0.12659495678843613,2.0792031631719667,0.277730455715981,1.6605333059070189,-0.15782830582083818,1.7596999110619107,0.1944073035605569,1.2276149074633484,-0.19636404209516534,0.9900351484226418,0.45416666666666666,0.6708333333333333,0.49583333333333335,0.4708333333333333,0.775,0.8083333333333333,0.55,0.39166666666666666,0.8458333333333333,0.85,0.525,0.3125,0.5958333333333333,9.283291687860839,2.282526460413925,4.569817780788732,1.5331136070468987,1.2073217147594795,3.715651010956944,0.34826388888888893
300,60,200,0.28106981452272173,1.598685444599393,-0.1343282228013235,2.0924107284471005,0.29011408820199414,1.7246407161877273,-0.15566481084510098,1.8637101514913414,0.1949142136174209,1.2300877711308225,-0.2322967000452505,0.8390743974385015,0.7416666666666667,0.8083333333333333,0.5083333333333333,0.3416666666666667,0.8791666666666667,0.9,0.6875,0.42083333333333334,0.8541666666666666,0.8541666666666666,0.22916666666666666,0.0375,0.6052083333333335,7.497973695202154,3.0558530617026625,3.3314545321874167,1.3167641094731786,1.156630709073081,7.30891680596546,0.3388888888888888
300,60,260,0.2766333642706187,1.5657977921098472,-0.1441421315682646,1.9191707605600883,0.27694334843599644,1.6532451777122923,-0.1556658414792219,1.7790887570730314,0.1819624655841543,1.1592758265592809,-0.2365876063455552,0.7691124163046119,0.6708333333333333,0.7458333333333333,0.35,0.2375,0.7583333333333333,0.7875,0.5625,0.4166666666666667,0.6125,0.65,0.12083333333333333,0.029166666666666667,0.49513888888888896,7.941618720412458,4.037243938396773,4.648528508787186,1.316867172885272,2.4518055123997406,7.7380074359959305,0.4489583333333333
300,80,100,0.23896732352302297,1.3595606316022115,-0.12266119278783416,1.9481901169537978,0.24718311290122186,1.4519481796093043,-0.14156717247359096,1.7460482439693659,0.17948934862069188,1.118047826453835,-0.19600884658185802,0.9157206511377168,0.14166666666666666,0.30416666666666664,0.3875,0.5625,0.23333333333333334,0.25416666666666665,0.5208333333333334,0.6416666666666667,0.5375,0.425,0.3375,0.3333333333333333,0.3899305555555556,11.70822279517203,1.8891500603537281,7.6245520622646445,-0.09299972767782272,2.6991172087459825,3.6801314596262125,0.5541666666666667
300,80,130,0.23034683290999003,1.3157704250521467,-0.11493364681609197,2.0041723141228904,0.24811152216601262,1.4599947233640025,-0.14717672171040386,1.685806826532091,0.17261636182125417,1.0825891035214326,-0.2087660747104001,0.8268410567220141,0.0875,0.20416666666666666,0.42916666666666664,0.75,0.2625,0.2875,0.4375,0.5583333333333333,0.3333333333333333,0.29583333333333334,0.19583333333333333,0.17916666666666667,0.3350694444444444,12.570271856475323,1.1163954631795092,7.531711135785568,0.4679551960034667,3.3864158886897533,4.95585427248042,0.6090277777777778
300,80,160,0.24346547690732012,1.3816082730365247,-0.10699804653489631,2.2754198304724786,0.25494239081544134,1.496591048393386,-0.18771639772936355,1.3581253097718162,0.17885701466207093,1.120985102891887,-0.18929392554524682,0.9448639946944248,0.21666666666666667,0.35833333333333334,0.6708333333333333,0.9041666666666667,0.36666666666666664,0.3958333333333333,0.05,0.016666666666666666,0.525,0.44583333333333336,0.3958333333333333,0.39166666666666666,0.39479166666666665,11.258407456742315,0.3228354350599427,6.848624270842696,4.521922797899435,2.762350604608077,3.0086393559650926,0.5493055555555556
300,80,200,0.2682552394838795,1.4975507560771253,-0.10702228683426596,2.5065362310870625,0.26751093658958225,1.559861341320966,-0.18535642153317344,1.4432245420842111,0.18925633025347333,1.1793444541458042,-0.18535642153317367,1.021040051852758,0.5541666666666667,0.625,0.8458333333333333,0.9,0.625,0.5875,0.11666666666666667,0.04583333333333333,0.7666666666666667,0.7041666666666667,0.5875,0.4375,0.5663194444444445,8.779431199086375,0.3252594649969076,5.591769693428605,4.285925178280426,1.7224190454678379,2.614888954757777,0.37777777777777777
300,80,260,0.2680837410087904,1.482493562228463,-0.1116873934853374,2.400304391059006,0.25655876562034385,1.500295075516846,-0.18535647354193008,1.3841370669058768,0.17745815368358464,1.1201902129258507,-0.23123794878411297,0.7674266037070848,0.55,0.5875,0.7708333333333334,0.8,0.39166666666666666,0.4083333333333333,0.0625,0.041666666666666664,0.49166666666666664,0.43333333333333335,0.11666666666666667,0.041666666666666664,0.3913194444444445,8.796581046595286,0.7917701301040525,6.686986790352445,4.285930379156088,2.9022367024567064,7.203041679851707,0.5527777777777778
300,100,100,0.2642050513078975,1.4983484378455545,-0.1647457378334436,1.6037140309815259,0.2588339990512385,1.5395126625898798,-0.16474573783344504,1.571111959891278,0.18742327114340118,1.1773740555043701,-0.1720069422519832,1.0896262016496618,0.4875,0.6291666666666667,0.11666666666666667,0.0875,0.45416666666666666,0.5208333333333334,0.25833333333333336,0.2875,0.7208333333333333,0.7,0.7458333333333333,0.6583333333333333,0.47222222222222227,9.184450016684576,6.097604564914672,6.459463447262981,2.224856808307585,1.9057249564750522,1.2799410266387312,0.471875
300,100,130,0.25973457111288045,1.4670321974501899,-0.15805599217353128,1.6433073339460311,0.26813646992394125,1.5914239325000883,-0.15805599217353172,1.6964650706159292,0.19048616545397978,1.1982277947172788,-0.19616702335394487,0.9710407090710904,0.4166666666666667,0.5541666666666667,0.1375,0.12083333333333333,0.6458333333333334,0.6875,0.44583333333333336,0.3875,0.7875,0.7791666666666667,0.4791666666666667,0.31666666666666665,0.4798611111111111,9.631498036186281,5.42862999892344,5.529216359992706,1.5558822423162533,1.5994355254171921,3.6959491368348973,0.4642361111111111
300,100,160,0.27033291447697283,1.5255656202878465,-0.1388313424623704,1.9472037774917097,0.2727636203606223,1.6024358849891736,-0.17112576369812815,1.5939366140202411,0.19187032019411632,1.2048167124243547,-0.18444624384479713,1.040250623675298,0.5875,0.6875,0.38333333333333336,0.2875,0.7125,0.7208333333333333,0.29583333333333334,0.15833333333333333,0.8208333333333333,0.8,0.6416666666666667,0.4583333333333333,0.5461805555555556,8.571663699777044,3.506165027807351,5.066501316324601,2.8628593947758962,1.4610200514035387,2.5238711859201235,0.3979166666666667
300,100,200,0.2966158506746548,1.6490324088216883,-0.1472260979283626,2.0146961364077063,0.2904417471151821,1.7023681219954012,-0.17112576369812849,1.6972414956027952,0.19970689419521492,1.2533661851201636,-0.20621863653537853,0.9684231141784003,0.8833333333333333,0.8708333333333333,0.4375,0.2125,0.8833333333333333,0.875,0.4583333333333333,0.15208333333333332,0.9208333333333333,0.9291666666666667,0.4708333333333333,0.2125,0.6088541666666667,5.943370080008847,4.345640574406573,3.298688640868619,2.8628593947759295,0.6773626512936781,4.701110454978263,0.33524305555555556
300,100,260,0.29774311160149036,1.6408931541386866,-0.15494282247373403,1.9216321662913034,0.2715264140390441,1.6016271923367935,-0.17112576369812849,1.5867068065684469,0.1902330965237824,1.2037833783890581,-0.2261602035934529,0.8411431078552913,0.8875,0.8583333333333333,0.3541666666666667,0.13333333333333333,0.6875,0.7125,0.2833333333333333,0.15208333333333332,0.775,0.7958333333333333,0.2375,0.058333333333333334,0.49461805555555555,5.83064398732529,5.117313028943715,5.190221948482421,2.8628593947759295,1.6247424184369308,6.695267160785701,0.4494791666666667
300,130,100,0.24928070247022172,1.4431068284669635,-0.16591711158238875,1.5024411894154597,0.24900673229052073,1.5024062737412065,-0.1659171115823912,1.5007899421324535,0.1790108334869609,1.1381685707042764,-0.1698328975436043,1.0540409783740525,0.275,0.5083333333333333,0.06666666666666667,0.075,0.275,0.4166666666666667,0.15416666666666667,0.2708333333333333,0.5291666666666667,0.5375,0.6833333333333333,0.6958333333333333,0.3739583333333334,10.676884900452155,6.214741939809187,7.442190123334758,2.3419941832022007,2.746968722119081,1.0625365558008415,0.5701388888888889
300,130,130,0.24486442876734738,1.4131089494300149,-0.1592608098123477,1.5375058625901996,0.2478839282647789,1.5098174216640243,-0.1592608098123467,1.5564653260074137,0.17309710809705536,1.1119091222999717,-0.2036073406283736,0.8501516083007741,0.24166666666666667,0.42916666666666664,0.075,0.1125,0.24583333333333332,0.44583333333333336,0.24583333333333332,0.37083333333333335,0.35,0.4,0.25833333333333336,0.2375,0.284375,11.11851227073959,5.549111762805081,7.554470525908941,1.6763640061977503,3.338341261109634,4.4399808642777705,0.6597222222222223
300,130,160,0.25498844086502226,1.471011810965629,-0.13649135216618125,1.8681655417595115,0.2613581321060092,1.5616135217795144,-0.13668155076523125,1.912168325884205,0.18123255520662185,1.1527280679184966,-0.1919305212409962,0.9442612568068759,0.3625,0.5583333333333333,0.30416666666666664,0.3125,0.5041666666666667,0.6,0.7291666666666666,0.7375,0.5833333333333334,0.6208333333333333,0.3875,0.35833333333333334,0.5048611111111111,10.1061110609721,3.2721659981884366,6.207050141785908,-0.5815618985137938,2.5247965501529857,3.272298925540029,0.43923611111111116
300,130,200,0.2765397753499297,1.5734227628940092,-0.14851917958982663,1.8619802244643715,0.2812646284055291,1.6829433263481204,-0.1485191795898262,1.8937933079236873,0.19430392544950337,1.2355004410279709,-0.18901508456452443,1.0279810518677068,0.6625,0.7625,0.29583333333333334,0.20833333333333334,0.8125,0.8375,0.7166666666666667,0.5375,0.8416666666666667,0.8791666666666667,0.6,0.3958333333333333,0.6291666666666665,7.950977612481358,4.474948740552975,4.216400511833918,0.6022009839456999,1.2176595258648337,2.980755257892853,0.3149305555555557
300,130,260,0.28036077817626714,1.5808312322722835,-0.15982703098454953,1.7541511998891453,0.26753465214702943,1.6080104312465926,-0.15982703098454953,1.6739011573886522,0.17669868531565713,1.140718316504877,-0.25263151252198457,0.6994324799455903,0.725,0.7833333333333333,0.225,0.1,0.6291666666666667,0.725,0.4125,0.3625,0.4625,0.5583333333333333,0.016666666666666666,0.008333333333333333,0.41736111111111124,7.568877329847612,5.605733880025266,5.5893981376838875,1.7329861234180344,2.978183539249457,9.342398053638867,0.5267361111111111
300,160,100,0.2526252696152633,1.4731688765741848,-0.15376390558282305,1.6429425921364218,0.2547868021329238,1.565129428591082,-0.16990824443391772,1.4995552627937243,0.18498756769999636,1.186699110180904,-0.2059611584450609,0.8981672520032016,0.3333333333333333,0.5625,0.13333333333333333,0.15416666666666667,0.35833333333333334,0.6166666666666667,0.14583333333333334,0.16666666666666666,0.6791666666666667,0.7416666666666667,0.32083333333333336,0.22083333333333333,0.36944444444444446,10.342428185947995,4.999421339852617,6.8641831390944485,2.741107468354853,2.1492953008155347,4.675362645946501,0.5746527777777778
300,160,130,0.25132707965094414,1.4580238718322132,-0.14483669756146123,1.7352444779700524,0.2599930318403054,1.5971326732997746,-0.16185759071772943,1.6063073142718325,0.18669301277774242,1.1979262384299336,-0.18947763441399235,0.985303692201657,0.30416666666666664,0.5458333333333333,0.2125,0.22916666666666666,0.4791666666666667,0.7,0.3125,0.3458333333333333,0.7,0.7708333333333334,0.5166666666666667,0.38333333333333336,0.4583333333333333,10.472247182379913,4.106700537716435,6.343560168356288,1.9360420967360237,1.9787507930409287,3.027010242839645,0.48576388888888894
300,160,160,0.26759540751432964,1.5535449951963514,-0.12658005525845228,2.11404084923135,0.27629454883139526,1.6746377085194046,-0.16738649440789266,1.6506382418052918,0.1930490111269365,1.234582066998286,-0.18497000696141142,1.0436773739604743,0.5416666666666666,0.7375,0.525,0.475,0.7458333333333333,0.825,0.37916666666666665,0.2375,0.8333333333333334,0.875,0.6625,0.45416666666666666,0.6076388888888888,8.845414396041363,2.2810363074155404,4.713408469247304,2.488932465752347,1.3431509581215195,2.576247497581552,0.3364583333333334
300,160,200,0.28596362941819,1.6396497125436187,-0.13903782550707255,2.0567326076575014,0.29253962901287656,1.7698622948533815,-0.16738649440789233,1.7476895615007468,0.20247865384510777,1.2939530909967931,-0.1822125336873206,1.1112224266227708,0.7875,0.85,0.4875,0.2833333333333333,0.8958333333333334,0.9416666666666667,0.5291666666666667,0.24583333333333332,0.9583333333333334,0.9916666666666667,0.8,0.5208333333333334,0.6909722222222222,7.0085922056553285,3.5268133322775674,3.0889004510991747,2.4889324657523137,0.40018668630439347,2.3005001701724703,0.25312500000000004
300,160,260,0.2808558699234742,1.6009852338759383,-0.14956724296092483,1.8777899783634389,0.2681044518475104,1.6342783674720527,-0.16738649440789244,1.6017089837259237,0.1813170256903538,1.1743676962312817,-0.25768478951113427,0.7036388373343212,0.7333333333333333,0.8125,0.32083333333333336,0.19166666666666668,0.6416666666666667,0.7625,0.30833333333333335,0.24166666666666667,0.5875,0.6916666666666667,0.020833333333333332,0.004166666666666667,0.44305555555555554,7.519368155126904,4.579755077662795,5.532418167635789,2.488932465752325,2.516349501779791,9.847725752553838,0.5010416666666667
300,200,100,0.2343504874608211,1.3579027345588153,-0.1850221616299349,1.2666076614624597,0.24058511118838277,1.4709728225014806,-0.18502216162993512,1.3003042936531015,0.17249280215336915,1.1079133134504084,-0.2072923234697437,0.8321234441590218,0.1,0.2916666666666667,0.016666666666666666,0.016666666666666666,0.15,0.3333333333333333,0.0375,0.05,0.32916666666666666,0.37916666666666665,0.20833333333333334,0.2,0.17604166666666668,12.169906401392216,8.125246944563802,8.284352233548553,4.252499187956593,3.3987718554782553,4.808479148414779,0.7680555555555556
300,200,130,0.23836012372087656,1.374340800751141,-0.16744160249757545,1.423541820942188,0.25147762288126096,1.5359590121972841,-0.1674416024975779,1.501882561622633,0.17640882885461528,1.1329345012677685,-0.18937244503390083,0.9315443375251091,0.12916666666666668,0.32916666666666666,0.0375,0.06666666666666667,0.3,0.5166666666666667,0.15833333333333333,0.22083333333333333,0.45416666666666666,0.525,0.35833333333333334,0.3875,0.2902777777777778,11.76894277538667,6.367191031327857,7.195101064260734,2.49444327472087,3.007169185353642,3.016491304830493,0.6538194444444445
300,200,160,0.25133660210446207,1.446571727913434,-0.15580833370426816,1.6131139851704674,0.2662205989391775,1.6209893404083267,-0.1558083337042684,1.7086415893804296,0.18399092000181994,1.1803245089940997,-0.15580833370426728,1.180879838886184,0.30833333333333335,0.5208333333333334,0.12083333333333333,0.125,0.6,0.7583333333333333,0.4791666666666667,0.4125,0.6583333333333333,0.7208333333333333,0.9083333333333333,0.9458333333333333,0.5465277777777778,10.47129493702812,5.203864151997129,5.7208034584690814,1.3311163953899197,2.248960070633177,-0.3399198281328619,0.3975694444444444
300,200,200,0.270488699611934,1.5365888842599122,-0.1724721146629169,1.5683039553413185,0.278357335500133,1.6692514057508279,-0.1724721146629148,1.613926610943246,0.19147250382156922,1.2180880183661456,-0.17247211466291645,1.110164992154167,0.5916666666666667,0.6958333333333333,0.09166666666666666,0.041666666666666664,0.7916666666666666,0.8166666666666667,0.3375,0.125,0.8083333333333333,0.8375,0.7958333333333333,0.65,0.5486111111111112,8.556085186280926,6.870242247862002,4.507129802373533,2.99749449125456,1.5008016886582487,1.3264582677320558,0.3954861111111111
300,200,260,0.2658844709551125,1.505485924246894,-0.17982522512701715,1.478571600660077,0.2585111900250425,1.5658435158461397,-0.17982522512701726,1.437569116582206,0.1733360642155397,1.1209473364306002,-0.18652514197891656,0.9292906166780045,0.5125,0.6458333333333334,0.05416666666666667,0.025,0.4375,0.625,0.10833333333333334,0.09583333333333334,0.3541666666666667,0.44166666666666665,0.3541666666666667,0.425,0.33993055555555557,9.01650805196308,7.605553294272028,6.491744349882578,3.7328055376648073,3.3144456492611996,2.731760999332067,0.6041666666666667
340,60,100,0.20617756612291815,1.2070099512175851,-0.13386841278803185,1.5401509723535836,0.22754232129330232,1.3864039783956639,-0.14847995530912828,1.5324783794524313,0.1655753768585173,1.0488061925383685,-0.18355088740827197,0.9020679725194041,0.008333333333333333,0.04583333333333333,0.07916666666666666,0.35,0.058333333333333334,0.1125,0.2,0.5416666666666666,0.1625,0.15,0.32916666666666666,0.475,0.209375,14.987198535182511,3.0098720603734974,9.588631223056598,0.5982785558759085,4.0905143849634396,2.434335542267607,0.7347222222222223
340,60,130,0.2400349346655275,1.3770414131575588,-0.1344595689114605,1.7851829855529786,0.24197444571233895,1.4754279189379518,-0.14169252101483543,1.7077432455803638,0.16442019503036875,1.049813010487787,-0.18355087927328884,0.8957744886940235,0.17083333333333334,0.3416666666666667,0.24166666666666667,0.3333333333333333,0.15833333333333333,0.3541666666666667,0.4708333333333333,0.6333333333333333,0.13333333333333333,0.1625,0.30833333333333335,0.4791666666666667,0.315625,11.601461680921577,3.068987672716361,8.145418781152935,-0.08046487355337639,4.206032567778295,2.434334728769294,0.6284722222222223
340,60,160,0.2373799386046196,1.3567836080547975,-0.13947362820164,1.7019700545929324,0.25276103262888294,1.5158133776534464,-0.15202129900848105,1.6626685489299875,0.17805090970817505,1.123130538599759,-0.18355081169772114,0.9700360791724335,0.11666666666666667,0.2875,0.2,0.275,0.31666666666666665,0.45416666666666666,0.39166666666666666,0.4791666666666667,0.5083333333333333,0.4666666666666667,0.475,0.48333333333333334,0.37118055555555557,11.866961287012368,3.570393601734312,7.066760089498536,0.9524129258111858,2.842961099997665,2.4343279712125243,0.5729166666666667
340,60,200,0.25027567633705106,1.4249832695727773,-0.1540475971065366,1.6246645909313653,0.2577385960714915,1.5325142486101222,-0.15404759710653693,1.6731101355202802,0.1759968283720128,1.1100824219530698,-0.21292080910326217,0.8265835035722506,0.2875,0.4666666666666667,0.125,0.15,0.42083333333333334,0.5125,0.4041666666666667,0.4375,0.43333333333333335,0.3875,0.19166666666666668,0.14583333333333334,0.3302083333333334,10.57738751376922,5.027790492223971,6.569003745237678,1.1550427356167736,3.04836923361389,5.371327711766627,0.6138888888888889
340,60,260,0.24247217774117247,1.3349422846196228,-0.20010244476937078,1.2117402064759137,0.24359917994002367,1.4408519774099904,-0.20010244476936923,1.21737233256089,0.16652596782981988,1.0531451469111326,-0.2050390383093248,0.8121671326735177,0.20833333333333334,0.25,0.0125,0.008333333333333333,0.1875,0.20833333333333334,0.0125,0.008333333333333333,0.19166666666666668,0.19166666666666668,0.1625,0.22916666666666666,0.13923611111111114,11.357737373357079,9.633275258507389,7.982945358384463,5.760527501900004,3.995455287833183,4.58315063237289,0.8048611111111111
340,80,100,0.21008961447721286,1.2298253239403651,-0.1268335189855465,1.6564202913991048,0.22013822837814212,1.3320946715421984,-0.1436493693503489,1.5324691599671645,0.16602025299601864,1.054611462616013,-0.1744843695207693,0.95149068912019,0.016666666666666666,0.075,0.15416666666666667,0.44583333333333336,0.020833333333333332,0.05,0.19583333333333333,0.6041666666666666,0.175,0.19583333333333333,0.43333333333333335,0.6083333333333333,0.24791666666666667,14.595993699753041,2.306382680124963,10.329040514572618,0.11521995999796975,4.046026771213307,1.5276837535173393,0.6961805555555556
340,80,130,0.24361252421040058,1.397538664798405,-0.1303976943352697,1.8682272370862676,0.23997934342296245,1.4454776117556918,-0.13152250523374076,1.824625701863518,0.16998054927757789,1.0813446241071367,-0.17448436952076862,0.9741878298006822,0.225,0.4041666666666667,0.30833333333333335,0.37083333333333335,0.14583333333333334,0.225,0.6541666666666667,0.8375,0.2625,0.2875,0.48333333333333334,0.6125,0.40138888888888885,11.243702726434268,2.662800215097283,8.344929010090585,-1.097466451662843,3.649997143057382,1.5276837535172727,0.5427083333333333
340,80,160,0.24034098393526526,1.3743471767842952,-0.13694570907177417,1.7550092336905636,0.24628268718849688,1.4718991432601662,-0.16414786469748277,1.500370946904396,0.17633635925930147,1.1162781904362598,-0.1744843695207685,1.0106140724445378,0.175,0.3333333333333333,0.22916666666666666,0.30833333333333335,0.2125,0.3416666666666667,0.15,0.29583333333333334,0.44583333333333336,0.4125,0.5708333333333333,0.6166666666666667,0.34097222222222223,11.570856753947801,3.317601688747729,7.714594633537142,2.165069494711358,3.0144161448850237,1.5276837535172616,0.603125
340,80,200,0.2524270709347143,1.4396274754328002,-0.15084307481616233,1.6734415633091269,0.24631062710470597,1.464321027710731,-0.1531940135848785,1.6078345448416325,0.17308236235849983,1.095628414734291,-0.1761817748672554,0.9824078710122496,0.325,0.49583333333333335,0.17083333333333334,0.17916666666666667,0.21666666666666667,0.30416666666666664,0.31666666666666665,0.45,0.3458333333333333,0.35833333333333334,0.5125,0.5916666666666667,0.3555555555555556,10.362248054002897,4.707338263186545,7.711800641916233,1.0696843834509306,3.3398158349651874,1.6974242881659496,0.5885416666666666
340,80,260,0.2520764417361301,1.4062276794469932,-0.15053126973665143,1.6745785920568395,0.2399437336235235,1.4223409857231926,-0.16024582334979365,1.4973478160473535,0.16672827142190294,1.0601176667752341,-0.1985708958778708,0.8396410293905691,0.32083333333333336,0.42083333333333334,0.175,0.18333333333333332,0.14166666666666666,0.19166666666666668,0.14166666666666666,0.3541666666666667,0.19583333333333333,0.21666666666666667,0.23333333333333334,0.29583333333333334,0.23923611111111112,10.397310973861318,4.6761577552354545,8.34848999003448,1.7748653599424458,3.9752249286248764,3.9363363892274905,0.7048611111111112
340,100,100,0.20771821344463892,1.2106619691351126,-0.12683351898256157,1.637723333003149,0.2162154395042395,1.3190124511995236,-0.12683351898256146,1.7047184469743153,0.16462168275694733,1.0510609392019417,-0.1600257787662711,1.0287197726898043,0.0125,0.058333333333333334,0.12916666666666668,0.45,0.008333333333333333,0.0375,0.4666666666666667,0.9208333333333333,0.14583333333333334,0.175,0.6083333333333333,0.8583333333333333,0.32256944444444446,14.833133803010433,2.3063826798264686,10.72131940196288,-1.5663650767807735,4.1858837951204375,0.08182467806752136,0.6215277777777778
340,100,130,0.24217204448505192,1.3818302150562227,-0.11892485403120401,2.036345105973473,0.24672754014759146,1.4882246157552728,-0.12520877408337971,1.9705291578311381,0.17590047663144426,1.1202359554687504,-0.1656963764559678,1.0615831220557084,0.2,0.36666666666666664,0.4625,0.6583333333333333,0.22083333333333333,0.37916666666666665,0.7875,0.95,0.42083333333333334,0.4375,0.6958333333333333,0.8208333333333333,0.5333333333333332,11.387750698969135,1.5155161846907128,7.670109337627684,-1.7288395666989476,3.0580044076707447,0.6488844470371902,0.41076388888888904
340,100,160,0.23875306581959133,1.3592778791667093,-0.12687670443175725,1.8817722834849375,0.2547456447465548,1.5253402138506127,-0.16414786469748266,1.5519278622115487,0.17772238945973862,1.1304603313380015,-0.17050269419721065,1.0423435846367175,0.1375,0.29583333333333334,0.325,0.42083333333333334,0.3541666666666667,0.4791666666666667,0.23333333333333334,0.30416666666666664,0.5,0.5041666666666667,0.6541666666666667,0.6833333333333333,0.40763888888888894,11.729648565515195,2.310701224746037,6.868298877731349,2.165069494711347,2.875813124841309,1.129516221161475,0.5364583333333333
340,100,200,0.2496802696670608,1.4175552790659387,-0.1440611037757379,1.7331553286981745,0.25491716556665667,1.517140165977625,-0.15319401358487816,1.664015189636755,0.17995740777021307,1.1406919089027432,-0.15584393213321723,1.154728357446624,0.2833333333333333,0.44583333333333336,0.20833333333333334,0.24166666666666667,0.3625,0.4625,0.3958333333333333,0.45416666666666666,0.5541666666666667,0.5541666666666667,0.8708333333333333,0.9416666666666667,0.48125,10.636928180768246,4.029141159144101,6.851146795721164,1.0696843834508973,2.652311293793863,-0.33635998523786625,0.46284722222222224
340,100,260,0.24458108532974743,1.3389962101263009,-0.173226238614421,1.411917081881302,0.23720837695507413,1.3990545284895033,-0.17322623861442088,1.369355929288918,0.17155459844220755,1.0839059691356157,-0.17322623861442044,0.9903499597660044,0.2375,0.25416666666666665,0.03333333333333333,0.029166666666666667,0.1125,0.14166666666666666,0.05416666666666667,0.11666666666666667,0.29583333333333334,0.3,0.5291666666666667,0.6208333333333333,0.2270833333333334,11.146846614499584,6.945654643012411,8.622025656879417,3.072906886405169,3.4925922265944154,1.401870662882454,0.7170138888888888
340,130,100,0.1908593872195974,1.0612888376995477,-0.164019536037473,1.1636381362278234,0.20893167772801502,1.244571504015794,-0.1640195360374741,1.27382190424121,0.15946663707369213,1.009468395077083,-0.16684818827047387,0.9557588771367678,0.004166666666666667,0.004166666666666667,0.004166666666666667,0.09166666666666666,0.004166666666666667,0.004166666666666667,0.020833333333333332,0.3125,0.07916666666666666,0.075,0.44166666666666665,0.7791666666666667,0.1517361111111111,16.519016425514586,6.024984385317611,11.449695579585327,2.152236628710491,4.7013883634459575,0.7640656284877978,0.7923611111111112
340,130,130,0.22508576283635962,1.220397427392195,-0.14698093318731087,1.5313942969018493,0.23672241557436502,1.3931218756411232,-0.14698093318731098,1.610565468874037,0.17221771854427748,1.084146191885073,-0.1668481882704732,1.0321821311304853,0.06666666666666667,0.07083333333333333,0.07083333333333333,0.21666666666666667,0.10416666666666667,0.12916666666666668,0.32916666666666666,0.5625,0.3125,0.30416666666666664,0.625,0.7916666666666666,0.2986111111111111,13.096378863838364,4.3211241003013985,8.670621794950328,0.448376343694179,3.426280216387423,0.7640656284877312,0.6454861111111112
340,130,160,0.223710974774328,1.2099530533568026,-0.1447769724897634,1.54521102995261,0.24694557781700288,1.4430553523843488,-0.16414786469748277,1.504409321876423,0.18057806093224027,1.1313314388064988,-0.16684818827047354,1.0822896119166099,0.0625,0.05416666666666667,0.08333333333333333,0.23333333333333334,0.22916666666666666,0.21666666666666667,0.16666666666666666,0.29583333333333334,0.5666666666666667,0.5125,0.7333333333333333,0.7875,0.3284722222222222,13.233857670041527,4.100728030546652,7.648305570686542,2.165069494711358,2.5902459775911435,0.7640656284877645,0.6156250000000001
340,130,200,0.23321076682061026,1.2558015011716088,-0.1582660031028883,1.4735367182363264,0.242001821479652,1.4088525526410662,-0.1582660031028864,1.5290827893235552,0.17943376319961524,1.1240171319350925,-0.16684818827047365,1.0754312951168483,0.09166666666666666,0.10833333333333334,0.04583333333333333,0.11666666666666667,0.1625,0.1625,0.19166666666666668,0.38333333333333336,0.5333333333333333,0.475,0.7166666666666667,0.7833333333333333,0.3142361111111111,12.2838784654133,5.449631091859142,8.142681204421631,1.576883335251722,2.7046757508536468,0.7640656284877756,0.6298611111111112
340,130,260,0.2400094061819713,1.2721295834262647,-0.20090957924430253,1.194614050184855,0.2322724689614537,1.3513485602047708,-0.20090957924430197,1.1561045015131663,0.17072711997558687,1.0739853934475856,-0.20090957924430186,0.8497709298767993,0.16666666666666666,0.13333333333333333,0.008333333333333333,0.004166666666666667,0.075,0.075,0.004166666666666667,0.004166666666666667,0.2708333333333333,0.2625,0.25,0.24583333333333332,0.125,11.604014529277196,9.713988706000565,9.11561645624146,5.841240949393278,3.5753400732564833,4.1702047258705965,0.8190972222222223
340,160,100,0.21978082725232584,1.2323836180347136,-0.1409915159960181,1.5588230660526616,0.22181494954575154,1.343904996561368,-0.15901440758509122,1.3949361753717486,0.17139531331621227,1.0943761435072143,-0.2254480593402316,0.7602430192470788,0.058333333333333334,0.07916666666666666,0.0875,0.26666666666666666,0.025,0.06666666666666667,0.07083333333333333,0.375,0.2916666666666667,0.3458333333333333,0.1,0.0625,0.1524305555555556,13.626872422241743,3.7221823811721233,10.161368397811676,1.6517237834722032,3.5085207391939432,6.62405273546357,0.7916666666666666
340,160,130,0.2636988431250984,1.4407109034394672,-0.1210830560938072,2.177834386016833,0.25545876355865493,1.5257433918122278,-0.16608601142689572,1.5381112555111087,0.19061182445042224,1.203277211988853,-0.20040650021820394,0.9511259577053779,0.4666666666666667,0.5,0.5791666666666667,0.5958333333333333,0.375,0.48333333333333334,0.2125,0.25833333333333336,0.7916666666666666,0.7916666666666666,0.42916666666666664,0.2708333333333333,0.47951388888888885,9.235070834964487,1.7313363909510326,6.796986996521337,2.358884167652653,1.5868696257729464,4.119896823260804,0.4645833333333334
340,160,160,0.258616309222123,1.4184453777352097,-0.12108305609380743,2.135858786234827,0.2608807697547688,1.5560968987969483,-0.16414786469748277,1.5893034626771447,0.19077323036192428,1.209887217785572,-0.16565250499667084,1.1516471203726035,0.4,0.45,0.55,0.5916666666666667,0.49583333333333335,0.5708333333333333,0.2875,0.29583333333333334,0.7958333333333333,0.8083333333333333,0.8541666666666666,0.825,0.5770833333333334,9.743324225262029,1.7313363909510548,6.254786376909949,2.165069494711358,1.570729034622742,0.6444973011074939,0.36701388888888886
340,160,200,0.2698617227025808,1.4750640976491105,-0.12273541932203214,2.1987273453192833,0.2614702734443961,1.5431934180331282,-0.17131991977587058,1.5262105760174578,0.18842144682413164,1.1910414690910247,-0.1713199197758699,1.0998221752066828,0.5791666666666667,0.5708333333333333,0.6,0.5541666666666667,0.5083333333333333,0.5291666666666667,0.1875,0.14583333333333334,0.7416666666666667,0.75,0.7666666666666667,0.6708333333333333,0.5503472222222222,8.618782877216248,1.8965727137735255,6.19583600794722,2.8822750025501387,1.805907388402006,1.2112387790274015,0.39375000000000004
340,160,260,0.2580365691377349,1.39074704645786,-0.1543681753177395,1.6715658431967106,0.2475772139141481,1.4604052824722022,-0.1713204284933788,1.4451120400023776,0.18313003860949162,1.1558623972243256,-0.17132042849337892,1.068932877532285,0.3875,0.39166666666666666,0.16666666666666666,0.14166666666666666,0.2375,0.2916666666666667,0.125,0.14166666666666666,0.6416666666666667,0.6375,0.7083333333333334,0.6666666666666666,0.378125,9.80129823370084,5.059848313344261,7.585141960972019,2.8823258743009617,2.3350482098660086,1.2112896507783022,0.5659722222222223
340,200,100,0.21856466935122865,1.2084630157254561,-0.1593067262972051,1.3719738923231088,0.2240372772595125,1.3473717804392056,-0.16513358570633907,1.356703279355438,0.1682469815330765,1.0769569307433833,-0.22388421327806796,0.7514910456152213,0.04583333333333333,0.05,0.020833333333333332,0.10833333333333334,0.0375,0.07083333333333333,0.04583333333333333,0.2791666666666667,0.21666666666666667,0.275,0.07916666666666666,0.06666666666666667,0.1079861111111111,13.748488212351461,5.553703411290822,9.93913562643558,2.263641595596988,3.8233539175075215,6.4676681292472065,0.8361111111111111
340,200,130,0.2490460979098672,1.3522286554107705,-0.15116747144923615,1.647484710316795,0.25198243417333477,1.502678645038458,-0.18043489518483458,1.3965282819335365,0.18058963220865598,1.150973483134352,-0.21899927462331048,0.8246129240349267,0.2708333333333333,0.275,0.14166666666666666,0.175,0.30833333333333335,0.42083333333333334,0.07916666666666666,0.09166666666666666,0.5708333333333333,0.6083333333333333,0.18333333333333332,0.09166666666666666,0.26805555555555555,10.700345356487606,4.739777926493927,7.1446199350533535,3.7937725434465386,2.5890888499495723,5.979174263771458,0.6760416666666667
340,200,160,0.24437341000136903,1.3303015684485013,-0.1556396855388994,1.5701227431501859,0.26556662712479917,1.5751207798223943,-0.16414786469748255,1.6178500257327564,0.18845091339927245,1.1980692638523742,-0.16767074981211127,1.1239343392359553,0.22916666666666666,0.24166666666666667,0.09583333333333334,0.12916666666666668,0.575,0.6541666666666667,0.3416666666666667,0.30833333333333335,0.7458333333333333,0.775,0.8125,0.7625,0.47256944444444454,11.167614147337424,5.186999335460252,5.786200639906913,2.165069494711336,1.8029607308879259,0.8463217826515379,0.4715277777777777
340,200,200,0.25634179266515944,1.3900978404946411,-0.17277992739131143,1.4836317883419257,0.26569668158377824,1.5643797420125882,-0.17277992739131076,1.5377751663364823,0.18564711580274262,1.1794919221149278,-0.17277992739131043,1.0744715465835954,0.36666666666666664,0.3875,0.058333333333333334,0.03333333333333333,0.5791666666666667,0.6083333333333333,0.20833333333333334,0.12083333333333333,0.6916666666666667,0.7125,0.7125,0.6333333333333333,0.4260416666666666,9.970775880958382,6.901023520701455,5.7731951940090065,3.028275764094157,2.083340490540908,1.3572395405714532,0.5180555555555557
340,200,260,0.2541891800482112,1.3739302693476267,-0.18209979812928145,1.3958784285293389,0.2536249007366833,1.505223573781809,-0.18209979812928068,1.392779691917197,0.17501513650651934,1.1223170562633455,-0.1820997981292799,0.96109462121572,0.35833333333333334,0.325,0.029166666666666667,0.020833333333333332,0.3416666666666667,0.425,0.06666666666666667,0.0625,0.38333333333333336,0.4625,0.4625,0.525,0.28854166666666664,10.186037142653204,7.833010594498457,6.980373278718499,3.9602628378911486,3.1465384201632363,2.2892266143684004,0.6555555555555557
390,60,100,0.23487821862541125,1.413306681853219,-0.1268339876096477,1.8518555085430832,0.26213054317114803,1.6169571536985379,-0.12683398760964748,2.066721610755455,0.17449555766248226,1.1210406586255799,-0.17850892390655704,0.9775172794936816,0.10833333333333334,0.43333333333333335,0.2875,0.425,0.5166666666666667,0.7458333333333333,0.85,0.9041666666666667,0.37083333333333335,0.45,0.5,0.5708333333333333,0.5135416666666667,12.117133284933201,2.3064295425350823,6.129809035272027,-1.566318214072171,3.1984963045669446,1.9301391920961142,0.4305555555555556
390,60,130,0.25873886915384614,1.5454480325407423,-0.10804519146576008,2.39472822106888,0.27635678718145895,1.694924315772864,-0.13234885799407414,2.0880934778737017,0.1772476471484763,1.1440480658088734,-0.18522413329502252,0.9569360320134883,0.4041666666666667,0.7125,0.7666666666666667,0.8708333333333333,0.75,0.8625,0.8708333333333333,0.8125,0.48333333333333334,0.5791666666666667,0.45,0.45,0.6677083333333332,9.731068232089712,0.4275499281463202,4.707184634240935,-1.0148311756295048,2.923287355967541,2.6016601309426624,0.276388888888889
390,60,160,0.2668678606369157,1.5800781916403803,-0.10804523384227216,2.4699642098650814,0.2972704906497894,1.7966390503213499,-0.1296516271678858,2.2928404150674795,0.19535876069935965,1.2446930780505334,-0.18349673180272708,1.064644360583954,0.5291666666666667,0.7791666666666667,0.8208333333333333,0.8666666666666667,0.9375,0.9708333333333333,0.9625,0.88125,0.875,0.9,0.7041666666666667,0.4875,0.8095486111111113,8.918169083782757,0.4275541657975279,2.6158142874078916,-1.2845542582483382,1.1121760008792059,2.428919981713118,0.13454861111111094
390,60,200,0.27802084796683757,1.6405732289043957,-0.12062616953284933,2.3048136987482306,0.29733188999447946,1.7969416034183168,-0.1296557664310376,2.293240772693491,0.1903520638215339,1.2160531629999092,-0.1914184152653059,0.9944292118274304,0.6875,0.8541666666666666,0.7166666666666667,0.6125,0.9416666666666667,0.975,0.9666666666666667,0.8708333333333333,0.7791666666666667,0.8208333333333333,0.5375,0.37083333333333335,0.7611111111111111,7.8028703507905695,1.6856477348552446,2.6096743529388844,-1.284140331933159,1.6128456886617792,3.221088327971,0.18298611111111118
390,60,260,0.2886356248952875,1.6848809379116563,-0.11813952377644932,2.443175794761634,0.27833333485499456,1.6887330838193733,-0.1808744469015594,1.5388206550064918,0.1780454644420344,1.149373874059062,-0.19604288552352434,0.9081965099961237,0.8291666666666667,0.9041666666666667,0.8125,0.6791666666666667,0.7875,0.85,0.22083333333333333,0.07916666666666666,0.5041666666666667,0.6,0.3333333333333333,0.325,0.5770833333333333,6.741392657945577,1.4369831592152438,4.509529866887374,3.8377277151190214,2.843505626611731,3.683535353792844,0.367013888888889
390,80,100,0.23784533416629272,1.425958399039852,-0.12683398733290796,1.8752492069969173,0.26796068401194506,1.6425424171135687,-0.12683398733290785,2.1126883231118057,0.18835320890409935,1.201884511036208,-0.16772573086129294,1.1229833844627277,0.125,0.4708333333333333,0.31666666666666665,0.4375,0.6375,0.7708333333333334,0.8833333333333333,0.9125,0.7375,0.7875,0.8083333333333333,0.7583333333333333,0.6371527777777777,11.820421730845055,2.306429514861108,5.546794951192324,-1.566318241746134,1.812731180405236,0.8518198875697047,0.3069444444444446
390,80,130,0.26108308308325445,1.5534090261329119,-0.10800407218042496,2.417344807583784,0.2847723786705947,1.7293237801022876,-0.1323488579940738,2.151679908589358,0.19038220477953471,1.216230822899119,-0.17276267882382823,1.1019868763072012,0.44166666666666665,0.7333333333333333,0.7958333333333333,0.875,0.85,0.9083333333333333,0.8958333333333334,0.8208333333333333,0.7833333333333333,0.825,0.7708333333333334,0.6416666666666667,0.7784722222222222,9.49664683914888,0.4234379996128079,3.865625485327362,-1.014831175629538,1.609831592861699,1.3555146838232335,0.16562500000000002
390,80,160,0.26856860779679326,1.5842654420274052,-0.10827226709318205,2.480493066296061,0.2971932307837153,1.7906550740226912,-0.1296516271678857,2.2922445115083687,0.20143410716928178,1.2817995229587873,-0.17276267882382823,1.1659584612871785,0.5583333333333333,0.7875,0.8333333333333334,0.8583333333333333,0.9333333333333333,0.9625,0.9583333333333334,0.8875,0.9458333333333333,0.9833333333333333,0.8916666666666667,0.6416666666666667,0.8534722222222223,8.748094367795002,0.4502574908885171,2.6235402740153013,-1.2845542582483493,0.504641353886992,1.3555146838232335,0.09062499999999996
390,80,200,0.27654680227113815,1.6313955776802007,-0.12273072728000856,2.253280888983899,0.296813959854737,1.793081982724195,-0.13335337065137454,2.225770210418582,0.1994237512989625,1.2698442700377373,-0.17276267882382823,1.1543219441643495,0.6666666666666666,0.8458333333333333,0.6541666666666667,0.5583333333333333,0.925,0.9666666666666667,0.9166666666666666,0.7916666666666666,0.9125,0.9583333333333334,0.8666666666666667,0.6416666666666667,0.8086805555555556,7.950274920360512,1.8961035095711676,2.6614673669131284,-0.9143799098994654,0.7056769409189201,1.3555146838232335,0.13541666666666663
390,80,260,0.28691558322243704,1.67366086563167,-0.12076585120904304,2.3758006120935002,0.28434436453717193,1.7152530928189642,-0.18087444690155963,1.5720538163797426,0.18525677460079693,1.192181276825158,-0.19773777081791455,0.9368810715044893,0.7958333333333333,0.8958333333333334,0.7375,0.6083333333333333,0.8458333333333333,0.8916666666666667,0.2625,0.07291666666666667,0.6875,0.7583333333333333,0.36666666666666664,0.30833333333333335,0.6026041666666667,6.913396825230622,1.699615902474616,3.908426898669637,3.8377277151190436,2.122374610735478,3.8530238832318653,0.34149305555555554
390,100,100,0.25044403480556876,1.4560860218120468,-0.12683398733032936,1.9745814199888438,0.2551979247828924,1.549610788938569,-0.1268339873303289,2.0120626194479714,0.1812064758611498,1.1497299334984454,-0.16737111025860918,1.0826628059117447,0.2916666666666667,0.5375,0.4083333333333333,0.44166666666666665,0.37083333333333335,0.5416666666666666,0.8166666666666667,0.9166666666666666,0.5791666666666667,0.6041666666666666,0.7375,0.775,0.5850694444444445,10.560551666917451,2.3064295146032476,6.823070874097592,-1.5663182420040278,2.527404484700191,0.8163578273013283,0.3590277777777777
390,100,130,0.2749095094307916,1.5851205352864144,-0.12278127142192907,2.239018265954298,0.2840299621060969,1.702676304004456,-0.13234885799407403,2.146070365932545,0.1889806097009954,1.196947037113439,-0.19963236910366333,0.9466431248073964,0.6375,0.7916666666666666,0.6333333333333333,0.5375,0.8333333333333334,0.8791666666666667,0.8916666666666667,0.8166666666666667,0.7625,0.7666666666666667,0.4125,0.2791666666666667,0.6868055555555554,8.114004204395165,1.9011579237632192,3.9398671417771425,-1.0148311756295159,1.749991100715631,4.042483711806744,0.2572916666666668
390,100,160,0.2821425097776884,1.6142708481951022,-0.12278127139566919,2.297927905213403,0.2992236392295786,1.775756577025931,-0.1296516271678858,2.3079050048644136,0.20053992816120525,1.2632281234331069,-0.18155112431900378,1.1045920476308162,0.75,0.8291666666666667,0.7125,0.5458333333333333,0.9541666666666667,0.9541666666666667,0.9708333333333333,0.88125,0.9375,0.95,0.7791666666666667,0.5291666666666667,0.8161458333333332,7.3907041697054865,1.901157921137231,2.4204994294289683,-1.2845542582483382,0.5940592546946455,2.234359233340788,0.12795138888888902
390,100,200,0.29295119125190205,1.6723952816957908,-0.12278127141403383,2.3859599096676067,0.30096568298212767,1.7865911500798204,-0.12965576643103793,2.321267239141323,0.19904531028515704,1.2525914290469975,-0.17284407423526937,1.1515888592988353,0.85,0.8916666666666667,0.7583333333333333,0.5416666666666666,0.9625,0.9583333333333334,0.975,0.8666666666666667,0.9041666666666667,0.925,0.85,0.6291666666666667,0.8427083333333333,6.309836022284121,1.9011579229736952,2.2462950541740634,-1.2841403319331257,0.7435210422994665,1.3636542249673478,0.10138888888888897
390,100,260,0.3041573060874019,1.715591125087562,-0.12278127149635631,2.4772288345004485,0.27829306189524905,1.6569162430401456,-0.1808744469015593,1.5385979980174298,0.1843101162396803,1.1727784024452488,-0.19848689877348813,0.9285757265521778,0.9125,0.9375,0.8291666666666667,0.5333333333333333,0.7833333333333333,0.8041666666666667,0.21666666666666667,0.08541666666666667,0.6666666666666666,0.6791666666666667,0.35,0.3,0.5914930555555554,5.1892245387341385,1.9011579312059435,4.513557162861925,3.8377277151190103,2.2170404468471405,3.9279366787892234,0.35260416666666683
390,130,100,0.2346604438246429,1.3786732076647539,-0.12683398738644525,1.8501385051442534,0.2570674702913567,1.5515602795282712,-0.12683398738644502,2.0268027173829113,0.17284234664429454,1.1063425829270386,-0.19616314823677683,0.8811152767372333,0.10416666666666667,0.3458333333333333,0.2833333333333333,0.42916666666666664,0.4041666666666667,0.5541666666666667,0.825,0.9083333333333333,0.3375,0.37083333333333335,0.2875,0.32083333333333336,0.43090277777777786,12.138910765010035,2.3064295202148366,6.636116323251162,-1.5663182363924166,3.3638174063857162,3.6955616251180934,0.5131944444444444
390,130,130,0.2596969642247742,1.5112174763521349,-0.1164595528305723,2.229932692619785,0.27726932267887805,1.6609659487475652,-0.1323488579940737,2.094988403234228,0.18239906920005544,1.1645846332054852,-0.22383258671990358,0.8148905924422138,0.4125,0.6583333333333333,0.6291666666666667,0.7166666666666667,0.7666666666666667,0.8125,0.875,0.825,0.6208333333333333,0.6583333333333333,0.16666666666666666,0.07083333333333333,0.6010416666666668,9.635258724996909,1.268986064627542,4.615931084499025,-1.0148311756295492,2.4081451508096263,6.4625054734307685,0.34305555555555545
390,130,160,0.26459320929373,1.5280421877079768,-0.11645955283057219,2.2719751438395592,0.29360608263010124,1.7399410027301832,-0.12965162716788592,2.264576920811882,0.19792105285377048,1.2511153247668392,-0.20997188511193998,0.9426074007396515,0.5,0.6916666666666667,0.6666666666666666,0.7208333333333333,0.9,0.9208333333333333,0.9375,0.875,0.9,0.9208333333333333,0.37916666666666665,0.175,0.7156250000000001,9.145634218101328,1.2689860646275308,2.9822550893767064,-1.2845542582483271,0.855946785438122,5.076435312634409,0.2284722222222222
390,130,200,0.2719620018923543,1.5746105256527405,-0.13035253307264993,2.0863576294354065,0.2946087078161659,1.7499576276022508,-0.1303525330726496,2.2600919281865517,0.1990904972865406,1.2595680751794722,-0.20677468945821464,0.9628378492947665,0.5958333333333333,0.7666666666666667,0.5041666666666667,0.375,0.9166666666666666,0.9291666666666667,0.9333333333333333,0.8583333333333333,0.9083333333333333,0.9375,0.4666666666666667,0.20416666666666666,0.6996527777777778,8.408754958238895,2.6582840888353054,2.881992570770242,-1.214463667771959,0.7390023421611103,4.756715747261875,0.24444444444444446
390,130,260,0.2800687064249876,1.6025787725082352,-0.13463081785884579,2.0802718937548663,0.26679703600780647,1.592254975831479,-0.1808744469015593,1.4750399549418411,0.1751249423329626,1.1248157355129755,-0.2180693265014485,0.8030700380587426,0.7166666666666667,0.8166666666666667,0.5,0.32916666666666666,0.6041666666666666,0.6916666666666667,0.12916666666666668,0.08541666666666667,0.3875,0.48333333333333334,0.15416666666666667,0.1125,0.41753472222222227,7.598084504975566,3.0861125674548906,5.663159751606184,3.8377277151190103,3.1355578375189097,5.88617945158526,0.5265625
390,160,100,0.2518348116414193,1.4739120765734568,-0.1268339873377522,1.9855467523132937,0.2563605256234929,1.569562492623164,-0.1487614101614495,1.723299915920849,0.18023281597607133,1.1631002996594395,-0.16590508883353783,1.0863609865331456,0.3125,0.5666666666666667,0.42083333333333334,0.43333333333333335,0.3875,0.6375,0.5,0.5333333333333333,0.5583333333333333,0.6541666666666667,0.7416666666666667,0.8125,0.5465277777777778,10.421473983332397,2.3064295153455316,6.706810790037543,0.6264240411080313,2.624770473208038,0.6697556847941932,0.3975694444444444
390,160,130,0.2799413417701615,1.6214553250334052,-0.11639945709077582,2.40500556245589,0.27700886612493436,1.680792933729257,-0.1621050801701316,1.7088228563485464,0.19452040516228575,1.2462926540631667,-0.1986646725163409,0.9791393844634643,0.7083333333333334,0.8416666666666667,0.775,0.7291666666666666,0.7625,0.8333333333333334,0.48333333333333334,0.3416666666666667,0.85,0.9083333333333333,0.5041666666666667,0.2916666666666667,0.6690972222222221,7.610820970458176,1.2629764906478935,4.641976739893394,1.9607910419762398,1.1960115545865957,3.9457140530745005,0.27500000000000013
390,160,160,0.289407062094317,1.662708262687543,-0.11639945709078436,2.4863265630921063,0.2944226326310988,1.768200073920021,-0.1412287206825218,2.0847220820823877,0.20255465958400065,1.2939797983575088,-0.18279338771382525,1.1081071482799636,0.8333333333333334,0.8875,0.8375,0.725,0.9125,0.9375,0.8625,0.6541666666666667,0.9625,0.9958333333333333,0.7916666666666666,0.5083333333333333,0.8256944444444443,6.664248938042627,1.2629764906487484,2.90060008927695,-0.12684490678473992,0.3925861124151053,2.3585855728229355,0.11840277777777797
390,160,200,0.2958245636528425,1.7067443069363701,-0.12883994004319232,2.2960625684370095,0.2942850565397055,1.7708502605371572,-0.16399241293581857,1.794504094862482,0.19976654842637553,1.2800590930862494,-0.17951452101678145,1.1128155387925465,0.8791666666666667,0.9291666666666667,0.7083333333333334,0.3958333333333333,0.9083333333333333,0.9458333333333333,0.6083333333333333,0.31666666666666665,0.925,0.9791666666666666,0.8041666666666667,0.5541666666666667,0.7461805555555556,6.022498782190078,2.5070247858895445,2.914357698416281,2.1495243185449375,0.671397228177617,2.030698903118555,0.19791666666666663
390,160,260,0.30115454335587444,1.7154078817201819,-0.1339244428097458,2.248689910800653,0.27494435063963496,1.6536689605904131,-0.18087444690155963,1.520083988366099,0.19209739617464572,1.2324372555130485,-0.18087444690155952,1.062048285235085,0.9041666666666667,0.9333333333333333,0.6458333333333334,0.3458333333333333,0.7166666666666667,0.7916666666666666,0.17916666666666667,0.07291666666666667,0.825,0.8666666666666667,0.7,0.5416666666666666,0.6269097222222223,5.489500811886883,3.0154750625448923,4.848428288423334,3.8377277151190436,1.4383124533505987,2.166691491596362,0.31718749999999996
390,200,100,0.22874086894410617,1.384354486704069,-0.1549397318860002,1.4763215745875082,0.2392198388104929,1.497036541131178,-0.16584298712692402,1.4424477209121398,0.1744014254665207,1.1407719976397428,-0.1843294047016676,0.946140013573987,0.07916666666666666,0.375,0.05,0.1375,0.1375,0.4,0.1125,0.275,0.36666666666666664,0.5625,0.4083333333333333,0.4625,0.28055555555555556,12.73086825306371,5.11700397017033,8.420879471337539,2.3345817376554834,3.2079095241630995,2.512187271607169,0.6635416666666667
390,200,130,0.25250934248193313,1.5136480776902244,-0.14873639260191218,1.6976971006535413,0.2587420037051382,1.5964329725663209,-0.18329375123068314,1.4116247933597048,0.1815769143196415,1.183249551952884,-0.18329375123068348,0.9906334127622209,0.32916666666666666,0.6625,0.19166666666666668,0.20416666666666666,0.45,0.6958333333333333,0.08333333333333333,0.05416666666666667,0.6,0.7333333333333333,0.5333333333333333,0.5,0.4197916666666666,10.354020899281014,4.49667004176153,6.468662981873008,4.079658148031395,2.490360638851019,2.408621924508758,0.5243055555555556
390,200,160,0.2578255227155133,1.539342180649882,-0.1526240398375751,1.6892851413833314,0.27931948534582607,1.7005493728828796,-0.1526240398375759,1.8301146113225728,0.19084710848801212,1.2364530493967294,-0.1565653984607538,1.2189609604950593,0.38333333333333336,0.7083333333333334,0.18333333333333332,0.1625,0.7958333333333333,0.8666666666666667,0.6625,0.4666666666666667,0.8,0.8833333333333333,0.9291666666666667,0.9333333333333333,0.6479166666666667,9.822402875922997,4.8854347653278225,4.4109148178042235,1.0126870087206696,1.5633412220139586,-0.2642133524842105,0.29618055555555556
390,200,200,0.2699203501791967,1.6109055480393992,-0.16937849717427145,1.5935927799706415,0.28545646970997596,1.730957708751755,-0.16937849717427278,1.6853170530629462,0.19525085859716107,1.2606776716321155,-0.1693784971742721,1.1527487954759046,0.5833333333333334,0.825,0.1125,0.05,0.8541666666666666,0.9125,0.43333333333333335,0.175,0.8708333333333333,0.9416666666666667,0.8583333333333333,0.7041666666666667,0.6100694444444444,8.612920129554658,6.560880498997457,3.7972163813892346,2.688132742390359,1.1229662110990635,1.0170965188676218,0.3340277777777778
390,200,260,0.27460354763240247,1.6195058582156994,-0.18684944057988162,1.469651430478885,0.26441619120422777,1.6117140994776342,-0.18684944057988107,1.41512969149718,0.17644048301925586,1.1524900151662034,-0.18684944057988118,0.9442922733494868,0.6291666666666667,0.8375,0.041666666666666664,0.0125,0.5541666666666667,0.7333333333333333,0.09166666666666666,0.025,0.4583333333333333,0.6166666666666667,0.39166666666666666,0.4166666666666667,0.40069444444444446,8.14460038423408,8.307974839558474,5.9012442319640535,4.4352270829511875,3.004003768889585,2.764190859428528,0.5434027777777778
